"V1","V2","V3","V4","V5","V6","V7","V8","V9","V10","V11","V12","V13","V14","V15","V16","V17","V18","V19","V20","V21","V22","V23","V24"
1,0.5,0.2,0.5,0.4,-0.2,0.969698413853373,0.573155786140728,0.13827338937419,0.438261431144682,0.386180622957314,-0.0924632150353156,NA,NA,NA,NA,NA,NA,0.0690856043281806,0.0626056301534854,0.0539528760280687,0.123774223825025,0.0535604462347955,0.222792786706022
1,0.5,0.2,0.5,0.4,-0.2,1.03498933259514,0.47521554297299,0.205246856018233,0.484364068740564,0.397140810005729,-0.203071054082676,NA,NA,NA,NA,NA,NA,0.0706941987815232,0.0615611517765293,0.0564511529532633,0.129303772188606,0.054340480264027,0.226608536490867
1,0.5,0.2,0.5,0.4,-0.2,1.03486347726044,0.490647689644088,0.227945840847126,0.4452694967539,0.367240127668494,-0.161362305127968,NA,NA,NA,NA,NA,NA,0.0707011886736087,0.0625152611556092,0.0554061348696969,0.130381532134496,0.0557337458497777,0.228482449593265
1,0.5,0.2,0.5,0.4,-0.2,0.960506811414596,0.518097883543399,0.182940333947334,0.509910456560294,0.412282658602882,-0.150996028108126,NA,NA,NA,NA,NA,NA,0.0658351915123135,0.0559481033657215,0.0510342270697933,0.114487704402048,0.0542430680151585,0.205578469200431
1,0.5,0.2,0.5,0.4,-0.2,1.01632443526223,0.463534569411666,0.166578090337498,0.482902512784756,0.343013322405321,0.0721299998054908,NA,NA,NA,NA,NA,NA,0.0626744679438942,0.0582591886755667,0.0538130597280918,0.118902408568459,0.0481760288179108,0.233420937411649
1,0.5,0.2,0.5,0.4,-0.2,0.993733512635783,0.60690547919162,0.0918764287738486,0.529136341990517,0.321199143015769,-0.414306781817891,NA,NA,NA,NA,NA,NA,0.0705630529883685,0.0644805136265747,0.0600491900064156,0.143170544758637,0.0529252310599727,0.226000610041997
1,0.5,0.2,0.5,0.4,-0.2,0.824842853172837,0.601256717857197,0.25091932058134,0.500485498659942,0.448639503643599,-0.0435435746093401,NA,NA,NA,NA,NA,NA,0.0632462025438773,0.0588995148726489,0.046220648940037,0.108960202968521,0.0476254379821115,0.20785634492567
1,0.5,0.2,0.5,0.4,-0.2,1.02277671200153,0.518252559493068,0.156013357329431,0.269886936841064,0.418085028176958,0.162410585467644,NA,NA,NA,NA,NA,NA,0.0769042803368955,0.0723008320167676,0.055304782417223,0.118958054025214,0.0521420528561369,0.24970567527685
1,0.5,0.2,0.5,0.4,-0.2,1.05298614251107,0.512973750828552,0.23518284447585,0.569240383089558,0.407525087025846,-0.235951560576797,NA,NA,NA,NA,NA,NA,0.0655835566132038,0.0645691837026751,0.0526995403646387,0.128564526141705,0.0539618299079194,0.211936210660158
1,0.5,0.2,0.5,0.4,-0.2,1.10381844407293,0.384922090423213,0.240564865531507,0.897427325233577,0.346316592235458,-0.871871617974801,NA,NA,NA,NA,NA,NA,0.0653966800306662,0.0582429086531009,0.0498573460157459,0.176713235543534,0.0573216670228653,0.231870504646128
1,0.5,0.2,0.5,0.4,-0.2,0.925575865790785,0.51762004343101,0.19131450931896,0.623289721184618,0.377707945992277,-0.414992873694986,NA,NA,NA,NA,NA,NA,0.065867651633611,0.0591133856753187,0.0517808850018145,0.135222130979383,0.0514720341210894,0.2180761539361
1,0.5,0.2,0.5,0.4,-0.2,1.00271406550189,0.465029968153678,0.240350623365819,0.365933002458703,0.398495961498516,0.0503581306050076,NA,NA,NA,NA,NA,NA,0.0704892939412194,0.0652344249120173,0.0579290565460851,0.13100946118107,0.0548597902942547,0.256631597948857
1,0.5,0.2,0.5,0.4,-0.2,0.995243955610929,0.516450597729669,0.197141208508083,0.461470960905353,0.39725381461101,-0.038729426063711,NA,NA,NA,NA,NA,NA,0.0670864154398393,0.0592631880134701,0.0507543370891005,0.14283257420991,0.0509916878369143,0.270209143171593
1,0.5,0.2,0.5,0.4,-0.2,1.00258105135796,0.51040557822377,0.216374442592447,0.502045717327432,0.447889225728141,-0.149066875257713,NA,NA,NA,NA,NA,NA,0.0675781785049015,0.0588713611029699,0.0477081090846403,0.124704244458743,0.0500859628178509,0.226732680472613
1,0.5,0.2,0.5,0.4,-0.2,1.05390381458383,0.526187562825234,0.226861627782208,0.714368061409368,0.457892018252032,-0.427203088266923,NA,NA,NA,NA,NA,NA,0.0626779940420197,0.0537626699417568,0.0476097057560065,0.160867939516503,0.0527607264691092,0.253804112453096
1,0.5,0.2,0.5,0.4,-0.2,0.944785692519645,0.484064808965555,0.149775126026014,0.411564859147467,0.359411575085162,-0.0110884577724879,NA,NA,NA,NA,NA,NA,0.0681049736994413,0.0632447356736162,0.0560744245946066,0.122588229921988,0.0506290777833141,0.237154238643303
1,0.5,0.2,0.5,0.4,-0.2,1.19544945264519,0.348868225786774,0.245295277788416,0.439875549467831,0.387380177804404,-0.177531471431373,NA,NA,NA,NA,NA,NA,0.0756060230611008,0.0674812824889787,0.0556645160562642,0.142255655625378,0.0558524318600527,0.236825456991442
1,0.5,0.2,0.5,0.4,-0.2,0.953797820273992,0.537241687346519,0.262085563225998,0.341526763387802,0.3900725215496,0.169795622463623,NA,NA,NA,NA,NA,NA,0.0686039071222964,0.0705683161031949,0.0537101057420153,0.116383554176536,0.0530506165099265,0.248916907986226
1,0.5,0.2,0.5,0.4,-0.2,1.02279078423088,0.52248685651081,0.0973327861960005,0.459097356300163,0.401121528652785,-0.120384438941475,NA,NA,NA,NA,NA,NA,0.0676752744647004,0.0615490272896566,0.0508676673477604,0.123761397463494,0.0526789367179137,0.223601011804301
1,0.5,0.2,0.5,0.4,-0.2,0.845343456602471,0.609907309412121,0.202438854515637,0.531674881239608,0.42127101954754,-0.202128543677138,NA,NA,NA,NA,NA,NA,0.0635097107388117,0.0609991577382846,0.0479881924887408,0.119038211505601,0.0499966839957009,0.207984544306342
1,0.5,0.2,0.5,0.4,-0.2,0.951575629531195,0.550448566322087,0.267852861149389,0.358800547305101,0.386693884329943,-0.0303554492637912,NA,NA,NA,NA,NA,NA,0.0717701781499388,0.0666905844557964,0.054002713313596,0.118676117181481,0.0535075331069436,0.219179974802127
1,0.5,0.2,0.5,0.4,-0.2,0.949691284444828,0.507794785254405,0.100071468010833,0.58878343185498,0.332226688284815,-0.0835063724354331,NA,NA,NA,NA,NA,NA,0.0579764174015711,0.0550978846169278,0.0491620513265274,0.125071615310646,0.0526514530874344,0.228313539034946
1,0.5,0.2,0.5,0.4,-0.2,1.03692659627888,0.459499090948107,0.215024941136311,0.378951636299842,0.344318496117189,0.18763009028245,NA,NA,NA,NA,NA,NA,0.0684428645232783,0.0645222040127942,0.0545055611666012,0.13025491290119,0.0526040703606423,0.270390455016755
1,0.5,0.2,0.5,0.4,-0.2,0.907759172489289,0.609573209992354,0.198775526941889,0.379959389987919,0.352507425014199,0.111514078918323,NA,NA,NA,NA,NA,NA,0.0671538177326374,0.0624288039581349,0.0536603409976847,0.122306199786318,0.0540412040271276,0.248357958807128
1,0.5,0.2,0.5,0.4,-0.2,1.20252703794645,0.310491499205438,0.189733577147601,0.908270159181421,0.454654808124606,-0.680294912242392,NA,NA,NA,NA,NA,NA,0.061995323915118,0.0532813885927187,0.0418897363345723,0.181178027225468,0.0610346675005807,0.252548086503648
1,0.5,0.2,0.5,0.4,-0.2,0.922306558255815,0.537930574943273,0.217224040667935,0.523746054941938,0.445557315011572,-0.145309899681894,NA,NA,NA,NA,NA,NA,0.0643839406893745,0.0575725191630987,0.0481660802748144,0.119046542331113,0.0526460339927846,0.211523853913888
1,0.5,0.2,0.5,0.4,-0.2,1.07369173613001,0.378430563987412,0.197843160786763,0.433626427206293,0.490243356042871,-0.178734870181358,NA,NA,NA,NA,NA,NA,0.0773149368096161,0.0711704654044085,0.0548571600812225,0.153140057105168,0.0535854281174546,0.265312051276764
1,0.5,0.2,0.5,0.4,-0.2,1.07840216036657,0.428524614582893,0.101003543841784,0.586285645021835,0.41087916160381,-0.304639403378849,NA,NA,NA,NA,NA,NA,0.0687151939276771,0.0623805276906334,0.0525893721511357,0.147821107422613,0.0528143646572501,0.242619439771546
1,0.5,0.2,0.5,0.4,-0.2,1.00278630889723,0.567488236729912,0.243902337009235,0.578688095019195,0.334807826373291,-0.345803542167055,NA,NA,NA,NA,NA,NA,0.0653857207993375,0.0587525063664067,0.0555712374291399,0.142631674752972,0.0539035827343568,0.233642778495248
1,0.5,0.2,0.5,0.4,-0.2,0.930545897164882,0.533888568250808,0.208260255177371,0.586425508292131,0.389809755594839,-0.23208483346303,NA,NA,NA,NA,NA,NA,0.0629079285525575,0.0590227889765871,0.0479073793125863,0.12314295441131,0.0511734143009938,0.212274575367272
1,0.5,0.2,0.5,0.4,-0.2,0.931291341837252,0.682961529771878,0.182182008442384,0.560566312529134,0.333260896174653,-0.430269914762001,NA,NA,NA,NA,NA,NA,0.0673963846749044,0.0625209607384007,0.0594101156869224,0.133796930578501,0.0525583917819585,0.207834941071312
1,0.5,0.2,0.5,0.4,-0.2,0.996955512669544,0.501996819603155,0.248611087515276,0.388642762835577,0.294032395478848,-0.0547721905546869,NA,NA,NA,NA,NA,NA,0.0685226149428899,0.0674666335290253,0.0591835633277176,0.126148141269746,0.0527592547038689,0.230363081798899
1,0.5,0.2,0.5,0.4,-0.2,1.03909314059505,0.476584282861074,0.130406590304759,0.346270871894976,0.506942246697292,0.00793384172432432,NA,NA,NA,NA,NA,NA,0.0778241207454218,0.0665086300775552,0.0554659953665105,0.126570217246624,0.0517236892138843,0.237623586644012
1,0.5,0.2,0.5,0.4,-0.2,1.04941941316136,0.525431751494288,0.197716616781347,0.440606082454293,0.377185044191463,-0.242643747289868,NA,NA,NA,NA,NA,NA,0.0725767407625544,0.0687808368415374,0.055650829643837,0.140845798913936,0.0562508063898221,0.235880317588143
1,0.5,0.2,0.5,0.4,-0.2,1.03892630027755,0.477403446855642,0.249768314167817,0.400663970045651,0.419610218850958,0.0455874054270023,NA,NA,NA,NA,NA,NA,0.0718815994410077,0.0619931928636743,0.0550848552728927,0.127113193286377,0.0530326475519854,0.243855324038309
1,0.5,0.2,0.5,0.4,-0.2,1.01717743735113,0.458436985841584,0.303928081385909,0.628531775685924,0.447479273589475,-0.399568759278645,NA,NA,NA,NA,NA,NA,0.06662763195638,0.060021707118473,0.0467933538924691,0.139996581080349,0.0512785633220337,0.222367615817716
1,0.5,0.2,0.5,0.4,-0.2,1.09482341086129,0.394550934919638,0.205979223229809,0.53620306612022,0.487478090122938,-0.280458548794379,NA,NA,NA,NA,NA,NA,0.0721675921996345,0.0601444300853536,0.0456390865464594,0.136105242894315,0.055217000206577,0.220823951850738
1,0.5,0.2,0.5,0.4,-0.2,1.09270697714097,0.427929446954943,0.149491363418204,0.474784323255528,0.385926651881473,-0.0999197951182097,NA,NA,NA,NA,NA,NA,0.0699604226509879,0.0634960213708175,0.0552146777413626,0.132678531195659,0.0534595544110063,0.235314542174067
1,0.5,0.2,0.5,0.4,-0.2,0.860510618009741,0.536729518494742,0.168960255862676,0.368859354327665,0.369426061899198,-0.00509636441760769,NA,NA,NA,NA,NA,NA,0.0704555900150092,0.0706430986828543,0.0588401061788392,0.125029912586584,0.0521443586411631,0.238397086893451
1,0.5,0.2,0.5,0.4,-0.2,1.01018419123239,0.476617920872247,0.170660335982651,0.523342623541568,0.378550104641568,-0.235034066758363,NA,NA,NA,NA,NA,NA,0.0678252486488769,0.0648258783064898,0.0561243047784424,0.150852335048827,0.055006783212085,0.251245701969894
1,0.5,0.2,0.5,0.4,-0.2,0.904304866500475,0.600923118853646,0.206283184029013,0.338337071206189,0.334151598869061,0.0895387413972413,NA,NA,NA,NA,NA,NA,0.0684804737153894,0.0647356920634898,0.0578740957503842,0.123446833685546,0.0519498024728402,0.251752649069512
1,0.5,0.2,0.5,0.4,-0.2,0.956530574111587,0.572790819142308,0.28141067090642,0.486764787268781,0.353327843655251,-0.247360960978751,NA,NA,NA,NA,NA,NA,0.0686653699953926,0.0666282945367286,0.055529190778022,0.137821952581092,0.0563852616330345,0.226819437281194
1,0.5,0.2,0.5,0.4,-0.2,1.1464598637642,0.427509367567804,0.188921442283231,0.329111261506074,0.508681307968258,0.211864191501849,NA,NA,NA,NA,NA,NA,0.075298987080496,0.0641385235816922,0.0475750355253614,0.125229078329925,0.0524878825158042,0.273346706643258
1,0.5,0.2,0.5,0.4,-0.2,0.920972999182214,0.50013959752599,0.213469386907218,0.458578252913854,0.435133562758869,-0.0598354424801941,NA,NA,NA,NA,NA,NA,0.068960746792645,0.0604114835152084,0.0490249097793391,0.109864507449035,0.0517061030726132,0.199337096995635
1,0.5,0.2,0.5,0.4,-0.2,0.993185595054434,0.489200357163263,0.271412210401477,0.742634973354954,0.414435805709272,-0.383144904647805,NA,NA,NA,NA,NA,NA,0.0594460908782537,0.0532425619134516,0.0442442029689902,0.137286067713437,0.0538752792218769,0.222791332617183
1,0.5,0.2,0.5,0.4,-0.2,1.02705587971271,0.448543526783493,0.178401348789962,0.376866060586263,0.445729475517378,0.122281663114668,NA,NA,NA,NA,NA,NA,0.0703834752936722,0.0662559684114463,0.0510401965251089,0.127497161205696,0.049974395283537,0.26255168034183
1,0.5,0.2,0.5,0.4,-0.2,0.907349526852146,0.533436090310548,0.164330478388491,0.439401323570849,0.415407265790557,-0.220540640638183,NA,NA,NA,NA,NA,NA,0.0714231482413445,0.0653744746880912,0.0558511176637758,0.13804963436848,0.0554287292597941,0.230553597907664
1,0.5,0.2,0.5,0.4,-0.2,0.920874789592492,0.543774800343868,0.187318623302918,0.494013007864181,0.483764900890396,0.0391956287054565,NA,NA,NA,NA,NA,NA,0.0653477245378087,0.0570564651069129,0.0474749643419098,0.130092483247954,0.0536876278391608,0.256709538324753
1,0.5,0.2,0.5,0.4,-0.2,0.957796070091471,0.531704213908307,0.169867410041195,0.620411586906804,0.389931421520229,-0.363245019723841,NA,NA,NA,NA,NA,NA,0.0631620832045775,0.0567998732050732,0.0500552442177723,0.130709254616753,0.0510430711349416,0.209907207984625
1,0.5,0.2,0.5,0.4,-0.2,0.958203826956597,0.534822027997592,0.192720725700174,0.413231077882951,0.340276711642225,0.0422002444168298,NA,NA,NA,NA,NA,NA,0.0651568542882547,0.0603771736182589,0.0526242379225798,0.119789670120525,0.0503174928354273,0.236134614761151
1,0.5,0.2,0.5,0.4,-0.2,1.01251575986306,0.503894640419657,0.20562700455893,0.444056257365176,0.424789928360414,0.0114387321882729,NA,NA,NA,NA,NA,NA,0.0672193900443905,0.0591005791092958,0.0493853275508888,0.120863749467678,0.0511047499307479,0.22938681431444
1,0.5,0.2,0.5,0.4,-0.2,1.02039868239269,0.508422452726803,0.21394637924059,0.453115884530839,0.404058397652345,-0.214898568833171,NA,NA,NA,NA,NA,NA,0.0721831156714359,0.0643238028905069,0.0582329926990994,0.155529094951405,0.0575599042139672,0.261734823384595
1,0.5,0.2,0.5,0.4,-0.2,1.12111881722768,0.518750951899131,0.113308016869087,0.434075959951975,0.435756591758547,-0.154414688496198,NA,NA,NA,NA,NA,NA,0.0748856896602937,0.0704920491940273,0.0564971334665494,0.137050304056098,0.0562401792495638,0.234443117909814
1,0.5,0.2,0.5,0.4,-0.2,0.940502235938255,0.574187215387915,0.282933093870275,0.455281323190808,0.362947610829803,-0.114950191541494,NA,NA,NA,NA,NA,NA,0.068641422365072,0.0633537060688918,0.0559631333370241,0.13580675952076,0.053286520630182,0.240698848156218
1,0.5,0.2,0.5,0.4,-0.2,0.99848251892957,0.604244960894706,0.236394940367198,0.886515625792033,0.393828521409413,-0.681595321261509,NA,NA,NA,NA,NA,NA,0.0578778264101447,0.0513529702356538,0.0465033882660303,0.147031270213198,0.052040703864437,0.213858415612932
1,0.5,0.2,0.5,0.4,-0.2,0.916962089030478,0.44009440848675,0.180984212407095,0.445818760880038,0.430546164598469,0.0143101603546222,NA,NA,NA,NA,NA,NA,0.0670904172886365,0.0600041363012352,0.0476579069607335,0.115573736752858,0.049714637603203,0.229763083534068
1,0.5,0.2,0.5,0.4,-0.2,0.904115618420465,0.591196565626909,0.15563111657459,0.344394163411111,0.399192781963865,-0.0270510661653794,NA,NA,NA,NA,NA,NA,0.0717640018604701,0.0675446518679108,0.0578645642405944,0.126487100156071,0.0494268955834331,0.240906775341749
1,0.5,0.2,0.5,0.4,-0.2,1.09989000245002,0.403335206608434,0.258972637457201,0.695919218637875,0.57424953536306,-0.500032288739377,NA,NA,NA,NA,NA,NA,0.072235569906686,0.0594578247606934,0.0471003593215332,0.189872216338778,0.0561811417532869,0.284898447268532
1,0.5,0.2,0.5,0.4,-0.2,1.06716199593952,0.4480001254164,0.172405827948155,0.501638987388441,0.375514826029836,-0.122352760891249,NA,NA,NA,NA,NA,NA,0.0650366213387333,0.058889385700579,0.0549451319722576,0.123430886198137,0.0531928956579656,0.218682186841813
1,0.5,0.2,0.5,0.4,-0.2,0.935109599347087,0.529390871379327,0.242580588725104,0.515007270609119,0.384024239808567,-0.155517352165971,NA,NA,NA,NA,NA,NA,0.0654918238112171,0.0606218401646155,0.0479423418976282,0.123417959464455,0.0508465989178885,0.221362513405829
1,0.5,0.2,0.5,0.4,-0.2,1.07045169538355,0.483934340442554,0.285884428747367,0.636191760555951,0.356705992358568,-0.425426537164578,NA,NA,NA,NA,NA,NA,0.0665095478969461,0.0594705926773727,0.0550915179385415,0.147952798032194,0.053744839296861,0.22966674970561
1,0.5,0.2,0.5,0.4,-0.2,0.947315004361273,0.525629450106871,0.204210758672458,0.563746145694124,0.479324229206097,-0.432166431248097,NA,NA,NA,NA,NA,NA,0.0724109780297196,0.0647405415207044,0.0522443286481997,0.16056475326366,0.0540010671931432,0.252991376489555
1,0.5,0.2,0.5,0.4,-0.2,0.956096071081268,0.543449146523545,0.204270520479948,0.50490783637524,0.465841676781111,-0.232160887823536,NA,NA,NA,NA,NA,NA,0.0721776459688312,0.0653365017666873,0.056338408201077,0.141704255820922,0.05372344334485,0.242618122630985
1,0.5,0.2,0.5,0.4,-0.2,1.06393162318626,0.477319565381153,0.159651187738237,0.551613415075399,0.404424751325657,-0.177442501271122,NA,NA,NA,NA,NA,NA,0.0667436613943056,0.0624950735820192,0.0511249415883288,0.144453011982368,0.0538773415380664,0.248835987429069
1,0.5,0.2,0.5,0.4,-0.2,1.02053970276107,0.487089212685607,0.162407195390197,0.580686521565634,0.440092426736533,-0.355209631070012,NA,NA,NA,NA,NA,NA,0.0692939520495178,0.0657685309389567,0.0502022171628717,0.156226413921403,0.0547283082668177,0.247108302577158
1,0.5,0.2,0.5,0.4,-0.2,1.03421286251377,0.529848394549624,0.237315304209502,0.588193274474255,0.300851458994438,-0.265781240323358,NA,NA,NA,NA,NA,NA,0.0619238455864759,0.0579302621160647,0.0540675761742231,0.134308272378558,0.0497579671157774,0.228900702687326
1,0.5,0.2,0.5,0.4,-0.2,0.95156165509533,0.47999755540271,0.247117481398766,0.470136803175996,0.490374944751413,-0.0205255754256218,NA,NA,NA,NA,NA,NA,0.067596703138258,0.063134164674246,0.0460642391133099,0.133328862483411,0.0525455507115941,0.253794192556574
1,0.5,0.2,0.5,0.4,-0.2,0.98722826914643,0.524617350875491,0.120484806562877,0.551863121979589,0.404172636144863,-0.353157640956599,NA,NA,NA,NA,NA,NA,0.0684367142163254,0.0623213665605541,0.0527223074293843,0.134759053967548,0.0551252295148153,0.218239710841923
1,0.5,0.2,0.5,0.4,-0.2,0.876161145967111,0.609476479762283,0.0767696782381586,0.465743047336998,0.390995456998825,0.0151491723290584,NA,NA,NA,NA,NA,NA,0.0640206061647012,0.0590754830051507,0.0486388330699704,0.11730808611998,0.0492908725723689,0.23559010109208
1,0.5,0.2,0.5,0.4,-0.2,0.919968960221289,0.545666768679879,0.182729952358921,0.56359738164844,0.4187395639656,-0.255741317358712,NA,NA,NA,NA,NA,NA,0.0649998228053629,0.0612509464049926,0.0484293988505707,0.139499533234951,0.0510166330076496,0.237882517224927
1,0.5,0.2,0.5,0.4,-0.2,0.989316231444077,0.559073175655424,0.27046989039734,0.450288621362155,0.393973350230003,-0.251994938110148,NA,NA,NA,NA,NA,NA,0.072137693278463,0.065275839970558,0.057264084557762,0.128727053304431,0.0519376987753471,0.218020411528256
1,0.5,0.2,0.5,0.4,-0.2,0.97652452553446,0.542477646366613,0.157220525972632,0.311037475274897,0.337723127098387,0.215697116572919,NA,NA,NA,NA,NA,NA,0.0682515168216677,0.065478923107721,0.0569479893887153,0.117333984242661,0.0526421113254168,0.254079998237865
1,0.5,0.2,0.5,0.4,-0.2,0.997161693516981,0.527080139484164,0.184192699463798,0.589575111301068,0.316227214597003,-0.300515833795712,NA,NA,NA,NA,NA,NA,0.062759921330753,0.0589159180808078,0.0546990193255024,0.127802075808963,0.0509331454505919,0.213988636510979
1,0.5,0.2,0.5,0.4,-0.2,1.04396116738475,0.475153279761666,0.205278427985459,0.52243275927545,0.437606345292129,-0.177612051860841,NA,NA,NA,NA,NA,NA,0.0679486329246477,0.0620106660358381,0.0496435624584437,0.127014968298202,0.0504331531125412,0.225651075484987
1,0.5,0.2,0.5,0.4,-0.2,1.04929148945688,0.463741571371781,0.24544851991841,0.552123834270063,0.439220685679592,-0.138856186038597,NA,NA,NA,NA,NA,NA,0.0647804596264763,0.0557284720632026,0.0456724542418031,0.1585629883453,0.0548372363907084,0.281524541979723
1,0.5,0.2,0.5,0.4,-0.2,0.948369850802181,0.589151946469909,0.221246128025384,0.406775480477009,0.355862801367532,-0.0237988812605276,NA,NA,NA,NA,NA,NA,0.067055432118286,0.0622041048328708,0.0551544588419616,0.119212661581975,0.0526887475548259,0.222179859594428
1,0.5,0.2,0.5,0.4,-0.2,0.969799731566365,0.520141104133255,0.180804344823509,0.492972470328116,0.405273670681147,0.0162982576997095,NA,NA,NA,NA,NA,NA,0.0634616132567548,0.0540712281932864,0.0489911722438337,0.137972782552989,0.0525852645009562,0.262102044579802
1,0.5,0.2,0.5,0.4,-0.2,1.09138164895694,0.458549442179119,0.198562886723765,0.388972360138061,0.357975535677903,0.00952827489427893,NA,NA,NA,NA,NA,NA,0.0707989932318946,0.069418665592173,0.0575566115952462,0.145823800641218,0.0561831934216205,0.272384320610634
1,0.5,0.2,0.5,0.4,-0.2,1.10023425790434,0.558087620501776,0.163726879173735,0.566516463512591,0.329165854634999,-0.360456101473701,NA,NA,NA,NA,NA,NA,0.0664354718639229,0.0636344631985847,0.0591810946024051,0.14530344710539,0.0528430147972956,0.230815485160974
1,0.5,0.2,0.5,0.4,-0.2,0.902248423847203,0.568528725371139,0.214156511413433,0.561479453068541,0.332101126323829,-0.297428329301639,NA,NA,NA,NA,NA,NA,0.0630809259517877,0.0592770360263291,0.0524075439241565,0.124812549956966,0.0521021237345663,0.203804982854068
1,0.5,0.2,0.5,0.4,-0.2,1.05943748996092,0.402376598086238,0.232970218959412,0.584368666420058,0.424118028304825,-0.345868591771033,NA,NA,NA,NA,NA,NA,0.0685955934669828,0.0631279129805189,0.0480014939263509,0.14521180068765,0.0537714104334368,0.23901176861412
1,0.5,0.2,0.5,0.4,-0.2,0.981911434152777,0.551949353605496,0.260204076371758,0.794452270670719,0.426224685136269,-0.585761293836526,NA,NA,NA,NA,NA,NA,0.0611251749283162,0.0536199309174628,0.0465311395765982,0.147004937462415,0.0503928585649081,0.218715463786619
1,0.5,0.2,0.5,0.4,-0.2,0.876127859323292,0.478032242447506,0.154559423811473,0.368122381016768,0.524007078583611,0.10591507286446,NA,NA,NA,NA,NA,NA,0.0724157572879512,0.0653904790883472,0.0471126936306453,0.115043444753636,0.0529547391193751,0.23590011531735
1,0.5,0.2,0.5,0.4,-0.2,0.937023999680763,0.518585250190445,0.24604599494518,0.752845621604865,0.3682591576721,-0.639849774505229,NA,NA,NA,NA,NA,NA,0.0630834390001513,0.0557405556394666,0.0529147128289024,0.144099675786195,0.0512183993164014,0.210690974048731
1,0.5,0.2,0.5,0.4,-0.2,0.935459387984557,0.513992243529754,0.262672074679946,0.485238344872785,0.361683772715049,-0.146240915345066,NA,NA,NA,NA,NA,NA,0.0650792189341294,0.0578032378644651,0.0504227487175677,0.120639698801977,0.0494022827624321,0.215857804746599
1,0.5,0.2,0.5,0.4,-0.2,1.05491271776978,0.447677631752229,0.254059804637738,0.479714126420293,0.428622637274745,-0.318199291712116,NA,NA,NA,NA,NA,NA,0.0748836148712333,0.0652587748337765,0.0533301005550336,0.139927564642299,0.0514035899045401,0.230830243168309
1,0.5,0.2,0.5,0.4,-0.2,1.0528018755027,0.482257971414846,0.0877846913206831,0.566291915564831,0.397458434136325,-0.313929090698182,NA,NA,NA,NA,NA,NA,0.0683223935459699,0.0614936289955331,0.0565693670593746,0.157759278824638,0.0534852666239118,0.257131300685012
1,0.5,0.2,0.5,0.4,-0.2,0.936508317145397,0.544644283294799,0.139825102194941,0.285232283987484,0.322203668713498,0.185362216330842,NA,NA,NA,NA,NA,NA,0.0705337186581777,0.0690968907577962,0.0596397294975068,0.115285769283751,0.0492219677798979,0.244769103211827
1,0.5,0.2,0.5,0.4,-0.2,1.12370084740299,0.424633073462423,0.0697727141316674,0.639156607299469,0.503982931724847,-0.31791702198048,NA,NA,NA,NA,NA,NA,0.067508782045364,0.0615133290069515,0.0444900147303876,0.149858039252987,0.0576232456918268,0.245436682909147
1,0.5,0.2,0.5,0.4,-0.2,0.952396365347999,0.578167914381765,0.211979891715675,0.554297549107794,0.452869659895752,-0.246257814010199,NA,NA,NA,NA,NA,NA,0.068463151353763,0.062143509792377,0.0511972289731663,0.138813240567599,0.052253257228564,0.236864580736707
1,0.5,0.2,0.5,0.4,-0.2,0.910864795514584,0.500440608918088,0.200356919702954,0.42675164100845,0.410378395717723,-0.236043323694997,NA,NA,NA,NA,NA,NA,0.0730695294151971,0.066938729860753,0.0540994438302979,0.128598324785462,0.0530677782643629,0.215678300233539
1,0.5,0.2,0.5,0.4,-0.2,0.872617315290065,0.451328303051418,0.232710222377742,0.605876558722583,0.488440347922974,-0.394446512069913,NA,NA,NA,NA,NA,NA,0.0657742080965708,0.0575948174203238,0.0509685008006211,0.122509445767084,0.0525070765862899,0.197248897374141
1,0.5,0.2,0.5,0.4,-0.2,0.857970701436296,0.555637007449008,0.190466371259233,0.50796079274821,0.356285566303741,-0.0304473638090369,NA,NA,NA,NA,NA,NA,0.0623205977186522,0.0585020422970912,0.0458765153392062,0.118028193664139,0.0517356663535355,0.22509962912345
1,0.5,0.2,0.5,0.4,-0.2,1.00955492162658,0.515262903427078,0.192726587652045,0.512673661822295,0.396728689162176,-0.222617704224452,NA,NA,NA,NA,NA,NA,0.0688878085914048,0.0623344559574637,0.0551971127478528,0.136150073127943,0.0509083432222639,0.228857177744903
1,0.5,0.2,0.5,0.4,-0.2,0.823866941064649,0.55259212344137,0.215409431392308,0.458966189909156,0.443516779519547,-0.00523729954970779,NA,NA,NA,NA,NA,NA,0.0662861120683311,0.0598899338952004,0.0501334207547927,0.111500950846988,0.0494056375098185,0.21647058311147
1,0.5,0.2,0.5,0.4,-0.2,0.940845009592989,0.472950534046431,0.242861230762643,0.597502385811867,0.288076665396725,-0.279398870474916,NA,NA,NA,NA,NA,NA,0.0615022309838421,0.058910670483904,0.0540967106050345,0.127370482857843,0.0525041476594025,0.214511920010413
1,0.5,0.2,0.5,0.4,-0.2,1.08136181292762,0.478915846763642,0.204596127752653,0.594346913499439,0.384921127077734,-0.22369595501169,NA,NA,NA,NA,NA,NA,0.0617097778426768,0.057459580486932,0.0476811628611695,0.145514513102639,0.0534096613880586,0.250129679654537
1,0.5,0.2,0.5,0.4,-0.2,1.00983680452367,0.449392371103008,0.195573473084875,0.319875445789134,0.482255626890691,0.277517439797949,NA,NA,NA,NA,NA,NA,0.0730661906015794,0.0651500193424338,0.0482766474519752,0.122051244356763,0.0501055926699069,0.275111044965246
1,0.5,0.2,0.5,0.4,-0.2,0.868212523222031,0.487440121037974,0.323497811200799,0.500616005456025,0.455340611598271,-0.136884019230115,NA,NA,NA,NA,NA,NA,0.0653313692828868,0.0565365130850543,0.0438644032885242,0.116392581259567,0.0532354864001134,0.210110700710477
1,0.5,0.2,0.5,0.4,-0.2,0.964449594649785,0.630283278215786,0.119863255850795,0.407068989914797,0.417857405432933,0.0591286442728885,NA,NA,NA,NA,NA,NA,0.0691962106838214,0.0643501310151099,0.0513052008360793,0.132445354004983,0.0511879464641154,0.263257974020623
1,0.5,0.2,0.5,0.4,-0.2,0.953628309621852,0.558152858171979,0.191369634892784,0.456850326011016,0.365626295609561,-0.119097376204458,NA,NA,NA,NA,NA,NA,0.0658429437739304,0.0637554648613284,0.0549803474796644,0.13045644661066,0.0503773149094542,0.240081705808412
1,0.5,0.2,0.5,0.4,-0.2,1.02934651844176,0.461036935642454,0.13850098505177,0.367710284399242,0.505148498095499,-0.086726464944841,NA,NA,NA,NA,NA,NA,0.081313146172764,0.0695531145760772,0.0535918058876602,0.156512904753888,0.0515067336426926,0.288922084522892
1,0.5,0.2,0.5,0.4,-0.2,0.980749542361974,0.506942073954496,0.203429092342095,0.530478784912769,0.350378568571727,-0.184321442062089,NA,NA,NA,NA,NA,NA,0.0648127714619865,0.0616261764956893,0.0537297916773142,0.131382718650831,0.0516520124520441,0.227044448354357
1,0.5,0.2,0.5,0.4,-0.2,1.05852327601977,0.500459943014626,0.163871346820477,0.376235306855735,0.407342337219114,-0.0285815779632818,NA,NA,NA,NA,NA,NA,0.0741479121799017,0.0671140410761487,0.0562798128853459,0.128207027719606,0.0535754297984151,0.241985173877154
1,0.5,0.2,0.5,0.4,-0.2,1.05779873127643,0.482917060976692,0.163831566553563,0.625290328273889,0.354353661651678,-0.328515861328243,NA,NA,NA,NA,NA,NA,0.0621872877419396,0.056787871129629,0.0508900806184955,0.127216929940391,0.0525339422681526,0.203509556113
1,0.5,0.2,0.5,0.4,-0.2,0.954659895336669,0.590647988892905,0.269973281228787,0.77554043314109,0.378017664742956,-0.587714826174175,NA,NA,NA,NA,NA,NA,0.0608942713231846,0.0544688224589498,0.0439642822756337,0.150365344975448,0.0527019536811667,0.22628478910271
1,0.5,0.2,0.5,0.4,-0.2,0.892120443540705,0.525600967702878,0.202087189695408,0.464609855661183,0.447585591719474,-0.0779393509837304,NA,NA,NA,NA,NA,NA,0.0661425099367892,0.0559619130857796,0.0473578909781363,0.11022963169082,0.0518365808130766,0.200924179520594
1,0.5,0.2,0.5,0.4,-0.2,1.06740867119398,0.436593783381174,0.201592833487517,0.386999396334783,0.553891537681792,-0.0546054294287073,NA,NA,NA,NA,NA,NA,0.0772480710938866,0.0701824964602444,0.0507189905819969,0.119313460355086,0.0536479997282722,0.219926962159681
1,0.5,0.2,0.5,0.4,-0.2,0.953973090475605,0.526890280736858,0.138823591294328,0.395184501173241,0.413283714478995,-0.00349623613125129,NA,NA,NA,NA,NA,NA,0.0703074071476111,0.0672023241186445,0.051932854782766,0.115690724803024,0.0509010902659962,0.223047354409365
1,0.5,0.2,0.5,0.4,-0.2,0.971647639195595,0.515112141154117,0.229557002577272,0.550401378168986,0.438269562719276,-0.184580651000391,NA,NA,NA,NA,NA,NA,0.0665054189182567,0.0610627324066891,0.0484047296281025,0.126999975843229,0.0530442963889855,0.220240345315419
1,0.5,0.2,0.5,0.4,-0.2,0.935621041718023,0.604594315492677,0.179086902641021,0.551916216176775,0.328960001681602,-0.255300096953783,NA,NA,NA,NA,NA,NA,0.0639633677319472,0.0606315559977304,0.0523412681077015,0.132237664655025,0.0486409178223778,0.23079032151634
1,0.5,0.2,0.5,0.4,-0.2,0.960951867752208,0.50417748258921,0.176887014701638,0.38559368223991,0.353160922112578,-0.0069540372525445,NA,NA,NA,NA,NA,NA,0.0691440885232349,0.0642104138642414,0.0555088295134269,0.127418935961171,0.049833654094902,0.249021316259269
1,0.5,0.2,0.5,0.4,-0.2,0.97838586229381,0.518951334440059,0.158243383566938,0.413939041471435,0.433280078028567,-0.0307855015585991,NA,NA,NA,NA,NA,NA,0.0711399412871233,0.0650911732948526,0.0562498646265041,0.13763639782415,0.0517112794379657,0.26299352533877
1,0.5,0.2,0.5,0.4,-0.2,1.0964848687166,0.505809359133303,0.215820337469359,0.501139918957706,0.452568398969057,-0.16242765174546,NA,NA,NA,NA,NA,NA,0.0723824779567333,0.06809438691622,0.0557871254490185,0.15938584123068,0.0572481282455186,0.267565176904939
1,0.5,0.2,0.5,0.4,-0.2,1.05184573269501,0.54821802190916,0.284055081106461,0.435135950271741,0.388276430125519,-0.1752290907369,NA,NA,NA,NA,NA,NA,0.071632020543994,0.0726687272568712,0.0602871442561496,0.144320303432247,0.0529276923539123,0.245245711491312
1,0.5,0.2,0.5,0.4,-0.2,1.07347904672969,0.438648964331353,0.107165381748769,0.38624547856051,0.456904952176808,-0.00062365103277436,NA,NA,NA,NA,NA,NA,0.0732255019084094,0.0688720973077682,0.051254032857087,0.120803270523371,0.0538643538206035,0.225839277276343
1,0.5,0.2,0.5,0.4,-0.2,0.935142664833173,0.520085874772635,0.18064053123616,0.600080527705214,0.451029736458188,-0.297478939930023,NA,NA,NA,NA,NA,NA,0.0662705818106099,0.0601891962333708,0.0480562961453761,0.135740462905486,0.0533520145330749,0.22279375344503
1,0.5,0.2,0.5,0.4,-0.2,0.971571384641715,0.496007460201585,0.195401571722159,0.42926926693927,0.346052641748081,-0.0173243205787186,NA,NA,NA,NA,NA,NA,0.0661921671020693,0.0618144501395302,0.0518610080201295,0.132416480976379,0.0509614947411297,0.259462403509918
1,0.5,0.2,0.5,0.4,-0.2,0.967509395668421,0.565273908402398,0.247452376755204,0.671523981068656,0.320602241191203,-0.477740273239283,NA,NA,NA,NA,NA,NA,0.0612969571029254,0.0579009827008906,0.0506271656344508,0.135775884098418,0.053830521663919,0.210496504799119
1,0.5,0.2,0.5,0.4,-0.2,1.03581336122545,0.459582846650787,0.209575089067774,0.592894827436797,0.30074386277466,-0.426050817960798,NA,NA,NA,NA,NA,NA,0.0661463769509918,0.0650807955183692,0.0566450150247301,0.139525499337022,0.0536920867358391,0.212541178260927
1,0.5,0.2,0.5,0.4,-0.2,1.0300231630403,0.520220579051645,0.275485232357799,0.633545831590338,0.381567620945824,-0.340398643180414,NA,NA,NA,NA,NA,NA,0.0640564120981587,0.0596490226564363,0.0525813684015101,0.154861069500269,0.0521231897688952,0.253126211216963
1,0.5,0.2,0.5,0.4,-0.2,0.965231494108535,0.415855991089266,0.193803336041961,0.296399890987305,0.385907221003245,0.205711737473584,NA,NA,NA,NA,NA,NA,0.0730596627009248,0.0680554767834264,0.0568275586805082,0.134261358963314,0.0502612546315877,0.285134267336108
1,0.5,0.2,0.5,0.4,-0.2,0.980975125160691,0.552281298095285,0.137317299835789,0.373623560349583,0.399460494434785,0.0431773658452125,NA,NA,NA,NA,NA,NA,0.0718000788698171,0.0656583668054883,0.0565503472151318,0.145280722038166,0.0515878018892465,0.290587198778809
1,0.5,0.2,0.5,0.4,-0.2,1.09124968684917,0.48269346322369,0.147659427064984,0.850335235862777,0.438512082523442,-0.680382008611412,NA,NA,NA,NA,NA,NA,0.060912116762465,0.0545961561772679,0.0476179429430096,0.15937195997243,0.0551245500028645,0.225390765653834
1,0.5,0.2,0.5,0.4,-0.2,0.864683848166368,0.587047827147299,0.271791121217988,0.341434746588586,0.389194144894499,0.127070882245404,NA,NA,NA,NA,NA,NA,0.0728736527664005,0.0655059297963102,0.055397032377645,0.127152923265599,0.0511005318669969,0.271875580994981
1,0.5,0.2,0.5,0.4,-0.2,1.10554661011934,0.399099426885952,0.283191320072775,0.663982847034418,0.398901756361355,-0.384241631726966,NA,NA,NA,NA,NA,NA,0.0660230374111567,0.0608759374788924,0.0473253296644038,0.148654234143526,0.0525524023405862,0.235162686539857
1,0.5,0.2,0.5,0.4,-0.2,0.930896242006646,0.577949250622275,0.192543050079452,0.69403061660767,0.426474721586867,-0.490226924455976,NA,NA,NA,NA,NA,NA,0.0658512043031051,0.0582122961469151,0.0423068282876172,0.139495494294562,0.0512881296703452,0.218809555235529
1,0.5,0.2,0.5,0.4,-0.2,0.97283432800868,0.562977188027614,0.105243153409573,0.31676053537452,0.325787660317258,0.00200456555521819,NA,NA,NA,NA,NA,NA,0.0735253874871535,0.0716735619356278,0.0611482231182927,0.131250601608287,0.0523591677160766,0.24539085927077
1,0.5,0.2,0.5,0.4,-0.2,0.974145290578795,0.475442812698524,0.206769376332577,0.56680464269244,0.451682890317943,-0.202205691578599,NA,NA,NA,NA,NA,NA,0.0634169289140288,0.0566943484138156,0.0467552575257055,0.130622690945722,0.0518266160746561,0.225306284102463
1,0.5,0.2,0.5,0.4,-0.2,1.01766262847589,0.520689927031281,0.186175819119505,0.393353220539428,0.507617556163463,-0.0324200255337387,NA,NA,NA,NA,NA,NA,0.0736476465424272,0.0642978388843337,0.0495245433276624,0.126054178743727,0.0529014232859889,0.233258607997804
1,0.5,0.2,0.5,0.4,-0.2,0.946480373370898,0.470767499654523,0.281591909689339,0.40336045382154,0.31720121447247,0.0413164589577106,NA,NA,NA,NA,NA,NA,0.0665670910624442,0.0625128445465121,0.053332313866152,0.123235635798157,0.0530440542509072,0.240670351544174
1,0.5,0.2,0.5,0.4,-0.2,1.11061123462215,0.425753438026875,0.195277772547057,0.379992209131977,0.485075637651802,-0.128897227192783,NA,NA,NA,NA,NA,NA,0.0797886495891983,0.0707781112033016,0.0548648473610649,0.12903695948105,0.0504596489518965,0.225625213046381
1,0.5,0.2,0.5,0.4,-0.2,1.06361621490206,0.451114949629232,0.0830068654442384,0.527820775374856,0.393033524374736,-0.162287595737329,NA,NA,NA,NA,NA,NA,0.0665376407707573,0.058892920369631,0.0540560959217638,0.138531379073942,0.0529943270673964,0.245586299850623
1,0.5,0.2,0.5,0.4,-0.2,1.05225060865736,0.467311647890372,0.240944745917617,0.546979808274552,0.354499139121687,-0.218828334324039,NA,NA,NA,NA,NA,NA,0.0657255615797454,0.0583532515269502,0.0535556517012229,0.133240640368398,0.0547808391992221,0.225623195836001
1,0.5,0.2,0.5,0.4,-0.2,1.0128357678714,0.498873113138942,0.139073634540875,0.556358875333847,0.469105266863129,-0.213264874957939,NA,NA,NA,NA,NA,NA,0.0698628641145889,0.0585519403272295,0.0455720459325099,0.149646938513496,0.0555965919737403,0.258403043586545
1,0.5,0.2,0.5,0.4,-0.2,0.885505949888615,0.520045620596508,0.142002700949546,0.581596945832137,0.495531648052558,-0.261151759831508,NA,NA,NA,NA,NA,NA,0.0649307239305264,0.0568805314056466,0.0471194560889437,0.119696775755752,0.0505405650115198,0.204157406043705
1,0.5,0.2,0.5,0.4,-0.2,1.00876138064279,0.463860612708139,0.254300370427715,0.420655059966551,0.41536000917048,0.141493488865409,NA,NA,NA,NA,NA,NA,0.0667219256024186,0.0623082974100371,0.0512996764021453,0.126273010353339,0.0490368456534251,0.260552066472397
1,0.5,0.2,0.5,0.4,-0.2,1.04089155562401,0.448345374755749,0.166374975796221,0.395384815882664,0.386041924436766,-0.114680560213344,NA,NA,NA,NA,NA,NA,0.0723095037423526,0.0671166617898967,0.0571658772532897,0.156888736236153,0.0523529307431557,0.283894359078089
1,0.5,0.2,0.5,0.4,-0.2,0.873305877598198,0.574143744487972,0.26132629003459,0.399742717562131,0.314713450320721,0.0329351722713458,NA,NA,NA,NA,NA,NA,0.0662973705642913,0.0633801412809092,0.0545938304940242,0.131158727802154,0.0516231172213805,0.255688295914985
1,0.5,0.2,0.5,0.4,-0.2,1.00862074401391,0.46252526295552,0.203969011026111,0.377063257978914,0.353577199362767,-0.0520754769783944,NA,NA,NA,NA,NA,NA,0.07396789030842,0.0685319188636379,0.0575492057308024,0.137623445497642,0.0538879501716671,0.24446509971152
1,0.5,0.2,0.5,0.4,-0.2,1.03684068551561,0.52281674219051,0.0811525497202558,0.332950296414964,0.403676157775328,0.116958039864113,NA,NA,NA,NA,NA,NA,0.0718400693083604,0.0659638182278846,0.0576552184035721,0.117892480860654,0.0539085506975689,0.2412717904183
1,0.5,0.2,0.5,0.4,-0.2,1.00283707221681,0.478490877549639,0.160207334518736,0.490116509048114,0.422543132970372,-0.0973209201944558,NA,NA,NA,NA,NA,NA,0.0680673449582904,0.0630354199049489,0.0499339183575785,0.14443777191832,0.0517921634527124,0.267134939602816
1,0.5,0.2,0.5,0.4,-0.2,0.842474241908156,0.682163095272835,0.263961238848388,0.654256311995133,0.463248521537655,-0.330103606965405,NA,NA,NA,NA,NA,NA,0.063079455429663,0.0565357750484944,0.0500808874473503,0.125381051881489,0.0534391847422171,0.204829898713883
1,0.5,0.2,0.5,0.4,-0.2,1.02908404882139,0.479289345598657,0.285614069159828,0.564689128261474,0.421286558166921,-0.343447918121622,NA,NA,NA,NA,NA,NA,0.0688887500612029,0.0608377385204768,0.0538389789399145,0.132868341264082,0.0561847766440388,0.211764165441525
1,0.5,0.2,0.5,0.4,-0.2,1.03642493939753,0.478354686677614,0.159921309956302,0.552982672475459,0.334384383032493,-0.296758616038639,NA,NA,NA,NA,NA,NA,0.0679456402307111,0.0610117042429626,0.0532749649682019,0.14183909856544,0.0550879455464662,0.23483815398556
1,0.5,0.2,0.5,0.4,-0.2,1.00009493976213,0.567460183061999,0.228688498840689,0.462447064976889,0.423405009657965,-0.0979728303103123,NA,NA,NA,NA,NA,NA,0.0685956364481817,0.0623081018497513,0.050822114503169,0.126761617291192,0.0506811876373291,0.224987496057493
1,0.5,0.2,0.5,0.4,-0.2,1.00705243906491,0.444839321902742,0.162995234626432,0.332210331170644,0.446728108911373,-0.0432719597306361,NA,NA,NA,NA,NA,NA,0.0774919466990427,0.0675555755063572,0.0544543195061885,0.130067015101402,0.0519881007685852,0.243026069313935
1,0.5,0.2,0.5,0.4,-0.2,1.04585115688399,0.42571168895808,0.182264785212258,0.286808092021707,0.470625352218199,0.255720577648536,NA,NA,NA,NA,NA,NA,0.0748598145007592,0.0645055642973709,0.0527480027459373,0.118987361916838,0.0496190430942472,0.260515706732957
1,0.5,0.2,0.5,0.4,-0.2,0.984701409159635,0.53873678096072,0.249876245317518,0.745451106613262,0.361976921773156,-0.457481467853678,NA,NA,NA,NA,NA,NA,0.0581609329382735,0.053432898051172,0.046989220976071,0.131395247544088,0.0516681996224291,0.207661020887894
1,0.5,0.2,0.5,0.4,-0.2,0.873824789725392,0.568342918924161,0.244237331530895,0.230320721952073,0.367695958177493,0.286021355714374,NA,NA,NA,NA,NA,NA,0.0734028088701215,0.0687882989558101,0.0578512407923587,0.117204940113735,0.0526698208150205,0.264686347784591
1,0.5,0.2,0.5,0.4,-0.2,1.03132034874952,0.552352446269403,0.156755010185427,0.627316473055717,0.379295045993849,-0.437342125697875,NA,NA,NA,NA,NA,NA,0.066020129468528,0.0612184971059006,0.056615205848693,0.149826813613898,0.0544149147736214,0.227509374118296
1,0.5,0.2,0.5,0.4,-0.2,0.997306537747172,0.482190623442102,0.155937455503416,0.456662645572406,0.456448332274945,0.0591145526299617,NA,NA,NA,NA,NA,NA,0.0667573470467065,0.0597180795361132,0.0501214615867394,0.127338324643773,0.0498328243724987,0.259431190322076
1,0.5,0.2,0.5,0.4,-0.2,0.829947105781863,0.628031350928689,0.166576288168286,0.448306766054555,0.344051791428574,0.00173884944784462,NA,NA,NA,NA,NA,NA,0.0631682493198419,0.0594546001178814,0.0536615047516318,0.112227871870277,0.0521963600001991,0.220323105883184
1,0.5,0.2,0.5,0.4,-0.2,0.953953196472348,0.541053436663119,0.179182227540933,0.394930365254248,0.380547660223052,0.196186478075376,NA,NA,NA,NA,NA,NA,0.0662212549740941,0.0624686736296653,0.0511304805677475,0.120741076080325,0.0483509913831527,0.262035950602902
1,0.5,0.2,0.5,0.4,-0.2,1.06504299290046,0.470352739235715,0.22121608872513,0.713072855317972,0.42179729313773,-0.510901379824334,NA,NA,NA,NA,NA,NA,0.0648447830356195,0.056934004470858,0.0462113342150136,0.147866403974605,0.0525304134630864,0.225520215545362
1,0.5,0.2,0.5,0.4,-0.2,1.01833432272529,0.428462044147775,0.14012761068412,0.471113877157362,0.396853195646402,-0.254731299069133,NA,NA,NA,NA,NA,NA,0.070963196354574,0.0632200620081937,0.0566992029165521,0.136452858568813,0.0540794316919335,0.228372809989785
1,0.5,0.2,0.5,0.4,-0.2,0.972158705509829,0.50107584123866,0.167677147308949,0.361015269437057,0.422593758775008,0.140443275843927,NA,NA,NA,NA,NA,NA,0.0711012456203583,0.0616109605202201,0.0518656283033899,0.119340221977083,0.0481753055457,0.244510105447201
1,0.5,0.2,0.5,0.4,-0.2,1.14185880618431,0.396259322620444,0.177186358958504,0.46899386853492,0.378618875055176,-0.141664913589571,NA,NA,NA,NA,NA,NA,0.0710314787642061,0.0601980004568906,0.0541032962629516,0.144939615316972,0.0543472368119613,0.248068194820049
1,0.5,0.2,0.5,0.4,-0.2,1.00275931671087,0.40462493722234,0.174704796924065,0.454561345952249,0.37431385695849,-0.21115253212189,NA,NA,NA,NA,NA,NA,0.0722474740951514,0.065933325698068,0.0573696395442315,0.130629354691892,0.0528456080203148,0.224143126979435
1,0.5,0.2,0.5,0.4,-0.2,0.940099120758374,0.470427467446407,0.19064658680106,0.464418656479273,0.392645426882382,-0.162554730888657,NA,NA,NA,NA,NA,NA,0.0687075272073046,0.061479275709666,0.0520154746882594,0.146770562978821,0.0506429756613525,0.261043897484436
1,0.5,0.2,0.5,0.4,-0.2,0.959394795564176,0.565657289489912,0.238598751246536,0.62496704373466,0.438588481471781,-0.528948538808979,NA,NA,NA,NA,NA,NA,0.0712187645285665,0.0661667471823163,0.0546004233813661,0.166412290508906,0.0546223859488397,0.247920011343594
1,0.5,0.2,0.5,0.4,-0.2,0.956904261850996,0.480709385582471,0.185759033814183,0.4332521187227,0.412745716534793,-0.0185568862798473,NA,NA,NA,NA,NA,NA,0.0708386006975109,0.0661457041212132,0.0513375708146726,0.130600959430394,0.0515294666647447,0.244739525466413
1,0.5,0.2,0.5,0.4,-0.2,0.994292843570895,0.529179906649105,0.11645213645727,0.538796301684572,0.419284645142662,-0.133338824846832,NA,NA,NA,NA,NA,NA,0.0650140872145121,0.0589642958527336,0.0483416910062373,0.137414674213207,0.0531356876411929,0.244242618009316
1,0.5,0.2,0.5,0.4,-0.2,1.01624122776409,0.511526465104483,0.210846582097876,0.671383207757879,0.391688285774416,-0.555174043184416,NA,NA,NA,NA,NA,NA,0.0688618170014305,0.061963708655183,0.0586936541725927,0.151107039214911,0.0553306939504952,0.223380899415108
1,0.5,0.2,0.5,0.4,-0.2,1.16573165296021,0.325657403577539,0.240396427904795,0.577312017455656,0.429184204000658,-0.268508998447336,NA,NA,NA,NA,NA,NA,0.0688684751230005,0.0588032733638603,0.0479335001833955,0.135792175434259,0.0538475794748027,0.218829150132314
1,0.5,0.2,0.5,0.4,-0.2,0.929782426632231,0.494926754381526,0.273111203055417,0.430499419667215,0.443092893075075,-0.263109016918763,NA,NA,NA,NA,NA,NA,0.0754990803717318,0.0662955393303776,0.0577629554748355,0.133402535510201,0.0550489197889612,0.223889480068449
1,0.5,0.2,0.5,0.4,-0.2,1.03549536806162,0.614497216373926,0.20060151738949,0.914296366577771,0.35645817796679,-0.732023613521668,NA,NA,NA,NA,NA,NA,0.0578941022382747,0.0525714175614514,0.0456038126161826,0.148962586496985,0.051561271269158,0.211746391048758
1,0.5,0.2,0.5,0.4,-0.2,1.09433622178912,0.559358739498866,0.242589017713783,0.692404224811162,0.384993637616748,-0.52064336454108,NA,NA,NA,NA,NA,NA,0.0672775461996217,0.0623851127327648,0.0543962293365702,0.161958363592601,0.0542145714330741,0.247562736641163
1,0.5,0.2,0.5,0.4,-0.2,0.862457852551642,0.501945898050674,0.154706318897258,0.497790393586848,0.367210706771912,-0.285198484462194,NA,NA,NA,NA,NA,NA,0.0676515653872762,0.0618702772356227,0.056399398019329,0.125794198839577,0.0486862202180309,0.213556069040556
1,0.5,0.2,0.5,0.4,-0.2,0.98149706035343,0.483904061258755,0.230168409645156,0.520551535889498,0.385184983355842,-0.198831169321993,NA,NA,NA,NA,NA,NA,0.0671463691060779,0.0617076690636828,0.0509858083318767,0.132439758508261,0.0524093688512048,0.229796837432124
1,0.5,0.2,0.5,0.4,-0.2,0.986461544550823,0.440306752553486,0.0992392517915076,0.646040894849663,0.303111964750003,-0.411459637108805,NA,NA,NA,NA,NA,NA,0.0622694634238793,0.0581744166551789,0.0535053907425729,0.140416601354032,0.0539742797093584,0.226148066783255
1,0.5,0.2,0.5,0.4,-0.2,0.99156026349082,0.516653936746512,0.224655524607512,0.484527180690684,0.381980099374937,-0.0730215284052286,NA,NA,NA,NA,NA,NA,0.0645576756013254,0.0627266302652158,0.0537760135913617,0.131584712943271,0.0510009225709227,0.240363523131062
1,0.5,0.2,0.5,0.4,-0.2,0.990413005233453,0.452458758624358,0.168562147186637,0.408317445572113,0.380077789407588,-0.037233712256632,NA,NA,NA,NA,NA,NA,0.0676293374568583,0.0613581487016594,0.0512364718732475,0.112093194098941,0.0509248824721338,0.209266225380304
1,0.5,0.2,0.5,0.4,-0.2,0.992987246880456,0.510404277759494,0.267968993879587,0.448306159847565,0.39719781677141,-0.144946255112611,NA,NA,NA,NA,NA,NA,0.0704779812619981,0.0650237707538563,0.0602596365410136,0.13424890935735,0.0503526343740985,0.243108599701106
1,0.5,0.2,0.5,0.4,-0.2,1.05942164935883,0.454282937230703,0.322876553527061,0.424694556599898,0.411933274679433,-0.0438909925102142,NA,NA,NA,NA,NA,NA,0.0692652982404447,0.063149511407841,0.0533736486986773,0.140450242637748,0.0533226138447434,0.260902318853109
1,0.5,0.2,0.5,0.4,-0.2,0.997759050546232,0.392645840569396,0.213871682082323,0.27840085168516,0.395221657776225,0.496027523487171,NA,NA,NA,NA,NA,NA,0.0714771544751473,0.0651830837072465,0.0506761997397352,0.12406185743404,0.0506679835303622,0.32701919998963
1,0.5,0.2,0.5,0.4,-0.2,1.02340421085947,0.548440116063743,0.149501448708269,0.524489204334688,0.427829389396911,-0.348533768884848,NA,NA,NA,NA,NA,NA,0.0706121564911811,0.0639502159380411,0.0531357136705971,0.135157022583703,0.0523166063356786,0.219678468731967
1,0.5,0.2,0.5,0.4,-0.2,1.02330246859319,0.427061731722954,0.202011865094193,0.50480618331311,0.42693026588449,-0.304503217653641,NA,NA,NA,NA,NA,NA,0.0715516584974668,0.065206767011659,0.047964022853097,0.127212487732492,0.0523144139585536,0.208894085162471
1,0.5,0.2,0.5,0.4,-0.2,0.940617633294629,0.563412256993771,0.238931371662923,0.452990213181781,0.443798544052789,0.038174078236291,NA,NA,NA,NA,NA,NA,0.0660559019327058,0.0643970057482791,0.0505145271020408,0.122683467672912,0.0512567325801206,0.242729709294394
1,0.5,0.2,0.5,0.4,-0.2,1.0318465131694,0.448681776673395,0.121583651642025,0.353129827875266,0.319196781249064,0.00221714137998346,NA,NA,NA,NA,NA,NA,0.0703226192194444,0.0658652900321747,0.0581439888053198,0.12494711310956,0.0510908306546566,0.237222108460207
1,0.5,0.2,0.5,0.4,-0.2,1.11162853267988,0.400845125053657,0.176036681438239,0.241380816213322,0.42170684107272,0.34340509337102,NA,NA,NA,NA,NA,NA,0.0759539043502398,0.0655430329597673,0.0535888439795378,0.117380485660364,0.0490417821281337,0.27096375558268
1,0.5,0.2,0.5,0.4,-0.2,1.0868250721837,0.36634092340912,0.230708950959385,0.474445799290546,0.448792530974599,-0.164953141993487,NA,NA,NA,NA,NA,NA,0.0689547713633942,0.0614429326948546,0.0492526965044945,0.12871153175326,0.0514420129736902,0.224351376323759
1,0.5,0.2,0.5,0.4,-0.2,1.02503426793165,0.474423970686381,0.295640594542573,0.575422719787842,0.377143622152428,-0.412921308732681,NA,NA,NA,NA,NA,NA,0.0688053206863413,0.0631429659649887,0.0529572231706331,0.140982819105168,0.0528648322522487,0.219890545122313
1,0.5,0.2,0.5,0.4,-0.2,1.03586404734692,0.50743922106008,0.124825243720574,0.516400286157495,0.489899240039071,-0.359238540032539,NA,NA,NA,NA,NA,NA,0.0740280568553528,0.0636475195889774,0.0536773023693684,0.145282543041539,0.0531674256897865,0.229410692374698
1,0.5,0.2,0.5,0.4,-0.2,0.932757621617985,0.521620172540945,0.149639857226505,0.480599344120982,0.370860663972951,-0.0990737064476658,NA,NA,NA,NA,NA,NA,0.0656575796306018,0.0597586503794902,0.0509735523309421,0.138075114747661,0.049466212636594,0.257264331606802
1,0.5,0.2,0.5,0.4,-0.2,0.987715072519091,0.494441202914081,0.233959707260474,0.452271287016862,0.393144270971955,-0.233739680911824,NA,NA,NA,NA,NA,NA,0.0714023779990853,0.0652522315249995,0.0579010099533451,0.140944440467623,0.0564571116300588,0.241065301492764
1,0.5,0.2,0.5,0.4,-0.2,1.00586521256951,0.515240682195881,0.238434607371406,0.39733601919922,0.384226061884629,0.0203671834309763,NA,NA,NA,NA,NA,NA,0.0690282361507841,0.0648094412805618,0.0567178635644919,0.106765245074152,0.0542671055266882,0.203374878167379
1,0.5,0.2,0.5,0.4,-0.2,1.03755960855465,0.503035470750475,0.315866553975111,0.45352487267711,0.429181083526889,-0.0984788372901352,NA,NA,NA,NA,NA,NA,0.06993044394147,0.0604724238401154,0.0526952873329799,0.131157916564204,0.0542848959859422,0.233563074326597
1,0.5,0.2,0.5,0.4,-0.2,0.990996853491194,0.496398694673395,0.202996394068474,0.359473026018421,0.414002762515592,0.0884113316653209,NA,NA,NA,NA,NA,NA,0.0728577827449215,0.067404499462375,0.0532454022727352,0.122662503206633,0.0519389480937524,0.24598006825933
1,0.5,0.2,0.5,0.4,-0.2,1.00456185032502,0.561629390148934,0.146445366831209,0.481283710774988,0.366438861685458,0.00545461345140573,NA,NA,NA,NA,NA,NA,0.0659390705816803,0.0624708468548263,0.0547785219274493,0.160699256355795,0.0544848184549413,0.303632210742418
1,0.5,0.2,0.5,0.4,-0.2,1.10508640564949,0.418232685914805,0.213863455992135,0.593274864689969,0.346544726283738,-0.469083363290327,NA,NA,NA,NA,NA,NA,0.0700844205068785,0.0626109098267059,0.0585590336761572,0.137222867377371,0.0526306790441217,0.210970355105521
1,0.5,0.2,0.5,0.4,-0.2,1.06461020083237,0.442173376790999,0.135098640088349,0.314625865544153,0.44932385352315,0.0729586651355485,NA,NA,NA,NA,NA,NA,0.0773656778423675,0.0695611244882905,0.0521710584253642,0.138040388756109,0.0535092053670712,0.265148725707304
1,0.5,0.2,0.5,0.4,-0.2,0.947128231439527,0.612185580607048,0.207192859345913,0.475232052248404,0.397042456672125,-0.0831127994057278,NA,NA,NA,NA,NA,NA,0.0666532235656548,0.0622535089064579,0.0499978880165477,0.152488376650483,0.0528560258089799,0.274780274802185
1,0.5,0.2,0.5,0.4,-0.2,1.03720396914508,0.533800564964508,0.216515930838918,0.523274404561231,0.426133108079687,-0.349948403778777,NA,NA,NA,NA,NA,NA,0.0707050917513228,0.0656192709564806,0.0520585520219622,0.133955929863656,0.0560386048710512,0.209884070210699
1,0.5,0.2,0.5,0.4,-0.2,1.03741446542255,0.405483113935915,0.183358383325253,0.420817779836199,0.461854110837294,0.0305233968427504,NA,NA,NA,NA,NA,NA,0.0699464378773157,0.0612658618394953,0.0523869494315468,0.135095106432016,0.050923026344356,0.265494807347933
1,0.5,0.2,0.5,0.4,-0.2,1.02557921545706,0.43402660649129,0.200734502256821,0.215796591129408,0.348751963425983,0.299663740592356,NA,NA,NA,NA,NA,NA,0.075820597461695,0.0681747504525558,0.0570727675279796,0.140805204916655,0.0500272162891169,0.321396185714583
1,0.5,0.2,0.5,0.4,-0.2,0.997461526611292,0.481737910708598,0.159377588972287,0.279756633918931,0.38508371488252,0.154529843704072,NA,NA,NA,NA,NA,NA,0.0738833016282425,0.0659265642036515,0.0596187391466943,0.144984854560972,0.0541519677799879,0.301565731221177
1,0.5,0.2,0.5,0.4,-0.2,1.02904650727558,0.357799827915888,0.106987659523673,0.596711864537452,0.423292623482395,-0.366099292115639,NA,NA,NA,NA,NA,NA,0.0679642918204265,0.0608002650180902,0.0489356079641018,0.147291098160914,0.0546961694280208,0.233335653022241
1,0.5,0.2,0.5,0.4,-0.2,1.08524518869631,0.445531960240637,0.155667545814477,0.494987905749573,0.469154749893097,-0.277277565961817,NA,NA,NA,NA,NA,NA,0.0758439594594751,0.0669734732344151,0.056127644904065,0.147114020106433,0.0571961941980607,0.236345303909399
1,0.5,0.2,0.5,0.4,-0.2,1.1000661343092,0.371194498848741,0.142014259490068,0.632776743431811,0.528463530232644,-0.328990329319837,NA,NA,NA,NA,NA,NA,0.0667720140328748,0.0567337966453485,0.0464620775470314,0.145896709582488,0.0517261366055182,0.239825259677026
1,0.5,0.2,0.5,0.4,-0.2,1.04150516015117,0.438272786170932,0.201116320166643,0.607555918093063,0.42429939544201,-0.399280555514053,NA,NA,NA,NA,NA,NA,0.0707826760728498,0.0638588943085928,0.0524541903324754,0.182109246425833,0.0525283218207183,0.289503770063664
1,0.5,0.2,0.5,0.4,-0.2,1.10189605541739,0.426204003479009,0.312482126593006,0.635592958110172,0.403014371701621,-0.503869062334281,NA,NA,NA,NA,NA,NA,0.0686702652007405,0.0635281808355705,0.0585561222366756,0.144694328687846,0.0576155401201556,0.214146258141939
1,0.5,0.2,0.5,0.4,-0.2,0.999546146786331,0.478880446932592,0.203763065128498,0.594597464682869,0.400707838672142,-0.2477991516611,NA,NA,NA,NA,NA,NA,0.0627349507890714,0.0567641850846146,0.0524886378557322,0.131909100129664,0.0508538666782415,0.227724431160835
1,0.5,0.2,0.5,0.4,-0.2,1.19300119003991,0.369811316921668,0.273257320393219,0.525388404139597,0.351066125133424,-0.231673791047198,NA,NA,NA,NA,NA,NA,0.0696546010616802,0.0668433093194926,0.0538683607431867,0.149462601868261,0.0536029837911825,0.255052080107355
1,0.5,0.2,0.5,0.4,-0.2,0.996454331523641,0.464202316205342,0.207375958163002,0.625956969264588,0.405431860050695,-0.462649046226032,NA,NA,NA,NA,NA,NA,0.0697927709076182,0.0663722614518957,0.0492189234347215,0.153548983669541,0.0580388588458024,0.231412987412427
1,0.5,0.2,0.5,0.4,-0.2,1.06028553848167,0.555436902144164,0.106384740488606,0.511098438833414,0.46394876400712,-0.142033837483437,NA,NA,NA,NA,NA,NA,0.0687906755328035,0.0640093526383165,0.0536271697337382,0.142266241972965,0.0536495161576444,0.255417891903522
1,0.5,0.2,0.5,0.4,-0.2,1.10091247300107,0.431907223164022,0.239064765688257,0.499280859305404,0.576215271946483,-0.0868095980503951,NA,NA,NA,NA,NA,NA,0.0705943623691559,0.0576701142794434,0.0441387360241237,0.129277807256124,0.0530057030479729,0.234032658684836
1,0.5,0.2,0.5,0.4,-0.2,0.97780280404238,0.451746774888752,0.250957633754909,0.622239736562847,0.428071876932655,-0.38819113636903,NA,NA,NA,NA,NA,NA,0.067751012155945,0.0612462268214604,0.0517748428383289,0.152328950395099,0.0529323744409923,0.247217161620196
1,0.5,0.2,0.5,0.4,-0.2,0.954247421129432,0.424305001464537,0.177526456613335,0.354602560947122,0.43061368715434,0.165197436119277,NA,NA,NA,NA,NA,NA,0.0704077283247896,0.0630396884605218,0.0507764860686354,0.133198907713324,0.0520392788808096,0.28031598381038
1,0.5,0.2,0.5,0.4,-0.2,0.960197618490186,0.551971591726517,0.20996747314879,0.612611793077417,0.398053180243837,-0.346352092199641,NA,NA,NA,NA,NA,NA,0.0676790262354591,0.0605785107454443,0.0540323548164965,0.181078883869927,0.0529165386872823,0.296785528977329
1,0.5,0.2,0.5,0.4,-0.2,0.944013626392103,0.453612265446395,0.127698522453385,0.545499713524255,0.333187306931,-0.310538395973389,NA,NA,NA,NA,NA,NA,0.0674328344421911,0.0593111049508639,0.052210909022011,0.154793203881391,0.0497025518229308,0.260371643317401
1,0.5,0.2,0.5,0.4,-0.2,1.02056916473431,0.475075862514526,0.252590256730696,0.563109916400857,0.417392523283899,-0.359975089706595,NA,NA,NA,NA,NA,NA,0.0700563467408761,0.0597825774265527,0.0525566499456745,0.148603101525434,0.0530764088501529,0.237074002070045
1,0.5,0.2,0.5,0.4,-0.2,1.00815650917787,0.506411133840902,0.27427310688061,0.783186182634931,0.476413635647038,-0.678443542094377,NA,NA,NA,NA,NA,NA,0.0684272020340565,0.0583153129120739,0.0539706881354144,0.189420303931645,0.0579594563181193,0.26570832870751
1,0.5,0.2,0.5,0.4,-0.2,1.08677122832858,0.425583549537751,0.134006616165101,0.541570513241627,0.405491967189249,-0.307291009116493,NA,NA,NA,NA,NA,NA,0.0717064993139863,0.0644170079499183,0.0517260669993351,0.174470434370808,0.0553380961477756,0.288187880470649
1,0.5,0.2,0.5,0.4,-0.2,0.998999293675704,0.488425412838174,0.18867466037829,0.414414019774986,0.501939888238844,0.102923997881604,NA,NA,NA,NA,NA,NA,0.0706362708576939,0.0603592267338508,0.0481421178965915,0.119826385133109,0.0530626213143442,0.24443061522045
1,0.5,0.2,0.5,0.4,-0.2,1.01340872430892,0.493361728167723,0.187938118340461,0.648650106932613,0.423488284938499,-0.382462020645204,NA,NA,NA,NA,NA,NA,0.0669741277114944,0.0580657005354974,0.0494564638158988,0.145478749623213,0.0555576982916695,0.235997519641426
1,0.5,0.2,0.5,0.4,-0.2,0.927580350734814,0.469934943385082,0.236396235732298,0.521387476291102,0.398269016653754,-0.177554165090784,NA,NA,NA,NA,NA,NA,0.0668570833455869,0.0618881485522458,0.0515131344965425,0.122699891550147,0.0541031418325947,0.215974538432012
1,0.5,0.2,0.5,0.4,-0.2,0.89530233778021,0.490350637211148,0.110665719091393,0.35615374984074,0.374088166610764,0.285567936472883,NA,NA,NA,NA,NA,NA,0.0666500105780114,0.0574947148422132,0.053939640990405,0.114255645621927,0.0497576005806919,0.263586277978361
1,0.5,0.2,0.5,0.4,-0.2,0.984891180555815,0.507005994058921,0.233905534651526,0.684087963902418,0.365421052350809,-0.44837676691101,NA,NA,NA,NA,NA,NA,0.0625835841859301,0.0567443339475757,0.0485549804724306,0.130463122724735,0.051761186096749,0.202163345077144
1,0.5,0.2,0.5,0.4,-0.2,0.897428879391361,0.609050874446935,0.229264608823826,0.511814886459454,0.455311664697962,-0.209678747908139,NA,NA,NA,NA,NA,NA,0.0666466660357999,0.0600520761198097,0.0501930291508227,0.12421460733417,0.0526065613901352,0.211106231410381
1,0.5,0.2,0.5,0.4,-0.2,1.09164385934967,0.440929103530061,0.172342399170855,0.187748269252064,0.420055542839919,0.395019299597727,NA,NA,NA,NA,NA,NA,0.0794859241206423,0.0722845759799058,0.0583729329890905,0.141105496600298,0.0496284083359638,0.361115986331454
1,0.5,0.2,0.5,0.4,-0.2,1.09324105881601,0.404481117087429,0.172897759976665,0.35193082217881,0.460993446556559,0.157258864174611,NA,NA,NA,NA,NA,NA,0.0728286659159187,0.0693116904452765,0.0523436036325953,0.135313907269442,0.0520497671260611,0.277530486163745
1,0.5,0.2,0.5,0.4,-0.2,0.94823336151968,0.648786605053426,0.145214807383774,0.618669925274148,0.336794988767623,-0.273721977816809,NA,NA,NA,NA,NA,NA,0.0608144612530175,0.0545959009558334,0.0499465777566592,0.140536370288383,0.049123755160533,0.237687303685161
1,0.5,0.2,0.5,0.4,-0.2,0.99340189122444,0.475703744928683,0.0704516469583443,0.54442773437292,0.473453780249411,-0.220990598118383,NA,NA,NA,NA,NA,NA,0.0704185893117281,0.0597812398421985,0.0459516822453304,0.142909825084817,0.0520185660237575,0.244762830225836
1,0.5,0.2,0.5,0.4,-0.2,1.05792451851488,0.437868776222689,0.203143110651253,0.607238757908945,0.334970574227938,-0.327046057675825,NA,NA,NA,NA,NA,NA,0.0633732935976908,0.0585863855724851,0.0519042091079577,0.1348560120139,0.053200377932433,0.220565315903088
1,0.5,0.2,0.5,0.4,-0.2,0.953974367239729,0.49902672391885,0.15502551453634,0.418294005147643,0.482670365845211,-0.119358520911207,NA,NA,NA,NA,NA,NA,0.0743191211746339,0.0677436214582596,0.0511236565054752,0.12749568877054,0.0518599674073986,0.232295221368696
1,0.5,0.2,0.5,0.4,-0.2,0.925055570151209,0.451111515573874,0.118255059678978,0.574636088568635,0.390629939948975,-0.243872109157113,NA,NA,NA,NA,NA,NA,0.0647910477428528,0.059405157834759,0.0500802357794033,0.130469827097889,0.0532966359908344,0.222770406157993
1,0.5,0.2,0.5,0.4,-0.2,0.971253242700937,0.474415030854161,0.197331973939404,0.264079891324585,0.445807356311686,0.207046748176082,NA,NA,NA,NA,NA,NA,0.0770700527144672,0.0689030329462497,0.0535257870452516,0.147738669508923,0.0541943114725375,0.320704720094909
1,0.5,0.2,0.5,0.4,-0.2,1.09047351221787,0.461730746580495,0.161175799812937,0.525746089186988,0.31359549598282,-0.268563149700416,NA,NA,NA,NA,NA,NA,0.0683129246556965,0.0650783664772969,0.0557328912515571,0.148147516768128,0.0549416446280656,0.238727892490979
1,0.5,0.2,0.5,0.4,-0.2,0.896971805506933,0.599815733838452,0.226055903784194,0.392527248457411,0.444020505902733,0.00819435750647127,NA,NA,NA,NA,NA,NA,0.0705058669176335,0.0621854802697398,0.0496914195333575,0.122368696976238,0.0541972774644073,0.235524138910331
1,0.5,0.2,0.5,0.4,-0.2,1.04405883328808,0.505602086379199,0.265534570537872,0.357099067294807,0.347447961994767,0.0976087610485764,NA,NA,NA,NA,NA,NA,0.0692220401929357,0.0647798025667462,0.0555188354341583,0.122242322671564,0.0523481128586743,0.25012345235121
1,0.5,0.2,0.5,0.4,-0.2,1.06661225999122,0.501656545585434,0.213682281740926,0.503433404865233,0.441874853792001,-0.243401961672795,NA,NA,NA,NA,NA,NA,0.0713938440322006,0.0626021734953448,0.0521089978707993,0.130604433157081,0.0532671559881442,0.21790034905749
1,0.5,0.2,0.5,0.4,-0.2,1.01439373470806,0.509145026426662,0.202506810571307,0.435137912018805,0.40291800316741,0.0209023041621404,NA,NA,NA,NA,NA,NA,0.0681167603139999,0.0594363454951534,0.0534326125839691,0.134473100385523,0.0531453703553293,0.262828853835438
1,0.5,0.2,0.5,0.4,-0.2,0.888985093945177,0.618762230296936,0.186449380797535,0.169720802295386,0.41780603495649,0.552091556654829,NA,NA,NA,NA,NA,NA,0.0739434507530487,0.067872451636632,0.0515097400526347,0.113234205773084,0.0472414713051861,0.313176190570315
1,0.5,0.2,0.5,0.4,-0.2,1.04589349470475,0.490049047754094,0.205247351087905,0.451330351613831,0.506095105797104,-0.0613189690551985,NA,NA,NA,NA,NA,NA,0.0739692028867841,0.0654780174656,0.0534251015954814,0.14947724988333,0.0569944384125333,0.273544018892624
1,0.5,0.2,0.5,0.4,-0.2,1.00923473713938,0.44424160309242,0.116499872068413,0.514872471899457,0.457529805040866,-0.21903507193791,NA,NA,NA,NA,NA,NA,0.0684642862672254,0.0615760437959367,0.0485909889666475,0.126292245667777,0.0512526458638793,0.217949168051356
1,0.5,0.2,0.5,0.4,-0.2,1.01394070692721,0.486397351923908,0.131209016998472,0.61107903358682,0.45984668875703,-0.309176758251554,NA,NA,NA,NA,NA,NA,0.0658556649869368,0.0628888874894984,0.0491235642534682,0.135730054157304,0.0513815226702785,0.224475246519794
1,0.5,0.2,0.5,0.4,-0.2,1.04254259943404,0.49353568847189,0.125855925793608,0.520831279810771,0.440821179137773,-0.3238616415592,NA,NA,NA,NA,NA,NA,0.0735968810525814,0.0674853962163156,0.0559379564889594,0.133693620218691,0.0548953516148785,0.213640955746599
1,0.5,0.2,0.5,0.4,-0.2,1.03758535149752,0.548765578507128,0.21002442768072,0.474717006162145,0.434723023158455,-0.125049844314946,NA,NA,NA,NA,NA,NA,0.0682844703733577,0.0611323774271909,0.0513511617189921,0.128654887873251,0.0502773478663911,0.228613459343846
1,0.5,0.2,0.5,0.4,-0.2,1.07389186240187,0.41676919997812,0.163293645407863,0.438222739523718,0.376541193618236,-0.0170199170309182,NA,NA,NA,NA,NA,NA,0.0697770698299451,0.0633530001586097,0.0548708822066617,0.145086723460399,0.0532144376190204,0.27193860710034
1,0.5,0.2,0.5,0.4,-0.2,1.043627373281,0.537883960904367,0.172899965722318,0.548418023068983,0.434874668605158,-0.131582872806074,NA,NA,NA,NA,NA,NA,0.0657941889046723,0.0603081083874486,0.0486044779169065,0.147780461652769,0.0536663492695821,0.2648241054083
1,0.5,0.2,0.5,0.4,-0.2,0.886481226550694,0.532787430112207,0.104001414862904,0.304944357894081,0.273684263155454,0.102440883085172,NA,NA,NA,NA,NA,NA,0.069738368562105,0.0657179885931907,0.0594003835624518,0.120632053135948,0.0512372439484181,0.248897405569661
1,0.5,0.2,0.5,0.4,-0.2,1.10082530598978,0.442407527514649,0.223945112234246,0.959525463344643,0.380897751240697,-0.828907101780687,NA,NA,NA,NA,NA,NA,0.0601335098731804,0.0564724900069255,0.0477190940987308,0.169862129384462,0.0557739848619851,0.228613042601988
1,0.5,0.2,0.5,0.4,-0.2,0.979990582331007,0.643571770154376,0.276662348398765,0.309866589012152,0.293548243220071,-0.0482452922482799,NA,NA,NA,NA,NA,NA,0.0750276651910054,0.0720073840685206,0.0647648310428999,0.135561002411512,0.056041995218679,0.249639186302597
1,0.5,0.2,0.5,0.4,-0.2,1.0966158039433,0.410290234160661,0.0682276615917157,0.336929042431012,0.46717858662361,0.0307349550216179,NA,NA,NA,NA,NA,NA,0.0764597472676928,0.0672109112483707,0.0591971805303293,0.12357423843429,0.0534658055033743,0.233360527907179
1,0.5,0.2,0.5,0.4,-0.2,1.16058519129182,0.424013983915635,0.245394641567149,0.323225183633719,0.452642171769739,0.173946669851088,NA,NA,NA,NA,NA,NA,0.0764591336795505,0.0696246149045991,0.050920083716025,0.144764895095732,0.054972575210564,0.302152940254646
1,0.5,0.2,0.5,0.4,-0.2,0.864206449359915,0.58117986313832,0.157873346372169,0.439239681107823,0.301029822972592,0.0129731132121603,NA,NA,NA,NA,NA,NA,0.0627551220831545,0.0611012427574553,0.0541661924657315,0.105641943060457,0.0499238963548873,0.20562319444542
1,0.5,0.2,0.5,0.4,-0.2,0.951459694864498,0.509222803897943,0.150707506537749,0.568071546647695,0.414718200441963,-0.458274915288524,NA,NA,NA,NA,NA,NA,0.0694065771356489,0.0605351016986984,0.0579033210504431,0.140030495691408,0.0514211404830453,0.219202254474861
1,0.5,0.2,0.5,0.4,-0.2,0.976620901415461,0.561824248195099,0.176426518244722,0.409561246744632,0.444064088613913,-0.0112907880689756,NA,NA,NA,NA,NA,NA,0.0724131662025737,0.0672385827940572,0.051596337816777,0.126287696634034,0.0548999679184521,0.235457473430659
1,0.5,0.2,0.5,0.4,-0.2,1.0204342561751,0.510965984523806,0.231558810117611,0.53514135931185,0.395704921496592,-0.0436030125292015,NA,NA,NA,NA,NA,NA,0.0612973371560614,0.0570891242606029,0.0458136406951597,0.129725932391564,0.051583051340101,0.241671849667142
1,0.5,0.2,0.5,0.4,-0.2,1.09915251866729,0.457516591505005,0.367059152390943,0.6690955867466,0.377623020489683,-0.513927756341679,NA,NA,NA,NA,NA,NA,0.0676909429881546,0.0595926076029977,0.0543217886047879,0.148197978176478,0.0554972536564523,0.220634562292983
1,0.5,0.2,0.5,0.4,-0.2,0.980926312127152,0.478090099817133,0.130278728222743,0.35005316695917,0.405538504113523,-0.00328370093460223,NA,NA,NA,NA,NA,NA,0.0747477981048421,0.0671388544954035,0.0566818369660098,0.131616769665172,0.0522369179274836,0.252157699939018
1,0.5,0.2,0.5,0.4,-0.2,0.948329544870756,0.667047894520231,0.199748825732877,0.649220737430896,0.345752197469218,-0.39716462724619,NA,NA,NA,NA,NA,NA,0.0634428339942154,0.0596537596975646,0.053095292275185,0.142462170467309,0.0517317950681926,0.228430963450297
1,0.5,0.2,0.5,0.4,-0.2,0.956596459594296,0.52994628306753,0.244007135575375,0.4918447019945,0.424228947801492,-0.194143704329546,NA,NA,NA,NA,NA,NA,0.0678823928221754,0.0608557882013067,0.0522223337607825,0.130094849469516,0.0505564187957256,0.229850579664839
1,0.5,0.2,0.5,0.4,-0.2,0.974755980308463,0.513273825026235,0.156546598293433,0.515262000195123,0.423219331315156,-0.151844393989268,NA,NA,NA,NA,NA,NA,0.066316410497182,0.0580781620569628,0.0494091058683485,0.124398133295861,0.0531595177946449,0.222661158857767
1,0.5,0.2,0.5,0.4,-0.2,1.01195256975241,0.446476037042815,0.115014076290821,0.484109220402011,0.347740491798656,0.00673853456170453,NA,NA,NA,NA,NA,NA,0.0638895831712434,0.0596464035868,0.0496800961078504,0.119870150402452,0.05104146627728,0.226426793332426
1,0.5,0.2,0.5,0.4,-0.2,0.86756852306809,0.588418025255505,0.209951173372835,0.470448732675154,0.35694054699155,0.0464498515612525,NA,NA,NA,NA,NA,NA,0.0623219866796068,0.0545494275641448,0.0506464777425924,0.116561275358637,0.0528709219903239,0.234093106297396
1,0.5,0.2,0.5,0.4,-0.2,1.01609806350195,0.515005120695424,0.211895871069838,0.51098540333843,0.374920195098168,-0.438541645166768,NA,NA,NA,NA,NA,NA,0.0734711958227278,0.0684789986708929,0.0586191876238885,0.134569433471428,0.0585081529493762,0.206175841950606
1,0.5,0.2,0.5,0.4,-0.2,1.03253118790399,0.571094271412878,0.228142951433582,0.770574990667323,0.363643952263001,-0.633290426955075,NA,NA,NA,NA,NA,NA,0.0657877804934182,0.0559275036061974,0.0496833446744714,0.187428579013134,0.051472656472759,0.272620504507306
1,0.5,0.2,0.5,0.4,-0.2,1.07482985100438,0.437515133608488,0.205882009057883,0.62800207753802,0.415947152448338,-0.461457176486689,NA,NA,NA,NA,NA,NA,0.0684895907894867,0.0619433425934278,0.0476877312811584,0.166298273643999,0.0525672488797859,0.251511025237259
1,0.5,0.2,0.5,0.4,-0.2,0.868985525876577,0.643491733177519,0.246586755498609,0.541983759036621,0.414771543808134,-0.0791068282963467,NA,NA,NA,NA,NA,NA,0.0615447118930375,0.0574662380883777,0.0468489425329246,0.128719494340892,0.0478716607998636,0.244094834075443
1,0.5,0.2,0.5,0.4,-0.2,1.03737582152419,0.546577944330515,0.232880516494193,0.5840343052995,0.372461693400308,-0.349010235958428,NA,NA,NA,NA,NA,NA,0.0654033920127432,0.0654412793640384,0.0541562402513066,0.141733871061645,0.0516573631832894,0.229847966431354
1,0.5,0.2,0.5,0.4,-0.2,0.960820345044749,0.473864600037507,0.220249557631337,0.64050537507152,0.378123924524698,-0.289421311305979,NA,NA,NA,NA,NA,NA,0.0594656112007723,0.0538281801377148,0.046888414845592,0.122948693278509,0.0487125682833748,0.205942563595223
1,0.5,0.2,0.5,0.4,-0.2,0.836662475101013,0.522316705759437,0.192165140553564,0.34129008210244,0.36559474646996,0.168841533900506,NA,NA,NA,NA,NA,NA,0.0688809109969008,0.0648753318606391,0.0525249590814017,0.115183171466427,0.0494018965611534,0.246572430930842
1,0.5,0.2,0.5,0.4,-0.2,0.885953014162496,0.563253326660052,0.24482144744471,0.402533529415281,0.334696657135038,-0.107143343678952,NA,NA,NA,NA,NA,NA,0.0694039776288518,0.0605796656458809,0.0571172983148914,0.123433290247988,0.0513675791499633,0.220844152438783
1,0.5,0.2,0.5,0.4,-0.2,1.092133083468,0.504635691014563,0.17889055126961,0.475917289805035,0.437021072063428,-0.110221038254147,NA,NA,NA,NA,NA,NA,0.0708786852060079,0.0633314386402841,0.0558832668074049,0.161940433413146,0.0578632985064769,0.29313025002484
1,0.5,0.2,0.5,0.4,-0.2,0.984588666620643,0.475545047166887,0.239454765642251,0.273981901970732,0.491659794622051,0.231149571250726,NA,NA,NA,NA,NA,NA,0.0775458183592639,0.0686796044063666,0.0543037695233196,0.133206289322422,0.0516575548653988,0.289031453880626
1,0.5,0.2,0.5,0.4,-0.2,0.939635713595045,0.521236324752953,0.207069150664719,0.532912647049966,0.384160801470255,-0.186484319462051,NA,NA,NA,NA,NA,NA,0.063570994412785,0.0581995350069912,0.048557694378149,0.11650678344859,0.0527628375689606,0.206818916941865
1,0.5,0.2,0.5,0.4,-0.2,0.916198268499924,0.640898936679767,0.169899308919497,0.471831766622629,0.451596018499116,-0.150069327424598,NA,NA,NA,NA,NA,NA,0.0688338372242265,0.0604519855675114,0.0492894755395798,0.133398271534717,0.049644867514849,0.240394894615472
1,0.5,0.2,0.5,0.4,-0.2,0.857546243568551,0.534446870286128,0.287430989377499,0.55391379032318,0.322734913164829,-0.194735344412271,NA,NA,NA,NA,NA,NA,0.0612133662942459,0.0546131063972176,0.0483142843155958,0.118562410469783,0.0510908143031708,0.210279944725794
1,0.5,0.2,0.5,0.4,-0.2,1.02074837222261,0.437698500237664,0.1757505418275,0.56127549095711,0.438172733189771,-0.418434706095027,NA,NA,NA,NA,NA,NA,0.0733154662990803,0.0621457082840479,0.0534748054493496,0.136483364471781,0.0582430183680419,0.211506526768416
1,0.5,0.2,0.5,0.4,-0.2,0.966669840042719,0.506210651573212,0.208627856904041,0.640304323012825,0.356903707662028,-0.509521254405347,NA,NA,NA,NA,NA,NA,0.0675223757699992,0.0622585912349783,0.0531107233853362,0.168213699868629,0.0514916173250032,0.258408131866345
1,0.5,0.2,0.5,0.4,-0.2,1.0084779210034,0.52599186359725,0.214729935420222,0.589007637230998,0.39558309631055,-0.401048678212164,NA,NA,NA,NA,NA,NA,0.0689263837181417,0.064077081474826,0.0529002997470318,0.154982227550564,0.053662324034948,0.245359557736232
1,0.5,0.2,0.5,0.4,-0.2,1.10007825020345,0.467544698344259,0.171693105530396,0.482922716649468,0.40029739989233,-0.290214906915105,NA,NA,NA,NA,NA,NA,0.0740677158133136,0.0687990016736688,0.0559757469303009,0.138798349605338,0.0558768979536858,0.223329138172227
1,0.5,0.2,0.5,0.4,-0.2,1.03105636290082,0.465578959002244,0.15969171565672,0.57542121673683,0.360099849909696,-0.309769198392732,NA,NA,NA,NA,NA,NA,0.0674430853910827,0.0602483552152291,0.0518657201169875,0.142700633794748,0.0551177996540373,0.231815202444832
1,0.5,0.2,0.5,0.4,-0.2,0.970554212644443,0.492292266949305,0.156816998239972,0.852099311345917,0.47784465541593,-0.656513049772344,NA,NA,NA,NA,NA,NA,0.0612694442710004,0.0519194570399634,0.0419834184344359,0.14715831130976,0.0518609196675248,0.215536256239242
1,0.5,0.2,0.5,0.4,-0.2,0.884076542829215,0.51053588840564,0.167573223250917,0.487562095103917,0.402113080483932,-0.156982033138779,NA,NA,NA,NA,NA,NA,0.0672767374670337,0.0621716906028873,0.0468548256035025,0.149340973656242,0.050424710620933,0.266282421827944
1,0.5,0.2,0.5,0.4,-0.2,0.896987120853565,0.469822038037559,0.218551600665177,0.368675396321544,0.371171376585908,0.0108459788529026,NA,NA,NA,NA,NA,NA,0.0713313110563114,0.0669512233525519,0.0558187493835471,0.148030438198411,0.0515206564844259,0.286015258905769
1,0.5,0.2,0.5,0.4,-0.2,0.962504060498481,0.541713896782032,0.176845729571864,0.66244540615957,0.397740765567055,-0.560625109917328,NA,NA,NA,NA,NA,NA,0.0695410988680003,0.0626369409738411,0.05309090785746,0.164487774265268,0.0540602260734345,0.240972702560096
1,0.5,0.2,0.5,0.4,-0.2,1.10208888505216,0.47584635043059,0.238234770215341,0.62008468414521,0.463114589560518,-0.223541710094399,NA,NA,NA,NA,NA,NA,0.065193401395531,0.0600818632759459,0.0483603025731032,0.147862878235932,0.0522857089587682,0.258323796170076
1,0.5,0.2,0.5,0.4,-0.2,0.950190311477148,0.439656077056743,0.161094192350248,0.53423320516154,0.38726813985439,-0.171292600361691,NA,NA,NA,NA,NA,NA,0.0656731933994812,0.0564344160721227,0.0486723366627901,0.131318398936039,0.0523169118783811,0.238410707343691
1,0.5,0.2,0.5,0.4,-0.2,1.01855181276408,0.479161919853498,0.182034807191291,0.557772643771671,0.354449715839835,-0.127514600398539,NA,NA,NA,NA,NA,NA,0.061582685030934,0.0572140023847826,0.0524964249937643,0.131422913267977,0.053606292561249,0.23487057905262
1,0.5,0.2,0.5,0.4,-0.2,1.04972706989835,0.389144918399001,0.190991041002799,0.427324178093129,0.498872540123906,-0.151662870475636,NA,NA,NA,NA,NA,NA,0.0744506649047364,0.0627527883186085,0.0487658897018699,0.121164480782491,0.0526799725908494,0.20932764851865
1,0.5,0.2,0.5,0.4,-0.2,1.03346585999975,0.471658081350873,0.264433159886462,0.611558023331395,0.371302100316891,-0.39662542526664,NA,NA,NA,NA,NA,NA,0.066237285435386,0.0580395041335948,0.0517226083426962,0.134577907701126,0.0568241729427196,0.21780395993137
1,0.5,0.2,0.5,0.4,-0.2,0.939343891443075,0.522875069724689,0.252358278494782,0.41656023892192,0.407330676620093,0.267371718733471,NA,NA,NA,NA,NA,NA,0.0637088822891876,0.0567690086121121,0.048798449402422,0.119878844406401,0.048477010238378,0.275791640000497
1,0.5,0.2,0.5,0.4,-0.2,0.959841892811902,0.476141040486327,0.204177771934381,0.180732487237292,0.425944840711611,0.401858483556887,NA,NA,NA,NA,NA,NA,0.0773564822588844,0.0701145972393636,0.0568103785687493,0.127544289550534,0.0501098129157277,0.317274923354055
1,0.5,0.2,0.5,0.4,-0.2,1.03917116287115,0.44376348267916,0.146294670567712,0.399019304540418,0.479614365068437,-0.0451773006063264,NA,NA,NA,NA,NA,NA,0.0742078484159389,0.0646144166668923,0.052109409342504,0.118496288232199,0.0519859496866475,0.218655841132904
1,0.5,0.2,0.5,0.4,-0.2,1.04038913170272,0.574822778391125,0.17561128410273,0.193027043752084,0.391682845838769,0.0695415982425137,NA,NA,NA,NA,NA,NA,0.0844883474474098,0.0798556132653643,0.0629166904088156,0.16375316113987,0.0550650562884697,0.320249997810504
1,0.5,0.2,0.5,0.4,-0.2,1.09749074835573,0.512013036840211,0.180023050979543,0.591944488274955,0.415504136621849,-0.207621657837926,NA,NA,NA,NA,NA,NA,0.0650170222782419,0.0567587159388512,0.0474053210959513,0.140501052696616,0.0561407639647259,0.242752698949045
1,0.5,0.2,0.5,0.4,-0.2,0.876309467341767,0.487158367274897,0.114670188461376,0.587322396035379,0.396334059434029,-0.326058546272415,NA,NA,NA,NA,NA,NA,0.0637886869046134,0.0567397368583982,0.048262320578853,0.121138432592635,0.0511681394188281,0.203294426731845
1,0.5,0.2,0.5,0.4,-0.2,0.959079908660486,0.45294140042345,0.158031788911217,0.517205585926312,0.414521408114366,-0.17179838328918,NA,NA,NA,NA,NA,NA,0.0661950195911832,0.0610484716870152,0.0520418158567704,0.119985019556889,0.0524386304877096,0.209782787087329
1,0.5,0.2,0.5,0.4,-0.2,1.06151261735736,0.484183640679376,0.278737112872311,0.477591269685658,0.395325292953657,-0.249983213877879,NA,NA,NA,NA,NA,NA,0.0701782384066445,0.0655770501437241,0.0556963138839058,0.130434834544053,0.0528019052951101,0.217932361793684
1,0.5,0.2,0.5,0.4,-0.2,0.994015826762467,0.43319447210739,0.208177660935994,0.418856360197315,0.45100736835229,-0.0654518628132322,NA,NA,NA,NA,NA,NA,0.0711791603391942,0.0571849131548743,0.0516223813970734,0.136016197732173,0.0507443826799134,0.253457827846541
1,0.5,0.2,0.5,0.4,-0.2,0.974361029128355,0.602023811707936,0.208445658604566,0.554842136659687,0.314575540355908,-0.293903049482051,NA,NA,NA,NA,NA,NA,0.0653978928562419,0.0623707881559822,0.0566619251449024,0.129397914374346,0.0526170812000992,0.217953529594577
1,0.5,0.2,0.5,0.4,-0.2,0.964104250245429,0.512853092329567,0.15451073079879,0.601974940153948,0.407180026900212,-0.212103225637836,NA,NA,NA,NA,NA,NA,0.0634480501525855,0.0568165205337165,0.0453425673420788,0.114440932881668,0.0514575309547214,0.199222544062704
1,0.5,0.2,0.5,0.4,-0.2,1.08016872267491,0.549850674100011,0.0743458064213613,0.295293004432944,0.322882833503768,0.0140555194652981,NA,NA,NA,NA,NA,NA,0.0766133000510806,0.0733800882723709,0.0678785631747292,0.13294664562744,0.0563515074343665,0.24602636817393
1,0.5,0.2,0.5,0.4,-0.2,1.06509629556941,0.429609239573937,0.0799165343554902,0.589835301149194,0.377660955803616,-0.281188877861404,NA,NA,NA,NA,NA,NA,0.0648106527011722,0.0608124974674865,0.0530703592748116,0.140844204946192,0.0550549226456879,0.229824847952221
1,0.5,0.2,0.5,0.4,-0.2,1.00419162760892,0.495772445001233,0.256597251330971,0.427168667029259,0.4716121758512,-0.0642148298957022,NA,NA,NA,NA,NA,NA,0.0725925861433507,0.0657157363374666,0.0524327125421801,0.145069212510525,0.0527208744215638,0.263435489258337
1,0.5,0.2,0.5,0.4,-0.2,1.14071726026457,0.452937240199709,0.193037117487654,0.729104199716772,0.360471618123741,-0.739679636752083,NA,NA,NA,NA,NA,NA,0.071884365740239,0.0666117252052118,0.059394003344677,0.189095539450261,0.0565868655879296,0.255434962125809
1,0.5,0.2,0.5,0.4,-0.2,0.864321675285141,0.602037482797222,0.140921744172971,0.357233128091788,0.386849082754411,0.129928569614059,NA,NA,NA,NA,NA,NA,0.0682883964782953,0.0630744972294146,0.0500615710228951,0.108754157267999,0.0509872175517979,0.230465083598391
1,0.5,0.2,0.5,0.4,-0.2,1.04448943294589,0.461497839883493,0.135610109501064,0.483924381554995,0.331836690741598,-0.347829165406387,NA,NA,NA,NA,NA,NA,0.0697558637477486,0.0697909771247513,0.0588122899309204,0.134049272419061,0.0526109518542533,0.214059479709614
1,0.5,0.2,0.5,0.4,-0.2,1.03947407404599,0.413025895717509,0.161843514401452,0.376413482023181,0.413141323169896,0.00903051080327076,NA,NA,NA,NA,NA,NA,0.0722111489674166,0.066525342305702,0.0565747063189258,0.122364846668141,0.0510257732835445,0.231089157258981
1,0.5,0.2,0.5,0.4,-0.2,0.973291173439308,0.596980328548058,0.18797386720964,0.406177286530123,0.452291174384248,0.0998603630766502,NA,NA,NA,NA,NA,NA,0.0684283234103325,0.0611554080165957,0.051290781431841,0.149445693566139,0.0511729481928231,0.308221290750292
1,0.5,0.2,0.5,0.4,-0.2,1.03537896410391,0.427370801732627,0.207272223426682,0.37242758627941,0.430564755853823,-0.0506047890111792,NA,NA,NA,NA,NA,NA,0.0754494568276182,0.0693523687276697,0.0567363183969232,0.130287258711591,0.0524926792412833,0.23465782422892
1,0.5,0.2,0.5,0.4,-0.2,1.03835952297834,0.505690270801321,0.140877719928792,0.600888155586713,0.455239454235914,-0.263261444699352,NA,NA,NA,NA,NA,NA,0.0661313949102723,0.0569462187487445,0.0480327526444934,0.136628267302416,0.0543815008638616,0.227277729874778
1,0.5,0.2,0.5,0.4,-0.2,0.899303027789594,0.5806185234838,0.201639942873517,0.370197611982616,0.21963020556869,0.0208409880736063,NA,NA,NA,NA,NA,NA,0.0656687402255168,0.0627683590906275,0.0599517590549879,0.123737936866331,0.0491802550531859,0.245466761887107
1,0.5,0.2,0.5,0.4,-0.2,1.00109851522129,0.541417318203227,0.225213158286634,0.500532479264512,0.438185495777115,-0.178009640315778,NA,NA,NA,NA,NA,NA,0.070835183456027,0.0621710230605881,0.0501086729336124,0.146319557522723,0.0552521992522117,0.256133857515991
1,0.5,0.2,0.5,0.4,-0.2,1.0293088356175,0.578112138605882,0.269011374463807,0.434892671251081,0.45621982693235,-0.120587448661015,NA,NA,NA,NA,NA,NA,0.0735677781223943,0.0634030475379451,0.0542817648305359,0.149778513119547,0.0536592993204995,0.262886005558339
1,0.5,0.2,0.5,0.4,-0.2,1.00316143597049,0.502574473999423,0.189025272778797,0.606438879202621,0.458400637126528,-0.428969726993022,NA,NA,NA,NA,NA,NA,0.0677419229374226,0.059720484057172,0.0460386893064582,0.133950667699315,0.053108250421301,0.20651870731141
1,0.5,0.2,0.5,0.4,-0.2,0.962512602325988,0.586347637299684,0.211498040704715,0.345070598801294,0.365229955577464,0.0202273350646654,NA,NA,NA,NA,NA,NA,0.0716944383360458,0.0674223418148043,0.0612064299052638,0.131456299979644,0.053222322762919,0.255313178449969
1,0.5,0.2,0.5,0.4,-0.2,0.936093034966998,0.54259766096723,0.155585763989519,0.479774286781822,0.367667272642415,-0.0517500999287983,NA,NA,NA,NA,NA,NA,0.0648596830007406,0.0608853237769224,0.0528303562598405,0.118257021857977,0.0510633354996748,0.22486523578866
1,0.5,0.2,0.5,0.4,-0.2,0.857687744937218,0.560072786552546,0.328384229644128,0.639947306368903,0.377173294569588,-0.376559118854583,NA,NA,NA,NA,NA,NA,0.061902859302625,0.0557827316600877,0.0491579165612173,0.132590741930086,0.0519114509839999,0.217749755338425
1,0.5,0.2,0.5,0.4,-0.2,1.05415413169185,0.486115572516528,0.206396054055595,0.543782033494118,0.418321730077027,-0.378846925418164,NA,NA,NA,NA,NA,NA,0.0729985315814334,0.0663437829267823,0.0504757506117839,0.146075278127389,0.0581100557923163,0.231218276479916
1,0.5,0.2,0.5,0.4,-0.2,0.968652395030333,0.525847832169029,0.257880438842146,0.260250642476556,0.356415169616292,0.19875593556356,NA,NA,NA,NA,NA,NA,0.0745329463393504,0.066192243164573,0.0560089214154183,0.135996797486703,0.0518075737937578,0.299739974811697
1,0.5,0.2,0.5,0.4,-0.2,1.01627586438543,0.526705800341004,0.376898800591248,0.364179413444193,0.407961736952111,0.0105238343116342,NA,NA,NA,NA,NA,NA,0.0730551261797175,0.0680606052982872,0.0578487458076811,0.132008502206907,0.0511320119814287,0.252780922115228
1,0.5,0.2,0.5,0.4,-0.2,0.956656906422566,0.498854645387054,0.175891713605403,0.411865348454038,0.491942459413159,0.016797976834857,NA,NA,NA,NA,NA,NA,0.0713446236796786,0.0640235682739872,0.0515765626397575,0.121102279877296,0.0486545288243075,0.236612720617482
1,0.5,0.2,0.5,0.4,-0.2,0.954216731556066,0.478091234588598,0.0991925356163788,0.330925660955096,0.474733466837494,0.240429575507888,NA,NA,NA,NA,NA,NA,0.0708426168476275,0.063844200181562,0.0500974327369028,0.123535897915315,0.0517969451692518,0.278129129843388
1,0.5,0.2,0.5,0.4,-0.2,0.919320428518765,0.541725116156611,0.290084520565993,0.483756260462492,0.383677528317531,-0.151724401052157,NA,NA,NA,NA,NA,NA,0.0654953314763123,0.0596046050864468,0.0563614413529679,0.120195879978397,0.0547163486995993,0.207277803594896
1,0.5,0.2,0.5,0.4,-0.2,1.14606052994016,0.291297049875481,0.167432159203151,0.305909938211787,0.4809649068975,-0.138324667051307,NA,NA,NA,NA,NA,NA,0.087252973359939,0.0761264140903911,0.0567208047850834,0.179004676266128,0.0559577125479859,0.309157810584499
1,0.5,0.2,0.5,0.4,-0.2,1.06661049450969,0.40122462883944,0.186851419379902,0.357820005803801,0.417525568256809,-0.00270882398701818,NA,NA,NA,NA,NA,NA,0.0765569870776474,0.0718941385595737,0.0567527157916896,0.133418938961478,0.0540758515348117,0.251880743582842
1,0.5,0.2,0.5,0.4,-0.2,1.11504968436102,0.383186848739614,0.158395433702619,0.706824445086271,0.447641382574895,-0.565434184096711,NA,NA,NA,NA,NA,NA,0.0708804829294108,0.0588752437113007,0.0522078326017892,0.184104252260718,0.0545804307925121,0.268447616254881
1,0.5,0.2,0.5,0.4,-0.2,1.09661619500518,0.355481847366832,0.160484548171026,0.466865065194037,0.479824979360936,-0.0674465367117773,NA,NA,NA,NA,NA,NA,0.0722214327509368,0.0643427783042474,0.0518435908512825,0.130635849721827,0.0552857065786041,0.229215856084663
1,0.5,0.2,0.5,0.4,-0.2,1.05495821870511,0.48293933032249,0.125643202770427,0.253124588399623,0.369162131517065,0.15835536843546,NA,NA,NA,NA,NA,NA,0.0781663268436812,0.0714927049971572,0.0622832235530728,0.136629864170299,0.0570529065239569,0.280456610296543
1,0.5,0.2,0.5,0.4,-0.2,0.954027628608398,0.563548744722904,0.178261879823508,0.247787796308587,0.421457380579116,0.419632974090948,NA,NA,NA,NA,NA,NA,0.0724081754053592,0.0649261296030854,0.0482998089077415,0.126740868631548,0.0511346124548808,0.319875968190337
1,0.5,0.2,0.5,0.4,-0.2,1.01974663251162,0.444943644321728,0.30673970154136,0.651708168141522,0.438838393029364,-0.38443243700688,NA,NA,NA,NA,NA,NA,0.0659728682767932,0.0568849016005972,0.0499892796440262,0.146456698376207,0.052754006021134,0.23465257813206
1,0.5,0.2,0.5,0.4,-0.2,1.02904227781932,0.436960901782771,0.166038178803499,0.406920281267211,0.405091220448857,-0.0011964157166183,NA,NA,NA,NA,NA,NA,0.0693572504336665,0.0644282877696771,0.0517874812086891,0.118015106864411,0.0506684145007797,0.220251578268124
1,0.5,0.2,0.5,0.4,-0.2,1.00309439270924,0.426902540016229,0.157362536937926,0.49311135722708,0.377992847808209,-0.279732998980508,NA,NA,NA,NA,NA,NA,0.0699152912761474,0.0626420623765042,0.0563242355470178,0.13045039235543,0.0530902253475978,0.218432439216206
1,0.5,0.2,0.5,0.4,-0.2,0.944476523411832,0.436732882202966,0.148462732192258,0.530246549332277,0.402406699373424,-0.0280845487388387,NA,NA,NA,NA,NA,NA,0.0625756056132009,0.056745147404646,0.0460884318412572,0.124439594521746,0.0488494947733234,0.233124861905185
1,0.5,0.2,0.5,0.4,-0.2,0.975099901718907,0.547661921808184,0.221756728367979,0.406980076164722,0.437421085565567,-0.0498021081434659,NA,NA,NA,NA,NA,NA,0.0704809109544735,0.0654331829598219,0.0529573732576503,0.132470799087638,0.0497943907693315,0.255635132622869
1,0.5,0.2,0.5,0.4,-0.2,1.02345081357317,0.492581239300371,0.304845605668956,0.476643765100457,0.386302683351469,-0.0619671361707645,NA,NA,NA,NA,NA,NA,0.0667201786522299,0.0599423838646983,0.0517449230882832,0.136905942938487,0.0540198562264251,0.252479486427744
1,0.5,0.2,0.5,0.4,-0.2,0.946446394603929,0.555099421633199,0.179493175130594,0.503665368919967,0.36563029140971,-0.244839964432135,NA,NA,NA,NA,NA,NA,0.0662462815112831,0.0636968731432532,0.0548336333909664,0.131356020950911,0.055250612923928,0.218511837879953
1,0.5,0.2,0.5,0.4,-0.2,1.09567569511657,0.508207416862641,0.125510887396028,0.452585956421819,0.360636311196351,-0.121211801458415,NA,NA,NA,NA,NA,NA,0.0674862612095851,0.0625397715803495,0.0559460344898655,0.126245729842525,0.0546474102775035,0.230137939411127
1,0.5,0.2,0.5,0.4,-0.2,1.01258592226126,0.471881437377392,0.209436673051295,0.711389575150608,0.386530155097338,-0.561751001852012,NA,NA,NA,NA,NA,NA,0.0652684850662097,0.055803967003801,0.0508445719091434,0.149321927209796,0.0534171540470393,0.226459947266484
1,0.5,0.2,0.5,0.4,-0.2,1.13166239268571,0.457843299077426,0.233602279283387,0.396797314512977,0.445775382415233,-0.0146863775837162,NA,NA,NA,NA,NA,NA,0.075723515492464,0.0664332470243754,0.0532987318343963,0.127555945910867,0.0547661031039244,0.235749111314789
1,0.5,0.2,0.5,0.4,-0.2,0.957465561379759,0.474101235909443,0.263492300642604,0.549289462029051,0.392871325467021,-0.161137076388606,NA,NA,NA,NA,NA,NA,0.063133859007799,0.0568924327678756,0.0503256313912313,0.124033300448073,0.0494485823544191,0.226646509167006
1,0.5,0.2,0.5,0.4,-0.2,1.09959772853117,0.371455727944147,0.190937036425667,0.563636314848961,0.33969441384949,-0.228466016935499,NA,NA,NA,NA,NA,NA,0.06708354884434,0.0608405224207298,0.0536444135326132,0.150342406643719,0.0553762051061823,0.252067172578198
1,0.5,0.2,0.5,0.4,-0.2,0.969715301071714,0.486159433196095,0.137520421540909,0.209187127408832,0.345719840086326,0.408626042504767,NA,NA,NA,NA,NA,NA,0.0754115214286352,0.069297471424478,0.0562412717209615,0.128999241487772,0.0513772201827118,0.313602233562023
1,0.5,0.2,0.5,0.4,-0.2,0.906971666417289,0.563982659591453,0.203793940873021,0.584723757452954,0.366714907868376,-0.413559355116716,NA,NA,NA,NA,NA,NA,0.069048956263883,0.0614217040439759,0.0550187159356583,0.132524858708477,0.0564959738099408,0.209267279424812
1,0.5,0.2,0.5,0.4,-0.2,0.999029996701438,0.512819030869181,0.227178739979716,0.136026014728125,0.422084097791626,0.445306198232968,NA,NA,NA,NA,NA,NA,0.0803725168908729,0.0706031061238345,0.056750130847882,0.146197390024588,0.0496999913473581,0.369408358736911
1,0.5,0.2,0.5,0.4,-0.2,1.05227058864239,0.461827327973024,0.204814485107084,0.298445832405255,0.48073317906905,0.214427777710435,NA,NA,NA,NA,NA,NA,0.0753961353263132,0.0692282676129555,0.0545497150362335,0.162350008503401,0.0505557671818636,0.367684516447785
1,0.5,0.2,0.5,0.4,-0.2,0.83750804620305,0.532075813025341,0.158035650997155,0.610551003392423,0.425127509987552,-0.1779264984508,NA,NA,NA,NA,NA,NA,0.060157541579101,0.0551893543579622,0.0483620765485392,0.118204766309261,0.0491071161520617,0.208432625827217
1,0.5,0.2,0.5,0.4,-0.2,1.13610463477715,0.386982813790994,0.13482854321306,0.656842512492539,0.484961780350253,-0.431893713569403,NA,NA,NA,NA,NA,NA,0.0677217869594082,0.0614332644826839,0.0465409785518968,0.140517816652498,0.0537876657591387,0.216188311622895
1,0.5,0.2,0.5,0.4,-0.2,1.08533958693793,0.444122201825022,0.0881411302817515,0.377436230106538,0.429553331031175,-0.125982394539406,NA,NA,NA,NA,NA,NA,0.0743359703825381,0.0632866713814622,0.0568019600166176,0.13769635370121,0.0520988232091785,0.246805670500211
1,0.5,0.2,0.5,0.4,-0.2,0.985594511961224,0.509624192200074,0.139462628164636,0.339655057608267,0.428797291567242,-0.0207612084743911,NA,NA,NA,NA,NA,NA,0.07614993793137,0.0678949003945719,0.0540186009854855,0.123270808693132,0.0523203884102233,0.229674318008463
1,0.5,0.2,0.5,0.4,-0.2,1.00135640321668,0.574790368388214,0.138541516675527,0.729805019018377,0.373405489724028,-0.567476960066243,NA,NA,NA,NA,NA,NA,0.0656126756378457,0.0577139513432746,0.0469881957032587,0.153544179425027,0.0540953367764032,0.232527865330427
1,0.5,0.2,0.5,0.4,-0.2,1.01431927929343,0.49193789430088,0.183906568794118,0.671908520101146,0.483611179489167,-0.422455797425899,NA,NA,NA,NA,NA,NA,0.066475268605626,0.0576849932519226,0.047087892427612,0.151295300211109,0.0509187033615315,0.238519047988486
1,0.5,0.2,0.5,0.4,-0.2,1.09653447432736,0.449800935011088,0.165390977556547,0.325755807478535,0.388616258716665,0.0649457761240663,NA,NA,NA,NA,NA,NA,0.0749241484754012,0.0717493294958674,0.0551675420764001,0.136880989260204,0.0523020962184126,0.262695896987997
1,0.5,0.2,0.5,0.4,-0.2,1.13255934744737,0.463662431787941,0.104806694720989,0.326076486789617,0.368951311139531,-0.147578442012127,NA,NA,NA,NA,NA,NA,0.0815948605207561,0.0747378698383502,0.0609226148346392,0.169279465028171,0.0547990463312861,0.284997525699399
1,0.5,0.2,0.5,0.4,-0.2,0.923489609930771,0.484068992147883,0.156351758377439,0.604616306707844,0.373008933171009,-0.408158252888442,NA,NA,NA,NA,NA,NA,0.0653753997448201,0.0603232734575764,0.053023651703583,0.129677275872009,0.051827469638269,0.205896498724268
1,0.5,0.2,0.5,0.4,-0.2,1.0445982723736,0.44501425746938,0.166591270082846,0.302348542717807,0.432969278917597,0.0172961677452523,NA,NA,NA,NA,NA,NA,0.0790421493214381,0.0769001017946341,0.0571796320931496,0.123692477172744,0.0526981634748006,0.233242443342188
1,0.5,0.2,0.5,0.4,-0.2,1.06628789485965,0.492465577560644,0.16188212445971,0.556140476060244,0.464871002144844,-0.286514043290589,NA,NA,NA,NA,NA,NA,0.0704624812047329,0.0597655537218632,0.0487673700021143,0.18190426278695,0.0507944100607224,0.306996199166106
1,0.5,0.2,0.5,0.4,-0.2,1.01333538921527,0.488038726819969,0.260705569712648,0.642383107556697,0.38706929423882,-0.369143067414987,NA,NA,NA,NA,NA,NA,0.0641915031646236,0.0576487602818333,0.050529587098032,0.146353136588682,0.049932472266207,0.23830652015795
1,0.5,0.2,0.5,0.4,-0.2,0.970956910294047,0.458125399418344,0.237476671255922,0.48548569301066,0.39445975762677,-0.246818478632164,NA,NA,NA,NA,NA,NA,0.0701200586007315,0.0650270054551562,0.0551378539282139,0.118966877992652,0.0520619438466809,0.199015262947029
1,0.5,0.2,0.5,0.4,-0.2,1.05558669111075,0.517664229840227,0.207056135860129,0.820438673928148,0.422068998303252,-0.687236116293015,NA,NA,NA,NA,NA,NA,0.0636237615288398,0.0562938059524682,0.0504486907555916,0.167788576350706,0.0530034045302966,0.236263722328554
1,0.5,0.2,0.5,0.4,-0.2,1.0030245952736,0.499270328172835,0.1615827928289,0.32225977292319,0.470880628109322,0.0995555817639201,NA,NA,NA,NA,NA,NA,0.0761319459208051,0.064799409383339,0.053567868292761,0.142005221051208,0.0506211460263457,0.287842889688847
1,0.5,0.2,0.5,0.4,-0.2,0.979170666359627,0.459857793671737,0.271257923581082,0.471800568889565,0.450007571732639,-0.0180931449787418,NA,NA,NA,NA,NA,NA,0.0674771345496372,0.0617002783206335,0.0527671542568293,0.136693486064215,0.0510483915260347,0.260089461445641
1,0.5,0.2,0.5,0.4,-0.2,1.1235701529734,0.441044041540735,0.117800742921571,0.345519682257751,0.395870547550222,-0.0235457194929693,NA,NA,NA,NA,NA,NA,0.0758528158571627,0.0692245888512957,0.0571768484404226,0.154541270564753,0.0520922867745072,0.292407760422418
1,0.5,0.2,0.5,0.4,-0.2,1.16591225941886,0.375443415430732,0.117877561072049,0.462234497505518,0.377686450343145,-0.269121509640315,NA,NA,NA,NA,NA,NA,0.0755593683093873,0.066621597958938,0.0581835613621593,0.146057382857643,0.0537503731908393,0.238490026975128
1,0.5,0.2,0.5,0.4,-0.2,1.11976303946249,0.451816654893019,0.221194853853686,0.478783255310974,0.423812413238743,-0.12676557356865,NA,NA,NA,NA,NA,NA,0.0691539386478324,0.060623499641364,0.0500286642829187,0.132662422879131,0.0555578655972614,0.231762929046408
1,0.5,0.2,0.5,0.4,-0.2,1.0824848926231,0.482213579348912,0.197701526110236,0.574707945367705,0.444673864678579,-0.39068277506654,NA,NA,NA,NA,NA,NA,0.0716530791379825,0.0608182085205909,0.0473713403908993,0.158891350705786,0.0508674468766518,0.249575784670063
1,0.5,0.2,0.5,0.4,-0.2,1.01789587827054,0.468200439650748,0.155513314848055,0.58654498836175,0.380198121803823,-0.343773242560853,NA,NA,NA,NA,NA,NA,0.0654703337664543,0.0589995422117814,0.0528614222952569,0.134348484571592,0.0532761018419023,0.218024203112046
1,0.5,0.2,0.5,0.4,-0.2,1.0488183403389,0.431185974294546,0.260312320490098,0.577927072267589,0.300613028340617,-0.263468482920127,NA,NA,NA,NA,NA,NA,0.0643667729326649,0.0582957471282077,0.0556434632320439,0.122908604968833,0.0528303619237077,0.204871870982936
1,0.5,0.2,0.5,0.4,-0.2,1.10089011024547,0.476848079707399,0.13374109371969,0.403143421680596,0.40526827575595,-0.072285935815595,NA,NA,NA,NA,NA,NA,0.0726457981490978,0.0665207234440916,0.0560430669839644,0.134336655092895,0.0537498853659393,0.240712450181268
1,0.5,0.2,0.5,0.4,-0.2,1.08827179460353,0.445814474794422,0.0554863271412051,0.596815880425469,0.423593528182473,-0.132149879514897,NA,NA,NA,NA,NA,NA,0.0629726550935883,0.0571715286744893,0.0475399221160936,0.135965479433919,0.0531929159786546,0.243044480181582
1,0.5,0.2,0.5,0.4,-0.2,0.979991144209182,0.585392980996373,0.225392905703886,0.455676415139952,0.326686171493434,-0.196689751075313,NA,NA,NA,NA,NA,NA,0.0693048177476123,0.0646988330549824,0.057583265167921,0.126322548553023,0.0524744309413651,0.217464616674578
1,0.5,0.2,0.5,0.4,-0.2,1.08501048730486,0.492122585591187,0.270785905152349,0.274503748885735,0.427537870410444,0.0142228064031951,NA,NA,NA,NA,NA,NA,0.0819271231420498,0.0765135018548744,0.060599280518338,0.139843572791719,0.0547956662510431,0.255512454950163
1,0.5,0.2,0.5,0.4,-0.2,0.974402799035062,0.547867163235343,0.159427745853721,0.323678648459878,0.408981119937131,0.0801074464094425,NA,NA,NA,NA,NA,NA,0.0725383644192687,0.0675635602588585,0.0551074716791585,0.127241798038976,0.0495800162370296,0.256968583035467
1,0.5,0.2,0.5,0.4,-0.2,0.962842445121452,0.522646459611828,0.144392581215025,0.399063259371617,0.369279447937079,-0.131192042370236,NA,NA,NA,NA,NA,NA,0.0702895828146601,0.0654910034715277,0.0564673854931943,0.131378265865133,0.0506915643155483,0.231869256502486
1,0.5,0.2,0.5,0.4,-0.2,0.957208666367198,0.450875237283785,0.276791037128533,0.613938181280203,0.444029509599004,-0.393778443189453,NA,NA,NA,NA,NA,NA,0.068925130110188,0.0618086112220276,0.054080708111756,0.141327249454628,0.0515567219076197,0.222867761504113
1,0.5,0.2,0.5,0.4,-0.2,1.1381106937997,0.401209101910121,0.174876687645189,0.375864963941482,0.472191662718314,0.00774715575930751,NA,NA,NA,NA,NA,NA,0.0752726907788313,0.0683965502164942,0.0560806550297849,0.127593506456531,0.0585570959492505,0.236680946551315
1,0.5,0.2,0.5,0.4,-0.2,0.920507869372573,0.569991974593396,0.222745867553986,0.645344364775961,0.418617985738304,-0.241144115793423,NA,NA,NA,NA,NA,NA,0.0595568747852502,0.056481396400295,0.047755138278164,0.119393221397884,0.0499626943900215,0.202694980230598
1,0.5,0.2,0.5,0.4,-0.2,0.923200214374676,0.523748945891872,0.126400181164331,0.517699875700365,0.423488047987672,-0.21990061284114,NA,NA,NA,NA,NA,NA,0.0666923361247199,0.0620596435306875,0.0532026291394992,0.131569099214246,0.0513387269098805,0.227570748826742
1,0.5,0.2,0.5,0.4,-0.2,0.948701301633918,0.49008516221271,0.265718774932024,0.533211851114002,0.428072293883193,-0.231663042858086,NA,NA,NA,NA,NA,NA,0.0687635733130133,0.0600397806978976,0.0472510752972181,0.136924068949775,0.0509860495006281,0.239684685442463
1,0.5,0.2,0.5,0.4,-0.2,0.996886691747689,0.512617622249414,0.138030710554457,0.514438461070324,0.411876973718223,-0.238650512459458,NA,NA,NA,NA,NA,NA,0.0700440127988554,0.0631755095598415,0.0530135082898812,0.175025866280177,0.0552362396378422,0.295668386032415
1,0.5,0.2,0.5,0.4,-0.2,1.08237276328167,0.513955224443324,0.320769806064596,0.4733123202367,0.399619663449039,-0.15289640126993,NA,NA,NA,NA,NA,NA,0.0689675775183418,0.0662850244735813,0.051801703804438,0.134617813247228,0.0511269568534771,0.232176401667713
1,0.5,0.2,0.5,0.4,-0.2,1.03281924235101,0.458355775628426,0.0794173227542513,0.769866536989496,0.35314404910073,-0.558600123065653,NA,NA,NA,NA,NA,NA,0.0604549526940709,0.054835274533835,0.0496312880571242,0.158961125938718,0.0526478134413893,0.239602139625961
1,0.5,0.2,0.5,0.4,-0.2,0.984414898108481,0.574631829880477,0.22322843971061,0.353896899063722,0.462376085076216,0.0261102937602648,NA,NA,NA,NA,NA,NA,0.0741823947200751,0.066625582003396,0.0511103219583681,0.127152700041459,0.0495496366987564,0.247228472644298
1,0.5,0.2,0.5,0.4,-0.2,0.959465440290966,0.513878957677002,0.203593834489077,0.645939024268146,0.415107327507613,-0.457840953924195,NA,NA,NA,NA,NA,NA,0.0659968662501732,0.0542066069996064,0.0516753660917462,0.147084050147034,0.0528183771483895,0.22835976931415
1,0.5,0.2,0.5,0.4,-0.2,0.90665315124892,0.505925434466227,0.0678035543236643,0.537149750850574,0.361026151856581,-0.30934129247547,NA,NA,NA,NA,NA,NA,0.0657252679070039,0.0595653004709313,0.057627785753759,0.140246333775931,0.047811483130961,0.237575105593706
1,0.5,0.2,0.5,0.4,-0.2,0.977741354002704,0.433468863955192,0.263356940647296,0.664572162809148,0.344875222179707,-0.36741631637945,NA,NA,NA,NA,NA,NA,0.0615684919058653,0.0551380675720705,0.0489311381213868,0.138083068991241,0.0528372044775137,0.227376252669859
1,0.5,0.2,0.5,0.4,-0.2,0.987382546289035,0.54315384878233,0.151332038008381,0.549119444233078,0.366526022614881,-0.265173370213726,NA,NA,NA,NA,NA,NA,0.0645820299314521,0.063025000973498,0.0539471718131328,0.130559377014347,0.0510813233951765,0.215755149914225
1,0.5,0.2,0.5,0.4,-0.2,1.01517954151678,0.566605591324007,0.233906227036763,0.778870050891345,0.378318514804858,-0.547772955676895,NA,NA,NA,NA,NA,NA,0.0602419268308992,0.0569502955548053,0.050282807709658,0.149559793481346,0.0552360728843055,0.21972224886616
1,0.5,0.2,0.5,0.4,-0.2,1.02418704833149,0.547198920776241,0.297038140279533,0.760719817358326,0.509727742123202,-0.633457087523778,NA,NA,NA,NA,NA,NA,0.0695320403981303,0.057501330254739,0.0432894905312652,0.165960139760679,0.0551017379309882,0.242662082914208
1,0.5,0.2,0.5,0.4,-0.2,1.05259000563934,0.580226096863101,0.217094397127397,0.447127499247945,0.371757425125325,-0.07528455358934,NA,NA,NA,NA,NA,NA,0.0686234974905884,0.0659278563127392,0.0562537348871441,0.123081246155841,0.0537216037910046,0.224115474522578
1,0.5,0.2,0.5,0.4,-0.2,0.848312607698391,0.655699888416328,0.195547421404335,0.364906658072086,0.366004212108027,0.068691736015949,NA,NA,NA,NA,NA,NA,0.0669034992604029,0.0624572602348883,0.0537887537225277,0.105401904768445,0.0489281602391508,0.215498223212499
1,0.5,0.2,0.5,0.4,-0.2,0.972646697674321,0.563437585547997,0.353943104511459,0.455004082448272,0.462372358760861,-0.129933573825446,NA,NA,NA,NA,NA,NA,0.0718757534404942,0.0660746078935197,0.0557212260910326,0.144621430209046,0.0542375821988794,0.259978132309756
1,0.5,0.2,0.5,0.4,-0.2,0.969379906943221,0.484165245808048,0.247931409484877,0.51243038006994,0.349608581281841,-0.208543610645169,NA,NA,NA,NA,NA,NA,0.0660113368863371,0.0608073712874359,0.0566155592126875,0.123310111571843,0.0510623822634075,0.213748612164258
1,0.5,0.2,0.5,0.4,-0.2,1.02048331291412,0.557965144366304,0.170138557121577,0.423679361345892,0.391979558279189,-0.186815105213065,NA,NA,NA,NA,NA,NA,0.072101292149182,0.0648812707051635,0.0569053108027097,0.132609965289507,0.0550054715883536,0.226282437964803
1,0.5,0.2,0.5,0.4,-0.2,0.948065723310118,0.558119701456179,0.148673131658188,0.377250606768647,0.476915911009357,0.0111555533683127,NA,NA,NA,NA,NA,NA,0.0711866375397682,0.06278766979398,0.0558056737597706,0.135065061272963,0.0508977212698951,0.261553131053833
1,0.5,0.2,0.5,0.4,-0.2,1.03996407638369,0.565925075504507,0.306419783053506,0.609525435058937,0.335889530274445,-0.354673908056226,NA,NA,NA,NA,NA,NA,0.0666255695273275,0.0614382083821891,0.0543420885586319,0.163802909388364,0.0492579787175619,0.2677509905868
1,0.5,0.2,0.5,0.4,-0.2,1.00462418864895,0.555907540003149,0.199758432556913,0.549544006538111,0.34176334339379,-0.379166687325934,NA,NA,NA,NA,NA,NA,0.0676144703070816,0.0629633878290654,0.0610142295246331,0.142778065515298,0.0562238139226427,0.222595216563507
1,0.5,0.2,0.5,0.4,-0.2,1.04520317792531,0.577515126142272,0.220798344747576,0.550667835664405,0.377805554660115,-0.404776304542023,NA,NA,NA,NA,NA,NA,0.0703514127496941,0.0623849942690425,0.0574711864392479,0.148326745017568,0.0520387002044062,0.23190404057164
1,0.5,0.2,0.5,0.4,-0.2,1.01119331122049,0.539866887204523,0.266227848909262,0.142048870932484,0.417200196014352,0.880456326176851,NA,NA,NA,NA,NA,NA,0.0747950701741281,0.0651632235401778,0.0535603769873926,0.114063490383165,0.0487493973785307,0.387059312918327
1,0.5,0.2,0.5,0.4,-0.2,1.01959520923026,0.487497857418979,0.128299985789382,0.217917206047892,0.448572478130536,0.556952181488819,NA,NA,NA,NA,NA,NA,0.0763564023873658,0.0720311404425009,0.0555116807673607,0.132761355073915,0.049052446693603,0.360412390552239
1,0.5,0.2,0.5,0.4,-0.2,1.06998311936737,0.483084207331477,0.197842151540562,0.246883141871341,0.384215919664204,0.467205300564719,NA,NA,NA,NA,NA,NA,0.0735615175803477,0.0708498901588867,0.0523759728974985,0.128545674525066,0.0531334109922221,0.323609544855374
1,0.5,0.2,0.5,0.4,-0.2,1.04559356464475,0.486241932155698,0.234248082048162,0.697384898890679,0.427026605139152,-0.698895119062294,NA,NA,NA,NA,NA,NA,0.0758678472503983,0.0629798433990654,0.0520066332872481,0.18685920364564,0.0555690584520264,0.263718195015186
1,0.5,0.2,0.5,0.4,-0.2,1.01412749577321,0.4073709642754,0.167481274995681,0.304371367982027,0.46503381536041,-0.0555725130138302,NA,NA,NA,NA,NA,NA,0.0814414344849175,0.0706297782849205,0.0565493650915106,0.12844810068049,0.0506743867895662,0.229647693164949
1,0.5,0.2,0.5,0.4,-0.2,1.02871407320172,0.455211782477812,0.15865673158728,0.8210395218721,0.318912219180703,-0.618809488851228,NA,NA,NA,NA,NA,NA,0.0593096578898609,0.0552871986113189,0.0521353433310615,0.150386348151056,0.0542919733716067,0.217846128811558
1,0.5,0.2,0.5,0.4,-0.2,1.06184598158436,0.460707282462721,0.24902997163794,0.752943260414986,0.413449813372918,-0.637450841127152,NA,NA,NA,NA,NA,NA,0.065941275312345,0.0624727791340757,0.0536236635339208,0.153759496857614,0.0570500583205792,0.214809584968651
1,0.5,0.2,0.5,0.4,-0.2,0.914665771722085,0.468418085786222,0.193019648890157,0.557429750325848,0.337031300400006,-0.252221187633542,NA,NA,NA,NA,NA,NA,0.0643483197002455,0.0576630420202005,0.0524534212509988,0.126373299585447,0.0511526261066423,0.216511421616903
1,0.5,0.2,0.5,0.4,-0.2,1.04184032948319,0.450446716115299,0.16971363659994,0.667096289856875,0.397765508371751,-0.492924868739051,NA,NA,NA,NA,NA,NA,0.0682783201175025,0.0585082312636211,0.0511498445201214,0.157061675324248,0.055283115661412,0.236540539591609
1,0.5,0.2,0.5,0.4,-0.2,0.979028188826671,0.49603591707887,0.0403987945724672,0.495688964702866,0.316125068525593,-0.150946773565491,NA,NA,NA,NA,NA,NA,0.0644664555769252,0.0590119072132717,0.0504152431045551,0.131436481396153,0.0510832124948442,0.230690171010203
1,0.5,0.2,0.5,0.4,-0.2,0.986429809584656,0.501131894194531,0.206897336975487,0.416400736539935,0.320325750491716,-0.158300095033259,NA,NA,NA,NA,NA,NA,0.0719445687583811,0.0674802421926081,0.0609947085592167,0.138151804211284,0.0529695267323044,0.246001937328717
1,0.5,0.2,0.5,0.4,-0.2,1.01504531274997,0.483628302932905,0.226340386236047,0.512251461935122,0.430951799248206,-0.247114634284477,NA,NA,NA,NA,NA,NA,0.071188513224418,0.0642092080372891,0.0529215122556561,0.137958604156099,0.0574668038487685,0.227595739101332
1,0.5,0.2,0.5,0.4,-0.2,0.946587789932608,0.470096739533049,0.16161601064415,0.753442285998613,0.415471664174558,-0.624897737976441,NA,NA,NA,NA,NA,NA,0.0680458018795772,0.0575988622531739,0.0448286257442383,0.179174766888439,0.0505024505398427,0.262870665201078
1,0.5,0.2,0.5,0.4,-0.2,0.949678366414853,0.426520108937542,0.16945804124134,0.439239217921711,0.479054818916411,-0.166857345577092,NA,NA,NA,NA,NA,NA,0.0733585249643415,0.0649920757703494,0.0511712408371527,0.129975916531101,0.0542766638965283,0.226630362651581
1,0.5,0.2,0.5,0.4,-0.2,0.975401931206782,0.646162089106107,0.0339688579923014,0.399028419217347,0.402594166199585,-0.183713724021189,NA,NA,NA,NA,NA,NA,0.0739813874689565,0.0717230724826014,0.0635280020001883,0.134367366201348,0.0532301860468951,0.225094760480206
1,0.5,0.2,0.5,0.4,-0.2,1.05930225330324,0.465812857576156,0.133330357593285,0.611739125856977,0.487378824007604,-0.215433581324789,NA,NA,NA,NA,NA,NA,0.0669157583206217,0.0592315328916078,0.0443305601639831,0.144221444617712,0.0531307569717415,0.243009657802851
1,0.5,0.2,0.5,0.4,-0.2,0.996367378331883,0.528572865460278,0.250192871181994,0.508234445871687,0.387375949401841,-0.308338501897736,NA,NA,NA,NA,NA,NA,0.069933872872683,0.0621880288762618,0.0549592647510215,0.142187588806144,0.0507782542159081,0.234632751292424
1,0.5,0.2,0.5,0.4,-0.2,0.947889542796606,0.488291721937648,0.200359080096762,0.453625520772098,0.419277174815857,-0.00289152064203376,NA,NA,NA,NA,NA,NA,0.0658917835341152,0.0591337531771054,0.0513497867558805,0.122386728902404,0.0514735749027645,0.239625890666774
1,0.5,0.2,0.5,0.4,-0.2,1.05625617621389,0.491439012088418,0.207809686795002,0.386768777141103,0.422641166096519,-0.0383392498512839,NA,NA,NA,NA,NA,NA,0.07245489290375,0.0646426092966489,0.0571327577649332,0.126690569756526,0.0531864101043821,0.233283620167299
1,0.5,0.2,0.5,0.4,-0.2,0.975414261513476,0.466999897029234,0.204459399305917,0.449326039587158,0.374568035657475,-0.0362881172908737,NA,NA,NA,NA,NA,NA,0.066535398729566,0.0676218423115819,0.052932162370212,0.120955477172426,0.0526502151923577,0.228370843602122
1,0.5,0.2,0.5,0.4,-0.2,0.910261563630737,0.446527627592158,0.187683367375869,0.542446064247594,0.417067165501034,-0.162012180624689,NA,NA,NA,NA,NA,NA,0.063788354143056,0.0564302306964792,0.0492776326935156,0.121757645284671,0.0497917322344442,0.216832569091982
1,0.5,0.2,0.5,0.4,-0.2,1.0046085954095,0.465088155549073,0.165773423204008,0.480283159409965,0.377903986049715,-0.137277293780499,NA,NA,NA,NA,NA,NA,0.0675818940394798,0.0608754797565741,0.0507799681937677,0.130700483297836,0.0540324343442859,0.233081802751785
1,0.5,0.2,0.5,0.4,-0.2,0.975046779062112,0.529269836423845,0.199420675304187,0.606608990970954,0.45039947591079,-0.379754505336605,NA,NA,NA,NA,NA,NA,0.0679268426253723,0.062648599476396,0.0509981124605879,0.155896196712519,0.0513774872441698,0.244496820308519
1,0.5,0.2,0.5,0.4,-0.2,1.01068969932553,0.535856676742958,0.136029458125093,0.394751238410063,0.497298786134606,0.101373906452495,NA,NA,NA,NA,NA,NA,0.0723942033387478,0.0634514946714051,0.0451217955150696,0.126078137722211,0.053777955853644,0.259879499131449
1,0.5,0.2,0.5,0.4,-0.2,0.958671144042217,0.501925080389136,0.156452464064923,0.405433003745052,0.427262804039181,0.0053721456702452,NA,NA,NA,NA,NA,NA,0.0705659145133159,0.06564516511294,0.0552415122192448,0.135746618814871,0.0519697202504561,0.261972385346789
1,0.5,0.2,0.5,0.4,-0.2,1.04619228517372,0.52243813716336,0.160473250805,0.707903883050474,0.430737138494762,-0.480537053926205,NA,NA,NA,NA,NA,NA,0.0639851923446621,0.0576697872085266,0.0475717299355301,0.130491554084531,0.0532976538237509,0.194832733007758
1,0.5,0.2,0.5,0.4,-0.2,0.983572347169043,0.479682909695006,0.201518179026178,0.227122485322403,0.428298686581609,0.242858829309296,NA,NA,NA,NA,NA,NA,0.0774594139460644,0.0705815914587423,0.0542772380698271,0.121969432169052,0.0501828114253785,0.266611684909575
1,0.5,0.2,0.5,0.4,-0.2,0.901306806844088,0.570877584253306,0.120572494247464,0.392274648665289,0.403135937105217,-0.123475171880457,NA,NA,NA,NA,NA,NA,0.0728469265294188,0.069807407833663,0.0546224579744548,0.134644445934315,0.0517075575410387,0.245118749943225
1,0.5,0.2,0.5,0.4,-0.2,0.940538301148899,0.606061056716338,0.173517713253652,0.491818861842693,0.360486067635299,-0.294991969954539,NA,NA,NA,NA,NA,NA,0.0688944958405479,0.064590255090209,0.0587542755775158,0.126255359199971,0.0531313868602552,0.211957493578239
1,0.5,0.2,0.5,0.4,-0.2,1.00323510507797,0.470410326879313,0.279121001160489,0.478241410404116,0.489699675268972,0.0210511194445544,NA,NA,NA,NA,NA,NA,0.0700885769320633,0.0588519379169599,0.0497437809210342,0.131714483215131,0.0528609027905898,0.263413467969905
1,0.5,0.2,0.5,0.4,-0.2,0.916643203910616,0.563592969373316,0.225256445535013,0.661608052743964,0.445599712394078,-0.475237862224422,NA,NA,NA,NA,NA,NA,0.0658524265880946,0.0605278396224302,0.0481561671654397,0.142945149284909,0.0550561039295723,0.219899141732258
1,0.5,0.2,0.5,0.4,-0.2,1.00371345452177,0.480549845349184,0.25466547789729,0.318240008596531,0.351835831946691,-0.12920772528814,NA,NA,NA,NA,NA,NA,0.0801360131970949,0.0712480011500351,0.0621105215369238,0.151346299282069,0.0555942130411306,0.262320740900887
1,0.5,0.2,0.5,0.4,-0.2,1.08303704525893,0.431990442359024,0.156990269947487,0.49087598967291,0.374526579771355,-0.128243470218952,NA,NA,NA,NA,NA,NA,0.0691440389365363,0.0652192372535732,0.0531023369683825,0.144321985454256,0.0535902091864293,0.25578531088215
1,0.5,0.2,0.5,0.4,-0.2,1.0606832171345,0.518181514916883,0.171901520618333,0.542694876345206,0.378655905598283,-0.164926976336094,NA,NA,NA,NA,NA,NA,0.0646878956715739,0.059945488502833,0.0504708151300716,0.126896519604909,0.0532206850625963,0.221323647870332
1,0.5,0.2,0.5,0.4,-0.2,1.0983838747928,0.515755584764489,0.168269267023956,0.566157765972177,0.427358301859507,-0.212308778732074,NA,NA,NA,NA,NA,NA,0.0674175373051045,0.0619099770253741,0.0535167285938032,0.168881935374643,0.0537904405596109,0.289221428981271
1,0.5,0.2,0.5,0.4,-0.2,1.08585028251601,0.361327249575268,0.235288414189504,0.433362375483111,0.394029511399253,-0.086566354771251,NA,NA,NA,NA,NA,NA,0.0706427623502648,0.0643764950750694,0.0567346557725774,0.151610103658143,0.0517470324563694,0.27632273505812
1,0.5,0.2,0.5,0.4,-0.2,0.939141957711016,0.566716600538547,0.223645059984847,0.529396901357148,0.416498300259507,-0.218187235292029,NA,NA,NA,NA,NA,NA,0.0668695236105998,0.0609911714307975,0.0503111464331123,0.139003017791201,0.0510548391738678,0.24154272079665
1,0.5,0.2,0.5,0.4,-0.2,0.943121948721413,0.554411725320741,0.177491987920023,0.577882922186148,0.42303624987439,-0.201734495262762,NA,NA,NA,NA,NA,NA,0.0643507958767789,0.0584147714555096,0.0481539445297524,0.125394308617543,0.0528809183663275,0.214549754163208
1,0.5,0.2,0.5,0.4,-0.2,1.05765745997699,0.488914647731165,0.31920951714495,0.368891924541418,0.395728885560566,-0.0214403343185479,NA,NA,NA,NA,NA,NA,0.0717658641273475,0.0668920027279528,0.0592252659368007,0.148399544842574,0.0502222223164521,0.283915227136552
1,0.5,0.2,0.5,0.4,-0.2,1.01435555797815,0.522862646434674,0.248917709672314,0.35275011533054,0.359822595767909,0.0043573894136995,NA,NA,NA,NA,NA,NA,0.0731016389196392,0.0657673981577432,0.0567971770885736,0.124309953072988,0.0566649435275302,0.230298896491421
1,0.5,0.2,0.5,0.4,-0.2,0.9680499633915,0.45271864839643,0.0911825734385039,0.600464496114448,0.431819272114355,-0.392767043844002,NA,NA,NA,NA,NA,NA,0.0674761627878736,0.0616880465887451,0.0505086164726239,0.122238741973195,0.0509596021508517,0.190759281285256
1,0.5,0.2,0.5,0.4,-0.2,1.02465664239137,0.596538630212065,0.200242351536471,0.347139692108602,0.319756895305358,-0.127842458976564,NA,NA,NA,NA,NA,NA,0.074852716877097,0.0700679891113438,0.068022801580849,0.151624173974178,0.0542831262515684,0.263559201906822
1,0.5,0.2,0.5,0.4,-0.2,1.02828616778631,0.432891192783922,0.215302908506694,0.403859147862126,0.406536504742738,0.000329525792029365,NA,NA,NA,NA,NA,NA,0.0702237975084016,0.066462314624209,0.0518174737768542,0.120892845821091,0.0534710826730577,0.23476025149366
1,0.5,0.2,0.5,0.4,-0.2,1.07691301260695,0.430620822821259,0.174138552140747,0.517829523123634,0.521298899575712,-0.180130945865821,NA,NA,NA,NA,NA,NA,0.0726721204917762,0.0697980341392127,0.0534726285800066,0.134921343166915,0.0533576199584946,0.231255847363176
1,0.5,0.2,0.5,0.4,-0.2,1.01999888369065,0.568010942872988,0.203186800327268,0.393300459083721,0.464540054186236,0.19850406388738,NA,NA,NA,NA,NA,NA,0.0683482500574859,0.0596151584893064,0.0454917955171738,0.120028889794598,0.0554925310588498,0.255024447910671
1,0.5,0.2,0.5,0.4,-0.2,0.975168870035108,0.510745702409853,0.210524841146942,0.36943733075314,0.488585393119157,-0.0176046730653555,NA,NA,NA,NA,NA,NA,0.0741298523803347,0.0659021105874709,0.0568054194130523,0.142306959293503,0.052722546915732,0.271583514320757
1,0.5,0.2,0.5,0.4,-0.2,1.08600136492094,0.45510610834954,0.29377532712484,0.474565289014872,0.52240098525609,-0.134733104744359,NA,NA,NA,NA,NA,NA,0.0751978498181804,0.0625175504961246,0.05214132274852,0.136735647512877,0.0552817301540826,0.24198550836376
1,0.5,0.2,0.5,0.4,-0.2,1.05194975068457,0.375000043585622,0.204554067481214,0.584890721943951,0.357237564248881,-0.399410051258264,NA,NA,NA,NA,NA,NA,0.0674893423842341,0.0623187742137282,0.0538233795258875,0.143540626944595,0.0514662602979507,0.221567368765625
1,0.5,0.2,0.5,0.4,-0.2,1.15529110124628,0.410816434579569,0.247873023636272,0.719713668800349,0.384009933863704,-0.454289496605691,NA,NA,NA,NA,NA,NA,0.0620880487457189,0.0530314752901219,0.0516216369281114,0.150708309755819,0.055434010468585,0.225399443602243
1,0.5,0.2,0.5,0.4,-0.2,1.10762797410546,0.425755564998825,0.223212205545782,0.780184418004502,0.38460661920821,-0.655326491245553,NA,NA,NA,NA,NA,NA,0.067949288179082,0.0578277816693664,0.0491781787245284,0.208274332715557,0.0539571325010331,0.296398172232747
1,0.5,0.2,0.5,0.4,-0.2,1.01584776634506,0.555470150869341,0.156344584708352,0.489548400845931,0.354318163078734,-0.0848616418029131,NA,NA,NA,NA,NA,NA,0.0655720139446432,0.0645975145875031,0.0502302383750699,0.12882819503954,0.0526389663537998,0.237373554861979
1,0.5,0.2,0.5,0.4,-0.2,1.0091433316864,0.475737157140329,0.264316066294893,0.568865060139622,0.350122535669875,-0.193579410101793,NA,NA,NA,NA,NA,NA,0.0615396968796704,0.0569232757473503,0.0506218090933106,0.127750859682647,0.0529167751279543,0.221532716480022
1,0.5,0.2,0.5,0.4,-0.2,0.974658852782161,0.496330865440315,0.179635500113996,0.597202357049301,0.491076872786934,-0.293910901276359,NA,NA,NA,NA,NA,NA,0.0664712112916018,0.0580293411360749,0.0491448640728651,0.134124430798975,0.0524423323121253,0.221757399663443
1,0.5,0.2,0.5,0.4,-0.2,0.954306003989086,0.517066349601366,0.191430274008993,0.451114205267932,0.365748779653028,0.0104770223150667,NA,NA,NA,NA,NA,NA,0.0643786327816439,0.0625851749850436,0.053385535468202,0.136361000626726,0.0531530850896848,0.263202338916704
1,0.5,0.2,0.5,0.4,-0.2,1.12286882373495,0.388690191662308,0.195781927415968,0.391467644824561,0.474811552936367,-0.000902169032700416,NA,NA,NA,NA,NA,NA,0.0786321886821467,0.0695429396483913,0.0541757475223472,0.151640619371466,0.0599608927050522,0.280151246493701
1,0.5,0.2,0.5,0.4,-0.2,1.0508918669899,0.477783463555291,0.268903081204947,0.294354087413974,0.48072015375705,-0.0800293453561409,NA,NA,NA,NA,NA,NA,0.0836216955290106,0.0727694259138043,0.0548937673851338,0.149460573933083,0.0549610584176847,0.269396444173447
1,0.5,0.2,0.5,0.4,-0.2,0.945939151141734,0.449705597578078,0.215956800409528,0.570661769387458,0.404582561780498,-0.167942281460102,NA,NA,NA,NA,NA,NA,0.0627934610925126,0.0573251885674796,0.049999923731523,0.125931187005435,0.0520883008267743,0.222233273219213
1,0.5,0.2,0.5,0.4,-0.2,0.975878111054413,0.510807032921908,0.188243900372044,0.560958453888316,0.390639959041268,-0.269997693774406,NA,NA,NA,NA,NA,NA,0.0680184248119425,0.0610602922128834,0.0543302656919893,0.136325840408959,0.0551608801819212,0.224421415146533
1,0.5,0.2,0.5,0.4,-0.2,1.03972414595817,0.32012465111316,0.223686881564384,0.303686819124181,0.463664715582819,0.155881220287187,NA,NA,NA,NA,NA,NA,0.0750033020915881,0.0669818999015088,0.0570061781497435,0.134852313070623,0.0491545473665108,0.284965102138406
1,0.5,0.2,0.5,0.4,-0.2,1.02258530124976,0.461534190440808,0.206934380306316,0.51875744977088,0.448826700432138,-0.362740118104049,NA,NA,NA,NA,NA,NA,0.0732046737443172,0.0633726243515954,0.0527604818437817,0.122941794451371,0.0553501992032336,0.191720783415551
1,0.5,0.2,0.5,0.4,-0.2,1.13445395194736,0.466702124888259,0.0724224052908352,0.40790068140772,0.438967516172268,-0.03261701165095,NA,NA,NA,NA,NA,NA,0.0746165860440089,0.0688566753507244,0.0512329962723124,0.13125974912949,0.0525196420455083,0.23924325106807
1,0.5,0.2,0.5,0.4,-0.2,0.871962908395146,0.601878864943657,0.189710105557189,0.583019450472689,0.455486141313354,-0.241155467324299,NA,NA,NA,NA,NA,NA,0.063155109157026,0.056517709277363,0.0477594454113012,0.123956658698706,0.0502939073450105,0.21370663325733
1,0.5,0.2,0.5,0.4,-0.2,0.960810824441608,0.449380750285851,0.271546945150305,0.49367562300179,0.390942504997231,-0.177479741583016,NA,NA,NA,NA,NA,NA,0.0667764708270828,0.0627487269569865,0.0516374882861672,0.121107032156771,0.0540059738017965,0.208835142177812
1,0.5,0.2,0.5,0.4,-0.2,1.07705575513474,0.512358256352207,0.186881438978561,0.674615586025368,0.397217512994417,-0.527930979934628,NA,NA,NA,NA,NA,NA,0.0669007796263212,0.0604957014250634,0.0521373710393396,0.151689558775386,0.0524444378937891,0.229999243396699
1,0.5,0.2,0.5,0.4,-0.2,0.99346903324543,0.505755875053161,0.199549929460741,0.448595673962422,0.324418940072126,-0.148243387600842,NA,NA,NA,NA,NA,NA,0.0681486648958455,0.0651106833568499,0.0605195192121673,0.13669195817256,0.0510575878962647,0.242345387823191
1,0.5,0.2,0.5,0.4,-0.2,0.885329825732649,0.550033809009271,0.23271781629648,0.543552648200792,0.333033994419178,-0.203075126594904,NA,NA,NA,NA,NA,NA,0.0625082507779633,0.0607881596230208,0.0514508129857504,0.117877418823943,0.0523989570131655,0.199094688079685
1,0.5,0.2,0.5,0.4,-0.2,1.17433490653548,0.402633089762576,0.232409380598437,0.391074968427553,0.411389388942767,-0.105677077327122,NA,NA,NA,NA,NA,NA,0.0768515541178657,0.0689848471066581,0.0575300525045044,0.135070838408683,0.0539317811216552,0.242321349003215
1,0.5,0.2,0.5,0.4,-0.2,1.04826780134446,0.595109933330149,0.2244648351117,0.70514091858568,0.390907587510846,-0.517228590258585,NA,NA,NA,NA,NA,NA,0.0667313398779392,0.0562881726201292,0.0479135044135994,0.176663661956412,0.0510027113597567,0.271416510031315
1,0.5,0.2,0.5,0.4,-0.2,0.991498591107227,0.523185224924972,0.150207520492106,0.545525938110556,0.411950882675629,-0.0248123373016903,NA,NA,NA,NA,NA,NA,0.0644148032620823,0.0608619295002799,0.0466483256478328,0.118023978320942,0.0515035293565037,0.220838714395516
1,0.5,0.2,0.5,0.4,-0.2,0.980762325063491,0.46707734813186,0.192608683064831,0.399981239426448,0.330296167030053,-0.0481696414763233,NA,NA,NA,NA,NA,NA,0.0689932871626042,0.0655215539301394,0.0586400080446875,0.12314248541546,0.0548642522598886,0.22991905966519
1,0.5,0.2,0.5,0.4,-0.2,1.0620525399699,0.513441752825553,0.266027663259882,0.435916747193578,0.348463640083919,-0.220600974532364,NA,NA,NA,NA,NA,NA,0.0709506348948373,0.0644414571111067,0.0560367436839532,0.13394440480322,0.0521166060591818,0.225955037383983
1,0.5,0.2,0.5,0.4,-0.2,0.986496400649135,0.45572150332377,0.254270312922423,0.42172873267302,0.35910331609392,-0.0121605641450205,NA,NA,NA,NA,NA,NA,0.0675971030479892,0.0614945761494551,0.0532832342923857,0.137724090946347,0.0516379471344755,0.268187816252283
1,0.5,0.2,0.5,0.4,-0.2,1.02615795997398,0.354231891602177,0.208913301664133,0.372916820929167,0.437665759864928,-0.0606010445698208,NA,NA,NA,NA,NA,NA,0.0759636361635519,0.0719462752637963,0.0541787832188668,0.129069576463152,0.051020315127628,0.238129274048415
1,0.5,0.2,0.5,0.4,-0.2,0.904462672985859,0.537142244260641,0.204730652877581,0.643838964515688,0.346677587535206,-0.289774636427943,NA,NA,NA,NA,NA,NA,0.059963858232257,0.0559105871776672,0.0508830474060336,0.144554298088893,0.0501296228186069,0.241230003713133
1,0.5,0.2,0.5,0.4,-0.2,1.06366714172257,0.423685983562819,0.157727686417883,0.516884721786503,0.463188694204218,-0.246174038626822,NA,NA,NA,NA,NA,NA,0.0713841741778313,0.0661517587189161,0.0523658273714266,0.142842874177979,0.0538153993100074,0.236717538997149
1,0.5,0.2,0.5,0.4,-0.2,0.976190033956433,0.463169341769787,0.274461562774069,0.578049253226261,0.513149004281299,-0.4864770530173,NA,NA,NA,NA,NA,NA,0.0738580511190401,0.0642048319387506,0.0492554288002736,0.156612317972386,0.0542293646206123,0.242952688375129
1,0.5,0.2,0.5,0.4,-0.2,0.967003094516531,0.611009368790793,0.160161763035988,0.615255015446871,0.434493971385265,-0.299008367576723,NA,NA,NA,NA,NA,NA,0.0654710008089208,0.0605138604465443,0.0523038229225861,0.152987696204076,0.0537381826453265,0.253094661732944
1,0.5,0.2,0.5,0.4,-0.2,1.0277098627967,0.489816174078148,0.258440451728182,0.469597226550661,0.423056507878032,-0.179641085716007,NA,NA,NA,NA,NA,NA,0.0721524201338126,0.0671092643720819,0.0555719249736715,0.149286862702063,0.0534434284407097,0.255884159217968
1,0.5,0.2,0.5,0.4,-0.2,0.984999504061982,0.5237508262623,0.146086917100097,0.471970073597088,0.385064755866578,-0.176826504884877,NA,NA,NA,NA,NA,NA,0.0693237012984798,0.063569290215524,0.0546141474061483,0.145779717860209,0.0520632797584151,0.251940401964328
1,0.5,0.2,0.5,0.4,-0.2,0.964215404486546,0.498559966021221,0.208825543778685,0.779801916377145,0.42618066464737,-0.534553357843928,NA,NA,NA,NA,NA,NA,0.0604603680464199,0.0553030617377458,0.0440734805621436,0.133452389753621,0.0550725212591076,0.202916316947319
1,0.5,0.2,0.5,0.4,-0.2,0.976141354555697,0.514336025967251,0.191688918531943,0.3860064887416,0.387560211359077,-0.0380371131890846,NA,NA,NA,NA,NA,NA,0.0722637995563102,0.067391828519665,0.056457622429969,0.121789525290138,0.0536083058903627,0.222678519564971
1,0.5,0.2,0.5,0.4,-0.2,1.00685551598147,0.479881375182471,0.211767338880353,0.444790090789427,0.406475633411026,-0.166998627890132,NA,NA,NA,NA,NA,NA,0.0724281757411078,0.0653198822581371,0.054143097769785,0.137966896488042,0.052115375993056,0.239406265485503
1,0.5,0.2,0.5,0.4,-0.2,0.870097801918179,0.682657787903264,0.176047235128209,0.223505269156234,0.276646743397347,0.450514261709698,NA,NA,NA,NA,NA,NA,0.069103993056354,0.0673518553906904,0.0583668418606643,0.112834564226748,0.053665346896798,0.283151580930034
1,0.5,0.2,0.5,0.4,-0.2,1.08771313127349,0.447624791154336,0.306049992399968,0.617042456698614,0.484715934329464,-0.383442503995911,NA,NA,NA,NA,NA,NA,0.0701396821811174,0.0606294454854863,0.0499734848700681,0.157228057357735,0.0558066506410893,0.245427474599008
1,0.5,0.2,0.5,0.4,-0.2,1.08539078565932,0.514569552417433,0.185146143231716,0.60417011347575,0.412850817315914,-0.412205965205758,NA,NA,NA,NA,NA,NA,0.0677101035116785,0.0630667981150181,0.0570115362973919,0.142528758374917,0.0536712415225779,0.222839986795305
1,0.5,0.2,0.5,0.4,-0.2,0.961657397569988,0.530376179426492,0.191843037175549,0.419714332194923,0.330383468999954,-0.0263049794030338,NA,NA,NA,NA,NA,NA,0.0661780690993296,0.0619208592591329,0.0517276002170751,0.132253367802463,0.0497451296155067,0.252440018370385
1,0.5,0.2,0.5,0.4,-0.2,1.10030864760663,0.519154622329649,0.284914895177398,0.238293726794143,0.400591852657287,0.0594886242269473,NA,NA,NA,NA,NA,NA,0.0799799822967883,0.0761828672400778,0.0666278181007654,0.155734933113279,0.0520001753085354,0.307258734842692
1,0.5,0.2,0.5,0.4,-0.2,1.0383101521096,0.509207454910488,0.25209397554371,0.462816437257023,0.405033295497323,-0.167043243423847,NA,NA,NA,NA,NA,NA,0.0714922262539976,0.0667233653030738,0.0548150178310293,0.132608959530081,0.0521105613844242,0.228410321224123
1,0.5,0.2,0.5,0.4,-0.2,1.01327347067289,0.507592062036933,0.0777141524819662,0.370918207448591,0.417763081401916,0.150329868231803,NA,NA,NA,NA,NA,NA,0.0700038820501643,0.0662579868522466,0.0523796771823902,0.11225211043269,0.0525411853255286,0.230972419262739
1,0.5,0.2,0.5,0.4,-0.2,1.09481271854043,0.457706194342291,0.179291001310259,0.630979742818615,0.370575541668527,-0.539849528296696,NA,NA,NA,NA,NA,NA,0.0716570903990376,0.0652046829139114,0.0544843459424374,0.172189257355989,0.0541125618530037,0.252000073998928
1,0.5,0.2,0.5,0.4,-0.2,1.03117032298608,0.490271040067378,0.20209556072858,0.440732926105741,0.404180873776944,-0.130843102901695,NA,NA,NA,NA,NA,NA,0.0712562839633209,0.0627513598992857,0.0525963475463756,0.135781322942144,0.0514475757588136,0.242157751461739
1,0.5,0.2,0.5,0.4,-0.2,0.961593854628201,0.512488318202902,0.232161861628406,0.444233966681429,0.339751241595811,-0.129792308952576,NA,NA,NA,NA,NA,NA,0.0691683225275802,0.0649486313823005,0.058550535229904,0.14050289545789,0.0501577241758265,0.25298312828286
1,0.5,0.2,0.5,0.4,-0.2,1.03880390928373,0.542539815177952,0.154041294642524,0.732947092788966,0.35160007542627,-0.665227569458225,NA,NA,NA,NA,NA,NA,0.0676774481118551,0.0638014570644847,0.0585669894839168,0.177893629406968,0.0543313038500311,0.250230830649707
1,0.5,0.2,0.5,0.4,-0.2,0.978530017383778,0.509932831158067,0.271780182510738,0.504885915629923,0.447753897758411,-0.256769869412176,NA,NA,NA,NA,NA,NA,0.0699639802382031,0.0631002827474663,0.0476661155645318,0.127487475143743,0.0532018709817312,0.21513280834633
1,0.5,0.2,0.5,0.4,-0.2,0.841915175757191,0.600046375525246,0.0973029857476106,0.387475598623068,0.38974973191226,0.000609996537656371,NA,NA,NA,NA,NA,NA,0.0691719758997474,0.0636216240522991,0.0573041768662017,0.128804632699204,0.0488460998719216,0.252740081492085
1,0.5,0.2,0.5,0.4,-0.2,1.02138562691209,0.48328925379084,0.161124383728158,0.432953888972335,0.453684023213751,-0.0968895892380614,NA,NA,NA,NA,NA,NA,0.0725183047649512,0.0687357139196304,0.0563018486572921,0.15786841276339,0.0542623424284109,0.286151971831448
1,0.5,0.2,0.5,0.4,-0.2,1.02325658429346,0.4432948431043,0.303820348601461,0.402456184261553,0.406496935442632,-0.204340347895749,NA,NA,NA,NA,NA,NA,0.0779905362611242,0.0745427002863588,0.058360044938453,0.15816790599888,0.0519056446006774,0.272387676282436
1,0.5,0.2,0.5,0.4,-0.2,1.02054629615498,0.442688960721307,0.274085285154956,0.239657255478249,0.360199551401296,0.300263234838737,NA,NA,NA,NA,NA,NA,0.0746025559490481,0.068927300947296,0.0588507394909663,0.114163514925633,0.0512072271322289,0.255807361957339
1,0.5,0.2,0.5,0.4,-0.2,0.994172950646325,0.518472948431147,0.222124495134631,0.519861003390109,0.448849981840901,-0.275838825900883,NA,NA,NA,NA,NA,NA,0.0670144289770491,0.059971816569577,0.049393149458317,0.124614421563954,0.0534726409199196,0.210326376193059
1,0.5,0.2,0.5,0.4,-0.2,1.11183110642701,0.410439201105534,0.163088508481436,0.55653047888932,0.441586715789979,-0.40099721265011,NA,NA,NA,NA,NA,NA,0.0728141363542466,0.0662478085843511,0.055653739299746,0.144515167522476,0.0546947030663144,0.224370337742101
1,0.5,0.2,0.5,0.4,-0.2,1.00186458408427,0.481968885981368,0.177173268902813,0.523473990827346,0.408094483946334,-0.191726922261786,NA,NA,NA,NA,NA,NA,0.0664848755828284,0.0622893853777358,0.0508698237946243,0.123731997698541,0.0522053055849336,0.217539889360217
1,0.5,0.2,0.5,0.4,-0.2,0.880542803563791,0.623445389682296,0.241979640297908,0.281644217753936,0.339542102138254,0.185871015106521,NA,NA,NA,NA,NA,NA,0.071380512362149,0.0708088377690713,0.0605737978857436,0.126346334019275,0.0521480534895727,0.264141446800948
1,0.5,0.2,0.5,0.4,-0.2,0.956346231972971,0.486660897573998,0.142154713146624,0.537773905006664,0.411020881746682,-0.29656999650529,NA,NA,NA,NA,NA,NA,0.0680848441288579,0.0590477678686304,0.0538688445515627,0.145899432286493,0.0527614281023502,0.248102979136171
1,0.5,0.2,0.5,0.4,-0.2,0.90290154881172,0.575497445375673,0.118105143655051,0.662635718926736,0.374562199784472,-0.377129345607485,NA,NA,NA,NA,NA,NA,0.0618493854487181,0.0537711975819884,0.0507880296303296,0.150584460742532,0.0537757043534021,0.240993023439068
1,0.5,0.2,0.5,0.4,-0.2,0.945087346969506,0.465512195424281,0.145945009654047,0.355548043762937,0.429495454544888,-0.0780606394504311,NA,NA,NA,NA,NA,NA,0.0752758829571575,0.0671135588845949,0.0549537811732009,0.127268357708218,0.0512037823171148,0.232559547088472
1,0.5,0.2,0.5,0.4,-0.2,1.00566885767809,0.416077129375833,0.217592442580323,0.144530304111654,0.442865001051063,0.543616371550391,NA,NA,NA,NA,NA,NA,0.0816756673036613,0.0751267157719762,0.0501556259291678,0.126566115843018,0.0493156762967352,0.344034036179691
1,0.5,0.2,0.5,0.4,-0.2,1.06505477198125,0.41146258684575,0.17779725141246,0.565361545312734,0.428454028849708,-0.322039712022214,NA,NA,NA,NA,NA,NA,0.0687593409068345,0.0640878097275587,0.049194185951933,0.133968843534235,0.0512185968201533,0.218159400268486
1,0.5,0.2,0.5,0.4,-0.2,1.02727650621164,0.466914878582392,0.196329702919636,0.469361482463153,0.379649589629936,-0.0248450407794301,NA,NA,NA,NA,NA,NA,0.066372357359363,0.061386148498055,0.0514080800155041,0.133681808714339,0.0504516102874086,0.255587534445422
1,0.5,0.2,0.5,0.4,-0.2,0.931458794387598,0.551060784317887,0.155914709246626,0.419682340760718,0.320985525482083,-0.0343265608466609,NA,NA,NA,NA,NA,NA,0.0663818077328699,0.0614556529856434,0.0542411828096722,0.125976939143005,0.0494893611768403,0.239239269020338
1,0.5,0.2,0.5,0.4,-0.2,1.07580339321146,0.545612773434188,0.226403447257368,0.70428298797158,0.404826829708192,-0.620049592515364,NA,NA,NA,NA,NA,NA,0.0667960372184766,0.0618200615828248,0.0543869517382397,0.16266567144967,0.0567235777267043,0.235706862616746
1,0.5,0.2,0.5,0.4,-0.2,1.06057294440618,0.374768525610113,0.23894875200213,0.598059384552452,0.361842944067037,-0.318007525034669,NA,NA,NA,NA,NA,NA,0.0655825106307004,0.059043345515624,0.051594670225325,0.129253813177572,0.0547480792337776,0.20940116303221
1,0.5,0.2,0.5,0.4,-0.2,0.914889765646687,0.539667946154013,0.18725138663673,0.477390442668441,0.448902295439674,0.111529793097989,NA,NA,NA,NA,NA,NA,0.0643911344843218,0.0563075722237384,0.0450167512558314,0.122511817353319,0.0500485122855127,0.256748598197795
1,0.5,0.2,0.5,0.4,-0.2,0.968207887238753,0.623886391675545,0.198090767540284,0.587390128019342,0.345415488403917,-0.259424712772732,NA,NA,NA,NA,NA,NA,0.0625025617718411,0.0559376176002841,0.0514405477580644,0.127818508782652,0.0531719568661126,0.217114464041555
1,0.5,0.2,0.5,0.4,-0.2,1.16197530978569,0.370225594173837,0.109987535172628,0.406463242012842,0.372041246407849,-0.277784507148483,NA,NA,NA,NA,NA,NA,0.0785014513692724,0.0712651937379838,0.0627741331112741,0.158175861265526,0.0557902323597567,0.250889163405133
1,0.5,0.2,0.5,0.4,-0.2,0.962677269732045,0.528447885149709,0.170751375361825,0.415205193507883,0.378946571485297,-0.074809992528761,NA,NA,NA,NA,NA,NA,0.0708564404023172,0.0638142329672651,0.0558929062675216,0.137304877231162,0.0526278412687851,0.255550552880677
1,0.5,0.2,0.5,0.4,-0.2,1.06861276304572,0.405513081737943,0.242277692563866,0.415775068136631,0.367324307115094,-0.072434309531177,NA,NA,NA,NA,NA,NA,0.0721963521691484,0.0667091409426435,0.0543906503672899,0.124711765323616,0.0544504551767705,0.219023616614704
1,0.5,0.2,0.5,0.4,-0.2,0.981247504726876,0.519009862582766,0.207365343846629,0.375712273440692,0.344474661478358,0.149540463543885,NA,NA,NA,NA,NA,NA,0.0675292265909545,0.0634506659727622,0.0535551761433316,0.12142951248796,0.0499872771987547,0.255838091513729
1,0.5,0.2,0.5,0.4,-0.2,0.94227402356742,0.483095172468311,0.158569695935702,0.429066039155656,0.470868997817058,0.00262418900553894,NA,NA,NA,NA,NA,NA,0.0691436535384089,0.0622222307687756,0.0473817365374465,0.136635440944582,0.0497938628453158,0.267622299286497
1,0.5,0.2,0.5,0.4,-0.2,1.0296495720716,0.553049859496002,0.190978561796465,0.74103211515137,0.292403467452841,-0.591266949158752,NA,NA,NA,NA,NA,NA,0.0646442113682741,0.0593051858276573,0.0533702981044113,0.183814694373114,0.0515106843690086,0.273098587986661
1,0.5,0.2,0.5,0.4,-0.2,0.912278281779067,0.61970168966091,0.203095381162064,0.567792398734604,0.325364901698024,-0.160043831552711,NA,NA,NA,NA,NA,NA,0.060654147637614,0.0560595877779936,0.0512516774303959,0.139725694237864,0.0509680378552354,0.254003163847705
1,0.5,0.2,0.5,0.4,-0.2,0.993878212202781,0.476977865450345,0.188854089506776,0.287723657865271,0.413936949495331,0.189924606720286,NA,NA,NA,NA,NA,NA,0.0745650164500799,0.0675031378042944,0.0606742217393243,0.127740636135901,0.0541484784315058,0.273874720354243
1,0.5,0.2,0.5,0.4,-0.2,0.987976135960182,0.454686754095403,0.192875287435032,0.483736210088048,0.42745733377041,0.0051614365587857,NA,NA,NA,NA,NA,NA,0.0671989846102515,0.0598261406976745,0.048857867154007,0.122348433214254,0.0527129297480514,0.232084250128397
1,0.5,0.2,0.5,0.4,-0.2,0.992863066084071,0.522353024480809,0.201136124977385,0.409710568630305,0.484451395149294,-0.010462398849938,NA,NA,NA,NA,NA,NA,0.0707951835211669,0.0634719371787493,0.0517216414910557,0.123322793121872,0.0521816445156729,0.231585172584598
1,0.5,0.2,0.5,0.4,-0.2,0.888747213845278,0.5090772234646,0.204716075294182,0.43626416188168,0.401904187264243,0.0925481727570312,NA,NA,NA,NA,NA,NA,0.0665741030349459,0.063462430746831,0.0506155738417372,0.109028029008606,0.0496617894436039,0.224121475661016
1,0.5,0.2,0.5,0.4,-0.2,1.13337590352887,0.454524417532152,0.163045310678628,0.527188013316415,0.352721524159288,-0.0724039684136915,NA,NA,NA,NA,NA,NA,0.0653543801761264,0.0642518832313654,0.0498344255282884,0.143827137745171,0.0519666119236175,0.261599885372859
1,0.5,0.2,0.5,0.4,-0.2,0.975860601675762,0.451824939500781,0.158828598979997,0.783749761477446,0.377631286429944,-0.56654618626197,NA,NA,NA,NA,NA,NA,0.0597346013158483,0.0541868393362263,0.0442481875808383,0.144907185436557,0.0531238888827312,0.218089950784936
1,0.5,0.2,0.5,0.4,-0.2,0.935038602120948,0.480389409182576,0.198349664128295,0.604921912120929,0.371983767799348,-0.401016182343266,NA,NA,NA,NA,NA,NA,0.0658111237387574,0.0600413987068348,0.0537658517560254,0.1342558476869,0.0496556371304696,0.216499578119304
1,0.5,0.2,0.5,0.4,-0.2,0.94679218809542,0.54824969464428,0.162647152848374,0.641243621727971,0.380435344483327,-0.436432645841948,NA,NA,NA,NA,NA,NA,0.0665809096291272,0.059411327792743,0.0538796846730897,0.150158999173464,0.053021752056899,0.239024843001428
1,0.5,0.2,0.5,0.4,-0.2,1.05935990393426,0.427143852063588,0.219963029813813,0.577245363822178,0.358397118457336,-0.253525972894189,NA,NA,NA,NA,NA,NA,0.068470996948544,0.0644902631279046,0.0548739734599737,0.196591681870848,0.0537331066946854,0.324900138796238
1,0.5,0.2,0.5,0.4,-0.2,1.10523320179198,0.471359773387676,0.248036481775062,0.515837718019129,0.436125693706096,-0.226477421462323,NA,NA,NA,NA,NA,NA,0.0719885447788702,0.0657336301064241,0.051942629954302,0.147836867476201,0.0559832610878023,0.245831664124513
1,0.5,0.2,0.5,0.4,-0.2,0.983917448964412,0.489257052914695,0.188620975876663,0.370195499426169,0.373496924023675,0.167154957630407,NA,NA,NA,NA,NA,NA,0.0682377877812992,0.0629207030939408,0.0571762364939498,0.139312216079675,0.0517029500238876,0.303016575537339
1,0.5,0.2,0.5,0.4,-0.2,0.989473305830072,0.476311652635346,0.139196014937202,0.500946585123301,0.343500268836664,-0.121413132108485,NA,NA,NA,NA,NA,NA,0.0637497461897158,0.0615144766042027,0.050823708518309,0.117079151954377,0.0518333769777285,0.204608936587412
1,0.5,0.2,0.5,0.4,-0.2,1.01327132496656,0.462809308251123,0.26167832533839,0.538962946707883,0.380243023058954,-0.329677606352988,NA,NA,NA,NA,NA,NA,0.0681823247705681,0.0608035462757901,0.0603127357110748,0.125427274679128,0.0521094025279474,0.201988689217428
1,0.5,0.2,0.5,0.4,-0.2,1.10634939686704,0.394620701354857,0.198333595911025,0.561957294525702,0.47899088292943,-0.381408760220008,NA,NA,NA,NA,NA,NA,0.0731845556033724,0.0662523620752685,0.0559470223492071,0.131916861023323,0.0533708331727554,0.204346930231495
1,0.5,0.2,0.5,0.4,-0.2,1.1551495217245,0.489759982117303,0.130805126990125,0.692483338043302,0.41342422962823,-0.650697014116431,NA,NA,NA,NA,NA,NA,0.0726598743627771,0.068297372728377,0.0539285170814116,0.190675261019825,0.0543476815398791,0.270534668977874
1,0.5,0.2,0.5,0.4,-0.2,1.12896162117818,0.454800903894552,0.238734600315802,0.666008450673099,0.405383187056664,-0.479635100034093,NA,NA,NA,NA,NA,NA,0.0666249961752447,0.056619950282043,0.0526183432018621,0.163043557293614,0.054778274934875,0.2468511223699
1,0.5,0.2,0.5,0.4,-0.2,0.936504894160429,0.508449681117964,0.229652982289637,0.450048541649065,0.467581326563233,0.0341429041139709,NA,NA,NA,NA,NA,NA,0.0681919150738659,0.0589209918918987,0.0521907931603309,0.127076950852139,0.0526987427028374,0.252587123265758
1,0.5,0.2,0.5,0.4,-0.2,1.05943696577923,0.456694816012075,0.229294644703365,0.677839829430576,0.494942070284124,-0.554467353411939,NA,NA,NA,NA,NA,NA,0.0708778717142785,0.0585582764437341,0.050395362857686,0.156825438038848,0.0514472857816738,0.231203763348018
1,0.5,0.2,0.5,0.4,-0.2,1.01651766254532,0.475700377617817,0.263559353066604,0.64763234894263,0.507289496795713,-0.422264502697296,NA,NA,NA,NA,NA,NA,0.066499011208715,0.0603458884608273,0.0479904133431766,0.160899715424345,0.0543440628820201,0.25027358170932
1,0.5,0.2,0.5,0.4,-0.2,0.929632408342573,0.521779472197669,0.280660827364984,0.431783372403643,0.338796236208609,-0.00208592749164171,NA,NA,NA,NA,NA,NA,0.0664310423713777,0.0615413090429213,0.0531158883819409,0.118093405139151,0.0525134849472923,0.227746573131836
1,0.5,0.2,0.5,0.4,-0.2,0.973085531776366,0.488441639069674,0.18150375704149,0.284521663755448,0.466031052862853,0.0323008245107196,NA,NA,NA,NA,NA,NA,0.0797042620905828,0.072396652161008,0.053747664369993,0.129243312482706,0.0524608701589807,0.253679954076613
1,0.5,0.2,0.5,0.4,-0.2,1.03865567862877,0.526497642460055,0.139239478576814,0.684831293095354,0.314097826482755,-0.585323967274624,NA,NA,NA,NA,NA,NA,0.0654327767005258,0.0616918789803123,0.059148987944534,0.156238806053455,0.051812256550205,0.23213645170622
1,0.5,0.2,0.5,0.4,-0.2,0.938895313024541,0.585037082070692,0.187895128943715,0.533854518345293,0.362201928954923,-0.364366553856672,NA,NA,NA,NA,NA,NA,0.0676016158104536,0.0632664507907178,0.0537690099665998,0.131499502546091,0.0516249086928708,0.210800384298966
1,0.5,0.2,0.5,0.4,-0.2,1.06588753719113,0.44603908498046,0.258898806883091,0.988937110015764,0.478774057150004,-0.883955244537193,NA,NA,NA,NA,NA,NA,0.0638213675604856,0.0558116345410494,0.0434347218241144,0.185035296705493,0.0539689320900193,0.245942170292344
1,0.5,0.2,0.5,0.4,-0.2,0.983540755587241,0.623857791961248,0.252573747264319,0.662605560688201,0.417134371545244,-0.402155265645459,NA,NA,NA,NA,NA,NA,0.0629070599121357,0.0585864359329148,0.0483649223220971,0.130677714406362,0.0530722540590884,0.207342378582732
1,0.5,0.2,0.5,0.4,-0.2,0.888692031741109,0.543859311687034,0.207586765683203,0.370379332618203,0.419252274067333,0.0556884993008952,NA,NA,NA,NA,NA,NA,0.0706093541117783,0.064012514612603,0.0535560453551198,0.118330932888892,0.0531680691656696,0.242355598049545
1,0.5,0.2,0.5,0.4,-0.2,1.01983704673828,0.555041844379807,0.203803674209862,0.872520230461852,0.31279317739893,-0.594663350797297,NA,NA,NA,NA,NA,NA,0.0564164961638742,0.0510934491047541,0.0503444186451396,0.158592440172843,0.0516988640530722,0.24135966474177
1,0.5,0.2,0.5,0.4,-0.2,0.974188362840504,0.541944573519973,0.21942083337705,0.455035820849987,0.412875532851164,-0.19027289791111,NA,NA,NA,NA,NA,NA,0.0712873824189127,0.0693227185808831,0.0549609392771282,0.125041934305581,0.053121403348471,0.21721631519492
1,0.5,0.2,0.5,0.4,-0.2,1.0001422148984,0.451156924107545,0.165181897660304,0.495502585484904,0.32616759617554,-0.105477988306637,NA,NA,NA,NA,NA,NA,0.0644360431501853,0.0579623633433924,0.0506084448052777,0.121170309178897,0.0526298514072196,0.220450635408618
1,0.5,0.2,0.5,0.4,-0.2,1.05781431978686,0.428143634346646,0.243166834859335,0.450387149496354,0.357142155390001,-0.0913123597084677,NA,NA,NA,NA,NA,NA,0.0686594905725397,0.0629510132326526,0.0533467953949621,0.131119039895468,0.0525566931442137,0.233560789311322
1,0.5,0.2,0.5,0.4,-0.2,1.12330441603277,0.389552039697368,0.152978231153057,0.429507339064478,0.502716028616409,-0.260892576685226,NA,NA,NA,NA,NA,NA,0.0791697451084458,0.0711564223431905,0.0515528382028312,0.151029947277661,0.0564017221915644,0.24944107996227
1,0.5,0.2,0.5,0.4,-0.2,0.962819764038004,0.453867230780666,0.15299644039102,0.366858086202052,0.491889549804213,-0.0503893927788718,NA,NA,NA,NA,NA,NA,0.0764100439234953,0.0695412163409225,0.0527491405521861,0.14416147286726,0.0528953994807771,0.269841448385974
1,0.5,0.2,0.5,0.4,-0.2,0.971133392942868,0.591974283596301,0.190744977936327,0.597436467629382,0.453196616918226,-0.376674375333419,NA,NA,NA,NA,NA,NA,0.0678649151514743,0.0573025712547726,0.0481596998316422,0.136340339060457,0.0536289585218924,0.224230346012864
1,0.5,0.2,0.5,0.4,-0.2,0.936117860043633,0.47005665776541,0.216620126881881,0.452615705069939,0.39076731191145,-0.0522415928785308,NA,NA,NA,NA,NA,NA,0.0674312659463892,0.0644318566482433,0.0505861434808923,0.13441989956778,0.0530889369422215,0.259062365347885
1,0.5,0.2,0.5,0.4,-0.2,1.06154172166643,0.504061019269129,0.298107573222387,0.600793712549354,0.351530884469913,-0.345481547752381,NA,NA,NA,NA,NA,NA,0.0640899263558544,0.0617061083802616,0.0500108913315508,0.138218219590095,0.0547158835223801,0.222209169863283
1,0.5,0.2,0.5,0.4,-0.2,0.997473453800579,0.514262640977002,0.209845173260918,0.426970293813046,0.370765277083632,0.0097884271725118,NA,NA,NA,NA,NA,NA,0.0668249107951293,0.0609443764521324,0.0513557844204277,0.124789981067599,0.0528031840711468,0.243255090856132
1,0.5,0.2,0.5,0.4,-0.2,1.01544563554232,0.421108346519194,0.300957922595596,0.50098631950424,0.347562730622502,-0.107112676346335,NA,NA,NA,NA,NA,NA,0.0641009516301186,0.061165059276972,0.0544383227893769,0.130155668605631,0.0523904459667608,0.235968709653057
1,0.5,0.2,0.5,0.4,-0.2,1.09484740845907,0.405522089255432,0.16201501403412,0.355307584427226,0.4340355570566,-0.0362516549616637,NA,NA,NA,NA,NA,NA,0.0751987933584302,0.068416405209724,0.0551395184115229,0.140020034871894,0.0507235565625302,0.261360018244308
1,0.5,0.2,0.5,0.4,-0.2,1.02609442357616,0.44695820276215,0.193815797832052,0.71265788065354,0.444904331748453,-0.619746783094661,NA,NA,NA,NA,NA,NA,0.0713228970160501,0.06305076536409,0.0486697953402393,0.168098382361914,0.0528107894803529,0.242003771586182
1,0.5,0.2,0.5,0.4,-0.2,0.942318758771015,0.627480720191491,0.274468099849922,0.481279852114733,0.428983305497963,-0.168033819212184,NA,NA,NA,NA,NA,NA,0.0701789398323677,0.065104093615543,0.0536357412996165,0.137988175234307,0.053428818897587,0.243098882761073
1,0.5,0.2,0.5,0.4,-0.2,1.00238693743649,0.521846585263385,0.12380765374046,0.65054362532158,0.449277642071049,-0.330066574781837,NA,NA,NA,NA,NA,NA,0.0635395579788172,0.0544795883704765,0.04819133032363,0.136216804205996,0.0543702345808695,0.225005577112609
1,0.5,0.2,0.5,0.4,-0.2,0.899824579975129,0.505614699761345,0.190616351922057,0.423112047000181,0.419775326994438,-0.0720532706918672,NA,NA,NA,NA,NA,NA,0.0707977853793542,0.0659131383053177,0.0503886915193966,0.139622019448689,0.0498022489583442,0.264828712611131
1,0.5,0.2,0.5,0.4,-0.2,0.833644308510678,0.600411780956881,0.218345317923363,0.392491329817139,0.377222070257964,-0.0253697964694501,NA,NA,NA,NA,NA,NA,0.0670747162240823,0.0614042340517545,0.0570581045688183,0.122665280217668,0.0495316371253127,0.233976356825679
1,0.5,0.2,0.5,0.4,-0.2,0.949395306341479,0.526092634033755,0.20259046895124,0.606692297593646,0.431603161013253,-0.45199755448047,NA,NA,NA,NA,NA,NA,0.0671746938497856,0.0598485157031396,0.0471698554059988,0.140206269632932,0.0524621148125994,0.220194356031821
1,0.5,0.2,0.5,0.4,-0.2,1.02357125198417,0.529445610279642,0.109202881937367,0.727041095192615,0.358920472551922,-0.587286357215769,NA,NA,NA,NA,NA,NA,0.063246147132332,0.0579786790686063,0.0498256691652851,0.154548336630732,0.0531263336004006,0.224215879577402
1,0.5,0.2,0.5,0.4,-0.2,0.929883059123386,0.453516713710371,0.217943056254498,0.487905790515677,0.421605195662656,-0.144204791385433,NA,NA,NA,NA,NA,NA,0.068830989484799,0.0627344646597074,0.0525905861855956,0.128322450946455,0.0508801949561431,0.226226032996927
1,0.5,0.2,0.5,0.4,-0.2,1.01093631258293,0.433050975402069,0.23158328456304,0.441322410513506,0.390588495750566,-0.145276021240517,NA,NA,NA,NA,NA,NA,0.0704650926193502,0.0624089030385971,0.0504046027429086,0.124452415558453,0.0532498686799822,0.215611704547594
1,0.5,0.2,0.5,0.4,-0.2,0.956913334202126,0.502464118954293,0.247996728947762,0.567398957474807,0.373263961885812,-0.272403252542872,NA,NA,NA,NA,NA,NA,0.064227753127625,0.0567655095552907,0.0509486823971517,0.14920178562359,0.0518668204069744,0.250286489695068
1,0.5,0.2,0.5,0.4,-0.2,0.982777687408114,0.486137081013019,0.248848854533257,0.609053560533062,0.406656485910909,-0.389484738372731,NA,NA,NA,NA,NA,NA,0.0668080138167869,0.0636389923691264,0.057071838821995,0.131648662724286,0.0549434421524389,0.211049112305925
1,0.5,0.2,0.5,0.4,-0.2,0.979471880931903,0.535325787632051,0.245013860827268,0.451845696378968,0.428926281909497,-0.0887360167160776,NA,NA,NA,NA,NA,NA,0.0684731345495008,0.0610086676722961,0.0515676519764831,0.136746713932918,0.0529275065987823,0.253130265592331
1,0.5,0.2,0.5,0.4,-0.2,0.913076740446774,0.568816778020002,0.153051864025626,0.371595677480582,0.461187602249052,0.0386611747439531,NA,NA,NA,NA,NA,NA,0.0732031222727723,0.0619006780002787,0.0503226843089051,0.131355445893755,0.0506429451157425,0.261516436437654
1,0.5,0.2,0.5,0.4,-0.2,0.935497330538312,0.469376609232706,0.222420780724817,0.531935233751923,0.403519839188999,-0.137239997382143,NA,NA,NA,NA,NA,NA,0.062960977202202,0.0579421070633373,0.0492077069139889,0.128269258457684,0.0523102269861007,0.230233156599467
1,0.5,0.2,0.5,0.4,-0.2,1.09235975156286,0.397810235783247,0.0937126025300859,0.497338592074564,0.306984782547525,-0.187775259805143,NA,NA,NA,NA,NA,NA,0.0661388563164232,0.0610110205919627,0.0549924035882078,0.143115746658587,0.0534928431237809,0.246668640146719
1,0.5,0.2,0.5,0.4,-0.2,1.03127781267867,0.483836805404768,0.191873789799515,0.451145576660103,0.453381004609485,-0.0671067809795878,NA,NA,NA,NA,NA,NA,0.071412816073402,0.0621250855841852,0.0506038528485284,0.153091444273677,0.0538221818442894,0.279378317394647
1,0.5,0.2,0.5,0.4,-0.2,0.9139313088916,0.610956664613492,0.146703654347066,0.63880307821568,0.306309853350408,-0.422223972461547,NA,NA,NA,NA,NA,NA,0.0631879562629349,0.0590442719212595,0.0519345253989834,0.145343191009841,0.0519973170607548,0.23315204636605
1,0.5,0.2,0.5,0.4,-0.2,1.00724584439818,0.445600446334867,0.184978418793749,0.396602424849871,0.511487772425111,-0.116555665154234,NA,NA,NA,NA,NA,NA,0.0788290443922733,0.065706279885814,0.0505718582153169,0.149607016562621,0.0549803861629624,0.26898058098306
1,0.5,0.2,0.5,0.4,-0.2,1.02279816233906,0.487932963462473,0.2188656353018,0.990803975280449,0.344932580948336,-0.952822083702425,NA,NA,NA,NA,NA,NA,0.0612347303383308,0.0533959096457899,0.0449905356982115,0.184912490425966,0.0529203520947528,0.242711043387259
1,0.5,0.2,0.5,0.4,-0.2,1.00764326171236,0.511516651670751,0.223723325727564,0.933645377432181,0.450917888143167,-0.847508768172819,NA,NA,NA,NA,NA,NA,0.0637207545690082,0.05255805873015,0.044946131592834,0.175094776784516,0.0544278492631176,0.236925118833221
1,0.5,0.2,0.5,0.4,-0.2,0.916154205758164,0.492480210201323,0.282305249603424,0.565390956696102,0.312026079411703,-0.160607066102904,NA,NA,NA,NA,NA,NA,0.0593934777860142,0.0546095141614742,0.0499176302020527,0.119149788808771,0.048870946968554,0.214428554399703
1,0.5,0.2,0.5,0.4,-0.2,1.0454171409672,0.454203035665863,0.173166596940424,0.35764784515368,0.439639309757109,0.28558966333912,NA,NA,NA,NA,NA,NA,0.0712282033739342,0.0605200675457751,0.0495940645856391,0.13994130138499,0.0532068736815363,0.323042215675816
1,0.5,0.2,0.5,0.4,-0.2,1.0576431055563,0.452143276302842,0.187527062007072,0.70863216528102,0.452709887603917,-0.569574075012389,NA,NA,NA,NA,NA,NA,0.0681688354629899,0.0595554445964796,0.0511059505210944,0.143841778865168,0.054175228393919,0.214120164938244
1,0.5,0.2,0.5,0.4,-0.2,0.935567534445655,0.551711784552752,0.184605664426913,0.523515354006823,0.357016306492552,-0.124160213625728,NA,NA,NA,NA,NA,NA,0.0629801240459169,0.0566823287758471,0.0499669763400604,0.11137680847078,0.0534801919693307,0.19976792416506
1,0.5,0.2,0.5,0.4,-0.2,0.918288163029755,0.486880736879236,0.255583086922208,0.391927827497822,0.465246488053361,0.173834104309335,NA,NA,NA,NA,NA,NA,0.0696223782839029,0.0637395028284847,0.0522281694765875,0.125791836240637,0.0497892961749764,0.26949525704068
1,0.5,0.2,0.5,0.4,-0.2,1.01492033016744,0.453111036330124,0.240046410448221,0.655666436774346,0.414623710510507,-0.462205025389669,NA,NA,NA,NA,NA,NA,0.0667483264058144,0.0616692561790594,0.0481824156159651,0.150528609017004,0.0512289498864261,0.229108980655811
1,0.5,0.2,0.5,0.4,-0.2,0.921095315205466,0.469440282617385,0.244511580149825,0.460470458789656,0.377341305897762,-0.0664455406745793,NA,NA,NA,NA,NA,NA,0.0657402055208395,0.0599283471329852,0.0513710018226018,0.121425955573544,0.0511640716135459,0.225524059628169
1,0.5,0.2,0.5,0.4,-0.2,1.06756172132202,0.433512977513062,0.282986638698138,0.492363956095518,0.430185193146092,-0.27637159425016,NA,NA,NA,NA,NA,NA,0.0728565342305713,0.0633088038351034,0.0539498635689104,0.156826557975871,0.0551752903254037,0.258924754273205
1,0.5,0.2,0.5,0.4,-0.2,1.20018520493866,0.33975978867193,0.163403989885898,0.297524534837313,0.426650915402867,0.1310480818607,NA,NA,NA,NA,NA,NA,0.0772421844358145,0.0672205446244692,0.053441308658129,0.138566366814774,0.0510108267935421,0.27902083052213
1,0.5,0.2,0.5,0.4,-0.2,1.07917781226519,0.526931241409828,0.138332941596727,0.391797627406923,0.436794707851558,0.00459166987681323,NA,NA,NA,NA,NA,NA,0.0718819496777418,0.0652853896662047,0.0554595648261809,0.124026058312778,0.0546066733488166,0.23135200741246
1,0.5,0.2,0.5,0.4,-0.2,1.08603570632464,0.425238648791942,0.205571192172642,0.672230441535694,0.448340151841429,-0.413732682907104,NA,NA,NA,NA,NA,NA,0.0630520972162396,0.0549785033960871,0.048956961203344,0.132045842228789,0.054036402496918,0.206488323405727
1,0.5,0.2,0.5,0.4,-0.2,0.951507859435064,0.500940215519623,0.161739027247035,0.430570628866847,0.370324150804403,-0.0354005073260706,NA,NA,NA,NA,NA,NA,0.0658093369163476,0.0599611240978041,0.0522953544795373,0.131105952101256,0.050712340117313,0.251783317641258
1,0.5,0.2,0.5,0.4,-0.2,1.00790603975661,0.517784356263254,0.21283747689975,0.220864437856362,0.491643274174036,0.255131037499701,NA,NA,NA,NA,NA,NA,0.0811988329666318,0.0724342948923062,0.0566659568848655,0.141540935466297,0.0518035468201031,0.314001221453043
1,0.5,0.2,0.5,0.4,-0.2,0.908701703486676,0.581082918480925,0.139172170848571,0.630567219333406,0.405742579238924,-0.333486473936237,NA,NA,NA,NA,NA,NA,0.0636186291335188,0.057229160308597,0.049485032496355,0.144534636576863,0.0506701799634869,0.238054016967588
1,0.5,0.2,0.5,0.4,-0.2,1.13909805072101,0.351249731115183,0.221459236971556,0.427625595091947,0.462409016955395,-0.184039601097715,NA,NA,NA,NA,NA,NA,0.0744997213775246,0.0648420284027043,0.0535422202678178,0.146925172861933,0.0509713953750498,0.254163402044025
1,0.5,0.2,0.5,0.4,-0.2,0.885713630727481,0.576334811895615,0.224083190796815,0.465515030976912,0.378791380434998,-0.0743976721438611,NA,NA,NA,NA,NA,NA,0.0653455501524293,0.056571932632751,0.0541880690916457,0.116048916773319,0.0495771430806228,0.217865337520232
1,0.5,0.2,0.5,0.4,-0.2,0.885984005259959,0.616638587148127,0.122401940874701,0.452445681683329,0.446724840969977,-0.0912758620345822,NA,NA,NA,NA,NA,NA,0.0698749293955146,0.0611298937087115,0.0551895307665534,0.134140496160975,0.0516032489648184,0.249357872511784
1,0.5,0.2,0.5,0.4,-0.2,0.882622519277188,0.52982058664103,0.121629201592761,0.42956071096119,0.415816690014473,0.0380295766358477,NA,NA,NA,NA,NA,NA,0.0679248359168018,0.0623587783729458,0.0501523047983386,0.136189187337617,0.0498132030695359,0.270294705293341
1,0.5,0.2,0.5,0.4,-0.2,0.908779467303641,0.573630083686462,0.201776063383405,0.455877382965918,0.372193500568489,-0.184568133923012,NA,NA,NA,NA,NA,NA,0.0686352718783211,0.0651071528326475,0.0572324911890472,0.121259542422815,0.0530555572779355,0.209946401104991
1,0.5,0.2,0.5,0.4,-0.2,1.04621232905364,0.544598194944877,0.278258687470359,0.436053221548522,0.446466472762273,0.0587551242581798,NA,NA,NA,NA,NA,NA,0.0669432145224696,0.0629138364485941,0.0507292452309558,0.118862506567093,0.0520799410553101,0.234187184181892
1,0.5,0.2,0.5,0.4,-0.2,0.988345173455363,0.506957837631428,0.182897348722463,0.519156901354596,0.294222614021125,-0.190754760599209,NA,NA,NA,NA,NA,NA,0.0647541356817967,0.0638825735998029,0.0566139487645864,0.143641513065693,0.0512498413913487,0.246929187546854
1,0.5,0.2,0.5,0.4,-0.2,0.954951487288734,0.479116744172875,0.134657317285691,0.572081087488532,0.385337108772317,-0.287141562224925,NA,NA,NA,NA,NA,NA,0.0651315480668368,0.0610669153006274,0.0545481534873528,0.152267794781067,0.054871443359338,0.249188046850504
1,0.5,0.2,0.5,0.4,-0.2,1.0316409283788,0.489431401515009,0.120406370898542,0.435857961350457,0.408144954083549,-0.0575405245965306,NA,NA,NA,NA,NA,NA,0.0694470061424755,0.0649168742401569,0.0576110078079983,0.138375841725584,0.0526975276631246,0.256907167622041
1,0.5,0.2,0.5,0.4,-0.2,0.932064185706102,0.554592800298066,0.215150977810466,0.641675722008233,0.323493971956331,-0.409672734960759,NA,NA,NA,NA,NA,NA,0.0611024779989014,0.0580858703815601,0.0530406729388839,0.130821098515738,0.0490978719467315,0.207684962145565
1,0.5,0.2,0.5,0.4,-0.2,0.907498235771013,0.545091324670654,0.288234085891554,0.267492386143345,0.419604064457352,0.293612049330108,NA,NA,NA,NA,NA,NA,0.0718217057479048,0.064024376691727,0.0521653820450075,0.118445599990703,0.0482880587794133,0.278795423271728
1,0.5,0.2,0.5,0.4,-0.2,1.03553667990525,0.495757079436794,0.128158642777775,0.39055750929468,0.412702167264602,-0.0508633886262251,NA,NA,NA,NA,NA,NA,0.0717432716823428,0.0657347016257694,0.0549974545190075,0.134447663953132,0.0515259076315607,0.245828805749454
1,0.5,0.2,0.5,0.4,-0.2,0.987922615823819,0.54392054024809,0.207050206648192,0.43150667507294,0.385114465438513,0.0354389708041607,NA,NA,NA,NA,NA,NA,0.0659684203777074,0.060659989630721,0.0507218481145573,0.111069875237414,0.050163883674982,0.220466041806442
1,0.5,0.2,0.5,0.4,-0.2,1.0274573381985,0.615386894221972,0.226412257555909,0.418845903107141,0.452744628862572,-0.219573488683924,NA,NA,NA,NA,NA,NA,0.0751684488114946,0.0727908179404376,0.0566563145103431,0.142872404846242,0.0533621507999995,0.245599455517645
1,0.5,0.2,0.5,0.4,-0.2,0.950898953158324,0.483118151575928,0.166707848818104,0.408943409387876,0.323230795486587,-0.032716626666793,NA,NA,NA,NA,NA,NA,0.0672608670542583,0.0626460614709229,0.0567344919710757,0.131101869986713,0.0529606106015667,0.247171340901428
1,0.5,0.2,0.5,0.4,-0.2,1.0108479151625,0.551493508862807,0.223836770474823,0.527900703617721,0.411304118787736,-0.0817059924075052,NA,NA,NA,NA,NA,NA,0.0630809586756179,0.0559259222635969,0.0502087862122191,0.126319705607618,0.0492100071847567,0.237507878483399
1,0.5,0.2,0.5,0.4,-0.2,0.997746546946202,0.554554583631814,0.126612693440696,0.408520861899153,0.432008561929801,0.0154705016595879,NA,NA,NA,NA,NA,NA,0.0703238045874824,0.0625468455404408,0.0515443904876486,0.129005714165804,0.0481306542502821,0.255882763810766
1,0.5,0.2,0.5,0.4,-0.2,1.0358570986553,0.468718280373753,0.226599116191039,0.73698987884904,0.441552287313624,-0.568926239272722,NA,NA,NA,NA,NA,NA,0.0681827329388085,0.0589891438128234,0.0459461446334013,0.183652664945807,0.0545328726937691,0.273285525151723
1,0.5,0.2,0.5,0.4,-0.2,0.953005145880415,0.52821360257975,0.242534561312547,0.285837173215908,0.418659162417385,0.00369782346487811,NA,NA,NA,NA,NA,NA,0.0761932269371266,0.0726090682618768,0.0593378665973494,0.126106174151979,0.051468908100233,0.239967249633702
1,0.5,0.2,0.5,0.4,-0.2,0.976467537013533,0.490021558283042,0.200997647423643,0.341979454018386,0.435509290436719,0.0387174413779246,NA,NA,NA,NA,NA,NA,0.0751884129953348,0.0660453726611049,0.0529384692499544,0.14737393854357,0.0522423305753674,0.297767343720685
1,0.5,0.2,0.5,0.4,-0.2,0.928139907294888,0.531378066193631,0.249867429766378,0.483260771400137,0.450278620023162,0.00766951323115179,NA,NA,NA,NA,NA,NA,0.0658658909466493,0.0576429985455413,0.0505535520824991,0.133617309710459,0.0527316681087097,0.26422495964638
1,0.5,0.2,0.5,0.4,-0.2,0.992513620405817,0.491511764155424,0.230201931411631,0.538809618300331,0.440261025814725,-0.253977891498296,NA,NA,NA,NA,NA,NA,0.0693523053675214,0.0647662733927525,0.0517667012625704,0.132088287830994,0.0513614472045448,0.226368439341039
1,0.5,0.2,0.5,0.4,-0.2,0.966752794531818,0.567281375490673,0.204945361425853,0.844920255341949,0.400762962256774,-0.629623014389591,NA,NA,NA,NA,NA,NA,0.058454448197961,0.050647652271806,0.0430666011903602,0.158849828239617,0.0511112501901288,0.233987810707323
1,0.5,0.2,0.5,0.4,-0.2,0.979811730110336,0.477324665237343,0.113765014736279,0.578132019819835,0.423392807911173,-0.128676799695839,NA,NA,NA,NA,NA,NA,0.0637449768413256,0.0561146130906269,0.0480966076909674,0.13791927498841,0.0524836974082076,0.252363802194677
1,0.5,0.2,0.5,0.4,-0.2,1.07509540769229,0.482423122388487,0.257558921845065,0.592057306417149,0.373117619567057,-0.356593119131064,NA,NA,NA,NA,NA,NA,0.0669496921095601,0.066931698458751,0.0557523009526146,0.140446188062245,0.0513671051760961,0.226147866223255
1,0.5,0.2,0.5,0.4,-0.2,1.20712114635882,0.431301784517131,0.168211619566796,0.877139677932296,0.371849835892181,-0.838600408986983,NA,NA,NA,NA,NA,NA,0.0664627952445982,0.0568200704893989,0.0487728978420543,0.179347234096141,0.0562149772678894,0.239767536331287
1,0.5,0.2,0.5,0.4,-0.2,1.0697565208257,0.501314847371747,0.205257364888923,0.607610932570189,0.425857185662379,-0.38749612346422,NA,NA,NA,NA,NA,NA,0.071187899294429,0.0633824495342021,0.0486093137738768,0.177164465149771,0.0527682077410538,0.281598362080776
1,0.5,0.2,0.5,0.4,-0.2,0.903941443574539,0.484161112865257,0.221488581666979,0.521976957683893,0.393274228163619,-0.106124300234419,NA,NA,NA,NA,NA,NA,0.0630343011506352,0.0564706049786538,0.0449880389835243,0.128555853838764,0.0519046942897122,0.233527711930179
1,0.5,0.2,0.5,0.4,-0.2,1.04453431746257,0.455613530131211,0.194249672134293,0.434264771850717,0.400494651923804,-0.0836534992049559,NA,NA,NA,NA,NA,NA,0.0689352694319196,0.0648010551342449,0.0532224919100194,0.130640484702689,0.0514150593471747,0.239155365598857
1,0.5,0.2,0.5,0.4,-0.2,1.14073864557888,0.384158239483199,0.257259711184976,0.258630184378626,0.4067013875205,0.0908544731432207,NA,NA,NA,NA,NA,NA,0.080949169129894,0.0744074017441362,0.0598084397113918,0.131834816289406,0.0537266094511172,0.257052433565004
1,0.5,0.2,0.5,0.4,-0.2,0.941968790342421,0.527835188241231,0.168246048200074,0.602182404281056,0.355493454670155,-0.328691989981968,NA,NA,NA,NA,NA,NA,0.0629938142244682,0.0593286819213867,0.0564892701614899,0.129491104121821,0.0496078327379894,0.215276667327153
1,0.5,0.2,0.5,0.4,-0.2,1.00066281542271,0.52628464410139,0.230957223315863,0.563743207220856,0.391494401255636,-0.400685251026494,NA,NA,NA,NA,NA,NA,0.0685440062540452,0.0650446491583459,0.0578982198497387,0.144025365000012,0.0529332432357387,0.227968110306777
1,0.5,0.2,0.5,0.4,-0.2,1.09103885766402,0.461147179454113,0.176327430216884,0.49280770491883,0.337724605560742,-0.146782658549823,NA,NA,NA,NA,NA,NA,0.0699021565444452,0.0631983560813429,0.0527507920589444,0.14331677168172,0.0557897379932674,0.245527081027641
1,0.5,0.2,0.5,0.4,-0.2,0.993183398115909,0.530307049150962,0.182036705687103,0.460478015545316,0.387289004327012,-0.0280994660942444,NA,NA,NA,NA,NA,NA,0.0660561455058368,0.0631098768629134,0.0511056507147904,0.129083224352744,0.0508646123864486,0.245867750985741
1,0.5,0.2,0.5,0.4,-0.2,1.14624234194813,0.417443016616244,0.156025562314865,0.488184822258152,0.406428857950753,-0.297344166850109,NA,NA,NA,NA,NA,NA,0.0735701010137801,0.0657254304689006,0.0576435233409837,0.148355600097709,0.0539870450411351,0.234090225602204
1,0.5,0.2,0.5,0.4,-0.2,1.15820786742985,0.422385630917914,0.249617544255023,0.383743278951242,0.354781811192986,-0.163185374704772,NA,NA,NA,NA,NA,NA,0.0777897810766524,0.0737610749814716,0.0610219395164948,0.151751252810923,0.0549508636249883,0.259712442446632
1,0.5,0.2,0.5,0.4,-0.2,0.993775778365742,0.510011920998415,0.146269053952516,0.439562220586477,0.405647347147968,-0.00698922106775486,NA,NA,NA,NA,NA,NA,0.0672238383782059,0.0612131348802723,0.0496811478031757,0.134061182421326,0.0521874754948713,0.251459579227617
1,0.5,0.2,0.5,0.4,-0.2,1.11472248324141,0.439508615471424,0.161299890699405,0.650283735425348,0.448367954757174,-0.55137715855758,NA,NA,NA,NA,NA,NA,0.0724862747645483,0.0637412363543992,0.0508551205609637,0.163774608743618,0.0592410166952988,0.236109598537717
1,0.5,0.2,0.5,0.4,-0.2,0.916173998897124,0.592832233493528,0.208588614253111,0.329436475824265,0.448522347483646,0.201881254524073,NA,NA,NA,NA,NA,NA,0.0711554932698402,0.0632583802101563,0.0482250552634116,0.121965800258216,0.0503072640784529,0.265107994771765
1,0.5,0.2,0.5,0.4,-0.2,0.917484749680959,0.545531113798352,0.195034291308399,0.605119752704421,0.360588373913639,-0.306671533312914,NA,NA,NA,NA,NA,NA,0.0612712170710749,0.0557516317768762,0.0525975410080773,0.114118128479749,0.0523961737439745,0.191422381295371
1,0.5,0.2,0.5,0.4,-0.2,1.01164807027094,0.558117287298791,0.266495358140888,0.531438957272138,0.336170611420805,-0.240449535162344,NA,NA,NA,NA,NA,NA,0.0663101069580114,0.0652174648590998,0.0555928113096915,0.157306043177452,0.0519538438190012,0.268116969137071
1,0.5,0.2,0.5,0.4,-0.2,1.06565088463067,0.448718237614523,0.146720093669635,0.660345376059591,0.398229976019939,-0.519551857077055,NA,NA,NA,NA,NA,NA,0.0680346394631553,0.0617039623220135,0.0510639920731365,0.182734526291704,0.0530804349615474,0.271460591314641
1,0.5,0.2,0.5,0.4,-0.2,1.04544403109484,0.440536594273391,0.156263715186552,0.391947675291946,0.431828507331511,0.0231153270482332,NA,NA,NA,NA,NA,NA,0.0722464382968591,0.0656988229730261,0.0540840220307587,0.12812318985882,0.0531569637748815,0.246523623719673
1,0.5,0.2,0.5,0.4,-0.2,0.952660455434174,0.534234820110572,0.219518319657589,0.484226382243139,0.407462916933431,-0.073482286469994,NA,NA,NA,NA,NA,NA,0.0653524637651496,0.0619243632794561,0.0549159221839326,0.13071399019611,0.0499420553125659,0.246693899940463
1,0.5,0.2,0.5,0.4,-0.2,0.919260167996205,0.491560985806849,0.32589311311408,0.619720023808876,0.349485792932867,-0.378679252836368,NA,NA,NA,NA,NA,NA,0.0631588148849673,0.0537150301322383,0.0544779734531814,0.13559842719106,0.0511648054240481,0.218441082067362
1,0.5,0.2,0.5,0.4,-0.2,1.06103759648809,0.482937092266965,0.161784414436988,0.532559864886092,0.314719076732534,-0.00598984214311125,NA,NA,NA,NA,NA,NA,0.0612778615307142,0.0580559023712259,0.0503382243327459,0.138225578367569,0.0515840240016262,0.266564436832364
1,0.5,0.2,0.5,0.4,-0.2,0.970126433116185,0.567705896174138,0.30611889904751,0.490332300441388,0.410288547490034,-0.204729316604156,NA,NA,NA,NA,NA,NA,0.0682373294559804,0.0623940395922621,0.0577243573739544,0.130238957409508,0.05010519915804,0.229883171732603
1,0.5,0.2,0.5,0.4,-0.2,1.03975814935355,0.4313105902362,0.250627655780241,0.58352916516578,0.342332802530988,-0.309489514252937,NA,NA,NA,NA,NA,NA,0.0665378278995421,0.0577502778289944,0.0530127050805943,0.152665623582187,0.0535002106702667,0.251605511061879
1,0.5,0.2,0.5,0.4,-0.2,0.930215044309005,0.512563914144372,0.121877408801695,0.522039976410443,0.401244972843842,0.0250624374299921,NA,NA,NA,NA,NA,NA,0.0621971486988039,0.0581042797992267,0.0437109319284529,0.112988803584596,0.0540156954980458,0.218154650463339
1,0.5,0.2,0.5,0.4,-0.2,0.987703886698317,0.499399313725629,0.154530937558324,0.333192365883357,0.425857314349965,-0.0718669623554576,NA,NA,NA,NA,NA,NA,0.0783253407617675,0.0697279637373588,0.0610618709356774,0.133690941645091,0.0539671727417052,0.24375344338385
1,0.5,0.2,0.5,0.4,-0.2,1.01189561596814,0.442207841238866,0.153179898650514,0.566385744040933,0.358490176845624,-0.195078996691376,NA,NA,NA,NA,NA,NA,0.0629424019884423,0.058172150190682,0.0519693981225708,0.153321734531714,0.0527244903648087,0.261451444328644
1,0.5,0.2,0.5,0.4,-0.2,1.0153165908403,0.410696256464275,0.278813117001243,0.46822520415648,0.436478835240838,-0.198791868241788,NA,NA,NA,NA,NA,NA,0.0723241596857677,0.0646592898854069,0.053020211173788,0.143640957278572,0.053067509899995,0.251937478730351
1,0.5,0.2,0.5,0.4,-0.2,1.00461276014756,0.596456460885098,0.152622352800697,0.427270541094129,0.474532498091829,-0.069856660070312,NA,NA,NA,NA,NA,NA,0.0733553415234957,0.0670428506981028,0.0527621710951629,0.129765637412393,0.052913579633136,0.238437770078457
1,0.5,0.2,0.5,0.4,-0.2,1.01073433076408,0.462864189478875,0.0784800397049318,0.36247451987977,0.321877610750008,0.0359224344033992,NA,NA,NA,NA,NA,NA,0.0701927627554178,0.0613361129031698,0.0616448861186672,0.130213754322677,0.0518467213817469,0.24992839684322
1,0.5,0.2,0.5,0.4,-0.2,1.04197886480371,0.363051193775791,0.209315425619761,0.38920376527218,0.530736109541411,0.168375332418474,NA,NA,NA,NA,NA,NA,0.0727017022842456,0.0617093546852673,0.0448491254335675,0.121235828618927,0.0512125123920437,0.251385842316002
1,0.5,0.2,0.5,0.4,-0.2,1.02595656721381,0.507904983669545,0.263012832293484,0.481114744507093,0.369146108386424,-0.110021462706853,NA,NA,NA,NA,NA,NA,0.0679213285858896,0.0622621367162434,0.0525115129946284,0.145182281283667,0.0521441430949299,0.258969513819391
1,0.5,0.2,0.5,0.4,-0.2,1.00233975169464,0.463049853477071,0.154349954544841,0.56755173629111,0.34609491067202,-0.279957629329265,NA,NA,NA,NA,NA,NA,0.0647186227391929,0.0609192532110333,0.0527773818190862,0.134237162756476,0.0519996816216443,0.220705470943188
1,0.5,0.2,0.5,0.4,-0.2,1.00111236973774,0.561859485827098,0.147818084056363,0.588901946446358,0.503635504999778,-0.320900009010737,NA,NA,NA,NA,NA,NA,0.0703857291855426,0.0606629893342307,0.0463605068714824,0.142745094887841,0.0512760402718505,0.23805670154418
1,0.5,0.2,0.5,0.4,-0.2,0.915059264164299,0.53980631884309,0.194537787211526,0.404733508017526,0.475930539509389,0.130714686454041,NA,NA,NA,NA,NA,NA,0.0681944702445064,0.0634304695460118,0.0495779461075769,0.112401125402423,0.0518537051914614,0.236139130981831
1,0.5,0.2,0.5,0.4,-0.2,1.06365836089375,0.413666327488517,0.162950096436763,0.469623675283356,0.485570342796105,-0.163250315815203,NA,NA,NA,NA,NA,NA,0.0716049381519581,0.0630979870605656,0.0543726210877312,0.139809511262949,0.0519776908659569,0.242052424249119
1,0.5,0.2,0.5,0.4,-0.2,1.03598560206437,0.404332688733427,0.275194911687522,0.460580303374561,0.450273566712141,-0.124106767919832,NA,NA,NA,NA,NA,NA,0.0711589312898418,0.0638384261320948,0.0517896149757981,0.127009457545561,0.0541164952561072,0.222055269891591
1,0.5,0.2,0.5,0.4,-0.2,0.977451927019894,0.605946603272601,0.138191860719215,0.634691574740448,0.385641527203511,-0.43190674536313,NA,NA,NA,NA,NA,NA,0.0648282685761603,0.0597387795418841,0.0527051048365063,0.141231257709291,0.0548768621430416,0.222546339151385
1,0.5,0.2,0.5,0.4,-0.2,0.933893988454211,0.54680345081814,0.157885120112144,0.309855481922465,0.340715210287533,0.212299113027994,NA,NA,NA,NA,NA,NA,0.0699587509764071,0.0654708759128235,0.0607812354235577,0.129747591924404,0.0493338895398549,0.284072720073133
1,0.5,0.2,0.5,0.4,-0.2,0.947197783818999,0.435497492433999,0.147160351210638,0.780934082047718,0.371782518098483,-0.547150307618504,NA,NA,NA,NA,NA,NA,0.0588750470927459,0.0555627725994256,0.0485323178335793,0.139290989092286,0.0551664822199998,0.212631082426505
1,0.5,0.2,0.5,0.4,-0.2,1.05118174425407,0.413655594003594,0.25068889666108,0.491127614202765,0.295746989688517,-0.204062253377298,NA,NA,NA,NA,NA,NA,0.0678918261882383,0.0641814244563772,0.0586533284021157,0.153664025055872,0.0528896662444243,0.262899163778831
1,0.5,0.2,0.5,0.4,-0.2,0.937533407085064,0.618548785706462,0.230284927720605,0.443812682003596,0.339682222367994,-0.021697994691973,NA,NA,NA,NA,NA,NA,0.0640418459277347,0.0611137849764119,0.0541602097554978,0.122908981137715,0.0527885463150504,0.234702609322724
1,0.5,0.2,0.5,0.4,-0.2,0.951916078094526,0.514607522154159,0.183711909292622,0.375366560102409,0.422530331063631,0.00391065938177066,NA,NA,NA,NA,NA,NA,0.0718158002826289,0.0646662944548355,0.0573257724534233,0.124670819674457,0.0537904476476197,0.236100316911007
1,0.5,0.2,0.5,0.4,-0.2,1.05117671229696,0.509494132713464,0.171448675346833,0.579901957123984,0.405022485968308,-0.280153124530359,NA,NA,NA,NA,NA,NA,0.0655568516857303,0.0571511969243625,0.0501525155002796,0.143212033291874,0.0501314414273201,0.236353525057184
1,0.5,0.2,0.5,0.4,-0.2,0.839578645416035,0.635103118803497,0.197747059620044,0.314097907461079,0.44046458237766,0.192497558740776,NA,NA,NA,NA,NA,NA,0.071358344179074,0.0620137047177588,0.0554896500233558,0.116750279471733,0.0511486070535317,0.260850011267001
1,0.5,0.2,0.5,0.4,-0.2,0.899219529319226,0.55942859014603,0.156863676404007,0.302802393431645,0.49890342162217,0.207738668145822,NA,NA,NA,NA,NA,NA,0.0738615630554636,0.0688936826159122,0.0479037529517352,0.111697202781296,0.0517499521257189,0.238837494876795
1,0.5,0.2,0.5,0.4,-0.2,1.0818840080207,0.376661906376455,0.175839184373242,0.504465683502755,0.401151779526609,-0.186737062992682,NA,NA,NA,NA,NA,NA,0.0679671900410813,0.0625083492916658,0.05099069621597,0.126504150901003,0.05284427308036,0.217291333238341
1,0.5,0.2,0.5,0.4,-0.2,0.95518778401139,0.49480526957917,0.174139165039767,0.727384698055137,0.432086460579009,-0.461880080085512,NA,NA,NA,NA,NA,NA,0.0615247816110183,0.0534246266394497,0.0491774257751993,0.143761142011129,0.0544662630313426,0.22027294361097
1,0.5,0.2,0.5,0.4,-0.2,1.0367920629227,0.349059997754855,0.250837805761219,0.539328728653181,0.440937107487279,-0.221892791731195,NA,NA,NA,NA,NA,NA,0.0672217579120027,0.0616192898812664,0.0506065285021831,0.137791417768517,0.0557487838561409,0.23496830389041
1,0.5,0.2,0.5,0.4,-0.2,1.06106382862213,0.452022322421033,0.283753617585067,0.596138705450531,0.386619687077536,-0.239530653543971,NA,NA,NA,NA,NA,NA,0.0651457130100927,0.0580570052023805,0.0524278558684621,0.137713619366119,0.0524474289985094,0.234406285114996
1,0.5,0.2,0.5,0.4,-0.2,0.966229388372361,0.43935355871509,0.165772773380226,0.476415271159641,0.428269205899954,-0.00255618389537201,NA,NA,NA,NA,NA,NA,0.0650343254483399,0.0607069139349428,0.0457143108452929,0.114720479653969,0.0520640751192088,0.221514468309688
1,0.5,0.2,0.5,0.4,-0.2,0.964841872495738,0.515790939581169,0.180455082496784,0.668408196227628,0.29416409994475,-0.352981834519923,NA,NA,NA,NA,NA,NA,0.0602735533202403,0.0544908029822353,0.0505567901450307,0.136446552612487,0.054249351515398,0.220742455323708
1,0.5,0.2,0.5,0.4,-0.2,0.964659611149682,0.558771270889446,0.22597360364851,0.449915902050573,0.397640954495932,0.0703956088110671,NA,NA,NA,NA,NA,NA,0.0656212167798288,0.0579408846773898,0.051627576229449,0.134154090344699,0.0538247515944511,0.264808048424023
1,0.5,0.2,0.5,0.4,-0.2,0.943618693032758,0.498868759040983,0.21429771694051,0.511939737330546,0.402271824389366,-0.105416290608814,NA,NA,NA,NA,NA,NA,0.0636595854134573,0.0581874894210841,0.0478226270887082,0.115137380893778,0.0518513922485515,0.20910123421969
1,0.5,0.2,0.5,0.4,-0.2,0.906128724857746,0.612705573209915,0.106088667921121,0.336801281629649,0.409418100728067,0.179814899378655,NA,NA,NA,NA,NA,NA,0.0695069829998376,0.0658845596740077,0.0517086242478765,0.126352127330606,0.0485877950713134,0.268500934568234
1,0.5,0.2,0.5,0.4,-0.2,0.969992635435853,0.472806268532341,0.212970780753533,0.478464693203683,0.404373084564717,-0.0740577371032197,NA,NA,NA,NA,NA,NA,0.0663474629228428,0.0579447538645424,0.0496526314137982,0.118999246212761,0.0520784107719232,0.215449426578662
1,0.5,0.2,0.5,0.4,-0.2,1.02490467132427,0.504745029901043,0.337246513489694,0.46110035181643,0.426758890684307,-0.0653827483546556,NA,NA,NA,NA,NA,NA,0.067965585557816,0.0634075876475806,0.0541883359095382,0.136857888587237,0.0541306727228628,0.251612730880513
1,0.5,0.2,0.5,0.4,-0.2,0.998240815711614,0.493279552170916,0.199851598259972,0.397963836428994,0.495297875996534,0.0609629330663755,NA,NA,NA,NA,NA,NA,0.0708206768436105,0.0627788203961052,0.0475294305324032,0.123972730396741,0.0507140406355334,0.250161074643198
1,0.5,0.2,0.5,0.4,-0.2,0.958569539959741,0.481941442226702,0.151483592805581,0.466807939419952,0.340992840110932,-0.251760107186108,NA,NA,NA,NA,NA,NA,0.0701000585387059,0.061309284874869,0.0572371269134315,0.163405348560766,0.0537222510617243,0.278287834582459
1,0.5,0.2,0.5,0.4,-0.2,1.15993006224668,0.455734805543092,0.225289600560725,0.358863372717689,0.36082535071648,-0.0373499614608396,NA,NA,NA,NA,NA,NA,0.0770478154360931,0.0708185091479215,0.056482489347042,0.155649571450352,0.0572884497253739,0.276148135128332
1,0.5,0.2,0.5,0.4,-0.2,0.896707628592091,0.535397738706989,0.169110029047166,0.552751501502101,0.445918578864341,-0.163835854217841,NA,NA,NA,NA,NA,NA,0.0648319279981254,0.0589951113576875,0.050578767029124,0.127875055120986,0.0516971257956943,0.231273590493985
1,0.5,0.2,0.5,0.4,-0.2,0.931321963456258,0.524362944872442,0.148519690950571,0.381369890514525,0.407397367729167,-0.0244579676218878,NA,NA,NA,NA,NA,NA,0.0732223982365179,0.0642468510682358,0.0530141419387466,0.138589105408837,0.0545773287193077,0.258885898025765
1,0.5,0.2,0.5,0.4,-0.2,0.959740282759935,0.453033322030816,0.197704537948947,0.490227459690136,0.374871836676144,-0.046786124175468,NA,NA,NA,NA,NA,NA,0.0643752626129679,0.0604441111799102,0.0488037437439407,0.128591387750053,0.0506423891554306,0.239875982302847
1,0.5,0.2,0.5,0.4,-0.2,1.03743293157555,0.500023730603352,0.165338646741538,0.422234534987001,0.362123367809839,-0.142473000992371,NA,NA,NA,NA,NA,NA,0.0741353457971927,0.0713435116880928,0.0601273345408635,0.13149006587547,0.0554907020490428,0.224193645532056
1,0.5,0.2,0.5,0.4,-0.2,1.09222590472705,0.492790163215423,0.254415495774495,0.718570305411475,0.365108315467579,-0.528149897827746,NA,NA,NA,NA,NA,NA,0.0656514786970435,0.0575353750573463,0.055108294335259,0.181005135559387,0.0567920454157686,0.270607619162482
1,0.5,0.2,0.5,0.4,-0.2,0.905042789239133,0.577730146300394,0.192739634944007,0.486436645004953,0.39173243540293,-0.173556250485264,NA,NA,NA,NA,NA,NA,0.067260875857099,0.0590203145797114,0.0552746284559824,0.136455508451747,0.0509549905426798,0.244139252937525
1,0.5,0.2,0.5,0.4,-0.2,0.93590109962781,0.517220543827741,0.200161458987701,0.244590836961314,0.408331837289353,0.613185015233934,NA,NA,NA,NA,NA,NA,0.0699720643621993,0.0631832167278082,0.0511794999620575,0.117414564351058,0.0484561050693548,0.339167420378313
1,0.5,0.2,0.5,0.4,-0.2,1.00568230955586,0.474576454338921,0.206880931329593,0.671391492592114,0.406373674346788,-0.353302345853937,NA,NA,NA,NA,NA,NA,0.0625233357809205,0.0532291242007593,0.047763528128611,0.150940351385655,0.0533048890166189,0.242633006605382
1,0.5,0.2,0.5,0.4,-0.2,0.96305343294869,0.5041210419373,0.31647515389586,0.46263469022807,0.322187665294327,-0.153581576024667,NA,NA,NA,NA,NA,NA,0.068132031920234,0.065843198821167,0.0575382310564163,0.154887120703718,0.0529123560527716,0.271422321086359
1,0.5,0.2,0.5,0.4,-0.2,1.04768161181048,0.511037020411915,0.170009530780281,0.433840248004383,0.352946208757,-0.0638004252274353,NA,NA,NA,NA,NA,NA,0.0686474347447154,0.0644095797594318,0.0541698610776146,0.128233987374232,0.0547772038500276,0.231282969564411
1,0.5,0.2,0.5,0.4,-0.2,0.97944757407667,0.482577036173298,0.123650684098551,0.507209481323367,0.413302208011585,-0.269499977708004,NA,NA,NA,NA,NA,NA,0.0699174277728327,0.063562504876957,0.0527280988409584,0.172070757554117,0.05147982859161,0.293322556897694
1,0.5,0.2,0.5,0.4,-0.2,1.03967606739098,0.437173775631752,0.157606114961297,0.280050200214507,0.49564533022009,0.255687563593549,NA,NA,NA,NA,NA,NA,0.0787865481268234,0.0693926316305662,0.0535190388126674,0.153973357342905,0.0525033750204478,0.337669322266254
1,0.5,0.2,0.5,0.4,-0.2,1.15239064057179,0.369811423001068,0.0862531330546508,0.660829360045948,0.47393332836622,-0.452680331559204,NA,NA,NA,NA,NA,NA,0.0706237671713824,0.0600733299801037,0.0449279350666307,0.147210081601767,0.0597050825752703,0.223087040848713
1,0.5,0.2,0.5,0.4,-0.2,0.911249662319506,0.552860980382105,0.215913231066572,0.392377724247329,0.391088855499592,-0.00800208540144177,NA,NA,NA,NA,NA,NA,0.0675987830978014,0.0633341042622084,0.0526148273038417,0.114481592184307,0.0499732823999636,0.221716696541153
1,0.5,0.2,0.5,0.4,-0.2,1.01715127997612,0.46912143045796,0.155262149143551,0.352875988330021,0.416275926186284,-0.142095646844735,NA,NA,NA,NA,NA,NA,0.079163205906335,0.0745409275723129,0.0574754486486974,0.147116587864859,0.0542124346941765,0.252163308070789
1,0.5,0.2,0.5,0.4,-0.2,1.05792358494415,0.4570053383171,0.187504347469018,0.59154507872741,0.364006576676437,-0.299056072191498,NA,NA,NA,NA,NA,NA,0.0650839017107862,0.0601346132499248,0.0515006946556369,0.159070033594099,0.0516929639186123,0.26248069979196
1,0.5,0.2,0.5,0.4,-0.2,0.889858788409866,0.594485562818804,0.139663705469236,0.607454462708115,0.369033288754845,-0.387068653390658,NA,NA,NA,NA,NA,NA,0.0654384440392547,0.0593352367089307,0.0535871930526129,0.146199243419914,0.0511259504869597,0.235627544764857
1,0.5,0.2,0.5,0.4,-0.2,0.967478019631962,0.443295628555276,0.214358948308887,0.617972839259068,0.520209116913693,-0.452247304179714,NA,NA,NA,NA,NA,NA,0.071861769205436,0.0638468103313854,0.0447172339230578,0.141153588867188,0.05322007368958,0.217022245390742
1,0.5,0.2,0.5,0.4,-0.2,0.986840571641634,0.464627007224247,0.178205712330297,0.509993468109351,0.329309681852805,-0.239766146991378,NA,NA,NA,NA,NA,NA,0.0673588189660165,0.062697742457466,0.0559472435520778,0.135595795767623,0.0501047403661933,0.233718366816123
1,0.5,0.2,0.5,0.4,-0.2,1.07711661175947,0.439260402075658,0.183286004837966,0.394962461736301,0.438779363982175,0.0175220974964626,NA,NA,NA,NA,NA,NA,0.0729387300866612,0.0625710528116785,0.0503611080349669,0.127218174121104,0.0537160153473465,0.241442395733327
1,0.5,0.2,0.5,0.4,-0.2,1.00943203898251,0.478757451906452,0.222218938276274,0.773016158848988,0.368585259292076,-0.597088265009227,NA,NA,NA,NA,NA,NA,0.0613230643623087,0.0563211960260371,0.0481362397360559,0.145670348893042,0.0516619698060062,0.215380884788563
1,0.5,0.2,0.5,0.4,-0.2,1.03774997164814,0.478980920763262,0.178558504851793,0.514009472578141,0.446609825483444,-0.18304481695911,NA,NA,NA,NA,NA,NA,0.068255106308858,0.0612554703319147,0.0487022481869429,0.130610522247913,0.0525431729078974,0.227727799885313
1,0.5,0.2,0.5,0.4,-0.2,0.923678963812378,0.481096640235529,0.156984662705778,0.440119759723755,0.479686415391834,-0.105952264029666,NA,NA,NA,NA,NA,NA,0.0721332353246831,0.0641146435884038,0.0554255375875069,0.138053773671363,0.0522919581983931,0.251223773828686
1,0.5,0.2,0.5,0.4,-0.2,1.10587278015377,0.423187248152827,0.159486714935792,0.322870668277443,0.382547063084612,0.103389828469103,NA,NA,NA,NA,NA,NA,0.073415612191135,0.0663621130902394,0.0574053672110786,0.127345156526492,0.0544389812931531,0.251883812614833
1,0.5,0.2,0.5,0.4,-0.2,1.04631980657614,0.480338126648862,0.128060280251415,0.375308099761317,0.394104938250601,-0.161637687109901,NA,NA,NA,NA,NA,NA,0.0757437037648396,0.0685277994030171,0.0575608968582789,0.143563546664796,0.055615023782856,0.243773889624355
1,0.5,0.2,0.5,0.4,-0.2,0.996818306651704,0.472445113261641,0.126240086166801,0.412289998059055,0.389654474025412,-0.0417286892339854,NA,NA,NA,NA,NA,NA,0.0694913019567526,0.0652087554461328,0.0573052684120309,0.138810703040037,0.0513735828032777,0.256413182760264
1,0.5,0.2,0.5,0.4,-0.2,0.976597448695475,0.434324477829692,0.264264232220498,0.522343676214138,0.366400901240405,-0.307885871378071,NA,NA,NA,NA,NA,NA,0.0673729885164751,0.060252246794768,0.0539719624198958,0.145954689627294,0.0542700120779585,0.236621413622896
1,0.5,0.2,0.5,0.4,-0.2,1.07988994354416,0.498982641589188,0.290952134218472,0.396523421128414,0.420279935128855,-0.0497499807911493,NA,NA,NA,NA,NA,NA,0.0732376150409823,0.0676454099510504,0.0563268219303661,0.139732148460222,0.0510397405724163,0.25696810287417
1,0.5,0.2,0.5,0.4,-0.2,0.99258896509836,0.460451233724235,0.154230462915133,0.516043499444912,0.331322515767584,-0.144133047914079,NA,NA,NA,NA,NA,NA,0.0668848737974244,0.0657419548682731,0.0531260542405071,0.161437964532022,0.0550653709917121,0.285480539103591
1,0.5,0.2,0.5,0.4,-0.2,0.878242172841546,0.544302170174383,0.118112347749067,0.588485932656356,0.412592334430652,-0.232541182116462,NA,NA,NA,NA,NA,NA,0.0623036269500134,0.0561932127442144,0.0461001526626157,0.130387360136185,0.0500246713323736,0.229719062068247
1,0.5,0.2,0.5,0.4,-0.2,0.963115123245357,0.532250208222152,0.236835474172951,0.53622572454924,0.462233684993923,-0.231438048212557,NA,NA,NA,NA,NA,NA,0.0669048205380569,0.0596278079852782,0.0463216730921373,0.133333669535178,0.0511218642670267,0.227962813143953
1,0.5,0.2,0.5,0.4,-0.2,1.03522525882775,0.450775267400256,0.232296799186203,0.266702754314439,0.465617937015087,0.371737753169272,NA,NA,NA,NA,NA,NA,0.0755248704313535,0.0654479202207584,0.0529279805304965,0.126149701322672,0.0530768419389695,0.299633517461175
1,0.5,0.2,0.5,0.4,-0.2,0.809196460313923,0.691927138908276,0.118027848212872,0.430878016417105,0.366742344671037,-0.161116599999665,NA,NA,NA,NA,NA,NA,0.06911068751542,0.0643485761144361,0.0562409932134085,0.118034230558806,0.0518357279654699,0.211378951860406
1,0.5,0.2,0.5,0.4,-0.2,1.04795316470026,0.539278389236017,0.263658280098069,0.573051969690215,0.374070800074209,-0.332768144590033,NA,NA,NA,NA,NA,NA,0.0665801158777703,0.0619810807387334,0.0569616349580142,0.142508518977202,0.0559338359415444,0.22762591120458
1,0.5,0.2,0.5,0.4,-0.2,1.0256559180057,0.419313374969772,0.197162680408462,0.616188176728639,0.376562509032574,-0.391712321607958,NA,NA,NA,NA,NA,NA,0.065352276995726,0.0576745870874468,0.05267878953853,0.137384583854843,0.0548047589419917,0.217776175540824
1,0.5,0.2,0.5,0.4,-0.2,0.966637043769963,0.554613436139347,0.237793481315442,0.285462549765455,0.380862865521359,0.178689784164173,NA,NA,NA,NA,NA,NA,0.0728992250228012,0.0656432364013235,0.0523946340834084,0.140923759705546,0.0513579854351098,0.299272052014457
1,0.5,0.2,0.5,0.4,-0.2,1.203600703179,0.359297128776134,0.194727190527224,0.408448270691298,0.422058492552732,-0.201968010185634,NA,NA,NA,NA,NA,NA,0.0789139918004155,0.0741815484016901,0.0553686944128605,0.181044987394049,0.0531079287411368,0.306166042135016
1,0.5,0.2,0.5,0.4,-0.2,1.01087501804674,0.46825210433371,0.232868159606686,0.582593777476715,0.440484436630747,-0.111803053105912,NA,NA,NA,NA,NA,NA,0.0634661317124761,0.0557178691862302,0.0454663015139331,0.134783879453624,0.0537461592392466,0.24094570988323
1,0.5,0.2,0.5,0.4,-0.2,1.09199337975384,0.448798287139487,0.194789427787583,0.430854575328048,0.298898458832268,0.21878192940855,NA,NA,NA,NA,NA,NA,0.0649713986716867,0.058848809552684,0.051030460512033,0.1393876154909,0.0524969199610513,0.298853576332319
1,0.5,0.2,0.5,0.4,-0.2,0.844675577633664,0.629197218634342,0.191606313623577,0.589018297820689,0.449416761933557,-0.376163549352731,NA,NA,NA,NA,NA,NA,0.0655507080249507,0.059043279823184,0.0478691829586334,0.128839547444838,0.0508447110627487,0.20898040715372
1,0.5,0.2,0.5,0.4,-0.2,1.06052233434591,0.434970360450815,0.252548464874087,0.368444421761773,0.397387898717276,0.0102573417618251,NA,NA,NA,NA,NA,NA,0.0740241983788037,0.0686954547656861,0.0581640135881443,0.144408137120717,0.0533026605717841,0.275741101962503
1,0.5,0.2,0.5,0.4,-0.2,0.921517133467536,0.591938031216418,0.166130348035061,0.299591614711445,0.418868773405744,0.375725710714372,NA,NA,NA,NA,NA,NA,0.0703015419091995,0.0663312636146205,0.0510925914281213,0.116202610328047,0.0506280658780999,0.281901499351231
1,0.5,0.2,0.5,0.4,-0.2,0.998594332224812,0.452669698600261,0.260902783697911,0.432368886017586,0.387477006127476,-0.14681217097413,NA,NA,NA,NA,NA,NA,0.0702631203453043,0.0619346017235255,0.0560875635989876,0.136239899863154,0.0527990509929282,0.243119270331573
1,0.5,0.2,0.5,0.4,-0.2,1.02382426903643,0.443741481657488,0.250972630012952,0.479538428325028,0.293431079389866,-0.125546436290152,NA,NA,NA,NA,NA,NA,0.0667141582033365,0.0628515798129176,0.05732180402837,0.143798498679865,0.0551448774233244,0.256317439245802
1,0.5,0.2,0.5,0.4,-0.2,1.04053757494117,0.516446838044444,0.160714493163524,0.303172561654412,0.35485198073312,0.0767789169066717,NA,NA,NA,NA,NA,NA,0.0739375987618116,0.0710223135222529,0.0568292182558639,0.135974829643438,0.0502245530907166,0.273904657755431
1,0.5,0.2,0.5,0.4,-0.2,1.08982142798978,0.520420953030927,0.149348674952659,0.351151585201714,0.362009511256355,0.011561653515551,NA,NA,NA,NA,NA,NA,0.0731938358329692,0.0679443925169818,0.0580358619044387,0.134497497909749,0.05269594580612,0.257713792368505
1,0.5,0.2,0.5,0.4,-0.2,0.991469818259326,0.405985740251798,0.271904040733888,0.585113644527881,0.418848172104266,-0.293454912392826,NA,NA,NA,NA,NA,NA,0.066788521783406,0.0612163160173653,0.0496255799821788,0.138214837338651,0.0531359978532229,0.225557293984456
1,0.5,0.2,0.5,0.4,-0.2,1.03259858533302,0.455182338282015,0.133573895153045,0.362892682052319,0.416753127641783,-0.131533365195288,NA,NA,NA,NA,NA,NA,0.0774137524544079,0.0734373776845691,0.0577570817786195,0.147520608057135,0.0509340368605446,0.256189550042657
1,0.5,0.2,0.5,0.4,-0.2,1.04321010832222,0.412759352033559,0.112796235324156,0.572551546494847,0.460323455600453,-0.253604351227581,NA,NA,NA,NA,NA,NA,0.0670580784265944,0.0638619555562076,0.0493877993006502,0.140848712084827,0.053405903212427,0.233887752010375
1,0.5,0.2,0.5,0.4,-0.2,0.957950070394288,0.530739960295524,0.310966310809857,0.376881971764795,0.419761565310205,-0.104361422491412,NA,NA,NA,NA,NA,NA,0.0739686655177263,0.0664364510295981,0.0650848362520708,0.128118787792559,0.0557575982288497,0.228900605854115
1,0.5,0.2,0.5,0.4,-0.2,1.00820865389196,0.422245625397739,0.0817816661044976,0.526230767535716,0.343541145364217,-0.365685524877118,NA,NA,NA,NA,NA,NA,0.069757050272427,0.0642552243936813,0.0578608424789716,0.160936515281793,0.0549971125120557,0.257206338522574
1,0.5,0.2,0.5,0.4,-0.2,1.10754115174783,0.399419541880169,0.19396336929651,0.360801090982581,0.455087094177741,-0.158941079006535,NA,NA,NA,NA,NA,NA,0.0808154848887557,0.0760002756480083,0.0580894068152476,0.151407979172296,0.0534519734092239,0.263724469459456
1,0.5,0.2,0.5,0.4,-0.2,0.991262969178806,0.548323979734645,0.126255740157229,0.661356987685468,0.388943794158027,-0.435114601690596,NA,NA,NA,NA,NA,NA,0.0641430107472173,0.0578657390390772,0.0497163592146543,0.165039356311565,0.0524349155840127,0.261349462695861
1,0.5,0.2,0.5,0.4,-0.2,1.00782577574538,0.525925881908622,0.275006529390894,0.443641913688424,0.487412635093902,0.0107758086462287,NA,NA,NA,NA,NA,NA,0.0689576398161967,0.0655342778008205,0.0496108694767794,0.116434880070476,0.0559612241555989,0.220843053888489
1,0.5,0.2,0.5,0.4,-0.2,1.06280973425245,0.521380317891431,0.116911115857893,0.394054360373552,0.367210493371675,-0.0693421853527783,NA,NA,NA,NA,NA,NA,0.0710219213408923,0.0679964481254028,0.0562418186450078,0.136958973590036,0.0535600679743881,0.256410732877251
1,0.5,0.2,0.5,0.4,-0.2,1.01943006381142,0.548124891679144,0.184528471331074,0.712352593947636,0.459959604455635,-0.458664425495068,NA,NA,NA,NA,NA,NA,0.0647535174944729,0.055680947638152,0.0494718316446526,0.149691674441144,0.0531714999482174,0.23283569848356
1,0.5,0.2,0.5,0.4,-0.2,1.01660478820158,0.523576457349247,0.152363427401301,0.335473985422382,0.348372005372754,0.155317204635206,NA,NA,NA,NA,NA,NA,0.0699930874864546,0.0656106224306184,0.0539564597186989,0.122225523583401,0.048796535718442,0.255463230000845
1,0.5,0.2,0.5,0.4,-0.2,1.04591523888122,0.440028224578325,0.0781834733309302,0.870634000091174,0.481927915016513,-0.622788447939794,NA,NA,NA,NA,NA,NA,0.0604005336001487,0.0524085858066215,0.0410962288995457,0.147190058883634,0.0524939432149602,0.21650184794586
1,0.5,0.2,0.5,0.4,-0.2,1.08005041597589,0.462750597959196,0.192209381814207,0.469752157742928,0.370959797661075,-0.178475700094124,NA,NA,NA,NA,NA,NA,0.0704861087425004,0.0623950201990066,0.0504301805346216,0.137460191300741,0.0519228786151088,0.236202641174532
1,0.5,0.2,0.5,0.4,-0.2,1.17363097679979,0.391682380170747,0.212634310394019,0.26957771242579,0.41351323154449,0.155207942537481,NA,NA,NA,NA,NA,NA,0.0790141191026368,0.0716369396204217,0.0583504226202581,0.124409399375087,0.0551390003697168,0.246538123529088
1,0.5,0.2,0.5,0.4,-0.2,0.939110306085377,0.439643381648358,0.18017326135402,0.558966176951163,0.444088516591249,-0.302692892971713,NA,NA,NA,NA,NA,NA,0.0692413476346455,0.06095726017515,0.0495343234881713,0.133156834238501,0.0519172685092705,0.224970094501441
1,0.5,0.2,0.5,0.4,-0.2,1.00963048286199,0.445398822234998,0.20162640722803,0.435846080973308,0.419626976606568,-0.155307914150503,NA,NA,NA,NA,NA,NA,0.0736486698804904,0.0691468585807062,0.0537213471528597,0.149932656786957,0.0522172971580835,0.263458149451398
1,0.5,0.2,0.5,0.4,-0.2,0.980718132077609,0.604322269596133,0.252744885319845,0.495846691395447,0.31314252442206,-0.166326439485339,NA,NA,NA,NA,NA,NA,0.0649780336775548,0.0600629122060523,0.053074454795779,0.124581422254554,0.0531435076819352,0.220125172878302
1,0.5,0.2,0.5,0.4,-0.2,1.01293178732336,0.585450497883023,0.26279243580017,0.258306426085604,0.302709575203282,0.363760719132224,NA,NA,NA,NA,NA,NA,0.0708773365636762,0.0670198269694577,0.059728773670005,0.109872278046301,0.0549702383678826,0.248294635224691
1,0.5,0.2,0.5,0.4,-0.2,1.05239360450277,0.443510791591763,0.134925695155521,0.515218338201085,0.330702440165603,-0.253354775525463,NA,NA,NA,NA,NA,NA,0.0665089856499278,0.0652514024679454,0.0512667724314804,0.131693486225861,0.0499784696138875,0.220515376544815
1,0.5,0.2,0.5,0.4,-0.2,0.799103709866123,0.530672831029192,0.163406307570319,0.533826487454043,0.35877917635488,-0.163727193642864,NA,NA,NA,NA,NA,NA,0.0626162487001706,0.0573674913399786,0.0507236165308392,0.123855414587462,0.0508540195488632,0.225678295369291
1,0.5,0.2,0.5,0.4,-0.2,1.00567080524442,0.494789203810042,0.266814231468676,0.582566115274537,0.538670520286329,-0.166009862504729,NA,NA,NA,NA,NA,NA,0.0662324027810398,0.0607946417178413,0.0459769249171144,0.140334762545347,0.0551790334974008,0.245310419361187
1,0.5,0.2,0.5,0.4,-0.2,0.840697185502945,0.639305174973376,0.232187296981227,0.264054126883289,0.511028569291606,0.371505691774379,NA,NA,NA,NA,NA,NA,0.0742332671882931,0.0670461092442894,0.0491298632710379,0.118110581155536,0.0516258068176123,0.287209059723272
1,0.5,0.2,0.5,0.4,-0.2,0.998644924816218,0.546371598042431,0.167337099790765,0.42414883786829,0.36447714445024,0.0281421419254499,NA,NA,NA,NA,NA,NA,0.066171846506568,0.0587478571207099,0.0516313302003838,0.120675657650529,0.0547872909570748,0.23342860137365
1,0.5,0.2,0.5,0.4,-0.2,0.947905960805422,0.505855106398436,0.123173330488541,0.309732764064082,0.490463500758505,0.204891577666503,NA,NA,NA,NA,NA,NA,0.0762480312372465,0.0642020163876875,0.0503441016873523,0.136292076333697,0.055206743028475,0.297927471871448
1,0.5,0.2,0.5,0.4,-0.2,0.960142794017517,0.580865892086638,0.268819019246313,0.447456332523826,0.405711529701062,-0.0776367386395548,NA,NA,NA,NA,NA,NA,0.0683826120492692,0.0608820857541439,0.0538318390873155,0.110886595022067,0.0506710627612294,0.206137008263007
1,0.5,0.2,0.5,0.4,-0.2,0.92721760465609,0.528931470136832,0.271138224242464,0.611567458360057,0.412393311605328,-0.412169102718268,NA,NA,NA,NA,NA,NA,0.0670072208035193,0.0591928076200056,0.0516807859727798,0.143907588271656,0.0540986072752458,0.229358169471679
1,0.5,0.2,0.5,0.4,-0.2,1.02853576664455,0.470361736723404,0.209422860430274,0.372443959418745,0.438347494472473,0.0142620181717964,NA,NA,NA,NA,NA,NA,0.0717849540852993,0.0634307939657102,0.0526450640699852,0.123594611164909,0.052587326790404,0.237899800653129
1,0.5,0.2,0.5,0.4,-0.2,1.0582376254081,0.4035905450224,0.155442662518359,0.429208462671853,0.448911431324731,0.0147622241877065,NA,NA,NA,NA,NA,NA,0.070044139422394,0.0577480337163782,0.0566033410774717,0.12849394189972,0.0542677495678764,0.248228254610474
1,0.5,0.2,0.5,0.4,-0.2,1.01044768027435,0.518185547762232,0.094817682334038,0.551123270173706,0.431737442806762,-0.262535379518177,NA,NA,NA,NA,NA,NA,0.0677123753651532,0.0635028183300805,0.0511749039715256,0.132682049184325,0.0517813836787287,0.224282903410085
1,0.5,0.2,0.5,0.4,-0.2,0.95110931176378,0.500134189449559,0.191550150615202,0.479963396426993,0.387906278716363,-0.17191093802588,NA,NA,NA,NA,NA,NA,0.0695766207172749,0.0614692559874436,0.0528826629437165,0.133399455269015,0.052628792528036,0.236851394026253
1,0.5,0.2,0.5,0.4,-0.2,0.900484610914254,0.584951194552803,0.168888255493547,0.389506812992681,0.327639967544644,0.145448167531312,NA,NA,NA,NA,NA,NA,0.0643774920873651,0.0620297116772598,0.0547545336367555,0.124607632311279,0.0478557533881646,0.261137235317212
1,0.5,0.2,0.5,0.4,-0.2,0.983937972437612,0.536133163910256,0.23023632172742,0.581029435323166,0.345449734812599,-0.257895456630066,NA,NA,NA,NA,NA,NA,0.0636803617639955,0.0575770748063724,0.0511622439172486,0.141411969273453,0.053319252694789,0.244573882117641
1,0.5,0.2,0.5,0.4,-0.2,0.981079453469032,0.570492726632404,0.128283173420027,0.468180619192206,0.36025002505621,-0.166228252353071,NA,NA,NA,NA,NA,NA,0.0673671408806333,0.0627021770932727,0.0552837135333922,0.12340493716767,0.0518398835177092,0.214181083073321
1,0.5,0.2,0.5,0.4,-0.2,1.0248922907556,0.405949625717938,0.111311137484727,0.471768558580003,0.300445422473676,-0.257438757472328,NA,NA,NA,NA,NA,NA,0.0695493730749262,0.0698682925320673,0.0599719888699576,0.148458931623766,0.0524926744620599,0.248065850667439
1,0.5,0.2,0.5,0.4,-0.2,1.03372854420477,0.434187124009977,0.192001467710997,0.489435104434848,0.386270280479179,-0.0893294795544145,NA,NA,NA,NA,NA,NA,0.0676118303990791,0.0619496193854068,0.0497201949387141,0.130590587865775,0.0503019220600142,0.237312377556153
1,0.5,0.2,0.5,0.4,-0.2,1.02138141015949,0.477270235554171,0.255462232363585,0.456192437298817,0.5120170903744,-0.0172836665604016,NA,NA,NA,NA,NA,NA,0.0702728438016023,0.0599300413253922,0.0470185281395383,0.12854477062308,0.0515557201360349,0.243401549868098
1,0.5,0.2,0.5,0.4,-0.2,0.903022999717929,0.594259228013536,0.248295806553195,0.553259396581592,0.417021396248459,-0.113721621461236,NA,NA,NA,NA,NA,NA,0.0610890265682239,0.0566754147072989,0.0455066907401069,0.119572885291232,0.0524777070134524,0.217834704698115
1,0.5,0.2,0.5,0.4,-0.2,1.03433616590085,0.481264776273861,0.221014553169399,0.641030773218336,0.454619505773238,-0.315824143415742,NA,NA,NA,NA,NA,NA,0.0642091899863016,0.0574036309395615,0.0472237529852173,0.129122667842873,0.054540420389236,0.210296717707257
1,0.5,0.2,0.5,0.4,-0.2,1.0389882044001,0.506475803974994,0.20918679184478,0.458681843221362,0.377788634014837,-0.166556310023061,NA,NA,NA,NA,NA,NA,0.071392542503314,0.0668072562792253,0.0565454499211624,0.148365498755461,0.0535876770984463,0.255861837744434
1,0.5,0.2,0.5,0.4,-0.2,1.02141167980428,0.543542140300762,0.104982894142812,0.666892043715858,0.515074030416504,-0.342238168908872,NA,NA,NA,NA,NA,NA,0.0649530800265253,0.0576396243971874,0.0441793567717729,0.152303460700922,0.0528070910884194,0.249384866943541
1,0.5,0.2,0.5,0.4,-0.2,0.991973725049779,0.527273624191082,0.19460911191215,0.454163278354364,0.369407648023959,-0.00974222563778097,NA,NA,NA,NA,NA,NA,0.0667602826667424,0.0649772557389064,0.0538544750826727,0.141967437632651,0.0527227114254083,0.278617674097336
1,0.5,0.2,0.5,0.4,-0.2,0.998667252610277,0.518716846532083,0.221552779385066,0.489015379255889,0.296885648780851,-0.160323160352364,NA,NA,NA,NA,NA,NA,0.0652033940585644,0.0597942188436247,0.0566483800070308,0.141225441170847,0.0542625319164051,0.247003370521284
1,0.5,0.2,0.5,0.4,-0.2,1.00291678001668,0.587305120341947,0.202652265002442,0.508144830044077,0.278908753977121,-0.164674057540755,NA,NA,NA,NA,NA,NA,0.0637028561940773,0.061235257513318,0.0523403389258508,0.127437567229114,0.0515948362477235,0.224296406662709
1,0.5,0.2,0.5,0.4,-0.2,0.924248872829896,0.559530066002538,0.179968382054512,0.677498919355749,0.402903780076596,-0.415563947740613,NA,NA,NA,NA,NA,NA,0.0616350772030666,0.061891779056024,0.0448403926381755,0.150241504960054,0.0515502279869975,0.236876293790075
1,0.5,0.2,0.5,0.4,-0.2,0.974962966245879,0.55698210154174,0.141413759666393,0.427774997107878,0.422616609597421,0.0156257391542488,NA,NA,NA,NA,NA,NA,0.0681306197121469,0.062864842943637,0.0581555782941556,0.128769007690531,0.052541363365245,0.245039328502881
1,0.5,0.2,0.5,0.4,-0.2,1.12129589559599,0.423935578767856,0.20187089493741,0.431138044164823,0.334894238326628,-0.153711032257233,NA,NA,NA,NA,NA,NA,0.0740411774336539,0.0694927206486754,0.0649731190378011,0.159037719524036,0.055029951113448,0.27622276295072
1,0.5,0.2,0.5,0.4,-0.2,0.883149203289089,0.650628196404944,0.219224837829184,0.383048073774255,0.322657224066707,0.0890066105746297,NA,NA,NA,NA,NA,NA,0.0645679412358684,0.0610234302931573,0.0549520299462121,0.110249430225505,0.0498950996225183,0.228298767984026
1,0.5,0.2,0.5,0.4,-0.2,1.01234497285756,0.392708654494376,0.285374006350441,0.281058394258494,0.408440478049999,0.157363815022484,NA,NA,NA,NA,NA,NA,0.0769225458076157,0.07162468222508,0.0527765054822041,0.123092806168602,0.0514695158560528,0.261404818240703
1,0.5,0.2,0.5,0.4,-0.2,1.01472211676316,0.514071067742854,0.182232456929545,0.6163196984252,0.417589933652133,-0.340837724996642,NA,NA,NA,NA,NA,NA,0.0647351375882171,0.0567457224649518,0.0495249709105773,0.139603078703464,0.0504173133158893,0.22943844644855
1,0.5,0.2,0.5,0.4,-0.2,1.10616794113872,0.51311835072482,0.158978797261882,0.613210947874389,0.412767510932422,-0.43234896696823,NA,NA,NA,NA,NA,NA,0.0690986476955256,0.0656601703119967,0.0559990874650454,0.130930393067734,0.0575166363653847,0.193984860333343
1,0.5,0.2,0.5,0.4,-0.2,0.914556629068005,0.520111052912466,0.0917626591187751,0.272100359414409,0.40336195206345,0.230897528186597,NA,NA,NA,NA,NA,NA,0.0722518910753687,0.0672529193173539,0.0577401509101903,0.113874705258175,0.0495639229127528,0.249966250591742
1,0.5,0.2,0.5,0.4,-0.2,0.915500785402833,0.533835171677542,0.0959072949227417,0.404745355794549,0.436738813716674,-0.0352668317241014,NA,NA,NA,NA,NA,NA,0.0697748106568573,0.0651739703012335,0.0520388774098989,0.136157073223394,0.0555179948558815,0.261857202314874
1,0.5,0.2,0.5,0.4,-0.2,1.08381998318256,0.47351987208041,0.251837468209241,0.603231438790849,0.394127580824968,-0.43265038374329,NA,NA,NA,NA,NA,NA,0.0700658259649928,0.06640110936475,0.0556043008697221,0.170387273458543,0.0526232304805763,0.261023452637019
1,0.5,0.2,0.5,0.4,-0.2,0.994188487285937,0.556991145449875,0.176951240089682,0.456151081211318,0.394649653076533,-0.075674214383229,NA,NA,NA,NA,NA,NA,0.0686058713870763,0.0627927864885158,0.0558644784589621,0.143472583464234,0.0530013490243075,0.263171166733853
1,0.5,0.2,0.5,0.4,-0.2,0.978540324837919,0.576202010952632,0.148244882144733,0.504545574763518,0.419207135585084,-0.303702198875113,NA,NA,NA,NA,NA,NA,0.070788567416399,0.066800231654596,0.0526269428158907,0.135024314269496,0.0521140422199621,0.217448903871989
1,0.5,0.2,0.5,0.4,-0.2,0.919977394874729,0.573792454528467,0.139054755752384,0.479119702349448,0.43255763108838,-0.22483548429925,NA,NA,NA,NA,NA,NA,0.0694683313943646,0.0643157683363838,0.0536915725689961,0.126604535364078,0.0505652095378261,0.209012619272404
1,0.5,0.2,0.5,0.4,-0.2,1.0515881428804,0.421967013026775,0.318533686432604,0.409839466558412,0.349049108003147,0.00861368596621163,NA,NA,NA,NA,NA,NA,0.0684070906220337,0.0612317682093542,0.0543644915981156,0.122939559356039,0.0519652171640466,0.235354764875898
1,0.5,0.2,0.5,0.4,-0.2,0.984479799547939,0.505337171908989,0.0949754032897309,0.523326724025594,0.434856259836517,-0.10634777811106,NA,NA,NA,NA,NA,NA,0.0657806598901638,0.0612802980023502,0.0512501467020586,0.132291633574614,0.0506048591681335,0.239869664138039
1,0.5,0.2,0.5,0.4,-0.2,1.03650179003006,0.433746651630142,0.163987108432576,0.450292768138108,0.420925830774469,-0.107547085904233,NA,NA,NA,NA,NA,NA,0.0726409806589952,0.063457641532553,0.0575665807475237,0.146072306074818,0.0491260537801902,0.265868382772258
1,0.5,0.2,0.5,0.4,-0.2,1.06865611681135,0.489300539579109,0.10770178876937,0.412202151157744,0.4589742452136,-0.0518202496617943,NA,NA,NA,NA,NA,NA,0.0735088585461983,0.0658880951132613,0.0533921847468264,0.12279257591347,0.0536461872698535,0.226210245514467
1,0.5,0.2,0.5,0.4,-0.2,1.02445207228692,0.422717752698824,0.13346047928493,0.438912912729119,0.487784777815027,-0.17478454472979,NA,NA,NA,NA,NA,NA,0.0746910058174406,0.0668718513285544,0.054307754237557,0.135666303950392,0.0522558330135979,0.23346598303562
1,0.5,0.2,0.5,0.4,-0.2,1.05260873107031,0.428801118590848,0.205128909577689,0.462751721970365,0.526505887442507,-0.168902813874999,NA,NA,NA,NA,NA,NA,0.0754767581954635,0.0680825245668852,0.048412750818275,0.132194641155261,0.0530357486515361,0.228859783483487
1,0.5,0.2,0.5,0.4,-0.2,1.02497498464567,0.371613577389574,0.239575674524054,0.416423024794471,0.479155178216686,-0.0141086506372499,NA,NA,NA,NA,NA,NA,0.0731171721895518,0.0635229551310477,0.0474263324477098,0.141532256411679,0.0493725243524751,0.266364254184197
1,0.5,0.2,0.5,0.4,-0.2,1.04460428286236,0.415528076366866,0.235098743292101,0.324588434630126,0.436757254140846,0.215175277558015,NA,NA,NA,NA,NA,NA,0.0726065520490466,0.0642558303541713,0.0519199852777235,0.133810150522269,0.0513510510364655,0.284015020232192
1,0.5,0.2,0.5,0.4,-0.2,0.960130607097125,0.485464321001366,0.154978250915551,0.618576142378721,0.44543385682433,-0.133414661915664,NA,NA,NA,NA,NA,NA,0.0605516079431694,0.0551105113401515,0.0456097585328644,0.135498777304585,0.050899414644889,0.251890435666378
1,0.5,0.2,0.5,0.4,-0.2,0.984691358451373,0.504878730545591,0.0548084201093968,0.456702856620175,0.382307483247898,-0.200200757621358,NA,NA,NA,NA,NA,NA,0.0704924773002407,0.0662984108311126,0.0607202360675755,0.1340503675707,0.0565369939485035,0.226886166972845
1,0.5,0.2,0.5,0.4,-0.2,1.01708461505195,0.518053007222419,0.228038272727207,0.504533459414223,0.34964477338497,-0.245994500893069,NA,NA,NA,NA,NA,NA,0.0677767818104034,0.0628978413614547,0.057667081856706,0.135598105362419,0.0524108912096005,0.230635784212295
1,0.5,0.2,0.5,0.4,-0.2,0.909854737093771,0.509832947072695,0.131996771684802,0.461971003169208,0.437553126430143,-0.140375076974138,NA,NA,NA,NA,NA,NA,0.0676360466171503,0.0610294577452531,0.0523610282734316,0.129525344196513,0.049220338688786,0.235816401951681
1,0.5,0.2,0.5,0.4,-0.2,0.966330256733996,0.508692450908264,0.35741200788551,0.361841398888071,0.370870319501694,0.103399125563816,NA,NA,NA,NA,NA,NA,0.0697468690977464,0.0663317021774264,0.0579704733580769,0.115157886719374,0.0513855156065519,0.233949142019104
1,0.5,0.2,0.5,0.4,-0.2,1.08115728871225,0.451754259335377,0.123501426371332,0.567994113067727,0.353820672833274,-0.288450998144766,NA,NA,NA,NA,NA,NA,0.0664267282546447,0.0624610910177763,0.0566126271675059,0.144540935356372,0.0522583507353004,0.239026638230503
1,0.5,0.2,0.5,0.4,-0.2,0.975695717827911,0.59596428424381,0.249724959878622,0.390968016849985,0.401547604259163,0.123400290826886,NA,NA,NA,NA,NA,NA,0.0680463758795545,0.0620790184259312,0.0544711716075593,0.123500364380775,0.0506103983367061,0.253572255133133
1,0.5,0.2,0.5,0.4,-0.2,0.990201151460402,0.496855659367092,0.140685286983301,0.374939019113248,0.298065055347749,0.116270113611647,NA,NA,NA,NA,NA,NA,0.0662209019858498,0.0610217607299535,0.0558850937941823,0.125731186101125,0.0532380133202113,0.25452180966676
1,0.5,0.2,0.5,0.4,-0.2,0.980763352985434,0.545318833009351,0.0880166793870363,0.300767862082222,0.395781555348844,0.157965443803192,NA,NA,NA,NA,NA,NA,0.0719363949510691,0.0684981710328793,0.0580737822503842,0.119326320047969,0.0495666995951688,0.251932827341481
1,0.5,0.2,0.5,0.4,-0.2,0.915797849358503,0.511790857683434,0.228920800557614,0.444168215594699,0.45710191786972,0.00165964938720484,NA,NA,NA,NA,NA,NA,0.0689809127589099,0.0595040421920646,0.0471045814806185,0.141709422055389,0.0499118193116116,0.273129967682917
1,0.5,0.2,0.5,0.4,-0.2,1.12694428434746,0.378315567193627,0.206451382937486,0.480852517559229,0.487535080826118,-0.264444702194357,NA,NA,NA,NA,NA,NA,0.0748377106675315,0.0664737515386452,0.0531629119729122,0.149217217666127,0.0514872658801726,0.245724228327151
1,0.5,0.2,0.5,0.4,-0.2,1.11204353847204,0.389961611542506,0.194586833456877,0.420125372839455,0.413439489521255,-0.0328603479042353,NA,NA,NA,NA,NA,NA,0.0715268162596905,0.0670100345226832,0.0536930426297338,0.151704138612514,0.0533593957735359,0.283201113137846
1,0.5,0.2,0.5,0.4,-0.2,0.876454838844882,0.574351584872146,0.225841012044393,0.482827912964372,0.502405098422546,-0.120180672855878,NA,NA,NA,NA,NA,NA,0.0684054207700277,0.0611251469525717,0.0477660017218785,0.124510013183931,0.0501628308549383,0.224944433516594
1,0.5,0.2,0.5,0.4,-0.2,1.17401528489796,0.459897679580252,0.172219321622462,0.723508428841419,0.313814418937798,-0.57460570911368,NA,NA,NA,NA,NA,NA,0.0673824714365362,0.0594956750195711,0.0621346276979862,0.194792618243711,0.0594051078877594,0.28369662684308
1,0.5,0.2,0.5,0.4,-0.2,0.864961444221767,0.563364195992976,0.175651492123967,0.452436869442381,0.461206659604588,-0.0886888311860898,NA,NA,NA,NA,NA,NA,0.0681874515316716,0.0600772280325989,0.0490555547331464,0.124830118038558,0.0497210991012279,0.235318834277578
1,0.5,0.2,0.5,0.4,-0.2,1.0665859601884,0.400655008243608,0.129051215083444,0.52710283371638,0.422269395953581,-0.256562043255597,NA,NA,NA,NA,NA,NA,0.067348456036881,0.0639877113638892,0.0531637671580267,0.11780076706705,0.0539963864506449,0.192557608293776
1,0.5,0.2,0.5,0.4,-0.2,1.0735381948261,0.487263467320564,0.231427922148562,0.19724094542246,0.489002259184744,0.595065545358563,NA,NA,NA,NA,NA,NA,0.0777442355288993,0.0678779345207085,0.0523325423971261,0.118829971280209,0.051503636468789,0.326691277547486
1,0.5,0.2,0.5,0.4,-0.2,0.895847110029531,0.565088736071272,0.250596728948682,0.41467261504909,0.406788371669726,-0.0238070570299731,NA,NA,NA,NA,NA,NA,0.067824912598724,0.061673300256464,0.0525346013733372,0.124750776848316,0.0490308261159872,0.242597647599952
1,0.5,0.2,0.5,0.4,-0.2,1.08462704037696,0.522585149822428,0.254429440470053,0.489611760994813,0.420970362903639,-0.0100094348809572,NA,NA,NA,NA,NA,NA,0.0679002446802507,0.0604033712054855,0.0474976013025041,0.130642208402082,0.0530711167528205,0.242177239389143
1,0.5,0.2,0.5,0.4,-0.2,1.01778862991595,0.428189699536288,0.234748819713828,0.381748015581983,0.429231419564141,-0.0863593650221642,NA,NA,NA,NA,NA,NA,0.0751933407336059,0.0714213984055123,0.0552689340333306,0.157512985150604,0.0525321901099891,0.28504535139091
1,0.5,0.2,0.5,0.4,-0.2,0.898871337331586,0.65154399553772,0.180923168998192,0.521410067862199,0.383861344683514,-0.251462302413699,NA,NA,NA,NA,NA,NA,0.0663922893064936,0.0640205270049645,0.0585176386791568,0.145003834891979,0.0513051822167437,0.245152915154857
1,0.5,0.2,0.5,0.4,-0.2,1.07499736364763,0.42005960610273,0.172753511723456,0.328977633658382,0.348632356435583,0.0571843732274882,NA,NA,NA,NA,NA,NA,0.0719915454228192,0.0684272159870217,0.0605737132411721,0.134341992239458,0.0535659280006701,0.265726533091719
1,0.5,0.2,0.5,0.4,-0.2,0.945311792852198,0.57667812727778,0.17124787155553,0.462936686579021,0.362846275808177,-0.013107394560915,NA,NA,NA,NA,NA,NA,0.0650095534632467,0.0600200630932041,0.0499876604112496,0.12590569906273,0.05447151695507,0.246545443538596
1,0.5,0.2,0.5,0.4,-0.2,0.993914726584765,0.466167391159595,0.230107839198109,0.658183278753309,0.453255231690957,-0.41299286747221,NA,NA,NA,NA,NA,NA,0.0641654830948526,0.057859923154323,0.0499886043056662,0.135868381777352,0.049759798294273,0.213541705845039
1,0.5,0.2,0.5,0.4,-0.2,1.00636634370492,0.442428098547385,0.386427948679887,0.354771233634605,0.482281080956194,0.0691712568822555,NA,NA,NA,NA,NA,NA,0.0753724880261944,0.0672068497963913,0.0575768194785829,0.126755665262072,0.0525311567863601,0.249535359238679
1,0.5,0.2,0.5,0.4,-0.2,0.90826203955316,0.594186538171241,0.202881515414862,0.372190158068694,0.402186241579682,0.0637051280298358,NA,NA,NA,NA,NA,NA,0.067794397717834,0.0674071457023643,0.0551584102925811,0.127998137251285,0.0474384989220638,0.261392577951396
1,0.5,0.2,0.5,0.4,-0.2,1.01925316632985,0.465187994338274,0.288278974420649,0.624616461254497,0.370460567303062,-0.414671259999179,NA,NA,NA,NA,NA,NA,0.0670969324342831,0.0606691270636062,0.0564382241217083,0.140193173435928,0.0548774511438892,0.219943450838212
1,0.5,0.2,0.5,0.4,-0.2,0.992550861642201,0.515209679755404,0.204360791343338,0.552419500266908,0.41787619000358,-0.216460068906783,NA,NA,NA,NA,NA,NA,0.0666938125153105,0.0627252056606969,0.0546680041974019,0.13362121783264,0.0530254999622154,0.224277176834968
1,0.5,0.2,0.5,0.4,-0.2,1.07494086497686,0.434439129782142,0.169073384291512,0.360902639397955,0.516809476314937,0.211156377217771,NA,NA,NA,NA,NA,NA,0.0742265288665027,0.0665491638817354,0.0489652118552009,0.138341798652531,0.0519658268342468,0.295553444529927
1,0.5,0.2,0.5,0.4,-0.2,0.997452078946329,0.51307456119632,0.262252101566945,0.397478727874474,0.482005433157738,0.013874112130144,NA,NA,NA,NA,NA,NA,0.074397753856356,0.0669566231714768,0.0534435707369739,0.126657345654197,0.051622803900295,0.247446125882155
1,0.5,0.2,0.5,0.4,-0.2,1.01130645100774,0.459554509166836,0.306533203778974,0.565491060935472,0.453160528113013,-0.312525973269126,NA,NA,NA,NA,NA,NA,0.0681894555578673,0.0635638165479631,0.0505513739884167,0.14258460935292,0.0518731457347134,0.234418653670615
1,0.5,0.2,0.5,0.4,-0.2,0.944477596840306,0.4663947373043,0.234509940301392,0.582687703265254,0.414408874099809,-0.374438606519099,NA,NA,NA,NA,NA,NA,0.0670447152553331,0.05721021445276,0.0472535970225847,0.149225058089354,0.0497867951774094,0.239346464937666
1,0.5,0.2,0.5,0.4,-0.2,1.05130263324472,0.509357067877971,0.223608492986874,0.378840374225077,0.410436876076205,0.00802764079269526,NA,NA,NA,NA,NA,NA,0.0730166475567821,0.066776124835337,0.0585590893001381,0.128334308643378,0.0522986845731527,0.238185574257686
1,0.5,0.2,0.5,0.4,-0.2,1.10420260686495,0.412235735668172,0.224582184013876,0.431996846220677,0.441665357015345,0.0186985790841667,NA,NA,NA,NA,NA,NA,0.0720907844527457,0.0665656121266482,0.0525719648201272,0.137536854751614,0.0527973530708834,0.269212026012277
1,0.5,0.2,0.5,0.4,-0.2,0.861663474640299,0.6201184333239,0.262608928957945,0.480976929744909,0.422954029228032,-0.140560945947542,NA,NA,NA,NA,NA,NA,0.0675371859741201,0.0605239811868811,0.047938492474238,0.119791129848948,0.0500905177579478,0.214588950771158
1,0.5,0.2,0.5,0.4,-0.2,1.05319407520462,0.415231735069116,0.111539125979494,0.439012268838551,0.416099825501195,0.14847754417634,NA,NA,NA,NA,NA,NA,0.0661993952214198,0.0614894834322949,0.0526909977788995,0.128635366181463,0.0555831920497061,0.268235504159948
1,0.5,0.2,0.5,0.4,-0.2,1.03300373275495,0.527127823727223,0.16418317892969,0.699646020090845,0.441487331811391,-0.613019850610948,NA,NA,NA,NA,NA,NA,0.0694974507982559,0.0621792999367444,0.0525381084102124,0.155119568711718,0.0549165032481691,0.224959134929149
1,0.5,0.2,0.5,0.4,-0.2,0.952662435209054,0.585043975743768,0.275510462593981,0.551326764376185,0.358575096491859,-0.307444392029394,NA,NA,NA,NA,NA,NA,0.0654278601707831,0.0606180044021132,0.0531976686968499,0.142898752591167,0.0515104053824305,0.237944358474668
1,0.5,0.2,0.5,0.4,-0.2,1.09529133802976,0.484560686618186,0.279378114947124,0.560132801269058,0.41001116081426,-0.388497870678699,NA,NA,NA,NA,NA,NA,0.0708847519364633,0.0683463366595074,0.0573330259450233,0.149030492573497,0.0513005783263078,0.235347154360039
1,0.5,0.2,0.5,0.4,-0.2,1.16099183618499,0.366872432037798,0.238826825060504,0.452652842556686,0.409314206945023,-0.117508161455239,NA,NA,NA,NA,NA,NA,0.0717859587886947,0.0642419312245663,0.0503625749594678,0.134727607789137,0.0541521168153238,0.23648192872435
1,0.5,0.2,0.5,0.4,-0.2,1.09944430898628,0.383634073882235,0.221266291449202,0.57007728554682,0.427308548983444,-0.487753858925822,NA,NA,NA,NA,NA,NA,0.0734576313992627,0.0657417116002606,0.0493954387692681,0.166165390561439,0.0555980867979645,0.248928829762923
1,0.5,0.2,0.5,0.4,-0.2,1.08014750852521,0.438459386650123,0.221073263810917,0.452560625746517,0.348179417793479,0.00198782722171129,NA,NA,NA,NA,NA,NA,0.0676341112765792,0.0632614428113841,0.0538846555092067,0.12485944130261,0.0506427859683591,0.235688921695477
1,0.5,0.2,0.5,0.4,-0.2,0.914254144866327,0.490255699494481,0.359196351171087,0.517619310175288,0.419065909455227,-0.138973234671071,NA,NA,NA,NA,NA,NA,0.0667319117620155,0.0584753833293585,0.0469248219161986,0.129205567845005,0.054136050593227,0.234845010126616
1,0.5,0.2,0.5,0.4,-0.2,0.998075907828287,0.538184653462671,0.280483689483093,0.357006876831715,0.390987932710595,0.0489534273203323,NA,NA,NA,NA,NA,NA,0.0722847077843074,0.0670833750377448,0.054914571028611,0.125379156064549,0.0507137654321232,0.243892196602561
1,0.5,0.2,0.5,0.4,-0.2,0.975419492121023,0.461485487592638,0.20633295595491,0.582384722037592,0.475807299421348,-0.345492340608065,NA,NA,NA,NA,NA,NA,0.0699177802436474,0.0612449338455459,0.0474590039313248,0.157437244740124,0.0514430247670644,0.259537595902922
1,0.5,0.2,0.5,0.4,-0.2,1.01780356643319,0.457645563637413,0.194333529714664,0.352876783611721,0.372743314232158,0.0462471064108612,NA,NA,NA,NA,NA,NA,0.0728603216206932,0.0673419374954893,0.050757228896007,0.118872943713163,0.0525320838349316,0.230067012411508
1,0.5,0.2,0.5,0.4,-0.2,1.07836751719471,0.576343868890737,0.199638202054351,0.699879654914021,0.345218451454172,-0.483160898064361,NA,NA,NA,NA,NA,NA,0.0650565866535666,0.0608709167579772,0.0551684899824733,0.179232361325748,0.0524038148969751,0.273460543278562
1,0.5,0.2,0.5,0.4,-0.2,1.00201621137538,0.540471345917679,0.262844423723066,0.574607495066489,0.456372764665244,-0.252329031961,NA,NA,NA,NA,NA,NA,0.064879600167323,0.0568321572266467,0.0470822514436326,0.123144064747124,0.0475319600302008,0.210774457367021
1,0.5,0.2,0.5,0.4,-0.2,0.998217185272087,0.482076955350549,0.11078783976314,0.466878960481447,0.335147240101382,0.0249497352426845,NA,NA,NA,NA,NA,NA,0.0637395923691134,0.0595713859944522,0.0517186361327057,0.121119479980604,0.0556309548273706,0.229404409418306
1,0.5,0.2,0.5,0.4,-0.2,1.0127058349651,0.467195558672631,0.15293394569462,0.709887073602526,0.378522008984046,-0.392327041314527,NA,NA,NA,NA,NA,NA,0.0608513189214142,0.0564264898183748,0.0443290878687946,0.135026243604988,0.0528880470121486,0.21593331290422
1,0.5,0.2,0.5,0.4,-0.2,0.977896614266197,0.466727054472392,0.180936537439889,0.477669098682169,0.395062562686474,-0.121044394545446,NA,NA,NA,NA,NA,NA,0.0677941280403084,0.0620071117648292,0.0528269114258575,0.142899605091267,0.0515852089378614,0.260426153558756
1,0.5,0.2,0.5,0.4,-0.2,1.00990505392484,0.500779059970611,0.178566291872339,0.697334996763332,0.453942949195903,-0.569343703634809,NA,NA,NA,NA,NA,NA,0.0679310148073258,0.0556534452315814,0.046677944514819,0.157880281237416,0.054000803961704,0.23076686037116
1,0.5,0.2,0.5,0.4,-0.2,0.928495320665396,0.400816394689209,0.242933961057674,0.287038048683322,0.457874662252254,0.488414961053685,NA,NA,NA,NA,NA,NA,0.0716962237822998,0.0667295384959221,0.0486765603431358,0.120050602028347,0.0496232989018901,0.31238706751786
1,0.5,0.2,0.5,0.4,-0.2,1.03591840113692,0.43585146712505,0.215395301913389,0.536421269624501,0.411589469132656,-0.255558633324959,NA,NA,NA,NA,NA,NA,0.0695600405665772,0.0649601059702184,0.0529185640124903,0.154019702351724,0.0549491102565647,0.256305314782241
1,0.5,0.2,0.5,0.4,-0.2,1.04484385799564,0.434897079106402,0.268951677436711,0.405551448702112,0.408257226998659,-0.00191832453353133,NA,NA,NA,NA,NA,NA,0.0707196085717598,0.0612472678713526,0.0543235726617916,0.128494852898831,0.0516714997654795,0.246158736482864
1,0.5,0.2,0.5,0.4,-0.2,0.993421957241695,0.495662412728374,0.299275728703359,0.39104016605331,0.469306170221703,0.175378642150104,NA,NA,NA,NA,NA,NA,0.0702151174922544,0.0618976821047235,0.05077829330997,0.142977363900133,0.0544702408940975,0.304045310200581
1,0.5,0.2,0.5,0.4,-0.2,1.06582077037191,0.504786507356806,0.279281397818994,0.560811356283332,0.380810668004848,-0.172423922164443,NA,NA,NA,NA,NA,NA,0.0642011541128141,0.0592500392657976,0.053108781415372,0.135530839307182,0.0509193765398254,0.239239313074055
1,0.5,0.2,0.5,0.4,-0.2,0.933869434348483,0.508226947824476,0.245946865314883,0.361296082292245,0.377579050465325,0.0121184739213139,NA,NA,NA,NA,NA,NA,0.071900272951386,0.0666218859297682,0.054440667395859,0.121505747727642,0.0525674763351459,0.233545062518178
1,0.5,0.2,0.5,0.4,-0.2,0.974765147658817,0.548187041037045,0.219129840181984,0.428664506152035,0.437752186267055,0.0262756304256596,NA,NA,NA,NA,NA,NA,0.0699044004421635,0.0652743888002123,0.0514791950807319,0.127452877835832,0.0537081723430339,0.2375560263543
1,0.5,0.2,0.5,0.4,-0.2,1.10365844798397,0.412445845422372,0.185428710331854,0.407219328451324,0.455140765157363,-0.0210380075878774,NA,NA,NA,NA,NA,NA,0.0747812840574007,0.0632623466677754,0.0527863915765196,0.134804082761411,0.0540777506021827,0.249295335063708
1,0.5,0.2,0.5,0.4,-0.2,1.09894482609097,0.471288438955176,0.143483448793991,0.614773188187384,0.516155305232742,-0.423241893166744,NA,NA,NA,NA,NA,NA,0.0742420701150365,0.0601465059899486,0.0469932809274918,0.190511842082154,0.0551985711709513,0.293395567537692
1,0.5,0.2,0.5,0.4,-0.2,1.0939444000701,0.43638794136533,0.155313820629623,0.235297504408868,0.32781302029618,0.274765339854636,NA,NA,NA,NA,NA,NA,0.0756143598890232,0.0707124791301308,0.0586662853107525,0.116598119126357,0.0537848198465801,0.252095560813152
1,0.5,0.2,0.5,0.4,-0.2,0.98990574239953,0.58991868938344,0.10322564007117,0.316676012535644,0.352077830613028,-0.0571631352761843,NA,NA,NA,NA,NA,NA,0.07600008448753,0.0718357033557839,0.0636528273515854,0.131584882544065,0.0526630308087493,0.241308162504158
1,0.5,0.2,0.5,0.4,-0.2,1.05076271466927,0.526194770192672,0.190972302367529,0.558163370091016,0.459973019987616,-0.206739013761035,NA,NA,NA,NA,NA,NA,0.067655568147984,0.0595223676231906,0.0469450350259347,0.142437524754025,0.0570360984950562,0.241449042305685
1,0.5,0.2,0.5,0.4,-0.2,0.973950131790331,0.442053633533318,0.264369932090671,0.544020034226054,0.384632574705624,-0.360485449719273,NA,NA,NA,NA,NA,NA,0.0704820028504276,0.0608279045454822,0.053070701083898,0.132801199694637,0.0525692283027255,0.216137134530091
1,0.5,0.2,0.5,0.4,-0.2,1.01405601081569,0.38321570038717,0.243758720367164,0.601922940072261,0.447423019977558,-0.399660210891363,NA,NA,NA,NA,NA,NA,0.071853693665155,0.0610317926035535,0.047900233014479,0.161844799329544,0.0564984139450525,0.256924355325952
1,0.5,0.2,0.5,0.4,-0.2,0.931729409830626,0.612104818224211,0.248329689890257,0.79607660458598,0.392275376503824,-0.650876831634054,NA,NA,NA,NA,NA,NA,0.064824848658585,0.0570890794057705,0.0482505517454635,0.189984429913554,0.0521332537380463,0.278825154753697
1,0.5,0.2,0.5,0.4,-0.2,0.904401571513149,0.537757200060779,0.226826348241371,0.739605505811841,0.428908489979578,-0.56789964430835,NA,NA,NA,NA,NA,NA,0.0638489715765935,0.0577242215053349,0.0448821594390696,0.13597079642461,0.051162542024221,0.201284845651021
1,0.5,0.2,0.5,0.4,-0.2,1.00038594267535,0.48102643070404,0.21462481232958,0.517862269699256,0.386516419449084,-0.330242184830178,NA,NA,NA,NA,NA,NA,0.0696876179207289,0.0648308364999342,0.0540209977576403,0.13431906607033,0.0545448068142366,0.220083097085765
1,0.5,0.2,0.5,0.4,-0.2,0.979811850745315,0.540764291539619,0.19628796726782,0.315138399863837,0.482250958077872,0.126618154015023,NA,NA,NA,NA,NA,NA,0.0767633066502829,0.0710815525157996,0.0509169672930821,0.118544017534483,0.0536099059064525,0.23711700176776
1,0.5,0.2,0.5,0.4,-0.2,1.02231162077117,0.447094844834308,0.251906194596131,0.453114947712314,0.398633179505044,0.102363075100863,NA,NA,NA,NA,NA,NA,0.0646794410962401,0.0604580319645763,0.0521344907495654,0.130135292218071,0.0532341845601729,0.26211499400225
1,0.5,0.2,0.5,0.4,-0.2,0.980704399769526,0.531703958432358,0.114666008951128,0.257664679014906,0.39720649866398,0.238726655877458,NA,NA,NA,NA,NA,NA,0.0748709337630606,0.0704544551994142,0.0595256974669163,0.152411757787571,0.0487512839821988,0.344288873586736
1,0.5,0.2,0.5,0.4,-0.2,1.02613928252057,0.474818514465351,0.25226507960407,0.34453997748121,0.343170842217307,0.0399144991264232,NA,NA,NA,NA,NA,NA,0.0733096697458241,0.0674354334616099,0.0596237247352824,0.126037352155521,0.053524674287227,0.242495925596139
1,0.5,0.2,0.5,0.4,-0.2,0.958295421163735,0.484893905578087,0.169907324825473,0.35563870640027,0.470040993312151,0.162655053661386,NA,NA,NA,NA,NA,NA,0.0722509990962369,0.0625510407258462,0.0518661961712758,0.121115661199151,0.0551628078308187,0.252333957922967
1,0.5,0.2,0.5,0.4,-0.2,1.05495601521748,0.474355397207356,0.226592103625455,0.751120808667553,0.382509574527489,-0.398419467120358,NA,NA,NA,NA,NA,NA,0.0590744188233949,0.0556731236357025,0.043729450329287,0.146739073704597,0.055386890924082,0.238023530097828
1,0.5,0.2,0.5,0.4,-0.2,0.888304356673529,0.559921429197957,0.200011165499083,0.561077381616067,0.367544294098432,-0.387555589414237,NA,NA,NA,NA,NA,NA,0.0674298314434209,0.0617616523907802,0.0514797664407306,0.149403693089104,0.049851623721097,0.243507746917056
1,0.5,0.2,0.5,0.4,-0.2,1.04841260537472,0.389184835830741,0.196866056075612,0.306758328451513,0.360760406667788,0.205239333404554,NA,NA,NA,NA,NA,NA,0.0730355745908728,0.0699957785411519,0.0586434824693057,0.131927314109678,0.0539173025248654,0.279275227042083
1,0.5,0.2,0.5,0.4,-0.2,1.1675045030157,0.413478048686288,0.0899702943225376,0.420346313043308,0.392252768443841,-0.104867648128728,NA,NA,NA,NA,NA,NA,0.0720928283628142,0.0640403957203394,0.0572133802271122,0.149762921683955,0.0531808971619743,0.264778277783837
1,0.5,0.2,0.5,0.4,-0.2,0.94083628912083,0.560090029511907,0.178907123647464,0.37414647920945,0.35275255651155,-0.0631965238238762,NA,NA,NA,NA,NA,NA,0.0716672833799115,0.0663974927467697,0.0555639378771057,0.140257217439476,0.0534775127165193,0.258993646897823
1,0.5,0.2,0.5,0.4,-0.2,0.976952124026159,0.551555309754293,0.263943161994621,0.551577706203416,0.384292559910719,-0.211738343443106,NA,NA,NA,NA,NA,NA,0.0646866727480316,0.06140890319305,0.051439654713034,0.120955854546419,0.053730367904691,0.210923634095454
1,0.5,0.2,0.5,0.4,-0.2,0.950639734124648,0.57150720349298,0.168382792136874,0.52596304889844,0.491899477546643,-0.15467925200533,NA,NA,NA,NA,NA,NA,0.0683650374823763,0.0597981640743187,0.0481069635797384,0.140134570964216,0.053032506291232,0.254097151141866
1,0.5,0.2,0.5,0.4,-0.2,0.937322505224329,0.488791966940117,0.186591110770986,0.624093049498372,0.355850563826704,-0.399098049068561,NA,NA,NA,NA,NA,NA,0.0642551607814597,0.0567935300102908,0.0535489619139871,0.139520539603153,0.0503874989813892,0.220357221098434
1,0.5,0.2,0.5,0.4,-0.2,0.844882600918545,0.641458357430454,0.194409818418534,0.562992961428775,0.394142709996013,-0.340313536013128,NA,NA,NA,NA,NA,NA,0.0653230409547833,0.0606038849103353,0.0523615920661201,0.125511021722798,0.0543836992350726,0.20461649881268
1,0.5,0.2,0.5,0.4,-0.2,0.998412096936273,0.474222343023192,0.144278150511764,0.423322864470664,0.469842110420551,-0.00103836221033383,NA,NA,NA,NA,NA,NA,0.0707080907019477,0.0604903840271688,0.0478795465694318,0.126949599080865,0.0525741978959785,0.237303011452966
1,0.5,0.2,0.5,0.4,-0.2,0.954612106081456,0.525469848910242,0.192873453021781,0.503734910522155,0.387607584432687,-0.0263004051554323,NA,NA,NA,NA,NA,NA,0.0628604933345262,0.0596503586513978,0.0494993047791282,0.116828025268047,0.0523474971082043,0.228032906199768
1,0.5,0.2,0.5,0.4,-0.2,1.07330020595639,0.442226270266504,0.134132520675293,0.432801717219116,0.422369528756745,-0.034780888490036,NA,NA,NA,NA,NA,NA,0.0721867916521854,0.0640005273494613,0.0527153340952874,0.151131030120204,0.0536750625529721,0.279699703216498
1,0.5,0.2,0.5,0.4,-0.2,1.0131754616,0.425636564846016,0.212438070256479,0.587099051120314,0.427247412682103,-0.282349811579464,NA,NA,NA,NA,NA,NA,0.0666435208646685,0.0578299648576237,0.0492786675717799,0.145364862493208,0.0529461414387711,0.242898757769685
1,0.5,0.2,0.5,0.4,-0.2,1.01183970148425,0.443627272478268,0.294872149183121,0.7314301341888,0.397365668484417,-0.486062029675065,NA,NA,NA,NA,NA,NA,0.0615278661796478,0.0567312186479722,0.0509601856375305,0.150852829453041,0.0531465124470874,0.232008475552389
1,0.5,0.2,0.5,0.4,-0.2,1.00254297657279,0.574817544583105,0.17629619545222,0.390055061782703,0.332435591163574,0.052312383601039,NA,NA,NA,NA,NA,NA,0.0686110087085071,0.0625596851276896,0.0574963291895708,0.13596139364138,0.0529528000335793,0.270743049083115
1,0.5,0.2,0.5,0.4,-0.2,0.900805628243018,0.551767374820346,0.254692446667044,0.42992251973821,0.483189040612988,0.139644371612852,NA,NA,NA,NA,NA,NA,0.0662416383272333,0.0617567195686047,0.049281930330543,0.113924903810549,0.0509815978713306,0.243720068850308
1,0.5,0.2,0.5,0.4,-0.2,0.857807151290988,0.638749404330187,0.222218392976686,0.451519225388345,0.430385806032416,-0.149754827745747,NA,NA,NA,NA,NA,NA,0.0700199844169347,0.0649748206636814,0.0543985254919352,0.121469400156337,0.0518974456574343,0.213138650887122
1,0.5,0.2,0.5,0.4,-0.2,0.973761273365947,0.592536860979173,0.106699134050751,0.544897165977533,0.406454790681092,-0.32374246896119,NA,NA,NA,NA,NA,NA,0.0697490643347475,0.0614804146593259,0.0542207725354675,0.133879371967665,0.0525612326453502,0.219820336264958
1,0.5,0.2,0.5,0.4,-0.2,1.04454264244084,0.405653804127873,0.202649128475407,0.336475746830088,0.448917414633096,0.000513246207215529,NA,NA,NA,NA,NA,NA,0.077617958772232,0.0688494245981593,0.0528168971872397,0.145850166843853,0.0534606054422022,0.280840616997058
1,0.5,0.2,0.5,0.4,-0.2,0.942392609413373,0.4633893740843,0.248428390822667,0.481480592129914,0.303729491210164,0.0530651211241864,NA,NA,NA,NA,NA,NA,0.0614236483636563,0.0583930969163488,0.0508493980834683,0.118960237909993,0.0509211170060181,0.237021553457366
1,0.5,0.2,0.5,0.4,-0.2,0.905862309254255,0.54445947805566,0.211414681873075,0.480910925240032,0.404506063066678,-0.184391125479888,NA,NA,NA,NA,NA,NA,0.069905947210616,0.0628566632546868,0.0552108177561179,0.130100853157351,0.0516042075508697,0.227821222629992
1,0.5,0.2,0.5,0.4,-0.2,0.991485525618936,0.505198951758201,0.16633444377576,0.735656617935912,0.352931669027731,-0.630265662841968,NA,NA,NA,NA,NA,NA,0.0642204256763011,0.0603013484577892,0.0542013353780633,0.158450128190576,0.0524844916478631,0.228495641186741
1,0.5,0.2,0.5,0.4,-0.2,0.937074387244645,0.561940997207257,0.229407282451799,0.448408906792002,0.396507234665805,-0.0993525244359232,NA,NA,NA,NA,NA,NA,0.0687358383295957,0.0615057197357336,0.0518936379126598,0.130064028335311,0.0524502368753474,0.234373585347105
1,0.5,0.2,0.5,0.4,-0.2,0.953554475399501,0.615958991106099,0.23951424568841,0.477573843482371,0.301334864917535,-0.108980712975118,NA,NA,NA,NA,NA,NA,0.0652331473048215,0.0623894837636743,0.05661477510473,0.127244446323534,0.049501114129234,0.238955364124579
1,0.5,0.2,0.5,0.4,-0.2,1.01933233390796,0.499294351232491,0.26573955466124,0.638275074823739,0.370957751841796,-0.410701011109453,NA,NA,NA,NA,NA,NA,0.0634840524028416,0.0601385938146879,0.0525217250487054,0.138339012576337,0.0542184414669683,0.214795664315188
1,0.5,0.2,0.5,0.4,-0.2,0.929331973208109,0.527387890531658,0.2388588987138,0.670268628891757,0.428319130919171,-0.442875073798283,NA,NA,NA,NA,NA,NA,0.0673038212063921,0.0582458868661557,0.0510554133840242,0.155182986318655,0.0497049478332972,0.247012060580149
1,0.5,0.2,0.5,0.4,-0.2,1.06662555291485,0.481254594368065,0.191192166138858,0.535324544530444,0.358971360031409,-0.316370219600014,NA,NA,NA,NA,NA,NA,0.0691910562672392,0.066556587064751,0.0606892482066671,0.150423270169003,0.0558995798463679,0.243368572086132
1,0.5,0.2,0.5,0.4,-0.2,1.02446107804501,0.526366354267729,0.282969774321294,0.471159910634634,0.373017701978509,-0.118707407661289,NA,NA,NA,NA,NA,NA,0.0673488482267565,0.0660519128043548,0.0522445254288759,0.133006479276668,0.0528513807265131,0.235896475327405
1,0.5,0.2,0.5,0.4,-0.2,1.04221893867149,0.498785030989545,0.210945846035491,0.296425065882809,0.411050617373747,0.24048061548706,NA,NA,NA,NA,NA,NA,0.0730850886252317,0.0690369304240756,0.052596948029767,0.115307598476174,0.050107585125581,0.248598186440984
1,0.5,0.2,0.5,0.4,-0.2,1.03117533426857,0.553574194585648,0.198524740625452,0.502381302782494,0.464884108461332,-0.169677498381388,NA,NA,NA,NA,NA,NA,0.0695727410697246,0.060653627612224,0.0511716755920198,0.123149414071846,0.0516690495644705,0.216552948508524
1,0.5,0.2,0.5,0.4,-0.2,0.997625588511319,0.621112976643896,0.212065104919019,0.951554666412847,0.493591319387951,-0.874505085939304,NA,NA,NA,NA,NA,NA,0.0628904341085012,0.0569552835173907,0.0503478877829996,0.179432097764835,0.05069198784165,0.241187273299325
1,0.5,0.2,0.5,0.4,-0.2,0.857070396370934,0.600248523049193,0.134378413766591,0.466691785199372,0.384663399519543,-0.0199533608406536,NA,NA,NA,NA,NA,NA,0.0638885785970668,0.0565101772764371,0.0508969797999985,0.125300702528956,0.0478179391829936,0.246900051927568
1,0.5,0.2,0.5,0.4,-0.2,0.944691156802144,0.565585736433575,0.20020229381241,0.472774353321213,0.321055050038177,-0.0386363789330046,NA,NA,NA,NA,NA,NA,0.0639320043332611,0.0630332368386425,0.0564719382938928,0.125144911344316,0.0520463531779584,0.2328127092291
1,0.5,0.2,0.5,0.4,-0.2,1.06943115005824,0.478372432760075,0.258429361144059,0.655576793209167,0.381126493089554,-0.41917412105754,NA,NA,NA,NA,NA,NA,0.064733396463463,0.0603836629267281,0.0525118713811003,0.169560451580529,0.0564873910293365,0.267657282214455
1,0.5,0.2,0.5,0.4,-0.2,0.962194857758125,0.424710869928564,0.1261967438295,0.548991452070257,0.453533004864218,-0.111020989288414,NA,NA,NA,NA,NA,NA,0.0663367462692947,0.0581460086856416,0.0465957851904679,0.140215949422585,0.0527738259090618,0.258425639798425
1,0.5,0.2,0.5,0.4,-0.2,0.903399660936403,0.538350791355341,0.203845040243663,0.588956880870588,0.442730608636572,-0.404078552066258,NA,NA,NA,NA,NA,NA,0.0697077341851942,0.0647430836385208,0.0488570517205296,0.15274441333007,0.0527707718392254,0.240668479503579
1,0.5,0.2,0.5,0.4,-0.2,0.995792509201687,0.561340806551148,0.236863200290348,0.720841179909854,0.457295733618253,-0.534046060831796,NA,NA,NA,NA,NA,NA,0.0656224582216822,0.0558540169727308,0.0468111988562523,0.138906509325494,0.054531015242418,0.208377464492044
1,0.5,0.2,0.5,0.4,-0.2,1.00081879451851,0.481321018716079,0.223855606200143,0.487381742204818,0.4506285646132,-0.0156641699228629,NA,NA,NA,NA,NA,NA,0.0658898188863105,0.0618681570695636,0.0479525590085975,0.126978487066045,0.0496917504038487,0.242854273012579
1,0.5,0.2,0.5,0.4,-0.2,0.984994217633093,0.428898796497423,0.249753796785254,0.479211062072348,0.39794619765164,0.0146632876823964,NA,NA,NA,NA,NA,NA,0.0656021985122501,0.0545803229689286,0.0486158643786449,0.137900634530287,0.0496962644609091,0.27199059126041
1,0.5,0.2,0.5,0.4,-0.2,0.929806053495408,0.525323732290394,0.240401332095482,0.308086703560829,0.329855778466448,0.253818857577868,NA,NA,NA,NA,NA,NA,0.068782203725323,0.0624249650533163,0.0553495788370035,0.113464190759724,0.0513557871455424,0.249128993977524
1,0.5,0.2,0.5,0.4,-0.2,0.994214720800107,0.579156691673098,0.287807544500772,0.834458596064716,0.369955689469948,-0.673803075671637,NA,NA,NA,NA,NA,NA,0.0589083709228436,0.0524225652277516,0.0470470393742701,0.141729436722134,0.0505867904901328,0.203666847846545
1,0.5,0.2,0.5,0.4,-0.2,1.09529585037414,0.442106531901858,0.16968371680342,0.623991288328185,0.488181921643537,-0.463064893663556,NA,NA,NA,NA,NA,NA,0.0726228324043083,0.0664432423569878,0.0519648820538941,0.165716667300688,0.0566354743527589,0.252561705678799
1,0.5,0.2,0.5,0.4,-0.2,0.961865598732333,0.564778399076796,0.178925267732444,0.426348074588226,0.292661212742077,-0.0220274236220174,NA,NA,NA,NA,NA,NA,0.0656956074630018,0.0617993270963818,0.0580962927602401,0.12961082039222,0.0546141300819232,0.242099284746439
1,0.5,0.2,0.5,0.4,-0.2,0.962169452897192,0.479240034284337,0.172442793493689,0.351467345802379,0.45735457264117,0.0909047480457095,NA,NA,NA,NA,NA,NA,0.0723676166378879,0.0613496420103349,0.0491330005204777,0.129267797249566,0.0515212422831229,0.270159247861998
1,0.5,0.2,0.5,0.4,-0.2,1.07331959211365,0.451078618994599,0.225619519250843,0.314855224160265,0.420965262410954,0.0695707449628103,NA,NA,NA,NA,NA,NA,0.0755633061214868,0.0645718080861351,0.0553465671416655,0.154362959248941,0.0543442757400635,0.302425603790749
1,0.5,0.2,0.5,0.4,-0.2,0.990330921416142,0.491877445157949,0.202632731300922,0.314648020097286,0.490708533414493,-0.0034115738355306,NA,NA,NA,NA,NA,NA,0.078077665103506,0.0726104827841608,0.0564766118417884,0.129834652500142,0.0524679973890376,0.248501245433646
1,0.5,0.2,0.5,0.4,-0.2,0.941450730252233,0.560110509894526,0.185091697262024,0.41662038553496,0.387484466892488,-0.0380727094132522,NA,NA,NA,NA,NA,NA,0.0700004661146833,0.062860296496786,0.0553906810140258,0.134054122337592,0.0527042162133616,0.253429949345864
1,0.5,0.2,0.5,0.4,-0.2,0.942612687613941,0.569782769441994,0.245632275586584,0.524582150017583,0.413091750300853,-0.0464431871091227,NA,NA,NA,NA,NA,NA,0.0633684633958322,0.0573260635300451,0.0453225110061033,0.12302718140302,0.0514757496654794,0.23374482715892
1,0.5,0.2,0.5,0.4,-0.2,1.07078876436892,0.442559049415148,0.175619017750163,0.485726772220995,0.393737049432832,-0.295041542644158,NA,NA,NA,NA,NA,NA,0.0735842273413857,0.065744736638688,0.0580364067073776,0.155670325524402,0.0553054225171565,0.252279183759827
1,0.5,0.2,0.5,0.4,-0.2,0.975889738641101,0.607040194418865,0.0927077933617763,0.659100879878889,0.32325273799392,-0.38375122554165,NA,NA,NA,NA,NA,NA,0.0609420549019383,0.0570134371278599,0.0527848997752272,0.14373823369919,0.0521891143599759,0.231621417179462
1,0.5,0.2,0.5,0.4,-0.2,0.92836300298322,0.612019394309055,0.196406356703119,0.554006197428932,0.394854415592336,-0.321982977131575,NA,NA,NA,NA,NA,NA,0.0671913946241429,0.0602352444166025,0.0503310993694891,0.131681290670269,0.0537890622121237,0.221352938571993
1,0.5,0.2,0.5,0.4,-0.2,1.10691616185678,0.388507938531119,0.31253501927053,0.635296177708914,0.46230639769255,-0.473392295318607,NA,NA,NA,NA,NA,NA,0.0709487167367126,0.0662336782585259,0.0521035363165798,0.144720849145218,0.0584397607324277,0.210967470578295
1,0.5,0.2,0.5,0.4,-0.2,1.05051905306986,0.49816917891268,0.17494871286854,0.396169749082921,0.472297935063016,-0.116849288063546,NA,NA,NA,NA,NA,NA,0.075555631918994,0.0689802246277953,0.0564484270776622,0.141058906684762,0.0511154293045548,0.246484323918326
1,0.5,0.2,0.5,0.4,-0.2,1.13882368840593,0.413340511745211,0.201447600323043,0.346175922907487,0.460524704020331,0.11434633609783,NA,NA,NA,NA,NA,NA,0.0752707676105316,0.0683019818222748,0.051584553215667,0.124636523156521,0.0518868304745613,0.253015104638321
1,0.5,0.2,0.5,0.4,-0.2,1.0060173260231,0.514693228919766,0.170367174220452,0.393062602505813,0.413038893302267,-0.0827669866545779,NA,NA,NA,NA,NA,NA,0.0719000917050286,0.0642048186642675,0.0578136742601669,0.127449835584906,0.05347756203127,0.232290545728519
1,0.5,0.2,0.5,0.4,-0.2,1.029967487983,0.474410969499786,0.289140072656286,0.424494655422614,0.428947869508531,-0.205219186772078,NA,NA,NA,NA,NA,NA,0.0746437483842072,0.0686521758981213,0.0587784454568694,0.146375599202622,0.0558192485280401,0.257207299391361
1,0.5,0.2,0.5,0.4,-0.2,0.970299424888029,0.5217131093132,0.241530321485977,0.329745401250462,0.308759218018508,0.00416879325990313,NA,NA,NA,NA,NA,NA,0.0709239250221249,0.0691201927800107,0.0603844786574307,0.133340587655762,0.0490899742877353,0.262213882936748
1,0.5,0.2,0.5,0.4,-0.2,0.986563745127033,0.503405371786461,0.16392880567508,0.327252763224183,0.467277776215235,0.321953521585435,NA,NA,NA,NA,NA,NA,0.0716136844028478,0.0627491883152198,0.0489511761090355,0.114622558423291,0.0521006344303301,0.258919256335448
1,0.5,0.2,0.5,0.4,-0.2,0.95952695728586,0.525160299764329,0.208751434363672,0.479205084026388,0.410899273326343,-0.204047604613491,NA,NA,NA,NA,NA,NA,0.0692098175522352,0.0612432719797056,0.0525327290217293,0.110093635741779,0.0528607076617868,0.189911338206249
1,0.5,0.2,0.5,0.4,-0.2,1.0567885482048,0.484494940334011,0.143438408760737,0.576840998096938,0.421204593152402,-0.360507623498477,NA,NA,NA,NA,NA,NA,0.0679690847052558,0.0612131734376914,0.0547256529337121,0.144274951782052,0.0539024331166157,0.227467586916142
1,0.5,0.2,0.5,0.4,-0.2,0.98113031106442,0.521291119446919,0.267011683108426,0.487543605189413,0.540415987149496,-0.112256507570561,NA,NA,NA,NA,NA,NA,0.0711441233632831,0.068131502353754,0.0481343583293318,0.12940802878438,0.0524334748336103,0.232955139289819
1,0.5,0.2,0.5,0.4,-0.2,0.946859027782569,0.591079039192629,0.194844006258888,0.787397970361881,0.27211044155476,-0.685589615321579,NA,NA,NA,NA,NA,NA,0.0624835076338613,0.058874628966373,0.0528396237650902,0.1550431218282,0.0527364451312158,0.224479229900755
1,0.5,0.2,0.5,0.4,-0.2,1.05147342864601,0.482945558612322,0.23479000870273,0.742723238563407,0.314610137370463,-0.635597558872293,NA,NA,NA,NA,NA,NA,0.0650465440555237,0.0568551662137069,0.0497350315588623,0.195492673911463,0.0520315441754094,0.282621996615745
1,0.5,0.2,0.5,0.4,-0.2,0.957792773853788,0.611858981510445,0.168654388329141,0.526403657127138,0.362487373202318,-0.295347107176024,NA,NA,NA,NA,NA,NA,0.0674128174168026,0.0647846513245636,0.0531029195940273,0.133259262908954,0.054293117941223,0.216924061316281
1,0.5,0.2,0.5,0.4,-0.2,1.05142727900171,0.479586031475821,0.157214682805542,0.49054626688142,0.350921372256249,-0.262170882930643,NA,NA,NA,NA,NA,NA,0.069783505637929,0.0646556778158321,0.0577004224203131,0.14162200075853,0.0535615432292719,0.234555436709257
1,0.5,0.2,0.5,0.4,-0.2,0.939801431136087,0.609219240032764,0.228565605905653,0.381543295885891,0.245818691903716,-0.0285774313644446,NA,NA,NA,NA,NA,NA,0.0669403494791771,0.0667397403333505,0.0590709486481362,0.11679629976999,0.0519540353855981,0.214392621647081
1,0.5,0.2,0.5,0.4,-0.2,0.954167849226584,0.579805962007049,0.2734485034087,0.375461276208845,0.484207771361992,0.123961872444603,NA,NA,NA,NA,NA,NA,0.0712128082405079,0.0655431864680079,0.0537410871945965,0.111398319180653,0.0523935071677862,0.228972510038783
1,0.5,0.2,0.5,0.4,-0.2,0.867957947036675,0.591845859669041,0.296945527665108,0.175761274831876,0.444310591209336,0.546037162741841,NA,NA,NA,NA,NA,NA,0.0768058805903968,0.0639731651184651,0.0593472989461282,0.126677079120396,0.0487300788780666,0.340388569897041
1,0.5,0.2,0.5,0.4,-0.2,1.05496501228519,0.460220530565323,0.216315508298273,0.455831488637483,0.373347251553808,-0.207043421769092,NA,NA,NA,NA,NA,NA,0.0712784155114705,0.0694139444202454,0.054569032271291,0.159129914569233,0.0503306277912663,0.273780646513887
1,0.5,0.2,0.5,0.4,-0.2,0.95487385639529,0.526150975435751,0.187340430131082,0.485826810245043,0.365230595303443,-0.0702048858721508,NA,NA,NA,NA,NA,NA,0.0644593305731184,0.0620990586193523,0.0544739402774337,0.128895618897125,0.0502254144831134,0.237927963533023
1,0.5,0.2,0.5,0.4,-0.2,1.07097170762246,0.432793886169463,0.196496332060447,0.454035761051459,0.379636094416467,-0.0225132764242575,NA,NA,NA,NA,NA,NA,0.0679667279886701,0.0616187501059179,0.0504386477802813,0.136993830495599,0.0529781421459024,0.265695187482616
1,0.5,0.2,0.5,0.4,-0.2,0.891356837922375,0.525426082475585,0.159846617255068,0.552105061866037,0.307827970594753,-0.17793873337759,NA,NA,NA,NA,NA,NA,0.0624370449853996,0.0597966043705804,0.0565885388741908,0.134903590921627,0.0545376653646003,0.23325861273109
1,0.5,0.2,0.5,0.4,-0.2,1.1799930930644,0.420963500861847,0.187078749908961,0.556457756199372,0.413419424638271,-0.408628763346031,NA,NA,NA,NA,NA,NA,0.0757224117631194,0.070033042606967,0.0580256731624329,0.175671530851821,0.0561452383162586,0.262390321512728
1,0.5,0.2,0.5,0.4,-0.2,1.11122071795692,0.443431840319318,0.149314706072111,0.307274440564931,0.413079515155533,0.294259539158959,NA,NA,NA,NA,NA,NA,0.0741073445245834,0.0649946114677024,0.0528195986520343,0.137897555835992,0.0535490514766586,0.314292399757352
1,0.5,0.2,0.5,0.4,-0.2,1.02918737660534,0.459116871931786,0.264167933628663,0.319657246678291,0.368405700376459,0.189885228307396,NA,NA,NA,NA,NA,NA,0.0722169222590924,0.0652937854882242,0.0564236575047421,0.127737175705204,0.0529245374126767,0.2749756047114
1,0.5,0.2,0.5,0.4,-0.2,1.00054145030811,0.507705898083017,0.267082576081719,0.342733978624398,0.399031155982625,-0.0824718057217159,NA,NA,NA,NA,NA,NA,0.0740570936978863,0.0705030355093516,0.0587186294627778,0.117942139621396,0.0514582956455795,0.216315274637416
1,0.5,0.2,0.5,0.4,-0.2,1.0907530225623,0.401080457276058,0.179183286973867,0.380663877911348,0.413474851285983,0.13662825830664,NA,NA,NA,NA,NA,NA,0.0714166101908208,0.0673368319190837,0.0555822292409301,0.1427942430721,0.0550966229503447,0.292383783655835
1,0.5,0.2,0.5,0.4,-0.2,1.03132267992267,0.453841110104755,0.222610833926698,0.308049860253922,0.441671124240891,0.21502766651765,NA,NA,NA,NA,NA,NA,0.0731314717867181,0.0636676503800231,0.0516031813918956,0.130143814552378,0.0520997198651745,0.272147490740342
1,0.5,0.2,0.5,0.4,-0.2,1.08405243862612,0.422909431758911,0.176109449968915,0.646693656955423,0.368971823850722,-0.337155011242437,NA,NA,NA,NA,NA,NA,0.0640595036580904,0.060095654637362,0.0483505223696247,0.14516339735977,0.0513757797218049,0.23015866533118
1,0.5,0.2,0.5,0.4,-0.2,1.06151307815109,0.416601924024696,0.216717722994137,0.409990843590354,0.377762883125187,-0.0657393233139714,NA,NA,NA,NA,NA,NA,0.0715158209297097,0.0650366743695548,0.0581304196834455,0.138980419369154,0.0533509624476565,0.261934961638779
1,0.5,0.2,0.5,0.4,-0.2,0.944741728087104,0.545093764202454,0.152582065071557,0.59424188277865,0.412122695254118,-0.237803005864779,NA,NA,NA,NA,NA,NA,0.0640354723953272,0.059758167084773,0.0480391508385968,0.131998206511144,0.0540148594044994,0.224879145891408
1,0.5,0.2,0.5,0.4,-0.2,0.9584007552804,0.490711180623129,0.130789083045004,0.686591444255483,0.364328116304634,-0.459378870245714,NA,NA,NA,NA,NA,NA,0.0639580753270605,0.0560158643333324,0.0536690337248643,0.166277827628163,0.05198367456663,0.261741156627873
1,0.5,0.2,0.5,0.4,-0.2,0.982219997638955,0.553302659793613,0.299040137285135,0.388088717381895,0.375274405195053,-0.0046169022622593,NA,NA,NA,NA,NA,NA,0.0692208135234084,0.0656651826637306,0.0578266349483624,0.115214083806474,0.0506265318260115,0.220461345461735
1,0.5,0.2,0.5,0.4,-0.2,0.918590491793832,0.511109320702914,0.22583394819865,0.641593739015623,0.238704908477446,-0.465711382083498,NA,NA,NA,NA,NA,NA,0.0629603300962181,0.0591817522743435,0.0543187539600423,0.155009904892629,0.0537092653972273,0.245043141408987
1,0.5,0.2,0.5,0.4,-0.2,1.02215640249218,0.494127445092048,0.101570113317411,0.241088168337758,0.438148939264819,0.310217791817785,NA,NA,NA,NA,NA,NA,0.0781536664170968,0.0704829717852983,0.0553964258461715,0.118057627381862,0.0511640024783381,0.262082997973347
1,0.5,0.2,0.5,0.4,-0.2,0.996831542958764,0.426761566417796,0.16846923657174,0.509411270346761,0.404454101656856,-0.0892902827946207,NA,NA,NA,NA,NA,NA,0.0660702546041586,0.0613666565750257,0.0503329143381483,0.127419911719353,0.0498449207445067,0.230116583054902
1,0.5,0.2,0.5,0.4,-0.2,1.00256605761517,0.538665429365739,0.276370950216795,0.650318364039294,0.371377351870194,-0.42697358891495,NA,NA,NA,NA,NA,NA,0.0647742095303485,0.0601862867836819,0.0502729005023745,0.176916080394327,0.0527574733461109,0.276548665432523
1,0.5,0.2,0.5,0.4,-0.2,1.01653599112812,0.501133973856869,0.270469619149754,0.579160108262701,0.41916773860575,-0.190399832829816,NA,NA,NA,NA,NA,NA,0.0646911522712844,0.0597407919280645,0.0489442660198327,0.146173869679128,0.0541681556311734,0.257062555255215
1,0.5,0.2,0.5,0.4,-0.2,0.937402828274337,0.614811960796326,0.236676623083905,0.329695367573773,0.423802053140019,-0.0042566620446764,NA,NA,NA,NA,NA,NA,0.0744471782994712,0.0675085794236359,0.0553053556676316,0.126411792032956,0.0507915431929389,0.240882470762384
1,0.5,0.2,0.5,0.4,-0.2,0.906700247167186,0.634567954365941,0.256758023215727,0.608111454157245,0.384303849862051,-0.386247840197969,NA,NA,NA,NA,NA,NA,0.0634507213819574,0.0579558611270289,0.0569618166229367,0.141158434163046,0.0496314910178361,0.226890411310597
1,0.5,0.2,0.5,0.4,-0.2,1.09874536304207,0.507493547137567,0.264535563220733,0.460483839456762,0.366486649715061,-0.172634705390539,NA,NA,NA,NA,NA,NA,0.069406537212784,0.063817373522138,0.0566989640910772,0.129801266252176,0.0552574023539486,0.225237861424981
1,0.5,0.2,0.5,0.4,-0.2,0.975154504120339,0.559205367318732,0.29894562276132,0.747142294851556,0.436778142044449,-0.643501642358927,NA,NA,NA,NA,NA,NA,0.0686867778182175,0.0625975541532937,0.0510305606771951,0.179058892599758,0.0534956959466014,0.256458805413321
1,0.5,0.2,0.5,0.4,-0.2,0.993993744988067,0.546156875574137,0.177660295804304,0.410669972120408,0.398009213757537,-0.153963276819343,NA,NA,NA,NA,NA,NA,0.0737537050477248,0.0688142051679267,0.0570944301731965,0.12905397443145,0.0538990138740477,0.225960278123725
1,0.5,0.2,0.5,0.4,-0.2,0.8918279473004,0.459156450568879,0.253209623939709,0.553138293663982,0.384106496107818,-0.242805488276406,NA,NA,NA,NA,NA,NA,0.0635262739684241,0.0596199832181104,0.0520744801149168,0.131904789707354,0.0483085082383338,0.23407022372319
1,0.5,0.2,0.5,0.4,-0.2,1.00593819308693,0.531743626134747,0.173343749437294,0.276594511566719,0.365902367973501,0.236040823078429,NA,NA,NA,NA,NA,NA,0.0728482590297618,0.0715156194336507,0.0580857452441317,0.126171243902162,0.0518184032650868,0.276405092401485
1,0.5,0.2,0.5,0.4,-0.2,1.03499226819459,0.488952278235189,0.219564886764074,0.827835361978233,0.398990196470854,-0.544630495932346,NA,NA,NA,NA,NA,NA,0.0588996268302943,0.0547177733008542,0.0495719375125504,0.178160562297284,0.0551642995855469,0.270653963601256
1,0.5,0.2,0.5,0.4,-0.2,0.973845736440094,0.491153252009166,0.258790333895484,0.435006017760959,0.36897293419698,0.0131106833651102,NA,NA,NA,NA,NA,NA,0.0665562685437078,0.0578683942303764,0.0482600077411346,0.128346353295167,0.0526465226720311,0.249782916638556
1,0.5,0.2,0.5,0.4,-0.2,0.995234804991261,0.545566140814118,0.15766061095823,0.510087862006653,0.412951132817813,-0.0789008131357354,NA,NA,NA,NA,NA,NA,0.0645761863855029,0.0603664653826328,0.0508870913316986,0.112256657439325,0.0554509023737761,0.209673099154219
1,0.5,0.2,0.5,0.4,-0.2,0.867925833976225,0.600343457164039,0.146086388466953,0.455930622328158,0.4269280101212,-0.0979908793150673,NA,NA,NA,NA,NA,NA,0.067786554747297,0.0592049442496461,0.0499439543937036,0.129398850138647,0.0520151409558864,0.232033964406096
1,0.5,0.2,0.5,0.4,-0.2,1.06522444105099,0.405520534301421,0.255616820202335,0.583080191170723,0.434068437982746,-0.372886941258638,NA,NA,NA,NA,NA,NA,0.0713460700001918,0.0607720947556598,0.0485343289642218,0.139341222884245,0.0532132175225454,0.219072163008953
1,0.5,0.2,0.5,0.4,-0.2,1.09096347355079,0.494763799497814,0.250326654004045,0.677211323834891,0.330600643487432,-0.593950827552333,NA,NA,NA,NA,NA,NA,0.0689195231813716,0.0630542558521243,0.0590194533913155,0.176107273158778,0.0550061525312119,0.254697949927071
1,0.5,0.2,0.5,0.4,-0.2,0.822557255487593,0.534149048969189,0.268888870765323,0.238862053693215,0.416413730525002,0.428514082687329,NA,NA,NA,NA,NA,NA,0.0730438652339741,0.0686859507841367,0.0536157326283957,0.108234970838725,0.0505012412233933,0.270590842188804
1,0.5,0.2,0.5,0.4,-0.2,1.00175477591344,0.476684593970704,0.265984554373347,0.75851521255584,0.435172644369089,-0.436926306747966,NA,NA,NA,NA,NA,NA,0.0590196367218346,0.0529117128776823,0.0438043104489728,0.134369182213722,0.0531791827052093,0.206461059650146
1,0.5,0.2,0.5,0.4,-0.2,0.913112966982398,0.501018181874951,0.211868625258304,0.44859314663341,0.330781897868204,0.048271288036819,NA,NA,NA,NA,NA,NA,0.0620191564079142,0.0580857394749587,0.0494975659581768,0.120304922527506,0.0476209928217435,0.242603177576904
1,0.5,0.2,0.5,0.4,-0.2,1.02798914814566,0.443620652622414,0.256533438800717,0.254090412035191,0.483730482813789,0.175942882197454,NA,NA,NA,NA,NA,NA,0.0812527701029756,0.0710918591406012,0.0546783369078082,0.130347304404715,0.0533641722242219,0.270727652085441
1,0.5,0.2,0.5,0.4,-0.2,1.00211492370892,0.499238563879436,0.234176974963105,0.677291207744536,0.368477698151647,-0.560739287618968,NA,NA,NA,NA,NA,NA,0.0666098178954512,0.0553900847348748,0.0472154691437831,0.149023579526192,0.0534065919988954,0.225912227410942
1,0.5,0.2,0.5,0.4,-0.2,0.950456962516101,0.496976321338891,0.153439608480651,0.731115364267716,0.36109507881849,-0.576747965495992,NA,NA,NA,NA,NA,NA,0.0628234398215772,0.0594918782815733,0.0521640367464542,0.146262051364003,0.0507335550062561,0.21904772031368
1,0.5,0.2,0.5,0.4,-0.2,0.968195259354698,0.4869249149593,0.295637187478736,0.277671297017461,0.356027983807084,0.30317593501114,NA,NA,NA,NA,NA,NA,0.0721622651939097,0.0696180788373003,0.0575286228223365,0.140986190311881,0.0515361181318939,0.33331274797217
1,0.5,0.2,0.5,0.4,-0.2,0.929492451282909,0.558289515034389,0.204671619573687,0.328772696971624,0.330369368603083,0.115980459174312,NA,NA,NA,NA,NA,NA,0.0708583407495869,0.0661151455659911,0.0570268565897102,0.121493305430045,0.0517515957946916,0.244520917059344
1,0.5,0.2,0.5,0.4,-0.2,1.02932557660069,0.420098910255638,0.193862807146875,0.506016707111659,0.361724867271935,-0.145920520839361,NA,NA,NA,NA,NA,NA,0.065795206966241,0.0619150191760632,0.051738247988988,0.127214282929485,0.0506749104841161,0.232457083410175
1,0.5,0.2,0.5,0.4,-0.2,0.926055815672048,0.544668209084044,0.165402076522345,0.602051943370395,0.433215645355884,-0.358399830301146,NA,NA,NA,NA,NA,NA,0.0664235674883959,0.0592820032042426,0.0493708173768691,0.120602622119416,0.0530845405912768,0.195092180595736
1,0.5,0.2,0.5,0.4,-0.2,1.00463542144386,0.62616228434998,0.181850296426936,0.594991699084622,0.327493834004677,-0.225893979585976,NA,NA,NA,NA,NA,NA,0.0627039190903038,0.0585141065541521,0.0541724652454847,0.133720401583361,0.0493850203373582,0.234903813768538
1,0.5,0.2,0.5,0.4,-0.2,1.21533341490079,0.36221980280598,0.190481466012512,0.349848943923757,0.442752536465465,0.0533736094072235,NA,NA,NA,NA,NA,NA,0.076874458854666,0.069858486660583,0.052958553000553,0.143589316163815,0.0528758801851027,0.278939032556439
1,0.5,0.2,0.5,0.4,-0.2,0.91168437625269,0.596460284476644,0.232379819641476,0.679064616586827,0.387587555339508,-0.465671133905109,NA,NA,NA,NA,NA,NA,0.062189950858215,0.0556777318438257,0.0493778233117062,0.129010155847224,0.0538336401746974,0.204039172058937
1,0.5,0.2,0.5,0.4,-0.2,1.02028109564538,0.534817637048987,0.23954885332902,0.506247447379401,0.34822706048216,-0.194891162430834,NA,NA,NA,NA,NA,NA,0.066416085417572,0.0620679846125078,0.0514724122997141,0.132956265566123,0.0533399822783814,0.232579840445368
1,0.5,0.2,0.5,0.4,-0.2,0.924830713077188,0.54716653535478,0.271103315081162,0.580702620019292,0.387499643920311,-0.354969487495819,NA,NA,NA,NA,NA,NA,0.067336698804939,0.0599466896747621,0.0543414418171461,0.140424785896657,0.0512609367041434,0.22963711743409
1,0.5,0.2,0.5,0.4,-0.2,0.888181202234398,0.564975452962482,0.215081149177473,0.361832102041285,0.366435084526849,0.124250203796812,NA,NA,NA,NA,NA,NA,0.0699502100930049,0.0640314551504394,0.0518304034983006,0.123470215364713,0.0493527886394189,0.265454629573867
1,0.5,0.2,0.5,0.4,-0.2,0.978351625536949,0.471487864746878,0.157138728988656,0.435118295442792,0.423518378620244,-0.0711103893323845,NA,NA,NA,NA,NA,NA,0.0691621726200397,0.0623724621897457,0.0546160837803168,0.1318525411625,0.0519535490867186,0.243327906915831
1,0.5,0.2,0.5,0.4,-0.2,1.01355799526679,0.505551292517859,0.186453565265496,0.521959450391872,0.380041618555687,-0.235494412651927,NA,NA,NA,NA,NA,NA,0.067560939747752,0.0618007220318517,0.0534526294837974,0.139536343407547,0.0532058770692589,0.238218624534647
1,0.5,0.2,0.5,0.4,-0.2,0.882620271155976,0.537538079157223,0.100543838402498,0.473611614651063,0.498432065523659,0.0184312423327794,NA,NA,NA,NA,NA,NA,0.0654725815023005,0.0568051802439745,0.0467618132156765,0.115851027013375,0.0487603276322761,0.229229971632765
1,0.5,0.2,0.5,0.4,-0.2,1.02866301715047,0.383154936513962,0.171863795178808,0.363136831024004,0.326214855760929,-0.00240748642368783,NA,NA,NA,NA,NA,NA,0.0729110392106386,0.0672686468560409,0.0553976934693692,0.150228200158081,0.0544494739610317,0.280092757508987
1,0.5,0.2,0.5,0.4,-0.2,0.834800999393619,0.646656541441453,0.233960078692387,0.442524024900797,0.422180617172115,0.082356591526928,NA,NA,NA,NA,NA,NA,0.0636988875883795,0.0611676408462594,0.0474715805883107,0.120116612379843,0.0478699251703638,0.248662981070133
1,0.5,0.2,0.5,0.4,-0.2,0.988369528808567,0.450075648659831,0.191519267586335,0.569452534378437,0.426422690596171,-0.212323892845835,NA,NA,NA,NA,NA,NA,0.0651531232065244,0.0575291826681811,0.0466374060700481,0.133244278776681,0.0532115813909653,0.228538330982063
1,0.5,0.2,0.5,0.4,-0.2,0.928695654053546,0.539499360587149,0.23472224189851,0.647640226992125,0.423918281911151,-0.484815217059431,NA,NA,NA,NA,NA,NA,0.0680594930054743,0.0603102277047626,0.0502676704060105,0.131505786035273,0.0543275813504609,0.202192527389091
1,0.5,0.2,0.5,0.4,-0.2,0.968413465089051,0.510813779993505,0.160782010284578,0.478584689079431,0.445903188916743,-0.121605526266645,NA,NA,NA,NA,NA,NA,0.0674102694733847,0.0625264430017406,0.0534394003941104,0.132580728349448,0.0517457245110781,0.240151387013638
1,0.5,0.2,0.5,0.4,-0.2,0.922573272543853,0.542969825966063,0.160594242429268,0.285212284947684,0.456324623763254,0.19926351435122,NA,NA,NA,NA,NA,NA,0.0739926557500612,0.0674049247193725,0.0531756491236801,0.120200802106339,0.0518542804699722,0.262380453837079
1,0.5,0.2,0.5,0.4,-0.2,1.08258794490409,0.390310473264171,0.272565269378238,0.525747162887502,0.354986057406402,-0.171493842111353,NA,NA,NA,NA,NA,NA,0.0658876282078821,0.0581957568422272,0.0556829094969835,0.128657291170433,0.0537667524790007,0.226557843503299
1,0.5,0.2,0.5,0.4,-0.2,0.904867027329402,0.504094140480123,0.168520536115859,0.611518181431586,0.429463425431791,-0.422552379804771,NA,NA,NA,NA,NA,NA,0.0681445192612188,0.0599987046285853,0.0504616186595655,0.138606920689935,0.0519772941199571,0.217416413014646
1,0.5,0.2,0.5,0.4,-0.2,0.883415387474898,0.587928217141081,0.164685690276355,0.250819916463233,0.376560697634501,0.229654953567631,NA,NA,NA,NA,NA,NA,0.0747399351560812,0.0702935091285442,0.0591139303984711,0.129256467821748,0.0534100782559405,0.287750114097793
1,0.5,0.2,0.5,0.4,-0.2,1.00581201849001,0.433047331134739,0.229808963661573,0.431445774034981,0.345941914322499,0.00667239120897619,NA,NA,NA,NA,NA,NA,0.0660099561324264,0.0623982550636009,0.0500940256243294,0.11573874060658,0.0489163821356259,0.225296954149276
1,0.5,0.2,0.5,0.4,-0.2,1.02313597973555,0.514571236547265,0.303440930527448,0.322987503255836,0.35805694328259,0.271227485163308,NA,NA,NA,NA,NA,NA,0.0690427249758857,0.0636332483345456,0.0529469041894687,0.133655092119888,0.0503822377690385,0.301947075049962
1,0.5,0.2,0.5,0.4,-0.2,0.958741252738068,0.435311244162998,0.312362055928842,0.462171314463771,0.400254545549839,-0.197298125519179,NA,NA,NA,NA,NA,NA,0.0711140761615867,0.0639588227694931,0.0552859092563884,0.148594992535371,0.0519806962519757,0.259176740456864
1,0.5,0.2,0.5,0.4,-0.2,0.981915264000176,0.511257927100027,0.19145510244795,0.54768774499144,0.371119099205456,-0.225980636769864,NA,NA,NA,NA,NA,NA,0.0645371540627887,0.0620823176824827,0.0545501642473631,0.134523420718573,0.0515103362089436,0.230212673671954
1,0.5,0.2,0.5,0.4,-0.2,1.08191723567961,0.475636015943244,0.21344487368875,0.489849912623535,0.320207652856531,-0.222214997265741,NA,NA,NA,NA,NA,NA,0.0690212986114169,0.0602225131919646,0.0569552536487861,0.163290217257992,0.0525026325916615,0.28110619775516
1,0.5,0.2,0.5,0.4,-0.2,1.03759095502021,0.469504246932216,0.291798843612612,0.334494368530882,0.470021232315674,0.0228755397673397,NA,NA,NA,NA,NA,NA,0.0756123403251832,0.0705394084432538,0.0567270552947333,0.120202290649754,0.0514864769828132,0.229027767729881
1,0.5,0.2,0.5,0.4,-0.2,1.07394337004597,0.462044132321363,0.106986149447746,0.298926132095841,0.338212585450927,0.146711147032751,NA,NA,NA,NA,NA,NA,0.0732561054861276,0.0685901383165601,0.0566313998743225,0.123370179647451,0.0513598132548344,0.250797092015266
1,0.5,0.2,0.5,0.4,-0.2,0.961559059728976,0.56143288503407,0.225135866207182,0.600089448175237,0.358488343784262,-0.319615335573458,NA,NA,NA,NA,NA,NA,0.064846536942201,0.0621906029654325,0.0550897249048533,0.14620975582351,0.0541341143148264,0.23934664883625
1,0.5,0.2,0.5,0.4,-0.2,1.0065461606119,0.495256962479132,0.169735344508675,0.546747587736335,0.380890997903344,-0.154937921638057,NA,NA,NA,NA,NA,NA,0.0645012496876662,0.0599642344183766,0.0525876248703365,0.126990657070246,0.0516389091982019,0.222772327038488
1,0.5,0.2,0.5,0.4,-0.2,1.01131993533379,0.477229383940655,0.29496114409048,0.283550891386908,0.454542274647977,0.236662299468757,NA,NA,NA,NA,NA,NA,0.0773148046628235,0.0678631984344888,0.0543766558454804,0.134145161105475,0.0536414045914604,0.292531511184843
1,0.5,0.2,0.5,0.4,-0.2,0.998762755495763,0.487678448162999,0.219342647786929,0.583720511232648,0.434901886182089,-0.291049782957174,NA,NA,NA,NA,NA,NA,0.0651269841100377,0.0570796841084269,0.0500449145069401,0.132833210181154,0.0513565849565256,0.220876969321954
1,0.5,0.2,0.5,0.4,-0.2,1.02801531459788,0.413007769448387,0.282428914731796,0.410836478512993,0.467595403741261,-0.0425719543157857,NA,NA,NA,NA,NA,NA,0.0727994978960539,0.0645588680016806,0.0503817197780614,0.14164839623155,0.0494170730814273,0.270165329570385
1,0.5,0.2,0.5,0.4,-0.2,1.12548067721511,0.390201070590924,0.180997799866727,0.329752545159882,0.427663030494349,0.187312790491218,NA,NA,NA,NA,NA,NA,0.0747709229872181,0.0689027697337596,0.0536857005805561,0.131707952582239,0.0546574162552908,0.275217029805605
1,0.5,0.2,0.5,0.4,-0.2,1.00246757445613,0.503067647642632,0.250436216782099,0.478078785328834,0.412132527167074,-0.157463777913024,NA,NA,NA,NA,NA,NA,0.0690710773867668,0.0613830579730552,0.049747724026379,0.128128953798832,0.0507667831932854,0.228563367633854
1,0.5,0.2,0.5,0.4,-0.2,0.980830025640165,0.576503197231228,0.243314655316789,0.499649797436534,0.422107588758604,-0.354564037169192,NA,NA,NA,NA,NA,NA,0.0712508359913289,0.0650821995453222,0.0541793414915726,0.135048862492174,0.0532296549017478,0.217422759556538
1,0.5,0.2,0.5,0.4,-0.2,0.98953174513293,0.562618410887703,0.251840772202458,0.646496521845035,0.538582499669956,-0.368199115722039,NA,NA,NA,NA,NA,NA,0.0684051271082009,0.0573834987835064,0.0486002293019855,0.150757787906526,0.049936893322052,0.245964590075944
1,0.5,0.2,0.5,0.4,-0.2,0.938582255819671,0.569847626922439,0.175350142406158,0.63149726312994,0.42110396818132,-0.436496569372902,NA,NA,NA,NA,NA,NA,0.0652147998573796,0.0579328508881048,0.0510279025759117,0.128762498987318,0.052960030388241,0.200666849164351
1,0.5,0.2,0.5,0.4,-0.2,0.934530967274689,0.572655239814468,0.1173256592411,0.550626437641025,0.393308813685199,-0.281190550071035,NA,NA,NA,NA,NA,NA,0.0663399013088913,0.0637592198846959,0.0515209977880407,0.138796383854326,0.053376045561093,0.232970490384768
1,0.5,0.2,0.5,0.4,-0.2,0.93481511041169,0.493774689708195,0.167546071642286,0.374345579486061,0.340721035092962,0.117279419825162,NA,NA,NA,NA,NA,NA,0.0670971799963999,0.0636964446485813,0.0544454471024353,0.111800653499374,0.0473585091157706,0.231229291890887
