"V1","V2","V3","V4","V5","V6","V7","V8","V9","V10","V11","V12","V13","V14","V15","V16","V17","V18","V19","V20","V21","V22","V23","V24"
-1,-0.5,-0.2,0.25,0.7,0.3,-0.859410342030086,0.13546039405847,0.0793912600560385,1.20704210094371,1.36111087103545,0.558796869492262,0.24099254129942,0.25722531714098,0.24512955135926,0.336950706945197,0.295281403284884,0.119204020008521,0.258769879212908,0.291353780543768,0.25217260542847,0.421358052029346,0.35187957149592,0.142669960927649
-1,-0.5,-0.2,0.25,0.7,0.3,-1.0272722481415,-1.34202668339058,-0.481170563420212,0.14266138274693,1.23621775674089,-0.480956692936009,0.305159210135158,0.384863870206747,0.305777088632236,0.200132047484971,0.20433064966062,0.222989773931574,0.375237234392995,0.446503057223409,0.310995784522648,0.233476452598203,0.225649742795214,0.291417582770428
-1,-0.5,-0.2,0.25,0.7,0.3,-1.09146926101859,-0.719946191321921,-0.329440155257565,1.46415676745154,1.64174100161433,1.0425041813895,0.334296423032425,0.39502525855916,0.298676239387036,0.557399653590208,0.473862001866408,0.136461499748187,0.348855953384096,0.447610584996726,0.299324027449688,0.926366593118704,0.790113636648427,0.151972173062069
-1,-0.5,-0.2,0.25,0.7,0.3,-1.17599536646356,-1.05826698581431,-0.365144921685235,0.877991145454893,1.19556127185246,0.589163870711375,0.318127188703915,0.385093097956255,0.310064687537376,0.379634372030318,0.328833102287125,0.215985950687428,0.361810556764512,0.489964773463739,0.268112831820243,0.523719698481172,0.438851084401933,0.322124036937545
-1,-0.5,-0.2,0.25,0.7,0.3,-1.02124269987669,-0.152262578687108,-0.484349969621083,0.321200800161618,0.763222465277135,0.127497329994679,0.244173030867686,0.257576193911351,0.234972192138126,0.191070122605575,0.188771245282463,0.1836221149214,0.726334270662431,0.312475318127068,0.687858229785994,1.03161796630406,0.725779019481013,1.51365555210239
-1,-0.5,-0.2,0.25,0.7,0.3,-1.02179383970778,-0.441619466624338,-0.0979272494770502,0.000703279110753238,0.515731464964221,-0.605388011846943,0.239258892190702,0.235431665869476,0.249554200861044,0.14428429319194,0.157408397997568,0.256065283056112,0.300280127123592,0.27625127367488,0.228302923365138,0.228765635709905,0.216933092937963,0.507158913119834
-1,-0.5,-0.2,0.25,0.7,0.3,-0.546722567490502,-0.0911936020291606,-0.338416879067712,0.358314088590512,0.540349020551002,0.459112421397272,0.2362103563401,0.219380436097301,0.227298651230732,0.174942669583799,0.190751652409537,0.217180786949766,0.31905093044443,0.248996694373649,0.263496008358057,0.304433297049418,0.299757204468443,0.479176209427339
-1,-0.5,-0.2,0.25,0.7,0.3,-0.601362991051465,-0.98260857388697,-0.0549145858152021,0.435533450092129,0.873627696812811,0.380351506601693,0.25203169169025,0.322264362049541,0.252817546510203,0.220876641747735,0.220844382572516,0.173603808481755,0.283387439410011,0.375992817397361,0.540164942122471,0.329576932108518,0.356565385351304,0.265994008701688
-1,-0.5,-0.2,0.25,0.7,0.3,-0.954376668695876,0.114505258273429,0.0016720349388139,0.370387680831963,0.865088168357981,0.293094391568915,0.270507613757998,0.246453922780803,0.202388740670781,0.198672287495174,0.212285814066571,0.191010733510463,0.307181436467714,0.260777183675091,0.173097741040481,0.342972449066947,0.314551423379928,0.372942544253082
-1,-0.5,-0.2,0.25,0.7,0.3,-0.952683577475581,-0.506218395192888,-0.178640563353068,0.359570548590894,0.928364279620457,-0.0544185861530763,0.263769635721481,0.278158752561892,0.232615606285386,0.197335393496557,0.213244145518725,0.200429839549959,0.305755670294225,0.303497494524065,0.221644141847955,0.229145670228414,0.231462815510625,0.293706956383767
-1,-0.5,-0.2,0.25,0.7,0.3,-0.528748884331721,-0.710183250993699,-0.0342668724018019,0.0694409279225291,0.869165931951319,0.374260762494827,0.288662346454996,0.338097573630581,0.271030239206409,0.185784247063524,0.185934111145827,0.234194050488249,0.349480537870221,0.44425945541397,0.275951782075496,0.297642967894106,0.262827952499177,0.44168050577014
-1,-0.5,-0.2,0.25,0.7,0.3,-1.23862405430943,-0.886717840981545,-0.92382580420054,1.4988662626194,0.969407765325432,0.722521696262896,0.264173869388337,0.249760129816153,0.232582424649716,0.413034425591048,0.371680803967489,0.14045631709448,0.456229411262396,0.373134494987668,0.53647992676618,0.78514516758054,0.574407348951446,0.230237515279557
-1,-0.5,-0.2,0.25,0.7,0.3,-0.811609785197919,-0.53905742548096,-0.276212043792716,0.205730863941199,0.59765549654646,0.346396874756284,0.271531023272999,0.304918824238628,0.251633779343692,0.187004494573963,0.172521820279367,0.228863534403073,0.308059041455066,0.354943436066512,0.318777394221109,0.250959097203155,0.202754714443342,0.362225758818595
-1,-0.5,-0.2,0.25,0.7,0.3,-1.14713389276337,-0.904236036098343,0.308007557034928,0.719998143733957,1.29762504671637,-0.19509339535229,0.228193804685206,0.302658904848353,0.243084219910941,0.267057506092217,0.276348291051404,0.163490192235271,0.253216124483333,0.434565297436663,0.350424165238898,0.389733923980034,0.363166328246125,0.273697189310955
-1,-0.5,-0.2,0.25,0.7,0.3,-0.782144292855273,-0.536793006758321,0.134160433951175,0.971250147502691,0.473845791403188,0.736871507222444,0.232532478495161,0.241498569098203,0.222862696398401,0.333822286098385,0.306704138889719,0.187474428395505,0.286982730266797,0.312867831072308,0.384505468851536,0.641724128863136,0.46648954922346,0.378495432242443
-1,-0.5,-0.2,0.25,0.7,0.3,-0.873085149959874,-0.896983310763315,-0.193030174941678,1.07227880300493,1.05993318396778,0.344910280373147,0.227632924107749,0.285169733301886,0.199945718662326,0.343770098331801,0.315622365304005,0.185090636746025,0.247405297272266,0.360742500414546,0.222355926078919,0.45881509119842,0.391698487410108,0.242114668012852
-1,-0.5,-0.2,0.25,0.7,0.3,-1.12913986043407,0.283377711494553,-0.324161470540417,0.145984494821713,0.551837871628964,0.99812598101666,0.348537185712685,0.332927650571255,0.34174298044205,0.202717010758024,0.208548992501799,0.266072141921249,0.415985691231905,0.379428002593392,0.445862468239783,0.37430931082046,0.315532601391405,0.503399222868246
-1,-0.5,-0.2,0.25,0.7,0.3,-1.2950798976436,-0.25813611519217,-0.203561630897217,0.908719826743651,1.44804831899836,0.465641086869537,0.318716919579597,0.414460256505705,0.332085159715782,0.380390492539231,0.329804783994326,0.133000169780679,0.434988822386409,0.541554112513253,0.501114437292272,0.870310221748489,0.757906446380677,0.256621058154666
-1,-0.5,-0.2,0.25,0.7,0.3,-1.3275009009979,-0.0155889153124318,-0.204153979542412,0.888009797884397,0.906094815334035,0.275421170989762,0.268336874691617,0.265369198710291,0.252031973845834,0.283653371053535,0.264840101052319,0.145802175158792,0.278927430739421,0.2783151019408,0.241221437498386,0.34141276401505,0.289722402919194,0.209235663431634
-1,-0.5,-0.2,0.25,0.7,0.3,-0.808920997090614,-1.35170591303507,-0.416463719485227,0.384721649906554,1.01540164439218,0.353549166133978,0.299306945633415,0.41367840078772,0.331248195873509,0.259573750649146,0.234735890812251,0.242544010279665,0.385390533729401,0.511266102402721,0.324978730882043,0.414989158053311,0.35413708330323,0.408335242337957
-1,-0.5,-0.2,0.25,0.7,0.3,-1.09137810622261,-0.249848156539318,0.166044050894223,0.740852881072229,1.23921706964411,0.0530834593631991,0.24464168087473,0.281293870089599,0.226637160259854,0.266365822526336,0.254246082053984,0.15140465432817,0.275973264890846,0.324722100256207,0.291336593623361,0.365527706937595,0.350481140577298,0.18125792238898
-1,-0.5,-0.2,0.25,0.7,0.3,-0.996816782845408,-0.417482961569441,0.306862145848681,0.926852517826026,1.04401528251012,0.456117846277116,0.260507712417435,0.307475725153612,0.238454294084052,0.333311678445721,0.315781473893766,0.140772439168752,0.285161805365668,0.313084524168133,0.307577791081308,0.515151940016294,0.467635330866008,0.230632764067791
-1,-0.5,-0.2,0.25,0.7,0.3,-0.669527653373368,-0.830255208031939,-0.319367578091741,0.111061200223166,0.763359906893905,0.134104998378223,0.289857139750564,0.33747442942995,0.316809777266865,0.185813590459258,0.182929160946429,0.245091651577265,0.389318124293478,0.405611520773387,0.307811363309593,0.29191466274647,0.273008282613133,0.498149561367635
-1,-0.5,-0.2,0.25,0.7,0.3,-0.975143349666815,-0.446309093163252,-0.574395964605474,-0.0771753794244077,0.702501174116241,-0.356519086738327,0.294503444352968,0.303475306594396,0.256932027839451,0.150059967759663,0.133924538076534,0.268755292011544,0.389228907460691,0.417675979358134,0.25803828939556,0.290326317392601,0.164298068522538,0.794928033792492
-1,-0.5,-0.2,0.25,0.7,0.3,-0.610346748152548,-0.510890999711295,-0.116523156685129,0.366557410751129,0.757278902717948,0.505088798154706,0.244848031168875,0.283092582505886,0.250166734596276,0.197564053528717,0.214059232251043,0.225788199614791,0.279985798971545,0.385493718392151,0.220285236494924,0.278639016724624,0.283001280582693,0.327246570980201
-1,-0.5,-0.2,0.25,0.7,0.3,-1.19356510716546,-0.380091629833116,0.18782208248609,0.708340423424311,1.2894279903309,0.770896401769783,0.343861620613643,0.360072790008227,0.355580506283541,0.409482409646979,0.391374289808578,0.267097462187984,0.380044279574873,0.550862728553851,0.308224513952307,0.645118715049272,0.585137753729419,0.406287918900539
-1,-0.5,-0.2,0.25,0.7,0.3,-1.20524929066092,-0.847208214664934,-0.41123788595041,0.123580515129258,0.739365155662414,-0.325273351679523,0.282109060984422,0.317446296911667,0.254923753168288,0.19009449968023,0.199714744333296,0.240918207772302,0.338226038574413,0.409290420700744,0.278004739953928,0.455537100584953,0.443646891503741,0.694818170730345
-1,-0.5,-0.2,0.25,0.7,0.3,-1.01401816699775,-0.414747009684949,-0.0127318928459402,0.632983993216371,1.26323550350288,0.320863870037299,0.272946391264139,0.324251666729013,0.281298520209558,0.293492183568212,0.28027520444153,0.133145697978426,0.292634299670119,0.358953497268089,0.359050964749268,0.395033413093807,0.339840465328468,0.172741977882721
-1,-0.5,-0.2,0.25,0.7,0.3,-0.808352753021079,-0.513717724977258,0.0827292705099911,0.187556944357672,0.477646958009576,-0.14749500935602,0.22066300270212,0.248344799761595,0.203778494074898,0.166421208574177,0.177673971853829,0.240860425636118,0.320613680559094,0.298096396064182,0.262161551296967,0.469824898996247,0.435237862088653,0.807893360148849
-1,-0.5,-0.2,0.25,0.7,0.3,-0.706826693764639,-0.915943211698573,-0.357995818558915,0.817071614421259,0.701415373503795,0.393790713624078,0.233509678082754,0.252185703762522,0.15304204241657,0.250180599532322,0.231217247831434,0.184816725089312,0.260255237355222,0.279862615689567,0.147696470881269,0.340682871633718,0.277880736160853,0.336821876097698
-1,-0.5,-0.2,0.25,0.7,0.3,-1.01031737761561,-0.0335584731770582,0.451660709319371,0.135591616914779,0.608423418589462,0.151489640340429,0.272619922983646,0.286468143079001,0.25875633950787,0.162671757118369,0.15902429720759,0.225411170720122,0.33376879089021,0.352822659198797,0.281789442036117,0.222498751762313,0.20627384109086,0.370605405442352
-1,-0.5,-0.2,0.25,0.7,0.3,-1.24400277101365,-0.123626074186294,-0.00406111389128324,-0.0570070183560928,0.630111178429605,-0.26737899033846,0.293474232678592,0.299506850202413,0.253854091099751,0.153134048611125,0.154106495132371,0.261435551675971,0.388027931671793,0.357581277438979,0.314282151770819,0.283413384116847,0.213482606954873,0.665310927445162
-1,-0.5,-0.2,0.25,0.7,0.3,-1.02280830540309,-0.370357732319681,0.0689134739567212,0.513381612497497,0.842108233748108,0.227548771809006,0.255132741001655,0.304344187950885,0.252344925597812,0.22558138384902,0.211636616120182,0.210738984174767,0.29855810048934,0.305753356393262,0.2860384598271,0.385575659717361,0.274394469006113,0.420059649779816
-1,-0.5,-0.2,0.25,0.7,0.3,-0.350129924956754,-0.735788713776133,-0.0988611239613283,0.638284824867455,0.893167280536554,0.798751049017968,0.252987639221967,0.318403716568927,0.2541219206425,0.237665022929811,0.221225797792032,0.222249009347005,0.302149873559896,0.334452793071449,0.316876102234352,0.352205195307983,0.282960161644907,0.398262112143191
-1,-0.5,-0.2,0.25,0.7,0.3,-1.62151911351691,0.244556123952399,0.070892262150826,-0.0887328177109983,0.573426318898472,-1.06885572075524,0.26458943388667,0.244820012291399,0.197954533943892,0.134378415159111,0.130017277132428,0.282697319069104,0.351647308432691,0.291799525861809,0.171643090573881,0.250883010184701,0.157688950571641,0.729528103192026
-1,-0.5,-0.2,0.25,0.7,0.3,-0.991631283775187,-0.73499888553779,-0.648082597824826,0.134244514540051,0.489722996085653,0.592581837738134,0.323318131116661,0.340847079203503,0.280787667371915,0.198345304645967,0.204147117425074,0.264893454342809,0.375796998620454,0.381806764084379,0.309773865350117,0.346738620639455,0.332057406901224,0.497403584562851
-1,-0.5,-0.2,0.25,0.7,0.3,-0.669614910484669,-0.604411800413433,-0.236546945308457,0.974956180082588,1.28089008854644,0.775663618574463,0.27022181306164,0.354288564849193,0.29839876572122,0.300978185036318,0.260953755550329,0.139164544164823,0.282329426662891,0.352750926167236,0.320571640933685,0.372133263254859,0.325487281272234,0.155588704259551
-1,-0.5,-0.2,0.25,0.7,0.3,-0.708971255887124,-0.956638958899098,-0.568648382774971,0.372942159618696,0.790348026916212,0.40878242962962,0.271593466848249,0.357310144478579,0.263993554802456,0.205013152516757,0.194771332990814,0.228795065764403,0.311303367580868,0.358374668713254,0.244818031641857,0.339287257482908,0.262764619570322,0.387513464839407
-1,-0.5,-0.2,0.25,0.7,0.3,-0.485020537869276,0.0728484047883364,-0.1051768945045,1.34906685099086,1.59073098793749,0.772895108614991,0.218658978037102,0.22072871703998,0.17435936793339,0.399896126517187,0.359066618852392,0.068891306885502,0.228111894090929,0.22263633620977,0.156566754746375,0.634165251877599,0.582652873684001,0.0743289873263131
-1,-0.5,-0.2,0.25,0.7,0.3,-0.782142398026911,-1.08089796032743,0.143896711975912,0.53659417519123,1.3569029896378,-0.0291525094358491,0.248606076787822,0.334743141352458,0.239970788686869,0.224502452095625,0.248530238614722,0.225405374864366,0.287286523924385,0.392760849762819,0.284094591101593,0.318411622565035,0.299908439624231,0.379414132286129
-1,-0.5,-0.2,0.25,0.7,0.3,-0.966582936890583,0.166066788461011,-0.33086171512548,-0.256115915297315,0.326013583973089,-1.33337810362316,0.245216025970803,0.237064396332639,0.241435183774766,0.105434728814984,0.106565855170632,0.432298131976055,0.40110809346787,0.282101596758619,0.39483748496452,0.327162949342283,0.166947099976126,1.95078723075855
-1,-0.5,-0.2,0.25,0.7,0.3,-0.925062315749585,-0.41860959341112,-0.092917620494902,-0.0520893760995472,0.323456486917486,0.0767784148386083,0.274959350840924,0.28499868899287,0.279958907556907,0.154981950689932,0.155518620893114,0.295937883859238,0.350288673498516,0.313030282639443,0.366358106328712,0.274553981372319,0.192705950890992,0.703745683575647
-1,-0.5,-0.2,0.25,0.7,0.3,-0.949132177801271,-0.271343872567676,-0.176655033002048,1.46324928161889,1.15949902244972,0.822902132583245,0.265110240344413,0.28346288581116,0.259972864744575,0.439467905272185,0.410698547575626,0.150398340845138,0.276763091033273,0.319052928892617,0.32504008051039,0.755380838940669,0.725879535316425,0.172125408496205
-1,-0.5,-0.2,0.25,0.7,0.3,-0.312733875645591,-0.668880303185817,-0.196862807859818,1.04501716680628,1.24675072810351,0.900439819295408,0.24236159362287,0.3308950398479,0.231519604167519,0.280358537109687,0.212989368987493,0.122776081340252,0.257563571392442,0.405462779710512,0.22683244206714,0.341945085199819,0.271444925964818,0.131448826342767
-1,-0.5,-0.2,0.25,0.7,0.3,-0.576717213923607,-0.954493223865626,-0.141455916180588,0.561167210089751,1.19219678089807,-0.0587919333899695,0.214473116741947,0.28560455587591,0.233418830652609,0.230078059682529,0.252548286446712,0.182711217392968,0.247272947240243,0.340790270037906,0.282086629027261,0.360693056735869,0.36107562412109,0.310394114034758
-1,-0.5,-0.2,0.25,0.7,0.3,-1.14331383785128,-0.612385985755282,0.432678816641653,0.126433923266364,0.531144667356224,0.184392034538562,0.302071898676582,0.327258922225902,0.234498754137577,0.176824543608378,0.171180800399381,0.263333493234197,0.343928019649048,0.363372337529473,0.263413525030462,0.262917766508644,0.230140294737822,0.446258138409649
-1,-0.5,-0.2,0.25,0.7,0.3,-0.956202720707349,-1.13789905721593,-0.3573506890616,-0.353259706856906,0.255450369308042,-1.76935316666648,0.257587118980488,0.263700033412907,0.283405691266161,0.110330493835458,0.11572153729141,0.423218988038073,0.333450889356785,0.318949734028551,0.232466348697639,0.203235657973914,0.142450965185933,1.12388711696971
-1,-0.5,-0.2,0.25,0.7,0.3,-0.745678307776481,-0.819279995020641,0.0950929567497643,1.50897331394899,1.83421669153536,0.0539541009260824,0.173743364230624,0.264781506386723,0.183875122940681,0.331143469905172,0.292828145361149,0.0659023405384769,0.206737656760419,0.304934947236911,0.192926858769779,0.432495493708098,0.396215050007169,0.071954661106684
-1,-0.5,-0.2,0.25,0.7,0.3,-1.16409821745571,-0.410087210525791,0.651120939422811,0.460024629337932,1.02460235984224,0.268785877678117,0.305121440536909,0.320107808362005,0.303175791491595,0.232315129532224,0.243437308054066,0.14553066326522,0.325706957508006,0.371012239874637,0.317460644885594,0.318737391088153,0.347848067797777,0.212553233941123
-1,-0.5,-0.2,0.25,0.7,0.3,-0.297114812470819,-0.795190705255881,0.332985684777511,-0.367576017330861,0.696455332628018,-0.523183664504178,0.315044501402177,0.302456342488111,0.201204684095959,0.121690776356839,0.129723440014684,0.322774935790327,0.406934738075489,0.426484328786938,0.210470242609021,0.331618170099772,0.245389995971418,1.13609559237424
-1,-0.5,-0.2,0.25,0.7,0.3,-1.17094132876173,0.0866969120892362,-0.963853179816412,0.281498904600638,0.750527971451463,0.882904351914955,0.320464194525114,0.266168619361764,0.265254871345736,0.2198080661297,0.210514225015434,0.221538478780866,0.590237222781904,0.424809452076529,0.498070911406549,0.524546063025004,0.415805070502157,0.56515810307537
-1,-0.5,-0.2,0.25,0.7,0.3,-1.25878394728391,-0.224551370180038,-0.239887243294588,0.677752141766449,0.567114298966126,0.0985003195847464,0.23322248845484,0.255437622231353,0.238275317979987,0.230145010354074,0.230120478827652,0.17533183840955,0.252689022500725,0.299959359571551,0.239335084901062,0.382132120151474,0.349149352902047,0.310641014376869
-1,-0.5,-0.2,0.25,0.7,0.3,-1.06879183771869,-0.372422359051848,-0.310595662682638,0.529654168073294,0.787856611283391,-0.0667805023586746,0.234491327993755,0.264111100476335,0.209158994563279,0.202856266610054,0.204299036709862,0.176212067504082,0.278528247566578,0.297917675455494,0.217225704957748,0.291600835459755,0.271937621022252,0.340843227003697
-1,-0.5,-0.2,0.25,0.7,0.3,-0.927238742468275,-0.774976062666363,-0.387979990024388,0.583349177293622,1.05221182504512,0.35876131246011,0.275095304522461,0.362141012787822,0.274114154957395,0.247130101830137,0.244958435710191,0.213544095783817,0.309812007291066,0.406525666381947,0.476804585245559,0.341878727334637,0.292263272739432,0.35786166545903
-1,-0.5,-0.2,0.25,0.7,0.3,-1.68474901162668,-1.15640719864012,-0.917368264263556,-0.262193174940305,0.446204970997171,-0.691277932883841,0.345222597584323,0.370876118824746,0.343095356130978,0.160994405146043,0.159305133186624,0.375976927431648,0.458760233707214,0.460172471403216,0.405326483011237,0.291013930552086,0.223014802421609,0.985906387016956
-1,-0.5,-0.2,0.25,0.7,0.3,-0.8917412398395,0.00713206357491656,-0.183600607989068,0.705236164044842,0.512114699836248,0.935645059675131,0.28630377702096,0.295052040893601,0.26738186913692,0.282079682576325,0.273537265433616,0.223419913223519,0.341433359861902,0.261908741065696,0.247135179437998,0.574598740030141,0.414257184606852,0.4808606319252
-1,-0.5,-0.2,0.25,0.7,0.3,-1.44416342427195,-0.0211022367671011,-0.34381455464927,1.03758483108156,0.727361231137486,0.44150984533231,0.290128529195313,0.269939729313645,0.281258610096825,0.292078241964748,0.306865809487634,0.154466394926958,0.294526287988294,0.256195862250224,0.258501253965161,0.340200985781945,0.351949165814182,0.207929037014097
-1,-0.5,-0.2,0.25,0.7,0.3,-0.568236958634127,-0.381171405788804,0.325157045285152,0.454080403503198,0.526851683781353,0.588624391726799,0.229861812616362,0.255794598681895,0.205288856829149,0.201361327272817,0.207598336091332,0.221584980154029,0.290415962000312,0.29317262810901,0.251349834750865,0.36580251662128,0.269744008691112,0.484270595567782
-1,-0.5,-0.2,0.25,0.7,0.3,-0.061372410924256,-1.16681686331946,-0.188226473685233,0.244971914964959,0.783620269712219,0.29659726015315,0.227380978573801,0.280528327794962,0.22822300149304,0.187475706723468,0.197325919018944,0.238710173719732,0.28003278598091,0.348638701261595,0.288622911037616,0.38075619601701,0.327168822538565,0.498107266172064
-1,-0.5,-0.2,0.25,0.7,0.3,-1.41641596809751,-0.0365850584782263,-0.369201415937852,0.93812560937327,1.16717978773918,0.0479792256061571,0.260791210034639,0.244251300575922,0.261944547409505,0.336198801850242,0.327948467703132,0.145270187624834,0.273235116361507,0.254939951736213,0.350784235165853,0.444007290739293,0.459503085888134,0.160727767307174
-1,-0.5,-0.2,0.25,0.7,0.3,-0.656154993478351,-0.211660565205858,-0.143959582857105,1.42098480943511,1.20759694139212,1.14666727484121,0.284524866506559,0.314641104729875,0.275745877918497,0.411408932031271,0.355660005096336,0.146606743156351,0.30041748024112,0.293920864953594,0.28375621326977,0.683965160134758,0.542749765923368,0.168734216077969
-1,-0.5,-0.2,0.25,0.7,0.3,-0.874623854567969,-0.778491494114983,-0.0152869626521713,0.35386918870345,0.931111388117828,0.577063720239911,0.312769982485971,0.385580952978561,0.301737448634303,0.236050682989987,0.235019773959115,0.208778631989664,0.372355226826214,0.42576400905013,0.306500506928168,0.305709356967259,0.318130295368195,0.275006478374744
-1,-0.5,-0.2,0.25,0.7,0.3,-1.15089070942827,-0.528972249766603,-0.930020477396732,0.0910673190033995,0.46472839863161,0.305807414455023,0.299963548411897,0.309660379685268,0.240456104731959,0.175160182524928,0.175425715408422,0.196308773037489,0.383022290084524,0.370341584263164,0.425694877233571,0.255829288571693,0.223008308830662,0.494285651018773
-1,-0.5,-0.2,0.25,0.7,0.3,-0.592776978003013,-0.766937323440665,-0.150106131395524,0.316961237931646,0.831434826277497,0.662762703979783,0.296950195146972,0.36659323789595,0.347958992993129,0.228686462357989,0.213998270784279,0.243901395243353,0.332398137181048,0.363363334006158,0.316885789570229,0.378118630066585,0.287106862731524,0.464137476710189
-1,-0.5,-0.2,0.25,0.7,0.3,-1.09862110477755,-0.641239828288358,0.102547667423125,-0.0178041307394605,0.324656824877655,-0.392519393452138,0.251752052488328,0.282735128042339,0.244159528434578,0.149113366938667,0.149113411514414,0.295958173032084,0.331635068442463,0.319479573051308,0.241417899798655,0.285586362858162,0.207293426689009,0.732115245070818
-1,-0.5,-0.2,0.25,0.7,0.3,-0.77648702519659,-0.620622434452384,0.484811693707363,0.632328047262376,0.855463148348753,0.641752873531308,0.269390618979207,0.31369152128453,0.258513071388831,0.268576201661788,0.279638080881383,0.191089042881258,0.287354143825341,0.414682174282448,0.340193452263937,0.369960713869727,0.363319633647801,0.270514119822451
-1,-0.5,-0.2,0.25,0.7,0.3,-0.365136016085658,-1.32656772450182,-0.585059297235727,0.256218030829724,0.875432451716987,0.426925501246771,0.257593082153461,0.340491076884327,0.270173469533565,0.197304714214581,0.202537647324487,0.285915174131903,0.327497915973008,0.416916134086864,0.408869177887508,0.335118136944271,0.267838177742143,0.503508369390778
-1,-0.5,-0.2,0.25,0.7,0.3,-1.21540280927533,-0.37113394498237,-0.327829906158023,0.0040073547058797,0.0153407598911049,-0.120574925648571,0.265775922074602,0.272522695119254,0.260118068478251,0.151738728236234,0.157738151776953,0.313014028488596,0.367476520171929,0.305295702567233,0.297812168740047,0.335205780059769,0.223070951180884,0.880511161606217
-1,-0.5,-0.2,0.25,0.7,0.3,-1.13076058635584,-0.0563535461952813,0.429781359303987,1.39383630920169,0.960981277125477,1.5143137386496,0.370183925238428,0.378544409759885,0.31933132785279,0.571912622664041,0.530095775986184,0.197824678856549,0.410224119438923,0.426197636949633,0.357900748531583,0.932969176082643,0.780087271038065,0.328272611972059
-1,-0.5,-0.2,0.25,0.7,0.3,-1.18160124461593,-0.816927147396269,-0.141627834747843,-0.159270122937306,0.31767794035063,-0.955722328458937,0.252951446842414,0.264398493694002,0.253719675055476,0.12933460777929,0.124359009503186,0.317812847170412,0.323481485493981,0.329651550778701,0.258382991144211,0.223839534298136,0.151986541225448,0.819238857326537
-1,-0.5,-0.2,0.25,0.7,0.3,-1.44675073553209,-0.885107342868771,-0.561739415828285,0.25904227650088,0.695591187328667,-0.256020077716787,0.278514441601461,0.289165590438356,0.253414559796985,0.21629594852188,0.223466600551737,0.235457434144138,0.324973712931907,0.363959573417088,0.263162974093671,0.351976375095252,0.287479202793386,0.484053644518569
-1,-0.5,-0.2,0.25,0.7,0.3,-1.30866051757387,-0.0408573246399802,-0.30359603965365,1.18110898606576,1.13357035706089,0.085856932850049,0.243128517856384,0.266091025228836,0.200896141481209,0.338718003397841,0.318778342283587,0.150404880548659,0.255480902556857,0.285249396729026,0.228054948983196,0.800315935265639,0.630573532877855,0.284775098760468
-1,-0.5,-0.2,0.25,0.7,0.3,-0.813203777803435,-0.422635529928308,0.0595668584912644,0.00519334861055731,0.680297146715284,0.407531237291139,0.306747118014424,0.342196520454775,0.283176412014157,0.185955771826033,0.183710969943439,0.291795895575585,0.616157519266452,0.525816030718931,0.318423208921702,1.11357815844084,0.581371315242246,2.06792782643047
-1,-0.5,-0.2,0.25,0.7,0.3,-0.800498450763915,-0.883371499668947,0.0423422630574842,0.0228948318576472,0.910843652382393,-0.243917655818782,0.282576895179835,0.351280432578081,0.279910470840218,0.173621516809687,0.184507778940245,0.263595063404225,0.34768499492306,0.414198981700902,0.341445970931404,0.440295258373544,0.33611736290327,0.866672894465346
-1,-0.5,-0.2,0.25,0.7,0.3,-0.795042935316345,-0.379398034884124,-0.447378319964741,0.330979454510623,0.776458086586054,0.0542165520486226,0.243629822704465,0.240581608702381,0.205636780611081,0.201424000132298,0.223972865273556,0.219922174665807,0.134777046927869,0.261431060344527,0.20834334106285,NA,NA,NA
-1,-0.5,-0.2,0.25,0.7,0.3,-0.911986478015806,0.000516604322168576,0.133295285613762,0.937658368392047,1.04054764461029,0.167442546305409,0.206322549179751,0.221211681467795,0.20662887498804,0.243306212158465,0.230768816619208,0.108353328416214,0.218277970960796,0.226838643747024,0.208676047884132,0.332015691223376,0.286822227771371,0.142268211107872
-1,-0.5,-0.2,0.25,0.7,0.3,-1.07305272872742,-0.400726079658993,-0.160199888494199,0.361123925471876,0.739147000363549,0.293531422009741,0.276905853162578,0.305015369904136,0.328245910881586,0.198906251200021,0.200277448582163,0.21851342760887,0.299434063796179,0.319660821515683,0.269676608696388,0.22842387313629,0.196833095290234,0.278627522909942
-1,-0.5,-0.2,0.25,0.7,0.3,-1.63099429426161,-0.778949732344183,-0.218200490186094,0.211002539608311,0.946716238711935,-0.633965132413026,0.291709838329244,0.348392185504097,0.297840956072471,0.199706432238589,0.196111818633193,0.218726415935177,0.347963074419001,0.400279277227287,0.377895154746805,0.319977170385517,0.261261881559939,0.441734145739941
-1,-0.5,-0.2,0.25,0.7,0.3,-0.430916501671375,-1.32809010146664,-0.0785754231056363,-0.0420595671546055,0.555444428820612,-0.0112399602606559,0.271117179000378,0.324033093684289,0.297857188326143,0.163381109993541,0.186138791208245,0.325466978060133,0.327142282269941,0.419441014003672,0.305341387012876,0.477561636771012,0.40490320372169,1.01486929143645
-1,-0.5,-0.2,0.25,0.7,0.3,-1.28861222078494,-0.686037064972468,0.587123306769924,0.126348004274989,0.593975229108566,-0.0383719647531784,0.294055932513222,0.327216337312004,0.281141349826536,0.182617018144868,0.186211275769089,0.265344920811456,0.357394186975574,0.348515109341845,0.367963670744892,0.335495627970304,0.293771532132981,0.538540085002558
-1,-0.5,-0.2,0.25,0.7,0.3,-1.05525985619661,-0.63517646288891,-0.565286087962589,0.914071952398518,0.967638511656909,0.361613112044363,0.252766090657016,0.299593827429357,0.226186651559211,0.298206280367146,0.238177353774907,0.174079834270687,0.327052310631664,0.341296478174107,0.33638614919939,0.418566770821045,0.271510650426053,0.295383312599621
-1,-0.5,-0.2,0.25,0.7,0.3,-0.80176611931748,-1.03639036773684,-0.357009273267481,0.207911359318925,0.571368710043381,-0.62017190406158,0.210879093787133,0.259475771702819,0.184694139381681,0.149214876687465,0.150139404952624,0.240955950481328,0.244835521260362,0.275777993931735,0.15392935888044,0.226549913266407,0.202629812572256,0.447910461148541
-1,-0.5,-0.2,0.25,0.7,0.3,-1.43963061041744,-0.344639350900314,0.661672760557249,0.145264403137836,1.03459707389877,-0.58212165987605,0.276035427287359,0.238936941529297,0.173775282749154,0.179628507454669,0.195274855143727,0.21600121114071,0.335134736543993,0.277587426244176,0.217930135740926,0.252285023043798,0.22795877739177,0.355192322841
-1,-0.5,-0.2,0.25,0.7,0.3,-1.13126484541555,0.167936299966365,-0.117881911421659,0.475004104390305,1.01669274496306,0.513082980822295,0.301425837088023,0.295769795767603,0.193897483708399,0.247084481518126,0.249933671574018,0.180328900437069,0.338777508210394,0.365554095132923,0.157205505112551,0.358050383346772,0.339593488860183,0.285115992596558
-1,-0.5,-0.2,0.25,0.7,0.3,-0.651019573463875,-0.868516607422934,-0.013235364029527,0.319584395807106,1.04249674968149,0.450407350612006,0.290539216185667,0.360195846383223,0.289539294754893,0.225263915435769,0.215152946162818,0.203264336572918,0.340943596625223,0.484165316215377,0.365046238142044,0.324856576943353,0.301720782235013,0.258837269053836
-1,-0.5,-0.2,0.25,0.7,0.3,-0.618277960819667,-0.197370977667746,0.151907402696779,0.37057699471293,0.9449350391777,0.481223122436778,0.266093044637779,0.330865738955097,0.227218878715545,0.204626123428478,0.181143355841942,0.194042530411812,0.339463743729739,0.439195794568609,0.277780326803338,0.324637510014772,0.244700490090492,0.297526013358596
-1,-0.5,-0.2,0.25,0.7,0.3,-0.631482408725325,-0.570031128355968,0.212181919311823,0.435115884806669,0.876687407032494,0.0822388529703597,0.222523861609426,0.274050431464318,0.211996794454644,0.200825799593245,0.195899606819078,0.190338702496269,0.274224515509698,0.320948422025479,0.221739847867995,0.377538021384189,0.329380612336435,0.386453270129156
-1,-0.5,-0.2,0.25,0.7,0.3,-0.446567092237542,-0.575966629257293,-0.380001087182283,0.144222782839208,0.566947068223023,0.636024672501883,0.27993216101652,0.301062570715454,0.261847516010761,0.180379148698601,0.18107432625282,0.263664909821844,0.347338880030009,0.328825406397904,0.267012212192985,0.308558857571412,0.212810615432091,0.614224308939423
-1,-0.5,-0.2,0.25,0.7,0.3,-1.2521475885707,-0.0328588747871318,-0.514836213897532,1.59867067830326,1.58629581094965,0.0788371189761281,0.240778952048887,0.276318745800743,0.122413632760507,0.30751733651688,0.234739152485942,0.0607492039108514,0.259052181633339,0.283038335079296,0.117930265178531,0.419716060680872,0.320151555579418,0.0789807992429684
-1,-0.5,-0.2,0.25,0.7,0.3,-1.1865721875117,-0.241150112977245,-0.222609974264565,0.668349335607704,0.948929443739496,0.555621023472017,0.287914036412379,0.318011701593265,0.283871399137846,0.285678435919529,0.286781273285874,0.163140566169001,0.30574632834592,0.396584772184033,0.25118458644977,0.32975420776389,0.312986940009714,0.21329042095255
-1,-0.5,-0.2,0.25,0.7,0.3,-1.34480385758029,-0.587707554104954,0.278600886923628,0.617054275748393,0.49398683751172,0.677493156183581,0.317741017330342,0.324603198458613,0.290984936786648,0.270233870209085,0.243512330557904,0.24959500741746,0.373818423441867,0.377161473095075,0.355552443401246,0.482612325889042,0.307616480807957,0.517448949794444
-1,-0.5,-0.2,0.25,0.7,0.3,-1.20942718388986,-0.0476138468654986,0.281404763292114,0.621898473053711,0.28149202040721,1.13469489531457,0.338659567070313,0.353431734776936,0.343085215418086,0.287170181668887,0.300964595400025,0.236717296107767,0.418504890263498,0.331175085662792,0.35040504254909,0.557471667227685,0.370309618302366,0.585213962710941
-1,-0.5,-0.2,0.25,0.7,0.3,-0.420325357761366,-0.95598157089992,-0.0775264886459161,0.0408912499557282,0.718463190060104,0.359087793372854,0.28977741670424,0.388307339958796,0.273242976304449,0.168634518167312,0.152792210984206,0.286574547504426,0.358615067569531,0.419026196951314,0.458801628888262,0.306015425617005,0.228974958416066,0.496342628987511
-1,-0.5,-0.2,0.25,0.7,0.3,-1.20985183724041,-0.14700669374822,0.373245741694648,0.400392895688048,0.750479581603225,0.598805200849201,0.305938605432848,0.338737318309305,0.314011931195679,0.235354846732736,0.266523523819801,0.238341299207446,0.357471966955978,0.382139931540136,0.510301330102523,0.32573285165011,0.345223864890762,0.407098752943494
-1,-0.5,-0.2,0.25,0.7,0.3,-0.689339987810849,-1.11015069968999,-0.866901624553847,-0.449002149650965,0.165477929630591,-1.20411558054304,0.295269800859403,0.286747325208404,0.302180351831432,0.113915233567084,0.12125966367428,0.503740138694148,0.380209458343878,0.395115701513726,0.391553382764147,0.353469676987132,0.233725188604689,1.88873583391255
-1,-0.5,-0.2,0.25,0.7,0.3,-0.0630601214742539,-0.500196790404187,0.504366809215928,0.677012813195086,1.42506581945524,0.603494209436258,0.24314783977991,0.269964160892207,0.196659632589428,0.219421912455743,0.213741556432136,0.130308680927598,0.311364304476905,0.308842341761932,0.251092033579051,0.274308832271211,0.276978906258302,0.17335250881469
-1,-0.5,-0.2,0.25,0.7,0.3,-0.695093606807518,-1.82507211412649,-0.719958096145926,0.174951565171788,0.923051053629634,-0.170970799540428,0.275021424755587,0.343512404983434,0.205288342662471,0.181954307577627,0.183772859501963,0.242428851419468,0.32821967581905,0.449510609095426,0.286324236557204,0.27045227861284,0.228222411607719,0.354350574171134
-1,-0.5,-0.2,0.25,0.7,0.3,-0.70422179755539,-0.90938267296198,-0.0695668385365032,1.10011082949191,0.818499074419379,1.0433365424543,0.276115427070464,0.318350410848761,0.272568478403929,0.405108126928733,0.369877013950134,0.206011363410567,0.309893325301023,0.352859824068744,0.351516936629492,0.883996886083082,0.757905454630908,0.324079475218463
-1,-0.5,-0.2,0.25,0.7,0.3,-1.86685059911859,0.208050167568324,-0.82319137785841,0.169716969748767,0.586708229314024,-0.0614969132873968,0.31795481747628,0.359836954096377,0.324078227055873,0.193618636777058,0.181664795717259,0.245505191612187,0.420564394763041,0.547169638683353,0.372643058481922,0.269897636222278,0.204587692190585,0.46007899403068
-1,-0.5,-0.2,0.25,0.7,0.3,-1.41231629423981,-0.0578786028636494,-0.163477479473097,0.372544209849106,0.266352602405144,0.183451921443782,0.265186159045362,0.284158336879548,0.28227133250655,0.189569925930835,0.18778222341707,0.23919884430648,0.309117385704104,0.276571090216868,0.337275448872637,0.28057574127869,0.285086532924232,0.435962956806787
-1,-0.5,-0.2,0.25,0.7,0.3,-1.14759778784319,0.308799629117229,0.444292887002758,0.490751671523213,1.29090514764562,0.228550292238963,0.251913289774281,0.231220838504117,0.126805004190006,0.165207763188471,0.140015200806948,0.105670722746881,0.322610499434526,0.34375798446807,0.209700831555315,0.373027364937519,0.383281629823562,0.198009598914765
-1,-0.5,-0.2,0.25,0.7,0.3,-1.2070355337945,-0.433472562810421,-0.403797665910566,0.299160479401102,0.0912035392885388,0.135687333871489,0.250310702716877,0.244497834215973,0.245318129413583,0.174268712767879,0.172224784052955,0.247978279304056,0.316008152888892,0.255863142381243,0.267848570753549,0.310833856864801,0.240014631068909,0.567057431915785
-1,-0.5,-0.2,0.25,0.7,0.3,-0.329312576739152,-0.822804013715856,-0.14682357841413,0.461869550084557,0.515930838683775,0.464384705335501,0.210635141293307,0.241432149209199,0.210651163647838,0.185935106198022,0.190644119157988,0.230536797010877,0.261181867171892,0.262566665922294,0.230255791045327,0.29615672124965,0.241341887976403,0.495517865485342
-1,-0.5,-0.2,0.25,0.7,0.3,-0.945994317309458,-0.174503282509993,0.124428749643994,-0.0376693477522356,0.669273398076901,-0.26536268218063,0.268003506221414,0.264649178465046,0.205817689208131,0.152439158933964,0.153289236536405,0.275287166335017,0.352465710987264,0.343089528476064,0.214471146594036,0.258328352946988,0.202017921807798,0.547012948901163
-1,-0.5,-0.2,0.25,0.7,0.3,-1.52608759730323,-0.440675026202898,-0.244693412180917,0.0793086587709531,0.782260200599851,-0.393026337459972,0.297341198986705,0.343739469444238,0.244149484489263,0.173234256479924,0.174126359483014,0.244539385554171,0.364096552526558,0.39866868059898,0.263998760572679,0.231775222205465,0.209590379367601,0.38441045795335
-1,-0.5,-0.2,0.25,0.7,0.3,-0.860832405577089,-1.05051662887362,-1.18291671525338,0.546925043772036,1.05159512729797,0.365957213178874,0.300081224705805,0.340870792017871,0.25032668438086,0.257342870429318,0.277051524721004,0.212833204022021,0.365980044206583,0.332983120113149,0.34634962251303,0.317592994818912,0.359289794816833,0.272264824467897
-1,-0.5,-0.2,0.25,0.7,0.3,-0.717376389366009,-1.00061401241087,0.207944153347448,0.191827410912568,0.746034604033136,-0.20082787250354,0.244531748271045,0.309967233521975,0.242271960088601,0.174912184365741,0.1774478051334,0.230903717027858,0.297416735095065,0.314446653257639,0.280965815160386,0.242993556400889,0.216002074760047,0.405635814648974
-1,-0.5,-0.2,0.25,0.7,0.3,-2.15407324542632,-0.606297559117276,-0.421413668444592,-0.758474534179928,-0.186303297170084,-7.38717710787619,0.298876370137333,0.322997620644569,0.309355216355777,0.089499703463254,0.081489321269394,1.45522066363435,0.399197777693881,0.437418540626196,0.305165459008752,0.170834040544133,0.140566924926691,4.95263266190888
-1,-0.5,-0.2,0.25,0.7,0.3,-1.75308690552338,-0.320544510465606,-0.255832961225464,0.431051961600574,0.787080971290954,-0.147524756106445,0.294354896153407,0.329063210803984,0.309701443957239,0.25274723239338,0.247105308711403,0.222502267259727,0.33465951775574,0.365887060777301,0.280442925978162,0.370907653962299,0.332244731976873,0.360581137038568
-1,-0.5,-0.2,0.25,0.7,0.3,-1.00839921538939,-0.741917906308311,0.00535670995122778,0.290726083369643,0.566645236887566,0.711404270234264,0.319989912718612,0.361093353776609,0.313167534418568,0.2487843536107,0.225598197347809,0.287143889212939,0.377597359520997,0.399334334959997,0.449542970000798,0.419179597552908,0.330011365876445,0.508155841425686
-1,-0.5,-0.2,0.25,0.7,0.3,-0.779743897752668,-1.76491248406851,0.500992416413167,0.114670877980285,1.15021646753548,-0.0724745379892518,0.325656238248943,0.433908869126632,0.315541387768527,0.232633321871438,0.266383006618551,0.235491663771949,0.396890804464332,0.487493179306642,0.353553588147902,0.293916338672073,0.343558589719425,0.327415406859198
-1,-0.5,-0.2,0.25,0.7,0.3,-1.32332565825614,-0.282811249380982,-0.0720027004916609,0.629029149607417,0.924988309651548,0.42464745720178,0.318679666544363,0.375251082079529,0.314320850092732,0.302215230049588,0.287710180364507,0.194882800176566,0.422523822343818,0.40964640971157,0.277051541963246,0.615139624240192,0.512569826936393,0.484101530584587
-1,-0.5,-0.2,0.25,0.7,0.3,-1.16091341114404,-0.715275082965114,-0.05264986158493,-0.496130102110927,0.392129971032384,-2.47604822059845,0.279595546314345,0.264273437787812,0.231873979582978,0.0989445648727317,0.0961657358464411,0.527771577608226,0.394227027005933,0.431972198716042,0.266988704611307,0.287823786648126,0.123837882293378,2.30409334566456
-1,-0.5,-0.2,0.25,0.7,0.3,-0.86888768277833,-1.03723900072476,-0.360517282042426,0.11608781222635,0.73141989693835,-0.186510327482595,0.269142183435176,0.323619463293666,0.258255837032351,0.176040624814737,0.181697561696567,0.267976311493566,0.365675189747383,0.41575502029032,0.241536431969353,0.259567181496749,0.227864173139363,0.573777417910611
-1,-0.5,-0.2,0.25,0.7,0.3,-1.16891702521231,-0.464324775597292,-0.28976669209724,0.644980085459246,0.846485121174455,0.278597756196385,0.279067933064192,0.329819011446429,0.275497714355133,0.254528365034662,0.266553989372138,0.211665317941302,0.387309704248957,0.498437793832156,0.396171094826007,0.396938358111153,0.443215833995613,0.395432504307804
-1,-0.5,-0.2,0.25,0.7,0.3,-1.54873152841363,-0.240597731154747,-0.566781555983688,0.250005254272088,0.950476637500937,0.182357392248345,0.330493257211763,0.362302359616621,0.247693655058159,0.231281100501332,0.227968724497656,0.215819843689632,0.394545689253757,0.450385960450733,0.279273890044559,0.399207801160113,0.359116567141855,0.361606928672506
-1,-0.5,-0.2,0.25,0.7,0.3,-1.29321161141407,-0.290912473831236,-0.324843963066268,0.458919927536415,0.935913654242477,0.316252628533382,0.312555492546154,0.331828315748871,0.287545668245605,0.260014155216868,0.251686589377242,0.197177106299135,0.335430535837436,0.381323233929932,0.2706696155999,0.330447442318172,0.287418228217649,0.293700755054019
-1,-0.5,-0.2,0.25,0.7,0.3,-1.01701655753003,-0.816608675870639,0.0172628778251259,0.95399472778356,1.44363073672481,0.300352238221775,0.250445199034243,0.358773821525946,0.231513159394348,0.357828150816597,0.326458669740576,0.206077484599318,0.268006570273092,0.433944337943657,0.221845183226907,0.46079303433561,0.410129642721423,0.188332364304881
-1,-0.5,-0.2,0.25,0.7,0.3,-1.27297658591663,-1.12346563240466,-0.456369200889205,-0.234535163242399,0.695045044845673,-0.300094184802714,0.35442078351958,0.424531706096463,0.327507602318241,0.167827757139004,0.168518877740587,0.323152374931035,0.479123329386135,0.488705844504597,0.375730809441661,0.251091039102252,0.230433290749378,0.615809971459826
-1,-0.5,-0.2,0.25,0.7,0.3,-0.833887619011235,-0.616738431087978,0.328664608133836,0.1489871325468,0.679358460059024,-0.19436474391831,0.248926692700922,0.264853349132863,0.242266462655097,0.16441284995023,0.17203613597497,0.219327777428022,0.306015276285795,0.301862275748598,0.260137451795647,0.263795478407485,0.229671941261923,0.493411702274475
-1,-0.5,-0.2,0.25,0.7,0.3,-0.352363803623123,-0.726391227043746,-0.151728311346951,1.12682714906659,1.6654024849501,0.85884930664213,0.247362892744095,0.320653440194659,0.244483515165555,0.405614527702969,0.370915451506027,0.0908696548272038,0.259812151134617,0.384324318990046,0.280179184299158,0.706006040056203,0.625152650383317,0.105584196344955
-1,-0.5,-0.2,0.25,0.7,0.3,-0.949213347728796,-0.216484550103798,-0.584649843387785,0.351213277429865,0.364208513071468,0.448617555293355,0.256667332645492,0.266921645770362,0.231881164715653,0.182194814840093,0.188809427825882,0.227130695722365,0.303980681969548,0.279769123865934,0.312904531147232,0.251502192760115,0.258071695109778,0.404288445466099
-1,-0.5,-0.2,0.25,0.7,0.3,-0.711058364457147,-0.199770674706053,-0.381743624004925,0.669521238492729,1.05670328658088,0.730997453984063,0.267294201126038,0.277157171292551,0.206773622641234,0.257613453359053,0.273662160807921,0.211263587007216,0.299034333085293,0.264584070668841,0.211766900969069,0.483132013623359,0.44913138736914,0.308145090883489
-1,-0.5,-0.2,0.25,0.7,0.3,-1.23231227979779,-0.940748409096496,0.0165817045633955,1.82038523222823,1.98929330133602,0.355722396483196,0.284176351484876,0.350188497891716,0.279384729235367,0.568864313799559,0.476709355979725,0.0672922917713399,0.292046477826652,0.460041984200734,0.281002823202043,0.685015920529016,0.590087978901137,0.0715152639699013
-1,-0.5,-0.2,0.25,0.7,0.3,-1.06146413810464,-1.01522913791875,-0.627075445118836,-0.288594369122707,0.430486363035989,-1.10179945347375,0.2930121901096,0.311108830662963,0.271514799296266,0.125845968414252,0.123396066354567,0.351901025699265,0.398988398868352,0.385997696121055,0.412762688831203,0.249565651400804,0.174710138069509,1.05877428113215
-1,-0.5,-0.2,0.25,0.7,0.3,-0.855605520579679,0.133586112785887,-0.359148067477101,0.796293359899833,1.44340053316775,0.218202585804207,0.251204636090986,0.225848260246039,0.149238933813298,0.280178122998486,0.290777221650313,0.12300836511353,0.281692595952217,0.276978136369875,0.150174938729093,0.466415919561222,0.467484929458823,0.160499345209429
-1,-0.5,-0.2,0.25,0.7,0.3,-0.534642042081205,-1.10887811915249,0.0409711538249845,0.798278247164414,1.26283834484333,0.516531920802404,0.243715204114709,0.317545442532616,0.213801366124848,0.270690449755777,0.256710612269408,0.161460326768669,0.268062310431083,0.408728453400109,0.154762657436108,0.389102587522775,0.368712609765157,0.189033664693707
-1,-0.5,-0.2,0.25,0.7,0.3,-0.527103390006715,-0.676788153532984,0.000293880390147872,0.306088051018661,0.856116573081475,0.718993339199251,0.29532761612777,0.345591813052918,0.287912869787233,0.227293212861728,0.239467557785375,0.241468613334844,0.353664379493867,0.374717061857714,0.295915985622982,0.38057544404891,0.384764650390842,0.344645357091438
-1,-0.5,-0.2,0.25,0.7,0.3,-0.788315565290513,-1.25917227557368,0.0262739054248573,-0.109925273203338,0.545440180885452,-0.0198847424909483,0.313447282978147,0.390732049699385,0.305735290944679,0.169760983589033,0.182316150453249,0.329758047250019,0.415817623064352,0.437177123953008,0.372400824149327,0.476817952006655,0.344649707309933,1.18092809447443
-1,-0.5,-0.2,0.25,0.7,0.3,-2.15645632662625,-0.172099364127082,-0.214396028986243,0.227886986424471,0.782622000794159,-0.603292442808535,0.303359621382192,0.308842689494186,0.314818725407902,0.234528001840416,0.258101255876404,0.234287855070431,0.378739559916825,0.346068129918044,0.279628428675842,0.408191164096372,0.35213081977384,0.518417950405667
-1,-0.5,-0.2,0.25,0.7,0.3,-0.777089420001793,-0.476756910386119,-0.0566122637845061,0.00235741119650986,0.760877130670584,-0.80664382855295,0.242568117681504,0.227509684744827,0.155292487240558,0.132535142301058,0.13878295760195,0.220306764314953,0.297120818667601,0.28545108344108,0.160691670604932,0.255149050904648,0.209366107414333,0.550332058933863
-1,-0.5,-0.2,0.25,0.7,0.3,-1.46622722916468,-0.423863990835098,-0.00422128852923788,0.0806589556086572,0.46253549565233,-0.0916318802453237,0.293142972942932,0.306318694697265,0.289576280147663,0.179999270827141,0.181753845900512,0.268329376513629,0.438333595873784,0.396496075386563,0.324877043476253,0.608019444271584,0.506178278873357,1.11496358821186
-1,-0.5,-0.2,0.25,0.7,0.3,-1.03140695921339,-0.70828860361117,-0.181180879426147,0.508542686401218,1.14810646718265,0.493175212925929,0.310657639657779,0.371883404028097,0.289252136774785,0.257448373107873,0.270663621912445,0.17044984244523,0.340631062876619,0.399207625522165,0.33750721111638,0.305061948956008,0.347219446010252,0.206859315443684
-1,-0.5,-0.2,0.25,0.7,0.3,-0.980169386427489,-0.494737077154943,-0.24373958254727,0.48462622661666,0.830409529433329,0.579985576402398,0.302154856740264,0.369082143337782,0.257954643321285,0.274367359422966,0.278516731638934,0.226442714885866,0.386125553946041,0.38664481427106,0.398974117446175,0.478290413284726,0.449229181524732,0.415882114230854
-1,-0.5,-0.2,0.25,0.7,0.3,-1.25032784524385,-1.35363431927817,-0.190702426993678,0.401778399970116,1.20278375337153,0.9741047218661,0.394779987296494,0.46635837475783,0.434604059644141,0.317366469351985,0.27772155621628,0.235430495648203,0.440575076941771,0.830351284364411,0.489492284559846,0.397781391036448,0.357873313220283,0.311219301526839
-1,-0.5,-0.2,0.25,0.7,0.3,-1.15085002756627,-0.683271755316437,-0.381137005166602,0.0220661415009735,0.682580508228624,-0.233173181951371,0.284972580817624,0.333567868610609,0.269809388851072,0.163075846666283,0.163400071722523,0.244717683680456,0.341196290630916,0.352897926920441,0.317687399220922,0.205044914359866,0.17939753273674,0.395378043507357
-1,-0.5,-0.2,0.25,0.7,0.3,-1.27527141282418,-0.725004748501813,-1.46408632984299,0.965769045792982,1.44067986714651,0.436521491030338,0.300625378555896,0.273349066077395,0.230327824494933,0.261759996729368,0.235508529866963,0.173843727338622,0.380811714066244,0.288839003066397,0.325995501564544,0.373190809666052,0.313268099636724,0.277985469631148
-1,-0.5,-0.2,0.25,0.7,0.3,-0.881118998266639,-0.375280176285645,0.0902053472474508,1.18111825906763,1.4284501273074,0.834667755302427,0.297405850247153,0.367553687876867,0.290376748975037,0.362298848122975,0.311028935598215,0.0701236805579919,0.306222661381238,0.37544509909065,0.26040497724294,0.484452425212451,0.418536767494867,0.0754773524858753
-1,-0.5,-0.2,0.25,0.7,0.3,-0.938229245415294,-0.409943891201905,-0.626045697447377,0.960178898400208,1.48776638163163,0.794710797920791,0.313794107749483,0.360270108444898,0.260354862176113,0.305033468255,0.295076676139738,0.13730056905234,0.337240163730531,0.518177359216397,0.335263229543426,0.363272160617513,0.371723702278717,0.162268093197141
-1,-0.5,-0.2,0.25,0.7,0.3,-1.15225211332589,0.189834389420948,-0.179474050741627,0.402891131133224,0.660333719685915,0.604305939422153,0.292007697595262,0.297314312153702,0.294325294634795,0.207843500122934,0.199915037515113,0.216228118848388,0.341159823719711,0.340369132577481,0.312054064504953,0.280374021314713,0.249146094660651,0.329208092757006
-1,-0.5,-0.2,0.25,0.7,0.3,-1.02210365354059,-0.27559815168484,0.314542451171644,0.0509884139935305,0.595028840563539,0.153436108876928,0.280553469212991,0.277483102109928,0.268135310208377,0.172012853882298,0.181440218087623,0.252758983973965,0.344931194857944,0.36151829547279,0.423539469543734,0.288718166175701,0.220850942676864,0.539349257284268
-1,-0.5,-0.2,0.25,0.7,0.3,-1.02589749173987,-0.0788356266806728,-0.110279343455348,0.80222178199509,0.923938336268979,0.921949453980239,0.303254422658688,0.323554557202425,0.323722592083216,0.344876874994988,0.280775614515394,0.201983378362954,0.345456413929025,0.504930714734286,0.333529598964264,0.51351417193939,0.400691971467236,0.290141882351078
-1,-0.5,-0.2,0.25,0.7,0.3,-0.851529629375714,-1.44709034354597,-1.29005332116757,-0.189305479727685,0.827104386759122,-0.253692175521275,0.354008999809364,0.373778220315872,0.331953604025605,0.161107611200733,0.169040309186174,0.312199419934172,0.5085897716731,0.480486197108166,0.498871509660743,0.360864590412891,0.272608256793321,0.756752402995166
-1,-0.5,-0.2,0.25,0.7,0.3,-1.51804952908191,-0.584029423475138,0.0350303824530708,-0.0285033152662797,0.258139916724987,-0.825963607134476,0.251116250324791,0.263780394157808,0.254830995116576,0.141224232026661,0.147498048172196,0.305799928229793,0.334696033090974,0.285858065049415,0.318296008645016,0.258585204096126,0.184143023421375,0.80769190729647
-1,-0.5,-0.2,0.25,0.7,0.3,-1.01291065024942,0.142872654856811,0.16487016729793,0.794823183996433,0.742730092209785,0.0850773218370851,0.207076698578839,0.186669825488161,0.177993708107022,0.215182342418345,0.21388855362991,0.15154623754226,0.238120377852014,0.197780305487458,0.216284596574842,0.348986810753491,0.25971186660251,0.316614195903175
-1,-0.5,-0.2,0.25,0.7,0.3,-1.09045560399663,-0.151045603120884,-0.468250188908065,-0.056598789400377,0.810729793772768,-0.639617373169314,0.261831975525427,0.240770729497623,0.191842783360188,0.133340066832847,0.142712365186248,0.241301319724094,0.355192834693504,0.305175913496724,0.211870804888577,0.237067959644618,0.196814446505634,0.520018732850119
-1,-0.5,-0.2,0.25,0.7,0.3,-0.876290319831597,-0.126886240622199,-0.537539881750242,0.641698306176903,0.549687748143972,0.511869792635757,0.231989642923011,0.239131224206695,0.23041374114493,0.229518777870024,0.206099158372889,0.195621031825508,0.308197225751606,0.322043034769596,0.301885043744686,0.398812498679833,0.259280774596771,0.398736056613882
-1,-0.5,-0.2,0.25,0.7,0.3,-1.26671083166026,-0.850872139249768,-1.18432603400395,0.280563016854134,0.360279062189102,0.188158394394344,0.280718462369382,0.267262975643745,0.166394776266404,0.0819587173048046,0.161025088380656,0.185090648794654,0.344465839807198,0.307518887754292,0.32712815395051,0.326305149864663,0.231269829500505,0.529623758587614
-1,-0.5,-0.2,0.25,0.7,0.3,-1.47096483842665,-0.595489366930318,-0.388758033711866,-0.32398216125054,0.40388307896801,-1.76284578406847,0.268108296618397,0.251179588767189,0.257324948080923,0.119124958041324,0.116686485957583,0.357793792136764,0.357974933987086,0.328167970324742,0.263722692745367,0.243898499150171,0.140992529024635,1.02807424936611
-1,-0.5,-0.2,0.25,0.7,0.3,-0.595111163798095,-0.897777795521965,-0.0993396340965376,0.576707307397725,1.11599671385599,0.422859424191591,0.255141453356903,0.361172511731094,0.253509494734086,0.255612931160679,0.233808991813106,0.19595145202226,0.288445563286492,0.401191845015262,0.262880245196091,0.570946510936659,0.439912626222803,0.341517483255512
-1,-0.5,-0.2,0.25,0.7,0.3,-1.00341895489736,-0.463194786993767,-0.128162364429087,0.954594859930006,1.15934925418878,0.364303707851461,0.258911482729737,0.32062447037666,0.253199218918531,0.287340660963939,0.258823329958658,0.132859264294047,0.284442408756295,0.313734156871307,0.281028164731487,0.298311035577138,0.28329716804686,0.152265893312013
-1,-0.5,-0.2,0.25,0.7,0.3,-1.15933396474909,-0.176597920236262,-0.553224995731641,0.797456091295966,1.43929864808764,0.13767812800801,0.264728049069033,0.242833825876235,0.183812957394784,0.306101251303926,0.351710345744706,0.152071486298753,0.311404166835232,0.253560086636339,0.21493658144569,0.753908194565213,0.813479661417495,0.412972773726137
-1,-0.5,-0.2,0.25,0.7,0.3,-1.14695892535095,-0.672177420456111,0.158231895864341,0.898022563808041,1.24945463452315,0.568774659104991,0.299675068592517,0.348912407249638,0.322962004395222,0.383145700205644,0.40124139829758,0.192458170235085,0.334092193275411,0.382643220871004,0.321389053152177,0.701366124008891,0.629033687342795,0.41213457313448
-1,-0.5,-0.2,0.25,0.7,0.3,-1.08916198302022,-0.590018844749696,-0.66809085039399,0.335053538103937,0.990038443310444,0.28814993680306,0.30213603717317,0.307992415114813,0.224468929128402,0.224321890817957,0.227871984001846,0.230844562714462,0.351200300187333,0.38336393331965,0.256278301741201,0.345447877290297,0.31205025724248,0.365190830546606
-1,-0.5,-0.2,0.25,0.7,0.3,-1.04381079547043,-0.331188548791747,-0.463928155807193,0.708696764383003,0.625759866280609,0.671904102999931,0.279687045499448,0.308078820019723,0.1958219234478,0.270899884574991,0.264827999509411,0.222486601916826,0.392710306034523,0.319464539441835,0.321820267260931,0.569119045109083,0.341232375608178,0.755286946850618
-1,-0.5,-0.2,0.25,0.7,0.3,-1.51465587065101,-0.799030157415847,-0.0857028773997711,1.57247704682214,1.43914406651556,-0.222839733087778,0.219772852556192,0.284133066382661,0.199929037008034,0.387459464680168,0.340184661372103,0.121127813183469,0.22922047736073,0.342345250933166,0.198541819248567,0.411110755766905,0.355576905938863,0.144010940903087
-1,-0.5,-0.2,0.25,0.7,0.3,-0.219119824688833,-0.533206882345318,0.356394824695418,1.62686983969156,0.499770438569864,1.53642307711534,0.254547553567624,0.239097185568785,0.236736313578589,0.72915787287758,0.709503462789362,0.146128577927201,0.288264943166478,0.243742403466839,0.288405494553212,1.06839631736386,1.23876906975372,0.229671769930934
-1,-0.5,-0.2,0.25,0.7,0.3,-0.94881848384066,-0.733401034776247,-0.150634459926569,-0.0395953055531322,0.583647929580651,-0.819259327399009,0.25090476670008,0.264767487780904,0.211664422212789,0.13787817576642,0.142249584594216,0.271885072821018,0.323281508419734,0.317325677100147,0.192052749922087,0.234766722210046,0.200119382626442,0.612523991334924
-1,-0.5,-0.2,0.25,0.7,0.3,-1.08493384756587,-0.0544435095377392,-0.28532129057523,0.244440511220402,1.05146770581528,0.202563711751248,0.299131116211524,0.307122127485196,0.237786956006854,0.19722538233555,0.198363275033484,0.190584528434841,0.356286903405752,0.355636242808854,0.254680655436206,0.271484067411464,0.277547917589773,0.240524101449328
-1,-0.5,-0.2,0.25,0.7,0.3,-0.967175079264781,-0.331447053338464,-0.149653516616028,0.465760400008268,0.63121287273264,0.323527695987673,0.249886318129894,0.287082723851767,0.266602833633792,0.202769220555147,0.209527345613365,0.216816443608591,0.294644113078509,0.308546856540825,0.276444182078514,0.317624696043844,0.281123223674848,0.405722995565868
-1,-0.5,-0.2,0.25,0.7,0.3,-0.820408115590318,-0.36230405221171,-0.281303650153674,0.318820379659076,1.01251351705019,-0.00628020623215892,0.239646123841325,0.259354477444708,0.216386010390578,0.19480502964627,0.195654973937651,0.18468070803119,0.277788623646308,0.346699734706722,0.223591153889369,0.273471509134792,0.25335072254915,0.31209441956677
-1,-0.5,-0.2,0.25,0.7,0.3,-0.951146899498728,-0.407480479781697,0.380060662826204,0.11513483072448,0.933557219824222,-0.756163747892457,0.233374230089086,0.202489458846138,0.184865932663004,0.141438766520372,0.153413574209199,0.179520922180783,0.271069919011247,0.260816804616822,0.231212127935424,0.213795513070062,0.195297082377553,0.383781389838738
-1,-0.5,-0.2,0.25,0.7,0.3,-0.663118361534986,-0.28282805301201,-0.278761067234445,0.641102124680073,0.590013401786193,0.957579733193068,0.269790108365854,0.290629829607872,0.197580596997575,0.255321196272267,0.234150344162436,0.180227788265601,0.342868526887968,0.275531051838808,0.321792252826922,0.491571319188183,0.338801260725878,0.51197532183496
-1,-0.5,-0.2,0.25,0.7,0.3,-1.25048867535349,-0.69370644734998,-0.655618958384016,1.07212014425838,1.63567778795624,0.176750859187782,0.299224278995667,0.333152936320853,0.280136397109018,0.365936237169577,0.344427506744166,0.0971672961891111,0.344221800981798,0.54009006441836,0.44916993522704,0.47930428686114,0.498172742059687,0.106271924210513
-1,-0.5,-0.2,0.25,0.7,0.3,-1.14944835300139,-0.864743993923001,-0.991708039325175,0.158631521090769,0.341426312900193,0.282854202757421,0.294131468727462,0.295702904189069,0.281271133191777,0.185881327198321,0.204231904092298,0.283330186146681,0.429557038104603,0.301888780539753,0.35717266201152,0.370408729718337,0.339775690821105,0.746862339655478
-1,-0.5,-0.2,0.25,0.7,0.3,-1.54319782600314,-0.79304471862467,-0.813172554831874,-0.026930764252919,0.46029591077558,-1.20464512102923,0.258958445841977,0.257031502771744,0.287309913103268,0.134005705147183,0.144587413035367,0.293287885823621,0.325631580299312,0.294808764134105,0.322489355363362,0.273797781737478,0.229144130569681,0.781890435789522
-1,-0.5,-0.2,0.25,0.7,0.3,-0.97875045238986,-0.790975529382823,0.462500876820756,0.639583870030987,0.900735604406996,0.653942696317602,0.285956186921038,0.331764021282213,0.24767242305417,0.254814889938614,0.267575804599337,0.15919242343396,0.308906965575429,0.417692658846557,0.310778565036265,0.337009218425074,0.403294475138157,0.18843834310312
-1,-0.5,-0.2,0.25,0.7,0.3,-0.887833796914083,-0.513636957269516,0.100233294366086,-0.0829503837980822,0.608453225610015,-0.0666908503622481,0.289878213048649,0.312747495210133,0.265373639286515,0.158430496951341,0.164130342019758,0.287893666710688,0.361700564027068,0.375960969761635,0.379485717552427,0.281966811963087,0.230209695030497,0.596532545284171
-1,-0.5,-0.2,0.25,0.7,0.3,-1.23908025108847,-0.492187456031091,-0.318709420844806,0.477431052315188,0.343889624059185,0.460765421265999,0.284063310924783,0.321570098603433,0.292388906877258,0.238333063120126,0.275394698137799,0.242472156941196,0.36432563959416,0.29022479257595,0.273349684264774,0.429281616423968,0.353043462101454,0.670132934665215
-1,-0.5,-0.2,0.25,0.7,0.3,-1.38261361608387,-0.0432349943964078,-0.307785495255023,0.0751191059090266,0.665353669375526,0.016607529317995,0.293486962613137,0.312623281222681,0.284403818013166,0.183511521994339,0.173226371682942,0.268675881905658,0.396615708198428,0.380202819081122,0.321822724759611,0.399042803829664,0.247208664346742,0.685937508078537
-1,-0.5,-0.2,0.25,0.7,0.3,-1.06671479826388,-0.358905368207887,0.0272725389768411,-0.0182506728945861,0.574203808892694,0.129782536532315,0.319009988130138,0.329116668850353,0.337646088744441,0.167134383387233,0.173945262628021,0.288842586623837,0.371948226739038,0.321933941827737,0.310192485242685,0.323255396388964,0.263988363481022,0.641371031276969
-1,-0.5,-0.2,0.25,0.7,0.3,-1.44897940266878,-0.837266585707829,-0.731312974310514,0.304341450015685,0.463250549177508,-0.0132132426056871,0.28251510999971,0.296414506478482,0.242040993701789,0.19003003844807,0.162571188984057,0.246787642817419,0.332640932394258,0.346269915935495,0.308879899443144,0.285790238895934,0.194202059486333,0.464471688615335
-1,-0.5,-0.2,0.25,0.7,0.3,-0.610779981472223,-0.658605881995683,-0.0499287667412124,0.0539458472450308,0.373291693331786,-0.356950439447961,0.223042828189424,0.232763891836477,0.20663554920579,0.139463446327849,0.154029475011068,0.272246134653045,0.289022249994137,0.254220182509965,0.236214835211799,0.205655524674364,0.214670781976593,0.541109362855299
-1,-0.5,-0.2,0.25,0.7,0.3,-0.342637073422899,-0.687131207095373,0.0430777720044965,0.436946788312912,0.562079654064665,0.386617061554736,0.202961206966946,0.237728134403415,0.202360359561335,0.196266560705808,0.21114517012602,0.21739322869788,0.242029129067852,0.279912398433228,0.20008894268429,0.63474597341777,0.527979553192487,0.62161005737245
-1,-0.5,-0.2,0.25,0.7,0.3,-0.771153621266856,-0.776243154375186,-0.245774993866057,0.547119195763483,0.397092770824462,0.175417905525589,0.202750403535259,0.239027061967449,0.16568463889742,0.187279336675032,0.192467909322733,0.189520999072978,0.243507839708879,0.377363623784723,0.163031275126524,0.397814729810806,0.298334880134457,0.445087137160482
-1,-0.5,-0.2,0.25,0.7,0.3,-1.1671554115413,-0.266747891492344,-0.364098423289364,0.234976543132483,0.861249725806182,-0.0310132327082865,0.289397913234406,0.275885174136786,0.255869407869625,0.197597054294152,0.219227956015517,0.218427850781893,0.323173961968054,0.286749915458141,0.263373608406959,0.277189947841466,0.285950994970082,0.343674249801334
-1,-0.5,-0.2,0.25,0.7,0.3,-0.457970571330873,-1.16578179835447,-0.629457740767798,0.504989572205597,1.17167780555115,0.759980549063022,0.283669144629069,0.356845314785447,0.319295072152051,0.269762135431096,0.281176495639038,0.14381896878018,0.316054034675438,0.419867977419041,0.264753879333209,0.319105916507554,0.328714043981238,0.167385518655024
-1,-0.5,-0.2,0.25,0.7,0.3,-0.622156640609789,-0.631961822223767,-0.626588244954674,0.187006435149585,0.789615834306086,0.0533566657948435,0.267924059152614,0.278060485194418,0.221840900134069,0.185494998836356,0.184319805417027,0.234566312041711,0.349034385922993,0.33176211986307,0.284094080996875,0.352356571846852,0.323810183307624,0.46822527939494
-1,-0.5,-0.2,0.25,0.7,0.3,-1.37825882915179,-0.911168356209504,-0.707114664650952,0.092005158946344,0.955799465998692,-0.580120942761561,0.291402707012544,0.337242837634113,0.294973480951821,0.181471633215289,0.196180230107746,0.266319433339551,0.357601168010835,0.392741205938285,0.422616696849499,0.371291505657466,0.383395273203513,0.544446663844578
-1,-0.5,-0.2,0.25,0.7,0.3,-1.12545334811738,-0.365083368997261,0.231025336836569,0.0416222015827723,0.519430819774535,-0.7880507161612,0.239263986005266,0.218898248856992,0.232366383940662,0.139252346356883,0.150142198207386,0.271237089843275,0.309577597459367,0.257134031944279,0.248323422000911,0.255968801594462,0.206116877720791,0.675617757237989
-1,-0.5,-0.2,0.25,0.7,0.3,-0.783286501225945,-0.909303721193187,-0.576736577391534,0.242894616403553,0.833094195195624,0.502662246839736,0.308255840774334,0.351033417788241,0.321408417250876,0.213275089335349,0.213354236709721,0.265557008637692,0.365886469823058,0.382987033464651,0.377203940976813,0.318224680330845,0.262114433655332,0.471547145133653
-1,-0.5,-0.2,0.25,0.7,0.3,-1.92972587299418,0.33082923692492,-0.081448829458843,0.235921914359867,0.562663417142723,-0.481618723158802,0.27953692664389,0.288493287755151,0.241639192634784,0.183990508663727,0.17713406411932,0.227446063467673,0.347620693595217,0.317898570151357,0.227002012809769,0.302343090877867,0.241126045075578,0.475205882996104
-1,-0.5,-0.2,0.25,0.7,0.3,-1.29097372818703,0.0914487514682194,-0.413407611577452,0.39032084063506,0.865226705456706,0.552730953161057,0.321509578052559,0.3184202234918,0.325070777928095,0.242366520665814,0.238182395968687,0.230900375163936,0.381399130523137,0.325815634225241,0.37409840492841,0.380048682327593,0.303097783914131,0.417924277385162
-1,-0.5,-0.2,0.25,0.7,0.3,-1.06207923503587,-0.140972836380831,-0.366318813852156,0.639306987703589,1.09762492617285,0.522964182657362,0.297348465894287,0.32223093905721,0.293694525312861,0.25366776621519,0.262510242259868,0.176172805845574,0.345598634291734,0.341975987594231,0.317202114998585,0.325769945481605,0.3559671101672,0.226741561570273
-1,-0.5,-0.2,0.25,0.7,0.3,-0.311401770486855,-0.600717987984849,-0.38629118189438,0.355740993457196,0.866121277489538,0.693218277004745,0.253354157259248,0.279263564645432,0.204623988328292,0.214131321675184,0.217040260607345,0.210621103732461,0.306608872955748,0.37819742536369,0.20463248900174,0.377194191573481,0.274445191843265,0.489293866323943
-1,-0.5,-0.2,0.25,0.7,0.3,-1.29627843721983,0.324557614969766,-0.13276258389423,0.89308671859073,1.74801972493785,1.13992537256127,0.437224808291873,0.467249548517294,0.37180716343035,0.492495907066744,0.398776323793593,0.0987065938870639,0.48257794713227,0.511385229682524,0.347317396375022,0.780823047269706,0.651887757912088,0.130640630545837
-1,-0.5,-0.2,0.25,0.7,0.3,-0.928583741957191,-0.558158443463139,-0.140327528661317,0.368253074898432,0.753844980739306,0.125352824003554,0.253138566320722,0.292970357581544,0.263550230958191,0.211996716308734,0.215811604805666,0.213484974617868,0.285634636954657,0.321544725241959,0.262682374241753,0.297266781602613,0.269437210969765,0.341458378904366
-1,-0.5,-0.2,0.25,0.7,0.3,-1.03464291666068,-0.908891592371033,-0.503310447888831,-0.166502580324441,0.260408575404158,0.44888326267411,0.3324853015974,0.340670044687756,0.323499435217617,0.164264012113034,0.160156199495205,0.342870562966037,0.435949347295575,0.420233555078041,0.39539548131835,0.349336431838278,0.209276383189158,0.917589392768998
-1,-0.5,-0.2,0.25,0.7,0.3,-0.497323999224839,-0.378215545902298,-0.402702687307695,0.646920071248342,1.16844270560565,0.542646080195389,0.246412498345982,0.271014335223519,0.181055308866065,0.257036320918931,0.282687101290882,0.166630137220819,0.28168287655343,0.32790642467064,0.170781385286034,0.468150554948196,0.43723680302903,0.303054832871366
-1,-0.5,-0.2,0.25,0.7,0.3,-0.557953426731831,-0.43973396264393,0.231974788557732,1.28587642168665,1.46951861244339,0.672992181436684,0.242304992157562,0.281294860777957,0.251372158120752,0.389902535871128,0.351834165613698,0.105424644661904,0.263283192245758,0.26891768322087,0.404125758884903,0.552300167795811,0.485687332214178,0.12832197450102
-1,-0.5,-0.2,0.25,0.7,0.3,-1.34625281134747,-0.795922347081527,-0.578775669502089,1.59758490244369,1.88150942255071,0.108113719274913,0.266514765809871,0.330450603496992,0.258529751930357,0.385540772083308,0.337353967717404,0.054988979764188,0.26747350363484,0.44079359849603,0.247213731842035,0.5424307216732,0.505700212365447,0.0632673036211978
-1,-0.5,-0.2,0.25,0.7,0.3,-0.103635378983715,-0.665190900255127,-0.125047692784904,1.18553076488026,1.56387758327033,0.740531030743844,0.210376719310284,0.273863057034304,0.201600548578854,0.397489363862402,0.370437995783346,0.119306425796984,0.233206782631127,0.292347614693343,0.263697194961543,0.555470766339592,0.483837218845052,0.181188400169136
-1,-0.5,-0.2,0.25,0.7,0.3,-0.758687020360543,-0.790848015832296,-0.596495257397172,0.464792865889122,0.763592490535017,-0.131877758759511,0.213275837669105,0.252867401795625,0.202000022106859,0.181212949001585,0.183017107122905,0.208561777320817,0.244667738866003,0.272978039426118,0.185810700767479,0.301552674570263,0.252348616399278,0.408784357209709
-1,-0.5,-0.2,0.25,0.7,0.3,-1.57414427492074,-0.442031426054731,0.417637799632492,0.0468898360353213,0.568017507104676,0.00241636860422072,0.340611590010588,0.396228053155758,0.328690786338044,0.18737723824016,0.177476235698793,0.28904499523351,0.442415522864056,0.408863956457424,0.358445707332976,0.363642600450622,0.287277175007718,0.661111968983309
-1,-0.5,-0.2,0.25,0.7,0.3,-1.16667793015556,-0.813989680440361,-0.457910557757302,0.477682598924741,1.06156323172483,-0.507202480155492,0.220733409384845,0.271627879794662,0.217620733319273,0.20077654059544,0.215928451069579,0.145897628692742,0.261211462231311,0.303714094599915,0.277570071412706,0.246991140540093,0.268376616065199,0.184634986669781
-1,-0.5,-0.2,0.25,0.7,0.3,-1.03583168458556,-0.18173985128271,-0.314105822024259,-0.307671292239077,0.0899987760246945,-0.459390559250885,0.291053841404844,0.312401894219832,0.285193672683951,0.134245355669559,0.145887675416605,0.393647103116055,0.418744671170955,0.357854796488388,0.351617368167262,0.360413454262916,0.252140239226015,1.43104908608657
-1,-0.5,-0.2,0.25,0.7,0.3,-0.347548300316438,-0.502263045197508,-0.116992699320207,0.178363795246104,0.95740053237166,0.35159171031229,0.269353589786784,0.287140113827139,0.230854495647645,0.186144893806141,0.204701855502972,0.209865593987901,0.338981112610945,0.337078194442198,0.247624517740895,0.330765698136667,0.33050533001115,0.480281153768462
-1,-0.5,-0.2,0.25,0.7,0.3,-1.25008060842314,-0.0596700372154528,-0.199324600911498,0.649751260801811,1.02996495341999,0.0671352712788257,0.247917254177095,0.273622897773694,0.240923213800784,0.245808058578899,0.24470327282307,0.160076375573355,0.278653072632267,0.330122771307568,0.340478811653098,0.318010927170534,0.327123022493123,0.203457272884132
-1,-0.5,-0.2,0.25,0.7,0.3,-0.909271361174044,-1.00664871246856,-0.443688187784525,0.323712575982908,0.84271809580501,0.178796512682495,0.284813995986048,0.327143867036522,0.284472787192102,0.237907939478325,0.276086574141332,0.264142624927072,0.383216060100678,0.388409106415816,0.294670488056081,0.864854870278055,0.851790842026151,0.901067789660361
-1,-0.5,-0.2,0.25,0.7,0.3,-1.07135145170168,-0.649614612383137,-0.350268245538661,0.474234268494663,0.779170518160095,0.680984735229798,0.322039385263062,0.36631986712259,0.306093526112413,0.250981781982758,0.246721726263915,0.209745389723624,0.356212109925454,0.382120774109655,0.278520204594515,0.324813456972352,0.337802845241706,0.299153073306123
-1,-0.5,-0.2,0.25,0.7,0.3,-1.1572066504875,-1.05067378182612,-0.449293522955976,0.899040064774664,1.51908938257596,0.524813677464991,0.320294712616284,0.42018384483565,0.26839266214145,0.383539524278051,0.325316210781378,0.17684063939731,0.356198358946604,0.513591875403042,0.333417269110166,0.46463983407307,0.397018187711754,0.206911320006448
-1,-0.5,-0.2,0.25,0.7,0.3,-0.974432946892933,-0.896424753524978,-0.590807362789091,0.373814450247732,1.29203383854773,-0.560470772529545,0.225200060430571,0.301089755402116,0.216750064570963,0.17752285322345,0.201207116223434,0.142724384912429,0.246548239281604,0.303942241106113,0.208029973082682,0.215535178312928,0.244455709231195,0.165044836118083
-1,-0.5,-0.2,0.25,0.7,0.3,-1.39318527334132,-1.15471796379168,0.0701290840439581,0.131352730200473,0.392541352084678,-0.456598758796304,0.266375525005848,0.305150975174356,0.267593885889535,0.178166435534628,0.186048904129457,0.285699913762843,0.333623612171748,0.356593144153297,0.26314342190108,0.332216793531981,0.274993899182035,0.726852192182052
-1,-0.5,-0.2,0.25,0.7,0.3,-1.21859264326915,-1.05582422624818,0.0431679257450321,0.758218349720184,1.11030104564641,0.166633600636264,0.264058427478467,0.352386474444175,0.2954603486793,0.306880734724408,0.285638975861592,0.183986724024439,0.290826357582583,0.461818204256154,0.289631713167484,0.43159496141661,0.357080880005127,0.282701131847452
-1,-0.5,-0.2,0.25,0.7,0.3,-1.37304927355386,-1.11186041532868,-0.176105940508275,-0.348269281029448,0.273173137672831,-1.06774922121636,0.300840791956973,0.308763104828004,0.32114491842159,0.135244733991842,0.142630168262795,0.389358365612538,0.433640828893235,0.400529048324637,0.297591046052405,0.423418381016528,0.265994297005687,1.74197665167269
-1,-0.5,-0.2,0.25,0.7,0.3,-1.27876358130325,-1.23943969937917,-0.260592004354206,-0.0235196369335918,0.446372930175681,0.00767201156729947,0.326677642143083,0.373737452233332,0.32006233477251,0.18664865018393,0.16544170455386,0.330792375939687,0.417544871581416,0.423476592106499,0.362159673508675,0.325311953067801,0.230739721839193,0.755020301476364
-1,-0.5,-0.2,0.25,0.7,0.3,-0.829615414381957,-1.05358138601238,0.249832260299647,0.274020302138253,0.910206781121843,-0.0557103511842462,0.24608766769204,0.334129549487848,0.246071815635912,0.218315830822555,0.25260004661871,0.243197332464499,0.297836517158,0.50050913269267,0.342698037176679,0.602781668281502,0.599258692265462,0.60544856941211
-1,-0.5,-0.2,0.25,0.7,0.3,-0.51103560477712,-0.566492384342668,-0.385457035450611,-0.0464143887116761,0.350650206187602,0.067913538954504,0.253418985891745,0.24889246289276,0.255947110775989,0.146411373051063,0.148313920879479,0.288130849368906,0.338781302424007,0.299285308625986,0.306187201420866,0.360043835186211,0.223498999430908,0.974838023610036
-1,-0.5,-0.2,0.25,0.7,0.3,-0.554972502254028,-1.07556870048554,-0.833901737399951,0.762996550739905,1.10419379165338,0.235553255692639,0.220267173545326,0.269567609578608,0.193068263770912,0.178836670963511,0.224416602563928,0.161261164772133,0.255944351836507,0.309943793217873,0.327694303221355,0.320509225188506,0.285783757697038,0.214528786649088
-1,-0.5,-0.2,0.25,0.7,0.3,-0.943600155802261,-0.624699556321799,-0.0174373691599925,0.179994297987948,0.715038704364004,0.0778636794455882,0.279479373981851,0.353818549813287,0.287206220926024,0.194706210725388,0.196036817006798,0.2347866164828,0.340498007850759,0.377322302903659,0.401961027052688,0.303121855290473,0.305720944805274,0.384087908507753
-1,-0.5,-0.2,0.25,0.7,0.3,-0.997886232686198,-0.299664239237689,-0.360343966155449,0.438435858104273,1.06073928673094,0.678279061282584,0.324324444678844,0.373688852837605,0.320916169637173,0.254231468308229,0.230348665860892,0.232695845238388,0.391271074957901,0.447699341733949,0.295646477285422,0.401817767713864,0.322669568479249,0.322589598959901
-1,-0.5,-0.2,0.25,0.7,0.3,-0.879096006360222,-0.425510016304787,-0.0179736774261728,0.230642857666634,0.560336267616211,0.357135169248875,0.275305432370793,0.309878914649874,0.288108828996917,0.184935725214774,0.169823646030434,0.22351956832626,0.313285139153997,0.345880636855102,0.232052038539098,0.254497124095116,0.195682544131177,0.354789373264915
-1,-0.5,-0.2,0.25,0.7,0.3,-1.23280298338413,-0.37207399737053,0.159618163145451,0.381679107818793,0.388315572426278,0.979456242037338,0.347650058857451,0.380839203745521,0.38972436209811,0.256851130496922,0.262761388703962,0.264968108438692,0.445512031451901,0.433333898578027,0.479594596482188,0.598671077464752,0.447668913185984,0.65891879795102
-1,-0.5,-0.2,0.25,0.7,0.3,-0.969693881795,-0.565735657846466,-0.246119754884517,-0.309185729822633,0.219205940776504,0.190880590824578,0.327427747369743,0.376634442612884,0.353647172975951,0.150681148219706,0.16073370199319,0.366620276997036,0.446776554044919,0.406778913255796,0.370595420318025,0.314048194841565,0.284780823401121,0.931375871023389
-1,-0.5,-0.2,0.25,0.7,0.3,-0.195718045326218,-1.64546952869207,0.387867744554782,-0.102236237802849,0.629056944217765,-0.141839737775157,0.270476623506597,0.332509487390011,0.256642589620829,0.161122813815105,0.145966057745049,0.301866248542464,0.335852783317763,0.440699621609991,0.277121285208382,0.43209947841521,0.255356153397797,1.00235558767009
-1,-0.5,-0.2,0.25,0.7,0.3,-0.963965324931353,-0.550748666980076,-0.0104790356374827,-0.00537874839719178,0.768361364817177,-0.161153682745425,0.286384140796975,0.313931550551819,0.273739929922366,0.176641889005447,0.172589094206519,0.245560644538196,0.347708268125102,0.437638240413969,0.291562918904807,0.423982652660993,0.322412641410896,0.605206479977481
-1,-0.5,-0.2,0.25,0.7,0.3,-1.21537978516959,-0.0533965695908733,0.00471126256785698,0.173726065641,0.513759920810147,-0.330913325589341,0.233090022417186,0.236994455480584,0.210497432492355,0.153646791443017,0.15809880882371,0.227037106503025,0.293321143338779,0.303795742778831,0.291794626509492,0.232590315824509,0.219087092248924,0.413069111545657
-1,-0.5,-0.2,0.25,0.7,0.3,-1.0668646871711,-0.731540927819798,-0.589385830666476,0.630969013444703,1.1130744932546,0.66213862670177,0.32380460588401,0.348520643534628,0.291466646479524,0.298765352268876,0.311379511157447,0.202102640109809,0.361915805169778,0.401561893049099,0.33847825274277,0.429803722638704,0.440334771863059,0.25152397764489
-1,-0.5,-0.2,0.25,0.7,0.3,-0.902298182126643,-1.17312012929973,-0.899129419168255,1.01414128736891,1.49954326886757,0.113284361958411,0.253782798239635,0.280925381899147,0.230525956342524,0.291561296169002,0.287795618511537,0.102661597553419,0.33402581125734,0.313045202256252,0.373303504447088,0.377646793511812,0.382045139234551,0.139420702585731
-1,-0.5,-0.2,0.25,0.7,0.3,-1.29543087213072,-0.244470143988314,0.203723260496439,0.213633471073481,0.530732694727496,0.444740041000806,0.313137104377916,0.319578156969524,0.314742255255261,0.211480678205305,0.21723616628365,0.289910552678807,0.369696839833239,0.34779113076089,0.279332766662317,0.389944513832937,0.350753516235764,0.533163004383659
-1,-0.5,-0.2,0.25,0.7,0.3,-0.92536826237951,-0.811098838143161,-0.136128588944581,0.087128307327552,0.607131884540063,-0.0721649936296918,0.267687318138743,0.323216463219912,0.264166098908244,0.17492870403494,0.163696698771217,0.298447420341366,0.37482192974457,0.384155118135648,0.272015795135916,0.692342998193878,0.510723546732506,1.03410832388731
-1,-0.5,-0.2,0.25,0.7,0.3,-1.35859713351428,-0.332900501044964,-0.471938455303519,-0.217374557927593,0.477939036333216,-0.342579020648809,0.307508844952997,0.291188443892454,0.308157849143399,0.153538015424403,0.158454902773938,0.334333313610597,0.399549125647386,0.466013925158011,0.303972586815285,0.279734873765404,0.20372831702217,0.714318962684531
-1,-0.5,-0.2,0.25,0.7,0.3,-1.16636367279285,-0.384180616807732,0.121998558015354,0.146159359855357,0.623873565629335,0.01199557057758,0.300607040398219,0.338205408608915,0.26488763079841,0.17943127521017,0.185881580171024,0.275046464988999,0.415720085094498,0.393116018722525,0.244150302263367,0.285607392629172,0.328256404015566,0.476049565883719
-1,-0.5,-0.2,0.25,0.7,0.3,-1.17572060426754,-0.427667084230798,0.0403356691413769,0.0185684756022026,0.850652782140579,-0.215422313433707,0.292881253501578,0.321090940383628,0.248287910610356,0.17493021644019,0.180989711024796,0.234029726994023,0.371909658937697,0.445916125039822,0.251670258899917,0.233379298964619,0.209197592778759,0.397674770985285
-1,-0.5,-0.2,0.25,0.7,0.3,-1.40590376391649,-0.321473401042017,0.066634708252504,0.759885884504149,0.458336645081025,0.116746493171432,0.247164601635988,0.261322524959953,0.251256113995018,0.223641036178921,0.227038561502502,0.19632712841497,0.26740736761395,0.252109027091998,0.292552576182378,0.312725920366589,0.307096705609806,0.287847924236451
-1,-0.5,-0.2,0.25,0.7,0.3,-1.2423205886853,-0.947671990754077,-0.790302556593007,0.166104719897715,0.924014563170331,-0.0905438193961855,0.325471770173085,0.357191276417955,0.287715640403045,0.202946299042114,0.211224089006947,0.231397862304911,0.390812333855288,0.446642786751199,0.275594299506556,0.244186694165652,0.278963862043414,0.287168334051722
-1,-0.5,-0.2,0.25,0.7,0.3,-1.28017418035934,-0.476993227555306,-0.183123774784102,0.846079285461175,0.954889985406944,0.331340951479848,0.277039309581977,0.321967529965064,0.27940074428068,0.306882021841157,0.310376093518065,0.211730405748444,0.30231898534679,0.329025938455578,0.297866863180923,0.723048359889237,0.762175619757013,0.266208912413826
-1,-0.5,-0.2,0.25,0.7,0.3,-1.32390054189942,-0.299114365977467,-0.475178604536469,0.693948397526311,1.12674563001614,-0.386728540395578,0.221951190395466,0.23646646065326,0.174255175120064,0.228260053351389,0.239883240355593,0.162726926865686,0.278405572409683,0.279647395880867,0.229167673276323,0.317749589989026,0.278662059470889,0.280800700233688
-1,-0.5,-0.2,0.25,0.7,0.3,-1.24745188380668,-0.641980130266603,-0.519379414589928,0.376436763203463,0.720304388490716,-0.0279400665943245,0.270625280442032,0.311445001884489,0.227287536621209,0.202339013029382,0.204255362232643,0.243151798254276,0.326082640226493,0.334170388853533,0.251753554892829,0.296807239866753,0.242644433705132,0.461133020239892
-1,-0.5,-0.2,0.25,0.7,0.3,-0.904062263495805,-0.863641521383784,-0.373348160399105,0.215285529823589,0.896044544026052,0.162104729724881,0.301799697750119,0.348918317686769,0.316166003467939,0.206466955279057,0.200642635889802,0.220628936017011,0.351583428511875,0.402735994779525,0.284484688185013,0.313432769965268,0.264386990419407,0.427913602616517
-1,-0.5,-0.2,0.25,0.7,0.3,-0.64663542540752,-0.500978921994333,0.397820585508823,0.125319760820544,0.861743818990346,-0.220368155168459,0.249200073933727,0.26546779789451,0.195917269423254,0.156113253548022,0.160198796843053,0.194386080491064,0.309752399910539,0.328809751369191,0.225711157134884,0.317169975234777,0.274444901228417,0.568387102734877
-1,-0.5,-0.2,0.25,0.7,0.3,-1.70232341861759,-0.604047247342011,-0.5733889142785,0.127362513082651,0.28337279384207,-0.213355070307772,0.295606565797983,0.290161480286187,0.311215998889359,0.177275552338672,0.17409660528487,0.29142575577932,0.376256998763128,0.314559008743656,0.277254045545081,0.300635519886411,0.180056393746269,0.707037389017514
-1,-0.5,-0.2,0.25,0.7,0.3,-0.680155371325332,-0.749828162556366,-0.212235504960158,-0.0778668471215215,0.835603924790517,0.103797950214133,0.316629575934391,0.397745643551385,0.29397461849273,0.169942875218333,0.169868901434037,0.26503730425414,0.395559596389702,0.436665359114024,0.378275951261212,0.302153758913874,0.252996643871591,0.523251139112969
-1,-0.5,-0.2,0.25,0.7,0.3,-0.736038673186798,-0.0903955981244717,-0.303323841553781,0.277860017736655,0.814918889753056,0.276374953550072,0.250499873054438,0.276003216787999,0.20388728742253,0.176197839626652,0.175026651525822,0.206919190415158,0.318118548515629,0.315821706552933,0.211461459977205,0.342407103036475,0.26501486055614,0.466023429566897
-1,-0.5,-0.2,0.25,0.7,0.3,-0.805027304737749,-0.947918913260199,-0.149233926745199,0.664745457011139,1.29681924947067,0.310020647603438,0.266388262147558,0.390651843406355,0.250432323827669,0.303162760077056,0.257908593131623,0.16489051641261,0.295648630371307,0.451705438314077,0.243545135611423,0.412386025148896,0.342829243959661,0.234174632864379
-1,-0.5,-0.2,0.25,0.7,0.3,-0.894470643796867,-1.21028815917094,0.426977895570854,0.0860892760815394,0.670856559131069,-0.172977893521715,0.284386052148639,0.322002810251871,0.290971083268064,0.192144870334955,0.199677201187667,0.267596545206088,0.336757035026805,0.378883953853991,0.265519948847234,0.340822429366675,0.319750134787826,0.532263489247051
-1,-0.5,-0.2,0.25,0.7,0.3,-0.786087784352975,-0.557407459393634,-0.263498386738331,-0.179344374041881,0.356002211013187,-0.398189301159277,0.263873317756991,0.263223709714059,0.260995552602625,0.135520694412588,0.142549554075336,0.338385177212016,0.382725126340611,0.312392325327488,0.261775144895627,0.36494518619284,0.189310277081243,1.32103882055164
-1,-0.5,-0.2,0.25,0.7,0.3,-1.16064325336876,0.178209615422288,-0.795778805024855,1.31382202268113,1.27554122215253,0.461531314165993,0.246114919941615,0.100622213385374,0.119176804524068,0.370261359988412,0.347430340007531,0.0512769894530428,0.282048884547515,0.227575507000796,0.138179280827718,0.492986474695002,0.418545233749916,0.204332504593771
-1,-0.5,-0.2,0.25,0.7,0.3,-1.10146388378144,-1.39626755933007,-0.88496416246935,0.129796476025514,0.440831102738711,-0.167662105383168,0.277584862543345,0.306247659797904,0.272700227783446,0.16127970528134,0.159564903562342,0.285359864582796,0.328796617749236,0.371358029013568,0.312450768804198,0.278477482330726,0.24177598637175,0.516865787898639
-1,-0.5,-0.2,0.25,0.7,0.3,-0.477052728793964,-0.849764226798302,-0.60267146924517,0.169416068893268,0.632895801542614,0.329763459370315,0.261470571348123,0.278715886489437,0.23164719097027,0.175597441319969,0.184042512907689,0.246542909794096,0.306363988763035,0.370089574780011,0.273219834572405,0.28382127565802,0.302724701373694,0.427222659646123
-1,-0.5,-0.2,0.25,0.7,0.3,-1.27614335914253,-0.616676559182796,-0.377872705363629,0.156711969544895,1.00835034698905,0.205546575539822,0.335815802041907,0.384697760261166,0.353907180806286,0.213023402155543,0.200097236681659,0.246107401669924,0.400446188443369,0.63496386910758,0.256647047671378,0.338008556365034,0.319989989056813,0.313607402053216
-1,-0.5,-0.2,0.25,0.7,0.3,-0.77395839219517,-0.35302965714635,-0.824699138198255,0.101709437530656,0.951184914994902,0.102311648234876,0.299104333823708,0.251002385115645,0.224253107667236,0.172984319606419,0.177529255976093,0.216996033830449,0.365190051328562,0.305223495093264,0.257788618384452,0.261035267286019,0.225195429474475,0.349660300297295
-1,-0.5,-0.2,0.25,0.7,0.3,-0.960398428230983,-0.113845845008867,-0.105652683192279,0.492081171352415,0.872223951127279,0.638427862738498,0.29647950638917,0.336684417086583,0.260234747269593,0.228883887996563,0.230575510221939,0.193009872196049,0.328351530292896,0.366549700300193,0.238537683660132,0.281465856016584,0.303864277753039,0.258769322298142
-1,-0.5,-0.2,0.25,0.7,0.3,-0.808281650789288,-0.185430620281593,-0.224724978404445,0.353417911795859,0.556963524990086,0.117610095011088,0.227010292242193,0.217916464342904,0.213425054526462,0.179535568044956,0.184962706333149,0.233004634269558,0.385488963036748,0.285395289488464,0.192341282499099,0.649794183125116,0.414392939150929,1.1039085945008
-1,-0.5,-0.2,0.25,0.7,0.3,-0.732498346405425,-0.433634109599811,-0.279078903153271,0.880806815922577,1.34778254091865,0.904443547871522,0.302784722488069,0.36387174500002,0.265601180103948,0.351809145587022,0.333722291966437,0.145855131905517,0.321234008294629,0.362181992013938,0.272828542797771,0.451408386309673,0.424459096854854,0.197845609364814
-1,-0.5,-0.2,0.25,0.7,0.3,-0.489006786273025,-0.508272692652935,-0.344086387388579,1.15664206469294,1.20579234944998,1.0030000532644,0.253632177266787,0.284067972869034,0.246445504695947,0.367156673094039,0.367028329899109,0.142231156091778,0.267264313334472,0.340004208428041,0.276644908956343,0.45866354808723,0.454789481894354,0.17918969387425
-1,-0.5,-0.2,0.25,0.7,0.3,-1.21266612619032,-0.322761808609394,-0.324814288507348,-0.114653808384372,0.786409917737288,-0.230488349653439,0.321178483274585,0.345106411051631,0.219971117871851,0.175228219688922,0.177279993408307,0.244000055759423,0.432238442399746,0.44176812845786,0.278776759997571,0.371804072049561,0.323929449560025,0.630250967656509
-1,-0.5,-0.2,0.25,0.7,0.3,-0.825985538655113,-0.601801784334288,-0.324293657908512,-0.358649821669634,0.105271943316121,-0.0925757819637551,0.316189716989225,0.319859451681201,0.307287678689185,0.138242667609222,0.139054590822397,0.400729717616032,0.433528467724486,0.391046474952419,0.362566699303355,0.315780051350719,0.201349385891205,1.26908345685327
-1,-0.5,-0.2,0.25,0.7,0.3,-0.561622875937372,-1.38565943687666,-0.361747257958953,0.186387635575525,0.777839591914511,0.828057588763304,0.330568868914377,0.359135153186479,0.339658589773785,0.228819916309172,0.216629188766305,0.269154282490184,0.37213300693403,0.48910040891556,0.29355554179342,0.344380410894194,0.322883531836944,0.382606823638932
-1,-0.5,-0.2,0.25,0.7,0.3,-1.51467663867799,-0.249701889327589,0.295171064050869,0.220269455806401,-0.287523192607135,0.529761186552273,0.319358536266423,0.328211451415479,0.279444795239229,0.197321180856182,0.209005507981242,0.269948220239218,0.397160320425583,0.334335206924846,0.311470508805678,0.440988924641858,0.445341408767834,0.619405295272455
-1,-0.5,-0.2,0.25,0.7,0.3,-0.912658247392339,-0.416128161485109,-0.177472511860512,-0.0117848912072143,0.472309071801339,-0.175884699497718,0.264734160349821,0.29220566392533,0.23694888600201,0.152936119472172,0.157423657566914,0.264747979077008,0.383682861467526,0.357913077062204,0.306690973596866,0.308330762577722,0.24026097010881,0.789068591005252
-1,-0.5,-0.2,0.25,0.7,0.3,-0.517547863751388,-0.216629680013438,-0.254395624198237,0.834945084309436,0.894777249815404,0.941916066409891,0.244720456045443,0.275089270505674,0.235445884697558,0.283757297775079,0.247349935581214,0.16739768767508,0.27140784471462,0.339136378017057,0.271027306087987,0.454853018143732,0.39337081500096,0.220477606845357
-1,-0.5,-0.2,0.25,0.7,0.3,-0.82794096446182,-0.437298176510457,-0.284059835768798,0.192563541871002,0.618062979178128,0.904049755138832,0.323714622749213,0.334624825652855,0.33120778823538,0.210562638493473,0.205080522072902,0.277792501571677,0.380751148924327,0.398672918451387,0.252520582861788,0.410803288739059,0.306639942761481,0.5520113687973
-1,-0.5,-0.2,0.25,0.7,0.3,-1.16777849130646,-0.0890087660368462,-0.147411315859715,0.341708510528774,0.433776851172637,-0.158363432424534,0.223386396662087,0.233270104531157,0.222467769167134,0.173121805352832,0.177120227502842,0.219509358330174,0.274709883321903,0.244707389726862,0.256732667260144,0.273773605020838,0.203582960596471,0.465066481195211
-1,-0.5,-0.2,0.25,0.7,0.3,-1.34637319801372,-0.643968882900815,-1.03714767975066,0.334757929227823,0.867601330588781,0.393449030955732,0.333584612502469,0.327704274631063,0.245485445363024,0.237177573357726,0.207512792731411,0.250494717193028,0.391044740027872,0.386279443624437,0.330379405442372,0.460963847105129,0.380775104258852,0.432832286239792
-1,-0.5,-0.2,0.25,0.7,0.3,-1.08997495105258,-0.748932396822557,-0.291726211970681,0.469597360637419,0.736718294262893,0.427405308206883,0.301846829214081,0.336846107995926,0.313113525592506,0.229802774778352,0.222950685804804,0.241915744828663,0.341974306201644,0.333247694097365,0.47920994864777,0.327840570205439,0.314918112017088,0.321436697385935
-1,-0.5,-0.2,0.25,0.7,0.3,-0.709956454896167,-0.481569577440468,-0.311195006177694,0.472297682558743,0.906692477436307,0.61740290576359,0.276239241070348,0.318757442044047,0.285336724713335,0.237811225485098,0.24803548861527,0.226855026298825,0.34639247351224,0.339699190043247,0.305073576890148,0.456343741483596,0.454933645735826,0.386040602778427
-1,-0.5,-0.2,0.25,0.7,0.3,-0.735613319277792,-0.269115756000869,-0.428023191122039,-0.153642682604762,0.381035113080977,-0.160820899759738,0.277329394400518,0.281738977457728,0.262328962708863,0.137021213065871,0.139860966317708,0.327783100407601,0.353763049016061,0.340746506992051,0.258523675271217,0.317019333024275,0.210601976815917,0.880402437291198
-1,-0.5,-0.2,0.25,0.7,0.3,-0.786564020306058,-0.723314412378297,0.180272662532268,0.802145615154729,0.828653116852369,0.679640223924241,0.257057386293117,0.290920939523761,0.249073412847181,0.27891451561897,0.27032539828557,0.150749009513738,0.271715437238658,0.359295353729072,0.279993887725142,0.407635786654169,0.414030857990399,0.179596050147603
-1,-0.5,-0.2,0.25,0.7,0.3,-1.55144096451602,-0.567190855072721,-0.366363957003271,-0.0156554202829952,0.825896020410708,-0.243973629502498,0.328154221577462,0.387573722854108,0.325516276721399,0.19302708065869,0.198190245616122,0.277447595348755,0.430764829069086,0.447123266938863,0.526562717778483,0.279544748022135,0.294121443781387,0.521869731666228
-1,-0.5,-0.2,0.25,0.7,0.3,-1.18462453048912,-0.405686202631937,0.308688328787152,-0.0747747898205747,0.035055680323828,-1.51536087677848,0.200813301996885,0.208867459185702,0.208150649784333,0.112787753820446,0.122420869558467,0.361700192870051,0.269613692285119,0.232260175007868,0.251211019631266,0.269554947661032,0.231669570904534,1.18390331047953
-1,-0.5,-0.2,0.25,0.7,0.3,-0.993546577402758,-0.403864402595016,0.0218203068088288,-0.0690461573798174,0.368335040663608,-0.510241208351606,0.248541179337534,0.256328676386525,0.230188246113577,0.141166847932233,0.142887742653954,0.303580174524821,0.328195333015458,0.312619400080979,0.2891940049568,0.268795266714336,0.190970390045522,0.773077616224476
-1,-0.5,-0.2,0.25,0.7,0.3,-1.22157129012066,-0.914445148714756,-0.242298539840594,0.0289433093957903,0.284614301110383,-0.239556788436634,0.271076670825312,0.277851166585088,0.272740856353935,0.167147919475372,0.1718495435484,0.291124504009796,0.344867515812567,0.35236275392038,0.257600225503056,0.401272500660339,0.325399366935643,0.833835971794322
-1,-0.5,-0.2,0.25,0.7,0.3,-0.743282975708504,-0.35588490235261,0.0697308987014584,0.404000884006271,0.804403916181548,0.537566122940854,0.257158165651467,0.293044170461424,0.246286300328514,0.215599246244269,0.222327270997525,0.197824059035414,0.290685498024788,0.427757004861779,0.307018084473351,0.304814298545431,0.327910274543674,0.259452901556305
-1,-0.5,-0.2,0.25,0.7,0.3,-1.10642200053495,-0.361465533093505,-0.498851414479968,0.739595939222128,0.971909498885846,0.298598111881454,0.276418166472083,0.29927013494593,0.243403057284592,0.269998735894507,0.246917183674969,0.146299154167808,0.305383529493591,0.329362544550072,0.217618769700216,0.324615334888745,0.300584561679681,0.203739078222081
-1,-0.5,-0.2,0.25,0.7,0.3,-1.09791113029075,-0.433649906425644,-0.242063485474045,-0.159481845230721,0.305951055154409,-1.62198933285937,0.218786839054656,0.220650784045231,0.205724005566575,0.107720921569846,0.11060036200314,0.357179274065722,0.276236133620742,0.266805869949148,0.237658073293912,0.206085971467606,0.133738933556884,0.907506313288057
-1,-0.5,-0.2,0.25,0.7,0.3,-1.34082885746536,-0.172820941501137,-0.627205061725375,0.0548143601928045,0.536167682876237,-0.0501392761379455,0.301960444944539,0.27994378685135,0.279550167282445,0.179017989100893,0.19142427834324,0.271031562584434,0.402704049229255,0.304682583284778,0.358688176642675,0.462147869309647,0.41227034119644,0.816056302746793
-1,-0.5,-0.2,0.25,0.7,0.3,-0.58327961067665,-0.423030569088513,-0.199669079046759,0.49598939091597,1.19665330541534,0.820235912349087,0.297916321047005,0.365248365055199,0.29581322572202,0.277406384522431,0.26357578075649,0.161790920946502,0.345207946144326,0.426424747603682,0.409794286725635,0.314538806883169,0.304330848738689,0.20323879084037
-1,-0.5,-0.2,0.25,0.7,0.3,-1.25874405938927,-0.401416197782954,-0.458970097489389,0.194029647395324,0.781411975151272,0.12112009729978,0.289878759126328,0.307993673654162,0.312802283683654,0.211668268274313,0.211723614967658,0.250528054233679,0.373764422194912,0.437232786565019,0.357420480401712,0.45638220623174,0.335221256049097,0.600563001593626
-1,-0.5,-0.2,0.25,0.7,0.3,-1.40349265137222,-0.215090085713708,-0.157913585090347,0.704926148024338,1.01723139180217,0.381582281782593,0.293424586291039,0.333054609773317,0.31341507574593,0.309442858980727,0.324146376852323,0.18614296166338,0.331699916048351,0.433599947360141,0.323700063894757,0.409073081993765,0.399894570059954,0.289509246047279
-1,-0.5,-0.2,0.25,0.7,0.3,-1.13485466088243,-0.841952832436268,-0.457779302727191,-0.262669352137635,0.351733743538466,-0.413046999183569,0.312153394751453,0.334626472303473,0.343868816890742,0.14369899703459,0.153085889161239,0.380661920370875,0.401463937406822,0.374582540793158,0.304802252658887,0.253289678679726,0.189763659588977,0.906276344456573
-1,-0.5,-0.2,0.25,0.7,0.3,-0.427788410725081,-1.17293889052403,0.0385060894373694,0.548440028457007,0.972221510645951,0.569914220811366,0.251545435541423,0.344354184450071,0.245857470456309,0.23595798613001,0.224609220762047,0.230297715750824,0.305233220174047,0.386262807293129,0.299596226564392,0.306741689937839,0.279053970114719,0.393633593551883
-1,-0.5,-0.2,0.25,0.7,0.3,-0.451339188693322,-0.832591940784553,-0.0814245582852607,-0.184317732986277,0.817277895630685,-0.0150324421507367,0.328220524551947,0.350698028767838,0.267562450662285,0.157719345647328,0.173152283415025,0.27774609527548,0.417479697864639,0.405831251474163,0.275321569472801,0.252803916517137,0.26062529328626,0.508349844715038
-1,-0.5,-0.2,0.25,0.7,0.3,-1.1104409724572,-0.891710923699744,-0.0873629285310688,0.537257287471961,0.657921420985016,0.680192173169905,0.313396590147805,0.33661292080186,0.300386555466921,0.263263208274919,0.233041098920516,0.22310633037834,0.354129611971342,0.368791391711081,0.315551696781689,0.523631645492559,0.36583256850312,0.483094030259132
-1,-0.5,-0.2,0.25,0.7,0.3,-1.29507667107111,-0.413266484083721,0.135838561606734,0.34145822332214,0.904851388892885,-0.119539660993427,0.273847194312614,0.314935899598974,0.29622135333266,0.215087125610341,0.244958645219124,0.221109513869364,0.342792455604269,0.360559998537524,0.227634096323869,0.302798754114838,0.309180687371069,0.39817171002662
-1,-0.5,-0.2,0.25,0.7,0.3,-0.331047163232422,-0.505186774107409,0.279861605033166,1.56693101351931,1.6837697187856,0.771737963874035,0.23292017601236,0.260820492441977,0.236542162327967,0.44431817978789,0.393784718398017,0.0528873031163867,0.252556211272159,0.285884876050273,0.234412446006555,0.627468595556294,0.609011474989167,0.0589903999229331
-1,-0.5,-0.2,0.25,0.7,0.3,-0.687693391604183,-0.403556691068706,-0.255664219246567,-0.0185954315716036,0.872915175735067,0.287001119936251,0.305016366821506,0.303573370589157,0.259099248117447,0.176768627523968,0.199982146012987,0.258788410676066,0.390782687814493,0.372328479569784,0.312077407456017,0.255525921005533,0.267751629114084,0.41382509633103
-1,-0.5,-0.2,0.25,0.7,0.3,-0.850471618053473,-1.00215901566703,-0.37692565539967,1.07928877911213,0.923005404801788,1.02941108140265,0.306748106619672,0.332535149321589,0.288136395282548,0.395842111386369,0.369957145089406,0.128847069697691,0.324825594256489,0.37823090235899,0.339846458017799,0.597005407971382,0.585795006406485,0.150155359231495
-1,-0.5,-0.2,0.25,0.7,0.3,-0.597372664057099,-0.431795141210655,-0.633244339612048,0.744466073348565,1.16846549182787,0.675374723354625,0.258503662502499,0.286325981931549,0.225791978004377,0.276554862641561,0.274763784865518,0.140052617072718,0.281065025718466,0.31536000700522,0.239507607293281,0.417761584660794,0.408333462326453,0.163692841114739
-1,-0.5,-0.2,0.25,0.7,0.3,-0.997872745316973,-1.12643208207608,-0.570787005389871,0.30531759617044,0.829588539831236,0.390556330817477,0.323511939557799,0.37483863538207,0.329611670250111,0.219365162340162,0.220101145003885,0.253795804245719,0.379309516648982,0.405310072712002,0.342492976145674,0.320762471401687,0.345394142834197,0.381913171520545
-1,-0.5,-0.2,0.25,0.7,0.3,-0.628563723774013,-0.45246081894353,0.0689242006754489,0.252098721760574,0.3519532861325,0.362118855138261,0.229158146674041,0.248491027962391,0.225822050513179,0.170123878298065,0.191195337239987,0.246725696164578,0.309889602141048,0.269579958832951,0.213987648248148,0.328965347251844,0.240151366638225,0.63363797475911
-1,-0.5,-0.2,0.25,0.7,0.3,-1.52771183837127,0.0643253708236138,-0.403410844347922,0.96497988352739,1.40794326497313,0.26022108094038,0.307073731174338,0.318016643185159,0.31155704846394,0.371672556262568,0.321233924895573,0.122261617578653,0.332350952153702,0.407828919832744,0.30834610465679,0.456729133083879,0.404413533017414,0.132509680127004
-1,-0.5,-0.2,0.25,0.7,0.3,-1.06386044502855,-0.331196048905074,-0.0623338319118187,0.752630640787044,0.778878629010845,0.198269465978919,0.223626555455744,0.262284973624827,0.236339869306661,0.23344590246205,0.221837568755362,0.159885603683322,0.241302972478038,0.295435621163688,0.267026509968721,0.298782415556529,0.272414246199558,0.228771906261309
-1,-0.5,-0.2,0.25,0.7,0.3,-0.673053462137153,-1.2274984459619,-0.462003017986393,0.258281880797622,0.700896845647962,0.477704271351601,0.287691547482692,0.336167008655034,0.306846858900427,0.207069800346911,0.217335676861941,0.243236743749189,0.345582497530246,0.372464975583984,0.47648736171232,0.243057864238138,0.259810144684457,0.392856103062487
-1,-0.5,-0.2,0.25,0.7,0.3,-0.879236834510045,-0.209669987974683,-0.439294344893219,0.628151350845322,1.39487137795633,0.411587622759502,0.290276037635094,0.310469861662098,0.257522075617764,0.266087209811038,0.299579163373035,0.165415640431221,0.366693804297788,0.332811072579007,0.350406245326521,0.376391340261541,0.448362111543507,0.242468181420206
-1,-0.5,-0.2,0.25,0.7,0.3,-1.13519890622168,-0.775212757068219,-0.475520825311268,0.189301660519497,0.64081405906072,-0.324317062487967,0.253740026643678,0.294275233558988,0.262575212743155,0.18002734196122,0.178112774926324,0.254078842174974,0.304339799145189,0.346309437599676,0.333460593847088,0.259921116380182,0.212690669496746,0.454540470303665
-1,-0.5,-0.2,0.25,0.7,0.3,-1.07737871996564,-0.629502726934568,-0.139091598679119,0.383706732938322,0.839417415832266,0.462592738700649,0.300598570518758,0.35941857275329,0.285527100169903,0.226570400715504,0.216038697746168,0.205127170422323,0.347744347259598,0.467315239541504,0.384082129907293,0.291263660571595,0.269387811671355,0.280103475263165
-1,-0.5,-0.2,0.25,0.7,0.3,-1.32762848839898,0.272685896881446,-0.319230703792478,0.196148890101123,0.378757995542498,-0.846715953795721,0.198768135730351,0.187330103189001,0.188298836456542,0.131211300606937,0.128812002261355,0.272425888656103,0.283309246270289,0.22341223096709,0.187836303044505,0.250322889102869,0.140536457722485,0.668113916465823
-1,-0.5,-0.2,0.25,0.7,0.3,-0.875436911195287,-0.563772605151868,0.0423249463923313,0.771935598261384,0.916438139621951,0.45872523320921,0.250777055829996,0.300287096275774,0.265247201117665,0.273621622384854,0.263095947704824,0.195419817033973,0.277322894821363,0.315214473578333,0.36061624112493,0.380361320578307,0.324364718500027,0.32568328877497
-1,-0.5,-0.2,0.25,0.7,0.3,-0.868554087275758,-0.893698815496477,-0.495920370617378,-0.0743451512121586,0.608120293210238,0.050668758080398,0.302560423769085,0.329379157674284,0.293660176693457,0.172613544704086,0.182260102781451,0.291254380292213,0.369943243298218,0.446553782145863,0.39616933795365,0.314611721859301,0.266191259831727,0.585686002224409
-1,-0.5,-0.2,0.25,0.7,0.3,-1.87613736444615,-0.276292321451304,-0.721289296960443,-0.39445203740298,0.132694166049526,-1.77275711678665,0.29632310751191,0.289112376288792,0.283740317255073,0.122121991888674,0.119881302387125,0.437297808996063,0.443549875519797,0.339440155948504,0.382130683437702,0.407179689671951,0.213463819101386,2.1102634653893
-1,-0.5,-0.2,0.25,0.7,0.3,-0.754080694453162,-0.849173224074765,0.123498224804957,0.46768337990114,0.860671432449653,0.0681700104920269,0.236318927286363,0.278966726347188,0.235001134077433,0.225512577736922,0.218554374197744,0.20644059149928,0.272051178855376,0.308449384602064,0.316503239760713,0.391685549221371,0.28859310771368,0.410428921075655
-1,-0.5,-0.2,0.25,0.7,0.3,-1.12432861279569,0.117296049616656,0.0790832798091252,0.738183444028426,1.21637815576972,0.21340146066652,0.276723814655056,0.273692730760674,0.18998416772062,0.247294015045377,0.257767826305737,0.125683238027641,0.33400218996045,0.340395231703806,0.190836989164374,0.282109930202047,0.34617420391142,0.153535349773604
-1,-0.5,-0.2,0.25,0.7,0.3,-0.529099874240231,-0.671443210899126,0.100547982832198,1.22097719953027,2.17248046982889,0.831925898027116,0.278028518480609,0.37068367090461,0.270788486919959,0.39781766326336,0.392988449999352,0.0559767851586921,0.310187439202027,0.434562930965833,0.28823450271826,0.467405387848186,0.508304778079015,0.0595234774415819
-1,-0.5,-0.2,0.25,0.7,0.3,-1.17885762107338,-0.830283602304768,-0.335271814953129,0.376261830849125,0.561551095541284,0.0757652201849411,0.265874970719061,0.324748041127657,0.236131629848131,0.210346906069774,0.184488993632772,0.235009699809954,0.330797092737838,0.338154433324874,0.241967033351105,0.363278991733116,0.268388249082935,0.479099698370438
-1,-0.5,-0.2,0.25,0.7,0.3,-1.10193845399161,-0.660547878675147,-0.315666402299233,0.137151077654447,0.735659915149814,-0.0759362182900698,0.273172984295699,0.313719192482975,0.270865125687309,0.192786569007195,0.209037592755553,0.281010207752581,0.338316037197503,0.369134526768568,0.378212650706563,0.28374317483916,0.277443459568785,0.461134063979555
-1,-0.5,-0.2,0.25,0.7,0.3,-0.407461197457889,-0.756272095582337,-0.196273991176108,0.364497821497105,1.04522446367875,0.370413872080021,0.251517315962085,0.312455709710654,0.245567805066508,0.196637476245745,0.189839846481374,0.184098533887922,0.289695622478341,0.393885483853484,0.277730666267474,0.251354951224804,0.239161834254071,0.252995026560325
-1,-0.5,-0.2,0.25,0.7,0.3,-0.577092432403036,-0.99249519107855,-0.421215029558038,-0.0477572370256384,0.715697633411828,0.273290329775064,0.313642848125807,0.371671984134351,0.298754243174354,0.172223657609503,0.175380080647499,0.280627385247365,0.4055539185934,0.451853421198476,0.298489092412539,0.300017294051847,0.254417371641052,0.574491560292854
-1,-0.5,-0.2,0.25,0.7,0.3,-0.876083500520739,-0.546218136234346,-0.735003954755043,0.363326452847479,0.494578170504446,0.0653155675686775,0.232341080728424,0.23867830373151,0.202944080924444,0.174977573510005,0.170636670193572,0.205456707835424,0.266175269462736,0.276139301127535,0.234757457345462,0.325913479406436,0.267322889561972,0.3656031807865
-1,-0.5,-0.2,0.25,0.7,0.3,-0.940064515092606,-0.356431986353137,-0.72114374769032,0.62362868910552,0.778506085647034,0.131369264232119,0.218637751103903,0.234664318901216,0.161532345392113,0.205015059009653,0.202231420380605,0.159555771368686,0.25687844050591,0.24618034650773,0.173110804460519,0.316360213932186,0.24938257913843,0.326607657822739
-1,-0.5,-0.2,0.25,0.7,0.3,-1.59149280248847,-0.614717184676348,-0.860804842591184,-0.2475083042248,0.317975546315347,-0.698887741073887,0.312684052597082,0.341588670846046,0.329941266439205,0.144223235270894,0.141988722299249,0.349186872427105,0.446088913593993,0.362420667554202,0.330846313835412,0.273561978459031,0.203430162906828,1.0262948030692
-1,-0.5,-0.2,0.25,0.7,0.3,-1.80260918210764,-1.44511525271125,-0.176166703967554,-0.398222370531834,0.400156928134956,-1.35868300526376,0.333818992777501,0.348927766458439,0.332729640272441,0.151964886126583,0.159222096028886,0.409954796987592,0.576311563460167,0.514103162334122,0.332722539160422,0.66932469574173,0.4313889575736,2.8097729737269
-1,-0.5,-0.2,0.25,0.7,0.3,-1.59417526450216,-0.550093667867123,-0.387548683850244,-0.011227942222886,0.494914427626439,0.0797540984022878,0.349563829298294,0.391244937130017,0.378385309283943,0.185636195863433,0.185280993651602,0.300961849871044,0.434994239651426,0.418989724982955,0.365848976594569,0.298477067805031,0.283193527135684,0.564154339451658
-1,-0.5,-0.2,0.25,0.7,0.3,-0.699055481797049,-0.481979876177553,-0.359278759935997,0.52434589862998,0.570351977246155,0.552797645597689,0.246736418007189,0.26556858675726,0.232184427975423,0.218712111210888,0.230164534857852,0.229596697183527,0.351284032751049,0.257184606577636,0.253476645334719,0.551192556145979,0.415364623890528,0.681783631276523
-1,-0.5,-0.2,0.25,0.7,0.3,-1.30186542032006,-0.739341401575573,-0.743647713100227,-0.198195552635219,0.432628282442442,-1.10686801895325,0.279832999505995,0.266493635125107,0.250886776575353,0.128371439396861,0.140497518517434,0.334289989025322,0.347021660253718,0.305056836689575,0.26679022780968,0.247685701775043,0.187139774037403,0.935295274281674
-1,-0.5,-0.2,0.25,0.7,0.3,-0.886565044321677,-0.755796163464453,-0.669685742640167,0.128663590962447,0.282560803326203,0.222110295005375,0.26545271614077,0.272250600707233,0.263333077397614,0.166586541675697,0.17607644792637,0.282380517995473,0.36827646399779,0.297616886967567,0.295241412076629,0.359208578711082,0.261709794873107,0.779282650761618
-1,-0.5,-0.2,0.25,0.7,0.3,-0.914159127295698,-0.245606846638202,-0.143294112206464,0.319505521198175,0.849882383068895,0.701379757909099,0.303919682469634,0.351686775491881,0.310324015751963,0.232572793587504,0.254032920957599,0.237802118353779,0.402014248368925,0.459721609901692,0.416792950149523,0.471654723159485,0.491699671302865,0.400423298671035
-1,-0.5,-0.2,0.25,0.7,0.3,-0.573367375380518,-0.948341327741213,-0.305263592147774,0.314211812327358,0.82210021293611,-0.0528738757153523,0.233898638606219,0.311992900535658,0.220423648524329,0.17588992612691,0.160880027123024,0.234979031106357,0.298278184260879,0.36944235057539,0.218731111978036,0.28313032051694,0.20992771311754,0.486317082128139
-1,-0.5,-0.2,0.25,0.7,0.3,-1.02224564267722,-0.490526914941413,-0.213605744771491,0.121867205205221,0.758794982526001,-0.594555030497696,0.237190675949048,0.251326322535165,0.206655586396745,0.15552895289083,0.165835108490349,0.220755445254975,0.281060262679136,0.277559351462613,0.198657603907322,0.318891845323785,0.264482879215144,0.551252037056934
-1,-0.5,-0.2,0.25,0.7,0.3,-0.470183943360543,-0.341588171987843,-0.400172736096114,0.477497751149562,0.864109922295523,0.881456604134454,0.270794419470445,0.302209374847467,0.247666156942498,0.227651477008063,0.236986015765307,0.169471556703535,0.29954757133815,0.336964814809138,0.273310788201091,0.314576946832268,0.320398939321112,0.239851544732879
-1,-0.5,-0.2,0.25,0.7,0.3,-1.1122640844237,-0.0978678761622972,-0.429695921138285,0.259423452090993,0.749946692750399,0.218883068580012,0.283945404881979,0.272289772528085,0.251782109245626,0.19711991763377,0.192102993944872,0.22081912465948,0.324648258772849,0.296396327880232,0.30751696926965,0.315274142640229,0.265683537146208,0.382048395145564
-1,-0.5,-0.2,0.25,0.7,0.3,-0.516634517897588,-0.186796513035469,-0.0253968986071876,1.31940535503579,1.36490106649869,0.367480396396266,0.178378005172477,0.228253492486653,0.167029532186957,0.307120770596703,0.277632725396273,0.0841966784715869,0.195622806328217,0.263544432380215,0.180829398677539,0.418334954426353,0.377460909217027,0.0942682265494081
-1,-0.5,-0.2,0.25,0.7,0.3,-0.642719187694156,-0.805739783778831,0.0510246907014748,0.526752942817595,1.24750631564401,0.484881881754305,0.27841705886884,0.348449440094848,0.27474834505686,0.263070703294879,0.245714366183362,0.184367943436279,0.309322609949014,0.447664007962682,0.299023328105244,0.343282388376887,0.295624377292635,0.260443570813305
-1,-0.5,-0.2,0.25,0.7,0.3,-0.552828171521792,-0.447611739629973,-0.339522809629152,0.290805777259696,0.793604068210987,0.671520319538695,0.290614026820052,0.333852558629392,0.170126382736622,0.202158079430353,0.20256382284659,0.265797909918532,0.355205908518189,0.33253594111399,0.179440949816191,0.321227776031372,0.316455678552935,0.412076098396043
-1,-0.5,-0.2,0.25,0.7,0.3,-0.962344215166865,-0.399315747067679,0.0300627094217783,0.983141156077696,1.1457041806211,0.300325247238647,0.232961498741407,0.302827215634929,0.246604590037062,0.315671377775579,0.30328302634127,0.157953232174807,0.262324415643569,0.314515285034405,0.339245147445322,0.398920980444154,0.382518022932431,0.203837984953629
-1,-0.5,-0.2,0.25,0.7,0.3,-0.817387448992841,-0.436898737807714,-0.240271298409156,0.962477198591808,1.35299986695881,0.511291757282152,0.251292479802301,0.314358357925223,0.28099960341962,0.30482395256449,0.279446587273523,0.157434455195817,0.269729184638713,0.357883419784348,0.299940753862661,0.430201623601713,0.374025724364272,0.183635096445246
-1,-0.5,-0.2,0.25,0.7,0.3,-0.731875926104584,-0.972755351194401,-0.280997087927997,0.313544825304771,0.90651320500781,-0.0180483130638397,0.251382417103868,0.324199327776027,0.260727360684992,0.201941091179423,0.195077964029578,0.185518713677193,0.277612623403701,0.383411593435695,0.236644765336973,0.320283238650408,0.323875205306343,0.299466945978562
-1,-0.5,-0.2,0.25,0.7,0.3,-0.950762859168617,-1.29408830045522,-0.19148133983779,0.644795473877925,1.04490268589119,0.406320253667208,0.271286950737057,0.370322552535326,0.263500112463809,0.285161750836546,0.278261001071128,0.205356449734563,0.294682049934247,0.47149189587679,0.271253659726228,0.416252580978881,0.36029440452483,0.294918779837764
-1,-0.5,-0.2,0.25,0.7,0.3,-1.23657148580136,-0.349712171019711,-0.0794353982222083,-0.0190204109780402,0.462354531394357,0.10876343579914,0.303477322836456,0.315023492500739,0.284336075068782,0.171033452821703,0.171995440028438,0.287729733482243,0.365339114090138,0.355424195112622,0.308625547754805,0.278214490502824,0.236013743228147,0.56077137484831
-1,-0.5,-0.2,0.25,0.7,0.3,-1.02526561767906,-0.409871668994482,-0.131732250994438,0.0478639066676576,0.434911341282446,0.118799679852538,0.27934372413908,0.289954286977058,0.278132925648306,0.170946008100531,0.202848100402162,0.262720197947416,0.370148063846752,0.3116037650201,0.366373419138337,0.340233925948011,0.267432822238005,0.775323032927038
-1,-0.5,-0.2,0.25,0.7,0.3,-0.975675007238994,-0.87973996688103,-0.421284026536346,-0.742188002146935,0.449604845052,-1.67450719345088,0.358697020420345,0.331051182108036,0.349835121085763,0.11564829590887,0.120443948417181,0.485743732622036,0.526292373025846,0.462248998059228,0.379745753070113,0.264005147920181,0.159146761335818,1.56062689268271
-1,-0.5,-0.2,0.25,0.7,0.3,-1.27009728505304,-0.626527368751319,-0.516278307284997,0.69962976133383,1.3994520838766,0.198407966133903,0.310887300249014,0.373828056578575,0.308051376936015,0.289931749245904,0.257412958307051,0.186181751167827,0.336205675038113,0.418130615938701,0.261482633039729,0.408419529517471,0.33472005474215,0.238869121954304
-1,-0.5,-0.2,0.25,0.7,0.3,-0.514957746770655,-0.40985718348634,-0.198590592040884,1.36952266553033,1.69924768629312,0.909728439234709,0.276697271448647,0.348948660576292,0.258480473915061,0.42756826620449,0.33545779459209,0.0877021611496237,0.291699341134743,0.373632468650864,0.218597938801247,0.614493774275576,0.458661502373595,0.095415865765524
-1,-0.5,-0.2,0.25,0.7,0.3,-1.352592407636,-0.354025314691914,0.243446574267116,-0.21820777071064,0.288525345071585,-1.06282719281743,0.25878652727707,0.267038147549612,0.265754816851919,0.127583674888588,0.127674590197751,0.341983882304599,0.373246705130225,0.306465493055812,0.282643103211845,0.245477501993122,0.15065940515744,1.12402610235301
-1,-0.5,-0.2,0.25,0.7,0.3,-1.14990438141574,-0.194103367340857,-0.00234781437737956,0.125111750369804,0.545262211564249,0.0231880494007894,0.273750475597917,0.281156932373293,0.261803564859331,0.173995584786643,0.17391508700285,0.234625280772821,0.360612511406684,0.325232504218867,0.333828478787563,0.402927931794194,0.359727643650445,0.675651148894406
-1,-0.5,-0.2,0.25,0.7,0.3,-1.08876345509428,-0.546873010754277,-0.00341995598662839,0.18355042087038,0.798330957547657,0.375983908630663,0.311185929724937,0.369099832544619,0.343675638889301,0.220861381915014,0.22137294625935,0.234776721892415,0.386675993349793,0.420218053585365,0.289200641148042,0.418939668230205,0.357686422257741,0.502866706611328
-1,-0.5,-0.2,0.25,0.7,0.3,-1.47515507505164,-0.403668863170256,0.354368204042294,0.57076356070061,0.970907646042052,0.00786004880469181,0.28012734002575,0.334951289693383,0.286625462027704,0.259240025172634,0.261570130345043,0.220258485439537,0.32052082410499,0.330556714840033,0.372345617867543,0.381612176254146,0.310407948369281,0.385834662136921
-1,-0.5,-0.2,0.25,0.7,0.3,-2.21184063231401,-0.465836255713032,-0.558357469443916,-0.391882664495431,0.309544808330677,-1.33611363382154,0.340448520210508,0.354969607460443,0.360864828658871,0.13720276721124,0.134632963343249,0.395094233433755,0.472223352813791,0.409125399341035,0.421726045025133,0.310297620218875,0.233045226762133,1.23076633581446
-1,-0.5,-0.2,0.25,0.7,0.3,-1.42214385617635,-0.418573785529528,0.118799502965012,0.385449209728565,0.830878655218973,0.535600652976089,0.340644890017604,0.384568064640377,0.341218065122676,0.255368598995667,0.228288346543039,0.233737544316253,0.3750258123691,0.469772109129319,0.356019571673571,0.345354128443029,0.310850094824604,0.335370081540771
-1,-0.5,-0.2,0.25,0.7,0.3,-1.23057255347168,-0.257372818108525,-0.58751192591302,0.482689927550961,0.879931312419342,0.127047140242139,0.269359027300876,0.287047192270331,0.165974389120571,0.211193622510043,0.2172979297595,0.194093181426385,0.305688051743574,0.301600347535407,0.189604802887081,0.293428916643586,0.273215292256774,0.314285159834612
-1,-0.5,-0.2,0.25,0.7,0.3,-0.454795952483968,-0.119020745966996,0.00199565530318464,0.50777027068634,1.02651358339012,0.543431894252625,0.237327456994713,0.234789717003468,0.1993193017218,0.205786693273515,0.222051373974892,0.154626486839628,0.255670829918877,0.233532019783376,0.185024735073476,0.289607176657899,0.283647693155308,0.229826560291997
-1,-0.5,-0.2,0.25,0.7,0.3,-1.09264658482135,-0.310892517211905,-0.193697895625874,-0.202959739818759,0.635333881399968,-0.204013203071539,0.327545185940661,0.352567841529518,0.259974800542155,0.154001588019775,0.152139390788296,0.295876408231333,0.451842711351639,0.471971174352023,0.204896571004285,0.309432866205416,0.272817343015841,0.697821273822957
-1,-0.5,-0.2,0.25,0.7,0.3,-1.104575552679,-0.218229959916385,-0.236689754848068,0.442431689444159,0.709476746448368,-0.098613072120936,0.225715860511079,0.247313348293912,0.205790900686527,0.196239804662044,0.173097326481222,0.182373526382063,0.256378993119874,0.280476132520943,0.197288522103766,0.318412864089236,0.223485846053589,0.342655396458804
-1,-0.5,-0.2,0.25,0.7,0.3,-1.3614604128386,-1.08994550099913,0.793998360321033,0.414771682819634,0.615925845102879,1.19814690515285,0.379457596075798,0.390510812221685,0.268854406709195,0.308265697863517,0.275869073264344,0.275985368534917,0.496187003449414,0.443733175086516,0.544176495466525,0.542864990394743,0.421605129503716,0.589673803407299
-1,-0.5,-0.2,0.25,0.7,0.3,-1.13232648705229,-0.902778359036119,-0.178979541214186,0.469975149412082,0.890829934020136,0.556146895408137,0.325386231560933,0.406191682124044,0.299109135653115,0.282232514268861,0.327046107764212,0.281120483087068,0.376280798151626,0.38545172714035,0.342034182092422,0.338710995174574,0.372761931037093,0.487893470924696
-1,-0.5,-0.2,0.25,0.7,0.3,-1.42909144070341,-0.69369772669995,-0.709031678131179,-0.35576902560269,0.312980346982276,-0.85025039671835,0.312802550206335,0.325865964523605,0.29339751387445,0.136431923345016,0.140181256273645,0.388197750071206,0.428111783649001,0.387528323959175,0.418839274792631,0.246342638563571,0.187488049263399,0.95111187821578
-1,-0.5,-0.2,0.25,0.7,0.3,-1.0739386164274,-0.587445456300868,0.0767696295435511,-0.0828218517405076,0.632773817128461,-0.658252601204301,0.263721716291855,0.281715750171645,0.226904361166948,0.147088653195973,0.151274267386108,0.293640103065381,0.3550361944894,0.352969752797175,0.189994303507559,0.350117396718217,0.227714734228535,0.977057171597575
-1,-0.5,-0.2,0.25,0.7,0.3,-1.10629790426443,-0.791493615223469,-0.735091796542639,-0.206373347269651,0.409320107601211,-0.887556715244545,0.273350510223445,0.292284899079839,0.29859473003047,0.1283639226678,0.126860220094595,0.346317007246922,0.380925148433507,0.348112049381346,0.283465599306089,0.266338830334348,0.154160886196461,1.09728115316463
-1,-0.5,-0.2,0.25,0.7,0.3,-1.90194548674738,0.511656727284457,-0.310557285164379,0.277359440639045,0.855773352456011,-0.299991566038145,0.286570848976149,0.266456808607294,0.187435503062985,0.18789790674984,0.171265206387199,0.186381726646106,0.392075069520716,0.366092857701887,0.181704000874939,0.383250726367134,0.288570331067052,0.447901034651818
-1,-0.5,-0.2,0.25,0.7,0.3,-1.73506636297745,-0.0201733059254901,-0.467718400457331,0.137782365715591,0.361332074849747,-0.46213870570865,0.267911233870122,0.262683365921257,0.206019309944165,0.16082894522758,0.169586107283794,0.263759570731158,0.327265767140814,0.274605796065651,0.194874696828529,0.249871431642986,0.230418097159232,0.553906634417797
-1,-0.5,-0.2,0.25,0.7,0.3,-1.14267046433207,-0.4538257767472,-0.48766353269612,0.802493536191386,0.690886648142587,0.294890197004085,0.24718416424714,0.275007099662232,0.24367555976847,0.248361186222953,0.218007446967081,0.203950176195752,0.282423948645034,0.296757701359708,0.245977516411533,0.352252828274913,0.286401384521173,0.328332690312151
-1,-0.5,-0.2,0.25,0.7,0.3,-0.718627984685445,-0.766902480571951,0.0667380264209913,0.443042002007715,0.951177550209708,0.0670551312371459,0.227507940015427,0.30028364197066,0.257425325607394,0.217111800063143,0.205119897792838,0.182955818443614,0.27196957815638,0.356563031437443,0.241740856455157,0.2952133110661,0.252765213277141,0.282657118924778
-1,-0.5,-0.2,0.25,0.7,0.3,-1.0103368606228,0.0489586427121121,-0.453616436861459,1.08212213184724,1.28994259286887,0.704388554540127,0.265515670286016,0.268452641546257,0.188426220738783,0.358502577818105,0.295971300927215,0.188524074698848,0.31936412530119,0.347029119207887,0.248508898845237,0.57415108875021,0.445536789100016,0.245133173284625
-1,-0.5,-0.2,0.25,0.7,0.3,-0.958613227847894,-1.09003518647866,-0.329113276622079,-0.471303601967968,0.420546070167643,-1.28996501684253,0.299061142337504,0.295836769661546,0.283550851304173,0.121164508441085,0.131924731680069,0.435162760442854,0.410440029846266,0.438677445326265,0.319470988187276,0.243355625718967,0.181934816411611,1.08839066462869
-1,-0.5,-0.2,0.25,0.7,0.3,-1.43849026079444,-0.11843438327212,0.169398950824626,1.86469185302394,1.59971106546962,0.550502374712721,0.303874060103029,0.3423904727608,0.30294451172703,0.457483413708236,0.399209363044397,0.047661036530834,0.319181089546382,0.42639780339229,0.529080539037988,0.634341083267801,0.616532060463666,0.0533140352974689
-1,-0.5,-0.2,0.25,0.7,0.3,-1.32770826899537,-0.350677780810222,-0.528992677100832,0.115214896552438,0.727779819039762,-0.232116623299979,0.295250475449301,0.280983990231512,0.213619865835019,0.176219219229179,0.180355390633855,0.236855250277295,0.331034319479161,0.403108611172856,0.280937110013524,0.305886645682426,0.281664328686616,0.442762565029985
-1,-0.5,-0.2,0.25,0.7,0.3,-1.07108357352508,-0.748642421073889,-0.766093773077119,0.0649878065679845,0.69848679511909,0.0698076630316078,0.302424922490199,0.343664789764544,0.310496404266455,0.180929332532578,0.189231085379348,0.275113800580356,0.390317176506154,0.349580918627413,0.473684331239082,0.252335864251224,0.208774141782293,0.566423091509435
-1,-0.5,-0.2,0.25,0.7,0.3,-0.791131462872138,-0.739012396380942,0.514817367007883,0.528050115311713,0.540895659350427,0.555789420134887,0.260087711361893,0.286457821930584,0.263641762493511,0.243353476128187,0.254238353228276,0.21836447205378,0.281474109761188,0.306718641528667,0.240242362729888,0.320678988392311,0.292286135091133,0.337268855039727
-1,-0.5,-0.2,0.25,0.7,0.3,-0.0528134904349087,-0.484796390001426,-0.457270922463477,0.521566366381795,0.997943423190523,0.70592513465755,0.22735846241039,0.255655149450652,0.219350718649266,0.191095109681641,0.192221207542147,0.149160924090255,0.243177867224722,0.284197904611974,0.209980564807279,0.276827556959022,0.257399037594567,0.207646922119655
-1,-0.5,-0.2,0.25,0.7,0.3,-1.56411794420177,0.402959675226554,-0.353262709793642,0.212066543718617,0.575813552711032,-0.369019726207303,0.253674234237587,0.15814787665561,0.153360254266493,0.160386990197996,0.160628198596757,0.163449101825728,0.314369233145557,0.175952128623831,0.180674113059268,0.386818233198794,0.332114477944318,0.66208042526378
-1,-0.5,-0.2,0.25,0.7,0.3,-1.30150858001215,-0.331671999959096,-0.455817890132391,0.453918499516118,0.103604664101158,-0.019514751545436,0.224937300088879,0.216165027290346,0.222732760479822,0.182742178641339,0.198125554742935,0.227386635797948,0.309343032567137,0.222779827670597,0.282539287812396,0.357149898973667,0.261610047888282,0.571819824904143
-1,-0.5,-0.2,0.25,0.7,0.3,-0.723139400173198,-0.365550467514383,-0.123364020051304,0.149599676388597,0.718148512084885,0.183634417342733,0.261749923735997,0.276437795392256,0.259877189300021,0.170676281858891,0.177199927692127,0.20329393701836,0.294214772315744,0.355355480515602,0.280853530791245,0.253823473581674,0.262200694886835,0.316803259016459
-1,-0.5,-0.2,0.25,0.7,0.3,-0.761964602306621,-0.828232915415869,-0.0917901818141578,0.188617563321604,0.579196458802309,-0.26707005583228,0.223634291365227,0.270177675994929,0.232389469946262,0.168927623409465,0.162898929221766,0.248045116572697,0.28273938396187,0.331900568356656,0.239747732065776,0.324271804628482,0.255305079578673,0.523489940998903
-1,-0.5,-0.2,0.25,0.7,0.3,-0.852381485393561,-0.464776166366271,0.446427149999756,-0.00105005756194165,0.659685739587491,-0.412260568134895,0.24607123894744,0.263752991458036,0.224993593338834,0.148298283782605,0.15004442008893,0.250055191550685,0.325887158272048,0.378838998067,0.255855502240326,0.27376604875543,0.204615809105386,0.571677127647379
-1,-0.5,-0.2,0.25,0.7,0.3,-1.42313742573561,-2.04669324729669,-0.36526741021502,0.872466711958739,1.2818117680849,0.0304333681736757,0.283307273970516,0.360563522809404,0.294594694161171,0.330353218500315,0.321506745376193,0.117720143789458,0.326461225924581,0.569446926078117,0.439276810511292,0.438777037557179,0.42507765684211,0.13176883441906
-1,-0.5,-0.2,0.25,0.7,0.3,-0.561472557917036,-0.218673344998352,-0.0193469195296165,0.793152934223546,0.688879232512166,0.766891075738785,0.221936851059131,0.245876444978734,0.227031239828654,0.253581818259453,0.252979859293342,0.164158498363287,0.247872681562192,0.266733538089146,0.348456486782195,0.556655794494999,0.492868780183306,0.305599066980148
-1,-0.5,-0.2,0.25,0.7,0.3,-1.66363035832323,-0.970126238445421,0.251966517002491,-0.442420738103766,0.421853157314392,-1.94734596270414,0.297820817082576,0.297350826515508,0.271674842842493,0.121534282832442,0.12888171508837,0.393473878260214,0.399705021630086,0.382524069218397,0.310301585248778,0.211196574050307,0.154999011383188,1.0162737173193
-1,-0.5,-0.2,0.25,0.7,0.3,-0.816350208852131,-1.21377036949126,0.469175279174175,0.270635233335251,0.771224860462559,0.852059018689198,0.32962344968687,0.379225931474569,0.32641913476303,0.241979832728598,0.230400049972546,0.249137708623711,0.380892809996021,0.469999524089933,0.456109913798849,0.410373103829956,0.325881416567532,0.478788773376678
-1,-0.5,-0.2,0.25,0.7,0.3,-0.665088477630341,-0.711203663612279,-0.246475003596892,0.455013348763362,0.570013430800717,0.775024239231447,0.270343319115463,0.304449024131065,0.274486680431532,0.222025340504965,0.206130272037069,0.225712228254741,0.298747023418218,0.382749890213857,0.345293041812859,0.409195275354561,0.331619091944693,0.354253944879081
-1,-0.5,-0.2,0.25,0.7,0.3,-0.639650324297484,-1.21155132468117,-0.336215983039338,0.29809162730389,0.952411777278264,0.067931699141333,0.242669938755081,0.339125482070029,0.249867967977079,0.204937836449118,0.218176832939269,0.208849814787283,0.29390433272689,0.54241965061758,0.341044844518378,0.33128301452464,0.361240514919279,0.308414794362828
-1,-0.5,-0.2,0.25,0.7,0.3,-1.13686294656596,-1.04581693625,0.577704587470597,0.748616355969855,0.698648541254215,0.27626913700844,0.267946072863919,0.307522128143454,0.221688991988246,0.279550146366114,0.283540707908092,0.194313001651616,0.341501009077191,0.304671356717129,0.247160666112914,0.639886963896089,0.584216052440487,0.493622057229952
-1,-0.5,-0.2,0.25,0.7,0.3,-1.31748921120274,-1.14043768159414,-0.307780433799681,-0.226107831179243,0.645386680268373,-0.875688875393029,0.306522890614666,0.351141005949402,0.286387172091978,0.153338354526626,0.147021244366728,0.299999933204905,0.405014632365034,0.496284381565716,0.364365497928322,0.285266895983643,0.211789111844922,0.770418777521341
-1,-0.5,-0.2,0.25,0.7,0.3,-0.495236897640104,-0.486723239926932,0.197522894654885,0.0583133142315133,0.293616124374241,-0.0877544376831344,0.219103265758573,0.242251046701125,0.217388016111097,0.140080528661061,0.135457361170045,0.272896713106382,0.270931658977849,0.277324098004865,0.176939341993148,0.28192902466608,0.178219644583926,0.657977716154858
-1,-0.5,-0.2,0.25,0.7,0.3,-1.17240078840629,-0.47696351860359,0.0363766215778197,0.259076874017813,0.514462753363624,0.0247386649091481,0.259296902344057,0.287414785285292,0.238529808806616,0.181781135458316,0.175449819336537,0.244199803288504,0.302592715053756,0.33462115401293,0.23317843576309,0.2502677606924,0.222782042699531,0.390005006422912
-1,-0.5,-0.2,0.25,0.7,0.3,0.236711243624184,-0.841538374048403,0.257675965557153,0.582859209178309,1.32481980526028,0.679161403927563,0.204652515016458,0.286169112938632,0.176185900133142,0.213474893555153,0.230025425639519,0.149306977749452,0.268471617363137,0.325769278655777,0.164778579549314,0.431970446369974,0.384643896553179,0.38150703111517
-1,-0.5,-0.2,0.25,0.7,0.3,-1.13980454224149,-0.598626467521764,0.117630766663511,0.549475332814612,0.431814707220274,0.646353794503543,0.298793896362179,0.340492982104733,0.284040494467735,0.236497878570686,0.245607857893552,0.221927956885045,0.333784773935396,0.42219498921523,0.29732943062944,0.35127854569819,0.575533158572415,0.656849655482913
-1,-0.5,-0.2,0.25,0.7,0.3,-1.02678846656993,-0.690742822467455,0.278964377099283,0.132949059606875,0.618823643340113,0.379396078896225,0.29999267222332,0.33671801589016,0.316287089965477,0.197362213894018,0.214383889889642,0.264000347652435,0.429744058888595,0.408962955623052,0.328517885189065,0.401731178926611,0.350396695880168,0.704196083918039
-1,-0.5,-0.2,0.25,0.7,0.3,-1.05282270421727,-0.653802412413948,-0.129935741471908,0.23005066315517,0.766207111637864,-0.200527065956263,0.253950991028453,0.302965961453251,0.249771961011823,0.191430622544228,0.178935557286657,0.206520529543906,0.312546134930006,0.380617872772679,0.282396322736528,0.403807233043318,0.319513236671425,0.55852512967695
-1,-0.5,-0.2,0.25,0.7,0.3,-1.99619423254635,-0.859460456846264,-0.636655453215637,0.685191978201599,0.92280608877131,-0.158645557815016,0.315473862193281,0.346730698890108,0.290815110711251,0.317867529673173,0.300679593993482,0.169016257468491,0.364930967619712,0.361335870587659,0.340996498939105,0.461944076179768,0.426028909018848,0.258826442953051
-1,-0.5,-0.2,0.25,0.7,0.3,-1.36102045651017,-0.848099095197114,-0.0119184108094648,0.111554266302035,0.970647140460612,-1.47931941849988,0.235848620457171,0.273673103076487,0.1766542260255,0.146448539625639,0.16009796069424,0.180996272865714,0.318521366466175,0.349623386202413,0.208594560386715,0.19749205094649,0.233341030254922,0.267389173813448
-1,-0.5,-0.2,0.25,0.7,0.3,-0.376976137838966,-0.297092812709468,-0.0959803479588424,0.191623856502513,0.786215994560109,0.47887437164465,0.260820552452063,0.268285552377676,0.231258673574213,0.175948534009609,0.179959690015866,0.213790903486984,0.308427694205288,0.299982755600825,0.315847765563016,0.262870626278331,0.221146811205497,0.371884414053591
-1,-0.5,-0.2,0.25,0.7,0.3,-1.3447240321084,-0.182067416824235,-0.26674167381914,0.729364300245916,0.878721157171534,0.135776686092947,0.26063464611716,0.27990171866704,0.249129729603101,0.247179922183941,0.269237376271744,0.167163351229754,0.273894992120757,0.317714191500002,0.239535401694024,0.320893994378183,0.419289054256853,0.190663045773975
-1,-0.5,-0.2,0.25,0.7,0.3,-0.389642575131953,-0.65296865359969,-0.064409041121997,0.276847842317634,0.7847184763565,0.699953227941282,0.276063918966677,0.320484656241146,0.275355582215748,0.209992784691228,0.224093900234087,0.218194369904177,0.428888725404429,0.353275263087941,0.340497392174884,0.499135602148316,0.524320018212959,0.731156568343427
-1,-0.5,-0.2,0.25,0.7,0.3,-1.11960057737451,-0.15063188010067,-0.689776270457743,-0.23657802273602,0.146350891766923,-1.51153361042557,0.242860216288641,0.261485144653027,0.227629553735661,0.109383043872149,0.108814372979475,0.448901013712964,0.369005157809959,0.298116446847059,0.310091933467166,0.335657085330694,0.172508389369222,1.92531794449953
-1,-0.5,-0.2,0.25,0.7,0.3,-0.916522722307944,0.160431892704953,-0.35420616574761,0.850028942200488,0.693444670056603,0.422970142392297,0.227069383858361,0.208109234615888,0.189917473432436,0.233574238486116,0.234524146681122,0.137344982775054,0.250108541228884,0.217742495981645,0.213561514663384,0.330087844284789,0.275428873467397,0.243405936422776
-1,-0.5,-0.2,0.25,0.7,0.3,-1.02441435729103,-0.334597381994574,-0.118366251967392,0.319841330713284,0.905784433661855,0.359210857522291,0.287287605557956,0.312513956675125,0.298687327665048,0.222502296162707,0.227030191501659,0.212465611798339,0.318156178190057,0.406255094909217,0.480999899992798,0.385771955279318,0.368448241930026,0.312545919718617
-1,-0.5,-0.2,0.25,0.7,0.3,-1.56684537326267,0.398345893225424,-0.919297805485405,0.212997715580883,0.959157050686494,-0.268571421906803,0.276077421431753,0.115594421582601,0.175296200551232,0.127650631544835,0.0611099635371535,0.00950405040734701,0.333516075704904,0.18798526450801,0.202036055796053,0.319257809842052,0.374230438389651,0.384001978125433
-1,-0.5,-0.2,0.25,0.7,0.3,-1.15163055933686,-1.35045135848783,-0.814705816423883,-0.0501957587147896,0.620960788568191,-0.51307313375973,0.301770136862365,0.325311660546366,0.311914429910509,0.158076819630656,0.169508036370076,0.28582405648289,0.344538262061573,0.429037010014249,0.3010173111666,0.259709201932615,0.242964887555682,0.543625932141571
-1,-0.5,-0.2,0.25,0.7,0.3,-0.771285152467988,-0.709409509310407,0.202878069462876,0.218104153120783,0.599304975040771,-0.32969586596631,0.22527635803957,0.233363072976282,0.216851654553763,0.148368583982611,0.154982158191577,0.228272335671254,0.274332652773568,0.259623614069872,0.242350737863433,0.212268781192536,0.189476920266704,0.469853957816669
-1,-0.5,-0.2,0.25,0.7,0.3,-0.471050653990868,-1.37742942942332,-0.466880399941973,0.0368605425528852,0.741242383682077,0.451034084220266,0.311223700835754,0.385118126787918,0.28790209763061,0.203633583393782,0.205169743447396,0.285425392956387,0.402061670751184,0.458155063594203,0.401402786478076,0.427238066480882,0.391338019171045,0.645064684430365
-1,-0.5,-0.2,0.25,0.7,0.3,-0.66571090071457,-0.556537836752128,-0.764035290966105,0.207426448333808,0.646107182001195,0.630586566984786,0.28784260536801,0.287586596777471,0.24529483415024,0.191959183282275,0.188387511406976,0.244927423889977,0.370624421892773,0.343646424802185,0.359592563254448,0.358858407239564,0.260311599817246,0.587056329437437
-1,-0.5,-0.2,0.25,0.7,0.3,-0.847636251720781,-0.179206537478418,-0.618810383405929,0.10281536108834,0.456024761170595,-0.214241813769527,0.242005626971673,0.219435565195397,0.187501649873802,0.136315728208801,0.137009033645283,0.274332592553283,0.292369765798731,0.255560839660221,0.211341518643141,0.251089856889602,0.192288420320569,0.645447127184711
-1,-0.5,-0.2,0.25,0.7,0.3,-1.24214021609362,-0.348910999543853,-0.510729152803575,-0.081608550072711,0.650740873400366,-0.403501469155363,0.286295336123572,0.280783451727819,0.257588532672577,0.158339721884383,0.15967979271437,0.280712518213853,0.36307191455962,0.343925587491179,0.410612709172566,0.282386650030616,0.211381829526483,0.608470168003651
-1,-0.5,-0.2,0.25,0.7,0.3,-1.46367034528448,-0.00431831857282597,1.13414873536292,0.237603946521151,0.666026683543426,0.00770020475744137,0.280802003398733,0.262618321438484,0.217391826451944,0.178522700891241,0.18711872250264,0.256637877359459,0.408905611559135,0.362882508142141,0.264273291321091,0.323220227847833,0.242440522146118,0.526268996541427
-1,-0.5,-0.2,0.25,0.7,0.3,-1.01089892448949,-0.770574589740859,0.158995459831932,0.064597613388419,0.526203311620726,-0.356226544628376,0.252885970899389,0.277843418312098,0.276378519502719,0.160834718688083,0.168530584875526,0.272257683881968,0.293694839570855,0.344772905192489,0.313759739465278,0.264181749425327,0.226305075600341,0.487087367009668
-1,-0.5,-0.2,0.25,0.7,0.3,-1.69523926069095,0.438214824423466,-0.358746420811541,-0.357314732580868,0.27353661929428,-1.30113634409262,0.308252703076412,0.334367766421154,0.258759153650602,0.124509845592713,0.122939676694648,0.427449029487485,0.424637385268948,0.410494722145165,0.341284752354302,0.27870253577447,0.176233637548427,1.31809154866485
-1,-0.5,-0.2,0.25,0.7,0.3,-1.82060036118833,-0.146942504481069,-0.877102249750525,0.570099231632389,1.24515593761997,-0.201071119499166,0.284488436553711,0.241745194649924,0.217139071081644,0.298779312912266,0.294025968801045,0.0444956014413344,0.336433473333153,0.298574542600896,0.257584590906596,0.548841497679253,0.477077951202116,0.421108813715398
-1,-0.5,-0.2,0.25,0.7,0.3,-0.647337295975804,-0.719242217517156,-0.0507089831277818,0.38620695319337,0.654858941036533,0.13848010480626,0.224888214018835,0.266353069530351,0.226043813654678,0.191867643874638,0.181369078815238,0.214034848921724,0.279347922791362,0.291479777221624,0.259656931319307,0.324835144714167,0.235840395957188,0.504664143858272
-1,-0.5,-0.2,0.25,0.7,0.3,-1.29828881568663,-0.688409161612508,-0.375951232264385,1.83967190408662,1.27999330651313,0.867294162752644,0.316213626949444,0.323424131453479,0.268726779029486,0.577986883365556,0.48747421667565,0.129409403733816,0.333824468591487,0.348385390481964,0.277392254758879,0.715170642233319,0.631554828193421,0.16189191169814
-1,-0.5,-0.2,0.25,0.7,0.3,-0.997826174411349,-0.399075008314186,-0.0488738290943818,0.859354799133149,1.18584816356237,-0.0379329950795862,0.208641938159844,0.259890660258712,0.208330461052031,0.269697311530745,0.271292414419519,0.150698526506076,0.22372526495031,0.354398166758713,0.294181700751177,0.359892226404351,0.325151201016639,0.200250894341231
-1,-0.5,-0.2,0.25,0.7,0.3,-0.777650093441353,-0.447427151356014,-0.145983986548794,0.412227029685628,0.983740107016718,0.709330698752105,0.29788206548309,0.338878119362999,0.298452757481751,0.258119553997187,0.264928279119845,0.207589276250155,0.326429951072912,0.403585306141232,0.400795787259743,0.434191870188487,0.4277523679918,0.340015045379413
-1,-0.5,-0.2,0.25,0.7,0.3,-1.16710263528452,-0.395703721960674,-0.290097923031114,0.727450627871695,0.978358246201887,0.56584583166209,0.298140232472381,0.323543043995234,0.286300793249716,0.27302398140011,0.275432342511993,0.178044822528157,0.317683442155714,0.36237414368254,0.313228657826553,0.342515278171499,0.381170544471307,0.233898399123196
-1,-0.5,-0.2,0.25,0.7,0.3,-1.48607348576408,-0.976193388452583,0.0569580522832001,0.124978282069869,0.540317450475442,-0.527100921972261,0.270952578839369,0.315877563600811,0.27738393017105,0.187433069424729,0.180498353222653,0.273298847321396,0.349197851437833,0.361075174212624,0.322090129926485,0.337557752584254,0.215040267399632,0.730055420910965
-1,-0.5,-0.2,0.25,0.7,0.3,-1.28938392987834,-0.518941835906656,-0.0909623738826555,1.17620431221702,1.21673130215949,0.492945736650326,0.289136126167047,0.338327729836282,0.299140720998966,0.430331690130358,0.412518137958253,0.110048082476489,0.303896498646015,0.364749958945064,0.254337058424364,0.447573556607695,0.480391394335187,0.120941630513409
-1,-0.5,-0.2,0.25,0.7,0.3,-0.721253244498207,-0.462246563381001,-0.493935797058324,0.766327844059588,0.502855961561269,0.569247869341469,0.219735212146671,0.232756293411031,0.211449259686813,0.225882322568724,0.217285884785241,0.172708096429367,0.253113497776317,0.270160920857343,0.267237787926445,0.35948831364307,0.293036522151861,0.298328861586126
-1,-0.5,-0.2,0.25,0.7,0.3,-1.43310318966583,-0.299614819735215,-0.770806766177295,0.874218624564711,1.01623940880589,-0.141549979668073,0.241773185394088,0.217892732463739,0.140640951606191,0.211150290083949,0.212879069283691,0.127641393355252,0.261333728868421,0.23049672188946,0.151367141022757,0.31029290311928,0.309394505095433,0.148685719120371
-1,-0.5,-0.2,0.25,0.7,0.3,-1.09441118261002,-0.337859041052773,-0.215582190411314,0.205999186358603,0.686326400886812,0.176673582179067,0.288134655402773,0.300737393538169,0.28009739274873,0.196860385745455,0.212587907974484,0.24421413471791,0.352067252955793,0.332387430176732,0.24371852392823,0.312596280590278,0.349310689831235,0.408974290785002
-1,-0.5,-0.2,0.25,0.7,0.3,-1.03805522454355,0.0610534477058751,-0.314858608320942,0.354869528987401,0.693760892555231,0.11430690682968,0.254490407827698,0.246685557453067,0.176503889118116,0.181200607854042,0.186425820661059,0.194262968247809,0.342001397499798,0.268900984533108,0.18805890964658,0.364340889390729,0.267311907051466,0.604911723240138
-1,-0.5,-0.2,0.25,0.7,0.3,-0.932887428840358,-0.652410999200152,-0.903322214854578,0.580944608088326,0.926442433661739,0.324293316262821,0.262962540312138,0.247895192088025,0.176032931795207,0.214571036378597,0.22308132832429,0.166971370850777,0.299670695519354,0.270946533287246,0.18995692791659,0.379393340897079,0.349288834752521,0.325976494418735
-1,-0.5,-0.2,0.25,0.7,0.3,-0.923530147803586,-0.0813494800027875,-0.359987074731056,0.205219672399195,0.745988749647849,0.0610460916677415,0.267095706451392,0.246615665220748,0.228529660327824,0.190917972053295,0.211842077239613,0.210704842920557,0.376246810063282,0.283065463010789,0.304488676284683,0.520177828045274,0.487698717685943,0.711542346317712
-1,-0.5,-0.2,0.25,0.7,0.3,-1.51069726224594,0.257155093780239,-0.568750338817951,0.170532454329486,0.792930711043945,0.159483701236621,0.316318778142749,0.268507181324027,0.247964456723434,0.189025817309805,0.196592057384348,0.217900384872235,0.37260740532899,0.301042119685192,0.263462393720674,0.257605284634131,0.230685591277749,0.360183313193522
-1,-0.5,-0.2,0.25,0.7,0.3,-1.17335356777664,-1.31138104340417,-0.49539808641866,0.0603005070125377,0.529666946976485,-0.177167923074162,0.28651355305943,0.361080060879505,0.317057870628122,0.176458618782112,0.18683591050274,0.300063887082151,0.362322981714518,0.389211201603281,0.314560210303775,0.273063469569946,0.269057477304124,0.575089699405078
-1,-0.5,-0.2,0.25,0.7,0.3,-0.915833937765247,-1.37749446156724,-0.402975797017327,0.351631386250155,0.898434593706017,-0.186870193731931,0.258258435917884,0.333673421604672,0.262806031205201,0.194612341202711,0.186729677059489,0.215967640344827,0.28460416306757,0.360167881462239,0.217360315999534,0.242036929977548,0.217681495800217,0.287782295985206
-1,-0.5,-0.2,0.25,0.7,0.3,-0.888498236324232,-0.353791330858808,-0.584901371803826,1.33277121398592,1.46790895702024,0.732951378195464,0.288057118359877,0.294231798590758,0.230881871047334,0.50767111105052,0.464248516233807,0.18610513103449,0.305675906934536,0.299306302580793,0.221974235380338,0.873292357721438,0.741875643314334,0.265289067741133
-1,-0.5,-0.2,0.25,0.7,0.3,-1.23309149257132,-0.354835347210894,-0.448618526708168,-0.513738099923741,0.591012156459664,-0.676989318429173,0.368400310155007,0.365275850449659,0.32289770206985,0.138070643046542,0.138703132471982,0.379634783948941,0.517719335426615,0.486710891678419,0.384656018361805,0.340770074162358,0.245823568838719,1.19982696982881
-1,-0.5,-0.2,0.25,0.7,0.3,-1.02942298758397,-0.41715792755799,-0.31300581154271,0.612390514582872,1.325600961297,0.188567947461378,0.266886410668346,0.302110204938364,0.206256866203623,0.262747452536766,0.276151437051486,0.194991406090868,0.31028388376579,0.363884052337065,0.207825392129626,0.371103612730442,0.422611251554816,0.201989698758605
-1,-0.5,-0.2,0.25,0.7,0.3,-1.37503137272117,-0.562848634403767,0.21510220243232,-0.111398329520439,0.453922778913797,-1.13399271652701,0.247138160148765,0.245914347653362,0.246328105552222,0.135486919002946,0.146932189811386,0.305663640730862,0.332507060893012,0.307706729385574,0.33647569172659,0.234581348846101,0.180789929385777,0.778696681763968
-1,-0.5,-0.2,0.25,0.7,0.3,-0.908454576827138,-0.717915802337515,0.0509335107962442,1.53317234640872,1.92568040382969,0.670418963523451,0.26894375438677,0.361171957476479,0.275528445180412,0.48053639720559,0.418367737374517,0.107539804723878,0.27476717914988,0.456726335221391,0.277011916087854,0.595177307483902,0.542913543480877,0.120777950570929
-1,-0.5,-0.2,0.25,0.7,0.3,-1.54537380373565,-0.66303713129105,-0.60191437806557,0.13250995308699,0.717684606101979,-0.199372787126848,0.313512630901378,0.32394682298691,0.292030752275414,0.186055331269674,0.205485451681157,0.254368456093243,0.410476316052964,0.360737791951792,0.292556336109528,0.243908628371,0.273520781568121,0.413707063982029
-1,-0.5,-0.2,0.25,0.7,0.3,-1.20360394826843,-0.241974604388273,-0.00219139507660148,-0.0913674262664558,0.408368795519689,-0.474525374936949,0.277779754842799,0.271185525840506,0.285072882976588,0.146027497469539,0.155462440390115,0.302770644893251,0.367317338402208,0.295830902064922,0.260856557922846,0.249808992908887,0.249774195820522,0.668422642984073
-1,-0.5,-0.2,0.25,0.7,0.3,-0.784070272091104,-1.11335805585751,-0.0015637035669003,0.479715538755756,0.522711470127804,0.816774466778223,0.294284890518925,0.314548204066115,0.283027097597172,0.257969092448593,0.242447184051359,0.244068284748369,0.344617550614506,0.346477745543583,0.314031557627966,0.368237133573537,0.288948989413434,0.515416614043492
-1,-0.5,-0.2,0.25,0.7,0.3,-1.08266138270476,-0.187912414205273,-0.156859979393782,0.164201155959094,0.573313473237099,-0.230105595712071,0.247905023657839,0.236800689105277,0.225467420785059,0.159452348272328,0.167244825256327,0.240922946558296,0.283819372663109,0.248169602029795,0.22385113339652,0.243799809058704,0.208175935952611,0.41501588216248
-1,-0.5,-0.2,0.25,0.7,0.3,-0.193247595433995,-1.02585984923783,-0.122310799326142,0.794125918432802,1.34737691858661,0.646599050903296,0.220455821092283,0.33084635652871,0.255937917659775,0.281504146636662,0.253608670836404,0.215002955558894,0.270202363633179,0.417476340622219,0.318595543028549,0.398126308109453,0.311294222630933,0.321900930994824
-1,-0.5,-0.2,0.25,0.7,0.3,-1.12144728653662,-0.106522582744649,0.453172033957458,0.223979147408477,0.837356425811163,-0.038054923585954,0.261560601463703,0.255505529084621,0.179882297473177,0.182273182612827,0.176662006992275,0.207172421305666,0.315112383121953,0.282854546855317,0.215017440795562,0.295876340196808,0.242441293540505,0.384795437015743
-1,-0.5,-0.2,0.25,0.7,0.3,-1.00764764638567,-0.971366520890908,-0.66735412099128,0.315835072321246,0.740665494677323,0.00328989142507016,0.270637109620363,0.303440532906403,0.285580104575396,0.22791633541058,0.221467933551386,0.246262742646298,0.197693845234158,0.292620526034022,0.221462572690651,NA,NA,NA
-1,-0.5,-0.2,0.25,0.7,0.3,-1.19445870713825,-0.234071839591901,-0.786053761969543,0.602570469840362,0.923796629124892,0.218349277228054,0.260918969186025,0.270439503444359,0.289487892571712,0.211259635448823,0.214050981342713,0.177654634832814,0.288084820943105,0.272887232300021,0.299559728243591,0.264889774896481,0.271926432835746,0.239508143467226
-1,-0.5,-0.2,0.25,0.7,0.3,-0.711021689280594,-0.672254357754039,-0.151767495815097,-0.308045686103546,0.428078560591794,-0.887441972385261,0.280161561485867,0.280807913242573,0.258643624701219,0.119878228917305,0.12477162871044,0.372891233215295,0.356492474825152,0.347922330172877,0.241207054875231,0.261822139339784,0.179997382960604,1.03752346045872
-1,-0.5,-0.2,0.25,0.7,0.3,-0.821646488227909,-0.343444377348385,0.302986002447079,0.160182387988332,0.429609751695304,-0.149676504957598,0.226173333279696,0.2682882180672,0.254105464570453,0.158018146035084,0.158455888551767,0.260713660782586,0.281826592505243,0.294710916788966,0.27152980211113,0.319297546841312,0.234755091667623,0.544774499236631
-1,-0.5,-0.2,0.25,0.7,0.3,-0.862039273040498,-0.676158057347354,-0.532563463933968,0.610144179884254,1.22431734188767,0.455875197545914,0.29485608027796,0.324405115243906,0.258085650203107,0.267991889475992,0.258897375335134,0.18087486574509,0.306721286205418,0.383516517789538,0.253047048013338,0.391501982638312,0.332295419730082,0.23687214503974
-1,-0.5,-0.2,0.25,0.7,0.3,-1.0729131256491,-0.458510366041086,0.532993231110507,0.512661929358432,0.781576816972993,-0.0707579564995291,0.225902061820083,0.249387910972304,0.236339673495609,0.205948853495515,0.231672243852645,0.19621714813156,0.272713194751883,0.297881575520736,0.359809614927921,0.281295785472398,0.279702713510696,0.318824548765648
-1,-0.5,-0.2,0.25,0.7,0.3,-1.44730275046793,0.220562867943383,-0.569028874688021,0.787895457061925,1.33977471331621,0.600275430946779,0.348755834922528,0.363436538042505,0.291864030871793,0.356540523953019,0.303069163801774,0.138629195739202,0.397074932872319,0.416420042946291,0.335989645211255,0.457107683063025,0.400537670797913,0.175556490947784
-1,-0.5,-0.2,0.25,0.7,0.3,-1.55122477848521,-1.22755404889042,-0.0106201671951023,-0.224276873820858,0.433472333438151,-1.15493819870717,0.291706004331159,0.344875886437542,0.309659766502033,0.144212462249945,0.146299893046377,0.328668055251039,0.38270006618993,0.394465628516637,0.333244069680015,0.242582319771958,0.207290684564068,0.769700426866622
-1,-0.5,-0.2,0.25,0.7,0.3,-0.715244661481108,-0.923601296573563,-0.539359624214947,-0.0610307086570312,0.129071936205357,0.00308832481826894,0.264096015633294,0.271323109978824,0.255541250129259,0.143203177195846,0.140108231378918,0.310623156533712,0.325759713153697,0.316089439120036,0.22239707701974,0.269111664602649,0.188343438582977,0.667839208240331
-1,-0.5,-0.2,0.25,0.7,0.3,-1.46803159002086,-0.454405670096857,-0.101223192784945,0.694470703754395,0.756163886664239,0.341374300184572,0.298509732797151,0.341202736897995,0.287184451404382,0.277607476325389,0.247023806684148,0.193626499101432,0.314634346226774,0.348851651040686,0.322636641988332,0.38871988401785,0.336120266639627,0.262461988916092
-1,-0.5,-0.2,0.25,0.7,0.3,-0.74048749275135,-0.965113824642464,0.362477557522037,-0.16849906135764,0.348030073026553,0.29645599244842,0.310100467626797,0.325376209613227,0.311138885419303,0.154557105446662,0.160887402766162,0.326243297856777,0.399701188483449,0.388649025597361,0.371785122786835,0.300522824691953,0.228951193977841,0.808649228692262
-1,-0.5,-0.2,0.25,0.7,0.3,-1.12130739352123,-1.16892478888312,-0.151041346348245,0.661330023491723,0.769963712058296,0.74804040356634,0.309196837699947,0.339960674243388,0.280020532851785,0.298933489651027,0.258561596798753,0.215892325867031,0.345156557872199,0.462412033472969,0.340052634781025,0.42095891304567,0.311972562780553,0.314585789974828
-1,-0.5,-0.2,0.25,0.7,0.3,-1.23339318296474,-0.499418381325259,-0.326622511925913,1.46988946699546,1.22599675077876,0.450101294873431,0.266944248316321,0.298596173986587,0.267288984786977,0.415025100825244,0.370402336386935,0.157027193662647,0.276501750883462,0.31887534808089,0.239699820555506,0.58730097884638,0.523232412943649,0.190561425674248
-1,-0.5,-0.2,0.25,0.7,0.3,-1.28886133224345,-0.421080551982644,-0.512525039300754,0.0848650291390005,0.532839044120864,0.0117013727062566,0.289810284862823,0.317041068259525,0.310735111774114,0.174659686914428,0.193700228852547,0.254951568663542,0.588499826735716,0.3396211022383,0.399985563688925,0.672678521021494,0.612743909184988,1.53546181064892
-1,-0.5,-0.2,0.25,0.7,0.3,-1.67988850001506,-0.338471047293836,-0.14611567538024,0.133391095094532,0.309961174112617,-0.27366295597544,0.279098339689815,0.289783872265501,0.283033661787694,0.17567837343868,0.174303286788379,0.282554471981314,0.353952558834732,0.325802264458064,0.356958658297561,0.357095614389538,0.243437173983935,0.670676808912666
-1,-0.5,-0.2,0.25,0.7,0.3,-1.12877929508625,-1.75441539083766,-0.746510846474288,-0.509168080562072,0.321487308511281,-1.43856868240953,0.326506052044511,0.393747634924826,0.329025075722796,0.126860784291388,0.130716258521729,0.499706051137473,0.52642961540642,0.506946037425914,0.390188912574565,0.37952337660403,0.233912174488372,2.2373253996794
-1,-0.5,-0.2,0.25,0.7,0.3,-1.28528254290497,-0.354663428847019,-0.502813068104271,-0.0375679842432128,0.189167706060157,-1.29169051984774,0.212586899402651,0.202794401698281,0.220813735728697,0.114814066159793,0.125010814694355,0.336232535069851,0.280360480274591,0.224046650326577,0.23653743869458,0.220617212064172,0.176060291975392,0.889058586634628
-1,-0.5,-0.2,0.25,0.7,0.3,-0.319288875850074,-0.610109749115981,-0.0703896903863311,0.427120109176432,0.808958428667636,0.321804370081856,0.217803945001347,0.244504374093734,0.184075651097387,0.198363505228987,0.207700070473445,0.213773321348411,0.261285001470448,0.289031335165576,0.188177548735263,0.270757038124043,0.237301570119713,0.385536774848019
-1,-0.5,-0.2,0.25,0.7,0.3,-1.24086509592269,-0.552910548036122,0.310567380425946,0.0825069953447879,0.33782427214276,0.31528850805063,0.302281603686319,0.328526720372036,0.306156777498531,0.180041975283006,0.180479813930091,0.290117820385138,0.380247641220258,0.367590300467356,0.402272452587374,0.326647853537146,0.244496710939575,0.644430673629608
-1,-0.5,-0.2,0.25,0.7,0.3,-0.503331988113944,-0.474170049141539,0.0992489000667598,-0.0181229546139631,0.551059350969388,-0.228873564250829,0.239153600333402,0.227450940245615,0.210923933390856,0.14452442031641,0.153786501740928,0.268177937001405,0.309670480719349,0.288136896458513,0.216298534274929,0.372475498707513,0.223534618693828,0.891907472940416
-1,-0.5,-0.2,0.25,0.7,0.3,-1.69036206304073,-0.647913460637729,0.372116086159616,0.62015047723364,0.998806487555782,0.0339920955039184,0.3096544654247,0.353751064819203,0.29177214548058,0.273968964902398,0.295397801815305,0.188486607646594,0.329949010159752,0.390484714631492,0.387336029877496,0.378584734806732,0.383654519523133,0.242265556354339
-1,-0.5,-0.2,0.25,0.7,0.3,-0.818448154398385,-0.557524387119694,-0.559438726067384,0.690514942667845,1.07920844129539,0.380375556186466,0.260508259690643,0.312343622929687,0.150802213419153,0.246013653689021,0.220174836221388,0.093223808876919,0.281241880330721,0.357734188066391,0.303332277482139,0.301202359266335,0.259700794537392,0.196502263566042
-1,-0.5,-0.2,0.25,0.7,0.3,-0.30057973244073,-0.524876060476989,-0.514858445083882,-0.0774735439599982,0.463223715068555,-0.53099080379954,0.225775919820027,0.219093539166676,0.198213477010972,0.106943606883417,0.115067156961873,0.232933734544094,0.292351240857793,0.275052434435106,0.220641292374851,0.249810469920363,0.158444932161589,0.920772381844439
-1,-0.5,-0.2,0.25,0.7,0.3,-1.05785786560424,-0.533685190981606,0.133186375540427,-0.0402804408281124,0.391666260451416,-0.565267482941514,0.249035434220696,0.260656737468968,0.229971034867676,0.139418713393174,0.144229810711333,0.292339791690127,0.32332866742389,0.283053968595422,0.205236063254538,0.255369820356532,0.163938157794023,0.782872250659362
-1,-0.5,-0.2,0.25,0.7,0.3,-0.769375105857641,-0.162410076337422,-0.388845497295679,0.765828821180698,1.04973493599805,0.311279411146676,0.218953648592176,0.250682118599013,0.141027647562023,0.22218755573941,0.208861403056065,0.174041359405109,0.24654029108859,0.279652793183317,0.149709213204146,0.340178019335253,0.262665901889899,0.283550450338303
-1,-0.5,-0.2,0.25,0.7,0.3,-1.05109514756904,-0.13594395720833,-0.251509624514642,0.804426193645569,1.48331440295322,0.382716636742499,0.296668117293752,0.315153569423129,0.284501890606449,0.327461284392148,0.32801162625171,0.10414738725348,0.320694135205617,0.361826828682149,0.280097336343479,0.341184047649638,0.344671543546737,0.11413821699017
-1,-0.5,-0.2,0.25,0.7,0.3,-1.3874056123896,-0.673233501819655,-0.179144243586951,1.18393756072528,1.14962487975685,0.371125715600246,0.2853007812494,0.365089480696392,0.297803392703711,0.363757387792093,0.326453526405169,0.174024750375547,0.305137723843206,0.354964724177656,0.242970635680998,0.428838212963021,0.358429091131864,0.264796516739114
-1,-0.5,-0.2,0.25,0.7,0.3,-1.07864986054871,-0.316681620851987,-0.0743807962798951,0.281752514439872,0.650390064794863,0.0731322375225526,0.251577137961303,0.276744300395251,0.257224938292321,0.187931220265819,0.188774754978592,0.229909628147166,0.316186987958048,0.338450263171629,0.358030726958367,0.300092764317457,0.237965946587642,0.463411630659801
-1,-0.5,-0.2,0.25,0.7,0.3,-1.56238198394188,-0.55187036784976,-0.386264484918213,0.0733517053529461,0.614969261002282,-0.333421448107786,0.290934985541002,0.316139553215659,0.303956804734394,0.183053939509209,0.172653441226204,0.246830021923386,0.336946996010825,0.435331462980946,0.358926446719049,0.348709996774513,0.270093280049062,0.541644985287723
-1,-0.5,-0.2,0.25,0.7,0.3,-1.01653675240272,-0.0116462047260791,-0.546232148908207,0.0370175172939812,0.348714262489959,-0.244576535664111,0.255806458301587,0.26029197623164,0.262117090183428,0.143096713083791,0.139675652616393,0.28014059071895,0.324304865290255,0.286059730374641,0.239515043062472,0.257690198722954,0.196215760177537,0.651337996410038
-1,-0.5,-0.2,0.25,0.7,0.3,-1.12595566521534,-1.08898642581081,0.213087697786055,0.224315305201073,0.740238033396543,-0.194695950378481,0.277042995739941,0.315057990581689,0.272395420855583,0.205557871226496,0.198000238738246,0.244228097406036,0.337520578627285,0.378665264455208,0.260035264741485,0.349162110850705,0.254747863595368,0.579345671448037
-1,-0.5,-0.2,0.25,0.7,0.3,-0.934406596197773,-1.14616153513448,0.0483668026535558,1.45654293968908,1.81017489305614,0.505131135741911,0.264418135073746,0.356350308050055,0.243117918381974,0.431495738457054,0.396703884779914,0.101213912311706,0.272297356791906,0.447698177268127,0.230327719976724,0.547097364746292,0.507999597972183,0.110033585519812
-1,-0.5,-0.2,0.25,0.7,0.3,-0.961562752819359,0.259892337792999,0.077409239435227,0.238602309268327,0.812432914967893,0.168472125303926,0.27202758539783,0.230028586526691,0.219802858006848,0.170085405289573,0.17743535042246,0.175606463533485,0.299392539094516,0.24440732085232,0.245878436912986,0.251206873802452,0.25665995877937,0.260636719169157
-1,-0.5,-0.2,0.25,0.7,0.3,-0.962395706844925,-0.792838253108669,-0.154437560402494,0.253991660102748,0.838007707955497,0.28378168318426,0.294143561489764,0.320016141160772,0.316675931119156,0.232935713251916,0.232545960964409,0.274387780486435,0.342532708313705,0.48424309992684,0.395126083687203,0.777410335094703,0.69519121367673,0.590072957516181
-1,-0.5,-0.2,0.25,0.7,0.3,-1.31362473820149,-0.498172641611125,-0.419475694793171,-0.0494582298219228,0.604811654703709,-0.576858771150307,0.287148998642091,0.324135442368353,0.267293345570341,0.152515528713181,0.155429980219439,0.285918576797768,0.392012584116977,0.394919235682964,0.355284540682957,0.312086267590973,0.218918308268803,0.781762242499466
-1,-0.5,-0.2,0.25,0.7,0.3,-1.12675313812358,-0.344495530716531,0.0474977384086218,-0.467486554291245,0.291344742088013,-3.05342879661182,0.260446279261962,0.26465511536892,0.245595392054203,0.0890124200492306,0.0842803109300722,0.655615379277694,0.350244849590366,0.327155213742688,0.307601242595791,0.231988850281381,0.12534966480126,2.41153809635281
-1,-0.5,-0.2,0.25,0.7,0.3,-1.42644944535176,-0.955897146256234,0.0234501384414287,-0.61075378590207,0.522990997074023,-2.08858239723766,0.358271091434497,0.388014027378408,0.278145897517457,0.114803477283793,0.117282104287809,0.446980521070382,0.561628819737995,0.554606958435038,0.360618694688945,0.22995323024644,0.19670090954332,1.32292962618421
-1,-0.5,-0.2,0.25,0.7,0.3,0.0473648656241158,-1.3339089459596,-0.211821109485523,0.620246387531245,1.55638930682712,0.32075168525598,0.22708129926102,0.345955083725133,0.178120124819741,0.222858043979663,0.223999680560084,0.119849189084341,0.289576279875048,0.462109996371544,0.18366811500131,0.293076399891209,0.350506064650686,0.136700029007965
-1,-0.5,-0.2,0.25,0.7,0.3,-1.47806622181579,-1.01153342301697,-0.60273634623749,0.524146566207709,1.21402671152506,0.267936668779369,0.332559298278755,0.404591686688809,0.308475076322771,0.269713525020019,0.276270294449266,0.166931470721894,0.361518226220945,0.491060532349235,0.293182728242197,0.387817915527854,0.430153104158322,0.200873517733355
-1,-0.5,-0.2,0.25,0.7,0.3,-1.45246553661474,-0.582260007301258,-0.266640315234715,0.180304365506663,0.490497303982969,-0.61918575131708,0.242247143916372,0.277292672940634,0.252692165958327,0.160317354676489,0.166014345744701,0.233548946112021,0.296245948537024,0.301388273303913,0.260306016061807,0.236951540494734,0.22409283977583,0.468426370142018
-1,-0.5,-0.2,0.25,0.7,0.3,-1.35239613634713,-0.744237288551026,-0.0732928579809508,0.0893414869104251,0.55907644019086,-0.0989583023571409,0.297869973058412,0.329977397921742,0.29478597957005,0.185834388955024,0.168248232536537,0.262318534344714,0.350529815888519,0.381139481453671,0.288137837737424,0.316577133440451,0.245276817876179,0.54010210353236
-1,-0.5,-0.2,0.25,0.7,0.3,-0.530980253891667,-0.788207642903643,-0.606936949117571,0.762987630929458,0.741991149461386,1.05767157466532,0.275290245038157,0.290407426290591,0.259413032780545,0.329462333170275,0.35524729180513,0.201763857948442,0.317069905048882,0.341305964733899,0.28067595540683,0.530497907863678,0.493734633933077,0.381958402098355
-1,-0.5,-0.2,0.25,0.7,0.3,-0.711717364760412,-0.0173180165686616,0.204992438909059,1.38242698387075,1.38413765691322,0.730647792793861,0.241632392504574,0.260229008099233,0.207924070872991,0.365548696475266,0.33309137644685,0.111793221019955,0.258970481284074,0.252575968061152,0.211481783185474,0.470120135894724,0.491641460666767,0.121474893019917
-1,-0.5,-0.2,0.25,0.7,0.3,-1.0193823441808,-0.990214827821966,0.5652062286638,0.126912149485777,0.624208131919,0.0411676129217739,0.286175490857978,0.335380542646369,0.237238453332613,0.173078593392066,0.177821201996273,0.256720369668789,0.34398780475565,0.382334258414045,0.254502159612825,0.244780736034954,0.225708911390021,0.438524026040703
-1,-0.5,-0.2,0.25,0.7,0.3,-1.08787666506699,-0.862456630529751,-0.264265877786929,0.399652399589374,0.787755381503091,-0.637175593864112,0.203796579348618,0.277841148439756,0.209156000969108,0.178368424339907,0.184438368590856,0.200654146275449,0.239125630391018,0.281436244679827,0.221411190941936,0.23508005006119,0.220761387360083,0.327083520902858
-1,-0.5,-0.2,0.25,0.7,0.3,-1.35682042032342,0.0435230508100941,-0.174081371733812,0.534049239083821,0.312493892282168,0.503451811734511,0.286794814564706,0.296315322488841,0.28630127813982,0.23625541517848,0.240352762815394,0.221893208617696,0.333772721969577,0.257983058609442,0.300982942407668,0.402212240011458,0.40979389606885,0.395947467429814
-1,-0.5,-0.2,0.25,0.7,0.3,-0.629195079310043,-1.26761598261669,-0.0944835951547772,1.76644466061592,1.78428882653973,0.719326309042999,0.245921722864283,0.314191246551996,0.245406366464329,0.5249948917478,0.431085825887603,0.105713676082846,0.261453206143172,0.368988728182994,0.295469249847294,0.633315895154814,0.499070658361495,0.139865792552402
-1,-0.5,-0.2,0.25,0.7,0.3,-0.598032577759312,-1.00733987890771,0.0890299416729591,0.350221789873583,0.96510775322074,0.0128045906000574,0.257983679526063,0.315463869947124,0.262439020060898,0.211704116866664,0.222883250899649,0.222792435902558,0.365739282893182,0.393060564467677,0.284231649300951,1.01198081224804,0.881700128393716,1.23640346474859
-1,-0.5,-0.2,0.25,0.7,0.3,-1.38200787872191,-0.0897116512384913,-0.0980263111350144,0.461456629391046,0.639776042288105,0.338522273572767,0.289598360798882,0.305836532025549,0.295445108716749,0.228524659691701,0.262347158497337,0.241788429872003,0.335009604977876,0.336088254407457,0.313642417817762,0.377230092789308,0.385963209532824,0.399811862497589
-1,-0.5,-0.2,0.25,0.7,0.3,-0.565488851508799,-0.691410659702752,-0.905100080848196,0.22504598667571,0.471878292624909,1.18928482301084,0.321517300227792,0.332273965145121,0.280446293338687,0.202914883900033,0.251537782390641,0.273648415843499,0.409938181453,0.373932395309544,0.295623595670432,0.379649230779719,0.373687111321967,0.635773000374324
-1,-0.5,-0.2,0.25,0.7,0.3,-1.17405265644599,-0.707976612353061,-0.910555292198202,-0.12311057484687,0.343595564478379,-0.591995943883682,0.272106949393224,0.271097456499627,0.250682165268952,0.140013825355904,0.138388707532047,0.33588349534167,0.350732954621415,0.306226971481815,0.271457230900522,0.261297811273342,0.178934979901107,0.83562662982574
-1,-0.5,-0.2,0.25,0.7,0.3,-0.716091463331729,-0.449770712521375,0.163159112083496,0.0964570038518634,0.643963035067748,-0.407716077190009,0.232001359204871,0.232821141246438,0.193624705945729,0.147705465920696,0.155249373206208,0.226055141851568,0.289931443760979,0.277077063844697,0.214436059230719,0.247753331407225,0.209615632401246,0.49114716141252
-1,-0.5,-0.2,0.25,0.7,0.3,-1.82905243658537,-0.511184858819257,-0.223355868730676,-0.20764638012083,0.545798646733908,-0.550741895858878,0.352899143548182,0.380867186979982,0.321937237952187,0.16603306826728,0.158014542057228,0.326346612130042,0.436944195778457,0.473154690134917,0.332112267638359,0.347359538408948,0.279841119166144,0.853801456052118
-1,-0.5,-0.2,0.25,0.7,0.3,-0.935849560553872,-0.289940915356684,-0.2028522139939,0.10901495184523,0.520462513962023,-0.00997798534261455,0.252861074425162,0.252425445895135,0.206241023392298,0.166916621650998,0.168878604326263,0.258772252068223,0.33315197888554,0.308680602103694,0.196226226169641,0.396988476772419,0.284069397571372,0.703220906283471
-1,-0.5,-0.2,0.25,0.7,0.3,-1.36216286582654,-0.0213279124376913,-0.020159782951126,0.544045141967865,1.15821185075455,0.201712436111646,0.304402075128521,0.330812879467587,0.250223602629064,0.263872778090631,0.255464732741654,0.148930645486815,0.338946561653305,0.369295861384452,0.229136696705766,0.33620267199124,0.31127916723954,0.190000996227699
-1,-0.5,-0.2,0.25,0.7,0.3,-0.88606343691199,-0.804772577063683,-0.24090451038664,0.148091110318672,0.593746763843304,0.277174338226002,0.285908854304725,0.321630215528298,0.316232948474515,0.180973232500886,0.197041695653916,0.243516834342193,0.319764417123344,0.360231563001039,0.262550663658194,0.248553797443034,0.249948469390655,0.393652344296741
-1,-0.5,-0.2,0.25,0.7,0.3,-1.24301952121915,-0.147353353754582,-0.101343263528874,0.530357968646867,1.11816319185914,0.100548332018246,0.282084782626498,0.316227329885342,0.261168001532337,0.243496754067165,0.224367310895814,0.178168759293623,0.327796940661167,0.39822907302541,0.394635147675666,0.309241444485251,0.258904474700669,0.260275846845096
-1,-0.5,-0.2,0.25,0.7,0.3,-1.4283729473973,-0.133213685319803,-0.276158497621039,-0.408365137006825,0.374181609843691,-1.45055961012605,0.301350199956692,0.286577806093814,0.248902991142589,0.116999266420558,0.118840804981537,0.400084763786816,0.437418731979188,0.350411948581439,0.321522386586406,0.276206917229823,0.179859838125102,1.45078413402671
-1,-0.5,-0.2,0.25,0.7,0.3,-0.99643658800525,-0.688527150967209,-0.334094272677886,0.39353244240077,0.529537463321489,0.0896009650439751,0.243435211062368,0.266499832415423,0.238584071708381,0.181441419499882,0.176615310255493,0.231725257468269,0.286997752965465,0.280521476493873,0.309001970319465,0.25505670116243,0.198211958114998,0.437656919709886
-1,-0.5,-0.2,0.25,0.7,0.3,-1.22774707300909,-0.0677116629166157,0.237624226494741,0.17779569258425,0.758954841421835,-0.474964144618293,0.23663394217835,0.231349727459814,0.180850700882689,0.154569123042875,0.163336979806956,0.183201732688293,0.312061596787787,0.315408591856306,0.198600947402531,0.206547650364645,0.226007300646191,0.273408870560369
-1,-0.5,-0.2,0.25,0.7,0.3,-0.840677750519787,-0.854722301073294,0.332958786112067,0.278894044000732,0.903884599332439,0.256012275821202,0.291682299473935,0.370580470671101,0.284666287753358,0.2110770679893,0.220698956219832,0.204304022384963,0.335578788021422,0.37158490760422,0.380667604382737,0.306812140627925,0.308993262528632,0.336406485837959
-1,-0.5,-0.2,0.25,0.7,0.3,-1.43482845528659,0.0577242947035743,-0.237186792499134,0.240447112114439,0.494935313168033,0.240683626670861,0.292190808435246,0.293867539323265,0.268141092790144,0.204827490993095,0.204454922658443,0.250861668512018,0.404912264507734,0.347860488374196,0.244968976855098,0.490562378988861,0.355116821383373,0.687563393958453
-1,-0.5,-0.2,0.25,0.7,0.3,-0.632960305691323,-0.802483215352134,-0.037374922889879,0.0440268239392915,0.791013529621694,-0.352862412316871,0.263728231455433,0.298967081322555,0.186953654986695,0.15446145886122,0.156360710189867,0.212963501904989,0.338526251433529,0.364428126516096,0.211832317344549,0.210657407979407,0.212489087000895,0.357406966078712
-1,-0.5,-0.2,0.25,0.7,0.3,-1.04400329418925,-0.942018721851282,-0.418213161665875,0.262988554036565,0.672683465740962,0.395181478061256,0.304437366059426,0.330376342392053,0.290458259484728,0.226336856307981,0.20219665403402,0.240776769200156,0.382083121078698,0.393072194548331,0.324929090882607,0.475461731994778,0.330934603661606,0.639155011109276
-1,-0.5,-0.2,0.25,0.7,0.3,-0.756607923117827,-0.715854910341436,-0.0391474673308926,0.28005117459884,0.687270718390753,0.16697699494683,0.248833319784271,0.300716446088858,0.247241490017385,0.184802980109124,0.178045730841118,0.213112803618904,0.291601319848095,0.34576159646663,0.235069982899747,0.274834885110637,0.214226392186365,0.393036432034451
-1,-0.5,-0.2,0.25,0.7,0.3,-1.41034412999805,-0.639925410800447,0.0519857888545741,0.968739117057069,1.49012237577611,0.428157115716869,0.319338609017544,0.399941542369984,0.341292297621661,0.353044940761554,0.328307632432062,0.128189351794896,0.332820167686178,0.469897904938412,0.487341922913509,0.403677688213115,0.372207364807347,0.146854009307634
-1,-0.5,-0.2,0.25,0.7,0.3,-1.05132290740409,-0.133964892665001,-0.83482090141086,0.113695494686312,0.586792330024453,-0.105516363771409,0.255190648729413,0.240080747440676,0.222271339913214,0.152305908791452,0.161587806442948,0.203942025915499,0.324704636892274,0.279223529452952,0.278821288720472,0.240091567369384,0.203862508903292,0.469085808142879
-1,-0.5,-0.2,0.25,0.7,0.3,-0.85717377314893,-0.539408729048124,-0.793886506324497,0.442982036452153,0.854518625720304,0.152995924303452,0.253758737748466,0.266666769039062,0.134298270322793,0.104356757709758,0.121184202373747,0.110424850147869,0.280365697001747,0.285287783665655,0.245545241862226,0.27617007472067,0.259308406777472,0.323069446300841
-1,-0.5,-0.2,0.25,0.7,0.3,-0.833948891550997,-0.591656934181398,-0.456444493302488,-0.295790961646205,0.401990385441002,-0.0975818634045274,0.320597356877,0.312703215256639,0.298599440519102,0.147904430066356,0.152580250202267,0.364206220240832,0.428593065859962,0.364890983286986,0.362645413144719,0.318253850027911,0.240596879631654,0.985714563977511
-1,-0.5,-0.2,0.25,0.7,0.3,-0.896455803774071,-0.445338431783486,-0.148827597081078,1.03459598678711,1.50898044155971,1.10986960254296,0.338400876556408,0.404468412694937,0.356379576767355,0.412925211710125,0.363655415990781,0.0859924331302638,0.3512350959714,0.479472145801353,0.397346051392717,0.550683602280651,0.476576247429035,0.0896491978476555
-1,-0.5,-0.2,0.25,0.7,0.3,-1.0692043046993,-0.447697090681258,0.165114439349717,0.245903392805467,0.415914221282415,0.0239294132992186,0.246385008340118,0.269932324077779,0.24874267734662,0.19384769078041,0.198937274574025,0.261701332172483,0.41834619113762,0.288801803027059,0.318772841868397,0.739955689811618,0.486717336295012,1.06250585158138
-1,-0.5,-0.2,0.25,0.7,0.3,-1.11985472127522,-0.1898319873672,-0.384306574260342,-0.133175803671326,0.343900349580133,-0.142069552703123,0.290255570846865,0.285497733196931,0.269816152494669,0.150515836785594,0.153913587466858,0.311839604243736,0.370418727945619,0.35282766096471,0.412153877225004,0.290660385666106,0.245282674658141,0.782884789917156
-1,-0.5,-0.2,0.25,0.7,0.3,-0.897459011709922,-0.824898421532396,-0.267232897505987,0.592628240806971,0.783684479148963,-0.149443690776528,0.207218513214055,0.259956761150833,0.222865156498246,0.193351885912922,0.188967717387283,0.200364593024633,0.240646503036933,0.276467593305119,0.292541447795685,0.309261841377361,0.243366793920617,0.367240632519084
-1,-0.5,-0.2,0.25,0.7,0.3,-0.648457276055402,-0.880249476524169,-0.298239423489972,0.112942943995171,0.553720292438107,0.891304226321971,0.323076304438495,0.337341443552432,0.323786868671748,0.194408423272235,0.186823207159838,0.310671154125395,0.36821086144092,0.519724572935376,0.360389874503288,0.499009668323554,0.407634379399783,0.544783444547419
-1,-0.5,-0.2,0.25,0.7,0.3,-1.60261622037552,-0.933791642998563,0.173008195988231,1.03891238239087,1.55874835070335,0.108059928299816,0.297082416686846,0.356522873460348,0.309695387027062,0.395441760473953,0.367726858541093,0.0907050148444355,0.3056086080616,0.650957619671183,0.36515024470304,0.593211538845276,0.60171926226334,0.105964933181388
-1,-0.5,-0.2,0.25,0.7,0.3,-2.32220616465975,-1.24483066653888,-0.952590941735319,0.347691852799935,0.805359892455587,0.118277361293392,0.374076393727917,0.383924742163195,0.359987916908125,0.271031436435141,0.26664308288759,0.250895817805964,0.458237469906798,0.523911045961895,0.515201344311649,0.333487374250294,0.279068824015131,0.405614461223943
-1,-0.5,-0.2,0.25,0.7,0.3,-0.946098613884263,-0.584230722007865,0.0312279243227498,0.710048747933948,0.796247313102938,0.606141255701412,0.269945625681431,0.316871478984947,0.25256542951573,0.286257198509466,0.27594837888359,0.197212320572687,0.330218180851798,0.340383609449552,0.200812799532648,0.801850545603285,0.605181880301004,0.616055819335543
-1,-0.5,-0.2,0.25,0.7,0.3,-1.87660109545582,-0.241497227156423,-0.102880571863237,-0.471127296732944,0.293632748628681,-2.09199672323235,0.299378005426296,0.284013911025128,0.306945051197332,0.11345060597835,0.117623474586163,0.46026366157957,0.444948079489525,0.359755120938102,0.255831125208976,0.312641879426435,0.149317866249674,1.99507650031771
-1,-0.5,-0.2,0.25,0.7,0.3,-1.37768192126336,-0.260819593487505,-0.203383490325031,0.208779491135477,0.907043207478586,-0.423767511008636,0.260938911246571,0.261661147681613,0.201171654455746,0.18958398139707,0.205872029177803,0.199414220375483,0.305480372816623,0.327230327491015,0.206954513185802,0.31759571441858,0.312247873093787,0.325741782299317
-1,-0.5,-0.2,0.25,0.7,0.3,-0.672288572966939,-0.664055747487935,0.599593458849266,-0.164575864360816,0.567938475317478,-0.837945723706277,0.257325054692384,0.279232224029506,0.226199119458352,0.120760212676445,0.126238637740682,0.326470687487698,0.338439271750604,0.342741249057726,0.298535484116965,0.235309147043892,0.166700008038653,0.829747463986891
-1,-0.5,-0.2,0.25,0.7,0.3,-1.10300746760269,-0.367680870920484,0.74163799361258,-0.0118311917334624,0.574795440069178,-1.21814098060687,0.228149473530896,0.207702530965105,0.210269783633953,0.115708719639055,0.127233812206434,0.281935134422682,0.282143400474191,0.239669345376787,0.272103241829226,0.198081562076408,0.147861228835474,0.624006669103977
-1,-0.5,-0.2,0.25,0.7,0.3,-0.964865006819428,-0.394424155676557,-0.626907766544762,0.392301927139528,0.493313919603002,-0.185331770994787,0.208590897630466,0.223251369432575,0.130093254973524,0.160782367795891,0.150415401162044,0.196820516952542,0.264481626883413,0.23876486918296,0.148480801743474,0.233866489570846,0.177853272630565,0.425716977447339
-1,-0.5,-0.2,0.25,0.7,0.3,-1.1259621015113,-0.662824443726824,-0.404412931190804,0.128644162067793,0.675636483444324,-0.526297767810247,0.257721004997082,0.284681582841865,0.242712717991693,0.160737907588794,0.15750280631229,0.228747564837547,0.30033122841181,0.296282548880577,0.361525246097159,0.217763938313607,0.200203383075912,0.329303953168755
-1,-0.5,-0.2,0.25,0.7,0.3,-1.07728041527926,-0.849066750649558,-0.245256628775361,0.63215536344518,1.05940577810235,-0.179329461119406,0.238968588971499,0.299761462699479,0.179226410085388,0.261125768286778,0.282561287109931,0.150395486678346,0.27012720892678,0.358166604744189,0.159511333260736,0.514975233030128,0.553033681643658,0.321122590142325
-1,-0.5,-0.2,0.25,0.7,0.3,-0.930057950609316,0.0975276752060603,-0.0959888479430539,-0.245632936876478,0.515613732027256,0.0493557756649319,0.312700963998472,0.286841030318056,0.264539608117378,0.143760490034786,0.145472669604383,0.312933025307017,0.437755696448133,0.397194409044587,0.328827902406063,0.294536959755171,0.23485955915937,0.753831776197855
-1,-0.5,-0.2,0.25,0.7,0.3,-0.474798528405312,-0.82327709884373,-0.436521392595043,0.729202703386972,1.2066964339444,0.753684270625569,0.270526400032675,0.349228078029989,0.282565875153526,0.303307170620663,0.264700051313303,0.118221836946251,0.278854459663474,0.398134403371858,0.257744751326611,0.385728481909533,0.328649723393714,0.142812606842225
-1,-0.5,-0.2,0.25,0.7,0.3,-0.692415093383693,-0.398433645553582,0.118991774663532,0.208961259774698,0.676399532047628,-0.159452566056791,0.228820342710876,0.240133800286183,0.182015153482471,0.153275947691409,0.165198123244588,0.210158041303337,0.279943629576391,0.266200402548958,0.180659900796573,0.230940208063069,0.22139543699434,0.371031391320161
-1,-0.5,-0.2,0.25,0.7,0.3,-0.833960203527338,-0.88698785815822,-0.719301631690076,0.339620102065181,0.88071266263805,-0.065973426841421,0.238966721763088,0.277211108920807,0.268997584160586,0.186874071707559,0.217967479042697,0.22470756458891,0.279190783390938,0.311543318831306,0.311460444068082,0.286848364529137,0.310567055695323,0.318939846677677
-1,-0.5,-0.2,0.25,0.7,0.3,-0.936329536880265,-0.872939165411853,-0.302899739592758,1.0038357683319,1.3879829956104,0.32689335954234,0.253978166817541,0.360750990118817,0.22614464543974,0.328269299002784,0.269769381971679,0.11283309382684,0.272681240615123,0.460625682553819,0.352217455370655,0.413627028940485,0.342738515159512,0.124845671144836
-1,-0.5,-0.2,0.25,0.7,0.3,-0.753951184020994,-1.9360320232186,0.146107940836422,-0.682505382354042,0.230295438698084,-1.6165159311367,0.359543115286104,0.35870303788859,0.392088451647428,0.112947331780234,0.121940134274778,0.539467081801347,0.490363422925032,0.530150957877125,0.359615386678765,0.360246575620517,0.2272640098989,2.45702304357459
-1,-0.5,-0.2,0.25,0.7,0.3,-0.715946326683814,-1.44570986154005,0.1479896486516,0.291020531426574,0.617141016480677,0.200935799911609,0.265975420823479,0.31743603974701,0.267466538682741,0.190740033246683,0.176559443528677,0.240923865186118,0.301488532993322,0.356191195159113,0.34554759773922,0.304156885422507,0.239412418633892,0.44981768767737
-1,-0.5,-0.2,0.25,0.7,0.3,-0.982655420092839,-0.631977834707409,0.034213623172551,0.115050540769634,0.811237071882904,-0.276967746011364,0.273220764850834,0.311011319446343,0.248311313754297,0.172161793509003,0.180987671576462,0.23823421202878,0.338390622933617,0.360168516189131,0.261139822481097,0.245140212481593,0.239822992639367,0.403408843360816
-1,-0.5,-0.2,0.25,0.7,0.3,-0.879727352665718,-0.865920415772415,-0.0118238558304584,0.109657970839271,0.892800641202622,0.104370394808421,0.298045164585097,0.357503096251054,0.292612012083385,0.198688397608429,0.21738225824588,0.241672534296869,0.356272772058685,0.433830148391693,0.252905941296712,0.270638369339268,0.296168791754769,0.378877484187514
-1,-0.5,-0.2,0.25,0.7,0.3,-1.16090567724828,-0.176966672299434,-0.162285719534042,0.114365646640027,0.52630626237374,-0.210062947433483,0.25175133191356,0.256591068839157,0.244605632682835,0.168630314124734,0.169691031443428,0.272844752856958,0.354356636261317,0.290130167120112,0.242081099979735,0.418200142506196,0.226803039570933,0.874018850027406
-1,-0.5,-0.2,0.25,0.7,0.3,-0.369286374231328,-1.03821273833961,-0.154663658407744,-0.172705892732057,0.617240016908705,0.103226867349301,0.305710594336958,0.345597582381645,0.299352045397932,0.161321183928877,0.18370024741433,0.327413342343684,0.405389312830026,0.405889599637613,0.365565888968556,0.254860579825929,0.254818522509817,0.598352749487382
-1,-0.5,-0.2,0.25,0.7,0.3,-1.00692434895429,0.0603442268811123,-0.28447451346008,1.44551260665344,1.71124986246805,0.323364927669698,0.225630622488759,0.218367810335785,0.157722740651523,0.374095321876088,0.357277813907084,0.115876143309638,0.250387358421829,0.277069145357283,0.143482497760735,0.535617539203508,0.51962599584901,0.152597131974198
-1,-0.5,-0.2,0.25,0.7,0.3,-1.14630882518693,-0.381859978942741,0.022425037093383,0.602385157297146,0.56306262134985,0.0251586290206632,0.218117574879329,0.242432001256461,0.224640295777285,0.213787691512958,0.212451687904361,0.198546796618562,0.247381991700886,0.275263836824872,0.263720059025503,0.31191471502915,0.250736983888805,0.330448000539094
-1,-0.5,-0.2,0.25,0.7,0.3,-0.89498548117208,-0.101528202418129,-0.580277863946269,0.782290522119393,1.33761495456597,0.580382011799553,0.304670980114058,0.319635362322387,0.232693863901054,0.302034832759166,0.292571733096705,0.158207225333271,0.348134700398069,0.340358093486654,0.243755845235597,0.390423419413455,0.386056267778377,0.185897712991828
-1,-0.5,-0.2,0.25,0.7,0.3,-1.27449406536703,0.0107915994381572,-0.206878669812592,-0.248329884075178,0.444137457807615,-0.85871425250181,0.276498628020728,0.269655657536363,0.240208506442975,0.13090932531832,0.134912432947772,0.328882669335735,0.395841377093432,0.357343819778564,0.322749132038686,0.261036114077637,0.177839187583414,0.896065193434928
-1,-0.5,-0.2,0.25,0.7,0.3,-0.996919860753072,-0.868461745192672,-0.500114885774476,-0.186229346156041,0.687761725506212,-0.429534259297178,0.316119194261879,0.37411576675571,0.291833055034229,0.153275064528594,0.144021099945535,0.32947060891413,0.414548672563036,0.471698949087395,0.310686637515761,0.251733311081579,0.173826364735469,0.681945310684861
-1,-0.5,-0.2,0.25,0.7,0.3,-1.34483893616367,-0.730099469185608,-0.298483748695329,-0.198007128065917,0.362310708190039,-0.762135403381516,0.282748461825224,0.289928601783429,0.285723222065673,0.144541401940077,0.163847711528167,0.320057682953288,0.372913213966611,0.353550909014565,0.357299617047526,0.283248191532414,0.203979657300866,0.95740116204526
-1,-0.5,-0.2,0.25,0.7,0.3,-1.51666085777081,-0.855532677675857,-0.047871367579933,-0.0645469645563378,0.44554766609915,-0.399422379334323,0.302153592035018,0.343375393188275,0.318940948887188,0.167219330084615,0.162761286254709,0.310672778460701,0.388909199642554,0.372438836056139,0.299091264951544,0.28324007272235,0.192098054218524,0.735597845011998
-1,-0.5,-0.2,0.25,0.7,0.3,-0.795169413198226,0.134746859790927,-0.567641210429825,0.195974290260385,-0.312144399171925,0.345503589396247,0.257703377949068,0.245684535790565,0.269926514905549,0.164337707477912,0.16744327312276,0.260726847503818,0.336696014067705,0.283619566982006,0.271445018233682,0.358922004781583,0.272799653746245,0.638511827714253
-1,-0.5,-0.2,0.25,0.7,0.3,-0.496855345375465,-0.890634704637128,-0.350028412481112,0.121571845998505,0.730053662653859,0.0244579604173858,0.241885095883241,0.283042402165285,0.232907295753595,0.163588961413953,0.161072759626692,0.232943303573542,0.289686041617977,0.381769974824822,0.243875536943489,0.246274280524815,0.202130628443285,0.418118591765334
-1,-0.5,-0.2,0.25,0.7,0.3,-1.14459079957493,-0.566395798451249,-0.276137298764504,0.0997983133780531,0.629192295848344,-0.00382900872170504,0.286484791790901,0.321066427104575,0.30325594626515,0.186081857531776,0.18591356967456,0.260754516112105,0.924467271388025,0.414401786185542,0.395568985230712,2.31593812905693,1.74202842442737,3.97660754341844
-1,-0.5,-0.2,0.25,0.7,0.3,-1.18628960212657,-0.405259533845953,-0.0891758820248753,0.725070721330457,1.22806301805073,-0.10164560283767,0.225064588296333,0.279855789406531,0.218358116477906,0.254792275969136,0.250524824245953,0.130042050962178,0.244192116602022,0.383552028580938,0.208958325922074,0.318180969827751,0.322968306429658,0.152236902808941
-1,-0.5,-0.2,0.25,0.7,0.3,-0.768366940810627,-0.344985882231942,0.0575861524049332,0.789337344514637,0.996489953106466,0.45799161118206,0.232206496927032,0.266796619157833,0.230128339413826,0.25067439345472,0.269713316570567,0.175649280166956,0.250414777869708,0.300928823786978,0.253651187941137,0.355215204357677,0.377432078197476,0.233887793494611
-1,-0.5,-0.2,0.25,0.7,0.3,-1.06967601905734,-0.391878319535615,0.234313195472338,0.971951872427101,0.741617225826803,0.596234609744974,0.268581031263205,0.283360654677196,0.263639730827542,0.311431100889467,0.311257562665937,0.164796172571713,0.2806660372244,0.274060308627748,0.22447929660545,0.374897256532902,0.399355482209428,0.223554972695945
-1,-0.5,-0.2,0.25,0.7,0.3,-1.44334101999213,0.106500359567875,-0.895301076816091,-0.227091061162532,0.428170854851343,-1.57410420546729,0.261250343868249,0.206853795977326,0.231323369967643,0.117238775957839,0.115453332997778,0.384448880078192,0.34919238632649,0.245680120774613,0.274961448768866,0.273441649457014,0.145817079439506,1.27627312476808
-1,-0.5,-0.2,0.25,0.7,0.3,-1.091001547463,-0.906382061460795,-0.153990699101762,-0.180098665969648,0.230507340105506,-1.28272538892786,0.238305202197881,0.254500650400228,0.249401087499138,0.119222917004926,0.11282987569328,0.375668097017611,0.356852534537259,0.319272685523264,0.221151683513158,0.289656057332742,0.142770465113956,1.44457399266136
-1,-0.5,-0.2,0.25,0.7,0.3,-1.25631030609902,0.290577669964129,-0.618923751763741,0.0873668271957624,0.563531619535856,-0.502419374458737,0.258985742351907,0.251416853244472,0.181746080232236,0.135813894309138,0.146271467388058,0.2534877951377,0.315521442844845,0.284407038065208,0.194977300989364,0.224837229243211,0.198366802867981,0.49456971801218
-1,-0.5,-0.2,0.25,0.7,0.3,-0.770965721067712,-1.27737586399937,0.126468149890277,0.373911208601488,0.679361263262362,0.727383718937839,0.303023565640477,0.351759919311704,0.270449959032684,0.243505469676664,0.237032664914802,0.252280933225239,0.337524354108635,0.41616765138438,0.315474913250511,0.354717935066505,0.320992662211242,0.372841694490418
-1,-0.5,-0.2,0.25,0.7,0.3,-1.57433084197448,-0.198534462661099,-0.232870392437168,-0.644384651902445,0.24207818475425,-1.28034198767189,0.35088740144595,0.329485860429263,0.368710214779327,0.127666697373512,0.132054193944123,0.524664087507673,0.53559509398726,0.402086449605492,0.408355317900546,0.348108279024018,0.163842442782803,2.06414997340962
-1,-0.5,-0.2,0.25,0.7,0.3,-0.468260337046773,-0.892059602667591,0.130207758688582,-0.0914836070284046,0.703881954214353,0.0158376397989473,0.284904806678519,0.311027285798991,0.256278391864551,0.16088314244961,0.164847253043435,0.279542621668286,0.352832456792256,0.397701954579241,0.280710103596661,0.384370789774444,0.289141934968886,0.778023285236971
-1,-0.5,-0.2,0.25,0.7,0.3,-0.530326676137385,-1.01691375172484,0.231284045200843,0.452096071142199,0.651422108988662,0.0631804551769411,0.198046383934486,0.242764129410745,0.191812716277714,0.182400413032476,0.170109445651251,0.191520732038106,0.225830046472944,0.322094510527425,0.200099044421331,0.291264620036915,0.239327793207071,0.298271606894836
-1,-0.5,-0.2,0.25,0.7,0.3,-1.43763274460981,-0.276771956042172,-0.475385884741789,-0.124674585773882,0.401643359851666,-0.749143346158986,0.278756625331294,0.287524714672535,0.25571134949008,0.141536035159675,0.149502642287714,0.293692198048373,0.357191398165501,0.32761349364416,0.308523421519062,0.25983777653061,0.18975119868859,0.770614579522065
-1,-0.5,-0.2,0.25,0.7,0.3,-0.98020211123484,-0.641361982758098,-0.294070305464596,0.301123189846383,0.613943811839198,0.726165845335095,0.317313491804523,0.369756930367849,0.296364355167962,0.224868535553694,0.221282912016061,0.262126358085787,0.394381546813125,0.388534130186874,0.35602483296106,0.423993807371595,0.34489372952273,0.541943490669538
-1,-0.5,-0.2,0.25,0.7,0.3,-0.928866287851388,-0.988334431013091,-0.202134020037822,-0.0700480499448998,0.68345579698205,-0.375414445880283,0.290812442878236,0.340471120280808,0.268021531361269,0.161240058904044,0.16610499096937,0.299104468593177,0.382838774661477,0.409302264254387,0.309050191924908,0.292231959379998,0.247280562326006,0.669885239263837
-1,-0.5,-0.2,0.25,0.7,0.3,-1.02541515569135,-0.080861589068073,-0.345188159268853,-0.225564738027986,0.191410465034889,-0.554575475606804,0.270853920253885,0.265563543989694,0.264482446799239,0.134828296912446,0.134397418732132,0.333087125258807,0.354517131107184,0.337515869652841,0.309241623976658,0.293515203828975,0.179208037388825,1.05927818064913
-1,-0.5,-0.2,0.25,0.7,0.3,-1.36545576395595,-0.439860609064906,0.36315534119175,-0.0979315496784145,0.363891718309029,-0.116474403547477,0.302720759266392,0.299511293266222,0.320724385623129,0.169232407573463,0.166659084781538,0.318763024853004,0.4683994230196,0.359941407430121,0.319088268963052,0.558057418463437,0.235467177784625,1.40858384350316
-1,-0.5,-0.2,0.25,0.7,0.3,-1.25786814182161,-0.405776528570403,0.0982382021835635,0.0307770464004838,0.207071531721685,-0.487036580050932,0.241142181049888,0.256579131405217,0.244176619502436,0.145600920054486,0.154639863457223,0.282681485668167,0.30241503374349,0.26864441566017,0.210734997643891,0.251008201926884,0.212167047572566,0.621974475922727
-1,-0.5,-0.2,0.25,0.7,0.3,-0.58470705540109,-0.696607600949365,0.305790253991166,0.0206475231836834,0.659078749397476,0.125786784265115,0.271979488584801,0.30212343287752,0.237307751665021,0.165013173759598,0.165321977793223,0.25267187011493,0.325420154923023,0.374851169035076,0.368305203712304,0.323193363574252,0.265104369144411,0.586178550080374
-1,-0.5,-0.2,0.25,0.7,0.3,-0.268847541849894,-0.989648900892664,-0.326636369344116,0.124297612202837,0.923882522717289,-0.224883442491949,0.249189031619318,0.277236953056026,0.202669040636578,0.1542222536717,0.163459247823599,0.206239149236658,0.297643316895704,0.333973508819143,0.218483341416303,0.233136091664739,0.214587412341933,0.33197832182832
-1,-0.5,-0.2,0.25,0.7,0.3,-1.21214558585566,-1.11155290966574,-0.664789549286622,0.733057621986748,1.11475982369759,0.152878829564489,0.262480529039151,0.336332848071612,0.265507694760773,0.30202753618762,0.31236137290186,0.192604504087221,0.321095484985821,0.431874244093412,0.367101073742526,0.59159594610783,0.537424792084622,0.369508853519401
-1,-0.5,-0.2,0.25,0.7,0.3,-0.495074587767461,-0.801427140831313,-0.104168466154077,0.292248080198269,0.567080921594118,0.450441882434229,0.243496382680273,0.279198227229858,0.242930032296963,0.195272937893104,0.189625165729641,0.254234733936453,0.289980199975508,0.325332199284928,0.320295865008767,0.319182142688936,0.288867244946742,0.443568775811857
-1,-0.5,-0.2,0.25,0.7,0.3,-1.3244886233323,-0.297100475925085,-0.2983156128113,0.649924517742466,0.330157570779002,1.33668576575452,0.374455225395429,0.373837396302885,0.367751467946306,0.328437658190284,0.291425895446858,0.275654901966544,0.463400976643133,0.43765979838005,0.365631893477583,0.707755338290502,0.510762041652225,0.605952566194373
-1,-0.5,-0.2,0.25,0.7,0.3,-0.395890759729787,-1.51041400087368,-0.214015147540512,-0.237310092671159,0.682662128647502,-1.34076843581398,0.285516461354524,0.30811424485568,0.23868700299119,0.116737929815836,0.126691821832383,0.302231492834641,0.391322135976332,0.409259098899467,0.265649032413043,0.214731909916954,0.197926595697049,0.728412910528577
-1,-0.5,-0.2,0.25,0.7,0.3,-0.943733270628312,-0.0174783142477496,-0.0205938226219846,0.804474154950801,1.20853602374894,0.0658642795448166,0.208069981176283,0.228053816059421,0.144370499659849,0.292583655673747,0.291695590101562,0.133498319898993,0.248629658811197,0.320119422549185,0.135781908847764,0.355073300458725,0.358326855067498,0.183703530941819
-1,-0.5,-0.2,0.25,0.7,0.3,-0.904922989530478,-1.17554142260536,-0.0555017750001103,0.457284768818923,0.516965569497065,0.552493924683637,0.277346511141995,0.336978111157682,0.267857391824593,0.22311754769108,0.199590394296578,0.236431725155296,0.324500928241757,0.380124857145477,0.293044257473543,0.302220726772356,0.223781800380694,0.427199584930342
-1,-0.5,-0.2,0.25,0.7,0.3,-0.736804847361073,-0.612374988194675,-0.539206211443598,-0.12706879772861,0.7327536881318,0.0548478573986389,0.307278696446297,0.346039836160745,0.207130406169173,0.162618115846905,0.160334753997346,0.294298715109287,0.415982566273999,0.405895929661217,0.354615506387966,0.270922179897518,0.214457917453504,0.599750362886563
-1,-0.5,-0.2,0.25,0.7,0.3,-0.927220928210287,-0.0146232184257968,-0.168505114191436,0.495275352735858,0.726659953093351,0.134374315294387,0.23268611257892,0.232496314866228,0.177097395576557,0.207417583583057,0.211228386760248,0.173028180995161,0.268288586696119,0.257648907573151,0.182556982364185,0.447834758181703,0.454537951914489,0.323362190634275
-1,-0.5,-0.2,0.25,0.7,0.3,-0.708206479224506,-0.973516872639315,-0.491679923607869,0.67880145882344,0.974339098917592,0.106153178145201,0.218852825987036,0.272311831761355,0.207317356309118,0.233952995883087,0.228693112735208,0.160891020216792,0.237612611068371,0.323881185897941,0.235434910094221,0.299084248356454,0.305544224746435,0.192753965394932
-1,-0.5,-0.2,0.25,0.7,0.3,-1.94013213759852,-0.63856642093613,-0.395498644709794,-0.212658310668976,0.242000121105778,-1.45225506894509,0.275259339389106,0.277034712957246,0.289505497100051,0.133399238844998,0.133271669757143,0.336264816140395,0.371520027426225,0.351758487435809,0.309908489751185,0.290161396311691,0.173311579108224,1.13293802989106
-1,-0.5,-0.2,0.25,0.7,0.3,-2.09768940025422,-0.584711983562366,-0.889816960749129,-0.337848821792651,0.283665850174205,-2.4484937675352,0.281419805354621,0.280834393151646,0.268067843614361,0.114123350599919,0.114258297308166,0.427023002048784,0.391855059358123,0.323670596316242,0.308733781419504,0.207059287877595,0.176068877674362,1.14805110669442
-1,-0.5,-0.2,0.25,0.7,0.3,-0.454564316106061,-0.551672464561098,-0.401685812938709,0.501329854291522,1.14176702330385,1.2903416143315,0.334163368283732,0.420548543730088,0.346068734439731,0.277297452429859,0.304132418912738,0.302953829277711,0.436513558235962,0.435838093364097,0.362905595024489,0.484176977291297,0.537133665589587,0.431446894219868
-1,-0.5,-0.2,0.25,0.7,0.3,-1.13376515690399,-0.280728087719308,-0.0634419136033987,0.186690847530478,0.922350197036592,-0.377974005541948,0.249568638690273,0.258959760028349,0.193828767336064,0.179017862554939,0.188555397015278,0.176346387566818,0.285524872108644,0.318741656053136,0.190044406270621,0.254859698808949,0.24393527796134,0.275562416836851
-1,-0.5,-0.2,0.25,0.7,0.3,-1.07129885347134,-0.439262077106302,-0.477579254855477,0.210867345546003,0.73692961180132,0.221302919019758,0.29351190514064,0.29538877171934,0.212884445869869,0.199686416679504,0.20603094081442,0.21653188219717,0.342895009394053,0.35453602984548,0.306496258508683,0.348159023226508,0.320794295109471,0.472076544751339
-1,-0.5,-0.2,0.25,0.7,0.3,-0.742330303971648,-0.776860324856687,-0.340563161185261,0.538247850360214,0.681992324982138,0.575134368717893,0.264838599286067,0.317546539483941,0.268129682454361,0.224544007977773,0.215109087935346,0.207135303370234,0.289819719262327,0.297253708668507,0.278992451003413,0.34992031928051,0.289464489279924,0.340417212805074
-1,-0.5,-0.2,0.25,0.7,0.3,-1.27200827428112,-0.74969825607301,-0.793957814328618,0.370510711431039,0.842463660965955,-0.0481781944041231,0.275343968731148,0.320944407662677,0.252919832046648,0.210390914129031,0.244696472687221,0.249896923895183,0.361497708310215,0.326410043214241,0.383766628642353,0.249420458118362,0.290379543953853,0.332430628659523
-1,-0.5,-0.2,0.25,0.7,0.3,-1.18331675728406,-0.665848045052762,-0.102696191390702,0.10456216042395,0.657230819933136,-0.239285195479778,0.275806634940232,0.312316064405941,0.287273719589846,0.17941340952446,0.196739332034932,0.250999424802824,0.316961288450506,0.338793323113164,0.304262152640905,0.204191290646138,0.206160874937747,0.354286251634549
-1,-0.5,-0.2,0.25,0.7,0.3,-0.701964586983104,-0.388069995260995,0.218009799397479,0.275416959687563,0.732949791552494,0.243606841639457,0.248416196542872,0.269461387563092,0.218346213434859,0.176966897705616,0.173283801330154,0.218584042818243,0.29412985780061,0.386607974035862,0.260072150413965,0.28135489471599,0.221856188307203,0.387376863212359
-1,-0.5,-0.2,0.25,0.7,0.3,-1.16778676675883,-1.03197369437732,0.199089796059508,0.745520410906842,1.11265499084874,0.215378568094622,0.264752253483082,0.336326469314541,0.259663760750991,0.297319182469167,0.273322451429136,0.186117021124058,0.294620565768218,0.525746058467693,0.387616203859426,0.399820373219543,0.368014984560717,0.235882158365788
-1,-0.5,-0.2,0.25,0.7,0.3,-0.703423823290188,-1.97238845233455,0.0270115359651548,0.186716961873856,1.04495004430891,-0.0683365947419441,0.296734004135505,0.466758418237889,0.307748880416605,0.187046482391561,0.178462875331311,0.280349067713026,0.377953762541523,0.589414753998784,0.274378700638521,0.268468776692646,0.217065525021832,0.516086420097999
-1,-0.5,-0.2,0.25,0.7,0.3,-1.19528515155563,-0.47387021881514,-0.6248696483627,1.06177794311278,1.60250448368217,0.661196620482738,0.318970637112342,0.325939242050611,0.333758189194004,0.400599109788,0.387009649092981,0.0732064355201864,0.337265586201538,0.376560719156654,0.398066237232002,0.561107661419638,0.530370536683383,0.0769755594572638
-1,-0.5,-0.2,0.25,0.7,0.3,-1.67518620314248,-1.57405963249753,0.541570244798552,-0.102324212675008,0.424087460199849,-0.806459242139587,0.311151050372185,0.362318177807323,0.308509282395729,0.177465312402217,0.204490496643419,0.353765378369196,0.445251670345469,0.437489690379377,0.374232844843318,0.370578901736989,0.382456917483678,0.988368763561435
-1,-0.5,-0.2,0.25,0.7,0.3,-1.04326985499413,-0.387552736813007,0.467696774681825,0.16556557720956,0.602435532326571,0.00215268563856571,0.274992410052049,0.285991354386021,0.255175942911882,0.166549758918168,0.173230045067388,0.230920159199619,0.325368619160018,0.313232448486236,0.329064146514724,0.224798497502959,0.263630654611175,0.346758042023101
-1,-0.5,-0.2,0.25,0.7,0.3,-1.30750041413031,-0.197377255137725,-0.748386888482032,-0.0846552296246054,0.235180514877075,-1.08697601746459,0.242711229213908,0.227360752909815,0.197976663203575,0.12361468076471,0.121183177599881,0.358755304572982,0.31668162832477,0.250197218072071,0.232178069289114,0.238168459156642,0.161356954783575,0.988125948604008
-1,-0.5,-0.2,0.25,0.7,0.3,-1.09216781196207,-1.08620365135236,-0.188385417282879,0.561211190578032,1.06747119323899,0.52978905229476,0.319939715794116,0.411794341393563,0.314658947713185,0.303231223846758,0.26104796360917,0.204228607991724,0.354718582260039,0.513602294933538,0.412039073340155,0.377819040694296,0.306892894943818,0.291336864402303
-1,-0.5,-0.2,0.25,0.7,0.3,-1.04041065658906,-0.316050333719875,-0.0531371424696254,0.370313183610085,0.804113745431443,0.223050947509778,0.277819973360681,0.316402317502401,0.261854088236918,0.227306393881146,0.218752190813857,0.212157316876536,0.322535272987845,0.32485271652829,0.340670975709835,0.454767138605989,0.339640625331432,0.500235363667434
-1,-0.5,-0.2,0.25,0.7,0.3,-0.917144866868372,-0.497301531055866,0.130478375184753,0.246570542137342,0.600259441546964,0.371483421765904,0.27667504358958,0.303200346800815,0.262643690548645,0.201036475667333,0.207804835951453,0.249164156694349,0.318527569589738,0.338483072527663,0.240668013774034,0.321754711671831,0.31986191992185,0.407098705784108
-1,-0.5,-0.2,0.25,0.7,0.3,-1.27998688461272,0.0202276307524503,-0.73480456767352,-0.0683745854363837,-0.0633251311623581,0.219097227507065,0.308740030740597,0.310466416874918,0.294449098547379,0.161839040447068,0.172558403396801,0.333238572032893,0.405318884926279,0.313802093201181,0.353367568831982,0.332754992189869,0.245951730082636,0.840544157207853
-1,-0.5,-0.2,0.25,0.7,0.3,-1.36680108613105,-0.535097957746341,-0.546226698924233,0.0269642290900433,0.489427083984613,-0.0140833878339384,0.315477284334642,0.310239959670623,0.279958679686549,0.181673748022212,0.188939051837889,0.309956133062443,0.396387783588547,0.342165891967527,0.286602054127299,0.294507253136519,0.247998221134617,0.653343958539549
-1,-0.5,-0.2,0.25,0.7,0.3,-0.942919799421356,-0.598233158611171,0.220221720091553,0.481667643244736,0.707885345449855,-0.316327139494408,0.205330903734939,0.251885378338264,0.243724855903861,0.176295759506575,0.170630195136866,0.200035655743442,0.2460485788397,0.280088481590069,0.271780567607992,0.239660806248507,0.22523148114273,0.307452009893199
-1,-0.5,-0.2,0.25,0.7,0.3,-1.13783006999583,-0.577011136942069,-0.0203726521640775,0.021282630379331,0.462525749376047,-0.22765711411731,0.267460780134855,0.295581762503353,0.261132101173399,0.160097393193166,0.184410327860493,0.269380504297337,0.352193846168133,0.319655919478673,0.290505920716104,0.27020535560637,0.243724323235984,0.639023391972865
-1,-0.5,-0.2,0.25,0.7,0.3,-0.581580508551151,-0.649402912133577,0.125700402043558,0.721896277565443,1.1213361265365,0.392191583719221,0.221261946860125,0.293517588357868,0.21077376636165,0.252867384424583,0.23703770263425,0.147930528340423,0.237639930195432,0.340611210731093,0.232296538849458,0.371164557397719,0.328359513678629,0.200312287390992
-1,-0.5,-0.2,0.25,0.7,0.3,-1.75089788799402,-0.859124990091351,-1.11732052397249,0.114820337644876,0.206938050154573,0.10090610688659,0.319171015157304,0.289662498952234,0.30504005724885,0.195045046808414,0.178756324470935,0.31071179980137,0.495059726826276,0.348948044986621,0.424374176271593,0.499228447277152,0.228927072773392,1.06089591963619
-1,-0.5,-0.2,0.25,0.7,0.3,-0.615826536566605,-0.678265565254162,-0.382165509372214,0.255129121837545,1.01405499028666,0.0750508469240409,0.259940219664604,0.30994247560097,0.231035774828986,0.196495560356019,0.204861057306396,0.191109383858559,0.323371278253729,0.358865991480135,0.253217552442149,0.286998195557152,0.302800485697908,0.297168012213713
-1,-0.5,-0.2,0.25,0.7,0.3,-0.217845079911722,-0.775365390260658,0.153976187556963,0.262538973810672,0.643537841245191,0.646346988829203,0.243860685585092,0.280603804215726,0.234148443785494,0.192179174221472,0.188428844368048,0.231344458038081,0.291359346299219,0.338671192517137,0.192676566189991,0.532658824702648,0.397546026030049,0.646911135851671
-1,-0.5,-0.2,0.25,0.7,0.3,-0.890707749170683,-0.309549146439703,-0.399616738692408,0.572507528622555,0.949793432757062,0.547901454631199,0.287550965189776,0.32130262123138,0.263628848147833,0.240090971224943,0.221609464155101,0.21323683564204,0.322599319459536,0.322856691165067,0.32233166831467,0.34804047105686,0.288732223207754,0.296962477468296
-1,-0.5,-0.2,0.25,0.7,0.3,-0.974970202957187,-0.0374180894995831,-0.766190719806849,0.626301782760383,0.0450281353581578,1.05972961117364,0.305455378664855,0.258845836567883,0.284349727567376,0.238399576897806,0.235942226583095,0.235065454905207,0.679321164798431,0.280311496828239,0.377744081977731,1.17248506797208,0.50424289266734,1.44113721053221
-1,-0.5,-0.2,0.25,0.7,0.3,-1.95115684497849,-0.296785102037618,-0.342853659230624,0.201727926064451,0.472703865191467,-0.344887642231011,0.305154902473861,0.303047261768744,0.31136399535678,0.20140340911664,0.220180609660488,0.263399303527484,0.371885214205998,0.313366833185258,0.302591879539596,0.328467129841102,0.289572488738337,0.577012498868001
-1,-0.5,-0.2,0.25,0.7,0.3,-1.19473926830252,-0.637031595611114,-0.213416546656477,-0.153217720066992,0.368256709571545,0.154937130507493,0.324587714570856,0.336514360322966,0.324514630956559,0.172982153171101,0.179657319388496,0.320583240304741,0.420269191387943,0.444734543316681,0.430980380498303,0.409070749202419,0.299246123712847,0.924956534157091
-1,-0.5,-0.2,0.25,0.7,0.3,-0.752746557688029,-0.215549610461845,-0.0141191066191704,0.0766927589067859,0.6405132231484,-0.00647317029020878,0.248949068373716,0.23584885408175,0.235983188246361,0.161976733355039,0.171682712916714,0.245885998786043,0.304811509064167,0.286146883282286,0.2581601972912,0.381576738406044,0.310890966383626,0.677871798469924
-1,-0.5,-0.2,0.25,0.7,0.3,-0.93151636193972,-0.350253518574754,0.413650737979252,1.52393327430125,1.06019572193218,0.757274326597517,0.260220840359461,0.287555271348152,0.247676891485282,0.400050874062949,0.360540650362936,0.17916147613185,0.296567030417523,0.259062732841736,0.383722477832722,0.550303837001305,0.463324327142404,0.248052952346468
-1,-0.5,-0.2,0.25,0.7,0.3,-1.12438249097041,-0.0809326397059875,-0.21089249165004,0.656671651169791,0.714900091498316,0.405602887452304,0.253536325320856,0.279778809094695,0.23894738014069,0.233794260157118,0.210719911726157,0.182052033970063,0.281876032396991,0.417215488138763,0.237859309297254,0.35999893648127,0.306644049692315,0.251470847842775
-1,-0.5,-0.2,0.25,0.7,0.3,-1.04425635706736,-1.59361587336132,-0.120222383806154,-0.0675348262933502,0.419365010461638,0.033650367167739,0.315355608300427,0.362890760773201,0.312142284529284,0.181291012857107,0.164433612703484,0.339704096218164,0.389232716515916,0.456222268629262,0.272103772938196,0.395601010583225,0.305763081742359,0.784165012489283
-1,-0.5,-0.2,0.25,0.7,0.3,-0.81941784001715,-0.340395209794363,0.203554511977543,0.373831062279416,0.901223138946869,0.361271621966027,0.280477313652808,0.303422012659382,0.255744056211106,0.210206486368737,0.218649888718187,0.200582241815693,0.345345926337115,0.324882381087795,0.233868955127559,0.291320352045513,0.298412718222612,0.308499155354604
-1,-0.5,-0.2,0.25,0.7,0.3,-1.08172907500529,-0.594586314024553,-0.449343522032483,0.280694309072129,0.57162939958327,0.144973850738364,0.26757137255817,0.287207798087926,0.191488972825142,0.197822089219392,0.197391395199307,0.235885186584218,0.327073452479822,0.321750047053871,0.234176235984665,0.298588882123544,0.243852221255532,0.429176669109218
-1,-0.5,-0.2,0.25,0.7,0.3,-1.73600741957384,-0.016370771825956,-0.33232174650103,1.55763703225394,1.94692761587417,0.0481173893737109,0.290963920330669,0.310518272453844,0.283501937813228,0.394908566718192,0.349811232382396,0.0559615232699332,0.322818313338171,0.33166169214742,0.338127039300486,0.662748360845984,0.614812562288337,0.0721722004316823
-1,-0.5,-0.2,0.25,0.7,0.3,-1.27122656615172,-0.447695869311378,-0.311629127268335,0.223917737490669,0.463415320215097,0.0344030876435829,0.267584188037429,0.28568990321575,0.270876256866369,0.185679113031628,0.175017945541331,0.244867797061396,0.341386571678057,0.347097730333063,0.296006929996813,0.413634244941764,0.303681744456662,0.571765781890989
-1,-0.5,-0.2,0.25,0.7,0.3,-1.20576740474351,-0.999228859847539,-0.42557934894063,-0.322551734296328,0.136621777830822,-1.30740314832743,0.273131019402764,0.282871744303565,0.272169295134251,0.12177763651943,0.130593873519033,0.416638182429548,0.359661592120161,0.335142944550539,0.310030265886045,0.275398652555034,0.192561937454575,1.28570799043105
-1,-0.5,-0.2,0.25,0.7,0.3,-1.62357436572872,0.0144214719214384,0.0495406354451603,0.246045516268266,0.982874683203333,0.302020608155301,0.346000548993853,0.357716398382444,0.335760856618573,0.232854809335751,0.224717427637072,0.196245375210297,0.398056502090571,0.395532323992643,0.336163903669989,0.313430788499585,0.283296762522598,0.256955160620916
-1,-0.5,-0.2,0.25,0.7,0.3,-1.26273153022114,-0.422097546135986,0.237552806337672,0.672535715483295,0.691695072075575,-0.0942165252706467,0.219817313051441,0.253346365796702,0.240388279742436,0.239935979452083,0.226454108763316,0.184100552738202,0.248908944868308,0.263805266647053,0.242041670645701,0.436368496966657,0.317238869600542,0.37401304424274
-1,-0.5,-0.2,0.25,0.7,0.3,-0.900070297037123,-0.640642440612047,-0.00226402967376551,0.841823825573654,1.24497606443805,0.263586502911632,0.246619872801944,0.314133001023958,0.239209540619067,0.256090118779583,0.228586803670267,0.165277013367146,0.265808733791068,0.374973957074804,0.24877193207416,0.31500231740632,0.261773643965725,0.210778068353506
-1,-0.5,-0.2,0.25,0.7,0.3,-0.996174929680061,-0.399921423518838,-0.0241469800577567,0.203740439598839,0.812448522196693,-0.111621808133741,0.255676997516975,0.294910666343175,0.223743408050601,0.185827599362154,0.185394850369218,0.217254728576016,0.308759793555612,0.34401557359425,0.232191432448704,0.255469684728517,0.259593103380877,0.294229927545222
-1,-0.5,-0.2,0.25,0.7,0.3,-1.35238340817874,-0.415719266277676,-0.203426377335458,0.119552221701655,0.689141026939831,0.149619587553726,0.327524910769551,0.37130672332915,0.291008483485511,0.216283839059373,0.221517396461522,0.264259660800486,0.614351852278581,0.425556194586848,0.311150501347574,0.693151364504803,0.597793433027989,1.19674971703305
-1,-0.5,-0.2,0.25,0.7,0.3,-1.36541572167411,0.444125271394054,-0.465339142642378,0.650293693707643,1.29398029709457,0.499783133711438,0.31851821389639,0.319796623736587,0.31094681009067,0.293711455135208,0.284803378466465,0.136330569815188,0.368665544312804,0.380312864387816,0.313860049455189,0.469835651013614,0.437320414557393,0.158200989732603
-1,-0.5,-0.2,0.25,0.7,0.3,-1.30094608152372,-0.743241797332021,-0.0678254878633376,0.979525524454558,0.809196774453831,0.458915791276737,0.277470880400841,0.306907569905578,0.267025534556555,0.361536014662288,0.345117208692495,0.192226161170429,0.325417522760974,0.379979245203146,0.258171066016637,0.793788819170474,0.632023038447188,0.388546846847162
-1,-0.5,-0.2,0.25,0.7,0.3,-0.8886951070772,-1.45419896590164,-0.550640810095435,1.5347081473721,1.72348922566859,0.566723007835488,0.264182480528779,0.371187118755971,0.231001751956903,0.449287673678921,0.349149528072166,0.117223304143853,0.283798145015218,0.515515264656913,0.265510714599259,0.51364727700958,0.41343275641136,0.139859085481533
-1,-0.5,-0.2,0.25,0.7,0.3,-0.769962460643942,-0.897792237229042,-0.024060314354726,0.373557040105824,1.00008693936781,-0.277164978683761,0.214709159358893,0.290202870336178,0.211936796580101,0.195033379396377,0.220375354820616,0.195364160222693,0.242448227806886,0.367016291665896,0.214929995782148,0.314819531539695,0.336666008689769,0.287385549978632
-1,-0.5,-0.2,0.25,0.7,0.3,-1.26200478101291,-0.577009665474888,-0.00965222969674675,0.645546070060454,0.665317032134132,0.233462904558981,0.266689849882964,0.315931555636924,0.276585286964316,0.249376971490043,0.24329800644999,0.198750011583728,0.305987032492249,0.345564933670302,0.308601135310831,0.309430472010743,0.338929555664038,0.289713415487907
-1,-0.5,-0.2,0.25,0.7,0.3,-0.665400293464061,-1.04662637842138,0.494474747622632,0.16281951209145,0.561030384467443,0.435170654768476,0.27533171486832,0.312751389477889,0.26813787832677,0.187821631259262,0.175648829252332,0.264074433203197,0.320738608309036,0.538280242910207,0.351818255161702,0.300002682218748,0.222370517848294,0.480403612840611
-1,-0.5,-0.2,0.25,0.7,0.3,-0.510377607146237,-0.864336358146988,0.100712063116435,-0.0566955266260803,0.47457676355248,0.493919093901507,0.300769845084233,0.332452746008816,0.297400769382288,0.173281801080363,0.175802205680843,0.302252032087525,0.367234312471977,0.384532825553152,0.331397123809793,0.316753379256881,0.238577341808307,0.672819229313353
-1,-0.5,-0.2,0.25,0.7,0.3,-1.08864013419621,-0.0589080439373325,0.19342093119028,0.690910752372373,1.3322685047798,-0.255461997956187,0.230883821016761,0.250818782281365,0.237307870265235,0.22263621800782,0.22546013160712,0.109953608098565,0.257857524899449,0.275387133926612,0.277873310716943,0.297422210854589,0.309589743180928,0.131783356489412
-1,-0.5,-0.2,0.25,0.7,0.3,-1.45711534271256,-0.494800851173031,-0.593732818145519,-0.621994183600301,0.323649519998719,-7.01094442717446,0.266107991110272,0.258235260275223,0.241841091746974,0.0843925377436061,0.0833243790378089,1.93508277029716,0.366178572471457,0.362573718556012,0.265989904538857,0.167257351918613,0.124010611007637,6.27708992192444
-1,-0.5,-0.2,0.25,0.7,0.3,-1.4165767780201,-0.20920748251302,-0.333686953549287,0.388929066060169,0.702584215204636,0.0588574038683738,0.271866258582136,0.288300350191306,0.249457000183068,0.22671131646809,0.213152897352652,0.206151688443527,0.315534265723376,0.364609516917911,0.274971856450575,0.389240137533093,0.298809688790037,0.401537492649737
-1,-0.5,-0.2,0.25,0.7,0.3,-0.734517382114929,-0.627995120112372,-0.209916741581867,0.708710086792979,1.31970074045419,0.342846022071991,0.240789397001953,0.317924348458814,0.226347935741167,0.244024944889966,0.262536820292281,0.155411680382189,0.259111631305732,0.332654593901838,0.282662913308652,0.330941539902653,0.342974118755366,0.188154401028459
-1,-0.5,-0.2,0.25,0.7,0.3,-0.957721302736367,-0.494548628557002,0.124709861370089,0.791974890173773,1.25401281172991,0.387912117190511,0.271922479642129,0.361599451761238,0.229822696419085,0.279086027331903,0.245399277767444,0.183151431286665,0.304021736310757,0.371433229028026,0.212607388509312,0.346469559429922,0.313503012174428,0.226967212825923
-1,-0.5,-0.2,0.25,0.7,0.3,-0.734084096761295,-0.497318494746934,-0.627533438457176,0.355500370912475,0.578936593129459,-0.0910211916536481,0.206454737631733,0.219686212703993,0.173032329795316,0.161941303730447,0.164144552701387,0.185871899719073,0.247451014748056,0.304150952833657,0.192956414362508,0.410249819941249,0.301020237171376,0.49455551676873
-1,-0.5,-0.2,0.25,0.7,0.3,-1.2750129938763,0.141284162025539,-0.306296950907454,0.66498489688139,0.951058758316604,0.391786476142703,0.303203420587727,0.308496160681323,0.224536566690153,0.280375815011628,0.260947963383302,0.198045572226496,0.348092945875688,0.337494783176721,0.232979314309888,0.491374338363837,0.368867457675601,0.352555165207886
-1,-0.5,-0.2,0.25,0.7,0.3,-1.68978104532641,-0.293859325229429,-0.428145597542224,0.0223872722639684,0.486941157045992,0.27826728852532,0.339859439645841,0.351393013867096,0.312305423494883,0.188888074468472,0.174827143577398,0.276849828267517,0.444255686177716,0.558847280441503,0.363077522667999,0.354760399519541,0.239880753152424,0.68276949155239
-1,-0.5,-0.2,0.25,0.7,0.3,-0.850236139343391,-0.456072738682134,-0.382932152311393,0.646335932800853,0.915508852679935,0.773234121131216,0.294217502446505,0.333737914576809,0.301718967147746,0.261256175885246,0.226771654686983,0.164047959492999,0.313500504720191,0.334999129667611,0.299780481766447,0.33453017059401,0.288466687680537,0.212074506259092
-1,-0.5,-0.2,0.25,0.7,0.3,-1.01818128267156,-0.466980642032537,-0.420183748475291,0.449951769950521,0.702687786579787,0.393505678593318,0.276905312076023,0.303523159082583,0.253199645076834,0.20520664207061,0.219694275801872,0.219534800668335,0.329186292258879,0.355156346406617,0.280531759782464,0.281971230166203,0.338986152494594,0.344142941205221
-1,-0.5,-0.2,0.25,0.7,0.3,-1.19354474037763,-0.189218171192801,0.25177036880306,1.99727059103591,1.85232502914278,0.248482231735116,0.241257488951838,0.293320182338139,0.188100489214782,0.437627937411593,0.355386424328562,0.0338494158147043,0.257808502983069,0.288787124582066,0.210698432526417,0.647356097227414,0.516047954115204,0.0389250885378552
-1,-0.5,-0.2,0.25,0.7,0.3,-1.30635635667926,-0.584228815338853,-0.31552676185963,0.300846902585548,0.723580875894514,0.353810941547988,0.318999988194986,0.340729178379895,0.300540643909489,0.237121798888751,0.206649481941009,0.255869923261765,0.362800219760006,0.430297736572157,0.329785635872897,0.357863746513025,0.269395551357306,0.441721408055608
-1,-0.5,-0.2,0.25,0.7,0.3,-1.08236873488356,-0.494338623506542,0.0775756732990037,0.338704194907554,0.713986977300064,-0.0578954473188494,0.248495082517025,0.263960110606346,0.248335621735302,0.205245358344206,0.218088511150909,0.210327272280024,0.283758110872419,0.301254972649998,0.350634963236266,0.340742798821562,0.292010299742103,0.417670467901074
-1,-0.5,-0.2,0.25,0.7,0.3,-1.14038509562292,0.081229049766038,-0.0640689302386874,-0.0603909712066027,0.512255900074175,0.08965070764175,0.302396454597283,0.280961211558769,0.213004390208622,0.15823193642949,0.172894570309752,0.274519828177401,0.464981129446765,0.329979364883609,0.203227546603755,0.341234410981548,0.322102025950143,0.835897476158304
-1,-0.5,-0.2,0.25,0.7,0.3,-0.148827727502429,-0.691074541265027,0.0720635464378088,0.269809995913535,0.7349196453093,0.652025525309907,0.245368774571506,0.307102722966715,0.237719536561642,0.190339751292388,0.176910746059379,0.224777008512655,0.333124801695048,0.345239998616154,0.328592631799478,0.460917431181053,0.346628692408352,0.702126342739814
-1,-0.5,-0.2,0.25,0.7,0.3,-1.18465891832311,0.208301073480524,-0.309236705015003,0.308513178476663,0.600085501207224,0.90317117598887,0.336992676826394,0.357761711674617,0.341982155005311,0.228932947234675,0.234151629096852,0.291651279069243,0.42418664562053,0.391944506574369,0.381996295369224,0.47949041234626,0.434253910503713,0.564397160165333
-1,-0.5,-0.2,0.25,0.7,0.3,-0.815279793940123,-0.517719200432033,0.136650447723651,0.0768835658146672,0.807229189025365,0.0308333531874742,0.290912750328365,0.323795137624405,0.239687712275514,0.174338698484222,0.169838077900894,0.243454391631302,0.36620760658797,0.39691466969944,0.289343453950742,0.377633139333107,0.327172178556895,0.646930552595642
-1,-0.5,-0.2,0.25,0.7,0.3,-0.899161573406754,-0.745037115833246,-0.411431602123711,-0.142291288021976,0.563128358411923,-0.408108051523891,0.290487564652529,0.296534987051646,0.220466299405919,0.147976596375541,0.14975363048604,0.300351518573871,0.354099914086918,0.347312375366081,0.204028510433457,0.244334163376028,0.195842686280126,0.599321761911727
-1,-0.5,-0.2,0.25,0.7,0.3,-1.46345495476469,-0.236910059633971,-0.473469599710498,1.00474523135182,1.11417917788888,0.124731069703051,0.26851693979741,0.285918957505355,0.181212826033107,0.3442979742546,0.299314064271006,0.114663777288878,0.285371871518498,0.301000868098633,0.267950895737257,0.413030769620285,0.348966000340994,0.149804733366992
-1,-0.5,-0.2,0.25,0.7,0.3,-0.752279222433338,-0.120666232856745,-0.125501218599039,0.167849479693911,0.655743985658107,0.0485076438492436,0.226704073612889,0.237207128090758,0.197431077679262,0.164598726446987,0.165110589019017,0.198269706024791,0.378663229579817,0.347003341558054,0.192533105396876,0.513481465090084,0.365163089546782,0.873000000763007
-1,-0.5,-0.2,0.25,0.7,0.3,-1.11126064180678,-1.25589979221889,-0.450805842427009,-0.307086945480191,0.493049938062945,-1.01350714501954,0.301667258843086,0.338406176410277,0.354462775951688,0.139982375814121,0.148691048017859,0.395218877221014,0.436151795051624,0.42000409020203,0.312854721777301,0.302864539338693,0.230226291956923,1.14922970139524
-1,-0.5,-0.2,0.25,0.7,0.3,-0.841054130941784,-0.384790511291277,0.0819634351118022,-0.115422971387849,0.459041069180046,-0.471246114606539,0.260449015360347,0.265474176013812,0.22163983854142,0.137992052448746,0.139234778433413,0.311578053050632,0.353740899405033,0.315626426701958,0.222897374801392,0.380124354748716,0.280132641914883,0.987298569226322
-1,-0.5,-0.2,0.25,0.7,0.3,-1.82609281256042,-0.2033568569875,0.599219424902537,0.494907588915985,1.32306600384246,-0.258398632743608,0.321019364477388,0.305008834551218,0.261887934677586,0.267156126503433,0.293130458470819,0.121240885311695,0.367490005219595,0.326861701168219,0.297158902016082,0.318830870021222,0.37311540584199,0.138569085656082
-1,-0.5,-0.2,0.25,0.7,0.3,-1.40966498633659,-0.0326001284763269,-0.0120706460876519,0.870010964159823,1.53393676210853,0.0170239594640359,0.289897861061119,0.305489897380765,0.233385892091843,0.327574444190934,0.335604963318206,0.176582032187351,0.35985512348515,0.410008994385168,0.256606317567404,0.395141246149605,0.427996664848973,0.195009640115711
-1,-0.5,-0.2,0.25,0.7,0.3,-1.25596910760287,0.105400571955714,-0.351417013618462,0.000846775520682095,0.874444452266354,-0.24769639699825,0.282590337497574,0.275655093466814,0.213215907154788,0.156885660633608,0.15625038211848,0.22199983796649,0.364395953282283,0.351300578134219,0.194752665237076,0.241095571933521,0.232449563104495,0.345396205626856
-1,-0.5,-0.2,0.25,0.7,0.3,-1.13445615913292,-0.570894320637681,0.0688554188316475,-0.131195889256278,0.621409286993257,-0.221892622422775,0.309144166051408,0.326398158740743,0.309609360713303,0.155656985528905,0.16467485632229,0.282903885880435,0.389421390211249,0.371082126416766,0.334901654763023,0.252121984166721,0.20219588619921,0.64500049026221
-1,-0.5,-0.2,0.25,0.7,0.3,-1.21121043763101,-0.488835327849653,-1.11310598609572,0.269076536426324,0.633253131116806,0.221047399099697,0.289819483535171,0.267928240991631,0.204765190982671,0.189779161298626,0.198961995547504,0.247491005207268,0.393001531654434,0.296766525991194,0.282610058755526,0.30271839894918,0.258343108110454,0.551259467321987
-1,-0.5,-0.2,0.25,0.7,0.3,-1.2755796615121,-0.481591739179282,-0.78863669326175,0.32031409976142,0.719017918458362,0.433946598073352,0.323323730025101,0.304854098776427,0.262693149202763,0.232845759959236,0.214331603962198,0.235861604035092,0.373379268695504,0.384730812722178,0.275341852692289,0.444439014399556,0.331034703867225,0.527383919477377
-1,-0.5,-0.2,0.25,0.7,0.3,-1.1981697306016,-0.995029056638449,-0.256842317216369,0.213343899125953,0.282421024151376,0.152770562324775,0.273360139059652,0.279589964851198,0.252231906706047,0.186287420086439,0.18214118076642,0.255741224890626,0.330064462829706,0.384576088898303,0.27770425771067,0.340696059858104,0.269522530070365,0.524065197277416
-1,-0.5,-0.2,0.25,0.7,0.3,-0.767848436779833,-0.840090842008056,0.168971419737116,0.229346982127438,0.984001114356067,-0.034448650576674,0.261694833729606,0.331531417825231,0.208544270339875,0.203813213111521,0.22267674102745,0.187618076850764,0.32285736627292,0.346227741280173,0.288813105346757,0.298847478869379,0.304225928092956,0.363425802694356
-1,-0.5,-0.2,0.25,0.7,0.3,-1.32017998661411,-0.773038684831848,-0.332052093927683,0.0813041940257495,0.396618907639564,-0.210364987397372,0.276695391334916,0.285170179202431,0.274584054608887,0.171747150400417,0.164541194618344,0.291581187760135,0.339052736157261,0.344871790854326,0.355050623125302,0.313534531343617,0.225780571414543,0.601755434205727
-1,-0.5,-0.2,0.25,0.7,0.3,-1.45091579635285,-0.800991480299713,-0.350571643283795,0.398697869975,0.704727481964295,0.236063148566455,0.311012040576947,0.337145532049703,0.296334276248913,0.227592058962982,0.196632451544142,0.222864319295801,0.339189254394841,0.500655524532967,0.335888622545742,0.285504233534218,0.234253970371781,0.32982226775462
-1,-0.5,-0.2,0.25,0.7,0.3,-1.29460062001664,-0.0824895568607042,-0.134782549747886,1.15572646924158,1.13005405835243,0.497511109496335,0.284366723124708,0.311364647153601,0.293558147232377,0.373678344013076,0.351231614271297,0.134242371990559,0.292702116913475,0.329302534464353,0.349837006221712,0.528340977593274,0.546589769735059,0.150597893354867
-1,-0.5,-0.2,0.25,0.7,0.3,-1.16837004914658,-0.493303098951556,-0.167676348593753,0.455333585862797,0.741886264784633,0.260539872935942,0.276433526521733,0.316165412833039,0.303509804958032,0.230690156194044,0.224998055508315,0.22790856217011,0.323122737081123,0.329116189262123,0.270848064940438,0.431829590367363,0.307988139522592,0.466096362527636
-1,-0.5,-0.2,0.25,0.7,0.3,-1.27137048789837,-0.680738742628969,-1.18187360388695,0.136062028924414,0.553808766626162,0.0838193569095345,0.289461142785604,0.297728326066243,0.228598012526898,0.178381731713243,0.168400943286325,0.254757791433861,0.383719646501424,0.342406411216777,0.299101353243679,0.350562722207017,0.277380200214766,0.625723883834206
-1,-0.5,-0.2,0.25,0.7,0.3,-0.388792299121584,-1.46921033725842,0.396896640530034,-0.029285329096363,0.672026621424722,0.145626232348268,0.294591538110935,0.365597703853317,0.283060662547782,0.163884710240976,0.163178052394846,0.30009513776943,0.370380667842422,0.426603556004364,0.273236120905028,0.266180118296453,0.202120129959739,0.674761123409527
-1,-0.5,-0.2,0.25,0.7,0.3,-1.28417915746719,-1.32020701075343,-0.00986053075942165,-0.535322890281266,0.315181767152567,-2.59754245284005,0.298421031984911,0.353807008305699,0.293817691275717,0.110693283162786,0.103191180437917,0.477546541770629,0.415309748646266,0.465621210325799,0.412192715898446,0.226462153616899,0.167268683067136,1.41991897014497
-1,-0.5,-0.2,0.25,0.7,0.3,-1.37773597981174,-0.226337339529977,-0.0988897669614526,0.973717990540087,0.669137009403521,0.588345395052188,0.294969309576209,0.3440891721958,0.305593083612623,0.29704606370643,0.313701957183888,0.189938754780258,0.312696549301558,0.298379306485897,0.270543513262274,0.372681014681819,0.456797334115032,0.301482312735876
-1,-0.5,-0.2,0.25,0.7,0.3,-0.705373153816753,-0.113171601358218,-0.825854671644445,-0.01328900744239,0.322007964734549,-0.178388640153933,0.250820949556532,0.24104862097243,0.234166181944143,0.138919432269859,0.132830234314829,0.299002236858021,0.309707419532697,0.263322907670522,0.270694061723954,0.291395683951751,0.196820379418837,0.771219237537936
-1,-0.5,-0.2,0.25,0.7,0.3,-0.592656098830878,-0.631818224280958,-0.250933108429198,-0.412955032546835,0.390623407812063,-0.771344897046352,0.294283631387806,0.279225961476068,0.271969972100304,0.121002916186191,0.130100292541812,0.418195913633188,0.401282568132797,0.354390541639776,0.275518765586759,0.314393757009064,0.194817655087043,1.45147980928257
-1,-0.5,-0.2,0.25,0.7,0.3,-0.937306508027883,-1.10715826693341,0.266807921804422,0.297459219136964,0.39258225608526,1.33157843669558,0.359317638250521,0.419214097355351,0.331503397197045,0.2542288242457,0.295734349969228,0.3248187388617,0.491573855624859,0.446047493214815,0.389162910717659,0.529476771842364,0.592941255997724,0.727509849380919
-1,-0.5,-0.2,0.25,0.7,0.3,-1.04494920417183,-0.860967434407065,-0.220806787586149,-0.191771887978549,0.509133039188617,-0.0331085960299969,0.31048487537976,0.32741920536306,0.294540044536963,0.167550539920492,0.161483356236596,0.329271933967149,0.402572363138287,0.478925782987409,0.386970687726144,0.346364245436573,0.219210363212162,0.813306399841782
-1,-0.5,-0.2,0.25,0.7,0.3,-1.14409465753119,-0.619572184626373,-0.0452695582177765,0.20376140053579,0.878447285758074,-0.0300752201215646,0.290411448394863,0.332345606859202,0.296409121834681,0.207483214003952,0.208925904974571,0.250924097673905,0.377984279129737,0.406855075801265,0.247766858099185,0.463917552244285,0.315399249990268,0.776569728575554
-1,-0.5,-0.2,0.25,0.7,0.3,-1.12209828854088,-0.100839111930846,-0.203431656011897,0.176423875154253,0.336300508274873,-0.271936016779495,0.227766479274271,0.23524264287547,0.226338970542609,0.152670343210455,0.146858337404071,0.248058710634455,0.282879677669863,0.256863530136164,0.1964833511729,0.282375666406105,0.196610594034706,0.552785334660716
-1,-0.5,-0.2,0.25,0.7,0.3,-0.774110223008965,-0.203308189542808,-0.26208871185566,0.263191304286705,0.634595203272823,0.380319507035575,0.258322869075276,0.246583680493953,0.230358692881927,0.198107131051023,0.20460797809143,0.226968567803634,0.302507505482936,0.329695170683517,0.251891325957572,0.382569543646618,0.324614194379845,0.54141849173964
-1,-0.5,-0.2,0.25,0.7,0.3,-0.269862667859685,-0.942678017711678,-0.410047637211287,-0.234383719479991,0.596766612612712,-0.162201813850535,0.285415148782047,0.297500802752549,0.273629385807036,0.136118272134882,0.136542935142001,0.318368346951221,0.373741060129833,0.39458580129959,0.289526223559036,0.229662948383784,0.17132769058212,0.659345246858588
-1,-0.5,-0.2,0.25,0.7,0.3,-0.561304598216968,-1.15785847726269,-0.739627809490515,0.788212911527566,1.72344023583592,0.21779887254939,0.260223324421518,0.322975300242576,0.27423288224522,0.249286284184409,0.26571817547479,0.123398216890001,0.285058567242504,0.336279762278857,0.282991111253726,0.285669779463474,0.303849246269106,0.148076617580453
-1,-0.5,-0.2,0.25,0.7,0.3,-1.47775708924747,-0.702127795914439,-0.285180403429579,-0.167059861354062,0.42708463076638,-0.746789683724563,0.286287335585195,0.286560185507257,0.288648599832745,0.14993034572819,0.152796267296479,0.308444328564729,0.380240843681704,0.368842722182832,0.303016581728927,0.345428671707838,0.215583215691294,1.00846310847842
-1,-0.5,-0.2,0.25,0.7,0.3,-1.22586148314909,-0.494955518288552,-0.245296693385109,0.60302129790422,0.548660761373799,0.479637752115677,0.283997250122017,0.303464304597662,0.278289870040809,0.269450008596419,0.251853111593158,0.231811522228063,0.321016000036228,0.321311846257233,0.373989076872407,0.389155378219204,0.314444497911567,0.401865833921384
-1,-0.5,-0.2,0.25,0.7,0.3,-0.96130811956805,-0.446479738718301,-0.247474315042862,0.338606735886501,0.456085125912023,-0.31467303546877,0.200083063278524,0.209902487558305,0.186523440278127,0.163762476964872,0.160447990897904,0.208211238700012,0.245190123470312,0.232441938942454,0.297656399038139,0.251467994010169,0.199187645154187,0.421265283151089
-1,-0.5,-0.2,0.25,0.7,0.3,-0.949838411910163,0.00993472998364313,-0.143178210575612,0.0770945938182726,0.434056015276522,-0.433881019463856,0.226270249930617,0.217500135701149,0.172513745772749,0.140549179533828,0.13865674859528,0.256821334810131,0.283920231384328,0.253115622335966,0.177777773642272,0.267337692150597,0.179980595248018,0.657614482477371
-1,-0.5,-0.2,0.25,0.7,0.3,-1.3821224439368,-0.359500201538557,-0.528285075746583,-0.242985263582716,0.201578474744989,-0.703275454615564,0.284022196569693,0.281508711230575,0.297366493903415,0.140335911546099,0.141423394945206,0.364175782342421,0.414969145924935,0.319783190924129,0.294889495702983,0.3394216437609,0.200590903632897,1.28034198490054
-1,-0.5,-0.2,0.25,0.7,0.3,-0.959013525042891,-0.556104352224537,-0.548193939251849,-0.466335245806137,0.388212969942039,-3.85364938174428,0.244102854128763,0.194043739772917,0.195245842730229,0.0859232517802462,0.0978660673711383,0.854228233539437,0.328767350774071,0.247042428033659,0.233019208536396,0.176980013729404,0.11049648773974,2.32804659174891
-1,-0.5,-0.2,0.25,0.7,0.3,-1.15287326627644,-0.34652365478728,0.436007492694888,1.04475119834482,0.783150416766615,0.303172060866881,0.23574019240652,0.231479894186625,0.196033749476921,0.323634732495676,0.295117871598782,0.162347339964164,0.265933098589537,0.250527236423109,0.275663096000589,0.636118524247397,0.556147150375661,0.229696230933605
-1,-0.5,-0.2,0.25,0.7,0.3,-0.989455509787118,-0.649816012279708,-0.42904419922267,-0.231801619997961,0.7017909736061,0.0323474545395633,0.338645236827875,0.381945055344958,0.263025480144253,0.170037047852784,0.164625315361189,0.316085799688053,0.229575129764847,0.474089395779213,0.343172036054235,NA,NA,NA
-1,-0.5,-0.2,0.25,0.7,0.3,-0.499654081599485,-0.145724889626111,-0.0354263528566404,0.413650180075407,0.603894314679402,0.853149907440111,0.265743511476224,0.284481263408141,0.225514900308208,0.216754110330739,0.22283384531661,0.213902613051557,0.348234173657307,0.282912146513127,0.186715837971632,0.482015845020164,0.451256135190526,0.492280600876586
-1,-0.5,-0.2,0.25,0.7,0.3,-1.30494558309407,-0.606121894345857,-0.559371808598823,0.774844573662696,1.17597643308488,0.00516164610455742,0.271584450705395,0.300172088146433,0.268835629884066,0.245187805350533,0.265482238097974,0.159331261877428,0.301529609226786,0.31080093174205,0.341733785367164,0.281208294263774,0.355059295682599,0.202383722762814
-1,-0.5,-0.2,0.25,0.7,0.3,-0.72885321848421,-0.170967726000402,-0.482544509070682,-0.0315156121076135,0.704951387104769,-0.0156116404031894,0.298337451495524,0.267162583329524,0.275303568452821,0.150382913686663,0.156850498945994,0.267736185325035,0.357695869381464,0.306145578404584,0.302995053272368,0.307430229747149,0.260582703080481,0.610723095481393
-1,-0.5,-0.2,0.25,0.7,0.3,-1.1554284320305,-0.470450040638444,-0.736563361475011,0.319122473849207,0.857885199921138,0.116068955875707,0.292733314533136,0.284922995857668,0.284599255026829,0.212130850030761,0.221526173748661,0.214137351620022,0.337589007123776,0.300853136572051,0.276848899379457,0.311237978576149,0.27275855674915,0.40879150291826
-1,-0.5,-0.2,0.25,0.7,0.3,-1.10344498474494,-1.05378056204506,0.178298174047194,0.20102467609613,0.657930773288662,0.274318871066434,0.315299899078781,0.392956898475262,0.3203026261222,0.2129848754303,0.190162759396554,0.268574481934141,0.378256843370047,0.443879977518363,0.381015086044,0.380786086294379,0.287761793253221,0.491365927806057
-1,-0.5,-0.2,0.25,0.7,0.3,-0.490236181113459,-0.641879185143217,0.0722163666153811,0.897263149552213,0.879907804602101,0.803572866160986,0.245654690280937,0.296872711710472,0.25675044378921,0.297169916686373,0.305915079820881,0.21018558969564,0.276943899871685,0.294798466045125,0.242073374114046,0.384488568810568,0.394096783981778,0.322898604061128
-1,-0.5,-0.2,0.25,0.7,0.3,-0.814725044577753,-0.197333061131393,-0.194415189241468,0.750189361489572,0.895893289715342,0.320994161438056,0.216707103837924,0.245033592642612,0.219771069471836,0.239017547328964,0.230617942877451,0.154715440808173,0.246457659697312,0.278273806329143,0.210633525661302,0.266088458429437,0.235607664455621,0.198885573076068
-1,-0.5,-0.2,0.25,0.7,0.3,-1.35333243569952,0.0385597308337984,-0.0442406746951693,0.139667426687933,0.746365150631352,-0.232987764836585,0.266120619955885,0.250669249183725,0.205279767497758,0.168805674135833,0.176510270969272,0.228538463375614,0.335839430648791,0.326292574005534,0.223611177244055,0.277667411046204,0.282790219168563,0.361475701317205
-1,-0.5,-0.2,0.25,0.7,0.3,-1.5049165982694,0.473732413286558,-0.368182274692808,-0.108471108855409,0.709972685193552,-0.227562858737893,0.29476842691166,0.250248664811876,0.205990165930387,0.149575996125386,0.14511840242833,0.233976461383677,0.49942117565603,0.496874231921493,0.188453588748177,0.254619886429176,0.280503701037766,0.439093224210918
-1,-0.5,-0.2,0.25,0.7,0.3,-1.22848723799631,0.0816774947975731,-0.497164678106279,-0.0302144817329631,0.564731560664478,0.0545155391781253,0.306011328818301,0.273598306255897,0.251581770469955,0.158507155710306,0.152669630246208,0.285782319623431,0.398698884467185,0.31609624426758,0.261409989274722,0.366474534845295,0.283488320176432,0.778336770558683
-1,-0.5,-0.2,0.25,0.7,0.3,-1.23822465384319,-0.172287758344307,-0.720592338035195,0.873755195570632,1.3160732051227,0.542403033907034,0.283099616015779,0.28788252671909,0.179645081115295,0.152801640810878,0.112319546643107,0.11520885873052,0.322775734541754,0.297657836462359,0.165082900014327,0.393614198683645,0.401701687813095,0.133321522078829
-1,-0.5,-0.2,0.25,0.7,0.3,-1.64443860219067,-0.245070355904041,-0.275961346703636,0.234269965172104,0.815262632008067,-0.274553687053605,0.28677644351728,0.304674057892246,0.296063027032585,0.218692340066288,0.233296739839011,0.200285523064141,0.332276914125186,0.400685645931337,0.379809992880853,0.358017780406614,0.366339580182739,0.320282054050147
-1,-0.5,-0.2,0.25,0.7,0.3,-1.51279179500053,-0.714068838777993,0.110391584177007,1.13373949012811,1.33473663344922,0.153300437555209,0.291490182781882,0.348057573416095,0.29893033597766,0.360269415617313,0.3262740036224,0.10669086275455,0.305186924581448,0.361147888589126,0.328793508778602,0.419724178669155,0.399708824474764,0.115868659736168
-1,-0.5,-0.2,0.25,0.7,0.3,-0.818981616789737,-0.788486104099112,-0.42382071957072,0.467767939519579,1.00710783757864,0.287975683410463,0.270186958004793,0.317239157120321,0.269691449944424,0.240675233815666,0.228454702391693,0.197164722456966,0.340205804706707,0.413104310030069,0.274416497162036,0.429069964653035,0.352115243817304,0.427488889385538
-1,-0.5,-0.2,0.25,0.7,0.3,-1.57966588655086,-1.20944030716598,-0.582264777305033,-0.0514702558463394,0.39247061535482,-0.544786927989204,0.304394938236501,0.306086212229113,0.287447226304734,0.171032486949311,0.179369220157147,0.313438496517125,0.353463575143167,0.545001775531621,0.378357317424408,0.312043717965582,0.277926347358249,0.645144979377702
-1,-0.5,-0.2,0.25,0.7,0.3,-0.982886131123533,0.0341529127602221,-0.571220306804209,0.160656381296676,0.553306585167783,0.155004299682887,0.265031322670079,0.255070660395438,0.234104582234015,0.163675406531251,0.165133539625847,0.266103864997262,0.333012177871415,0.3062620471901,0.23599152722493,0.308076408782405,0.246292104654268,0.547174021604847
-1,-0.5,-0.2,0.25,0.7,0.3,-0.783551641798929,-0.91606490000223,-0.421595853648182,0.505708834847585,0.89049223129094,0.551836853674026,0.278733738608943,0.331512356221257,0.29893436405921,0.258717107097269,0.236266262908997,0.228129666603428,0.301014368140542,0.410283899728146,0.246094290960275,0.44122646765744,0.366133454025124,0.305457269441973
-1,-0.5,-0.2,0.25,0.7,0.3,-1.05649623338379,-0.939173821473388,-0.445631165840348,0.498904575688867,0.331139517078564,0.264201877644131,0.257446076273861,0.258677521898441,0.239356369152339,0.217698406501556,0.20866491280295,0.231617197165933,0.29792250288391,0.289241041229578,0.23618521472336,0.335940768381132,0.267060888455651,0.43766769213833
-1,-0.5,-0.2,0.25,0.7,0.3,-1.29417892670809,-0.827731664479244,-0.363754001367581,-0.0233980565060729,0.382075715164926,-0.200936792841221,0.289289314797787,0.307324366968726,0.282850968847803,0.161591258604069,0.15834431470218,0.30303004036453,0.362657827123407,0.349496322003365,0.409678547228652,0.257559551168064,0.212815701798575,0.630358605615447
-1,-0.5,-0.2,0.25,0.7,0.3,-0.169158123426064,-0.591481159706352,0.0541639837385137,0.187449654663297,0.645111002411518,0.272024841493512,0.227273069256061,0.255152421993883,0.200513287901331,0.155033814705987,0.152634508211108,0.229278480598428,0.30691494235309,0.305061139176245,0.195515648462216,0.293844631306755,0.21182285999778,0.601362378151593
-1,-0.5,-0.2,0.25,0.7,0.3,-1.42338262154357,-0.843572750099919,0.284323287421353,0.0216681137645191,0.433946469521363,-0.702058783148877,0.263828672600538,0.277611883030441,0.251711279506083,0.159726113960793,0.162735705004692,0.301407308201918,0.330494316407894,0.318998495381559,0.342549352333698,0.32458114277917,0.232972759254488,0.760499466578773
-1,-0.5,-0.2,0.25,0.7,0.3,-1.17795303431398,-0.329001991883153,-1.00744412950305,0.119413548478513,0.515043695682568,0.0801598944797988,0.27802283914927,0.276773985415666,0.19617600448182,0.122496127196931,0.10666133941916,0.135272454109833,0.36623131440012,0.344027311412658,0.473026511070659,0.264677000908507,0.20423147760883,0.541502091788525
-1,-0.5,-0.2,0.25,0.7,0.3,-0.705063045643061,-0.863250299426041,-0.188478659767293,0.782836510883448,1.11085320540706,-0.109851846027327,0.17825771019706,0.268067338692087,0.181153817442794,0.237200041129672,0.224600575161243,0.141079619626737,0.196791551315371,0.279173974258209,0.18398054107184,0.333101481150362,0.303913982148241,0.198435501299503
-1,-0.5,-0.2,0.25,0.7,0.3,-1.35070348510773,-0.637453328477055,-0.0864831477598063,0.828160240549421,1.27129481631386,0.388574935588254,0.313204663179583,0.368100233233614,0.338450926334808,0.34776333831709,0.333583027874284,0.184801869289686,0.339880879402912,0.390750700955286,0.364218779042621,0.514907353441345,0.414717488752959,0.289037216706557
-1,-0.5,-0.2,0.25,0.7,0.3,-0.825511788112795,-0.0296074158681993,0.213096917522691,1.31892453935207,1.23483457887733,0.578107114640852,0.233658034819511,0.25970383630463,0.228986362180273,0.415350614445758,0.36296153699685,0.111208424601257,0.247458873719476,0.321785114373594,0.290417917916821,0.574362603507129,0.509434884496499,0.144237903938407
-1,-0.5,-0.2,0.25,0.7,0.3,-1.04298194391931,-0.789755810855748,0.477837377223587,0.14071681947702,0.438879607504689,0.0623472744298303,0.269536512086432,0.282337386704885,0.257839413899439,0.177785700003471,0.174177993300285,0.271681219371078,0.362163904594812,0.346510899764584,0.454135870177841,0.418320914921082,0.221250432313123,0.883187431820752
-1,-0.5,-0.2,0.25,0.7,0.3,-1.41342274955532,-0.69209080838859,-0.793671833938838,-0.0672460570165799,0.717895814587019,-0.215050418266074,0.320209618132805,0.341567810002418,0.31112089360983,0.168762435314783,0.171514615853906,0.295789685221188,0.435868837419871,0.451339923839734,0.53847554511548,0.222555831787951,0.195860706034451,0.551216480724636
-1,-0.5,-0.2,0.25,0.7,0.3,-0.515959110574969,-1.64186701154306,0.643973777839812,0.237888205594291,1.18495287335348,0.262774628161549,0.324180843672598,0.460678138423856,0.312640512737892,0.213794210821474,0.203320729203109,0.224584663583613,0.405516588669265,0.509045759241758,0.444965754163126,0.293755821837119,0.280620825941553,0.309351669142585
-1,-0.5,-0.2,0.25,0.7,0.3,-0.91718483606228,-0.392652445872102,-0.0216375942621298,1.13653102470559,1.21039622155272,0.569725285162641,0.247512036096091,0.298087892406347,0.264385536123913,0.431251167879876,0.422359506114567,0.137662016758432,0.266896789293285,0.332153213420588,0.30577590535809,0.527154591350093,0.452788380809824,0.206521995524961
-1,-0.5,-0.2,0.25,0.7,0.3,-1.46574304586285,-0.675709075612837,-0.734785589226408,0.183760148692878,0.920248479679031,0.1147504837663,0.351087184121114,0.358418190198579,0.238956088963711,0.231113057642482,0.238445970006217,0.282976813084957,0.508988536900123,0.431998915482291,0.274050966816236,0.596910922309318,0.483765592235009,0.890087862014054
-1,-0.5,-0.2,0.25,0.7,0.3,-1.00737650685413,-0.203875494201387,-0.528335410279984,0.873984159379562,1.6048060686196,1.00904863005889,0.360856653581177,0.401358345512591,0.354506757235306,0.451538144220943,0.437404276561981,0.246419078690978,0.46752554133508,0.441998939251394,0.43362718490845,1.06605685421422,0.890567112895597,0.612006884404507
-1,-0.5,-0.2,0.25,0.7,0.3,-0.330957067398814,-1.28709868637325,-0.800789690859131,0.518830087680792,1.51397092635379,0.833410042155537,0.345961022713762,0.439701337075144,0.285164149003714,0.242137653232175,0.240490288905191,0.165021835663884,0.598035287132692,1.21501587010467,0.982684450001949,0.428013587501204,0.707886643839509,0.210087955528779
-1,-0.5,-0.2,0.25,0.7,0.3,-1.02365185827586,-0.22058274334596,-0.319516455415169,0.813949807117275,1.26792404565995,0.230828715902043,0.239067640122388,0.285235796677999,0.214853872375729,0.308910715360158,0.295905558397922,0.141230433710468,0.271192171391591,0.282134516593036,0.23450719553256,0.538166230846295,0.45749112794452,0.235352118929191
-1,-0.5,-0.2,0.25,0.7,0.3,-1.67445579456616,-0.831159293133834,-0.584804648974784,0.485542346586496,0.944645285676828,-0.816497099556852,0.245059141388325,0.269045136726672,0.249344669388657,0.206567394378879,0.215840618383655,0.199393554947975,0.280072934419085,0.346895528408202,0.320935338491752,0.302095650222277,0.283835863052041,0.29372890092292
-1,-0.5,-0.2,0.25,0.7,0.3,-1.21027180727779,-0.234178222726758,-0.0881184763320739,0.309237237234758,0.642757171753672,-0.435019345517112,0.229564971919653,0.233340992260636,0.199531472764491,0.169684706271233,0.180626231227673,0.203671199227033,0.284452809268259,0.254288174697806,0.199472263535301,0.26546643583286,0.244564084630076,0.374488485488777
-1,-0.5,-0.2,0.25,0.7,0.3,-0.943634024115293,-1.59843533299241,0.287550917563189,-0.444134433480212,0.421520167456493,-3.37320678046717,0.259213717038522,0.245932070666577,0.24902824275702,0.0925521889082652,0.113556234704976,0.520014793168229,0.33043421334277,0.307521516699829,0.251216358825932,0.147050162570337,0.141650413112728,1.11781505832892
-1,-0.5,-0.2,0.25,0.7,0.3,-1.47536026694191,-0.398365753504635,-0.253776544812863,0.307583333828663,0.431886406078697,-0.272182028722576,0.251792880057804,0.275026333498959,0.255608793753815,0.190934284599684,0.197742328557251,0.236084103404872,0.354206829537646,0.276711421784835,0.32249947294602,0.425188839512983,0.407660584376812,0.574665729932165
-1,-0.5,-0.2,0.25,0.7,0.3,-0.801145930397383,-0.107948887542415,0.218306792178823,0.857263589216098,1.47004124961481,0.599368684300698,0.280982583460175,0.323605444389504,0.261113673790383,0.288315028222557,0.283106180967453,0.114038844377164,0.323662351993663,0.404621116735966,0.292362605783594,0.330453241280928,0.343867724467251,0.127002633155301
-1,-0.5,-0.2,0.25,0.7,0.3,-1.34002077153586,-0.544560449410069,-0.915511339218603,0.14379108645795,0.503862907277746,-0.638185817416891,0.249763309977194,0.231556379369832,0.247150920695793,0.14765461192321,0.152852254747878,0.224088991551737,0.305987903195188,0.29115633841868,0.344230824798468,0.349383366762752,0.299830026831148,0.683161975312439
-1,-0.5,-0.2,0.25,0.7,0.3,-0.502888398980221,-0.900909771999323,-0.474262006557964,0.50350919112674,1.34610554294576,0.547220089162557,0.325953029778761,0.440149600590039,0.274082786045594,0.227876620294972,0.208156641605099,0.186509845589985,0.3623374865702,0.398325486026366,0.276685687641878,0.276596680841438,0.23640098264937,0.245044180732086
-1,-0.5,-0.2,0.25,0.7,0.3,-1.13369241396963,-0.887400522168995,-0.454020765997861,-0.117598889315004,0.767098736185344,0.364643577303479,0.358002665238274,0.40698465699961,0.343777773893988,0.191323979534271,0.191429496205914,0.317020018557318,0.461132478311149,0.483343810566017,0.334224634146374,0.323200691727618,0.238325936411644,0.669638249560311
-1,-0.5,-0.2,0.25,0.7,0.3,-1.13754153633952,-0.784876637903217,-0.297194852341145,0.358985928343604,1.19895645595983,0.123001926931408,0.302731010357261,0.37108494858988,0.311732159953433,0.244737893465179,0.253427053669927,0.236502779912682,0.35783914312417,0.454353869003676,0.372769594709703,0.339291645540468,0.357691415784284,0.341926072082538
-1,-0.5,-0.2,0.25,0.7,0.3,-1.54058380280099,-0.202845892423175,-0.504966883533633,0.626435374101411,1.04902937599562,0.214665457915938,0.323208844793469,0.36852410261103,0.251056871029356,0.273446008246165,0.254044357559963,0.190421308802225,0.355294650067349,0.379732382971881,0.246476980469739,0.398722539691977,0.330554357969188,0.326204814723775
-1,-0.5,-0.2,0.25,0.7,0.3,-0.363158135069364,-0.877292752825451,-0.0643916061547137,0.717449893818154,1.02871595516773,0.916450901893075,0.269046838727267,0.315303261926469,0.227002106582278,0.271454834923914,0.249262009430011,0.199698946619383,0.295109704541877,0.352821328416799,0.240317607827098,0.38186670386386,0.293566975506888,0.322495020335131
-1,-0.5,-0.2,0.25,0.7,0.3,-1.32131217904369,-0.049186124494797,-0.0835914155136757,0.213202674893384,0.396240319956266,-0.0898695072010924,0.256602523498506,0.278235850568191,0.242463603908117,0.172911239578422,0.184205372042743,0.235572581445089,0.333707392649893,0.303784627926258,0.19700615169679,0.322141375931958,0.29534958581463,0.575586651330734
-1,-0.5,-0.2,0.25,0.7,0.3,-1.49625395596043,-1.40804991250628,-0.163846166754356,-0.275350649582915,0.0935914459696488,-0.782614747091682,0.304914688155704,0.331160097653851,0.32235051938626,0.142039273121698,0.141681891859602,0.39650789363085,0.414708099386607,0.382392079779711,0.286510853307125,0.287887936704141,0.256044985755018,0.971834152584326
-1,-0.5,-0.2,0.25,0.7,0.3,-0.76703962212663,-0.57108867105391,-0.533861448794708,0.625526536988409,0.974979570772831,0.214640207607242,0.244465449412342,0.273744768259117,0.229608828707646,0.244293179763953,0.21090240760111,0.214915662324553,0.284691737179631,0.314313510637762,0.258000013182453,0.433792438067506,0.296955522893562,0.393403298613597
-1,-0.5,-0.2,0.25,0.7,0.3,-0.786980552399026,-0.754974363616836,-0.23579993798437,0.584310091081302,1.23591030451568,0.703823366543832,0.323226772278119,0.37498627237441,0.384324205869115,0.277723323192627,0.281518564591135,0.178317736504088,0.342267780376062,0.422479297660415,0.295898863939375,0.332007761849883,0.359219620505043,0.199383210524138
-1,-0.5,-0.2,0.25,0.7,0.3,-0.703252643390441,-0.827407559140206,0.169461472026551,0.183472498562936,0.472317043839154,-0.166330751860786,0.227434090408483,0.249574006789889,0.237201695983905,0.154606540961622,0.161022914709222,0.251948210605001,0.282259529313537,0.270134579394976,0.242475916130052,0.260291078057161,0.20231117923228,0.581177389116895
-1,-0.5,-0.2,0.25,0.7,0.3,-1.38113673033915,-1.81321937232949,-0.376820870784218,0.0654788801383995,0.315704828860286,0.656078678828652,0.350117766835707,0.329239338092018,0.310528292817188,0.204958917816002,0.189224630503748,0.2933154209649,0.468251058214517,0.5734232315925,0.277635111284888,0.298522009061926,0.226680515941717,0.533693190127996
-1,-0.5,-0.2,0.25,0.7,0.3,-1.21406393879066,-0.445074975620506,-0.133878769886687,0.128992342274197,0.525966781573584,-0.51493081688486,0.236779034976855,0.259389440134926,0.251367486769878,0.161061195437729,0.166067706972556,0.252929129876229,0.28237017633431,0.308666562841282,0.331408032273372,0.302804403699192,0.228733907800944,0.608965761156078
-1,-0.5,-0.2,0.25,0.7,0.3,-0.74372830431392,-0.866971307501611,0.408629037885814,-0.00769980496331081,0.566730848766432,0.381493198882082,0.312371502241967,0.383092795658578,0.331967263694123,0.166390578343923,0.156911994927598,0.291009261673076,0.367810386109475,0.477079777861068,0.348390753226633,0.280460522024387,0.234745889494806,0.481209645871201
-1,-0.5,-0.2,0.25,0.7,0.3,-0.9289842711651,-0.800840375275726,-0.103719477646354,0.847953416771034,1.41312699333455,0.20044253539201,0.250130835372316,0.340719967646027,0.228791658454803,0.267745950231301,0.268480197875341,0.155202063147678,0.268457856746108,0.346748251218181,0.171144318797088,0.309460039153593,0.289024462427315,0.207243513814524
-1,-0.5,-0.2,0.25,0.7,0.3,-1.57671442730956,-0.618267159152492,-0.594029220832765,-0.13271619875274,0.220535740063468,-1.06565768462886,0.265153676342904,0.269469462570738,0.253741468137058,0.13889003908472,0.14760149289487,0.363650751231323,0.374482397916428,0.315767931402638,0.340996801822624,0.375533804906805,0.198884363127735,1.30218769423799
-1,-0.5,-0.2,0.25,0.7,0.3,-0.297675931831057,-1.19489330982371,0.00559768810133482,0.385310779592423,1.00780372049533,0.774533939604201,0.28391682707778,0.361147309342886,0.301909106441821,0.252805751319613,0.266957025034115,0.244709239547402,0.311764912219259,0.428695651950026,0.312858583609802,0.337380379702507,0.385216876159022,0.296915171709068
-1,-0.5,-0.2,0.25,0.7,0.3,-0.656708583891942,-0.607981394739811,-0.124272042465903,1.16795207526222,1.45817093591716,1.22544472383905,0.312617617377651,0.375752849186466,0.313034849603766,0.521317823147521,0.418984661934513,0.110933505579088,0.316956066757498,0.468681426036437,0.315519315014724,1.00851582017928,0.781483734169197,0.151243418799653
-1,-0.5,-0.2,0.25,0.7,0.3,-0.783919475321729,-0.261456954633049,-0.268827578518903,0.316470661921494,0.67381906375631,0.0515962700443424,0.233979949732837,0.223809561936487,0.220035495792976,0.171299270467849,0.200322042754835,0.201608659247735,0.28374143170984,0.24083069211643,0.236065877949082,0.234641825613339,0.281640439005456,0.33271480084714
-1,-0.5,-0.2,0.25,0.7,0.3,-1.04509854687979,-0.443584841862156,-0.0298955461813831,0.305722696665965,0.954742701385738,-0.0768821086784813,0.274516641579332,0.310627930249515,0.247067878388042,0.212099876695049,0.213457411236909,0.199476308862645,0.384131144217585,0.374309962398494,0.299617636798371,0.278575328754947,0.25980694270371,0.361419968705011
-1,-0.5,-0.2,0.25,0.7,0.3,-1.21082556828654,-0.135235572270869,-0.0155107333909924,0.263649523512223,0.713544510223465,0.286900633147912,0.286462221473923,0.298376930496757,0.277551934609435,0.203968044560852,0.212134066980399,0.241443152971297,0.356188172373606,0.37256411447075,0.460507142240942,0.400177517547755,0.324149528690377,0.549112126539023
-1,-0.5,-0.2,0.25,0.7,0.3,-0.634543790315673,-0.190731755573541,-0.160830982975366,0.440459849205177,0.515317167338186,1.00157161775032,0.277763013652868,0.29631836646062,0.271120887746628,0.218662007611298,0.20187370470849,0.24468603243703,0.34688570397351,0.313264327216433,0.222675509130495,0.510922428082959,0.308113593298371,0.59181185261466
-1,-0.5,-0.2,0.25,0.7,0.3,-1.94584438401755,-0.287985512710434,-0.466134532177945,-0.0383318404912652,0.608505489636055,-0.259341069093771,0.340339376929306,0.3326684048965,0.266069440327289,0.178561446387907,0.172608054187613,0.292980204921372,0.404781754190888,0.424708579878952,0.367621820912383,0.257321690208724,0.20152285836226,0.483089849986611
-1,-0.5,-0.2,0.25,0.7,0.3,-1.44552429128992,-0.482813967614629,-0.613285085585459,-0.0683744546756789,0.432897392496896,-0.881097254336399,0.267372769475365,0.262284415289262,0.212082932451341,0.135121926242041,0.133047131061436,0.300528080510192,0.329814685982313,0.302224011432562,0.219053645594852,0.235181998223575,0.158836851232265,0.745620936717555
-1,-0.5,-0.2,0.25,0.7,0.3,-0.968231003375542,-1.18070142523192,0.0418027042602901,0.452932689050791,0.978296741046214,0.490389659356168,0.304928578244421,0.365361937377344,0.302861549166135,0.281992043123617,0.268478026363619,0.193744961902812,0.336299145045128,0.474127971580262,0.388326179918371,0.361645495330661,0.31811788398131,0.320931421382012
-1,-0.5,-0.2,0.25,0.7,0.3,-1.38163867128247,-0.380673826938452,-0.723125695801768,0.175293270593699,0.818555302237803,0.105028903898152,0.314460821751728,0.333209433711351,0.213391762489237,0.187104559052796,0.185782581546191,0.213708854105489,0.393545967806935,0.360363257413878,0.261179451393793,0.270265893973852,0.229298166833485,0.418901535776753
-1,-0.5,-0.2,0.25,0.7,0.3,-1.18035360527667,-0.603803228812924,0.260180648362716,0.402522046085441,0.857046608710753,-0.269580340312941,0.235033830747349,0.307269249381627,0.2406190095316,0.207761280318355,0.220282146380384,0.193530993883545,0.269838017653643,0.382016127249352,0.238194590783188,0.252873906289494,0.253515184602752,0.260970266661953
-1,-0.5,-0.2,0.25,0.7,0.3,-0.725522089252634,-0.763295413033423,-0.737248682778205,-0.275700584993151,0.854834193163603,-0.00216955009109906,0.361101175054291,0.373665836479592,0.253363545275624,0.166740309416995,0.163321153122727,0.325740151520536,0.495617902679503,0.523585512090802,0.271228390925594,0.30537472229638,0.273247025449956,0.734314159438596
-1,-0.5,-0.2,0.25,0.7,0.3,-0.740758137596082,-0.0855108660658541,0.168423592766399,0.749859715974981,1.10679354757855,0.456648501972426,0.234855594621678,0.240551131102003,0.227539295122026,0.277199655832633,0.296000943987947,0.115841008334379,0.263898341423543,0.293451923593973,0.549910775216831,0.379817872330024,0.405164315501492,0.137288384427316
-1,-0.5,-0.2,0.25,0.7,0.3,-0.946678796724416,-0.49078239869433,0.101437130345945,-0.163341785339792,0.344669502877379,-1.12436533152686,0.23998608585102,0.226179496143764,0.242449471508456,0.116314372683176,0.124910000613504,0.33097915973535,0.302502136297193,0.258026535136513,0.226595063779813,0.23112892906819,0.163601208763766,0.9184062922434
-1,-0.5,-0.2,0.25,0.7,0.3,-1.34588298088576,-0.362117042241165,0.215906433605892,0.0280683727766372,0.138040741419397,-0.348191222378892,0.256020290622633,0.255557521763763,0.266692926847767,0.154150441106378,0.149684863750307,0.290686393493543,0.325320279744516,0.289401318681269,0.246008628311285,0.299480090822909,0.187546223294792,0.718257188943204
-1,-0.5,-0.2,0.25,0.7,0.3,-1.18030403931372,-0.263397231548632,-0.20497650765936,0.547904172116612,1.00441280582225,0.579775065015739,0.316729042116521,0.35755675784746,0.306531456030117,0.292298827238345,0.28891364686419,0.168493356052586,0.352256450565165,0.400880695234175,0.593435329390703,0.427761701125113,0.421429695310696,0.21565778013966
-1,-0.5,-0.2,0.25,0.7,0.3,-1.62384364204913,-0.654918963814521,-0.408154720228915,0.0728737765303159,0.530351540170639,-0.371052723124257,0.292639163265348,0.306666899782591,0.284882457143913,0.188506018640529,0.194317389162618,0.268961860827441,0.33017708771709,0.394360232282012,0.261053156199864,0.316051631013392,0.305541792224353,0.452967246875612
-1,-0.5,-0.2,0.25,0.7,0.3,-1.30404158328305,-0.143841386695902,-0.49027316110138,0.983210413499773,0.37374988159931,0.387194173889852,0.258884120922398,0.222682611705852,0.25166166877717,0.28266654926063,0.349239893474226,0.173595279135923,0.294083206920869,0.197808106328024,0.276263254647095,0.519394687383015,0.728792671214518,0.339673159396657
-1,-0.5,-0.2,0.25,0.7,0.3,-1.13018978785939,0.129937876991434,-0.310067557348167,-0.0202691748696419,0.606599806315366,-0.127843234225962,0.28757848963901,0.251357168301734,0.245385385564969,0.153298947788809,0.157466549145627,0.209540234380037,0.348437108637968,0.295101477954041,0.242786485228719,0.267801720345487,0.198230350443004,0.545814173636297
-1,-0.5,-0.2,0.25,0.7,0.3,-0.659951854599901,-1.06576288474707,-0.428951926217773,0.342048458695531,0.974839775490976,0.374555515748495,0.289214097719235,0.35159116583814,0.303231286896833,0.255576683985362,0.277136962516097,0.198465083128957,0.326705445793613,0.367123932801989,0.359240656540715,0.48587526749973,0.496254671756571,0.389073289689974
-1,-0.5,-0.2,0.25,0.7,0.3,-0.840179976633199,-0.533658497896227,-0.214279729695149,0.413352298708118,1.07212357494053,0.226234437313275,0.270080566965144,0.322420903249145,0.232930701730291,0.24209593271776,0.23421195001038,0.211292870635124,0.312530943497667,0.406628679053368,0.265924300139599,0.436817080345283,0.36623879015965,0.416081786789502
-1,-0.5,-0.2,0.25,0.7,0.3,-0.506316215704057,-0.198160220631394,0.0158338535883117,-0.0240308948684129,0.646646818612624,0.0658223866148043,0.262716129709147,0.23800630280028,0.207718787830786,0.152420013033258,0.164914067569911,0.235283289981888,0.323032951629163,0.28754379099324,0.223376919297871,0.272729762397382,0.227984975170357,0.597522093497007
-1,-0.5,-0.2,0.25,0.7,0.3,-0.744865268089536,-0.702999569180115,0.0701050357804526,0.303604955334934,0.7806525776683,-0.143541561662189,0.223741149370568,0.271166569411759,0.203673373075463,0.183456067925565,0.194909888998979,0.2339640883495,0.264652280796183,0.301932071465774,0.241971242225216,0.287057129357723,0.251890952898598,0.454040899921087
-1,-0.5,-0.2,0.25,0.7,0.3,-1.73503328403507,-0.398166832285296,-0.24979322991909,0.0881332782810803,0.566655672706568,-0.639306320764811,0.289136212602445,0.301742440703857,0.256947871121041,0.165512527178985,0.179307662326686,0.255085431670234,0.351953577001408,0.322309985834016,0.329479767521118,0.247984134854636,0.234214207002341,0.50211899738448
-1,-0.5,-0.2,0.25,0.7,0.3,-1.10983597123718,-0.777206598153537,-0.365879713698792,0.208041492772805,0.588783372897633,0.469372359528263,0.313864350139284,0.346810318841578,0.311415088577428,0.224159723269055,0.243849748553509,0.297372470950196,0.396242139854534,0.407465704282804,0.391027667370926,0.630508748389612,0.534003926140072,0.731817854495812
-1,-0.5,-0.2,0.25,0.7,0.3,-1.77646247348066,-0.44444712407316,-0.503758870235976,0.624201232438054,0.572134186024803,0.563954819513832,0.33972840686128,0.351039053094272,0.313384042393743,0.270396487249337,0.267368025162727,0.230287228755267,0.386189546208113,0.343096045353367,0.292895370732636,0.369543043581195,0.338593293148448,0.341091857905578
-1,-0.5,-0.2,0.25,0.7,0.3,-0.634961594878308,-0.475838707387796,0.250330059062289,0.160229148272043,0.761104737908135,0.224869632848975,0.262730885862179,0.292026838638626,0.236806621012853,0.176429582735068,0.193936146806804,0.234992363559923,0.301967521047419,0.320487133793369,0.258812704093305,0.254356706586424,0.236397904493931,0.391571815811291
-1,-0.5,-0.2,0.25,0.7,0.3,-1.00206385590166,-0.142435271661332,0.330558768457411,0.998333169743481,1.67641210029344,0.472604068403055,0.281305356364588,0.348962249595819,0.255102563403486,0.346651147256243,0.301893913608092,0.0691835268009258,0.35528637018649,0.584471123488068,0.315264711147583,0.465805603950047,0.448675305273135,0.0737164554132564
-1,-0.5,-0.2,0.25,0.7,0.3,-1.47827778220474,-0.49383837326683,-0.687329039395873,0.465919463354718,0.731278526399071,-0.495257949092942,0.237509311029793,0.221232867314691,0.222226329930528,0.197369153774441,0.204296459455038,0.175293324593643,0.280859846647789,0.288123366613817,0.348846753378048,0.286530606183164,0.261554037447327,0.351484113414234
-1,-0.5,-0.2,0.25,0.7,0.3,-0.863244349740765,-0.905351329872995,-0.305775850489323,0.0406193591379063,0.580159586228798,0.0852200656716015,0.285918839422489,0.323790498968923,0.292045243589483,0.177956519665827,0.181803298672153,0.275651547271757,0.355089691906024,0.42761718778479,0.266201236973517,0.269219962754799,0.224402093658933,0.558657515933239
-1,-0.5,-0.2,0.25,0.7,0.3,-1.43694667415495,-0.479367284467762,-0.391903274804511,0.377864964632228,0.854878098917314,0.0503051946835364,0.301956628986373,0.321556293386176,0.282289925191124,0.232283058015692,0.240213062154143,0.185952805760415,0.332838855238529,0.321232881085109,0.290889575632968,0.362439092006977,0.346108252443956,0.331803379576319
-1,-0.5,-0.2,0.25,0.7,0.3,-0.789770909530945,-0.571876251220632,-0.039390400615974,2.04098477284837,2.00680478010345,0.587743825847516,0.244577648161458,0.307493475201079,0.277523292194803,0.523433539127199,0.437641842235909,0.0632393382821723,0.255592534490362,0.30505840529291,0.336197350651476,0.63250699218408,0.562411713126125,0.0686755528671296
-1,-0.5,-0.2,0.25,0.7,0.3,-1.17986704841053,-0.389786148810143,0.14198883905237,0.257233219562674,0.738525382963934,0.445442859121822,0.312510107438193,0.358245439999128,0.286557623934557,0.212322641016251,0.212208236730285,0.242295209484275,0.365536424879602,0.372508923872612,0.310370196606947,0.283205295675874,0.226243557256782,0.426959132873994
-1,-0.5,-0.2,0.25,0.7,0.3,-1.42686371955308,0.311862113219486,-0.622288711587853,0.264429923875089,0.622221140324367,0.553528239951622,0.316164471442204,0.287995591084229,0.297321086825862,0.188759757443817,0.179774603571773,0.229449178870188,0.425098526664307,0.444367029352191,0.28362715647405,0.289994580610392,0.242672914316229,0.433442353616431
-1,-0.5,-0.2,0.25,0.7,0.3,-0.687217950604409,-0.749948119295368,0.215516206957959,0.070900660359733,0.491193784435328,0.0367134216705893,0.251611033417957,0.274302263103764,0.267520465757439,0.162930284258751,0.1673330506397,0.271986515813463,0.324754775261897,0.330452136830723,0.287004364650641,0.404728855788168,0.309940570426713,0.866973425712052
-1,-0.5,-0.2,0.25,0.7,0.3,-1.05628840685093,-0.282145800135968,-0.528283611059888,0.242689084493805,0.481063586022845,0.105087466878054,0.261112414948214,0.279542664653316,0.257790443876222,0.174859897220259,0.186023498005867,0.250556800402417,0.333291362710533,0.275604633723378,0.295743833350103,0.344124402623913,0.260169433701086,0.644033550301135
-1,-0.5,-0.2,0.25,0.7,0.3,-0.806628147875099,-0.265476187676023,0.130787310109235,0.393781583703555,0.760525794720149,0.461397409652938,0.260548381356128,0.277997990272039,0.271860200744398,0.211395465116476,0.213011024418467,0.20009942106457,0.284865853234213,0.314776557970858,0.229953653788735,0.331317329055458,0.310708256468506,0.313289836413798
-1,-0.5,-0.2,0.25,0.7,0.3,-1.25572802871717,0.277501907640214,-0.124559750358161,0.434950161903477,0.670561376286203,0.378069046681152,0.282254673054107,0.277888502445515,0.218366004022689,0.215910495986908,0.213930559111187,0.189707686467276,0.327871835508703,0.296374556660406,0.199510399057323,0.303847914171684,0.252374372982977,0.318688504631853
-1,-0.5,-0.2,0.25,0.7,0.3,-0.972242887027112,-0.779662880398242,0.132194545970005,0.449797856199275,0.669511012301103,0.283715071840592,0.268795762680798,0.306524702930591,0.278402271393881,0.225231820048775,0.22614275478673,0.219961806543763,0.302189969435276,0.307815497389666,0.235195538684114,0.332805524765403,0.30425103582464,0.376235474832725
-1,-0.5,-0.2,0.25,0.7,0.3,-1.62352332762488,-0.457120992730814,-0.112284637021491,0.962134830583138,1.46841347391493,-0.115937148244039,0.275709243870768,0.347154195042131,0.289304312841962,0.365210515011671,0.331065181202675,0.156290238908662,0.285952319530932,0.362763806708525,0.22878616496139,0.616201594478852,0.474897833388265,0.274248477674054
-1,-0.5,-0.2,0.25,0.7,0.3,-1.40595008414608,-0.732688300856648,-0.177083158908381,0.794248086040987,1.03132527242747,0.509608061285498,0.333681153860452,0.378567635427529,0.337360637131061,0.403442504007132,0.382358674330857,0.18071594441287,0.392040530730324,0.408832365774247,0.380352118896085,0.482052939200967,0.462888015469834,0.290753215654375
-1,-0.5,-0.2,0.25,0.7,0.3,-0.892829214498365,-0.479086851508959,-0.521970391791511,-0.136147547668043,0.490748136331833,-0.0649893565275681,0.29584490388452,0.301843948699474,0.291180492445799,0.156334339519026,0.162853506515362,0.294001167615813,0.36350014014853,0.356667048743334,0.337611459462483,0.294277719328553,0.222010945742093,0.684136369098509
-1,-0.5,-0.2,0.25,0.7,0.3,-0.888578890077394,-0.715711993879408,-0.0591952641697679,0.442967405004122,0.822207423678315,0.237366746076029,0.256448270787838,0.313426743379909,0.263273311059226,0.227250398381973,0.221871334531223,0.216885305295313,0.287716544552617,0.343561751811166,0.237144246745826,0.348453894053931,0.300891177767079,0.374071062915871
-1,-0.5,-0.2,0.25,0.7,0.3,-1.33995872744355,-0.985094402629652,-0.159340138116169,0.271768664943828,0.909598711294557,0.116832655946367,0.308570941369713,0.352852434229622,0.30309119043399,0.245961478523117,0.251674775301394,0.231737131950963,0.345989945977988,0.519491214766527,0.405200562704218,0.296370765416713,0.29234688027065,0.321029186710248
-1,-0.5,-0.2,0.25,0.7,0.3,-0.952095318701278,-0.611711739257998,-0.356746225004779,0.454467983842163,1.02968051933875,0.914718352938358,0.342380267804288,0.440039537434013,0.336234626066169,0.247667300886429,0.258961203434603,0.265508757596191,0.408447840960591,0.398566661716271,0.483537288756851,0.385450135167521,0.370884292376179,0.393278626663281
-1,-0.5,-0.2,0.25,0.7,0.3,-1.57220323612408,-0.32669462711176,-0.509429379911922,0.509059027479442,0.271163224189466,0.618293626257387,0.330811163037947,0.344428215103024,0.245681201314044,0.247621109099375,0.28532638889394,0.248300728325489,0.392594145791455,0.316757759632996,0.2323196468319,0.397318290027661,0.335246541476964,0.524157155924474
-1,-0.5,-0.2,0.25,0.7,0.3,-0.349356207406812,-0.976081823195973,-0.0429702527546307,0.801646709502681,1.41141343618801,0.582306226122226,0.241786163218777,0.326783212754597,0.249716607759808,0.3414193625474,0.352466046897175,0.215685525582346,0.302425645398906,0.418206210641616,0.329992994729052,0.471098946983605,0.511027572590602,0.307754578708288
-1,-0.5,-0.2,0.25,0.7,0.3,-1.04587397685207,-0.821488490486055,-0.201510306872906,0.136698269066393,0.744688479008828,0.38264649603058,0.318662717953925,0.365640385058345,0.307038243526207,0.212275035433211,0.217023816155903,0.246488767617717,0.373256371582903,0.420309045305871,0.501814504746106,0.362260106674619,0.346745498692683,0.437278488474564
-1,-0.5,-0.2,0.25,0.7,0.3,-1.02086720617837,-0.545207840839597,-0.304972249398471,0.672976310639618,0.855639137172571,0.475825650589985,0.271297559391251,0.323487612374366,0.260057053337808,0.277357095514616,0.2577099482978,0.170976252420606,0.298474401716982,0.374003726531082,0.255106622182689,0.401445317192472,0.371306091678277,0.24094504966041
-1,-0.5,-0.2,0.25,0.7,0.3,-0.985612173544688,-0.117348914675033,-0.443781344416296,0.314612272997223,0.626731753603924,-0.145522259549923,0.227426833836424,0.242974365203817,0.156611006512402,0.155341590145291,0.156513409152559,0.211985474458162,0.283537337902954,0.282182691234682,0.168576920069844,0.251241230091662,0.21282296355119,0.396137856898525
-1,-0.5,-0.2,0.25,0.7,0.3,-1.33681868800538,-0.276834799297167,0.139749764167616,-0.155867459413709,0.258107965989952,0.196199000607243,0.328356016493813,0.327430470534632,0.342933582745243,0.166432198215122,0.169814265254478,0.349088162515162,0.425557828550468,0.363916384877015,0.36266428386908,0.365121929339862,0.282892845043625,0.876422912853005
-1,-0.5,-0.2,0.25,0.7,0.3,-0.879312993912995,-0.0472438196582871,-0.160454701933138,0.247205205787646,0.633676680210107,-0.365238679389063,0.197242808970379,0.200865322381086,0.160939359188037,0.146499874349994,0.146938481733708,0.196462819855237,0.263776296937079,0.293283461676845,0.180821509603286,0.216598605194154,0.169882507690079,0.314669089612812
-1,-0.5,-0.2,0.25,0.7,0.3,-0.918983276358157,-0.907628004176846,-0.576858387071309,0.25097058260141,0.662729228320412,0.067512986173858,0.273569116305268,0.278406361597369,0.259683999739669,0.196039175411445,0.196633730557077,0.271732036190298,0.326934881992824,0.350920527211319,0.256096468683135,0.343182368178919,0.253561326481867,0.60754305995977
-1,-0.5,-0.2,0.25,0.7,0.3,-0.959055092210023,-0.291452767107841,-0.281032591107724,-0.312624361110519,0.516060733852825,-0.131627488091881,0.322357018356583,0.313951335137502,0.311604557546255,0.148933205095277,0.148657561299616,0.352888050344581,0.459315985987766,0.402349802910861,0.284490454515959,0.312167555605139,0.221742844781414,1.00209019374982
-1,-0.5,-0.2,0.25,0.7,0.3,-1.21692186525191,0.164417572950094,-0.322825305341826,0.488267443212459,0.844352154165325,0.458482453407348,0.287192773676914,0.267890568702822,0.264381819026575,0.250366527579088,0.24005740977785,0.209081199572727,0.349429544764163,0.402419780494009,0.250766798068536,0.574807263627192,0.459274292095974,0.4310759869057
-1,-0.5,-0.2,0.25,0.7,0.3,-0.452844570819081,-1.254108861699,-0.396828580747619,0.16125781762355,0.60577690014719,0.0283861443542546,0.235127923532627,0.290620421532142,0.258931993022396,0.163915042220844,0.166501192826412,0.245785732677016,0.288165376310765,0.396243024511302,0.296494897127147,0.249942662873888,0.230867487281499,0.466943508355821
-1,-0.5,-0.2,0.25,0.7,0.3,-0.587842809870021,-0.475445957717139,0.198975883225874,0.638336145803814,1.38952623402483,0.29571274410366,0.275953957266994,0.296743432961509,0.231705721900285,0.241562909570109,0.253223923598747,0.118280872106624,0.333336757420586,0.343795027425347,0.228230144131847,0.270960905777065,0.310022226228675,0.136413169225996
-1,-0.5,-0.2,0.25,0.7,0.3,-1.31812214427368,0.150086140385475,-0.750207621158449,0.240672479726012,0.823658834280872,0.0591996851747649,0.292154699416132,0.291141739925919,0.179417816337953,0.169593626198466,0.177970982748775,0.19799937119749,0.342784730745905,0.353310506516253,0.185491080394068,0.237054615886896,0.261863687627314,0.283219176264435
-1,-0.5,-0.2,0.25,0.7,0.3,-0.953316082472964,-0.365293148879593,-0.0965630997900087,0.423015194451275,0.687758600883084,0.759670122332109,0.297445410062718,0.323265380450256,0.306741338508625,0.24273277790873,0.245375447768327,0.225974825481847,0.334938432918843,0.3620377970158,0.341213215766872,0.364593541335639,0.337932127741364,0.379530040246097
-1,-0.5,-0.2,0.25,0.7,0.3,-1.34298086262989,-0.0541359237325972,-0.0323866354146883,-0.0761572920502104,0.53557414546043,0.0930346169900011,0.313100457718782,0.35195611495252,0.299348225088032,0.170509954419517,0.164369965343302,0.285368953112903,0.417897484709133,0.484039112896654,0.295907656841511,0.358323231472486,0.27505545431241,0.638221399524017
-1,-0.5,-0.2,0.25,0.7,0.3,-0.595492909700149,-0.561374194083644,-0.23186013628044,-0.0519464811085646,0.269290599628438,0.139616347335201,0.261401042403287,0.282256782498257,0.26253573264898,0.14515680166619,0.145627812983728,0.307043855374132,0.3374453741018,0.333101619616565,0.400031791326044,0.29557150072539,0.209764931296866,0.788023338902651
-1,-0.5,-0.2,0.25,0.7,0.3,-0.821195877163646,-0.724006733401924,-0.742867254672977,-0.0327619021665424,0.457338023983516,0.68936951693936,0.32995902614231,0.328845323324391,0.311446318135635,0.186696447990609,0.189018961377754,0.322314395829373,0.42018017846439,0.395646482019975,0.407312591754113,0.339210615490512,0.300506131546112,0.710017319973033
-1,-0.5,-0.2,0.25,0.7,0.3,-0.745585514758942,-0.52532345706208,-0.169662374299409,0.633656971918669,0.79189111740964,0.177375516694203,0.209328438291382,0.256409371607385,0.2129456763757,0.196133266424042,0.195618260448583,0.156681210268827,0.228743802562384,0.288779941432749,0.217672894732335,0.228294242593518,0.238673640106775,0.204308204780831
-1,-0.5,-0.2,0.25,0.7,0.3,-1.45839318804058,-1.01576523803471,-0.277593776844011,1.05581636370158,0.886254429958884,0.521790520306766,0.319651253661731,0.344964499254346,0.308917401232443,0.356691414059809,0.309385952256198,0.184447517254325,0.336970503430329,0.348541721192213,0.277192591682747,0.462743006662055,0.375922531124508,0.261216590140615
-1,-0.5,-0.2,0.25,0.7,0.3,-1.28003445039803,-0.18481337104133,-0.327569883913391,-0.195217319560409,-0.358042043078694,-0.524953558790407,0.29412957083131,0.273668085894183,0.283245155693312,0.141496253139959,0.144256342060127,0.338729873964726,0.375166391468619,0.332952059735666,0.260242384860149,0.273222714270972,0.199113732473352,0.816010464111242
-1,-0.5,-0.2,0.25,0.7,0.3,-0.061922916515113,-1.78632762915179,0.0389992494336519,0.267860330610821,0.766434901362395,0.590633512286026,0.252582707599245,0.332186137418099,0.278597999734204,0.22470662673921,0.194882625203817,0.23255704477882,0.304672628741726,0.438070523325155,0.343454571105028,0.480714939775127,0.3284989828897,0.576223974328451
-1,-0.5,-0.2,0.25,0.7,0.3,-0.861873722125515,-0.852806480419779,-0.494440314715431,0.639571687694833,0.883761120997109,0.21291995954655,0.231332471915066,0.273196577471257,0.208933953242998,0.223029518668781,0.241474839420632,0.211776717147024,0.290664190326006,0.328876047810065,0.303351994273425,0.303715731923364,0.320702960125336,0.369201298528788
-1,-0.5,-0.2,0.25,0.7,0.3,-1.11795680015916,0.123846158975942,0.0638586873932966,0.237902483053558,0.175602514925306,-0.0103754488165995,0.22915591328716,0.225233461440709,0.223573222044293,0.16661663196838,0.173681261059114,0.239813976401713,0.295546260541183,0.244831443017488,0.241469536391121,0.333461102817765,0.329558746807446,0.570551860035653
-1,-0.5,-0.2,0.25,0.7,0.3,-0.812898829131558,-0.656558022099646,0.0626791984544993,0.306174556104211,0.707890092859874,-0.14280232763717,0.227538702645129,0.26561228039,0.212179404420853,0.17059981920601,0.170106901110036,0.237932124944405,0.268330569997044,0.280175623753113,0.197044735946497,0.235241998640789,0.20376235203376,0.398344429564395
-1,-0.5,-0.2,0.25,0.7,0.3,-1.38572599324686,0.389285814474718,-0.283757912316806,0.278537937036327,0.723343290168625,0.169156490952007,0.290961933564752,0.252408716086344,0.245465986292681,0.18795959737093,0.189815722639828,0.211310613761824,0.346444348913982,0.284171814845207,0.252884076889043,0.274647654158474,0.272126047110422,0.331214597762957
-1,-0.5,-0.2,0.25,0.7,0.3,-1.08549406206131,-0.0568939038964107,-0.0244175979012002,0.673254533264397,0.972606253636847,0.173937676432771,0.236699876832707,0.259381846713544,0.22447201748117,0.236605034195375,0.264469299969557,0.166623359879095,0.256562109698702,0.303704515791411,0.243081289035116,0.435282786381725,0.540346127614559,0.194372413919912
-1,-0.5,-0.2,0.25,0.7,0.3,-1.50852722769208,-1.28028185690147,-0.912516006596879,0.532521359750735,0.694848408217925,0.99564007131719,0.370666304393486,0.408564540835649,0.329401313141056,0.283276046159324,0.285206717418176,0.29072589714081,0.485182175906118,0.589408473743122,0.494711323270785,0.677410696564347,0.570813903728003,0.62027822833347
-1,-0.5,-0.2,0.25,0.7,0.3,-0.691841777847174,-0.612845972375627,-0.333608852271773,0.321307044734956,1.00525267300901,-0.192940517152469,0.236183232486012,0.248144621165866,0.161412959409889,0.180844473733865,0.197155079885167,0.195943663102383,0.275249997702837,0.290563641723611,0.17979943412443,0.330903204477421,0.267544524700555,0.44410200267496
-1,-0.5,-0.2,0.25,0.7,0.3,-0.851845612340053,-0.524370613147677,-0.103666933428358,0.473935097293154,0.901904124514066,0.311949796279664,0.243260739784838,0.318193534934773,0.245684418462217,0.225347264835906,0.186572829260345,0.203794407666089,0.282272226653125,0.435726639061652,0.249273201262782,0.277355376287659,0.205414434583605,0.267277228801428
-1,-0.5,-0.2,0.25,0.7,0.3,-0.954002865470607,-0.521060631565812,-0.0642211397274832,0.577484994458397,1.00715111215268,0.465720532352701,0.281805232585907,0.354339881997005,0.284282748359756,0.258007022899326,0.236834871011149,0.215398596886627,0.319255135948484,0.377271809513433,0.292232919359099,0.401967494914752,0.355556183135658,0.305166161770233
-1,-0.5,-0.2,0.25,0.7,0.3,-0.933626331417143,-0.123378919441621,-0.00999293483517203,0.130838133910707,0.3072555396421,-0.083031551109572,0.232236971341728,0.245342309787408,0.222283936250336,0.150754218840854,0.156335568090225,0.254128087152021,0.324152440327469,0.264290835626185,0.228978224554287,0.309074168313034,0.230584263704363,0.715752950740815
-1,-0.5,-0.2,0.25,0.7,0.3,-1.2170770791953,-0.876276932440974,-0.420679448155205,0.69727801088723,0.907529046980495,0.279343439142347,0.278297974840421,0.316234321542639,0.280070817787386,0.272514318473529,0.278012994643194,0.208421130378939,0.328333094808706,0.359103475448165,0.346173967018003,0.442385961258031,0.346839242619066,0.476869394939358
-1,-0.5,-0.2,0.25,0.7,0.3,-1.43451909925847,-0.637405424636901,-1.18517367725171,-0.199529509550542,0.271587528686422,-0.735857607380534,0.297942825260507,0.250292792307623,0.309920193708091,0.133571088354275,0.136804232920665,0.330175833229749,0.39091777575074,0.294047085055268,0.407804383139953,0.286020725301425,0.23801683443308,0.907977795730723
-1,-0.5,-0.2,0.25,0.7,0.3,-1.18139745623614,-1.24469114999953,-0.920977161087817,-0.0610501816157365,0.606811298868716,-0.0965024013956247,0.336836447916654,0.399015659682332,0.337133095556752,0.162362309683481,0.156746745194787,0.300989939642292,0.458354630959486,0.504934418390945,0.353059883548179,0.23522995922264,0.226139657267145,0.645649399647225
-1,-0.5,-0.2,0.25,0.7,0.3,-1.22893946256325,-0.815633864690588,-0.365951337271791,0.362098826480391,1.12757545301925,-0.530072538160707,0.24955501025574,0.305407681814395,0.211651135401587,0.204451343046043,0.197428303798918,0.173035491253367,0.2810461628181,0.408700639865964,0.224888391525937,0.318832096854928,0.271726429248387,0.303345372751283
-1,-0.5,-0.2,0.25,0.7,0.3,-0.80501609849902,-0.208021654985376,-0.189069022447249,0.307602353650869,0.907930975855941,0.673965398978777,0.307964115093161,0.320385351760165,0.291890751388486,0.23997304407397,0.24756820987214,0.232395560685521,0.353111513569705,0.343661749296549,0.289203740386939,0.410344929508788,0.357701791748765,0.403459920403587
-1,-0.5,-0.2,0.25,0.7,0.3,-1.13886897866033,-0.0249923370714129,-0.229028271902656,1.66845404800927,0.962420295056005,1.07742617083488,0.322149086937935,0.349148610958668,0.30953689704243,0.55016619707394,0.489489738843452,0.16058509651418,0.33771168595525,0.294833283875796,0.414569945245111,0.740195112595411,0.761831953109602,0.207334697758722
-1,-0.5,-0.2,0.25,0.7,0.3,-0.679137362292625,-0.752779009405655,-0.235386430710582,0.946119605877331,1.43261993296553,0.588739568751407,0.260917924380695,0.311315116437619,0.257558013532521,0.311864668249564,0.304486663929302,0.105016350979625,0.274446156202726,0.383366972621497,0.263254873991612,0.387766949376738,0.391528523824042,0.118388263114236
-1,-0.5,-0.2,0.25,0.7,0.3,-1.68086303205496,0.202307435399633,-0.15733514323965,0.502131995001849,0.729130402115258,-0.125735155999014,0.276564694163802,0.238786556536733,0.264750182668417,0.217387701614216,0.215921519118727,0.195905551208902,0.293705900435238,0.255656743301844,0.23158724446397,0.330255844335507,0.315250051503969,0.279607784101096
-1,-0.5,-0.2,0.25,0.7,0.3,-1.10426132944507,-0.123179660074562,-0.265875176584531,0.64261949681239,0.743995498850625,0.301300365050689,0.25725949315597,0.280435029992881,0.212378472384784,0.252987347200537,0.238161979556601,0.18335557666289,0.312145161132267,0.293619979230459,0.213607171106713,0.463690612041066,0.370302794446856,0.37804799543973
-1,-0.5,-0.2,0.25,0.7,0.3,-1.16221070252454,-0.540440046926076,-0.29777416029188,1.245283305669,1.31905250432638,0.598659010005861,0.292018354376193,0.320283957934517,0.316115349629651,0.473911341683847,0.412010357982415,0.135402366941355,0.300190213359911,0.441821642341576,0.366870599550644,0.784147396991923,0.695171388468446,0.148839868197551
-1,-0.5,-0.2,0.25,0.7,0.3,-1.0224095111818,-0.721396479084047,-0.00263041565134483,0.783724388523881,0.937788858416849,0.609114639352632,0.302275264392882,0.347585784028711,0.285187404588361,0.315872219088769,0.277994727941875,0.197915913786211,0.322135079180771,0.34642739052904,0.38210812857174,0.470067102880524,0.372172734860773,0.289100144314333
-1,-0.5,-0.2,0.25,0.7,0.3,-0.849445164612993,-0.957980987381337,-0.190572970419233,0.186564098889676,0.732301936639696,0.09151664859947,0.271406244157915,0.332710687456598,0.261211373904942,0.18431995558988,0.187657047540793,0.244318281616527,0.320064022832239,0.38365936939628,0.296321845184486,0.255719452485824,0.24607678140125,0.410845637066382
-1,-0.5,-0.2,0.25,0.7,0.3,-1.13825358702469,-0.0756654239976259,-0.170322447324949,0.120471612995793,0.58658681519168,0.0162642081241443,0.271783055599838,0.269499176638962,0.269854721738312,0.167204647259875,0.166766415743643,0.231239448972412,0.31885134716723,0.311750739970505,0.361435092590589,0.294022986604672,0.258223427551655,0.4725282227999
-1,-0.5,-0.2,0.25,0.7,0.3,-1.46590669487431,-1.24716697488035,0.00917166803820936,0.177281091818569,0.336691174656905,-0.108864867015727,0.297101511213698,0.331726798554652,0.270324387054359,0.186620827028547,0.184917304550719,0.281120605731633,0.349597244894559,0.365842661492477,0.311202309112456,0.239551446127644,0.195145633416096,0.547506459351965
-1,-0.5,-0.2,0.25,0.7,0.3,-1.15309480749157,-0.487063007335702,-0.755289775761218,0.340952604320717,0.639590950783428,0.214211657784526,0.296617930556513,0.274365594200983,0.292519501247612,0.209935478706827,0.218550186482657,0.217756786496378,0.339284528068348,0.303703465574934,0.28196991026238,0.354528564835352,0.318481623330132,0.473516802400335
-1,-0.5,-0.2,0.25,0.7,0.3,-0.874965415718697,-0.44218447837689,0.39555613458471,0.00268434193505746,0.369161265001048,-0.650716219196701,0.229914308150614,0.223147624959373,0.204907790745632,0.128627417521786,0.136499310508427,0.290021922572861,0.287361147067418,0.246021602620383,0.218638207156543,0.279942135711943,0.21725283778975,0.803716711106503
-1,-0.5,-0.2,0.25,0.7,0.3,-0.321228598206675,-0.401637449118871,-0.225249299479943,0.252836143134299,0.741812074983831,0.875599845279665,0.281922898007523,0.315600980298209,0.252214704960944,0.224277210522862,0.223786929064611,0.242536918317894,0.349029452557973,0.36717659678954,0.251835668908389,0.624202468734524,0.489464123450936,0.626275691371854
-1,-0.5,-0.2,0.25,0.7,0.3,-0.75443598452755,-0.500587170037942,-0.893301587564685,1.27602785624493,1.44973237820391,0.997876206932277,0.300500515700025,0.300820524294849,0.271833949397153,0.367566053914158,0.3017813146513,0.143468992759614,0.324203698913906,0.345759082434207,0.2811774833305,0.478617521452518,0.351641139571318,0.227041756564648
-1,-0.5,-0.2,0.25,0.7,0.3,-0.858110062602214,-0.667362032896681,-0.838000926922684,0.432643540057708,0.710090701478311,0.305359933189097,0.266903248454143,0.253926828330307,0.25257422038057,0.177542060613574,0.183731964160422,0.214990686496672,0.314957423936268,0.298563402281252,0.27665197061216,0.308354509021725,0.206573157812481,0.496811787391581
-1,-0.5,-0.2,0.25,0.7,0.3,-1.06548739997176,-0.227235820435625,0.129945319870134,0.442522675572187,0.296788027159842,0.534338144040656,0.263145131886031,0.277150538146244,0.256767920994426,0.2145751966896,0.221255933246015,0.242112711098998,0.373215639892016,0.274650085525433,0.353920310411534,0.604727288147697,0.438906798808938,0.667330356366855
-1,-0.5,-0.2,0.25,0.7,0.3,-1.29380461611588,-0.0898851105591995,-0.14474257723703,0.294407832735053,0.701853607764181,0.182315901820078,0.280425648324107,0.320325379811786,0.27287312098889,0.204132040148486,0.191296073976593,0.221280943351768,0.373539872737624,0.367272175355045,0.27838461069447,0.455012147130654,0.289167647266208,0.63710960930963
-1,-0.5,-0.2,0.25,0.7,0.3,-1.41001282254383,-0.0409495124801624,-0.0262857602146491,-0.279289277604278,0.165838733297184,-1.63836748448914,0.255902007564399,0.263625577556121,0.25364856324952,0.112074271721567,0.112939862599771,0.417938644765949,0.375311476334668,0.350649229688597,0.225412690706186,0.311283160955173,0.218719271562759,1.65266359275695
-1,-0.5,-0.2,0.25,0.7,0.3,-0.474349601781599,-0.818971128507597,0.146798298359021,0.391378778265942,0.664709860357289,0.685014697258478,0.258845209960316,0.313457781255541,0.258905483346568,0.207404337191757,0.204712584365196,0.228841254063592,0.306106450444572,0.350746546321327,0.390525683415616,0.294211257580078,0.231712138028278,0.427905845896392
-1,-0.5,-0.2,0.25,0.7,0.3,-0.640889197545417,-0.588917580986459,0.0124559993165432,0.593225828746676,0.79118385357043,0.852342354038784,0.27258221610609,0.319210747441906,0.264427835852097,0.269821772816695,0.249541503914948,0.206422728510725,0.31392726253798,0.339195523131468,0.281986112705098,0.501309525232389,0.412458227777954,0.369232001080929
-1,-0.5,-0.2,0.25,0.7,0.3,-0.960819526283591,-0.178618688793566,-0.397939360091355,0.807820427903293,0.966270325133107,0.365683540968887,0.234727110012672,0.255515290937545,0.256743224523401,0.252203028786561,0.253434629419302,0.163416217949842,0.278789399255739,0.314085969202344,0.355446051628246,0.350330255821725,0.373068179714884,0.202261471834552
-1,-0.5,-0.2,0.25,0.7,0.3,-1.1071361085934,-0.210552692634876,-0.406893325067116,0.776838548379879,0.880668449240672,0.583163079117798,0.285505756249654,0.299100437151715,0.269184845483145,0.319144205745454,0.304713907870659,0.157354788292221,0.307736674131006,0.304493113536556,0.274330815554126,0.393698699832475,0.352387018849154,0.219887560402351
-1,-0.5,-0.2,0.25,0.7,0.3,-0.408884912621454,-0.91576244878557,0.118231942332902,0.337784132012683,0.716601710700582,0.482761340164122,0.238162923247315,0.286845804187683,0.239589700298564,0.205006062699662,0.193574295474012,0.212389671099136,0.267754703822374,0.417768515358896,0.291112196766318,0.389736063164292,0.304194169001774,0.420037518998207
-1,-0.5,-0.2,0.25,0.7,0.3,-0.786958343893398,-0.438199529498316,-0.41203893307637,0.472387930008246,0.650850746410703,0.605282134963824,0.266405474333238,0.296716140003397,0.258972659879363,0.236373820700881,0.206338121056271,0.254726997692339,0.32725720506712,0.323917459473553,0.307314077608988,0.568347115712137,0.417014017908088,0.509664239680898
-1,-0.5,-0.2,0.25,0.7,0.3,-1.16031893007912,-0.13598453390724,-0.0945843222719427,0.0763336203197439,0.600531523815478,-0.272065915336307,0.247141353847487,0.257133221217396,0.210855573933123,0.160953097550972,0.155973929401339,0.25212635839758,0.383766638383249,0.324030194581212,0.213442521324535,0.419119066844312,0.183564030412332,0.932091786331586
-1,-0.5,-0.2,0.25,0.7,0.3,-0.526637266723266,-0.59414974473198,-0.299282250771064,0.344717071522803,0.83811584835511,0.721281663918482,0.274828627013188,0.336687215430212,0.271464982180797,0.22130039407661,0.231597852438242,0.234055876956064,0.33070093037289,0.45540087329846,0.329659596762339,0.294001219911227,0.292488211741678,0.370221403376046
-1,-0.5,-0.2,0.25,0.7,0.3,-1.22215411198815,0.159087708733624,0.746779963113273,-0.714347167882565,0.345593742406634,-2.42437771734524,0.3477628744048,0.339085355333811,0.317036801751541,0.103121857036599,0.100859807515266,0.620342331714299,0.501613606641908,0.442555381202778,0.35469041287653,0.213255901461812,0.126207742910589,2.03319085680185
-1,-0.5,-0.2,0.25,0.7,0.3,-0.733744632575565,-1.24755487822902,0.104081157925323,0.0112910394942598,0.311415002933592,-0.335257964333406,0.241407155267777,0.260113238095168,0.248853797116081,0.145876707781917,0.142117991978084,0.296742017557818,0.296633359290986,0.317429799148838,0.289256003380296,0.276806723544815,0.200016125466826,0.728463159351418
-1,-0.5,-0.2,0.25,0.7,0.3,-1.13765952097077,-0.949081429360801,-0.652026229769013,0.387161608180734,0.555722122428454,0.333529039624751,0.281058736839746,0.301241316995758,0.257809241721493,0.20621073953118,0.193566960774921,0.254335981885641,0.333097715996844,0.352909369313282,0.312748698559547,0.252355295868101,0.220648174638436,0.413146093284625
-1,-0.5,-0.2,0.25,0.7,0.3,-1.40058421438602,-0.407093433094738,-0.154391441851544,-0.815170174291239,0.158828174256612,-2.83104777705339,0.35798391483581,0.346691190400736,0.352930977577422,0.0997405690854086,0.107782693519388,0.712269780425561,0.579868531691376,0.468388957043057,0.469310644318378,0.408545487949199,0.197019448647311,4.53115859434002
-1,-0.5,-0.2,0.25,0.7,0.3,-1.45901324682328,-0.153593564898986,0.393622288401115,-0.313283235449587,0.506406292685177,0.0479151082272123,0.377562929019234,0.386055270108992,0.361901770041358,0.154885172280473,0.1585252881957,0.345642555360739,0.509592375229718,0.396582715120087,0.396267699728684,0.322783472234319,0.273432323763128,0.931455359416744
-1,-0.5,-0.2,0.25,0.7,0.3,-1.48878258334826,-0.58862355758711,-0.45647912628663,0.157894548907366,0.833728718579469,-0.194718957837029,0.310592797966163,0.347403735204209,0.279944346863159,0.194143309994799,0.19868010014961,0.246424955225794,0.375413822947944,0.367249567831664,0.365621405653944,0.260536283067465,0.258605715729017,0.344073391570354
-1,-0.5,-0.2,0.25,0.7,0.3,-1.00407385014352,-0.766818320394827,-0.326826151498947,0.509690724364628,0.889717108627838,0.0640659561717399,0.254857553506554,0.30887877629582,0.247029445951373,0.212169238487861,0.205138426575753,0.223262587891932,0.292561283216297,0.341911975211126,0.253825295588034,0.291988516576607,0.230757096009912,0.387352311206204
-1,-0.5,-0.2,0.25,0.7,0.3,-0.728787901347068,-0.479929364942888,-0.104480649275611,0.00857276686163893,0.380142508515546,0.027949045181181,0.255103343407398,0.288341095630521,0.261827091959919,0.155314169343086,0.144246942711365,0.306896994124803,0.653870095393907,0.351194998331165,0.310175371349653,1.30144743065829,0.77122599057391,2.79965033451405
-1,-0.5,-0.2,0.25,0.7,0.3,-1.05958027344235,-0.0698023874725628,-0.0636729639143798,0.431234258218848,1.01308304564793,0.336669588268125,0.311004100463742,0.317384939333113,0.247328948474238,0.219544141699018,0.240387562109891,0.197933891704387,0.411276368495719,0.352056543759085,0.19867880369673,0.304614186488317,0.338589104980755,0.287097607619856
-1,-0.5,-0.2,0.25,0.7,0.3,-0.633558497405427,-1.04909365805325,-0.479842597552731,-0.169680083728779,0.460977640642362,0.135817614159502,0.305417024878795,0.337222897602863,0.291934550141297,0.15344195000573,0.160631655818569,0.368983854323355,0.394328670657856,0.406426938092958,0.30478021829103,0.284668488520802,0.212834409145696,0.871236988848499
-1,-0.5,-0.2,0.25,0.7,0.3,-1.24394542776188,-0.42293311557082,-0.771652827827735,-0.0705862236066151,0.798216809172975,-0.471767582470487,0.302214394984673,0.296445073179991,0.223211586260143,0.149721807357746,0.153620568699192,0.248857481750642,0.390448409798331,0.353257004128044,0.241548322556952,0.228191922513801,0.20954203303468,0.46657323782813
-1,-0.5,-0.2,0.25,0.7,0.3,-0.933986585221508,-0.535749123303668,-0.232993307997158,0.481355870529745,0.595969518094897,0.336918566543246,0.240198183105895,0.296891235097749,0.24402493383616,0.20857070950758,0.197058450341301,0.212632052515365,0.291162716741233,0.370682604243101,0.279766573960504,0.30736997478883,0.224867632211258,0.404216371007958
-1,-0.5,-0.2,0.25,0.7,0.3,-1.67121333412542,-0.197511199234831,-0.405678549859882,0.455657435649478,1.19742847453265,-0.483639464083316,0.270313555600229,0.271702965911237,0.284757893164102,0.265443704019737,0.288402931569377,0.148091597258269,0.304668265066398,0.333565291054572,0.340928876895162,0.366796905122277,0.40934821864689,0.206414863624762
-1,-0.5,-0.2,0.25,0.7,0.3,-1.13493276894544,-0.621669299311343,-0.0795788838122419,0.564176281638453,0.878083616153069,0.21315131034505,0.266193729816667,0.31892502536726,0.270058482780136,0.271420361313528,0.26700856059675,0.191181944840485,0.338455159264643,0.342428478901294,0.32164374616556,0.762391691252337,0.677920455621617,0.641262600333919
-1,-0.5,-0.2,0.25,0.7,0.3,-1.05199929872883,-0.81699253271916,-0.588660038249641,0.725961079216724,1.19450080509849,-0.19208532253989,0.23392386698304,0.263865547854529,0.242812041006839,0.274894022864784,0.300738595418085,0.151744836430445,0.268245248420676,0.310707056422087,0.303228086071496,0.353271281289627,0.382734445482335,0.214125170679688
-1,-0.5,-0.2,0.25,0.7,0.3,-1.44149399520186,-0.207479433637943,-0.337443713579833,0.267786381395674,0.71890971064379,-0.0156057761962344,0.280101327241466,0.307812076749533,0.276309577831658,0.205792438596047,0.220032791011689,0.22371417349271,0.450160186309184,0.361940770916985,0.309641549711185,0.538075887191785,0.457283833655159,0.87834615891758
-1,-0.5,-0.2,0.25,0.7,0.3,-0.583934874260015,-0.58288564179779,-0.179988138813135,0.413480255048813,1.02333340695717,0.131788429386099,0.239485108878571,0.302213222098081,0.210043728010556,0.190101400346065,0.18969772446138,0.180060713762413,0.295616310411919,0.349333897314686,0.215256894754701,0.317783117160003,0.25843898371976,0.410435726107072
-1,-0.5,-0.2,0.25,0.7,0.3,-0.85784359137239,-0.491035328669355,-0.0753700768151542,0.265351056845328,0.824645374072818,-0.305793439359241,0.230254615544342,0.237481151208898,0.205078392672704,0.173708708392936,0.18532618008437,0.195665805439118,0.265702461136609,0.29019723073351,0.216702164416692,0.273569842091371,0.257971077368292,0.338116167294413
-1,-0.5,-0.2,0.25,0.7,0.3,-0.941661608830007,-0.120049800330616,0.492780407955602,0.408760548225407,0.567848834339549,0.27390479598917,0.249190703951596,0.225187693725342,0.226639671274205,0.196016440012658,0.192091378282116,0.217974417642658,0.285841947396358,0.250449514231255,0.273860918275053,0.349178391951828,0.296565545608292,0.417644897239272
-1,-0.5,-0.2,0.25,0.7,0.3,-1.24798278569919,-0.748290143133632,-0.0262908417939191,0.623058761807644,0.783967039990773,0.29130116934957,0.277179262187063,0.327522005862406,0.290556027674327,0.245905270782689,0.252717681336584,0.232000729391267,0.304377014292466,0.403788745038799,0.197163497219936,0.357429015986377,0.348399875763293,0.306600707311026
-1,-0.5,-0.2,0.25,0.7,0.3,-1.32825631790599,-0.737347780440626,-0.244750650927146,0.673124447021305,0.977295827507746,0.172550936557253,0.272501436963411,0.327407425005804,0.268216268063548,0.291914324459188,0.255929563322661,0.171702014088146,0.290497856541058,0.442984389674027,0.293574599789751,0.371119775931314,0.291934911050301,0.253483274919031
-1,-0.5,-0.2,0.25,0.7,0.3,-1.17181213552605,-0.83769717647664,-0.101469296318805,0.215366519262475,0.582165991714505,-0.0277414225908025,0.274586258713461,0.335671645777432,0.304600027117816,0.195287589361452,0.210308277598984,0.279739317733151,0.312885841165288,0.361363493694648,0.283160724519759,0.378094991338923,0.390908897583587,0.454679784813628
-1,-0.5,-0.2,0.25,0.7,0.3,-0.389864636519696,-0.223383541147794,-0.0606961790456847,0.716032501104466,0.944515889741748,0.561538490866703,0.205948571558451,0.235191069349795,0.193229015372052,0.240775475261189,0.238181075796082,0.174506308420684,0.243969895955602,0.272551133539814,0.231759894458259,0.322775088078686,0.272636255472725,0.279694534773399
-1,-0.5,-0.2,0.25,0.7,0.3,-1.06998779785594,-0.312524721168291,-0.739037860966855,0.291257586330213,0.85547375482936,-0.354722558167293,0.238068727680258,0.254941507866605,0.214313457842041,0.162349224719276,0.160621333680072,0.196859553112764,0.293611086625732,0.293674344871811,0.264913033806668,0.223069587832029,0.192359358758705,0.319324207653541
-1,-0.5,-0.2,0.25,0.7,0.3,-0.928623095622787,-0.307357936090568,-0.276340429128044,0.148783635197972,0.401927337830483,0.222785925411987,0.265420111372028,0.271968368454688,0.24477803419067,0.166195120594118,0.16685284711355,0.245633183806716,0.313368244541451,0.293440210994755,0.272437519240539,0.266148700726249,0.224617967332698,0.518999514189911
-1,-0.5,-0.2,0.25,0.7,0.3,-1.2486161858702,-0.0792326213150889,0.19657999434751,0.494708418390192,0.671555890298651,0.353512105574511,0.264727763511667,0.283411392014109,0.270484833642264,0.2302827910166,0.234177924308547,0.201513066545095,0.317818921530553,0.3813716056188,0.353946028752716,0.314386343246719,0.300060784718712,0.330482901411148
-1,-0.5,-0.2,0.25,0.7,0.3,-1.27168483680028,-0.270933232593774,-0.415465421296555,0.16612311615115,0.669338521015354,-0.310511922774687,0.263280187242098,0.28728663022206,0.241689411430443,0.166987322100705,0.165938491463891,0.234636524154109,0.341316994747284,0.345707769093385,0.27159694283555,0.274132334292981,0.194430810571516,0.543354180014232
-1,-0.5,-0.2,0.25,0.7,0.3,-0.749425604401937,-0.800823089947737,0.0317575005825484,0.107073227959058,0.6472863849881,-0.157605648107617,0.253878219307014,0.296662056468083,0.235258813841309,0.171789160518495,0.178946034190155,0.262848570139748,0.304993745309162,0.337012966767413,0.228503151317064,0.411871576040123,0.349586983566087,0.734121855166541
-1,-0.5,-0.2,0.25,0.7,0.3,-0.779706518294784,-0.728916771608874,-0.575705021419787,-0.0429830653810773,0.379487815394316,0.475934247383151,0.307001750923724,0.324923253950008,0.271080729391058,0.165876218235488,0.159736191285674,0.31188762137733,0.359753657843558,0.42509902656774,0.34379033440672,0.3129253586018,0.259448506430886,0.590090818043959
-1,-0.5,-0.2,0.25,0.7,0.3,-1.03401305402576,-0.467213946439522,-0.518176070508785,0.645010920346043,1.05365686403112,0.023810939125082,0.243071132763595,0.284174049390526,0.184358813680695,0.223358983171555,0.238278048069935,0.153204555772509,0.277140969673043,0.323699378193694,0.217894161352385,0.287735517805571,0.306780870395727,0.201804105754032
-1,-0.5,-0.2,0.25,0.7,0.3,-1.38076900787576,-0.0311798454657552,-0.261971912740717,0.350342858272593,0.477071106759398,-0.146791416497616,0.241239880802031,0.241746068137347,0.245588149327508,0.180719778088319,0.178370118883933,0.216377524094176,0.281758747263306,0.265149765736657,0.23377009519815,0.26029243989243,0.22764312809364,0.389191857023046
-1,-0.5,-0.2,0.25,0.7,0.3,-1.51878643092093,-1.17708259081958,-0.816567518702854,-0.807978200715061,0.237192551245183,-9.58338188009144,0.296602860315811,0.296240207080736,0.260041435762221,0.088100460701861,0.0901417340310614,3.15064087299498,0.423648860505379,0.394817411085427,0.348724229754272,0.166946435599241,0.111173952371613,13.9325561049349
-1,-0.5,-0.2,0.25,0.7,0.3,-0.646175655159276,-0.995465061316171,-0.244307009121487,0.312902927494437,1.18721925712478,0.767899608468173,0.329167521632968,0.46006161086208,0.315896697690159,0.24327366379946,0.203204238452674,0.190655112253314,0.403770759268389,0.701076377646582,0.421656131076761,0.348462871479315,0.306660884293538,0.290798839827027
-1,-0.5,-0.2,0.25,0.7,0.3,-1.27425364070064,-0.201515882256707,-0.103323316572468,0.0786301107895434,0.400367671762058,0.0663645123847579,0.278714400480947,0.287838469804018,0.292089415371688,0.175989118961978,0.179203249745851,0.290295061783011,0.385968124634727,0.359623241367993,0.330020998661729,0.688498782790409,0.60534945896307,0.981779455373553
-1,-0.5,-0.2,0.25,0.7,0.3,-1.16588301152004,-0.52387430587818,-0.472652817140377,0.446608318272705,0.772309154556819,0.345920516641374,0.280062416989281,0.323728862242815,0.249606583650238,0.220319181990312,0.204003662178537,0.200756119505962,0.315257358910073,0.396435214771417,0.333589719945055,0.280520869041618,0.255576513344195,0.267499280569974
-1,-0.5,-0.2,0.25,0.7,0.3,-1.10193559133192,-0.919811554554358,-0.170495845927049,0.275522535564775,1.00175338907705,0.338602450027929,0.318002387900655,0.386727993847531,0.316534854169477,0.215500806291567,0.221210194806325,0.25792349088677,0.426013004083884,0.523093304223156,0.725680386829671,0.292252598649946,0.32854375317886,0.366217365148064
-1,-0.5,-0.2,0.25,0.7,0.3,-0.632108086055633,-0.605241520719068,-0.424672803704747,1.27264338493231,1.54676204317826,0.418763123759685,0.22675549164604,0.265671309361128,0.159849405863951,0.323944560708594,0.300922197677183,0.140870400481175,0.247617458663029,0.272229725269383,0.211137122609453,0.549276080933303,0.503957936736387,0.140014693165021
-1,-0.5,-0.2,0.25,0.7,0.3,-0.827461082407042,-0.222065053158625,-0.192798110482233,0.147272447014463,0.682809680784379,0.226384092894441,0.270724027120609,0.255433843866699,0.236928595836754,0.185376072080164,0.204188563116276,0.241030133624939,0.315432828270098,0.262655865265213,0.36453883180238,0.305638855078485,0.284605687269597,0.416121434734748
-1,-0.5,-0.2,0.25,0.7,0.3,-1.00628525460885,-0.335691729861961,-0.360905769896272,1.19619709928,1.7048257492831,0.741621442246808,0.320772637750691,0.343131905240062,0.286638333240546,0.462987498626988,0.436828834602052,0.192210254392672,0.336163669087885,0.385255686342671,0.316561657652631,0.612905442655167,0.587775629860616,0.158421605961591
-1,-0.5,-0.2,0.25,0.7,0.3,-0.532201195412716,-1.28086979817125,-0.267137369727449,1.30261773843006,1.6623951908582,0.327606663807076,0.202524933728154,0.364141611238513,0.209375801701828,0.299921952798443,0.250425038016873,0.123871165662659,0.229568491415315,0.343622491559396,0.23985518319471,0.391193596071815,0.322326919720161,0.143370045913073
-1,-0.5,-0.2,0.25,0.7,0.3,-1.51253710897028,-0.787574267476487,-0.125419167509683,0.0040987225391409,0.556098110336884,-0.482557902357978,0.294762387881881,0.334610872284445,0.275137073132521,0.164485397705696,0.16851015854184,0.288997698423288,0.365543683144868,0.369534897809696,0.290706227261606,0.243438065297891,0.207863168806851,0.638843037163193
-1,-0.5,-0.2,0.25,0.7,0.3,-1.21594496102231,-0.66603002439486,0.422055794941054,0.26011767888056,0.756041903801261,0.403353460874497,0.323522882507011,0.366296316274041,0.33834092349753,0.234028006139376,0.225130089150795,0.278072549473234,0.389433928447491,0.41074880923377,0.361956549526709,0.473577963854337,0.333465600190186,0.615723265206294
-1,-0.5,-0.2,0.25,0.7,0.3,-1.49089319854387,0.201898790364985,-0.0490850111893461,0.00984550441710188,0.666436857752238,0.555903677537991,0.354930959408402,0.344335651823797,0.294866457731588,0.199953823278838,0.216818950304538,0.258210730820938,0.462229007010747,0.391952179214891,0.438463290791277,0.346866121864461,0.331407069530329,0.511865782617996
-1,-0.5,-0.2,0.25,0.7,0.3,-1.07218266924353,-0.0354717647826687,-0.330234020640701,0.0921566235386368,0.569892673061699,0.560151750791617,0.319369810679263,0.291042633242118,0.307367597214135,0.186448331434682,0.200434596398802,0.277487142848964,0.371850409457671,0.318008358394035,0.294648788887978,0.352707042550407,0.313542028401035,0.557594433085902
-1,-0.5,-0.2,0.25,0.7,0.3,-0.888975503371207,-0.426458291501125,0.280137345400401,0.906665569496104,1.68993842556769,0.47536416656643,0.272912031875592,0.330183507202627,0.256675298541231,0.316751645428934,0.326162554253015,0.0947227042514226,0.295651022621185,0.422239839731182,0.381531487333361,0.432443212776817,0.475859038777743,0.107319788499295
-1,-0.5,-0.2,0.25,0.7,0.3,-1.02156036535297,-1.06212929673474,-0.430440185679386,0.0220606411687142,0.343324034749722,-0.0443880153659853,0.277237996389249,0.285880053662692,0.261998371461488,0.169711103183779,0.167559707617091,0.311802309135148,0.35219522494288,0.406731817407237,0.347296328919156,0.629130126972691,0.458230272009047,1.14522975687782
-1,-0.5,-0.2,0.25,0.7,0.3,-0.866495899076105,-0.255348036253719,-0.235253740337449,0.657099785105048,0.41101088659307,0.808055903964617,0.267968811194785,0.286233139408625,0.26540486325674,0.291377453641045,0.311261127560747,0.223112521908988,0.335004462750496,0.282940382480602,0.244675530411868,0.488430792166667,0.385378161856976,0.510783176171634
-1,-0.5,-0.2,0.25,0.7,0.3,-0.86684664356886,-0.0274569792983638,-0.146228770432843,0.337645195749543,0.367146113426618,-0.00681477014838368,0.204293185259026,0.198318145923314,0.168870481171608,0.173618245873685,0.172121376989463,0.196161862997773,0.259923321405638,0.241882717702035,0.223969139867155,0.341929910709588,0.263804129130189,0.520089915587002
-1,-0.5,-0.2,0.25,0.7,0.3,-0.96734259595971,-0.672740041112247,0.320140209274695,-0.018647299691823,0.775541566678688,0.264384461345537,0.339054686972,0.387769877253768,0.300364857556286,0.176378034418727,0.18260833174856,0.282151433934071,0.428396515770847,0.426816312685968,0.266214884531127,0.23886557316931,0.236066214450761,0.436342794173357
-1,-0.5,-0.2,0.25,0.7,0.3,-0.788046710778319,-0.325660097154664,0.523169124420455,0.258084450076058,0.238557880526672,0.160883404495589,0.224718472593875,0.225562042223037,0.215326406827406,0.158707505127152,0.153199072757041,0.244454213673735,0.274507786700752,0.266191660088327,0.238488942874498,0.25218651131445,0.190928282410003,0.462808920837391
-1,-0.5,-0.2,0.25,0.7,0.3,-0.454194878003582,-0.641477958046854,0.349187547787357,-0.363160261716445,0.218508956468447,-1.13268690773705,0.267652353238481,0.269931676032398,0.274409725994275,0.108236922607569,0.109062529062418,0.410367473376968,0.349426565043908,0.342069202891913,0.308171912567058,0.278753494105814,0.172639405309207,1.4811648450841
-1,-0.5,-0.2,0.25,0.7,0.3,-1.03992134277797,-0.933282755755877,-0.370240817837512,0.157393218805194,0.647394271386465,0.195602255533695,0.293547258522466,0.367594003947826,0.313215865531834,0.205294999559638,0.211457030983751,0.262214248596146,0.398123987614545,0.400989724088342,0.367840961001959,0.468260309568783,0.381217491112606,0.769941374331881
-1,-0.5,-0.2,0.25,0.7,0.3,-0.812212099999598,-0.130810320036298,-0.180468902151602,1.68394379690625,1.62779224216116,0.539838075909391,0.225421817434516,0.245227092402667,0.24305778985512,0.49337345861495,0.482905788062643,0.0761374809321669,0.23261600750491,0.317506062987708,0.280142494805596,0.652279295995632,0.661798263131542,0.08334298771665
-1,-0.5,-0.2,0.25,0.7,0.3,-0.983501591130148,0.0279933490005589,-0.73875668059073,0.227629600704266,0.853452435926143,0.194554278072663,0.281248589722421,0.283987937170911,0.245625798795526,0.169168701863477,0.16194981918048,0.195322634405994,0.340922811326647,0.322135731797667,0.277522558051234,0.23079442696731,0.1910694208982,0.276200905232762
-1,-0.5,-0.2,0.25,0.7,0.3,-1.24882324328092,-0.715551184090669,0.62773110955082,0.217246657366855,0.547124792400765,0.0861276245468416,0.287203464163729,0.29936188345907,0.279561172579378,0.191557569633946,0.19851262268256,0.263183266956231,0.34465039588411,0.341729972081982,0.378228409713274,0.303607842648895,0.282899271652682,0.451780064595936
-1,-0.5,-0.2,0.25,0.7,0.3,-0.779539522273549,-0.705621156864464,-0.0719469713673623,0.369691110888038,1.23722684063692,-0.196836778486935,0.254396864728416,0.307043452982959,0.214932453255685,0.190436336102186,0.194764156718419,0.176448123783003,0.290347658800217,0.334054659364745,0.198312150398654,0.224126145842208,0.225561783212436,0.224498842019183
-1,-0.5,-0.2,0.25,0.7,0.3,-0.732922001857059,-0.474733934907523,-0.253775654804386,0.294773485369157,0.942487664582075,0.440424033394464,0.283744888037575,0.312196493838186,0.27674515010562,0.204930766860572,0.209686390982055,0.217645880779292,0.354821445059523,0.374991362205831,0.29078400790935,0.312309272349545,0.269917444040099,0.477738421320115
-1,-0.5,-0.2,0.25,0.7,0.3,-1.16174144231956,-1.01420387797747,-0.440730445890114,0.758940832907356,1.37252878902067,-0.0128390297658055,0.256968059008595,0.342461857027619,0.276488941427744,0.277547981064861,0.311433176697013,0.177989255067632,0.280011721900013,0.3765531756846,0.264676360615558,0.382002885264247,0.409069642092565,0.250233655855537
-1,-0.5,-0.2,0.25,0.7,0.3,-1.38036970443729,-0.223699805382384,0.34843064201254,0.520023768642066,0.435095454856971,0.410662782644768,0.283777296022188,0.309495965919847,0.299975101362362,0.227769181201091,0.214919050765873,0.231318851949185,0.331007464431362,0.343266366251107,0.345575403358601,0.521368658298813,0.36755016511823,0.415690836538465
-1,-0.5,-0.2,0.25,0.7,0.3,-0.282732947210013,-0.880410695929625,0.00205657628495847,0.00757651755806407,0.680478630437005,0.535560949626303,0.286275828022112,0.343504868290912,0.274192755278331,0.169390175596239,0.170197569022084,0.260399783603149,0.354360419806788,0.423175498775723,0.351032239107412,0.275394379734645,0.218544209002576,0.598940435485183
-1,-0.5,-0.2,0.25,0.7,0.3,-1.21107832815507,-0.405691224184884,-0.12250298762216,1.32193135213721,1.6989829015991,0.183570524047912,0.248929117787642,0.356235400843694,0.268146363848124,0.360454082363996,0.295689357972951,0.120131877262255,0.266597601029758,0.388587597375897,0.327758751986741,0.473467661925503,0.403816568216791,0.153671676738436
-1,-0.5,-0.2,0.25,0.7,0.3,-1.32096674233132,0.0555440628010236,0.316144500781881,0.49979444377981,0.599259863217183,0.314953211987873,0.282404582405259,0.260723932733,0.233940456062115,0.219935546387939,0.245018112040197,0.223128746639403,0.314149031258413,0.24708021986261,0.254684907217332,0.311389400060299,0.385246427985863,0.348477883998695
-1,-0.5,-0.2,0.25,0.7,0.3,-1.50382830560052,-0.330355698706387,-0.285235651125112,-0.0283135073868758,0.471853269163544,-0.530960284398775,0.280927506559926,0.304365582935502,0.235015413755519,0.154621166741365,0.148737610186754,0.290945100785513,0.367393724212755,0.3434044952883,0.239311464236381,0.293758794777095,0.206962091774156,0.751752047916093
-1,-0.5,-0.2,0.25,0.7,0.3,-1.15630173649682,-0.0377867042105691,-0.229922204829535,1.18690786337438,1.49370344486934,0.294493158778784,0.266994827614251,0.318103003707126,0.255939080593983,0.358123199334757,0.30946992435814,0.0751756124995896,0.303760532725793,0.364824981686362,0.372691509901442,0.439383763577752,0.374068343091703,0.0828298775001688
-1,-0.5,-0.2,0.25,0.7,0.3,-0.848717935132701,-0.685442193803236,0.383345741566751,0.401777176782421,1.03858645190392,0.106291117356987,0.262835990837139,0.335075234966504,0.303516423830164,0.230519343291733,0.23643313606204,0.183408542424092,0.326046689868184,0.374562499163535,0.423708067162923,0.357337626618449,0.366852567256308,0.299645452550661
-1,-0.5,-0.2,0.25,0.7,0.3,-0.924369147941832,0.0845861742774791,-0.306631144684211,0.367334350077427,0.345346773055372,-0.224158662283411,0.190670082393515,0.182799415572868,0.119509918122201,0.149809105364947,0.154531601356994,0.203590591379546,0.239544808864195,0.195393538368385,0.125805776303336,0.253385867701129,0.229039000104301,0.464590406440959
-1,-0.5,-0.2,0.25,0.7,0.3,-1.15857450108717,-0.089539350051073,0.320236770204537,0.12383913987669,0.623686634417592,0.0365698344453603,0.280904486120087,0.304426563952407,0.271912300436041,0.171304616079974,0.17048542026415,0.222273990519656,0.353172198605647,0.37744737838784,0.388009321205191,0.240768619889558,0.215331739963406,0.411324887615676
-1,-0.5,-0.2,0.25,0.7,0.3,-0.52951824271976,-0.397754383407794,-0.482757329938135,0.380022046685604,0.928188578983532,0.136970336163197,0.232243540755021,0.208498759559423,0.114687559443387,0.180072868393794,0.188740549054417,0.166473240424113,0.259646439328076,0.244718916112054,0.134154267184655,0.222488526086648,0.238513943662549,0.228194585100112
-1,-0.5,-0.2,0.25,0.7,0.3,-0.810346127422624,-0.828108824547566,0.122935073368943,0.430217345986749,0.580925355764597,0.547944375799,0.258781922949114,0.295671510725343,0.257735272637076,0.208041238039498,0.205264428890222,0.224046248948159,0.308038241309267,0.436074267183006,0.37895552125456,0.328554908363725,0.266374393025332,0.465501501136161
-1,-0.5,-0.2,0.25,0.7,0.3,-1.35025955831274,-0.44256854482892,-0.918742678066548,-0.000536109159781588,0.544716469522292,-0.175542682048044,0.300184455135766,0.365794099891518,0.248553063443885,0.154296287139517,0.141456171613832,0.273325809822227,0.39855249533534,0.395278862471664,0.295137938433016,0.22520842860626,0.172958653406983,0.590478004036677
-1,-0.5,-0.2,0.25,0.7,0.3,-1.13941192215263,-0.493396981324184,-0.0859826822910707,-0.0360434254767103,0.770954522127101,-0.196306936080037,0.301286273474558,0.324950570663717,0.28928630020144,0.180418199603325,0.182659842216863,0.265438896972787,0.377723838175143,0.383791380710862,0.329613591430187,0.443420911490388,0.311019563982566,0.861535325073166
-1,-0.5,-0.2,0.25,0.7,0.3,-1.17939684289056,-0.889415692907311,-0.442199809693061,-0.0509435368608977,0.847065552412952,0.0605495443927116,0.347153184816714,0.408858442362679,0.377305915887267,0.192351094600707,0.195955855814173,0.287440437289782,0.412384139508359,0.44236653909562,0.425099856269693,0.286101582209295,0.269881666774425,0.460761724115832
-1,-0.5,-0.2,0.25,0.7,0.3,-1.31897159406088,0.238343564735369,-0.0896784611036829,0.47961936560904,0.247777810976542,0.492973671850789,0.275869423502479,0.263368297993757,0.276653802906806,0.210509443342933,0.205243133690636,0.220914316968367,0.367420320320996,0.306592227296851,0.23314700567546,0.442079744843499,0.273388799650996,0.585994535513558
-1,-0.5,-0.2,0.25,0.7,0.3,-1.44270124173322,-0.0971733137805201,-0.573571858898455,0.0359278163933183,0.71622762102322,0.195438291171577,0.333850342145561,0.344211406777436,0.244047293574277,0.18280002068517,0.189617264568448,0.273187849288975,0.418485985646937,0.40009042806452,0.259240485524875,0.259920576856604,0.225812733009766,0.493616864958614
-1,-0.5,-0.2,0.25,0.7,0.3,-1.49946921285332,-0.231528437206702,-0.487188096488451,0.299267108400051,0.874147714070349,0.0853305540239296,0.318987906200638,0.323619100862569,0.300757409285433,0.210215409001672,0.211772743187184,0.226306070712772,0.350490212342162,0.35124727059493,0.339406870759928,0.287229519689777,0.272825779618972,0.325457790841271
-1,-0.5,-0.2,0.25,0.7,0.3,-1.15991662171895,-0.43154293042846,-0.312421525319336,0.479641548322311,0.766905116571722,0.0210339644235342,0.257650887663133,0.294738988956069,0.178349780722749,0.227410920163564,0.24184737026232,0.206540628269157,0.308541401220293,0.302131365796483,0.17671079897707,0.334696557435141,0.288254596452855,0.408072421936608
-1,-0.5,-0.2,0.25,0.7,0.3,-1.84479097256561,0.180482753053992,-0.0675542001607421,0.335019470746934,0.060187687759399,0.391597043829283,0.329065064009755,0.362886929320841,0.352368958956227,0.221344249607389,0.247844865974787,0.262039335658189,0.452436061097976,0.275073947256531,0.324107387753925,0.448422557394757,0.507213143884174,0.738931708462617
-1,-0.5,-0.2,0.25,0.7,0.3,-0.304253966274864,-0.841013598723614,-0.476316917157332,-0.376155310265304,0.366524195403032,-1.48577978515434,0.255417399527152,0.234340677208338,0.255428325152264,0.101568087652044,0.103944455371312,0.453956801966591,0.334058442080424,0.294996609102907,0.258341777299064,0.195966174219332,0.13563358051778,1.1029774506285
-1,-0.5,-0.2,0.25,0.7,0.3,-1.0978274971152,-0.539493747695354,-0.382494360890591,1.07720904396031,1.57393243159651,0.328542703795238,0.258823846738889,0.326114484599355,0.244620488897833,0.40052403900188,0.41692979955482,0.0941456466939341,0.269895885544243,0.345171482396115,0.314638405068932,0.695457232718123,0.733136356008227,0.117204088548684
-1,-0.5,-0.2,0.25,0.7,0.3,-0.754332426325453,-0.705222484869533,-0.428827600840562,1.32122445840964,1.03097300295464,1.27801944224269,0.314597225746513,0.326727810348332,0.308891304716957,0.501872925452372,0.411930249201484,0.160167591490108,0.336369879265972,0.445804015788818,0.304919071977322,0.814586798368543,0.616318803250462,0.209648770607187
-1,-0.5,-0.2,0.25,0.7,0.3,-1.45870519605431,-0.189060749375412,-0.112948955125723,0.308561482174957,0.388592453287987,-0.45046581160061,0.225132131825059,0.242012491193767,0.228721930759435,0.170384899499147,0.174947934292485,0.221687516246174,0.268810694110248,0.253132352625032,0.236664693144396,0.283274915330925,0.261765156274192,0.411391725383111
-1,-0.5,-0.2,0.25,0.7,0.3,-0.641541574985038,-1.32098514826358,-0.400003780815275,0.826293741808675,1.51186473738425,0.164081792342453,0.249821188094009,0.345834260300098,0.217011500534639,0.277543689440194,0.299039549293672,0.192263890859114,0.281373071823063,0.397839385376254,0.216415341533867,0.415359969431487,0.440826403435772,0.330324269283624
-1,-0.5,-0.2,0.25,0.7,0.3,-1.39949098522192,-1.13117006228381,0.0288870293007536,-0.118365359130973,0.462209339120294,-0.489793062440818,0.30688327262442,0.350598777117663,0.305087899720404,0.173024542109478,0.16530849373747,0.32085689876444,0.407018057823475,0.428129001014116,0.319937164546041,0.305666697745634,0.221603150035374,0.779720574052357
-1,-0.5,-0.2,0.25,0.7,0.3,-1.32357986847415,-1.40495243133312,0.0465106197571139,0.903526726225211,1.35216228289069,-0.16217505250692,0.257390407928895,0.356095585617896,0.273445306997308,0.275992332390441,0.259961725733672,0.17540088379173,0.282428235110018,0.433813832111744,0.305485079291459,0.340659067707902,0.339671808007188,0.221739520003702
-1,-0.5,-0.2,0.25,0.7,0.3,-1.60516061494961,-0.781530743089835,-0.294127923694639,0.569427085075351,1.09164495901709,0.0611887839197566,0.315599247784188,0.373472348691976,0.337820533792762,0.293039644022073,0.264721638924409,0.194179741712501,0.358958260357368,0.440004757575041,0.35143001379972,0.411120596050946,0.352127819956293,0.305568376077649
-1,-0.5,-0.2,0.25,0.7,0.3,-1.05593442249264,-0.927262240295181,-0.505997127422661,0.859526530508131,0.956643040978795,1.00979753990773,0.322735236552509,0.33804707374328,0.289691691628939,0.406058609558769,0.348391261808548,0.202823142303507,0.393883293269993,0.601356176361437,0.402671642350119,0.906705133339046,0.689682063649747,0.435126343059426
-1,-0.5,-0.2,0.25,0.7,0.3,-0.628095766046662,-0.480228020370169,-0.498312225894628,0.792543089400644,1.14081372455794,0.639746835668122,0.257065834224422,0.316832786737288,0.241962068181002,0.282194010176308,0.24835477231155,0.158821714149979,0.295089828431018,0.322371705322508,0.319707458518633,0.542333084462996,0.42181463763831,0.299552289784852
-1,-0.5,-0.2,0.25,0.7,0.3,-1.04658102732765,-0.425151836566083,-0.400850289786763,0.303597306782348,0.533184046199797,-0.017159984631921,0.240207571902702,0.260653843612046,0.248352792892952,0.185082542887657,0.192473428985025,0.218206982090771,0.338258563477311,0.313290903504787,0.221359846638558,0.561151782694367,0.408817119743778,0.912462101169391
-1,-0.5,-0.2,0.25,0.7,0.3,-0.871157409245554,-0.758191131362594,-0.246759272800511,0.710101505799282,0.481061513386251,1.46435879322212,0.348702177746277,0.372532556781743,0.324447850854375,0.323748006158313,0.306844819509474,0.248309910842361,0.412688223394492,0.34930426478123,0.362652315162847,0.507227767039066,0.399655685676748,0.469030749154196
-1,-0.5,-0.2,0.25,0.7,0.3,-1.47489889586064,-0.746228772237351,-1.2869863924227,0.143421024903127,0.233728499889073,-0.0631305272346731,0.290124463354253,0.265697580528847,0.2534482409074,0.170260781769025,0.178219606111565,0.288776397591707,0.383700517359282,0.280066032707565,0.328326502087049,0.385217339614029,0.24758247278673,0.788371755749225
-1,-0.5,-0.2,0.25,0.7,0.3,-1.26383287542292,-0.830797219749129,-0.715881910169567,0.391410873248367,0.335700244421744,0.404152651797677,0.286035038796227,0.272546571199984,0.272158739132994,0.231053361946889,0.215526919501843,0.241722136122848,0.361618345946797,0.350191246322353,0.327135095289387,0.45813201441583,0.312149556583759,0.579848392466388
-1,-0.5,-0.2,0.25,0.7,0.3,-1.16035933656359,-0.869122343190274,0.181736375610035,0.229978578099953,0.440258256452676,0.0603213180028874,0.269742117633857,0.297556792804547,0.268484777653654,0.18512157634934,0.180272190272373,0.26128925700951,0.310012218672329,0.3344802672279,0.30742323773285,0.271686184418856,0.237894129836242,0.439521059183951
-1,-0.5,-0.2,0.25,0.7,0.3,-1.63271041014127,-1.12453231724917,-0.317174651101534,-0.303557623295451,0.470454344123102,-1.25158361102955,0.310752042381814,0.345988739709613,0.285690119671607,0.14182936668288,0.139979787904387,0.351348002028488,0.417312434232126,0.423805104751975,0.309368638046853,0.281179791678223,0.216560425450061,0.950999464387267
-1,-0.5,-0.2,0.25,0.7,0.3,-0.473763225683454,-1.1543159448465,0.246184477923285,0.447253774311656,1.13423873752487,0.212491016513658,0.24263691403993,0.330356441875909,0.257924084723566,0.221222301530561,0.215689460339026,0.196603159418217,0.284595487515892,0.43830982980632,0.319981909948373,0.31242637684586,0.324189253649227,0.234556911094587
-1,-0.5,-0.2,0.25,0.7,0.3,-0.836477211524469,-0.69687923122334,-0.306277914572907,0.288493979003417,0.698510272630056,0.559008602673409,0.296498284206503,0.350809896199704,0.297533663552203,0.222015556084865,0.210270765569636,0.2598171139532,0.3802339417698,0.393552741749921,0.35418987345392,0.518023106832209,0.403461587165011,0.580355795424579
-1,-0.5,-0.2,0.25,0.7,0.3,-0.755288516930216,0.00178345684174855,-0.0958086314828798,1.65818554256851,1.55735586551261,0.848002481835076,0.252406766842411,0.260264143156334,0.240682650051301,0.482002652816652,0.454050962456809,0.0906437625529584,0.256666854331812,0.259605612865129,0.212030730051642,0.656045244022091,0.645689605538306,0.100495961447266
-1,-0.5,-0.2,0.25,0.7,0.3,-1.72029449479701,-0.315315117099773,-0.240072517334717,0.856868582961397,0.977785203303053,0.0598374330496227,0.295425492849344,0.323760597767934,0.270549885337029,0.324766199058147,0.290584473214112,0.190565844250782,0.31675241390947,0.388152333544668,0.329581907881224,0.561601290565466,0.461443112728048,0.294695817542545
-1,-0.5,-0.2,0.25,0.7,0.3,-1.09765115849776,-0.379915460737572,-0.00367037104320751,-0.241903359518476,0.254054961102887,-1.03606022426959,0.257029917920696,0.266141299230145,0.272746078919174,0.124685979882817,0.129415678122865,0.36194214717036,0.347456697294813,0.29242896937833,0.280008704202035,0.287722418607926,0.163120377777135,1.20759265261959
-1,-0.5,-0.2,0.25,0.7,0.3,-1.14063045000125,-0.986719725544836,-0.266534590330522,-0.0310214484279664,0.650225232860065,-0.824308004289223,0.263799483919915,0.294496464459599,0.252889105622868,0.150309103862841,0.164285013995133,0.260606400830906,0.317073308979392,0.359424776024894,0.228558041539204,0.232333705244761,0.246487536316589,0.478059045082982
-1,-0.5,-0.2,0.25,0.7,0.3,-1.16652494535297,-0.305803534857219,-0.302586697162865,0.146988057077756,0.596805810370501,-0.491322752166554,0.249930240048418,0.285320082361121,0.229411006270823,0.152719978524495,0.151966571663473,0.235307145885757,0.308419262654443,0.323718912853217,0.279353785818548,0.240847707434315,0.219628695020815,0.47785251976945
-1,-0.5,-0.2,0.25,0.7,0.3,-0.721980778839989,-1.17974378494921,-0.148079863842233,-0.390677955683417,0.0715791071349909,-0.905113422604117,0.289291731440387,0.29778445688967,0.277988857254313,0.122037140339528,0.130627422043822,0.442038318129713,0.408199623867818,0.373827905602544,0.401694484440363,0.370810427927902,0.240849175111678,1.88133202903807
-1,-0.5,-0.2,0.25,0.7,0.3,-1.04096101674745,-0.19924100831152,-0.46036730808801,0.654445578542658,-0.0222078994023895,1.25520054619926,0.338746040993262,0.342313112373974,0.279173586537689,0.268047313469786,0.276754913147898,0.217788741011129,0.380414362427952,0.31955198367838,0.224109898623639,0.460180620677181,0.391650101224064,0.445900363046939
-1,-0.5,-0.2,0.25,0.7,0.3,-1.23187593658012,-0.427378795006538,-0.537823429488027,1.31330254145945,1.40299742576026,0.548168794058211,0.287132627342949,0.329346615188621,0.179213942689877,0.408221298877154,0.319073151446287,0.106473550245123,0.300242984152996,0.481986642038218,0.195213888833969,0.464362492181266,0.375561102035263,0.123693582234694
-1,-0.5,-0.2,0.25,0.7,0.3,-1.06768043214519,0.0908371317793252,-0.747600347282697,0.759621946922852,0.377845326088654,0.417376855518298,0.235424800961132,0.193799260490733,0.227486674121099,0.196264645936813,0.195105816071416,0.168728945859616,0.280121122926322,0.209494506080532,0.25704729632103,0.293345853509146,0.272541481220318,0.295627908976041
-1,-0.5,-0.2,0.25,0.7,0.3,-1.32167531595213,-0.291470664543201,0.189116398327463,1.08753591685369,1.34097963967675,0.403644913467931,0.290049190338155,0.339941605362731,0.240146483381903,0.345610296225408,0.29939894972409,0.0966186828478742,0.302970957418991,0.437818061319795,0.227747382948865,0.405709208520663,0.367090560033181,0.106267230563372
-1,-0.5,-0.2,0.25,0.7,0.3,-0.675799290470659,-0.732431898060274,-0.540217173300387,-0.18309169711149,0.459238577695246,-0.0646013236105937,0.297429148582985,0.318218478745469,0.265366541828979,0.142536383034566,0.144210712069291,0.328756298320845,0.367291661122473,0.392625193237029,0.272375831066404,0.293628471011859,0.216467323840409,0.818604738979897
-1,-0.5,-0.2,0.25,0.7,0.3,-0.880840459955196,-0.479870382864012,-0.194831465981287,0.23374028845547,1.06570515417514,-0.391645664593775,0.263697297630234,0.282648530156971,0.210831786076507,0.174315490142772,0.184014978246477,0.190471779442281,0.292971626417046,0.299565256735344,0.230220253148762,0.276247942764857,0.252869127153387,0.38381263628405
-1,-0.5,-0.2,0.25,0.7,0.3,-0.976673671159503,-0.633628095243052,-0.0502407386614243,0.0924168290920279,0.802908628406699,-0.0639607257212993,0.296885509876028,0.335340617676754,0.265426417413955,0.178068028739015,0.202475917197883,0.269292863182765,0.38101465724947,0.341581701704984,0.256721802799251,0.285594785679402,0.2830186218043,0.505861372613423
-1,-0.5,-0.2,0.25,0.7,0.3,-0.75602748992907,-0.573497588927055,-0.110062742147724,0.563783383692886,1.06322143566339,0.769254092315425,0.303357012277449,0.372639209053038,0.298493079992352,0.275245150998102,0.262283076094767,0.191977595922592,0.342813450552586,0.380621422127579,0.403435272343683,0.372189294006953,0.350408462937094,0.292524871346565
-1,-0.5,-0.2,0.25,0.7,0.3,-1.02261742629054,-0.268270856926362,-0.133142752303635,0.100107975670637,0.735379559178976,-0.346401783958255,0.246228548397077,0.26774354753853,0.18088602593292,0.157545827052936,0.15112302702943,0.224829376328298,0.320818965623157,0.366096606394162,0.21122798032991,0.248750132383448,0.183528885914254,0.429616343333929
-1,-0.5,-0.2,0.25,0.7,0.3,-0.586903345552977,-0.542801502779209,-0.0425828407913346,0.221812013666217,0.672770321996223,0.716092969581506,0.284646757512358,0.309473986032267,0.287917314519995,0.213749176111934,0.219109180763767,0.244562302866611,0.376342589146942,0.36251629660438,0.284450138730261,0.492358020436806,0.419499290898016,0.712889296265252
-1,-0.5,-0.2,0.25,0.7,0.3,-1.25118688892815,-0.386317196060556,0.760015091361734,1.01655415457133,0.297674673484468,0.545245561104018,0.261481528328967,0.216977242611442,0.218310835792335,0.2917589669728,0.281933896623919,0.166667582533176,0.319050379079019,0.205139194992031,0.240855325341888,0.535804010623877,0.400055307965266,0.335575000565921
-1,-0.5,-0.2,0.25,0.7,0.3,-0.636885419269268,-0.782815521703071,-0.207913059943479,0.47969362225198,0.962689181906884,0.0410926883523756,0.220340329655877,0.285767158423906,0.223275434239382,0.201864651623593,0.196460594226131,0.18980633761117,0.26047016717428,0.327995806628682,0.252842093256931,0.275810751725976,0.245739484657725,0.313326156815315
-1,-0.5,-0.2,0.25,0.7,0.3,-0.904245230461334,-1.54595513794353,-0.311941465102193,-0.288314641777269,0.309907777158225,-1.06115315712928,0.283421924282234,0.295335654906499,0.311142097249236,0.12483411134908,0.133758827436713,0.365947945165249,0.351770714146957,0.430125335790635,0.363121782935805,0.222864766653482,0.196729259421185,0.879107176705492
-1,-0.5,-0.2,0.25,0.7,0.3,-1.20485065917335,-0.461620128828436,0.00467126294944243,-0.0564659820796495,0.339526467857121,-0.235786560939553,0.27703669644834,0.2939362769534,0.280297049432587,0.157160993254363,0.160914895469717,0.318512585867489,0.344801862427396,0.312454287841955,0.290400476854565,0.247845862929422,0.240832141947467,0.589922787039385
-1,-0.5,-0.2,0.25,0.7,0.3,-0.720431587585237,-0.659954359913818,-0.107295780213247,0.332621649045458,0.681444706361545,0.173282167297928,0.242779082386831,0.290421702479237,0.253302631717266,0.187964846950183,0.18870971903102,0.197035647982292,0.273623564333118,0.300868492541402,0.286540439033082,0.259855509052894,0.240896203775696,0.321240861945091
-1,-0.5,-0.2,0.25,0.7,0.3,-0.873771143759562,-0.68223716610992,0.252947537046934,-0.105237060981942,0.394275231911063,-0.698549748385122,0.25104750525891,0.261541529648318,0.241768516180456,0.132759340720144,0.134791204017625,0.291165729587713,0.331350496771133,0.310978439703643,0.262580567044623,0.244829166882444,0.225486510242338,0.750965848942146
-1,-0.5,-0.2,0.25,0.7,0.3,-0.393974862567514,-0.42325384891901,0.012692718117518,0.465024099303411,0.588799522551128,0.954400956332962,0.255580669311123,0.283319671374614,0.251438029458833,0.218363164306384,0.222897377358204,0.241494198941718,0.3049035897783,0.284337970991184,0.256205775652837,0.366177713161546,0.29674207275119,0.464073922732053
-1,-0.5,-0.2,0.25,0.7,0.3,-1.58837542383107,-0.999270563388628,-0.526128388469202,-0.794824848036595,0.0476064089575511,-6.05361087032916,0.302274363932352,0.302776152573429,0.325770908300791,0.084241953974906,0.0921997047010717,1.22565109284096,0.456065849717296,0.410386750868764,0.33285305173695,0.259722040640941,0.108290072578133,6.97494747361398
-1,-0.5,-0.2,0.25,0.7,0.3,-1.54163703379195,-0.863147821613414,-0.462004070409134,0.974524194851392,1.27876933365084,0.29992314105477,0.330626458477339,0.390107955730963,0.342334506064495,0.363375643866411,0.277241750173779,0.172169243164673,0.368837093366062,0.435647886309768,0.280831378462289,0.466908362138724,0.370934922880007,0.206815605942151
-1,-0.5,-0.2,0.25,0.7,0.3,-0.620131191335235,-0.587740905360214,-0.182338125215902,0.6759580773932,0.596650430814585,0.372293733080028,0.200196296793599,0.244655252133021,0.213196041003291,0.218641999639031,0.199586490293572,0.163439404382526,0.234724584487656,0.264349493060238,0.257686923621081,0.355677048653585,0.25381085251678,0.339563275385983
-1,-0.5,-0.2,0.25,0.7,0.3,-0.810406157214034,-1.19450529858546,-0.240330921300256,-0.165150164193613,0.585227086909897,-0.66160330360589,0.272940531270214,0.309910988884759,0.270560335666471,0.144801541004552,0.140256377273927,0.305815247098886,0.371731209807936,0.412767839640848,0.356176414647987,0.330688507485507,0.218725972974609,0.946688222608556
-1,-0.5,-0.2,0.25,0.7,0.3,-0.905540468619899,-0.521347052937013,-0.336729672181805,0.200790963326565,0.902686353633481,-0.0998367509301545,0.259485443497917,0.296784420664969,0.174208322006979,0.184596798658307,0.177411519701315,0.173885577592853,0.307473003052408,0.375052855476451,0.246078705585257,0.26658937220454,0.228849725548492,0.328677308923903
-1,-0.5,-0.2,0.25,0.7,0.3,-1.08234557187357,-0.237085493208801,-0.494823334498076,0.514482267714347,0.552959392925594,0.35759250265456,0.256300203816099,0.254417654305279,0.238466223617205,0.206276010453618,0.201943900359485,0.196937210940504,0.298226028198702,0.318647478795233,0.306997238359536,0.30732564007785,0.265400429967284,0.380402143852576
-1,-0.5,-0.2,0.25,0.7,0.3,-1.05095331302961,-0.148865612283081,-0.417233024277285,-0.0460813150953025,0.50684556534969,-0.385407058822901,0.272341073551971,0.282439612866851,0.195843448197136,0.140941166313542,0.140192076006161,0.283704037825461,0.345487278742563,0.311023269183196,0.211356423436138,0.266895227849196,0.224104285243026,0.703721722073801
-1,-0.5,-0.2,0.25,0.7,0.3,-0.396843993614034,-0.685314760283794,-0.253965764984297,1.2142439928688,1.79921436036098,0.929312057449817,0.268890793070323,0.375851727949233,0.26251411188689,0.372289030367928,0.34713856184791,0.0788654717361115,0.302241359320914,0.445679514052248,0.278739103374027,0.488654615377966,0.505594010246966,0.0825705864521414
-1,-0.5,-0.2,0.25,0.7,0.3,-0.903092447814558,-1.19208120079376,-0.148182228051594,0.169633435877831,0.826029851225386,-0.442085969599055,0.261812857249343,0.327505306604088,0.263046133595797,0.175306806417347,0.18273773360414,0.263953743824388,0.309183195126128,0.400608871926014,0.225207730904122,0.449122709510189,0.337396523834371,0.855405492577153
-1,-0.5,-0.2,0.25,0.7,0.3,-1.25639571749341,-0.141475065399729,0.0241631769617724,0.0740964133378926,0.427433046031539,0.144980022723799,0.28752584918675,0.302914626839799,0.290273467111078,0.168004557650213,0.167560304714751,0.265902518895501,0.347087603074718,0.365962862058373,0.43762749579775,0.26191828961682,0.239039423335714,0.48699704176917
-1,-0.5,-0.2,0.25,0.7,0.3,-0.424631245179786,-0.795936579431316,-0.252495606937992,-0.276169416563235,0.544911902458259,-0.0663790193837103,0.296348133498975,0.307056027323461,0.267126465675121,0.144039151384855,0.159344670925937,0.336970279038593,0.379085386629283,0.388988800037472,0.324839101042589,0.228571859933764,0.213230157837933,0.663021832977629
-1,-0.5,-0.2,0.25,0.7,0.3,-1.16917590109313,-1.13430552825319,-0.38946928652902,-0.0025312513136252,0.504763622270927,-0.577552260499309,0.263895300959273,0.299674444951117,0.231192479706442,0.160683778187289,0.158856865508527,0.287277887074978,0.354695214787368,0.378925167192204,0.3226132423477,0.363487856530286,0.264729222440626,0.870463666376285
-1,-0.5,-0.2,0.25,0.7,0.3,-0.928617997322487,-0.451213183931023,-0.387111692926296,-0.159812455411796,0.310526418930836,-0.312771599235098,0.270304412983899,0.272659030080433,0.295582045604242,0.140893470678629,0.132549910582712,0.335223123124992,0.363730117881693,0.330503545238748,0.277284154534039,0.307593714603695,0.171467195366631,0.974872041288257
-1,-0.5,-0.2,0.25,0.7,0.3,-0.556207370548087,-0.116485032786174,-0.24186214753472,0.873208028442062,0.879398379438251,0.268441974854434,0.160791426058964,0.177430121931187,0.12928770306024,0.227915798059646,0.227635528481608,0.125319739752262,0.196883331737426,0.211646694434671,0.149063659483879,0.287185265544228,0.290086195887341,0.190543080439461
-1,-0.5,-0.2,0.25,0.7,0.3,-0.787671348358873,-0.983653125083118,-0.0640185110031307,0.137179895754897,0.449260232378366,0.386345532361944,0.279250672752083,0.304676825294464,0.277051428632614,0.196017404357868,0.187298743000984,0.289243640542647,0.37004447478372,0.392465588366393,0.426825795556951,0.769215959202699,0.458199604754231,1.09816481668884
-1,-0.5,-0.2,0.25,0.7,0.3,-0.398358929801657,-1.11764611882341,-1.29461959769978,0.0506086367919997,0.70186339766974,0.596796027492635,0.301548785012139,0.295155360128283,0.282764481700547,0.177475421409301,0.179392999195201,0.263381560195724,0.362211462350387,0.435520756166527,0.385675170996759,0.379115621029701,0.311535967147235,0.50940527319795
-1,-0.5,-0.2,0.25,0.7,0.3,-0.938224202991995,-0.291144568190024,-0.578248596559556,1.07607280094937,1.53682297321828,0.593199306182538,0.283953507449081,0.299341571945582,0.156089271747723,0.340867668167952,0.338863541689358,0.202707597439311,0.315028878873381,0.318481559061393,0.182081212912807,0.459488218988882,0.455961579898031,0.148918936835215
-1,-0.5,-0.2,0.25,0.7,0.3,-0.876995076742684,-0.536825214379617,-0.31059435679209,0.149608056585191,0.728202565423807,-0.652528879818654,0.216779956618803,0.222273009046409,0.196476801376918,0.140985487416446,0.156302225084928,0.215158490204892,0.251776842756384,0.257444331967553,0.179810739258025,0.217025294732393,0.213814553575039,0.374544931050029
-1,-0.5,-0.2,0.25,0.7,0.3,-0.218637284918047,-1.04628843106245,-0.0649283082602574,0.395455756345284,1.02123812530023,0.805023973846348,0.266489203465287,0.364741818192147,0.292720392408778,0.23574630702674,0.233283399272316,0.274232414454754,0.325011554862064,0.431090406310127,0.27523932906677,0.343928996021659,0.325688760373473,0.448323076649265
-1,-0.5,-0.2,0.25,0.7,0.3,-0.429325022234376,-0.470493462013119,-0.330881036112753,0.999653591032808,1.59041105611724,0.555451706872755,0.222065050418167,0.272735326366618,0.222150796256132,0.274133647227484,0.299042337994573,0.0758036836262832,0.241854706218063,0.306205385242379,0.253845222721754,0.325947889182159,0.381043173677483,0.0800526842341358
-1,-0.5,-0.2,0.25,0.7,0.3,-1.33670706701726,-0.645199666328637,-0.125125624007624,0.0809897293495021,0.207751693921406,-0.303437938636465,0.258876642340996,0.273595196786156,0.267614681539293,0.165290665858326,0.159624861075407,0.301956188185904,0.363604021398538,0.307008755055212,0.41749298772082,0.404518947055476,0.25943826004917,0.911173213283994
-1,-0.5,-0.2,0.25,0.7,0.3,-1.74535588222775,0.0237196069741071,0.153682992127758,-0.262774842354489,0.273318451152295,-1.14734464218552,0.288862246416287,0.281243539177937,0.256089044521923,0.133931065140884,0.138383159069094,0.35291220530904,0.416733959446639,0.334945385788321,0.323118457341291,0.300416739547319,0.199418577679098,1.27232948690003
-1,-0.5,-0.2,0.25,0.7,0.3,-2.10595175028081,0.0815302390271894,-0.274165281591527,0.0982615587330341,0.757281827463745,-0.62559637532854,0.323598356762812,0.291190787728672,0.20723353885801,0.192146432267922,0.194535076487627,0.232891005658167,0.395326390548153,0.34533338137175,0.212576629674796,0.404534340525417,0.379643572397523,0.590260841409407
-1,-0.5,-0.2,0.25,0.7,0.3,-0.730925921156144,-1.0796353690619,0.600588135789726,0.0859108379984248,0.590178911912756,0.00128688642345489,0.265034338850263,0.299561371944278,0.245529909672529,0.169125406085574,0.165515774013765,0.236651022767148,0.349917718883089,0.365998169846977,0.394903211947925,0.253820079965607,0.216096858223129,0.527988931873297
-1,-0.5,-0.2,0.25,0.7,0.3,-1.25766043489,-1.07690349488393,0.0341436109079575,-0.699018605828668,0.145126427523678,-3.16639978857258,0.314042377039125,0.333032062967288,0.304025832526768,0.0980314058057065,0.0951271886959896,0.632995338076031,0.437327700613531,0.449079143878998,0.399413574292612,0.218512137993002,0.150820054276966,2.15763769306482
-1,-0.5,-0.2,0.25,0.7,0.3,-1.41354425220669,0.0198998035474509,0.182016305178222,-0.182267918922219,0.498722955655314,-0.0216362709952367,0.330870228405708,0.306604551906085,0.348359627244393,0.163410223392854,0.16112861413631,0.310626189581179,0.493772530700866,0.419602958357292,0.291554240470673,0.420921344597403,0.26827489132418,1.22855749022132
-1,-0.5,-0.2,0.25,0.7,0.3,-0.929673084545466,-0.851371590227427,-0.132395579822705,-0.213162037222791,0.48276996074502,-0.620555633593712,0.282972749164289,0.299243735876993,0.294788894120603,0.141198814811323,0.158503448409348,0.340995145845458,0.371646729553287,0.339024577367158,0.300099831397143,0.268039343362725,0.252207944722704,0.771790150512697
-1,-0.5,-0.2,0.25,0.7,0.3,-0.884895667535925,-0.791102748353628,-0.659137669201735,0.0731774996766574,0.532625434368628,0.478996162749534,0.305114791697935,0.332952020746176,0.275615902907581,0.176290113174231,0.171597105136125,0.257855288165995,0.375422078061203,0.389461335978084,0.326216781913306,0.280290296495016,0.226127904937208,0.539021873319298
-1,-0.5,-0.2,0.25,0.7,0.3,-1.0253432185447,-0.748200058445372,-0.065313133603009,0.0957694412839357,0.615064689247822,0.226436658787904,0.295166607154065,0.370714848961434,0.285914012221638,0.181744836402013,0.175601973802419,0.263961077612876,0.355699793178219,0.406859391956532,0.275305546134373,0.289796726563571,0.223257982951381,0.499440256091706
-1,-0.5,-0.2,0.25,0.7,0.3,-1.54976668439631,-1.18191668637839,-1.37712582957774,1.03763963262096,1.33230766356272,0.186424823906837,0.287838651506376,0.29425175936324,0.157310406688552,0.19921384029021,0.25576946010442,0.184829919746071,0.368122898749798,0.38259779241266,0.262231414822511,0.840287836355724,0.646473179417777,0.345324381937325
-1,-0.5,-0.2,0.25,0.7,0.3,-0.876528789838979,-0.439106651586221,-0.0265448820347329,0.504320640215715,0.81081973560103,0.249635264517842,0.240740954877332,0.302734439464688,0.217706953812724,0.210305004085878,0.187719299872673,0.201865627366597,0.275129514293315,0.362276846640912,0.214926424691237,0.324304873608687,0.254386890799862,0.298009261716324
-1,-0.5,-0.2,0.25,0.7,0.3,-1.81084668637092,-0.482439751281974,-0.938011956215698,0.72227870991003,1.12925769061334,-0.487873948042686,0.253597323348571,0.234839583717243,0.186430467268654,0.23597841167764,0.236433779502258,0.1369398551905,0.289190507813832,0.285265997441753,0.214672264359046,0.360405714076354,0.374616097127744,0.172039206294634
-1,-0.5,-0.2,0.25,0.7,0.3,-1.07423907030846,-1.01261438503942,0.0380338519497058,-0.00457820830411797,0.426759736098651,0.509898171115697,0.335970917618855,0.34969858655782,0.32633803584421,0.195030503379282,0.176691789899648,0.346102105683833,0.416987802200101,0.417416644066672,0.443796923759494,0.459142115775722,0.300162683122845,0.723922693912918
-1,-0.5,-0.2,0.25,0.7,0.3,-1.11386001311894,-0.474997958188332,0.359881948250557,-0.196330328538685,0.626596080560514,-1.27785835147099,0.266604581093642,0.241462008384998,0.219212748361983,0.121564158463345,0.124499863892645,0.291105039608461,0.329889346966186,0.288358051242575,0.2171977634368,0.201263090958453,0.167904213643586,0.676823775864081
-1,-0.5,-0.2,0.25,0.7,0.3,-0.891729327919623,-0.500427600881511,-0.132842098255807,0.759102025469715,0.941610072089116,0.634806787481155,0.280275023717753,0.333810938892064,0.286596138616116,0.271664776569783,0.273287830180134,0.168653709178383,0.320517009630955,0.336172554148381,0.331435124350943,0.424112039433212,0.425465830473232,0.286120378274951
-1,-0.5,-0.2,0.25,0.7,0.3,-0.653300682004029,-0.585180622491973,0.596410618831339,-0.194517492417776,0.230112886456363,-0.161563848680738,0.275980135648067,0.261893509656196,0.24554824653223,0.138498228936563,0.144917068130962,0.37422944277141,NA,0.271675017333187,NA,NA,NA,NA
-1,-0.5,-0.2,0.25,0.7,0.3,-1.17088542032126,0.0124834637118792,-0.130990647135782,0.516262902220894,0.534753205581592,0.321285839550433,0.253689118531739,0.252785491736235,0.254955451519022,0.211875450916983,0.224707462985173,0.202530963591409,0.30211999506584,0.268238346747147,0.25218666992408,0.3270538992998,0.31157122162426,0.400997513350451
-1,-0.5,-0.2,0.25,0.7,0.3,-1.09650072620581,-1.04547342815397,-1.26358808181781,0.844533539843475,0.893867708351378,0.478468807008003,0.25621205674728,0.266786030109831,0.197993001935258,0.263641859567537,0.262422597502928,0.156414926494619,0.344773611518789,0.404144726912627,0.297462106084638,0.408423641090694,0.365047603880383,0.263436575209349
-1,-0.5,-0.2,0.25,0.7,0.3,-0.746111030135633,-0.0686465565612982,-0.38696431350341,-0.0179662521479288,0.398918024185308,-0.869133557117194,0.206406583467527,0.212204889456127,0.174734404938072,0.11239529766164,0.117734584075397,0.314709876326046,0.288896057198485,0.273684481605868,0.208655353050652,0.2141567700153,0.143232172041861,0.753309442241077
-1,-0.5,-0.2,0.25,0.7,0.3,-1.44418944555695,-0.0810922946230606,-0.763566245151271,0.227003977645917,0.68104837364056,0.0748844174483351,0.305455692734926,0.303327967072624,0.280316260350407,0.187338973642271,0.187219926622058,0.230529373354881,0.389343139105313,0.371234165077577,0.283238394686273,0.309144399957001,0.227618561881471,0.520481414438159
-1,-0.5,-0.2,0.25,0.7,0.3,-0.406744760818017,-0.969484416412692,-0.180555138358475,0.0011460743914399,0.609252255424473,0.434950957994894,0.29762000876883,0.349503426076742,0.290559589038618,0.189227845556909,0.203381858321988,0.300297940216752,0.358513809939305,0.367478792570733,0.306609175603079,0.484672761032297,0.427691242614797,0.649326961183287
-1,-0.5,-0.2,0.25,0.7,0.3,-0.655239875911332,-1.00994197733633,-0.214714665126848,0.32472517259415,1.08124009421342,0.209287311272054,0.287208467824132,0.383403056752569,0.255621023612502,0.237285702833156,0.232293286113435,0.24774020084448,0.388661826054177,0.457845736512596,0.303698989003206,0.353460585012212,0.348169062306601,0.336872756600667
-1,-0.5,-0.2,0.25,0.7,0.3,-1.30696598317697,-1.12920402939604,-0.81013811111047,0.196335327105461,0.822162677349634,0.140509514375512,0.345543059427341,0.353533361969615,0.277488393870295,0.216218182510069,0.2077746703898,0.273246499515701,0.408027677769139,0.430317172548968,0.361994847216286,0.344494372089979,0.288203603041758,0.545102383420909
-1,-0.5,-0.2,0.25,0.7,0.3,-0.765572895550134,-0.0978677704754224,-0.14165822675511,0.302418451263968,0.694663504015223,0.11482216719777,0.234445973773171,0.258035730224995,0.207792374975453,0.164391961818932,0.175027812704017,0.20866851403656,0.314075120523793,0.336456587252593,0.261200569624088,0.230610552451888,0.24506817303652,0.358455973421844
-1,-0.5,-0.2,0.25,0.7,0.3,-0.974179061230694,-0.565310265224915,-0.109143933394465,-0.108681214473449,0.618427618168166,-0.459730200962834,0.28938305367169,0.323243641024048,0.24406259401778,0.148927834486586,0.141856347202262,0.295926584709622,0.368624414144443,0.379704621577369,0.268398243773212,0.260859735041206,0.195934840907025,0.662453155470674
-1,-0.5,-0.2,0.25,0.7,0.3,-0.872930307594849,-0.642119227396422,-0.487619344584412,0.486160433495233,0.513194434582678,0.734565222683695,0.284232255605141,0.28231686781495,0.260577319990113,0.233931094164638,0.205941644743677,0.226285082826657,0.313548886392554,0.434099264714839,0.229582042443981,0.341394446173543,0.275246912581398,0.364078679489666
-1,-0.5,-0.2,0.25,0.7,0.3,-1.00499418851004,-0.353054092084183,-0.443298070341596,0.266220299207276,1.29411665060291,0.260030565595017,0.328951743970017,0.366915259980064,0.287299691111565,0.223903910476596,0.235012933070251,0.160984909952635,0.384223355548075,0.436099578097015,0.291365635543587,0.271725364560569,0.315146713374014,0.183380818355867
-1,-0.5,-0.2,0.25,0.7,0.3,-0.551836716080962,-0.729228813695917,0.100693102304666,0.184585919430326,0.500393308993653,0.476503812872044,0.258883059802124,0.293079367831129,0.26251870490979,0.1920070924862,0.195962179285006,0.255325247969125,0.317457172718799,0.354843742512001,0.264131353130692,0.517388132689474,0.405722737811682,0.693336565149904
-1,-0.5,-0.2,0.25,0.7,0.3,-0.804400532353051,-0.653356746948837,-0.0170393386462286,0.788128838203809,1.39177259968611,0.566000047207532,0.290895785638765,0.381855192699265,0.281333645410201,0.348651876669853,0.333385136648671,0.138536679786226,0.407407771148716,0.446379143092244,0.328902141593756,0.611552788275303,0.626613910260439,0.244150906919528
-1,-0.5,-0.2,0.25,0.7,0.3,-1.46970223377367,-0.807016968263624,-0.0670928627886054,-0.0423845979916071,0.575901620082778,-0.359968859114707,0.306110354307226,0.344210996258981,0.300791033034641,0.174970737459172,0.178988681460016,0.316645784907706,0.40069444148129,0.391460615930777,0.269789310440689,0.332970841280661,0.251384763605543,0.803137277101551
-1,-0.5,-0.2,0.25,0.7,0.3,-1.10299841960982,-1.03866105805751,-0.269796350139452,-0.500917490656886,0.290698357953984,-1.72105151729508,0.295632596041763,0.310538762524383,0.300887557500704,0.116698103021439,0.103626098697787,0.454277885490708,0.406428505363662,0.398971218808114,0.288870456128756,0.230287015655261,0.131038646351485,1.34262628805956
-1,-0.5,-0.2,0.25,0.7,0.3,-0.957425487973711,-0.613505392046517,-0.383848501457134,0.717782599548247,1.0096659061065,0.791477095221438,0.310315551386519,0.363664799483579,0.319199622659198,0.312711068450711,0.293279064655386,0.216469095433984,0.343135508428332,0.404918211550752,0.316226301983696,0.393569634802284,0.395115790145943,0.255321963723902
-1,-0.5,-0.2,0.25,0.7,0.3,-0.85409063334467,-0.890520949822197,-0.255814177737537,0.29128432429917,0.444036109334362,0.726435532684157,0.294674475987497,0.33245549436436,0.29760825036399,0.205673460197904,0.19706925099854,0.257626938920707,0.345020759865428,0.392737019990871,0.292851567619088,0.305776197791409,0.236198204360633,0.480685633382783
-1,-0.5,-0.2,0.25,0.7,0.3,-1.21826076803184,-0.697778064866772,-0.0640605384569299,0.26567355843652,0.494892203911914,0.428999931164295,0.306366338098273,0.334376782126889,0.319072672849795,0.218198732300679,0.229642797229357,0.272198040332785,0.366248766497836,0.380567712465219,0.282867256493225,0.341122460094119,0.297534433470668,0.572966201426069
-1,-0.5,-0.2,0.25,0.7,0.3,-0.577248969958247,-0.53492076338952,-0.00899053236509097,1.50768126015278,1.43656875529077,1.09382712537946,0.266729361314953,0.327502460210439,0.273880796441444,0.506405428884467,0.480912923731485,0.0997899829667323,0.278540882286766,0.344506101444281,0.444995529188004,1.01224669364686,0.982653252599242,0.109280213580369
-1,-0.5,-0.2,0.25,0.7,0.3,-1.12115090744253,-0.983721409866762,-0.153565308052897,0.0869738567453754,0.731426766869544,0.0287518865869951,0.308958238832383,0.399655921909755,0.334939224540215,0.190116973157998,0.173606540101791,0.291069116602719,0.388982951397036,0.466381965409994,0.250210807936437,0.329116827506746,0.218393839046174,0.686461971852269
-1,-0.5,-0.2,0.25,0.7,0.3,-0.696679894659948,-0.955306685848468,0.235720671749865,0.222419543898304,1.07321965495471,0.109422539092961,0.288896734326507,0.341100781710441,0.289609580216494,0.217753963067839,0.247215211560812,0.271995949550391,0.34250772212699,0.379534002663982,0.235241857651427,0.271476478601098,0.286231021173459,0.378310914924903
-1,-0.5,-0.2,0.25,0.7,0.3,-1.39109850944384,-0.536325824079119,-0.478058030366936,0.359764966233834,0.87207720965345,0.132427242601952,0.30839058009318,0.331078602149657,0.23105810401535,0.23792148604786,0.220104153224629,0.196682696691716,0.337418301236526,0.470411558429613,0.288145837532243,0.485768243248838,0.375515941596304,0.416374445442975
-1,-0.5,-0.2,0.25,0.7,0.3,-1.55086792589862,-0.130043920676236,0.557665433389832,-0.267001608427272,0.240072603575763,-0.328868524509313,0.320037165781967,0.320055936341038,0.318349884028025,0.154607103639759,0.15567114495058,0.371628765572776,0.46078726467653,0.437811609128715,0.526956080829936,0.506100596559216,0.322712804169823,1.38073687926579
-1,-0.5,-0.2,0.25,0.7,0.3,-1.36473015463975,-0.196195568111456,-0.196145065964364,0.161908792569989,0.542568805951439,-0.365652012141489,0.251329909848989,0.265904716816285,0.214123562384655,0.168045532412767,0.171043999319345,0.236944456758356,0.312528546705563,0.31546364571743,0.255031341173381,0.30647552595391,0.258429312548622,0.505794108650659
-1,-0.5,-0.2,0.25,0.7,0.3,-0.838761558277725,-1.59881265182031,-0.422239116918621,0.40551167462251,0.841260013220732,0.116820050264929,0.257811071743536,0.33371642566261,0.265281248236925,0.227022846212168,0.223459562136268,0.235184818282753,0.319533138759471,0.432637665585083,0.328879360581626,0.404851143598431,0.317664291598028,0.552620584785784
-1,-0.5,-0.2,0.25,0.7,0.3,-1.48079487838754,-0.584914833702525,-0.539395162093883,-0.261484345553412,0.254059882638475,-0.207722414138904,0.33740563537294,0.309851587876715,0.340517683377142,0.154898755083546,0.152568576169497,0.380763246915201,0.451979549589808,0.500394661874903,0.362743735234429,0.374299804799075,0.241960479845794,1.22556674209121
-1,-0.5,-0.2,0.25,0.7,0.3,-1.28649780091881,-0.342476491733442,0.0865193289188334,0.348781760965001,0.80976615974186,-0.151229772758744,0.254896115206658,0.279602279832445,0.256163436767943,0.215996442311776,0.242292727073189,0.197591980587499,0.29347492289898,0.317281508727333,0.234923833636192,0.419839162751806,0.408382684165679,0.360863360912652
-1,-0.5,-0.2,0.25,0.7,0.3,-2.0773476322697,-0.276343332607244,-0.294170412877717,-0.410167878338011,0.431794237373736,-1.51048397336895,0.316517831726917,0.319880444941925,0.268439258699263,0.136639858126692,0.135712645389103,0.394877037291627,0.489457494267991,0.440520991308029,0.383035753795559,0.360709739336745,0.208146764683816,1.47443572344852
-1,-0.5,-0.2,0.25,0.7,0.3,-1.11253717308434,-0.462167005180498,-0.1022668965033,0.304307602490584,0.616877273712267,-0.18504046773202,0.237196856105082,0.2527612738248,0.242866296578733,0.193100246915937,0.207409826051039,0.233669588040707,0.294983826339405,0.284936039129677,0.258633251773375,0.45801697106529,0.373695336055952,0.613249963408667
-1,-0.5,-0.2,0.25,0.7,0.3,-1.3909055988347,-0.388490329779569,0.221669509550571,0.327016228424667,0.5460051181007,-0.0749354042697981,0.266775690450207,0.282609224047802,0.211604094046488,0.185743178312418,0.182042269843818,0.225562626097128,0.305480471609213,0.317192617145872,0.204712176203243,0.299724607064353,0.228691170590258,0.472101038606637
-1,-0.5,-0.2,0.25,0.7,0.3,0.00746630519565271,-0.884519730132587,-0.0988872541477439,0.339980799443793,1.08018794391383,0.632224139926099,0.252360010015181,0.323654634788531,0.288219201739618,0.233033752808392,0.259407878270612,0.227789004696412,0.344585452131262,0.373801375225112,0.405853224853999,0.541144915076478,0.511722235416175,0.604062072524756
-1,-0.5,-0.2,0.25,0.7,0.3,-0.89202535476786,-0.516348307466433,-0.282642634401963,0.373489071178552,0.740134490149824,0.207351201273464,0.253703633319873,0.323568083544957,0.231499151882316,0.196422805173488,0.182957629467323,0.222128600426368,0.314044819198392,0.329060869947865,0.208196919324261,0.31744019475791,0.239361295711034,0.430766200202681
-1,-0.5,-0.2,0.25,0.7,0.3,-0.784954306831482,-0.661839979305599,-0.148149541501856,0.675438973348317,0.966909535814651,0.855704282641184,0.299749588874238,0.362594134701469,0.318524291321671,0.310677715587199,0.284387018813641,0.225331012438013,0.334320917235919,0.402820731314294,0.309786078966105,0.434658789518378,0.400169005570674,0.328417220967356
-1,-0.5,-0.2,0.25,0.7,0.3,-0.841068205988962,-0.510771273587682,-0.454401731693236,0.153492841646034,0.729153894095706,-0.133609104009929,0.247167673636268,0.254570430011553,0.197054935130422,0.15986982172154,0.170394551728399,0.212797819084374,0.303229074683478,0.328296174266978,0.19775103788675,0.230514222917739,0.203069176028591,0.376218967730236
