"V1","V2","V3","V4","V5","V6","V7","V8","V9","V10","V11","V12","V13","V14","V15","V16","V17","V18","V19","V20","V21","V22","V23","V24"
1,0.5,0.2,0.5,0.4,-0.2,0.973213780933302,0.674939984399573,0.209133788418676,0.791843784168451,0.214127466148751,0.533630977177729,NA,NA,NA,NA,NA,NA,0.146033875016928,0.134310930614773,0.0912613491481675,0.248619908535426,0.171225059344133,0.472892490526835
1,0.5,0.2,0.5,0.4,-0.2,1.13189074888505,0.156723810449388,0.106305252748317,0.421734348504153,0.68183347854471,-0.0776510674031648,NA,NA,NA,NA,NA,NA,0.218535305679228,0.173407559703877,0.0624158004504649,NA,NA,NA
1,0.5,0.2,0.5,0.4,-0.2,0.925245212568758,0.518675652639579,0.193049790692248,0.472236333125847,0.34844874552797,-0.254145139507031,NA,NA,NA,NA,NA,NA,0.185995385284926,0.172569624302718,0.0857347727699636,0.202375248044736,0.149214648154022,0.779189786415426
1,0.5,0.2,0.5,0.4,-0.2,0.874532371624959,0.392137305802862,0.160214210993012,0.657080934006121,0.472497761809798,0.250079733534576,NA,NA,NA,NA,NA,NA,0.173938046429605,0.147156978023631,0.0726259744643706,0.251802283474388,0.143241338906304,0.649786682172561
1,0.5,0.2,0.5,0.4,-0.2,0.96919504251935,0.556110453912997,0.146905465330611,0.783619991280816,0.276761426214802,0.404564760424359,NA,NA,NA,NA,NA,NA,0.141011219434237,0.120870602886645,0.0766735723357158,0.199666863676436,0.14554250406886,0.4053370838679
1,0.5,0.2,0.5,0.4,-0.2,1.15779600402449,0.21081853516512,0.19715306353874,0.956948595243865,0.569469604488389,1.03799917428265,NA,NA,NA,NA,NA,NA,0.135025930013383,0.104134962267012,0.0734330089606682,0.218977400285619,0.143042470216337,0.271776966646944
1,0.5,0.2,0.5,0.4,-0.2,0.918009500987177,0.945895062023321,0.0654061322590333,1.0407534611794,-0.269533464837317,0.261735893777514,NA,NA,NA,NA,NA,NA,0.111258253020019,0.153885259168089,0.0647307904325355,0.185653094611928,0.184035933896716,0.260401397777148
1,0.5,0.2,0.5,0.4,-0.2,0.766518284225264,0.578645976642515,0.0535896708175025,0.779261614909814,0.197915336999985,0.032818198805303,NA,NA,NA,NA,NA,NA,0.138707938486068,0.132420490700134,0.0627940979948025,0.230719552643194,0.150526900962271,0.630663194975934
1,0.5,0.2,0.5,0.4,-0.2,1.14156626521252,0.472519118003991,0.211888126460644,0.599828794924168,0.49365128947965,0.464339989526711,NA,NA,NA,NA,NA,NA,0.182460755070891,0.151327176351974,0.079424180546248,0.199576337273103,0.131767086179172,0.506973327096826
1,0.5,0.2,0.5,0.4,-0.2,0.919326806092021,0.607989473229422,0.158830515843004,0.55090682007729,0.409034450707354,-0.495032957422601,NA,NA,NA,NA,NA,NA,0.178292608211346,0.154647384893124,0.0750257143634335,0.157746989710549,0.159139177371994,0.718982084629209
1,0.5,0.2,0.5,0.4,-0.2,1.23582344567828,0.414191680671332,0.27224766908929,0.326038869759851,0.473659817731266,-0.595287723315537,NA,NA,NA,NA,NA,NA,0.213252382616179,0.177943431462844,0.109118336047963,0.177090298137305,0.147346386729117,1.16142456750698
1,0.5,0.2,0.5,0.4,-0.2,0.837661209502009,0.613802076991447,0.151544278637152,0.745999187256183,0.182230478203129,0.0529900609405827,NA,NA,NA,NA,NA,NA,0.14270394832102,0.130606819244032,0.0791726807966653,0.172593955265329,0.156121116770825,0.358104324268288
1,0.5,0.2,0.5,0.4,-0.2,0.753496431748181,0.840149885484014,0.296575492973286,0.308080948153772,0.492545765714648,-2.93305362162007,NA,NA,NA,NA,NA,NA,0.216330764560884,0.209631702103944,0.0979594973971489,0.159127546323358,0.196103831850915,1.93576639115352
1,0.5,0.2,0.5,0.4,-0.2,1.08080143544965,0.286515247499169,0.167489000920242,1.09379785009416,0.679983090637026,1.11634900800157,NA,NA,NA,NA,NA,NA,0.129560437864854,0.0896442568944379,0.0467004259659607,0.200036697809246,0.143821032305542,0.199388135713066
1,0.5,0.2,0.5,0.4,-0.2,0.886299697407741,0.730301605008396,0.310184471023396,0.665964342483788,0.152436168453009,-0.088040765270803,NA,NA,NA,NA,NA,NA,0.151723248701213,0.140334799640414,0.115318901943177,0.194267790362926,0.14370741482748,0.544461983208019
1,0.5,0.2,0.5,0.4,-0.2,0.954437869175511,0.442034703495524,0.12550132766172,0.627753226511765,0.411960299321626,-0.417523964957879,NA,NA,NA,NA,NA,NA,0.157839613999048,0.148146083354261,0.0780962567490376,0.225080373920374,0.136106608334431,1.19970794744826
1,0.5,0.2,0.5,0.4,-0.2,1.49429350367082,0.271072988562716,0.424854848707999,0.263223712415242,0.66414955394847,0.60278052191092,NA,NA,NA,NA,NA,NA,0.276236969762054,0.234174721514791,0.148141237897068,0.183037142052987,0.164312258578828,0.603335444224368
1,0.5,0.2,0.5,0.4,-0.2,1.05740409159109,0.353485353058219,0.262663573558796,0.758432684317225,0.400575028305101,0.462612552006512,NA,NA,NA,NA,NA,NA,0.147649156245482,0.12339525107177,0.0786221969151609,0.239646260983801,0.155399083900856,0.512618569169402
1,0.5,0.2,0.5,0.4,-0.2,0.605484364860193,0.859282207875869,0.232125277124491,0.525553833496345,0.381892215663165,-1.3312297135118,NA,NA,NA,NA,NA,NA,0.182218157226814,0.182708225554943,0.108750311650697,0.197438765842486,0.214176638295443,1.23795649241206
1,0.5,0.2,0.5,0.4,-0.2,1.06982423114741,0.21825951367061,0.10921884846261,0.540492106097898,0.515939057147615,0.0810796458480757,NA,NA,NA,NA,NA,NA,0.18311468663638,0.152780844145235,0.064682659334689,0.213402151442701,0.131616499188679,0.787175901572089
1,0.5,0.2,0.5,0.4,-0.2,1.09991920315439,0.455567753126905,0.188338462029416,0.483001280205905,0.289576120819758,0.00511805425138611,NA,NA,NA,NA,NA,NA,0.184597586563817,0.149890523691948,0.0855434018671828,0.191641257533396,0.142359670086532,0.554876268598337
1,0.5,0.2,0.5,0.4,-0.2,1.14296911946986,0.163389049940405,0.330638996344458,0.755429560471074,0.424605975877658,-0.0558730116389434,NA,NA,NA,NA,NA,NA,0.157170682458357,0.175818579116593,0.0651493385114585,0.195803208533913,0.19747365801638,0.66413080968121
1,0.5,0.2,0.5,0.4,-0.2,0.911251134447382,0.69514124895933,0.181794902051736,0.502929802543042,0.368033022714584,-0.16793638919718,NA,NA,NA,NA,NA,NA,0.184290396224748,0.185450983808076,0.0908668901544076,0.189350052165789,0.128193818467934,0.646610527227905
1,0.5,0.2,0.5,0.4,-0.2,0.93568299674856,0.538828551519706,0.0761496376024867,0.623689644671244,0.439967499154315,-0.084916182623859,NA,NA,NA,NA,NA,NA,0.205713122468385,0.253180546607354,0.0806401736531205,0.234983313703954,0.276176243761647,0.700091516151418
1,0.5,0.2,0.5,0.4,-0.2,1.00167625531041,0.32797395538407,0.284540202375585,0.610059562489051,0.639943551848914,0.291830337158017,NA,NA,NA,NA,NA,NA,0.193304608393134,0.160250051476742,0.0663816031471597,0.189113904165464,0.145161139747375,0.546325513548583
1,0.5,0.2,0.5,0.4,-0.2,1.27920753435387,0.240925243123314,0.203085829865761,0.273651461102669,0.498185750639103,-0.0277576922123421,NA,NA,NA,NA,NA,NA,0.256168593675455,0.203391387329596,0.0981773596210915,0.253843333957366,0.158988268963952,1.11707992824767
1,0.5,0.2,0.5,0.4,-0.2,0.935460400162018,0.537147598186038,0.150667666465673,0.419953871544527,0.394749415989416,-1.08315117569158,NA,NA,NA,NA,NA,NA,0.192140644201335,0.157458341236539,0.0948888587566988,0.154301084322535,0.128182242085803,0.874707232606381
1,0.5,0.2,0.5,0.4,-0.2,0.880408439081666,0.471801488872769,0.229242271465109,0.53746606512152,0.647792229861342,-0.786604721470515,NA,NA,NA,NA,NA,NA,0.177748482098383,0.133061453646736,0.0616329068624489,0.240936011491434,0.140503488104934,1.65425184085696
1,0.5,0.2,0.5,0.4,-0.2,1.23807222886242,0.505478647668646,0.322690811333686,0.352394998994292,0.235441797875552,-1.33398908449563,NA,NA,NA,NA,NA,NA,0.18431873852527,0.155867528820106,0.0904138568684441,0.14900989594695,0.138164924013731,1.1767639762865
1,0.5,0.2,0.5,0.4,-0.2,0.981097377565207,0.325118712280294,0.122205512353443,1.1382400764713,0.323702391076233,0.751547230060868,NA,NA,NA,NA,NA,NA,0.118998278218331,0.117777616526801,0.0539293054481734,0.24218904936401,0.202098991847461,0.30721547191918
1,0.5,0.2,0.5,0.4,-0.2,1.00434333414515,0.72472372774272,0.457244299206834,0.360107818965784,0.375281662860868,-1.04065680300836,NA,NA,NA,NA,NA,NA,0.204010642433684,0.180913543324862,0.110425615776489,0.141940962943084,0.128556518284341,0.804841467511873
1,0.5,0.2,0.5,0.4,-0.2,0.978780059727081,0.508549405045995,0.269344027003563,0.472353891777134,0.58325467240627,-0.28765625311906,NA,NA,NA,NA,NA,NA,0.203018319116932,0.174086724571629,0.0865607669429182,0.175167646744248,0.147537088059055,0.856417458951567
1,0.5,0.2,0.5,0.4,-0.2,0.903592944765474,0.483053645243959,0.261450771604352,0.563843567282537,0.484676785219592,-0.617685352190699,NA,NA,NA,NA,NA,NA,0.203221449130052,0.207346420265299,0.0858136373992148,0.23037736808191,0.245167943416132,1.18486341252469
1,0.5,0.2,0.5,0.4,-0.2,1.14693920588178,0.525315383248089,0.192338191615297,1.07946884371825,-0.115875854490755,0.936636314109948,NA,NA,NA,NA,NA,NA,0.125089973636468,0.12381683585986,0.0792488127813543,0.311452872073699,0.274436712186286,0.322108039103732
1,0.5,0.2,0.5,0.4,-0.2,0.696187623213088,0.728440426712274,0.282170496433512,0.694693350046335,0.583681434248025,-0.318750428745751,NA,NA,NA,NA,NA,NA,0.159584730495092,0.131463552345202,0.0610190782740867,0.170601973745964,0.131564576073861,0.55205659240147
1,0.5,0.2,0.5,0.4,-0.2,1.18965079499389,0.51958868497343,0.0898010736953015,0.183178860950796,0.391608467172992,-1.49803894698367,NA,NA,NA,NA,NA,NA,0.240835643873995,0.220379837433938,0.123036583905964,0.184790889012229,0.182132316006595,1.92314329895734
1,0.5,0.2,0.5,0.4,-0.2,0.7001355018952,0.664812033105148,0.126056994258346,0.75292893351169,0.251589195859844,0.119865480295071,NA,NA,NA,NA,NA,NA,0.155921814704871,0.131383166825602,0.073314348914973,0.224463843245712,0.178956329739551,0.464213949345284
1,0.5,0.2,0.5,0.4,-0.2,1.16917732157382,0.178039277691536,0.0891552857515072,0.404525313135003,0.604683089954013,-1.76979682047105,NA,NA,NA,NA,NA,NA,0.20157780967506,0.195941546739149,0.0648643892491175,0.173847457727775,0.20782086615135,3.02912500241404
1,0.5,0.2,0.5,0.4,-0.2,1.24933452385052,0.61244356372593,0.181569711191807,0.465160959427206,0.293053685105429,0.0570117342678595,NA,NA,NA,NA,NA,NA,0.199651294650065,0.201116464660837,0.0801470274763545,0.21224972797332,0.172293250811305,0.69816353740341
1,0.5,0.2,0.5,0.4,-0.2,1.14015462766112,0.295872875882561,0.168074961357098,0.556235389727001,0.509882785374291,0.294345306147896,NA,NA,NA,NA,NA,NA,0.189400977611936,0.149984303655896,0.10821145338991,0.283755133851175,0.106919574950655,1.04860238037213
1,0.5,0.2,0.5,0.4,-0.2,1.06309191128752,0.779074321224869,0.155391545936778,0.545233019265602,0.249049488821123,-0.0618534705813111,NA,NA,NA,NA,NA,NA,0.176363665989186,0.164782217291739,0.120255462076118,0.177669284464238,0.164254065450062,0.527499592793589
1,0.5,0.2,0.5,0.4,-0.2,1.01005279841167,0.590779600397328,0.276826778361499,0.461173738354554,0.319977527592561,-0.405435119796141,NA,NA,NA,NA,NA,NA,0.189557171644359,0.173383123679668,0.101858356520475,0.195372820459446,0.184865755337247,0.802828425683069
1,0.5,0.2,0.5,0.4,-0.2,0.780553559078556,0.858381313044476,0.269336983450838,0.562544162581996,0.110815317403564,-0.576201355319499,NA,NA,NA,NA,NA,NA,0.15203053901391,0.136478199454305,0.107969166856422,0.170920673941454,0.158047917948303,0.596760143904106
1,0.5,0.2,0.5,0.4,-0.2,1.25438651574509,0.612061081964147,0.137308581996786,0.327080910684753,0.261179022966638,-1.01805405287962,NA,NA,NA,NA,NA,NA,0.194316284025376,0.218646337297576,0.0998784875737943,0.197340035854158,0.190769704406393,1.80627738988783
1,0.5,0.2,0.5,0.4,-0.2,0.772614686693289,0.795445475270923,0.146799407617865,0.603807948813204,0.35702898480149,-0.813925455953145,NA,NA,NA,NA,NA,NA,0.17470762755036,0.212043284271208,0.0870954682122722,0.17450784986795,0.174759268806422,0.922135510655272
1,0.5,0.2,0.5,0.4,-0.2,1.12966187813063,0.574101281731302,0.126291886710046,0.62868596913123,0.257424782070703,0.0437510951581274,NA,NA,NA,NA,NA,NA,0.234917113510791,0.415138807779101,0.0792911714262904,0.310670116256727,0.552584738964015,0.876134875970352
1,0.5,0.2,0.5,0.4,-0.2,1.08790166656227,0.384715018538194,0.194469589848819,0.403707322666734,0.518662058161268,-2.27697627353889,NA,NA,NA,NA,NA,NA,0.18594303932799,0.155212937374427,0.0660046196655822,0.233832631658641,0.208787972467797,5.45963204994961
1,0.5,0.2,0.5,0.4,-0.2,0.989140120434677,0.407460403164134,0.29380434102108,0.576978413839023,0.47990900512473,-0.756345853953285,NA,NA,NA,NA,NA,NA,0.162297953974864,0.135716271304761,0.0835158824221158,0.158898930859502,0.138074324611704,1.1463452789263
1,0.5,0.2,0.5,0.4,-0.2,0.852114806639194,0.695940840246237,0.435294799284782,0.553136185086642,0.263229006246874,-0.354525282906058,NA,NA,NA,NA,NA,NA,0.167157270903777,0.146268789518684,0.0943601259891757,0.1550158188131,0.143418028250394,0.495064285129627
1,0.5,0.2,0.5,0.4,-0.2,1.28707811635826,0.339083957294414,0.13590803965589,0.386974352051764,0.378607049990495,-0.241157292876551,NA,NA,NA,NA,NA,NA,0.198575184899996,0.156161028096104,0.0847872349432131,0.186168028902724,0.140738302437656,1.0606821480609
1,0.5,0.2,0.5,0.4,-0.2,1.26034859650293,0.447977218540453,0.0235776106984373,0.638612915893077,0.315581342986385,0.962597501631228,NA,NA,NA,NA,NA,NA,0.180460675466743,0.154378840871716,0.100700474599993,0.231358073301255,0.141658080209249,0.420816194149028
1,0.5,0.2,0.5,0.4,-0.2,0.642729524081165,0.784875660004543,0.149772870758381,0.513228838115867,0.351881245197312,-2.23199674284901,NA,NA,NA,NA,NA,NA,0.142025723752544,0.0478428441320203,0.0534507126820553,NA,NA,NA
1,0.5,0.2,0.5,0.4,-0.2,0.733572931032391,0.746694732509104,0.145023522086523,0.83707925155099,0.163115948297186,-0.132357328276669,NA,NA,NA,NA,NA,NA,0.126721842170486,0.130781463540235,0.0655577091825133,0.217296768031632,0.233061340923121,0.492814474830915
1,0.5,0.2,0.5,0.4,-0.2,1.00095033698909,0.361756563179319,0.203979980701667,0.455887005603524,0.607530651946816,-1.40166217912955,NA,NA,NA,NA,NA,NA,0.178247980432226,0.136868018014141,0.107343192807456,0.164381944057131,0.164894243286039,1.62305809373216
1,0.5,0.2,0.5,0.4,-0.2,1.08635343081185,0.506298632352392,0.228954738354533,0.800068621598067,0.332406794244245,0.593937864720086,NA,NA,NA,NA,NA,NA,0.148534972371095,0.113683136854206,0.0973936558408509,0.210035961498119,0.131309856957673,0.452970567378918
1,0.5,0.2,0.5,0.4,-0.2,0.90781623018676,0.806884834624016,0.208012824666961,0.520542427441674,0.214304189210813,-0.355198881679729,NA,NA,NA,NA,NA,NA,0.208780517030267,0.336150338207451,0.0810288431618361,0.259032318970736,0.371108989344141,0.764274957595025
1,0.5,0.2,0.5,0.4,-0.2,0.538007321869149,1.03082387975,0.133862899648118,0.799124960277606,-0.0398425276424963,-0.356101097587103,NA,NA,NA,NA,NA,NA,0.135504852927743,0.146434440004571,0.0820656553361823,0.290405452740771,0.256617042910183,0.584436682173494
1,0.5,0.2,0.5,0.4,-0.2,1.03220313047853,0.443542826056761,0.168440239882633,0.430895246057177,0.425207834960728,-0.17543632245268,NA,NA,NA,NA,NA,NA,0.228233551558315,0.205462538683257,0.0987868645165717,0.243545601474318,0.261022966608296,0.90177871519516
1,0.5,0.2,0.5,0.4,-0.2,1.38090254801657,0.205784321972089,0.236072511208513,0.511003433760128,0.451634970879457,-0.177643549532858,NA,NA,NA,NA,NA,NA,0.176205086970063,0.147271266708999,0.0867441510504988,0.204547037872877,0.141150952920405,1.38802779506105
1,0.5,0.2,0.5,0.4,-0.2,0.687219426265206,0.684949857578288,0.194748626274197,0.597969772327958,0.487735993506166,-0.834428367932129,NA,NA,NA,NA,NA,NA,0.17178363786976,0.147063951623509,0.10171409807216,0.213896517119369,0.18709045382415,1.11659733119398
1,0.5,0.2,0.5,0.4,-0.2,1.01147846424934,0.42745375072262,0.161700417315764,0.69079510576126,0.407430102444879,0.280990317820974,NA,NA,NA,NA,NA,NA,0.181039198609604,0.195022136273141,0.0841943789413603,0.215483438235944,0.240512421303948,0.448773677520017
1,0.5,0.2,0.5,0.4,-0.2,1.15850727971996,0.329723376184691,0.223345000607822,0.365023382249617,0.475856650820283,-0.253044305313916,NA,NA,NA,NA,NA,NA,0.2151393951372,0.166976272884669,0.0811703105224241,0.180906795174603,0.138930655579083,0.769142071289514
1,0.5,0.2,0.5,0.4,-0.2,1.1170140111855,0.385701370675585,0.274860717404964,0.478424216185913,0.470816333338658,-0.39680937473917,NA,NA,NA,NA,NA,NA,0.182983982663558,0.140248393260298,0.0920636507403487,0.166599878224979,0.133908088426033,0.652855915466867
1,0.5,0.2,0.5,0.4,-0.2,1.23916301309666,0.197063228756895,0.221855388466291,0.431891165373453,0.551532221828887,-0.370487922767489,NA,NA,NA,NA,NA,NA,0.205083848185964,0.182995648954461,0.0583334381784636,0.17052702257627,0.160660315833532,0.810661451129244
1,0.5,0.2,0.5,0.4,-0.2,0.914644845749549,0.546595665550052,0.334644076296694,0.597129967221587,0.355566150374645,-0.450895785802469,NA,NA,NA,NA,NA,NA,0.153180016335845,0.127894403429046,0.0742204977213382,0.181742037000279,0.133075259675634,0.741583698377984
1,0.5,0.2,0.5,0.4,-0.2,1.02820356426547,0.589489711559403,0.419585798319815,0.568569720631689,0.230367588311452,-0.0400089858841966,NA,NA,NA,NA,NA,NA,0.159373507847077,0.136833228031196,0.110059421467798,0.154404779855896,0.115645645145357,0.481869631479037
1,0.5,0.2,0.5,0.4,-0.2,1.34383547492523,0.111286145182192,0.16052574951685,1.10227130255142,0.50700952467815,1.29410819105267,NA,NA,NA,NA,NA,NA,0.120952432298905,0.0841393664638302,0.0623032239061365,0.36867424678771,0.154673114709485,0.32416005320634
1,0.5,0.2,0.5,0.4,-0.2,0.86427500802138,0.865288346811781,0.196059306214487,0.420681129950458,0.142085674042045,-0.842260380228376,NA,NA,NA,NA,NA,NA,0.175387137589288,0.1767565109426,0.109754313902095,0.182680300363388,0.144081978618773,0.85663219329235
1,0.5,0.2,0.5,0.4,-0.2,0.886748621295335,0.709187732339685,0.281543282082664,0.665760049998256,0.16681605816453,0.476519250760427,NA,NA,NA,NA,NA,NA,0.168192033829113,0.151926469618054,0.0835260887247446,0.231736258899381,0.215825719671658,0.426299898991248
1,0.5,0.2,0.5,0.4,-0.2,0.993515047559353,0.466123621251931,0.278128287537159,0.980532941593445,0.307378279499506,0.645593264877335,NA,NA,NA,NA,NA,NA,0.132878208665825,0.152630802733942,0.0760874545070441,0.226685583652875,0.246747836535389,0.276085539313727
1,0.5,0.2,0.5,0.4,-0.2,0.777505577040647,0.504115437007597,0.159100534430639,0.66182194919102,0.505824655815781,-0.216332635573016,NA,NA,NA,NA,NA,NA,0.164414918485836,0.125367178364706,0.071613903730978,0.160604606608033,0.131364334636205,0.508391758836822
1,0.5,0.2,0.5,0.4,-0.2,0.76802487862124,0.647613724217073,0.180618060732855,0.82174121860692,0.354585670285397,0.1702328029447,NA,NA,NA,NA,NA,NA,0.156382290940028,0.160220864053685,0.0666738321666276,0.220629847690033,0.180479075977064,0.496511991887404
1,0.5,0.2,0.5,0.4,-0.2,1.19830725744374,0.393164347211194,0.232100013676429,0.38418946669044,0.50590449435016,-0.187541752004221,NA,NA,NA,NA,NA,NA,0.220127906401184,0.216994115252159,0.0849552119753888,0.21490851110905,0.176264359507774,1.03005469849262
1,0.5,0.2,0.5,0.4,-0.2,1.14485777035371,0.270417646384803,0.248875326386072,0.510074956889144,0.607316771186798,-0.121280219828668,NA,NA,NA,NA,NA,NA,0.182033868752517,0.133054115011426,0.0773744835133203,0.213764701599018,0.163707109542518,1.05243989710953
1,0.5,0.2,0.5,0.4,-0.2,0.957154626759656,0.53476507769216,0.0961261540162572,0.558132507188868,0.524116752142872,-0.838544084571737,NA,NA,NA,NA,NA,NA,0.164741596643295,0.116483218640742,0.0616435803588146,0.193751280969375,0.182517788554519,1.48773826278932
1,0.5,0.2,0.5,0.4,-0.2,0.891049802540149,0.641964641930529,0.255057408673058,0.77078787181844,0.346577018719787,0.118561366408721,NA,NA,NA,NA,NA,NA,0.15432200780045,0.158641290314189,0.0722730233366515,0.29080937800169,0.187628201263318,0.799277078520937
1,0.5,0.2,0.5,0.4,-0.2,0.985904743631553,0.574493016982973,0.211361897123569,0.489196524966267,0.318445621196019,-0.194427511550758,NA,NA,NA,NA,NA,NA,0.17836182914346,0.162131919921664,0.102046301651381,0.235539283128361,0.152340894106079,0.987869874541072
1,0.5,0.2,0.5,0.4,-0.2,0.83672092602097,0.266084102106259,0.21294920690858,1.27792912282882,0.777447221112392,0.892585666605367,NA,NA,NA,NA,NA,NA,0.119360595619681,0.0899638663199883,0.0538231159081482,0.212573996185665,0.170182256431345,0.199422816155516
1,0.5,0.2,0.5,0.4,-0.2,1.31229320011823,0.259291738828811,0.224541836470292,0.476000269256911,0.376401145046715,-0.0318835812124022,NA,NA,NA,NA,NA,NA,0.183527326286497,0.134277113887644,0.103662063202311,0.209902730508417,0.120835677112843,0.96806396514831
1,0.5,0.2,0.5,0.4,-0.2,1.21169547442126,0.376611983723548,0.201446863224729,0.523510507539942,0.547715390827088,-0.585686409331826,NA,NA,NA,NA,NA,NA,0.173396721174937,0.135636020885171,0.0613830863820275,0.161891333365152,0.141653790220914,1.00976735851311
1,0.5,0.2,0.5,0.4,-0.2,0.789953536014267,0.709400048750897,0.138857974176733,0.868412329701499,-0.0519666787701528,0.0809595882260871,NA,NA,NA,NA,NA,NA,0.126487105863282,0.127997260669513,0.0830372837409507,0.212174498373733,0.218407416264886,0.42299199099948
1,0.5,0.2,0.5,0.4,-0.2,0.920405343478229,0.663581489133099,0.0605846733379678,0.28566509595934,0.415915244325766,-1.3633467223838,NA,NA,NA,NA,NA,NA,0.229253753623487,0.187579661180763,0.0901126370068523,0.151896846045221,0.144137714477696,1.41483160521173
1,0.5,0.2,0.5,0.4,-0.2,0.789033503292774,0.494359374105549,0.337176776837026,0.740772314223313,0.558910050199747,0.00888227626631291,NA,NA,NA,NA,NA,NA,0.151558213044965,0.108407834887287,0.0877873735614194,0.268204950634626,0.170842915784392,0.726556650528984
1,0.5,0.2,0.5,0.4,-0.2,0.833920412898113,0.521313515922397,0.14127637199522,0.525977262075659,0.516975103038045,-1.75644138904309,NA,NA,NA,NA,NA,NA,0.164127546106197,0.112055925854673,0.0855008765398716,0.132568191289605,0.16231630525042,1.52685177513737
1,0.5,0.2,0.5,0.4,-0.2,0.919506966194024,0.677364778741922,0.0359875297277541,0.388424039771259,0.476668209140643,-0.991764297620865,NA,NA,NA,NA,NA,NA,0.206143796706688,0.166468675207943,0.0947846069521891,0.148896303615047,0.140133725739379,1.05759416217384
1,0.5,0.2,0.5,0.4,-0.2,1.41847590327267,0.214577173322383,0.380085200015091,0.283407289732251,0.670554673958603,-0.701405605876878,NA,NA,NA,NA,NA,NA,0.235476994213201,0.233990809547597,0.0924294874987161,0.170447033417956,0.134839037926008,1.39460463055937
1,0.5,0.2,0.5,0.4,-0.2,0.882110413553737,0.530754614104153,0.176269557067802,0.646024196359211,0.36599275555049,-0.0431871400390095,NA,NA,NA,NA,NA,NA,0.15559221939834,0.131517789812843,0.0745777572867116,0.193932887582126,0.135738449611482,0.518365985085531
1,0.5,0.2,0.5,0.4,-0.2,1.34689919056801,0.34172288981161,0.154816910331268,0.383185161237098,0.385443595462156,-0.0607252016138839,NA,NA,NA,NA,NA,NA,0.229242987082917,0.229324708050493,0.103124147098754,0.227297641171082,0.191998601589106,0.999838966008055
1,0.5,0.2,0.5,0.4,-0.2,0.592649040985236,0.717207687824322,0.0439016183036762,0.811247290669532,0.566757232223929,-0.814443921290441,NA,NA,NA,NA,NA,NA,0.156351885543969,0.165693098252518,0.0613005389187993,0.245672380013243,0.261337322256182,1.10897784112884
1,0.5,0.2,0.5,0.4,-0.2,0.947999957316427,0.583861468322995,0.140761309425859,0.719450109247529,0.28993579646759,0.462427775044177,NA,NA,NA,NA,NA,NA,0.166324527204604,0.13255503519485,0.0652770953421905,0.232792754894692,0.14158245516959,0.528550266658137
1,0.5,0.2,0.5,0.4,-0.2,0.704627445603435,0.747787127938025,0.389113441352833,0.588646947570042,0.224839209569335,-0.35171417915598,NA,NA,NA,NA,NA,NA,0.165807500893321,0.147345022828581,0.102792692703315,0.223992205158563,0.183824182801835,0.710303276460384
1,0.5,0.2,0.5,0.4,-0.2,0.899380198241672,0.645124089487773,0.23859797122043,0.759248855712095,0.142389081914781,0.558726199579811,NA,NA,NA,NA,NA,NA,0.154766861301569,0.224452500097206,0.0923287034437127,0.243597626288564,0.332805942696731,0.356293942646509
1,0.5,0.2,0.5,0.4,-0.2,0.924266408110826,0.559495973227035,0.197607564136667,0.499218565244137,0.385152077630983,-1.90254418696063,NA,NA,NA,NA,NA,NA,0.174451071713775,0.172271850120445,0.0694068617561439,0.148301505526944,0.161101511518576,1.55535278020829
1,0.5,0.2,0.5,0.4,-0.2,1.05778266409277,0.487577683851862,0.19890883901594,0.848457920341076,0.288238304671358,0.889438174641638,NA,NA,NA,NA,NA,NA,0.149373594594517,0.149603413122728,0.112156657992724,0.241157362784443,0.228471278777253,0.328987803310983
1,0.5,0.2,0.5,0.4,-0.2,1.0086005319911,0.463100453573543,0.220806021551472,0.766739109139773,0.36190002797226,0.56747570724907,NA,NA,NA,NA,NA,NA,0.176152660758429,0.150818641049924,0.0971667748216158,0.240361221475699,0.145368930504838,0.611968023842075
1,0.5,0.2,0.5,0.4,-0.2,1.48867728073522,0.165317217329387,0.442515642305086,0.277678301429151,0.638687487692739,-0.874766740442057,NA,NA,NA,NA,NA,NA,0.263923041842116,0.242077846470922,0.12134285865363,0.154800137813192,0.142595650541252,1.28823464380235
1,0.5,0.2,0.5,0.4,-0.2,1.35087333916206,0.0915548475115584,0.211700516528424,0.273154260009676,0.60132655356614,-1.52727597120544,NA,NA,NA,NA,NA,NA,0.221223186969833,0.180283885381812,0.0902618212168226,0.220567610635708,0.184380904806284,3.81468050962722
1,0.5,0.2,0.5,0.4,-0.2,1.04975089605839,0.486042804678869,0.183083942469266,0.654748528969526,0.196358373314255,0.238018289072796,NA,NA,NA,NA,NA,NA,0.161366732127606,0.156372803537299,0.0931627220272288,0.23556748111715,0.142215637466784,0.715281351296929
1,0.5,0.2,0.5,0.4,-0.2,0.519539453819725,1.00170943945055,0.00114806298789856,0.442246863272448,0.494153397781879,-2.78927644362906,NA,NA,NA,NA,NA,NA,0.188558101210868,0.196402297967567,0.106379262601572,0.154070113455478,0.203131651963491,2.01830597274955
1,0.5,0.2,0.5,0.4,-0.2,0.74067094973938,0.841175661342343,0.214330790047442,0.773525878869422,0.0570967500009812,0.0927563329517502,NA,NA,NA,NA,NA,NA,0.1401608715207,0.164489860111994,0.0912602562666671,0.274663574781519,0.198123225088605,0.565114478193061
1,0.5,0.2,0.5,0.4,-0.2,1.05003708092908,0.597404766233748,0.318726758685079,0.42951748453152,0.600757728538718,-0.267415376498476,NA,NA,NA,NA,NA,NA,0.214499339508274,0.149749726056223,0.0908557815122336,0.160121530419165,0.131742388144753,0.622537071716253
1,0.5,0.2,0.5,0.4,-0.2,0.67956879852389,0.839048274109392,0.148924769327917,0.551803545303176,0.226057830909639,-1.68704169648123,NA,NA,NA,NA,NA,NA,0.152157749140645,0.150912420644374,0.0909283166821562,0.150345527324706,0.184927104176122,1.36090971087667
1,0.5,0.2,0.5,0.4,-0.2,1.11895624100761,0.491729168861059,0.222660327980227,0.63522243228429,0.193158288074758,-0.32613844510456,NA,NA,NA,NA,NA,NA,0.148188478718232,0.176380095675213,0.0789906876175867,0.184580493738055,0.209009606091247,0.773618279645488
1,0.5,0.2,0.5,0.4,-0.2,0.941655001987815,0.616852050642208,0.294152151032274,0.487087705002266,0.543075078962445,-0.856159161762539,NA,NA,NA,NA,NA,NA,0.186651301788833,0.155385415639743,0.0647483920444952,0.146841781462907,0.131772061817676,0.881870518561055
1,0.5,0.2,0.5,0.4,-0.2,0.773792767449096,0.561505506486501,0.196660895208174,0.479506023841978,0.569043816789345,-0.838911010430208,NA,NA,NA,NA,NA,NA,0.189825997279017,0.161008795695379,0.0731259405731334,0.195374340179198,0.166582744151458,1.17250843454129
1,0.5,0.2,0.5,0.4,-0.2,1.21537836972823,0.549883351944169,0.159698782878413,0.335115157142104,0.364674037753564,-0.412286266272479,NA,NA,NA,NA,NA,NA,0.207346219280053,0.164908421462481,0.110982194766062,0.17425167306851,0.132674933175074,0.814242508359681
1,0.5,0.2,0.5,0.4,-0.2,1.16050614839071,0.189767095742092,0.316974556790128,0.59943815152692,0.57170908044312,-0.154646720426029,NA,NA,NA,NA,NA,NA,0.176772905767273,0.141300663151107,0.0847178500507258,0.158472483456805,0.134271969236518,0.658068397959302
1,0.5,0.2,0.5,0.4,-0.2,1.06537338526397,0.374415193502705,0.246694077646097,0.493445234447557,0.586164263480335,-0.301689172503813,NA,NA,NA,NA,NA,NA,0.18892314872042,0.157756796707076,0.0661703113775639,0.188097159530549,0.12962532071382,0.967869376100763
1,0.5,0.2,0.5,0.4,-0.2,0.62054770135023,0.62556470448497,0.162685949596812,0.783371388438569,0.414726570101569,-0.0202065150362942,NA,NA,NA,NA,NA,NA,0.150694310405469,0.127883888451953,0.0746673738677537,0.188802387709132,0.171299057020767,0.447533378937783
1,0.5,0.2,0.5,0.4,-0.2,1.05961524809397,0.529731148300295,0.208640341954995,0.324586665464137,0.360743861597305,-0.945009516803046,NA,NA,NA,NA,NA,NA,0.221992398649139,0.224583117216624,0.114041344593136,0.187907708337021,0.19132343416704,1.1688627567585
1,0.5,0.2,0.5,0.4,-0.2,1.2408144391812,0.0776469441926612,0.302732267164398,0.530102652412321,0.677187785529691,0.320095605755922,NA,NA,NA,NA,NA,NA,0.192562912897652,0.128440416463838,0.0730822186537245,0.16318396242058,0.104120005759147,0.511534115215249
1,0.5,0.2,0.5,0.4,-0.2,1.19861066633635,0.61556629332253,0.127727496496489,0.289672911016743,0.483127821538322,-0.0502034449288038,NA,NA,NA,NA,NA,NA,0.267310191491255,0.234347590990503,0.117389561384244,0.290445014227894,0.167683200425112,1.70097345036037
1,0.5,0.2,0.5,0.4,-0.2,1.10904420689555,0.429663596959136,0.251031705333214,0.490413815268177,0.48008847960404,-0.264309935560377,NA,NA,NA,NA,NA,NA,0.220564254189554,0.208731560496689,0.069670142018482,0.19932058230776,0.218364604310747,0.744105428799949
1,0.5,0.2,0.5,0.4,-0.2,0.964847879984256,0.405336734838757,0.130021074328647,0.659357548717222,0.399146919381578,-0.0325180388324453,NA,NA,NA,NA,NA,NA,0.1560608692446,0.125972060225687,0.0582926728077506,0.189506484476103,0.149585004533031,0.637833503681324
1,0.5,0.2,0.5,0.4,-0.2,1.01702661653988,0.40259444805693,0.238484887021399,0.590168505574877,0.57015335955396,-0.000785722386911006,NA,NA,NA,NA,NA,NA,0.179643993243394,0.144684067341344,0.0540709803338392,0.178018063413985,0.16603974294552,0.603978787194458
1,0.5,0.2,0.5,0.4,-0.2,0.929771276753379,0.464178886700845,0.0855000997561578,0.497234736783818,0.537188761578834,0.0535046733309765,NA,NA,NA,NA,NA,NA,0.197024320765731,0.173296563274277,0.0950132977083909,0.183757785061887,0.125427169968786,0.633483945569458
1,0.5,0.2,0.5,0.4,-0.2,1.07378884039071,0.498576751921369,0.193536017280946,0.649566161263763,0.180643545142737,0.338937182846327,NA,NA,NA,NA,NA,NA,0.161052523862014,0.131243270346846,0.0836817188317071,0.235534090959317,0.162719568090782,0.603288239087842
1,0.5,0.2,0.5,0.4,-0.2,0.836626705815532,0.453939547995231,0.218570383167259,0.725423534534945,0.553547352594482,0.0361635041531714,NA,NA,NA,NA,NA,NA,0.156456259185522,0.114144539360955,0.0993757766405873,0.30023717207637,0.155086804623577,1.01750590651814
1,0.5,0.2,0.5,0.4,-0.2,1.28554741102673,0.0601619676505553,0.195379885816408,0.212604849083199,0.700493665844185,-1.05995112141729,NA,NA,NA,NA,NA,NA,0.252997996931879,0.235283577983295,0.0861571479300935,0.163212684990224,0.135888738576866,1.33537607043495
1,0.5,0.2,0.5,0.4,-0.2,1.01366049297421,0.474695926000346,0.350797775662226,0.607117952655531,0.400656697957967,-0.151499880296503,NA,NA,NA,NA,NA,NA,0.164493475315112,0.139295598866434,0.083346763095404,0.182221573036691,0.136787472155748,0.720154819334472
1,0.5,0.2,0.5,0.4,-0.2,1.20186479907223,0.371253089854203,0.271974719315878,0.366818819094553,0.570306142541424,-2.07337860690093,NA,NA,NA,NA,NA,NA,0.191085167992016,0.152915908098935,0.112224926803819,0.137493598617047,0.125239115423801,2.16525093102493
1,0.5,0.2,0.5,0.4,-0.2,1.0336569571439,0.361491592591787,0.280537364510234,0.389987618229558,0.621484720582037,-1.1059695963251,NA,NA,NA,NA,NA,NA,0.20778171206685,0.184641469430894,0.0769635025982471,0.156339707560687,0.140334605978566,1.31407780374042
1,0.5,0.2,0.5,0.4,-0.2,1.24341672708326,0.317588539197617,0.111967696191701,0.643960190245985,0.476752658536866,0.684439038716779,NA,NA,NA,NA,NA,NA,0.191346411764848,0.158915574521284,0.0580602620836806,0.25856578706328,0.197662586639185,0.57349325466131
1,0.5,0.2,0.5,0.4,-0.2,0.830540401658023,0.408176136570259,0.151283403845951,0.753949804761721,0.500154187098493,0.203335994234516,NA,NA,NA,NA,NA,NA,0.154008298440456,0.13776174958495,0.0613169550195972,0.175136860452008,0.130143681925382,0.418117548387532
1,0.5,0.2,0.5,0.4,-0.2,1.03449004332818,0.393429007866996,0.194091641017166,0.437738012287633,0.564485797545763,-1.44182748949813,NA,NA,NA,NA,NA,NA,0.185492446409013,0.151268918922024,0.102899205330535,0.165374213981973,0.140090060293311,1.77747786338266
1,0.5,0.2,0.5,0.4,-0.2,0.916914316270249,0.605583805219583,0.0858756007232417,0.677686664370191,0.593253022887768,-0.182982357000703,NA,NA,NA,NA,NA,NA,0.159650819283916,0.126562414763534,0.0722566574576146,0.166449116961467,0.143990429832989,0.574230994184678
1,0.5,0.2,0.5,0.4,-0.2,0.949188024486773,0.452704334502261,0.021061793287461,0.768623489527655,0.244662346825471,0.221611779298203,NA,NA,NA,NA,NA,NA,0.135518869095763,0.128753967320755,0.0743674912529285,0.207703413494707,0.143804905323548,0.510327021455679
1,0.5,0.2,0.5,0.4,-0.2,1.24532442773652,0.342546338720565,0.325845458467592,0.289237827361175,0.45862445896058,-0.876798585706523,NA,NA,NA,NA,NA,NA,0.244643021088204,0.239139081095672,0.1223657904136,0.196804392793808,0.184935519684673,1.36738065168655
1,0.5,0.2,0.5,0.4,-0.2,1.29561503468813,0.114027086101438,0.225310871405369,0.629723039204259,0.54787025110488,0.646458989743206,NA,NA,NA,NA,NA,NA,0.182461460505581,0.141958986698757,0.0793960658966305,0.187421607184736,0.130253950019111,0.491301679892931
1,0.5,0.2,0.5,0.4,-0.2,0.51187406999947,0.612369249727294,0.157823191813665,0.977825784908655,0.568378279365391,0.183958856189426,NA,NA,NA,NA,NA,NA,0.136264930109509,0.0974724152843459,0.0486022080267142,0.229996789862589,0.197225694358043,0.441209256398736
1,0.5,0.2,0.5,0.4,-0.2,0.973510498736896,0.38695073007821,0.162620724301428,0.505412826243698,0.540762075051491,-0.474881057502682,NA,NA,NA,NA,NA,NA,0.178794671774573,0.154343516314381,0.0899453424369378,0.193725715107525,0.154730577619409,0.911102786022543
1,0.5,0.2,0.5,0.4,-0.2,0.662027484256305,0.782947380983912,0.301972808258961,0.519652861836348,0.366108123179199,-0.926685534115299,NA,NA,NA,NA,NA,NA,0.167171295747986,0.141879146585119,0.0877950886414787,0.16942042496364,0.124444528563862,0.877017767385676
1,0.5,0.2,0.5,0.4,-0.2,1.15902601014878,0.333219812173876,0.171973834593562,0.356908887243682,0.497152600681876,-0.204704577432891,NA,NA,NA,NA,NA,NA,0.214877205525605,0.163526287576016,0.106280260394435,0.179597060494009,0.133947465261143,0.747888287099379
1,0.5,0.2,0.5,0.4,-0.2,1.09837408527066,0.391840476449104,0.105669601479985,0.364890681457405,0.523320621788149,-0.772239230175554,NA,NA,NA,NA,NA,NA,0.220320529453023,0.201451854525781,0.0945860408096831,0.197238155599229,0.161089010043306,1.34917916215489
1,0.5,0.2,0.5,0.4,-0.2,1.16286555830541,0.417698192320046,0.19442875848803,0.324027723546343,0.448616222461038,0.350310555720176,NA,NA,NA,NA,NA,NA,0.239573639130065,0.202793463271104,0.0904455904190659,0.228397861717661,0.120528920422573,0.771447689953189
1,0.5,0.2,0.5,0.4,-0.2,1.03382783965201,0.361561423463794,0.139955031680067,0.52606217479835,0.516279907834102,-0.076029811347206,NA,NA,NA,NA,NA,NA,0.174018922036082,0.132013758946874,0.0829678209379895,0.202641206710982,0.134742714913024,0.753566886988135
1,0.5,0.2,0.5,0.4,-0.2,0.936995538276776,0.388815873174273,0.178944232116292,0.492375474247921,0.55124706741716,-0.629998662329017,NA,NA,NA,NA,NA,NA,0.18696952311714,0.151086427493853,0.0821931190446259,0.237886915809235,0.183681031429614,1.76750629611849
1,0.5,0.2,0.5,0.4,-0.2,0.948443005970088,0.608120071449056,0.237253744956161,0.649987325382375,0.216902222057458,0.245241864155146,NA,NA,NA,NA,NA,NA,0.155157738100926,0.151288861866461,0.0880050527189594,0.194128849292153,0.182370599456657,0.463557242926266
1,0.5,0.2,0.5,0.4,-0.2,1.12271417646836,0.372235110757875,0.164451443674853,0.460760942832367,0.606844890862854,0.222802169961623,NA,NA,NA,NA,NA,NA,0.212225891967792,0.172833775195967,0.074444730287873,0.213615734996285,0.139430430695353,0.664389061822156
1,0.5,0.2,0.5,0.4,-0.2,1.02933172703867,0.747899248381553,0.164763018643009,0.445567402260935,0.283208843745655,0.0598867263914264,NA,NA,NA,NA,NA,NA,0.209813099577317,0.220838362374006,0.103281661233934,0.198723857020305,0.172665465291373,0.5962555474456
1,0.5,0.2,0.5,0.4,-0.2,0.974089471679539,0.634822724500927,0.215923491554048,0.937736605922609,0.16169259433062,0.677788683976607,NA,NA,NA,NA,NA,NA,0.138641016596628,0.118011699963334,0.0787559492224231,0.222094501784649,0.191330722562066,0.303312575615924
1,0.5,0.2,0.5,0.4,-0.2,1.04886288859406,0.643858075885018,0.137512631599673,0.843637695409419,0.0616241068994904,0.866746916430981,NA,NA,NA,NA,NA,NA,0.163407849137413,0.163784674997302,0.0886466527289947,0.368076636391163,0.232482397726821,0.519379455605384
1,0.5,0.2,0.5,0.4,-0.2,1.43468056362799,-0.0236661392537142,0.0778651598502145,0.297538782585464,0.73176911036083,-0.687667009780694,NA,NA,NA,NA,NA,NA,0.241603829484463,0.204648120020357,0.0809590104989003,0.204913749370961,0.126545384550281,1.89470194745567
1,0.5,0.2,0.5,0.4,-0.2,0.676195835976044,0.65655356489428,0.264667917626779,0.739413213783732,0.326245805803145,-0.60469388029145,NA,NA,NA,NA,NA,NA,0.144857747517482,0.135946809272921,0.0865081509934178,0.186018969647579,0.193121711304499,0.640587799125931
1,0.5,0.2,0.5,0.4,-0.2,0.676875353938474,0.776912917268984,0.270093965301179,1.31962479901295,0.0267427830413998,0.34966657145608,NA,NA,NA,NA,NA,NA,0.0963663689305678,0.106002166417024,0.0602803043246945,0.231708903132699,0.242470620794128,0.228254119135143
1,0.5,0.2,0.5,0.4,-0.2,1.37890054180482,0.190757638993933,0.270609727113047,0.128379039813575,0.580644353840329,-2.09767984481239,NA,NA,NA,NA,NA,NA,0.263734611082373,0.230462893723599,0.0885454302936075,0.206139170003075,0.172199683880055,4.50814054185552
1,0.5,0.2,0.5,0.4,-0.2,0.919593708457558,0.831516407163269,0.132104996489666,0.451309030317947,0.210318758778308,-1.12261136353867,NA,NA,NA,NA,NA,NA,0.169363159349435,0.160040627517804,0.120443527582246,0.26717298074849,0.253624684390472,2.34763967689315
1,0.5,0.2,0.5,0.4,-0.2,0.849644481715184,0.707520096286843,-0.106390736752972,0.404746157144099,0.262578808095817,-1.91445780219784,NA,NA,NA,NA,NA,NA,0.175323090727574,0.168279347867842,0.117345647806738,0.156203699391484,0.170182530557309,1.77703488723754
1,0.5,0.2,0.5,0.4,-0.2,0.783453325537744,0.585580416834726,0.160152982756094,0.637770513922649,0.449386399752422,-0.640351918034149,NA,NA,NA,NA,NA,NA,0.160033527095808,0.123130283963081,0.0735956928738261,0.17777000866763,0.188637246664291,0.70019636111665
1,0.5,0.2,0.5,0.4,-0.2,1.23227161315986,0.315991479269749,0.215944494814105,0.312820889428523,0.468219946617156,-1.37528273321107,NA,NA,NA,NA,NA,NA,0.225626686104125,0.206483625232702,0.107542687277738,0.190122229077684,0.144682235349254,1.80085504542238
1,0.5,0.2,0.5,0.4,-0.2,0.784050589301533,0.677008097714918,0.208113708522016,0.688544457368332,0.222908894962373,-0.17273721250004,NA,NA,NA,NA,NA,NA,0.166529040458678,0.278999257902836,0.0772324023798751,0.28686485657144,0.393503423244292,0.734264061037316
1,0.5,0.2,0.5,0.4,-0.2,0.849179404587648,0.563055678981998,0.195755342946725,0.451577199943925,0.649703057868068,-1.10883017649865,NA,NA,NA,NA,NA,NA,0.184334180509863,0.116179327569129,0.0686408965375579,0.138641855980535,0.125705697253889,0.791114610572038
1,0.5,0.2,0.5,0.4,-0.2,0.885126651652637,0.636897692123282,0.173565581624148,1.90774788458221,-0.546337790848108,1.00235131092338,NA,NA,NA,NA,NA,NA,0.111194334580667,0.132659955977139,0.054865386812462,0.34678770838901,0.263210061916544,0.190307338013739
1,0.5,0.2,0.5,0.4,-0.2,1.37813585286353,0.152672970007603,0.0766254008428418,0.681788755111616,0.556060353737959,1.07335968001872,NA,NA,NA,NA,NA,NA,0.178133599640703,0.14264255247274,0.0805009757256719,0.239700552666548,0.139524186143738,0.429076055889261
1,0.5,0.2,0.5,0.4,-0.2,1.10574872072563,0.333653089790989,0.0976199907902564,1.31842229722393,0.290262713404216,1.272710085112,NA,NA,NA,NA,NA,NA,0.125555410821592,0.111711772031295,0.0673681806687514,0.356108790239934,0.24840881965016,0.248363097899407
1,0.5,0.2,0.5,0.4,-0.2,0.456169075630734,0.710320988587017,0.299980326314509,0.899852721318115,0.386340795195767,-0.539436523944425,NA,NA,NA,NA,NA,NA,0.124759993770919,0.104627728024618,0.0697835604977156,0.16573179528745,0.16073510579092,0.594257649987619
1,0.5,0.2,0.5,0.4,-0.2,1.06665095045492,0.628703374709444,0.253339996833558,0.748039441914293,0.00714850476217075,0.217257790440922,NA,NA,NA,NA,NA,NA,0.132610121339981,0.131632783671244,0.0961404278496271,0.158748080084544,0.172902618124721,0.386521627884696
1,0.5,0.2,0.5,0.4,-0.2,1.00668991461993,0.400795323775658,0.240360618658041,0.576017878868937,0.596532046423302,-0.633143872517814,NA,NA,NA,NA,NA,NA,0.169422971828146,0.139645148769086,0.0658419077991947,0.244975385409508,0.163817142264715,1.82601617963411
1,0.5,0.2,0.5,0.4,-0.2,0.95561820261904,0.610297231194991,0.181922352245257,0.692704877209237,0.387189625899733,0.483907263617495,NA,NA,NA,NA,NA,NA,0.159821985101829,0.145439716326912,0.0686782826231092,0.267743095573121,0.236250582400761,0.520432059181402
1,0.5,0.2,0.5,0.4,-0.2,0.919465734971881,0.651096844024295,0.199368187616016,0.62962277103754,0.218306120151589,-0.055826975293168,NA,NA,NA,NA,NA,NA,0.158691444942828,0.149099490166429,0.0915166393202977,0.247610278975517,0.191020305479941,0.747935833212199
1,0.5,0.2,0.5,0.4,-0.2,1.02552746527745,0.435883138686904,0.206702584535535,0.461079973155697,0.606994938637883,-1.59412483665948,NA,NA,NA,NA,NA,NA,0.198447212189425,0.181625311328445,0.0823950082044819,0.147353404483889,0.140176105425025,1.28634911766447
1,0.5,0.2,0.5,0.4,-0.2,0.915918690605856,0.512667486920512,0.273124101196757,0.662651428625555,0.633672286150671,-0.273013409907466,NA,NA,NA,NA,NA,NA,0.154543697891272,0.100789362247441,0.0580891617055323,0.213116015593762,0.137400227068633,0.912734431336124
1,0.5,0.2,0.5,0.4,-0.2,0.993469411085044,0.757585883137058,0.146554603800019,0.780844248109961,-0.0698507891961273,0.283691499590222,NA,NA,NA,NA,NA,NA,0.145281879425867,0.176170348378692,0.097576145550932,0.239075114862251,0.20869512820221,0.526060865195809
1,0.5,0.2,0.5,0.4,-0.2,0.808250519421069,0.676009101152838,0.262548720602745,0.615438497264466,0.279449048332657,-0.264061521348962,NA,NA,NA,NA,NA,NA,0.167014703167285,0.17998458203548,0.0755174827158266,0.238940225429169,0.233634001951183,0.903160882063847
1,0.5,0.2,0.5,0.4,-0.2,1.07182252965017,0.406116690997082,0.0596817343084538,0.411719138620835,0.421606703219354,-0.949831793940752,NA,NA,NA,NA,NA,NA,0.201211676515132,0.184455170811156,0.0850775243947528,0.193763201632498,0.174231584510586,1.47591549895394
1,0.5,0.2,0.5,0.4,-0.2,0.925007771341002,0.54000399572465,0.212133258771711,0.567005909378718,0.344648264701961,-0.17498376464769,NA,NA,NA,NA,NA,NA,0.176943479607955,0.149151689728938,0.0810782115562366,0.212788625564574,0.163759046984079,0.786739943129468
1,0.5,0.2,0.5,0.4,-0.2,0.981167630713415,0.65635007669964,0.34287779995673,0.490968645170621,0.175976242965389,-0.183635768754439,NA,NA,NA,NA,NA,NA,0.175653012123935,0.146634232409992,0.130531372239286,0.16792573643039,0.125188784427027,0.586853862920237
1,0.5,0.2,0.5,0.4,-0.2,1.11496916283786,0.406319960396524,0.257532478753208,0.366393257748764,0.5440310707427,-0.856987772405771,NA,NA,NA,NA,NA,NA,0.212679723397857,0.170092742252438,0.0972871005356331,0.186678412199727,0.177379005903865,1.47194397415499
1,0.5,0.2,0.5,0.4,-0.2,0.819959226426349,0.455664015374314,0.129149335597104,0.926450357751076,0.324377709880579,0.448904470295349,NA,NA,NA,NA,NA,NA,0.139091746221088,0.122657903181273,0.0756055449852845,0.331743743268942,0.254722087587391,0.511675645812901
1,0.5,0.2,0.5,0.4,-0.2,0.851847071120311,0.565193713594409,0.164479416422794,0.827798261494678,0.365270892213382,0.507742817054601,NA,NA,NA,NA,NA,NA,0.151675829453389,0.128324756248267,0.067007579717475,0.269409014096582,0.221499388149635,0.458306005058703
1,0.5,0.2,0.5,0.4,-0.2,1.17202334145853,0.359997143483066,0.234051397778656,0.34902663267489,0.545122973679482,-0.413094384059217,NA,NA,NA,NA,NA,NA,0.258116746109096,0.228766984932951,0.120605333427292,0.19623589514879,0.198794349022251,0.971441136362078
1,0.5,0.2,0.5,0.4,-0.2,0.769081965419188,0.671947334093691,0.0999540799726245,0.65893215016156,0.187521807375734,-0.217614447073976,NA,NA,NA,NA,NA,NA,0.14900345405401,0.157590555508584,0.107846710395709,0.285857507359764,0.172402762541257,0.947761908633609
1,0.5,0.2,0.5,0.4,-0.2,1.07834926752968,0.40699301222716,0.149329181350931,0.549551508940322,0.423470410184958,0.389124090016137,NA,NA,NA,NA,NA,NA,0.192020327565026,0.197260427283344,0.114343204702741,0.206540268964714,0.209860937698791,0.45065709295879
1,0.5,0.2,0.5,0.4,-0.2,1.16424271147253,0.456715607520296,0.26541110174783,0.682143335973082,0.279509855538661,0.0926636930889027,NA,NA,NA,NA,NA,NA,0.144105309830609,0.130793497063779,0.0806259886195998,0.34695822954457,0.179800587242203,1.22424651968702
1,0.5,0.2,0.5,0.4,-0.2,0.976940263801035,0.589483785273344,0.142647400189069,0.839424802279934,0.212634562280042,0.301580966148179,NA,NA,NA,NA,NA,NA,0.131446934009719,0.115049405723425,0.0609962208769177,0.204632251413915,0.145072358748316,0.437686244208148
1,0.5,0.2,0.5,0.4,-0.2,1.19397263988318,0.468360392888283,0.0535620494911897,0.221146448033836,0.393193303880834,-1.15982076623956,NA,NA,NA,NA,NA,NA,0.23372021579484,0.196875570714063,0.129366608189591,0.20374431014369,0.147448895466559,1.6613499496566
1,0.5,0.2,0.5,0.4,-0.2,1.22709994010022,0.318552576226373,0.0738805502675338,0.411469668178712,0.414467947494995,-0.171916398729202,NA,NA,NA,NA,NA,NA,0.191931384209479,0.15417339832862,0.0725263728487049,0.21597256104631,0.146614266874315,1.07693520094446
1,0.5,0.2,0.5,0.4,-0.2,1.16134481535525,0.400593902893983,0.155123430413424,0.404880514543565,0.556169723413409,-1.41842218834698,NA,NA,NA,NA,NA,NA,0.213579098241784,0.218370262457666,0.109073461428209,0.167173256228155,0.183711923207103,1.7381416318926
1,0.5,0.2,0.5,0.4,-0.2,0.874617072053881,0.372928564889692,0.174802791677411,0.579150898349656,0.65133282619269,-0.278341595423805,NA,NA,NA,NA,NA,NA,0.191106102024857,0.145698338790189,0.0877715322294305,0.202122840528535,0.154992089385965,1.22634888201418
1,0.5,0.2,0.5,0.4,-0.2,0.904950912389113,0.503195068529666,0.298524513146087,0.705687278747902,0.537632727505204,-0.207017649842817,NA,NA,NA,NA,NA,NA,0.155578477390746,0.115636142900601,0.0610110905129343,0.200485620812975,0.163229176557322,0.751093640911748
1,0.5,0.2,0.5,0.4,-0.2,1.29384774249636,0.191454281255637,0.0946339511122737,0.946793979035163,0.464729678643368,1.28522587601044,NA,NA,NA,NA,NA,NA,0.152814608757708,0.131278088944309,0.0722989698305805,0.324089624550486,0.233701046169912,0.290064107630188
1,0.5,0.2,0.5,0.4,-0.2,0.670678128423934,0.772406016340915,0.343231030396837,1.10173125197124,-0.0685770572937276,0.191068607940029,NA,NA,NA,NA,NA,NA,0.110368034524143,0.120459411719435,0.0762547653347403,0.209084710159182,0.185285079193615,0.279327715920998
1,0.5,0.2,0.5,0.4,-0.2,0.994171532491747,0.480500672926826,0.031729998033764,0.518223143615511,0.511701675817982,-0.908674133212954,NA,NA,NA,NA,NA,NA,0.163770859187469,0.107482749498038,0.0699657075995161,0.193596077380219,0.154865452022742,1.40955776124601
1,0.5,0.2,0.5,0.4,-0.2,1.02078561665613,0.693425411357866,0.146760857305965,0.660572525856399,0.0910772645056418,0.539969596526071,NA,NA,NA,NA,NA,NA,0.168277859294597,0.21065403922672,0.0976274704748927,0.317913691971722,0.324146246127117,0.552515703395636
1,0.5,0.2,0.5,0.4,-0.2,1.25603261923397,0.486585853634688,0.128057407306772,0.455428367936959,0.351936765177708,0.00131793017373667,NA,NA,NA,NA,NA,NA,0.186983672285024,0.147038559589941,0.0938823193806845,0.202104090000439,0.162366901701762,0.902956939064479
1,0.5,0.2,0.5,0.4,-0.2,0.94117781421426,0.67461931246313,0.216990145583532,0.157033250496013,0.557527956168616,-1.19452469089472,NA,NA,NA,NA,NA,NA,0.257100895128746,0.208394424022769,0.104615863378711,0.1597561307543,0.142143645180542,1.18130704184049
1,0.5,0.2,0.5,0.4,-0.2,1.01179088240869,0.338090256778277,0.117006720353582,0.850086502891028,0.448359979970292,0.589585850459016,NA,NA,NA,NA,NA,NA,0.137856747745908,0.122282035034593,0.0571915026478558,0.229738689220337,0.143459738344977,0.421867930130474
1,0.5,0.2,0.5,0.4,-0.2,1.14328287273566,0.320500995431238,0.116677957628101,0.54098934205624,0.391136616416829,0.444528794345778,NA,NA,NA,NA,NA,NA,0.189086879887218,0.171950011810493,0.107934377218091,0.199231253608781,0.154149964388707,0.451625583321386
1,0.5,0.2,0.5,0.4,-0.2,1.10923080820281,0.551535006315192,0.0989898558922877,0.764334182073644,0.329004183721346,0.426164927900803,NA,NA,NA,NA,NA,NA,0.150667635192026,0.116786455144928,0.0740633858888831,0.230024024305448,0.183437390242015,0.565756643674516
1,0.5,0.2,0.5,0.4,-0.2,0.9974313876153,0.617662734102568,0.0199420311222209,0.469185124643629,0.239164910198398,-0.183489641144206,NA,NA,NA,NA,NA,NA,0.17650916388516,0.157585226658532,0.117579774981816,0.205234522987654,0.157491989350384,0.703651612997181
1,0.5,0.2,0.5,0.4,-0.2,0.876391691352344,0.443111057664113,0.10289126491122,0.884963059789181,0.226237428031247,0.591572959445349,NA,NA,NA,NA,NA,NA,0.132493108772511,0.123679594699404,0.0738511749346717,0.222189660359379,0.153083965347887,0.331794056107727
1,0.5,0.2,0.5,0.4,-0.2,1.2500084601908,0.357188008084952,0.25301603189802,0.521517039474808,0.446215951338715,-0.241084549308883,NA,NA,NA,NA,NA,NA,0.185518081803635,0.178462584946853,0.105203126603511,0.176598604091068,0.156962655911998,0.836009745431349
1,0.5,0.2,0.5,0.4,-0.2,0.946635740122409,0.410716456013216,0.0583876822322857,0.760762864431386,0.428574265436205,-0.177770350069454,NA,NA,NA,NA,NA,NA,0.145011912819062,0.130303107218294,0.0711899000409816,0.220940164644128,0.194068444122458,0.856315038077901
1,0.5,0.2,0.5,0.4,-0.2,0.845519474837668,0.549072152228219,0.364079341980886,0.355604047763626,0.508524105526116,-1.07833052861541,NA,NA,NA,NA,NA,NA,0.230752192383773,0.23584846986343,0.0945835522387585,0.162362650177527,0.175823985161223,0.813838459552795
1,0.5,0.2,0.5,0.4,-0.2,0.851742563722425,0.41442410550623,0.163006911421243,0.808967164498804,0.486904613420453,0.0332246872317639,NA,NA,NA,NA,NA,NA,0.142396890587105,0.124873013862311,0.0582989942894133,0.174041018208327,0.140235895129263,0.526129581342693
1,0.5,0.2,0.5,0.4,-0.2,1.04205443946499,0.553309600508318,0.20948236277053,0.478280657775102,0.357723246863211,-0.336510064088846,NA,NA,NA,NA,NA,NA,0.188625725793584,0.153514584543974,0.111985880273816,0.195150282773265,0.179037885432849,0.792490375145052
1,0.5,0.2,0.5,0.4,-0.2,1.2256462929853,0.340971365566354,0.229689163993165,0.424829640592943,0.579748567626453,-0.60519757311416,NA,NA,NA,NA,NA,NA,0.198196303275434,0.166717444029292,0.0794419613633832,0.157778946874632,0.137261028019719,0.894236954065967
1,0.5,0.2,0.5,0.4,-0.2,1.28495093010759,0.433718925521856,0.244108302330446,0.509483801331321,0.320063069079925,-0.295233842852166,NA,NA,NA,NA,NA,NA,0.168476220234685,0.151653117969037,0.0793553886854646,0.172068509265517,0.130875071698934,0.844415202061558
1,0.5,0.2,0.5,0.4,-0.2,1.04460580088254,0.323813936857125,0.247790479053389,0.485388912074436,0.576606797981487,-0.808096449513705,NA,NA,NA,NA,NA,NA,0.182720667675382,0.134780384689108,0.0955312628717748,0.201500653111399,0.159970642242872,1.52558686400272
1,0.5,0.2,0.5,0.4,-0.2,0.881700735320338,0.441791061344814,0.149552868929101,0.60828692839495,0.705905563099234,-0.228352323215031,NA,NA,NA,NA,NA,NA,0.182767682468799,0.152788088389438,0.0597197765363128,0.248854871712445,0.187142032821358,0.960709782790744
1,0.5,0.2,0.5,0.4,-0.2,0.901331699499167,0.476975368792724,0.195714015361907,0.428705489585351,0.444206617152855,-0.275947329032317,NA,NA,NA,NA,NA,NA,0.210838329417972,0.209746494112524,0.090354796840531,0.219918995085435,0.179481104667516,0.974997891291449
1,0.5,0.2,0.5,0.4,-0.2,0.900289497550289,0.383272015271474,0.12058253674785,0.741858994184414,0.61437971292784,-0.0461867347354601,NA,NA,NA,NA,NA,NA,0.142175527804142,0.0923424197677772,0.0605359137354807,0.183717706139348,0.127978440261324,0.536033371396176
1,0.5,0.2,0.5,0.4,-0.2,0.780821020324382,0.537564681545752,0.236953661923947,0.744747367979698,0.27001369234961,-0.11377290525599,NA,NA,NA,NA,NA,NA,0.144006707781857,0.123397629629269,0.0984907440254774,0.193629737207527,0.123271149587799,0.620060703060606
1,0.5,0.2,0.5,0.4,-0.2,0.887273675300263,0.417926421924404,0.155118395677582,0.82879665441332,0.447651093511414,0.387475955862679,NA,NA,NA,NA,NA,NA,0.152032940781801,0.119017758634847,0.0675720005536748,0.194086871591564,0.137395559766519,0.406801618431395
1,0.5,0.2,0.5,0.4,-0.2,0.937501120076833,0.483543599130716,0.180186483962051,0.527669819456976,0.411373582970856,-0.212243317838881,NA,NA,NA,NA,NA,NA,0.177081821036503,0.143471013903171,0.103394693256465,0.174006796915299,0.127328044446747,0.64585432169522
1,0.5,0.2,0.5,0.4,-0.2,1.08391328896052,0.30954745875908,0.223212170752317,0.361256206963651,0.711434768029696,-1.34875033858649,NA,NA,NA,NA,NA,NA,0.210817827668127,0.174816898125558,0.0824320956293114,0.199911436303037,0.158630271910336,2.21413175264639
1,0.5,0.2,0.5,0.4,-0.2,1.22678688802555,0.306141770401218,0.266809131104136,0.523021898178105,0.46324463237651,0.197584683126027,NA,NA,NA,NA,NA,NA,0.18834108999005,0.151773318174523,0.112244934921535,0.292326645798351,0.130822488982195,1.11426103486767
1,0.5,0.2,0.5,0.4,-0.2,1.17096623118742,0.534093785755481,0.148447492439245,0.507984098217972,0.254321883401143,-0.140526435723922,NA,NA,NA,NA,NA,NA,0.170203620816538,0.139162732674786,0.113650511160898,0.321128716944219,0.202088912911774,1.60401437297332
1,0.5,0.2,0.5,0.4,-0.2,1.1870635925904,0.196392259615729,-0.00817641098629657,0.74279240603758,0.432205666897165,0.489927713356114,NA,NA,NA,NA,NA,NA,0.165625520353413,0.159555975426988,0.0912745295925309,0.301750956226641,0.174202509507717,0.674093213242042
1,0.5,0.2,0.5,0.4,-0.2,1.00320282515194,0.367410869783211,0.328218695354684,0.392786414562629,0.631781120401191,-1.85269678857742,NA,NA,NA,NA,NA,NA,0.19429280857432,0.175048061629063,0.109961367540857,0.14212586529974,0.125866782888598,1.57988111508206
1,0.5,0.2,0.5,0.4,-0.2,1.12957576751463,0.511768779498729,0.127135165209069,0.157683367697826,0.554144591272693,-1.51484849271739,NA,NA,NA,NA,NA,NA,0.257985478501808,0.223840278448966,0.0792590230756518,0.180650611063085,0.159492162150156,1.80541355352795
1,0.5,0.2,0.5,0.4,-0.2,0.970516372266695,0.758759285026324,0.305015700298487,0.263319151038779,0.404985116312464,-3.22332891641751,NA,NA,NA,NA,NA,NA,0.216882656252046,0.21301297890457,0.0949845779927681,0.136826069261773,0.143412568188063,2.4314085278566
1,0.5,0.2,0.5,0.4,-0.2,0.838822913894072,0.715537652556043,0.322753183864902,0.504923185501809,0.216083116599818,-0.261761643932727,NA,NA,NA,NA,NA,NA,0.179834322999763,0.186426832528724,0.101930054876286,0.214128021574431,0.208958000374045,0.674914304407012
1,0.5,0.2,0.5,0.4,-0.2,1.28078610355747,0.240055148842294,0.193426690045953,0.445506480419664,0.509131924164732,0.331076015507107,NA,NA,NA,NA,NA,NA,0.216464779987896,0.184109011984637,0.0944255662008416,0.175169919910658,0.128833956708613,0.587177046607774
1,0.5,0.2,0.5,0.4,-0.2,1.4556268321059,0.019789509287387,0.343370203636711,0.506311955869267,0.472383737523468,0.22058691487724,NA,NA,NA,NA,NA,NA,0.179705807470146,0.159245799471362,0.0880197194604704,0.16374038577561,0.107339052364222,0.52885810702414
1,0.5,0.2,0.5,0.4,-0.2,0.774244514931975,0.604657895354218,0.24581997237659,0.817791853337746,0.307375555979806,0.238199136501694,NA,NA,NA,NA,NA,NA,0.143163580241296,0.123166689819242,0.086363178421169,0.267258554184563,0.1978069300902,0.570569016754721
1,0.5,0.2,0.5,0.4,-0.2,0.801305762886931,0.545272272255818,0.230686050747155,0.56703827353491,0.517420638402458,-0.666828280762143,NA,NA,NA,NA,NA,NA,0.179084007335836,0.174201369360132,0.0841146289772996,0.169966244544657,0.158591820274953,0.914822710416791
1,0.5,0.2,0.5,0.4,-0.2,1.07725172111187,0.392658381453109,0.133994815407537,0.454053555770109,0.473417209369986,-0.116730480424701,NA,NA,NA,NA,NA,NA,0.202524821488039,0.160650206885165,0.0684239227166096,0.188249919088384,0.148276542619457,0.821586520707455
1,0.5,0.2,0.5,0.4,-0.2,1.08626672860455,0.27268106827652,0.181338732390939,0.476304435124963,0.609205537096392,-0.807810661797339,NA,NA,NA,NA,NA,NA,0.187383241232016,0.154626568079562,0.0655961509046318,0.160653009932555,0.137429366895141,1.10086334713165
1,0.5,0.2,0.5,0.4,-0.2,1.23611160690669,0.431350442441457,0.0897642310426624,0.814647804108727,0.201636320275014,0.977512941208035,NA,NA,NA,NA,NA,NA,0.173732456158217,0.18349604246342,0.0986294997194494,0.410540657618106,0.157578223223259,0.725283757607535
1,0.5,0.2,0.5,0.4,-0.2,0.629188469974797,1.02792771622283,0.273116984148744,0.742694119144213,0.0701675382200322,-0.526795779036608,NA,NA,NA,NA,NA,NA,0.134318031416367,0.193504826711774,0.101112235817713,0.171403434337393,0.230869933832378,0.435649483873017
1,0.5,0.2,0.5,0.4,-0.2,0.868611554012443,0.623448780410685,0.138214948696495,0.318701261416385,0.523807089613844,-1.60088463722687,NA,NA,NA,NA,NA,NA,0.205239051869515,0.132689776289143,0.0892691778242464,0.264380800362437,0.30336284313134,3.54071938881774
1,0.5,0.2,0.5,0.4,-0.2,1.1127643108407,0.203810025149959,0.308534316607471,0.458042585666051,0.705043445671752,-0.669024885862863,NA,NA,NA,NA,NA,NA,0.211493597625995,0.184623336465077,0.0566627299404831,0.152031810432112,0.137472531766876,0.801437505420427
1,0.5,0.2,0.5,0.4,-0.2,1.19098692964626,0.329502866983394,0.213470115065887,0.36441281144307,0.611718536438174,0.0759078801969344,NA,NA,NA,NA,NA,NA,0.224143204120025,0.194658841877983,0.0876643006421649,0.201392828379409,0.115141632006711,0.801281962563937
1,0.5,0.2,0.5,0.4,-0.2,0.97897721497297,0.34885550856128,0.324516133956777,0.402797702597451,0.650600876865349,-1.39125495382376,NA,NA,NA,NA,NA,NA,0.204167141606152,0.165954112945951,0.0834407177006712,0.212338307231888,0.171071202857635,2.31512407482787
1,0.5,0.2,0.5,0.4,-0.2,1.03543504572956,0.564532634616998,0.187034451705652,0.19799200427141,0.514117190590109,-1.58605785725825,NA,NA,NA,NA,NA,NA,0.238864200225428,0.197394583159533,0.105663230830638,0.182430715556711,0.157216133165916,1.6735581705311
1,0.5,0.2,0.5,0.4,-0.2,0.741020540388907,0.679518625177688,0.172386317012351,0.892823944648464,0.0697506100425537,0.2139326293591,NA,NA,NA,NA,NA,NA,0.133633776759182,0.126191382672148,0.066911529594082,0.221353933074046,0.20445211982437,0.385642759618656
1,0.5,0.2,0.5,0.4,-0.2,0.560963460871629,0.686339528177556,0.117465897178012,1.05905588205946,0.309524270764907,-0.0590965827006357,NA,NA,NA,NA,NA,NA,0.114598369667342,0.113527679573886,0.0605335644894996,0.2143883316519,0.297813572306462,0.359603082330543
1,0.5,0.2,0.5,0.4,-0.2,0.961927506615287,0.376914726166989,0.113219481605005,0.795338596440536,0.425391220091374,0.496755157540077,NA,NA,NA,NA,NA,NA,0.167130947545086,0.164193875386986,0.0632294605140419,0.266446858191465,0.221506172628978,0.451726130238189
1,0.5,0.2,0.5,0.4,-0.2,1.10311410516284,0.325561450422365,0.186737069008133,0.488810679161407,0.501036152123146,-0.0383371888120533,NA,NA,NA,NA,NA,NA,0.190945032820435,0.168966317542119,0.0741650275275067,0.235391663777558,0.121965188744126,1.02653727597596
1,0.5,0.2,0.5,0.4,-0.2,1.1702489988529,0.304245105695863,0.356080859096992,0.513321780324516,0.696075265264444,-0.409798896713329,NA,NA,NA,NA,NA,NA,0.187230046078016,0.154648288821912,0.0685536047587788,0.153121047868158,0.118238475354738,0.797807021766095
1,0.5,0.2,0.5,0.4,-0.2,0.618392135007359,0.715873184286465,0.081247546853822,0.768345244808681,0.162565138102371,-0.212496114859872,NA,NA,NA,NA,NA,NA,0.13425004175213,0.121498545016373,0.0703451414765347,0.197759491741133,0.173157153369543,0.458005539862903
1,0.5,0.2,0.5,0.4,-0.2,1.22897283805337,0.201245075841381,0.131449421507967,0.310375539976392,0.742294933109597,-1.2083700521888,NA,NA,NA,NA,NA,NA,0.20086396827109,0.145117438118968,0.0918286509284405,0.180400987136061,0.145218613883791,2.04849726223153
1,0.5,0.2,0.5,0.4,-0.2,1.06778774396734,0.527500080929324,0.128276865992804,0.415122391474102,0.602698669373738,-1.33663112755837,NA,NA,NA,NA,NA,NA,0.198192904902544,0.172972553227883,0.0733222651091112,0.149180889345848,0.16831902450794,1.53398773394192
1,0.5,0.2,0.5,0.4,-0.2,0.878048559014362,0.38358183338075,0.167945728463873,0.819224127976743,0.539770918383555,-0.198340871302287,NA,NA,NA,NA,NA,NA,0.134810196164785,0.101617417970416,0.0603950622390103,0.16896709104337,0.12749881954725,0.540430947740656
1,0.5,0.2,0.5,0.4,-0.2,1.14290578309937,0.273386804595531,0.351150078660354,0.532064298602454,0.452417652859344,-0.0643689176998992,NA,NA,NA,NA,NA,NA,0.187072022660198,0.175360663286187,0.108683498167779,0.215848712518604,0.126848109620074,0.980546282696952
1,0.5,0.2,0.5,0.4,-0.2,1.1571052644211,0.411798255857196,0.151959249077114,0.629705516758571,0.431266911706167,0.273739346935747,NA,NA,NA,NA,NA,NA,0.167959053551254,0.132237930134956,0.0700499520600054,0.225214025477857,0.162905499278988,0.658753503440716
1,0.5,0.2,0.5,0.4,-0.2,0.701327356331286,0.862283118366708,0.0760281896910152,0.794688364916619,0.353912583113532,-0.0196062278297107,NA,NA,NA,NA,NA,NA,0.148682634082616,0.109825825059379,0.0736438387913671,0.194675563422012,0.196629347670597,0.521179900320145
1,0.5,0.2,0.5,0.4,-0.2,1.03141252740251,0.416803532071683,0.0935323141450403,0.550488733793328,0.340615312938401,-0.241797008745828,NA,NA,NA,NA,NA,NA,0.165636400194352,0.129020415897036,0.0849508385525034,0.168405000577794,0.135520504605522,0.596846473377029
1,0.5,0.2,0.5,0.4,-0.2,1.23452557579714,0.391308147333788,0.126870221081394,0.634874341346341,0.33103478537125,0.512192956356445,NA,NA,NA,NA,NA,NA,0.165032405366358,0.138989350021968,0.0738611178548597,0.218257437173058,0.142933387340812,0.587375631743945
1,0.5,0.2,0.5,0.4,-0.2,1.07996892766545,0.422527461968847,0.07787150730948,0.469898317823025,0.45188600561118,0.269343650651385,NA,NA,NA,NA,NA,NA,0.208188879328217,0.193982481149262,0.0855473342620897,0.25597926834249,0.12126454298094,0.932467646447195
1,0.5,0.2,0.5,0.4,-0.2,0.944987529063968,0.537011673732146,0.0959038474493243,0.552889005522869,0.526156519802413,-0.243035201279804,NA,NA,NA,NA,NA,NA,0.188695812495254,0.178980153527618,0.0672182612617827,0.197489034065796,0.164934912319542,0.769887651327248
1,0.5,0.2,0.5,0.4,-0.2,1.41620969780365,0.408097390235688,0.0946755292624795,0.261937918197655,0.481546196458565,-1.32112691514278,NA,NA,NA,NA,NA,NA,0.229713690786642,0.1882254397724,0.0978718196348789,0.198782984070954,0.190803741125143,2.31234107699669
1,0.5,0.2,0.5,0.4,-0.2,0.900553789729853,0.636430765150179,0.100693820867835,1.09342344214918,0.00986150866620716,0.557700276061145,NA,NA,NA,NA,NA,NA,0.114243051838231,0.128786307218621,0.0713264962512251,0.289354034936603,0.254578663753967,0.378416719183236
1,0.5,0.2,0.5,0.4,-0.2,1.01647597208685,0.711193742307902,0.212661086337426,0.374838650798479,0.267272849335675,-0.626960049482072,NA,NA,NA,NA,NA,NA,0.232633728639706,0.297447169390198,0.0835687377623114,0.255491574396009,0.286259825285036,1.06467405683096
1,0.5,0.2,0.5,0.4,-0.2,1.25333030866569,0.546563537972225,0.210743666933601,0.405970933266578,0.277496305504839,-0.0881970646675981,NA,NA,NA,NA,NA,NA,0.195859136558066,0.174499124980633,0.108458194989429,0.259890679480482,0.203254678386662,1.1823249522946
1,0.5,0.2,0.5,0.4,-0.2,0.807384134536934,0.605594850935609,0.211484420496705,0.606113568207477,0.394621090797383,-0.239435138728279,NA,NA,NA,NA,NA,NA,0.164182313100282,0.125957150597843,0.0738253582762888,0.196799101894074,0.17850912105251,0.726620356452441
1,0.5,0.2,0.5,0.4,-0.2,1.11521654627114,0.539289046503275,0.153872771872754,0.355483733873964,0.275698406441327,-0.523708889267809,NA,NA,NA,NA,NA,NA,0.200603434091803,0.177145922812879,0.111674990222397,0.169695221946301,0.154902370002888,0.768982008983361
1,0.5,0.2,0.5,0.4,-0.2,1.3226153083204,0.242077258370872,0.149588553637473,0.378213757127773,0.32878886590151,0.030468409536125,NA,NA,NA,NA,NA,NA,0.199267784576597,0.182422767996077,0.0912041133383518,0.211600717167458,0.129613223753304,0.912158571098391
1,0.5,0.2,0.5,0.4,-0.2,0.864682325255745,0.625365766955647,0.343244427816477,0.425576674831692,0.378628412536483,-2.37171389228351,NA,NA,NA,NA,NA,NA,0.174459482674782,0.141914569808191,0.115242606254006,0.13352154649289,0.136272558275669,1.55602673828648
1,0.5,0.2,0.5,0.4,-0.2,1.18028811514922,0.318755862681091,0.167950474133993,0.431297826519139,0.581246082904231,-0.549621891503664,NA,NA,NA,NA,NA,NA,0.201747263883772,0.168745710449224,0.078774442817799,0.158866211829897,0.145427567290954,0.969823429265685
1,0.5,0.2,0.5,0.4,-0.2,1.103264178969,0.700096453091541,0.187529530078804,0.358679252708634,0.264615446592313,-0.902998881156746,NA,NA,NA,NA,NA,NA,0.200169298209045,0.251457791053453,0.140786220214228,0.333211634594791,0.164030129076436,2.87799831654289
1,0.5,0.2,0.5,0.4,-0.2,1.29112906567843,0.383902483540772,0.121012428106067,0.86042015900092,0.221166040076975,1.25810906004653,NA,NA,NA,NA,NA,NA,0.164233383850743,0.136277920877372,0.0875009975832061,0.385541879060976,0.201373161880757,0.48339019114928
1,0.5,0.2,0.5,0.4,-0.2,0.778909132570444,0.730100301097925,0.204412173154491,0.78659537090865,0.244764198062622,-0.0650372258852941,NA,NA,NA,NA,NA,NA,0.135507211699486,0.132398265269584,0.0867873104336972,0.201412038216967,0.17027212255278,0.468182704676486
1,0.5,0.2,0.5,0.4,-0.2,1.04146871609585,0.564525166523756,0.177502706313852,0.717843598996978,0.312074622576803,0.628450131320885,NA,NA,NA,NA,NA,NA,0.171008388452481,0.143484029520497,0.0706107796253978,0.19439311555022,0.133044048797322,0.409196112512425
1,0.5,0.2,0.5,0.4,-0.2,0.882036666415549,0.618308842291389,0.24893850419905,0.321091100462543,0.410875875614786,-3.18646589734165,NA,NA,NA,NA,NA,NA,0.203807976718545,0.203978816646528,0.0909294329301706,0.1633426975753,0.173746997908837,4.08505972628852
1,0.5,0.2,0.5,0.4,-0.2,1.05828232085607,0.51725326155246,0.208827347230998,0.428390549990857,0.359269044211598,-0.508040755357199,NA,NA,NA,NA,NA,NA,0.241280817637316,0.271041393696236,0.114355961344273,0.215361395175175,0.251194121472262,0.836289827184148
1,0.5,0.2,0.5,0.4,-0.2,1.02187176697257,0.717878211717019,0.111866116981007,0.518212378217827,0.293689386861425,-0.387279759565435,NA,NA,NA,NA,NA,NA,0.174706679461945,0.163159167782025,0.0814279659606291,0.238512071627554,0.184766173205404,1.17338568291268
1,0.5,0.2,0.5,0.4,-0.2,0.978640384217863,0.555208626038954,0.231725652869836,0.76492783203888,0.151511656533372,0.338998993335659,NA,NA,NA,NA,NA,NA,0.139145626520441,0.122515227873864,0.0981128454299266,0.246548034557163,0.156472424069854,0.574156391773873
1,0.5,0.2,0.5,0.4,-0.2,0.89278258378622,0.442693975642485,0.148745492925164,0.51461002986755,0.560007051982059,-0.00321613270485842,NA,NA,NA,NA,NA,NA,0.208316785786526,0.164598574928644,0.0828430173167327,0.305665664531723,0.195938741125827,1.4064058225388
1,0.5,0.2,0.5,0.4,-0.2,1.33492098530505,0.0629848046055512,-0.00879899780032833,0.274885476629414,0.605079782501153,-2.49909620847826,NA,NA,NA,NA,NA,NA,0.222112738490449,0.179146703122633,0.11447908883961,0.145060940527467,0.151861265974426,2.9121672637346
1,0.5,0.2,0.5,0.4,-0.2,0.994308427768771,0.491923196607484,0.296664532757845,0.482862657822734,0.489421865891858,-0.823250867857712,NA,NA,NA,NA,NA,NA,0.191841982809506,0.172338231042086,0.0899426703886592,0.176537285377104,0.141357465264948,1.03460550909509
1,0.5,0.2,0.5,0.4,-0.2,0.895631457573783,0.579694626433198,0.264486205067953,0.680906250169641,0.517171814432489,-0.498962605912201,NA,NA,NA,NA,NA,NA,0.143133853890988,0.102139253111905,0.0563962640967944,0.161280263632492,0.120935728022674,0.656286912973629
1,0.5,0.2,0.5,0.4,-0.2,1.3270663037424,0.0599764261085268,0.104892353263175,0.505599861110834,0.6223401426316,-0.179885795956185,NA,NA,NA,NA,NA,NA,0.186119885343811,0.142675821507161,0.0761499342540939,0.170692319067316,0.11834277166442,0.868050728507523
1,0.5,0.2,0.5,0.4,-0.2,0.759253808524816,0.709067991205666,0.0978061217076188,0.590576690719716,0.334216443442884,-0.718289432050365,NA,NA,NA,NA,NA,NA,0.165535496336003,0.175221751680213,0.0698790434660675,0.191968439868898,0.203681064060125,0.819587081356785
1,0.5,0.2,0.5,0.4,-0.2,0.82800336401477,0.672445614924619,0.187920928428948,0.643210353111394,0.404461289472144,-0.990630238320114,NA,NA,NA,NA,NA,NA,0.146973602840735,0.129552755785236,0.0768667620785884,0.203730786490229,0.19101195636837,1.47601774906463
1,0.5,0.2,0.5,0.4,-0.2,0.829119152417265,0.616184726483375,0.199420208481163,0.52974014819058,0.53060230483866,-0.555665444936842,NA,NA,NA,NA,NA,NA,0.184577516657504,0.149117877582592,0.0960110603246537,0.175596657020913,0.154590732039516,0.683409538872318
1,0.5,0.2,0.5,0.4,-0.2,1.14369626708764,0.449167635265125,0.187395944772968,0.230138717333561,0.644614779651461,-2.28865640397746,NA,NA,NA,NA,NA,NA,0.237609752897439,0.190814723873782,0.0943636131140596,0.147133067078379,0.137530459426815,2.18123794995902
1,0.5,0.2,0.5,0.4,-0.2,1.04133138758523,0.392059843647284,0.0960342012972032,0.984554742804467,0.359440550193319,0.965915946271005,NA,NA,NA,NA,NA,NA,0.143387872385946,0.117169484193125,0.0532302327072158,0.255002083667234,0.15172048088522,0.321416620811962
1,0.5,0.2,0.5,0.4,-0.2,0.822936316566113,0.67958865299735,0.236498162158536,0.541939594671281,0.327315810547656,-0.0603278777012352,NA,NA,NA,NA,NA,NA,0.1782961342756,0.158486494763102,0.096223515638276,0.225809561567459,0.163034835566949,0.724141347409549
1,0.5,0.2,0.5,0.4,-0.2,0.817226522621121,0.459075716256116,0.212274831384998,0.787434613963649,0.59681917386174,0.279205551675218,NA,NA,NA,NA,NA,NA,0.164877102791976,0.163446475759828,0.0502043982852738,0.194367229190275,0.157651514915894,0.432304787069759
1,0.5,0.2,0.5,0.4,-0.2,1.08541168976367,0.384384520667924,0.233999028568093,0.410826798278579,0.441134041010058,-1.89160920575858,NA,NA,NA,NA,NA,NA,0.182287621639932,0.154761576142258,0.0839131988084315,0.144640455795826,0.127745955108781,2.01213150206056
1,0.5,0.2,0.5,0.4,-0.2,1.35335096712381,0.243326984206066,0.234331789374483,0.305263032099976,0.55528403720681,-0.363076520582439,NA,NA,NA,NA,NA,NA,0.230428694723364,0.196637153460476,0.0829953403138532,0.155674740826131,0.147706629071554,0.823646058940978
1,0.5,0.2,0.5,0.4,-0.2,0.935794370896535,0.529456975855908,0.224802457936038,0.672815207078696,0.188503141602377,0.253554579273987,NA,NA,NA,NA,NA,NA,0.150884840650552,0.152400574627852,0.10268639216595,0.231445426393743,0.144578745688239,0.583913489422507
1,0.5,0.2,0.5,0.4,-0.2,0.834639680744533,0.520021280242953,0.247371052298524,0.77468884750316,0.450701103602975,0.316189186272921,NA,NA,NA,NA,NA,NA,0.148419056084688,0.0990763928963009,0.0738858298819334,0.227727657940927,0.147250687800615,0.548935475890937
1,0.5,0.2,0.5,0.4,-0.2,1.09241438601106,0.453047652475445,0.289928537631036,0.611109736097816,0.380541587819299,-0.223611967795872,NA,NA,NA,NA,NA,NA,0.161512165281541,0.154843122840163,0.0781648995588156,0.16434388271794,0.134708825700909,0.636168895722465
1,0.5,0.2,0.5,0.4,-0.2,1.26173974450814,0.40100890341983,0.18139030417255,0.405267717403062,0.468437780509916,0.255090855687879,NA,NA,NA,NA,NA,NA,0.215589371978146,0.158209060524323,0.0872597003241424,0.246976844944537,0.148663191577308,1.00615860476529
1,0.5,0.2,0.5,0.4,-0.2,0.96494991430345,0.507674695362151,0.118318638613068,0.789668136437159,0.0917830432283043,0.354831328637458,NA,NA,NA,NA,NA,NA,0.132407253679916,0.120118387025827,0.0832884640286925,0.215381901452938,0.161507240090324,0.434050938583287
1,0.5,0.2,0.5,0.4,-0.2,1.05626750741799,0.502620524624446,0.0141203918956274,0.540497248302648,0.421484531906344,-0.230230899021344,NA,NA,NA,NA,NA,NA,0.171485096991857,0.14702866757861,0.0826040441283946,0.20811509272789,0.160528708619458,1.0250083383464
1,0.5,0.2,0.5,0.4,-0.2,1.04350419906444,0.313244748148296,0.169017039060846,0.408537164224059,0.512572880393829,-0.820094852428486,NA,NA,NA,NA,NA,NA,0.197411447236784,0.165239424028516,0.0746631349103194,0.163648914765438,0.137182523056637,1.1055657920177
1,0.5,0.2,0.5,0.4,-0.2,1.01510352315136,0.639467237015587,0.28428926378067,0.605266416623101,0.166398018040852,-0.187878951048604,NA,NA,NA,NA,NA,NA,0.153024028781754,0.135710301083768,0.0793012136761882,0.161803855163947,0.148188690809751,0.469268650938014
1,0.5,0.2,0.5,0.4,-0.2,0.656781348559391,0.732687756212277,0.16477393248896,0.425831708039301,0.62780392309742,-1.79239213496964,NA,NA,NA,NA,NA,NA,0.191761657255818,0.160975063394274,0.0652348067933552,0.15845223447474,0.16251549780527,1.57284080698062
1,0.5,0.2,0.5,0.4,-0.2,0.90757551397909,0.647280930894143,0.269450079849106,0.557252935598969,0.260842339470883,-0.326912708312515,NA,NA,NA,NA,NA,NA,0.161987709161868,0.152315734925033,0.108778355626909,0.192227791327341,0.160480349087051,0.752254081790543
1,0.5,0.2,0.5,0.4,-0.2,1.27132271615318,0.248767654400387,0.133441278052649,0.479220314997251,0.336856638900392,0.172143910214334,NA,NA,NA,NA,NA,NA,0.190100404259286,0.168096761611949,0.104440690890783,0.239257893311869,0.138670258631513,0.848529597739794
1,0.5,0.2,0.5,0.4,-0.2,1.02214572734547,0.467010579270484,0.166474161573454,0.88786210585614,0.276779552887114,0.866759084292085,NA,NA,NA,NA,NA,NA,0.153835545906465,0.145069158417061,0.0963810408673844,0.31092379855233,0.251792563467998,0.420273406180919
1,0.5,0.2,0.5,0.4,-0.2,1.13803391227158,0.558110542541391,0.293943578278083,0.493189186781244,0.348611283301697,-0.083557758771189,NA,NA,NA,NA,NA,NA,0.208219814422077,0.19069415574258,0.113728831666569,0.326282787583561,0.186958020288537,1.74975344469943
1,0.5,0.2,0.5,0.4,-0.2,0.894737669112107,0.647130638060253,0.233320128589204,0.3641805052594,0.370300666534001,-1.1320198429504,NA,NA,NA,NA,NA,NA,0.199439589613532,0.176964235496662,0.105386118061473,0.181359430995431,0.173667567614109,1.32565235957014
1,0.5,0.2,0.5,0.4,-0.2,0.611622817506315,0.876494593521248,0.150500674197669,0.840106947242577,0.43400449191853,-0.631838649583016,NA,NA,NA,NA,NA,NA,0.131180387727537,0.106308979886994,0.057482220410986,0.148019047759049,0.15180766150446,0.489091069740122
1,0.5,0.2,0.5,0.4,-0.2,0.841535056615105,0.70844155736121,0.284629679875511,0.544771086451167,0.256219063476198,-0.928725867824198,NA,NA,NA,NA,NA,NA,0.158375349664856,0.141421353901019,0.0970347768531423,0.155007176239206,0.149192352827187,0.734510838544286
1,0.5,0.2,0.5,0.4,-0.2,1.21055477017299,0.236392134341849,0.0606376858081795,0.797213092315569,0.484300447161213,0.934970928254927,NA,NA,NA,NA,NA,NA,0.15396616617398,0.116920877904027,0.0624503885258164,0.240206102588732,0.132155008491094,0.40809111126221
1,0.5,0.2,0.5,0.4,-0.2,1.10817801016661,0.525184760065801,0.170072694164611,0.475330974141521,0.267864260963439,0.203760938456949,NA,NA,NA,NA,NA,NA,0.182764660913111,0.149833091605927,0.100819477000744,0.23772739448782,0.12913282507752,0.705097722923955
1,0.5,0.2,0.5,0.4,-0.2,0.956775798634071,0.32217292686411,0.192597796515918,1.28812883616913,0.212274895916036,0.824736503204844,NA,NA,NA,NA,NA,NA,0.0980546793018158,0.0944134978558248,0.064852478841348,0.242214151100093,0.194896723299968,0.212191261421754
1,0.5,0.2,0.5,0.4,-0.2,1.03706916387786,0.491712246623748,0.151224798942547,0.880936155420896,0.519627433676091,0.955857162959196,NA,NA,NA,NA,NA,NA,0.156973441575059,0.126115844425795,0.0482627359572586,0.2083233748275,0.172836869436576,0.24139728985515
1,0.5,0.2,0.5,0.4,-0.2,1.37291430105288,0.292771614692416,0.20981552722782,0.287977159445639,0.478899241819333,0.0633592370549741,NA,NA,NA,NA,NA,NA,0.234448331090298,0.184863250203424,0.0880860518623783,0.211547377577904,0.146763559275369,0.931761685241178
1,0.5,0.2,0.5,0.4,-0.2,0.792244841262834,0.538359147267208,0.185938111759327,0.548327319146303,0.415999073929273,-1.77535614263322,NA,NA,NA,NA,NA,NA,0.165804425932336,0.166157284791978,0.0749951776887549,0.160955575457338,0.157823330694291,1.69637957828179
1,0.5,0.2,0.5,0.4,-0.2,0.999454683961288,0.438368380258081,0.200842319609585,0.471888178035472,0.491167003928868,-0.453265530521207,NA,NA,NA,NA,NA,NA,0.186063467882275,0.148391976213384,0.0983953362815144,0.192856314770028,0.143933200114075,1.01685232175496
1,0.5,0.2,0.5,0.4,-0.2,1.15544448470791,0.37906241338516,0.282262531987879,0.540706775793377,0.492791588842731,-0.0247476932227275,NA,NA,NA,NA,NA,NA,0.179149276854237,0.163937043299747,0.0854894231940225,0.156454571999542,0.125943394325453,0.632456105697634
1,0.5,0.2,0.5,0.4,-0.2,1.39347278154222,0.195147188147759,0.149521488318945,0.339246566926363,0.542880939643172,-0.299228099922259,NA,NA,NA,NA,NA,NA,0.234569180205397,0.227618557934414,0.107623741298181,0.221647972191733,0.158418646618171,1.49019184671725
1,0.5,0.2,0.5,0.4,-0.2,0.941060130725384,0.712757346944222,0.0807757623015244,0.611130595877279,0.223904757220137,-0.500853913073729,NA,NA,NA,NA,NA,NA,0.151369152367623,0.140243488247922,0.117367103030719,0.186742306503646,0.191959683048404,0.806987809411893
1,0.5,0.2,0.5,0.4,-0.2,0.84829769904968,0.735173057909704,0.0322132734784237,0.703062319497379,0.174494490870787,-0.379842779956056,NA,NA,NA,NA,NA,NA,0.141603033094658,0.152938099120423,0.0941509834497111,0.193583626245266,0.187136842484315,0.688200002227877
1,0.5,0.2,0.5,0.4,-0.2,1.01064184071509,0.372575262141867,0.0785667366597611,0.4085502520819,0.555111743188209,-0.642137350929172,NA,NA,NA,NA,NA,NA,0.195211006738556,0.145263113694483,0.0894042864609097,0.165656204009735,0.138176825746002,0.810601778109446
1,0.5,0.2,0.5,0.4,-0.2,1.01888508301419,0.522888538020919,0.228296324994963,0.435284972206845,0.427767314819834,-0.397072611158363,NA,NA,NA,NA,NA,NA,0.195378198479812,0.161586978193451,0.0894972297585081,0.173966872113107,0.134497840439559,0.788892976381059
1,0.5,0.2,0.5,0.4,-0.2,0.994162257460448,0.407969595946997,0.249720277439094,0.218269202954637,0.652638702173069,-2.95990389932683,NA,NA,NA,NA,NA,NA,0.247551717270414,0.229652036760575,0.102851820261631,0.191772639451659,0.237991726384957,5.29006350767409
1,0.5,0.2,0.5,0.4,-0.2,0.83506690536751,0.605705342941935,0.250870509314045,1.192015875356,0.0493006809311154,0.700077224366321,NA,NA,NA,NA,NA,NA,0.113910705526598,0.114072811945366,0.0732021870455716,0.241758183818596,0.266735552680001,0.254557190295324
1,0.5,0.2,0.5,0.4,-0.2,0.723978675672776,0.634216583717262,0.0803829833946059,0.706551979752976,0.326600766135968,-0.0380301822993344,NA,NA,NA,NA,NA,NA,0.162255636956988,0.152726953799536,0.0880062104458833,0.268014052998386,0.192506657043713,0.832758829615325
1,0.5,0.2,0.5,0.4,-0.2,0.931225957188332,0.730455959432736,0.0519297290153799,0.862712057497461,-0.133773133126322,0.170171196476238,NA,NA,NA,NA,NA,NA,0.123391693309067,0.148236291458094,0.0770175198337932,0.200981880911628,0.236090553788474,0.315717412199108
1,0.5,0.2,0.5,0.4,-0.2,0.485232367311838,1.03070627413355,0.21385813156716,0.859821826039961,-0.0134488641136842,-0.110772287453403,NA,NA,NA,NA,NA,NA,0.141510130883102,0.147945484901047,0.0768632136344784,0.17754463368048,0.186239070560168,0.349291342065871
1,0.5,0.2,0.5,0.4,-0.2,1.08636416926909,0.633827375673122,0.124053342564884,0.228952826050335,0.409175611800212,-1.57099370787836,NA,NA,NA,NA,NA,NA,0.23264625112004,0.217504649854285,0.107243712329181,0.174670821654167,0.142533292155003,1.46087100195049
1,0.5,0.2,0.5,0.4,-0.2,1.14177378621381,0.848030355787597,0.322224194382858,0.469202050046765,0.140495109898573,0.0969611359918582,NA,NA,NA,NA,NA,NA,0.183512326401291,0.169591100441067,0.133187892641111,0.269197189200064,0.21983695388893,0.951433496596049
1,0.5,0.2,0.5,0.4,-0.2,1.26784238803633,0.598304240462423,0.1157624274002,0.209690765024213,0.373063454356651,-1.66238011016831,NA,NA,NA,NA,NA,NA,0.222028363986911,0.196483480668987,0.105007893121406,0.182821849625652,0.178916492437987,2.49937085736055
1,0.5,0.2,0.5,0.4,-0.2,0.978933408910589,0.540367850419137,0.157398572312926,0.600155645711524,0.421356375223422,0.202615886488341,NA,NA,NA,NA,NA,NA,0.169310275586739,0.148427063388867,0.0841862722386094,0.23921758732898,0.160612759656888,0.6808255941178
1,0.5,0.2,0.5,0.4,-0.2,0.845752860974152,0.335033275209918,0.235396601572268,0.539482247565834,0.596672984153242,-1.0483018727092,NA,NA,NA,NA,NA,NA,0.179434712568502,0.155915826698323,0.0786243315754674,0.156727911963168,0.144264382040762,1.15762602252562
1,0.5,0.2,0.5,0.4,-0.2,1.22808599923371,0.335297959736506,0.181002421713946,0.390009825682914,0.487851601213492,-0.0661608330592658,NA,NA,NA,NA,NA,NA,0.211109745078442,0.195616920409585,0.109058336215605,0.276581630417221,0.130784861688251,1.56792666481615
1,0.5,0.2,0.5,0.4,-0.2,1.41831152741845,0.185988172075449,0.156017190981918,0.325348186010967,0.539682136930644,-0.160377745550861,NA,NA,NA,NA,NA,NA,0.255715394472894,0.240632017603207,0.0925466421482978,0.178474335590214,0.166938798398169,0.809923719087403
1,0.5,0.2,0.5,0.4,-0.2,1.07466994637518,0.342222418680665,0.0434169624609317,0.877013564682623,0.257053734813789,0.526571734535449,NA,NA,NA,NA,NA,NA,0.135828732669822,0.148758620393612,0.0615767959006387,0.352631426767313,0.272116839586342,0.689074417228284
1,0.5,0.2,0.5,0.4,-0.2,1.17362008098016,0.453799333653568,0.15937354101062,0.305454316559924,0.450035695955323,-0.882489221202183,NA,NA,NA,NA,NA,NA,0.212692930238845,0.171370873739971,0.0977205483707549,0.169857981566421,0.139418101431523,1.29419795035923
1,0.5,0.2,0.5,0.4,-0.2,0.945195900565298,0.556904246284341,0.231538770732851,0.356197285224538,0.593609175833067,-2.18770634006612,NA,NA,NA,NA,NA,NA,0.210798541359806,0.192370133898533,0.0840585970351465,0.159145908214818,0.161358048202686,2.0972467913697
1,0.5,0.2,0.5,0.4,-0.2,0.804348748794917,0.50328165218437,0.101533965259593,0.630372306620241,0.559829654027211,-0.593553321241492,NA,NA,NA,NA,NA,NA,0.158411748225635,0.116578596523763,0.0498329913180557,0.245616922404478,0.237516783964171,1.53648893008724
1,0.5,0.2,0.5,0.4,-0.2,1.06654946006074,0.363446333926862,0.10008562694745,0.888219165098331,0.49876002463718,0.814877496075362,NA,NA,NA,NA,NA,NA,0.152147371595463,0.125811125765595,0.0589069383448993,0.237970928816602,0.131053626166986,0.395093336222429
1,0.5,0.2,0.5,0.4,-0.2,1.13276194738003,0.354342352383356,0.240043537349628,0.666742910378002,0.492489232991632,0.547657092822201,NA,NA,NA,NA,NA,NA,0.172093229906222,0.132379563547741,0.0810694524400809,0.184634916337325,0.151738912353809,0.360369091875161
1,0.5,0.2,0.5,0.4,-0.2,1.31021716803889,0.334360807999166,0.165638944596964,0.255918370823725,0.506821019998733,-0.183831356068578,NA,NA,NA,NA,NA,NA,0.230918171334757,0.154181385361974,0.104520205451264,0.208896115611134,0.127399517881276,0.979598357483791
1,0.5,0.2,0.5,0.4,-0.2,0.992549294623053,0.317742520822458,0.0981005016517286,0.509761778278402,0.63513046249259,-0.0292144097339883,NA,NA,NA,NA,NA,NA,0.182832952255117,0.15697713936158,0.0640634994559388,0.176069358205213,0.116963723436104,0.636889292202347
1,0.5,0.2,0.5,0.4,-0.2,1.282565942659,0.293131095633153,0.217465654059639,0.300530555048146,0.574208762859576,-0.811738207536325,NA,NA,NA,NA,NA,NA,0.235789588097087,0.240920078482432,0.110216364204031,0.316455285021314,0.185706434090277,3.23248327271056
1,0.5,0.2,0.5,0.4,-0.2,0.948856269780058,0.472042261638569,0.257489523978279,0.80846906775194,0.348941223231118,0.458003318300041,NA,NA,NA,NA,NA,NA,0.157190190695647,0.159555588377231,0.08682235065165,0.244294582699737,0.250093009708507,0.469035407490778
1,0.5,0.2,0.5,0.4,-0.2,0.85115159110101,0.699509453500353,0.25092350545423,0.456205640121991,0.422356506655239,-0.868660255541932,NA,NA,NA,NA,NA,NA,0.192736938005667,0.170694058373553,0.101624337616554,0.148442283081659,0.130180064855914,0.703939081038509
1,0.5,0.2,0.5,0.4,-0.2,1.01008043648704,0.432770749581392,0.220956256974099,0.618490494113888,0.381736723037214,0.396772234714529,NA,NA,NA,NA,NA,NA,0.181731365689296,0.181436749566068,0.0933926108415849,0.20198596134135,0.161720519109713,0.518618831867672
1,0.5,0.2,0.5,0.4,-0.2,0.852476210837205,0.533746905410503,0.240570341640787,0.961760151759945,0.251879295292058,0.470141200755495,NA,NA,NA,NA,NA,NA,0.123226062185017,0.120213471798275,0.060595767483735,0.231017108126107,0.21475747563695,0.318488620289726
1,0.5,0.2,0.5,0.4,-0.2,0.662167742190438,0.790201592147873,0.0305307352148278,0.943469641094932,-0.0455822711309069,0.122173171317858,NA,NA,NA,NA,NA,NA,0.14189064234134,0.137593798157617,0.098330775825482,0.33598923020861,0.327278640461955,0.537736994264745
1,0.5,0.2,0.5,0.4,-0.2,0.896188390007748,0.600161154483858,0.2089585587207,0.899501460579288,0.0465404371425654,0.608077846617602,NA,NA,NA,NA,NA,NA,0.139084724749431,0.120143796059296,0.0877198543455216,0.202046814898348,0.188614840618619,0.332059453489902
1,0.5,0.2,0.5,0.4,-0.2,0.796922007792641,0.643828044599598,0.130572771049478,0.421941911637081,0.547565678973613,-2.12793547237913,NA,NA,NA,NA,NA,NA,0.191062918020195,0.151031293698234,0.0920411235745974,0.0457644118902295,0.0423924239203251,NA
1,0.5,0.2,0.5,0.4,-0.2,1.29651574471967,0.505496696156944,0.294394558756699,0.432764393561075,0.568702008781626,-0.2443823945066,NA,NA,NA,NA,NA,NA,0.199973115470603,0.144967316007402,0.0785234155528184,0.217828513487413,0.147223229721659,1.30893940378649
1,0.5,0.2,0.5,0.4,-0.2,1.1504185909412,0.437825671711546,0.218320359978555,0.231274503580266,0.620325408179634,-1.40654492103909,NA,NA,NA,NA,NA,NA,0.256326865355093,0.244727462956547,0.0775274588949439,0.168165316113164,0.162890158204487,1.86309031241374
1,0.5,0.2,0.5,0.4,-0.2,0.775033285238447,0.71764532395818,0.186561005119405,0.669487448257581,0.323787932836439,-0.532900145522572,NA,NA,NA,NA,NA,NA,0.153310338042351,0.164358279032566,0.076308320071726,0.190858570761656,0.165224528311633,0.895446523955317
1,0.5,0.2,0.5,0.4,-0.2,0.94029543389546,0.397860721836791,0.3223319996517,0.667990883268824,0.249406493471283,0.51256467121667,NA,NA,NA,NA,NA,NA,0.173858767390383,0.146285927727918,0.125155232265484,0.219928219782857,0.175933382141551,0.447072497985297
1,0.5,0.2,0.5,0.4,-0.2,1.06006593691444,0.351870462972214,0.142385057068841,0.948588556584452,0.208035234776307,0.973540078596578,NA,NA,NA,NA,NA,NA,0.14317207004125,0.118937083746566,0.0833619300810193,0.41134857006813,0.232126295003147,0.491776093346222
1,0.5,0.2,0.5,0.4,-0.2,1.03080369340572,0.442292808712746,0.13620280567602,0.360003129193391,0.455210969419981,-0.87733215309592,NA,NA,NA,NA,NA,NA,0.216327331224082,0.193024254494727,0.111632243235549,0.182718779248773,0.162543990421721,1.05733275531683
1,0.5,0.2,0.5,0.4,-0.2,0.979875201062288,0.404326990538759,0.260638353181748,0.631732071749899,0.589189497035092,0.00975182451376045,NA,NA,NA,NA,NA,NA,0.168450040875832,0.126437893357586,0.0562638128096899,0.161763393282797,0.124772285280584,0.563508146064411
1,0.5,0.2,0.5,0.4,-0.2,1.05287493321261,0.417162368721,0.0964506763940954,0.352463943232709,0.421386538522637,-0.131291192163061,NA,NA,NA,NA,NA,NA,0.213593906587521,0.18839769369159,0.0685621279526929,0.211890889627507,0.131394633291886,0.906763920495572
1,0.5,0.2,0.5,0.4,-0.2,0.701242904212399,0.663873751595454,0.134194315510824,0.732579566816002,0.592692470434869,0.185901277975698,NA,NA,NA,NA,NA,NA,0.172974041912792,0.159390773707322,0.05932631418442,0.175260748890204,0.12482209471866,0.417165171642777
1,0.5,0.2,0.5,0.4,-0.2,1.45305661984183,0.306396561969717,0.153559358606728,0.132161744868233,0.502109865186667,-0.332885338553418,NA,NA,NA,NA,NA,NA,0.287121032586574,0.203746379545641,0.106608027256854,0.186738955229913,0.146107592867606,1.02683752486357
1,0.5,0.2,0.5,0.4,-0.2,0.803828540615614,0.747722465996974,0.0982803074569121,0.74349064887091,0.0556040360674085,-0.0711345723816479,NA,NA,NA,NA,NA,NA,0.138192430271394,0.145022925381784,0.0718762219621157,0.163622327024095,0.170727029454149,0.432203118406872
1,0.5,0.2,0.5,0.4,-0.2,0.957327415306298,0.552934390975552,0.327897318040109,0.542595673195884,0.402935574361342,-0.749358945440753,NA,NA,NA,NA,NA,NA,0.186723915937947,0.185749343337441,0.0969890310369476,0.17671498927972,0.189288663254083,0.836955103251355
1,0.5,0.2,0.5,0.4,-0.2,1.05549868554343,0.588895909292747,0.141609582911904,0.775740661152363,0.179404488311123,0.692335016440156,NA,NA,NA,NA,NA,NA,0.153099621736565,0.143934660585146,0.0972282545788233,0.289607861159075,0.186990676961872,0.440519248568123
1,0.5,0.2,0.5,0.4,-0.2,1.10555052147035,0.348523888715128,0.204996176698671,0.504829044942268,0.491743556865247,0.043082562714405,NA,NA,NA,NA,NA,NA,0.200488111179799,0.148204845707464,0.0788989524656358,0.202554843192271,0.148578697669012,0.852217394581806
1,0.5,0.2,0.5,0.4,-0.2,0.559755612819024,0.840540086735663,0.201836413680803,0.97453401997322,0.125201303858654,0.0201379533087974,NA,NA,NA,NA,NA,NA,0.132621647785551,0.13587633983199,0.0935491083921292,0.190559448739513,0.196746313322775,0.364187151182469
1,0.5,0.2,0.5,0.4,-0.2,0.892900861799717,0.71169203171687,0.283638656765062,0.40463248433625,0.26753198071955,-0.975353190015993,NA,NA,NA,NA,NA,NA,0.189571406275668,0.199190941195825,0.0960039390389567,0.181053760025608,0.185570971986267,1.02117555516107
1,0.5,0.2,0.5,0.4,-0.2,1.1851430751893,0.294255689604305,0.100694456376963,0.287303128770379,0.569313523797801,-1.30294986975088,NA,NA,NA,NA,NA,NA,0.231040455685829,0.172646429362115,0.0919514683332615,0.183704864916972,0.149142135268205,1.59893845695803
1,0.5,0.2,0.5,0.4,-0.2,1.02718167182924,0.490774265355922,0.353954856830569,0.790915958512519,0.175689249852049,0.442344913972007,NA,NA,NA,NA,NA,NA,0.138687032955272,0.129174109089908,0.105324487041028,0.188168826652632,0.147206367714976,0.404765903155031
1,0.5,0.2,0.5,0.4,-0.2,1.49524546963565,0.429652341879456,0.0173663817287896,0.27985254711321,0.376205959575411,-1.696068034823,NA,NA,NA,NA,NA,NA,0.201452829330666,0.183577943910965,0.11551142457069,0.170973569402808,0.136376182014076,2.81651939263898
1,0.5,0.2,0.5,0.4,-0.2,0.721334366530434,0.927632239767978,0.116610115055343,0.469040313445603,0.226938906283416,-0.871662826835841,NA,NA,NA,NA,NA,NA,0.178843361079655,0.194430932085177,0.0970047876384502,0.197505528837336,0.233695533057679,0.977173870311912
1,0.5,0.2,0.5,0.4,-0.2,0.667854298889119,0.64126754135774,0.19181569624965,0.990657810419712,0.247082851921022,0.150643359756542,NA,NA,NA,NA,NA,NA,0.118202041636116,0.0868597891278156,0.0872816155151333,0.240141128109728,0.229756912519499,0.432256510458267
1,0.5,0.2,0.5,0.4,-0.2,0.764377864023389,0.654709394263242,0.32725790987007,0.694066730019554,0.111922106557916,-0.538894047937512,NA,NA,NA,NA,NA,NA,0.133062985407899,0.127762320359535,0.0976680978723049,0.219463948639142,0.182300078717967,0.983778637731596
1,0.5,0.2,0.5,0.4,-0.2,0.90300143594306,0.525597579941744,0.189536837097713,0.849375088031929,0.257922076792129,0.0943944612025216,NA,NA,NA,NA,NA,NA,0.130074309954341,0.116682592303356,0.0671025413237657,0.210994254742623,0.18198684336821,0.507213755768125
1,0.5,0.2,0.5,0.4,-0.2,1.03163308393091,0.517458807377195,0.47316271540872,0.482888215599602,0.601799204386246,-1.24597124425844,NA,NA,NA,NA,NA,NA,0.186686459443252,0.149114593145226,0.0888846623227209,0.153153495366658,0.163012379837371,1.36395386584929
1,0.5,0.2,0.5,0.4,-0.2,0.913942527173989,0.373063067872087,0.249148923911754,0.682771923637964,0.398133663449581,0.22912782097451,NA,NA,NA,NA,NA,NA,0.161289558708484,0.119328631832222,0.0640679845240294,0.158582786634487,0.103457983399132,0.334172635697819
1,0.5,0.2,0.5,0.4,-0.2,0.981215173825423,0.656788807742894,0.244524559401796,0.876211775679927,0.0716250973587904,0.453929483951893,NA,NA,NA,NA,NA,NA,0.130901348310694,0.124150621877695,0.0957889057823969,0.242302371237728,0.193234160421145,0.383991966187666
1,0.5,0.2,0.5,0.4,-0.2,0.870929027346705,0.467821846495149,0.268015654704303,0.627032209616108,0.414744107485023,0.0501725712825027,NA,NA,NA,NA,NA,NA,0.173769050565619,0.13737276529661,0.0810895541036034,0.180300187149338,0.160971437902202,0.481988295750278
1,0.5,0.2,0.5,0.4,-0.2,1.13617029579692,0.414051951477827,0.347994827764255,0.513516282119594,0.233581520080887,0.160211335842727,NA,NA,NA,NA,NA,NA,0.173869229264609,0.14335919326581,0.113257578692793,0.195283664092074,0.126143563769088,0.600501466075572
1,0.5,0.2,0.5,0.4,-0.2,0.944999023125876,0.439098854305786,0.218019343211522,0.855294019006958,0.472429787126662,0.403949972507771,NA,NA,NA,NA,NA,NA,0.159144406011969,0.142515511789489,0.0688935995106432,0.201176614693737,0.19643864918688,0.317776231140933
1,0.5,0.2,0.5,0.4,-0.2,1.23986703439665,0.312022938215078,0.135112519777098,0.664672300882742,0.413486077996368,0.686536881436019,NA,NA,NA,NA,NA,NA,0.175061011789329,0.137963608002573,0.09082788721421,0.253391510942449,0.120484287655145,0.701978176340878
1,0.5,0.2,0.5,0.4,-0.2,0.760103253056373,0.45299364408851,0.527932035978187,0.566304941585226,0.37446497025235,-1.9406385491685,NA,NA,NA,NA,NA,NA,0.158528034331905,0.143747558854181,0.0993216779692907,0.138956205830127,0.149025760572291,1.20988277894456
1,0.5,0.2,0.5,0.4,-0.2,0.805889321568306,0.479317603096512,0.178293719146546,0.495524062002155,0.601306776046127,-1.18796386076245,NA,NA,NA,NA,NA,NA,0.185486894742124,0.142882116706557,0.0708398107662783,0.172743792579596,0.179855422019279,1.92259246326857
1,0.5,0.2,0.5,0.4,-0.2,1.09478389357918,0.592559024046107,0.328062639845578,0.633114950309456,0.256896341094586,-0.187714369234729,NA,NA,NA,NA,NA,NA,0.151120350302049,0.154345738979151,0.0859174809983258,0.163615609232081,0.147118529428709,0.711335011318306
1,0.5,0.2,0.5,0.4,-0.2,0.928207489883863,0.670844191210353,0.197257524766659,0.204283375300498,0.522113517419488,-2.90743125454904,NA,NA,NA,NA,NA,NA,0.207046552492519,0.146759795329655,0.118522126818175,NA,NA,NA
1,0.5,0.2,0.5,0.4,-0.2,1.67396033154157,-0.0212076389252981,0.161413150507021,0.986018644947486,0.754751201618276,1.49086270502096,NA,NA,NA,NA,NA,NA,0.133525580932607,0.0942898128635994,0.0535718593999296,0.197160515908954,0.168014154188475,0.163674028192105
1,0.5,0.2,0.5,0.4,-0.2,0.887772128824853,0.62654847322148,0.232542338386065,0.844450361652653,-0.0086070234251084,0.346815334510461,NA,NA,NA,NA,NA,NA,0.132718645153786,0.165715699256844,0.0845995401822605,0.184702402877596,0.181823250650067,0.34503428423289
1,0.5,0.2,0.5,0.4,-0.2,1.01216561982085,0.413379744142556,0.322330803825229,0.48053882254224,0.432141252430964,-0.160505690790992,NA,NA,NA,NA,NA,NA,0.192456656184387,0.171534933196935,0.0930924461740542,0.199167622726292,0.155194591405739,0.805443530240789
1,0.5,0.2,0.5,0.4,-0.2,0.741033735029393,0.536164589169964,0.329718972249992,0.633775545029581,0.570252570363102,-1.252358062324,NA,NA,NA,NA,NA,NA,0.164817561373681,0.163851977126004,0.056386749567671,0.146775252346291,0.152355862477805,1.17094443608594
1,0.5,0.2,0.5,0.4,-0.2,0.589229384305244,0.575687124218125,0.147796664683458,0.648230158111335,0.40891625617631,-0.493997942492933,NA,NA,NA,NA,NA,NA,0.152686313734022,0.133483895780045,0.0754768218828795,0.18943395743293,0.140848524519453,0.637095377335709
1,0.5,0.2,0.5,0.4,-0.2,0.735686956537325,0.426593245214682,0.243559772661461,1.06414296646829,0.681483189315396,0.17051215087746,NA,NA,NA,NA,NA,NA,0.124250855892058,0.1021905908962,0.0393957997405479,0.19638456428672,0.18490904881694,0.360061635797371
1,0.5,0.2,0.5,0.4,-0.2,1.39018118459767,0.321679385597146,0.251933429882609,0.345689623854265,0.544852958657768,-0.358862032476584,NA,NA,NA,NA,NA,NA,0.222355959933285,0.180650934351841,0.0949156335329777,0.166689192851425,0.143393296365446,0.946729025941334
1,0.5,0.2,0.5,0.4,-0.2,0.634754993636565,0.769294541524035,0.203145787719981,0.727039446464634,0.28637197203271,-0.404407498745013,NA,NA,NA,NA,NA,NA,0.144324146928689,0.116450846742613,0.0714002986176254,0.183962348078217,0.170052896483929,0.638190181733489
1,0.5,0.2,0.5,0.4,-0.2,1.10445507055782,0.614244628847392,0.254188111973006,0.574787487686282,0.209019202388796,0.0332616725727101,NA,NA,NA,NA,NA,NA,0.163549186210981,0.165950083764818,0.109334016508779,0.195310820588482,0.184405976466833,0.584584447257173
1,0.5,0.2,0.5,0.4,-0.2,0.700272821535773,0.769866865780487,0.0507986557303726,0.837092403812619,0.275123371980706,0.201938213351601,NA,NA,NA,NA,NA,NA,0.159308374384983,0.140842224389764,0.0616725042888654,0.260033927068425,0.192171976474501,0.643721025603307
1,0.5,0.2,0.5,0.4,-0.2,0.742634551501072,0.924996584363609,0.194544032735395,0.691094762812357,0.294082766065861,-0.689235111721803,NA,NA,NA,NA,NA,NA,0.14661527567945,0.144592262643722,0.0857568160916091,0.209170542132851,0.245345321696686,0.813344579870588
1,0.5,0.2,0.5,0.4,-0.2,0.917401216934441,0.580397436898727,0.258159010034607,0.347280420540193,0.533835132265783,-1.83947695081965,NA,NA,NA,NA,NA,NA,0.18791014295403,0.136393172744979,0.0941718215572385,0.159391854516429,0.145600077822527,2.038379474792
1,0.5,0.2,0.5,0.4,-0.2,0.86745608567262,0.50026917023894,0.351772985195047,0.412873239769937,0.456739334065995,-0.889785764533113,NA,NA,NA,NA,NA,NA,0.186199434185053,0.139003857663971,0.139324801822421,0.227406869300104,0.11599422215067,1.45544870698981
1,0.5,0.2,0.5,0.4,-0.2,0.819414887129145,0.641421641512873,0.168930327927057,0.346678014878507,0.485371504575794,-1.38398259996012,NA,NA,NA,NA,NA,NA,0.200943215758668,0.139715813044564,0.0688491344407973,0.172765617488324,0.147204217416971,1.56086375983169
1,0.5,0.2,0.5,0.4,-0.2,1.0701128959501,0.370600759901986,0.247259933045831,1.03691169516717,0.235887891747658,0.799282748340881,NA,NA,NA,NA,NA,NA,0.118122899035424,0.12102108150953,0.0808298783788785,0.292924455796405,0.227164210801042,0.333525468913287
1,0.5,0.2,0.5,0.4,-0.2,1.43076856246971,0.098549433282577,0.165103745456355,0.152733088947407,0.613832300960148,-3.93531964661423,NA,NA,NA,NA,NA,NA,0.225770172052773,0.182813209443602,0.103002093359365,0.106987373904406,0.087509112515373,0.503384038098117
1,0.5,0.2,0.5,0.4,-0.2,1.29132240125263,0.36005510028152,0.0951469994316614,0.253170006169178,0.467645048097586,-1.04159186831688,NA,NA,NA,NA,NA,NA,0.234861867374372,0.199934734603023,0.113361412386558,0.203549914535597,0.166189410571521,2.00227510369232
1,0.5,0.2,0.5,0.4,-0.2,0.896654183458629,0.728645089900861,0.00110024518141457,0.503652626939428,0.432508043180518,-1.71599447623599,NA,NA,NA,NA,NA,NA,0.169298156490884,0.137420039735868,0.0675158140840136,0.155616565663441,0.155565940997984,1.50903648242964
1,0.5,0.2,0.5,0.4,-0.2,0.90874567205797,0.521310128642242,0.130326676886847,0.93190381058904,0.276745123672044,0.647401351164182,NA,NA,NA,NA,NA,NA,0.133350189759753,0.118739147066227,0.0833051866734686,0.26908639672936,0.214913503085072,0.385341078983308
1,0.5,0.2,0.5,0.4,-0.2,0.898492743875178,0.63806085819275,0.5343457163783,0.532316149342674,0.454233996162856,-0.387713365566348,NA,NA,NA,NA,NA,NA,0.177807650761322,0.16294008395277,0.102562337879116,0.158037630324475,0.140430667343263,0.59405744825239
1,0.5,0.2,0.5,0.4,-0.2,0.987925249681724,0.409191798489462,0.228705775443275,0.721949278815841,0.432662346152184,0.209885720231482,NA,NA,NA,NA,NA,NA,0.155213783352672,0.13236644530481,0.0914327798343033,0.197684201327835,0.156907100869552,0.482054536850919
1,0.5,0.2,0.5,0.4,-0.2,0.784896282569072,0.802065240361511,0.168764069105186,0.584790352299876,0.238655945659329,-0.24008397042309,NA,NA,NA,NA,NA,NA,0.163934806007038,0.152404845014189,0.0870727771928521,0.163809323337129,0.134303638139458,0.463578657374795
1,0.5,0.2,0.5,0.4,-0.2,0.660193047066086,0.656483482421271,0.0760520117956652,0.629078662116452,0.530511050116557,-0.283472730198135,NA,NA,NA,NA,NA,NA,0.174436117947232,0.13633537976819,0.0928745487012843,0.174691015240879,0.136004241707809,0.70415709802489
1,0.5,0.2,0.5,0.4,-0.2,0.987602334565372,0.488438026283941,0.203203495102343,0.969930529117998,0.108435917997422,0.503939052061086,NA,NA,NA,NA,NA,NA,0.11528562556155,0.110101521579902,0.0783824501201434,0.253951395339931,0.195322309742622,0.449934041038664
1,0.5,0.2,0.5,0.4,-0.2,0.855052018093832,0.784218129557586,0.0957401424589987,0.745359779073667,-0.145658688479262,0.180000055183839,NA,NA,NA,NA,NA,NA,0.139546001142202,0.160780965002334,0.0943200492436499,0.313818709974964,0.230830555641971,0.557907133418115
1,0.5,0.2,0.5,0.4,-0.2,0.873363091188804,0.465551390075334,0.127868826991897,0.89110808359244,0.604809818781239,0.202797392067049,NA,NA,NA,NA,NA,NA,0.129054641620234,0.0913641916480862,0.0517402505866735,0.192466903934188,0.140110105181021,0.448247404069827
1,0.5,0.2,0.5,0.4,-0.2,1.1519953838349,0.426019761178926,0.257004957560949,0.328288697371314,0.523558470297686,-0.653819440165636,NA,NA,NA,NA,NA,NA,0.212095990343225,0.159263768554493,0.0858654424187632,0.163161852609202,0.130015043623816,0.960134595493181
1,0.5,0.2,0.5,0.4,-0.2,1.09001337026377,0.494418660400047,0.144430132325783,1.00867470161027,0.108435915489297,1.09911966189043,NA,NA,NA,NA,NA,NA,0.150188946978623,0.143368967774979,0.0835297207583401,0.431895495691896,0.218804190904647,0.456106390121532
1,0.5,0.2,0.5,0.4,-0.2,0.901747441138329,0.29068981061432,0.136998311559727,1.27548429757987,0.403824975936913,0.927675519844466,NA,NA,NA,NA,NA,NA,0.117690245903935,0.116202940797288,0.0595083394586373,0.29173516050546,0.222471450274904,0.258339217070326
1,0.5,0.2,0.5,0.4,-0.2,0.560344948623896,0.824225275784911,0.214571708886666,0.803943970983612,0.0806125359331218,-0.35340585870034,NA,NA,NA,NA,NA,NA,0.128548213679386,0.117938015021125,0.0701689817260591,0.178426347585777,0.171380651269084,0.435842887395958
1,0.5,0.2,0.5,0.4,-0.2,1.06623279396879,0.535208891466513,0.169007445626204,0.552468312503996,0.318929268247882,-0.20635416011296,NA,NA,NA,NA,NA,NA,0.176466599877004,0.164104867425841,0.0996429861247205,0.199500185478653,0.175990886077274,0.710383498243717
1,0.5,0.2,0.5,0.4,-0.2,0.746183052380795,0.55853311227064,0.0215113806145525,0.711975416939199,0.469027883565427,-0.388898423610081,NA,NA,NA,NA,NA,NA,0.149814061388906,0.134043569361173,0.0674358263770265,0.202632825345994,0.150455477913068,0.691038187200154
1,0.5,0.2,0.5,0.4,-0.2,0.826515542214157,0.666125955052102,0.227741506099943,0.47179028496929,0.416287774228959,-1.03524093328138,NA,NA,NA,NA,NA,NA,0.200945914968245,0.202576487258699,0.0759559587871527,0.163522117057822,0.20668067044367,0.875683164907212
1,0.5,0.2,0.5,0.4,-0.2,0.866201312850836,0.646909539679475,0.126542157595312,0.519136234109443,0.535466982167559,-1.14217634489935,NA,NA,NA,NA,NA,NA,0.195827878660946,0.17100040231961,0.0788524136291885,0.205200010928175,0.193485689816795,1.28680537206592
1,0.5,0.2,0.5,0.4,-0.2,0.993770989306568,0.49657353374491,-0.0287276269208202,0.698612890616336,0.205299138713251,0.197224095430883,NA,NA,NA,NA,NA,NA,0.155419336481212,0.159813658069338,0.0895914220963096,0.358548597004541,0.215267085633277,0.96815643761205
1,0.5,0.2,0.5,0.4,-0.2,1.03183958523163,0.6708735880549,0.186484713222825,0.344010411655115,0.394564526416112,-0.981302242281128,NA,NA,NA,NA,NA,NA,0.222526752987627,0.235050924192457,0.111729073161708,0.178689628851936,0.216937886175149,1.02472376797513
1,0.5,0.2,0.5,0.4,-0.2,0.939980054062074,0.638274065444056,0.0898578226561162,0.319220363974854,0.506012271611877,-0.619975535945868,NA,NA,NA,NA,NA,NA,0.220120171925807,0.161775369940098,0.103287478383535,0.17987574585856,0.136956051742441,0.915724754203412
1,0.5,0.2,0.5,0.4,-0.2,1.07408121050333,0.267148369105297,0.192291180515556,0.436274067074513,0.526061119807797,-0.746218186108293,NA,NA,NA,NA,NA,NA,0.186445830796224,0.135157443498008,0.0658325246592685,0.17100434386881,0.127469572848582,1.11409944209864
1,0.5,0.2,0.5,0.4,-0.2,1.04735454302899,0.228484286367524,0.139842763558158,0.557291679700567,0.507130601496558,-0.606412079057244,NA,NA,NA,NA,NA,NA,0.168222744594594,0.150803310680627,0.0611209151474981,0.187042310437941,0.154811225915575,1.32274469633128
1,0.5,0.2,0.5,0.4,-0.2,1.00917731587144,0.56217117806536,0.0185781322022006,0.326579594267091,0.453882179069188,-2.18640275743853,NA,NA,NA,NA,NA,NA,0.217365607114264,0.207565563840171,0.0796627983814006,0.184203818165882,0.188480577891691,2.72489455894896
1,0.5,0.2,0.5,0.4,-0.2,1.20649820765725,0.385207481675947,0.153988302472478,0.18937293070886,0.662878281650293,-0.866891944288069,NA,NA,NA,NA,NA,NA,0.256516496659673,0.200294991809368,0.0824229343512368,0.161536383482997,0.129256201898221,1.24598956912002
1,0.5,0.2,0.5,0.4,-0.2,1.01403272465287,0.47001776300375,0.234313945992109,0.451928979743819,0.588770225696516,-0.416249177713183,NA,NA,NA,NA,NA,NA,0.201432208329532,0.14850353758306,0.0865671451665673,0.162512803260904,0.141902007245444,0.648931172196432
1,0.5,0.2,0.5,0.4,-0.2,0.874615343300324,0.645072031181677,0.115736756245466,0.446239438205791,0.365277193123492,-0.529771220433922,NA,NA,NA,NA,NA,NA,0.205384892598003,0.20970862982216,0.0983924892861865,0.209093008994328,0.200729880193096,0.847981074601576
1,0.5,0.2,0.5,0.4,-0.2,1.00929922420135,0.430363270013232,0.250713157285616,0.569611437901385,0.402588051361514,0.0586773625980034,NA,NA,NA,NA,NA,NA,0.171844980177753,0.138075694561949,0.088289514212865,0.160847539007545,0.112024977701425,0.451868510324396
1,0.5,0.2,0.5,0.4,-0.2,1.08168030394451,0.249003891406593,0.155462811077203,0.406569682953865,0.699977850407092,-0.786802535553735,NA,NA,NA,NA,NA,NA,0.243172624502029,0.201338406961415,0.046869403379472,0.177824671284264,0.167952123103677,1.07294982878301
1,0.5,0.2,0.5,0.4,-0.2,1.06532226200517,0.427982231635497,0.254895809674613,0.372487678509194,0.611229887156586,-1.34837905808392,NA,NA,NA,NA,NA,NA,0.20379898431756,0.159674420135529,0.10000914747171,0.150950314549082,0.149665730032998,1.13572762273199
1,0.5,0.2,0.5,0.4,-0.2,1.09009737222956,0.354386309976006,0.223984967915479,0.653348255443696,0.247580960506939,0.345918123205378,NA,NA,NA,NA,NA,NA,0.154769670478204,0.14369555651494,0.0917527851179313,0.212074739179833,0.146945527852164,0.546949070129773
1,0.5,0.2,0.5,0.4,-0.2,0.90955983290582,0.581485673389886,0.193880768274691,0.504265962187185,0.484549171443396,-0.786944591272679,NA,NA,NA,NA,NA,NA,0.177741915328972,0.139335696706052,0.066882084936363,0.183659813272381,0.156794187231873,1.05671303164405
1,0.5,0.2,0.5,0.4,-0.2,1.37444247560592,0.171729900715564,0.163323882297693,0.345943324561528,0.57967256168768,-0.62476304255397,NA,NA,NA,NA,NA,NA,0.211554308592133,0.171132531351451,0.0996225608937379,0.272465270496067,0.182596571284028,2.60052035565558
1,0.5,0.2,0.5,0.4,-0.2,0.964716922401129,0.540899379102767,0.395382984504639,0.496764999266627,0.522454834829702,-0.445428118487877,NA,NA,NA,NA,NA,NA,0.191485912192086,0.160589040982257,0.0732425036780669,0.203404108290817,0.152292670719552,1.18232820683225
1,0.5,0.2,0.5,0.4,-0.2,0.908014090909289,0.384909962552682,0.0425081978146207,0.707933168386935,0.422073002518604,-0.107790901505534,NA,NA,NA,NA,NA,NA,0.149586429148736,0.125300133111273,0.0708591523940557,0.226707670512191,0.166461363647697,0.798483467963346
1,0.5,0.2,0.5,0.4,-0.2,1.02203931612783,0.50093460671354,0.065951412335187,0.876279710621881,0.239669839321448,0.785934084854556,NA,NA,NA,NA,NA,NA,0.140057011208179,0.117860529712621,0.0818465021878716,0.279427283213695,0.195802608090447,0.359843998280904
1,0.5,0.2,0.5,0.4,-0.2,1.1447777192669,0.551087309918772,0.216177395339277,0.447692274840069,0.364405322890235,-0.417852764420706,NA,NA,NA,NA,NA,NA,0.18616480447274,0.168715045868606,0.0805065486082669,0.205692315138847,0.176796485586098,1.13172781765289
1,0.5,0.2,0.5,0.4,-0.2,0.94016918597258,0.618343817574487,0.362065407102747,0.631143838227746,0.348101243209465,-0.51513648797156,NA,NA,NA,NA,NA,NA,0.151907338702481,0.134347652600582,0.10907837492595,0.213184994738046,0.208246334079165,1.28917020278145
1,0.5,0.2,0.5,0.4,-0.2,0.95930914271381,0.543294567239561,0.174125345697967,0.497631601589886,0.363238756494121,-0.869944223117884,NA,NA,NA,NA,NA,NA,0.179115407249939,0.150990223433476,0.10468546021474,0.222233645701299,0.223211963290577,1.42919560149441
1,0.5,0.2,0.5,0.4,-0.2,0.88549015141033,0.523695803036609,0.407032921637584,0.556374672259117,0.493056236220743,-0.746921644056793,NA,NA,NA,NA,NA,NA,0.169193914268312,0.113257036365262,0.105669153515559,0.173967276526603,0.17247274679457,1.02133088607844
1,0.5,0.2,0.5,0.4,-0.2,0.906129034226328,0.726125215302707,0.16861708178051,0.292739240463087,0.598071829999265,-0.821004754113599,NA,NA,NA,NA,NA,NA,0.250443704382258,0.249741742287556,0.109386934347448,0.241291793874629,0.145536647284891,1.75322420255364
1,0.5,0.2,0.5,0.4,-0.2,0.87952854764374,0.387719827334764,0.282354483100236,0.588232437037589,0.485960207536282,-0.30105631167581,NA,NA,NA,NA,NA,NA,0.171628032881432,0.141726299246371,0.0766403762586247,0.158582446349121,0.122601067855391,0.544140192185473
1,0.5,0.2,0.5,0.4,-0.2,1.09422763472704,0.602839180546231,0.0456761783642445,0.734631103352085,0.0133990787825215,0.338444608680075,NA,NA,NA,NA,NA,NA,0.134651416828676,0.134199525132242,0.0913281388353157,0.217163967370068,0.155935765400715,0.435170121422613
1,0.5,0.2,0.5,0.4,-0.2,0.759605613209381,0.708971891648345,0.152168456850643,0.679222792587517,0.25704338602262,-0.00329132235693886,NA,NA,NA,NA,NA,NA,0.157394654321119,0.159426322793475,0.098881027940071,0.225544470438395,0.176033461659324,0.513088388565902
1,0.5,0.2,0.5,0.4,-0.2,1.22212903188713,0.442336553729266,0.287622783111295,0.414258317233956,0.276547454019718,0.00237939176616618,NA,NA,NA,NA,NA,NA,0.194884231604619,0.166639948435381,0.101076223149193,0.206603955222348,0.136154330001,0.874407883949481
1,0.5,0.2,0.5,0.4,-0.2,0.951554687228895,0.514923872990071,0.238112438042159,0.642435494342098,0.207455458790459,0.257805124730631,NA,NA,NA,NA,NA,NA,0.160017001019243,0.138938731633145,0.112044206251665,0.236525573438676,0.139205812337919,0.624853863614473
1,0.5,0.2,0.5,0.4,-0.2,0.816601719752379,0.494677619864577,0.175378061550503,0.772826655214662,0.438060417756599,0.0556865105758489,NA,NA,NA,NA,NA,NA,0.157072775817957,0.135426150156515,0.0817235910020791,0.208945374881328,0.175612541899517,0.476270733182751
1,0.5,0.2,0.5,0.4,-0.2,0.82057102884606,0.603973491522727,0.125383438374617,0.428436722092022,0.47096385297505,-1.24824729822486,NA,NA,NA,NA,NA,NA,0.187398552511827,0.133118993560249,0.0919786178663817,0.170741375664806,0.135583969781841,1.08960356400163
1,0.5,0.2,0.5,0.4,-0.2,0.618884546993931,0.781910531224315,0.219698317553066,0.504285979801828,0.367215415558493,-1.10631353271324,NA,NA,NA,NA,NA,NA,0.17032438082462,0.156742325994605,0.0926283908701788,0.208761209352156,0.152766151791585,1.22899418216916
1,0.5,0.2,0.5,0.4,-0.2,0.956274743577314,0.388990197308945,0.359311465190283,0.505316613569514,0.413471102218756,-0.27441726801982,NA,NA,NA,NA,NA,NA,0.18069400225519,0.140446704234192,0.10595677180589,0.182699870967254,0.12432295337004,0.752142986195286
1,0.5,0.2,0.5,0.4,-0.2,1.20102447382171,0.285943866426528,0.331004692711281,0.330317916279139,0.530671696394429,-0.91176879148415,NA,NA,NA,NA,NA,NA,0.22629177303731,0.198737021140133,0.0824669712932547,0.196447476145467,0.172651266699865,1.57901883924218
1,0.5,0.2,0.5,0.4,-0.2,1.13679570905271,0.489919805238472,0.27405032810974,0.575792743118257,0.318982647973797,-0.250351799783882,NA,NA,NA,NA,NA,NA,0.163764943152759,0.168972038244454,0.0783498213469334,0.212149912381669,0.196504305996739,0.970497677056659
1,0.5,0.2,0.5,0.4,-0.2,0.874512388182916,0.680484278051621,0.341978713326731,0.533313276537041,0.206747728222512,-0.190259271613622,NA,NA,NA,NA,NA,NA,0.170522537528229,0.171298120941978,0.112955242922384,0.194702595661794,0.158617128337386,0.683666383939085
1,0.5,0.2,0.5,0.4,-0.2,1.25790507145246,0.35879166824705,0.238427431521036,0.701509374586551,0.411746969654631,0.583433562897254,NA,NA,NA,NA,NA,NA,0.171951808090799,0.147081881703241,0.071225416426248,0.220282008671819,0.167837046182639,0.481356093099555
1,0.5,0.2,0.5,0.4,-0.2,0.713664847492683,0.597623645599525,0.294880098545856,0.583259881792707,0.377732849884728,-0.233726759384944,NA,NA,NA,NA,NA,NA,0.165256188755486,0.121376784299506,0.108506197007796,0.211685914678802,0.145952878941123,0.688020068360374
1,0.5,0.2,0.5,0.4,-0.2,0.993817119837556,0.488312454032247,0.0463703980434263,0.491082864535385,0.495634957761509,-0.943478386763152,NA,NA,NA,NA,NA,NA,0.184048360012315,0.168753438340663,0.0896149848899205,0.143984305374771,0.135951108079239,0.981945005138223
1,0.5,0.2,0.5,0.4,-0.2,1.26668637182342,0.483374050541858,0.0640728848161875,0.529777650089652,0.390971784893967,-0.347280690116133,NA,NA,NA,NA,NA,NA,0.145539611401019,NA,0.0636498418413676,NA,NA,NA
1,0.5,0.2,0.5,0.4,-0.2,0.919383630196772,0.527789575355122,0.263170422714384,0.741886132844296,0.316172015998309,0.109113249011804,NA,NA,NA,NA,NA,NA,0.149249538549492,0.120794671239171,0.0641738070891629,0.199433424836761,0.165793123303316,0.507161478944506
1,0.5,0.2,0.5,0.4,-0.2,1.12809144054754,0.48331153130611,0.150661927339615,0.585773776802741,0.484867631322792,0.115931876992045,NA,NA,NA,NA,NA,NA,0.170436294509815,0.13671672931886,0.0835510736631381,0.180248499578899,0.130149404544647,0.600449720674586
1,0.5,0.2,0.5,0.4,-0.2,0.760414374970127,0.714619603092468,0.225751221961362,0.421675892888733,0.533489434016753,-1.49214726080801,NA,NA,NA,NA,NA,NA,0.198014533803834,0.167529622893982,0.0927522330503464,0.201057790647566,0.157886976051971,1.76312056715275
1,0.5,0.2,0.5,0.4,-0.2,0.723821822328782,0.539315471334524,0.216312664122941,0.757949022333862,0.332506489448988,0.0608202093278542,NA,NA,NA,NA,NA,NA,0.144748419927888,0.127461047150588,0.0556123977707063,0.253763313131519,0.178411649784413,0.583044543278709
1,0.5,0.2,0.5,0.4,-0.2,0.793190598947156,0.672833179599222,0.272403452444122,0.47501264260579,0.503077824553485,-2.05269825254958,NA,NA,NA,NA,NA,NA,0.178599658288136,0.157443200039178,0.0996188268454708,0.140546409237598,0.152936264537924,1.42213235453146
1,0.5,0.2,0.5,0.4,-0.2,0.711984749014167,0.634935321412458,0.187407402383235,0.541492289676638,0.475405279036456,-0.715892948978564,NA,NA,NA,NA,NA,NA,0.17544068104613,0.150315262121724,0.104641321185928,0.214089351118138,0.161390403747319,1.25977457615032
1,0.5,0.2,0.5,0.4,-0.2,1.00882426268065,0.58810167977188,0.15601858372663,0.790164485352534,0.396332621411568,0.274421590309225,NA,NA,NA,NA,NA,NA,0.147924388167701,0.144822980141521,0.093333038409746,0.30681095390253,0.287144792764046,0.791822748721495
1,0.5,0.2,0.5,0.4,-0.2,0.960441196539649,0.31168661464288,0.162999504164976,1.05743964657082,0.409001839879964,0.796761248770675,NA,NA,NA,NA,NA,NA,0.120345365248405,0.107084604358532,0.0598338739834427,0.209908075794786,0.148824678302098,0.269751359795268
1,0.5,0.2,0.5,0.4,-0.2,0.965979471983329,0.428962043474573,0.273674327175503,0.536066298099204,0.388218971956266,-0.247059495339576,NA,NA,NA,NA,NA,NA,0.180962345148699,0.149577892418439,0.0949724831144178,0.184874635555758,0.161470557580247,0.850092863712088
1,0.5,0.2,0.5,0.4,-0.2,1.16312357676221,0.613717115836272,0.377598761751617,0.329022985107176,0.551434198348006,-0.742863957127197,NA,NA,NA,NA,NA,NA,0.237783923012797,0.204596661047232,0.125934848198801,0.192196710030457,0.176988066104055,1.34017089009663
1,0.5,0.2,0.5,0.4,-0.2,1.04135218966181,0.338721647366146,0.297688241900361,0.479851484910319,0.633492093585967,-0.312721712112573,NA,NA,NA,NA,NA,NA,0.216205263987213,0.17842676378023,0.0670586752989335,0.200024371100503,0.125479523482359,1.21089352810513
1,0.5,0.2,0.5,0.4,-0.2,0.942317621319271,0.562018534956369,0.225769200002562,0.516675916460078,0.57408109843308,-1.48321303981457,NA,NA,NA,NA,NA,NA,0.173011101417639,0.130864267295551,0.0696930164313916,0.167623814613424,0.157422501302596,1.91677214677214
1,0.5,0.2,0.5,0.4,-0.2,1.04265206254316,0.630103797655083,0.24834837499622,0.389336417531921,0.456227712955603,-1.65672098499465,NA,NA,NA,NA,NA,NA,0.188788759987858,0.159157738924086,0.0917540213593616,0.171979006799397,0.178077115575351,1.89483209728594
1,0.5,0.2,0.5,0.4,-0.2,1.06021772439664,0.463101604727601,0.232501806179517,0.26508756116927,0.597277653482701,-1.45861347537051,NA,NA,NA,NA,NA,NA,0.230418116259384,0.164858336177445,0.0916907089913283,0.181888940189322,0.161764974444865,2.34860140399923
1,0.5,0.2,0.5,0.4,-0.2,1.28806120557143,0.198486262682663,0.246779293676966,0.446137959721257,0.614633380061851,-0.245959824053975,NA,NA,NA,NA,NA,NA,0.212284002174795,0.206189531127203,0.0670888227458118,0.160678734961826,0.136774038475394,0.883893417313367
1,0.5,0.2,0.5,0.4,-0.2,1.04427341756383,0.300723282665715,0.0943567583484583,0.385114565074708,0.57506926799947,-0.216504486219795,NA,NA,NA,NA,NA,NA,0.214857110250966,0.152717194796914,0.0866082204106727,0.185719039749484,0.135164657289088,0.81859067651854
1,0.5,0.2,0.5,0.4,-0.2,0.675019765541292,0.634177744070122,0.208920484020328,0.654986122235785,0.41133390457994,-0.907581203050899,NA,NA,NA,NA,NA,NA,0.14893901344654,0.134761245332423,0.0720558728979081,0.164660335239936,0.146530513861374,0.819469839137439
1,0.5,0.2,0.5,0.4,-0.2,0.950064455578112,0.4787998425112,0.260299865547985,0.422203064241975,0.419229914567653,-0.52380418774067,NA,NA,NA,NA,NA,NA,0.196269510357896,0.203371313715746,0.085988174611578,0.203610885290608,0.137067625836338,1.07678261789842
1,0.5,0.2,0.5,0.4,-0.2,1.12033331883536,0.582494000936949,0.0452028336896739,0.497764238059603,0.129909400489574,-0.217914633889173,NA,NA,NA,NA,NA,NA,0.163961333913941,0.144203876809473,0.10333781077544,0.176654871518926,0.14104565185559,0.677309019703168
1,0.5,0.2,0.5,0.4,-0.2,0.930364217191091,0.625894344657479,0.311557908883476,0.68316506782548,0.318682469260325,0.0121536230818766,NA,NA,NA,NA,NA,NA,0.168949791692631,0.172825557429072,0.0910512571064698,0.22129898680037,0.206282111111378,0.683811374929072
1,0.5,0.2,0.5,0.4,-0.2,0.989873511254266,0.434870185170943,0.453548100336281,0.544339453699462,0.350029669748059,-0.315870818171886,NA,NA,NA,NA,NA,NA,0.172656656379967,0.168464839367723,0.101818706277036,0.155975601697866,0.128901366514936,0.672486728186103
1,0.5,0.2,0.5,0.4,-0.2,0.786671018185626,0.431535216599138,0.153325656218285,0.866888120521431,0.486700536795913,-0.28525611824424,NA,NA,NA,NA,NA,NA,0.124546936922115,0.0971216763117622,0.0539169459885489,0.288819995592342,0.177471477872961,1.17087859674179
1,0.5,0.2,0.5,0.4,-0.2,0.662758332878876,1.10001552545926,0.196359204807504,0.635714200688189,-0.0423482542620161,-0.585685366576658,NA,NA,NA,NA,NA,NA,0.149274342747814,0.189706201213682,0.0882109984837479,0.183088047530983,0.170705076719863,0.575501728211096
1,0.5,0.2,0.5,0.4,-0.2,0.981421035512535,0.357116258627276,0.231330458715373,0.496341610352371,0.523093685242674,-2.58612653029049,NA,NA,NA,NA,NA,NA,0.171834296415468,0.148805019509177,0.0757776081107634,0.18496171169764,0.219182715804205,5.49193182937945
1,0.5,0.2,0.5,0.4,-0.2,0.633324842833244,0.765366572213695,0.169575215074786,0.567860349830485,0.332492617160569,-0.548292179025246,NA,NA,NA,NA,NA,NA,0.19321262870302,0.193777343787386,0.0883777206735297,0.203836056582814,0.186634310039382,0.878336681952088
1,0.5,0.2,0.5,0.4,-0.2,0.840392163748808,0.758941823444772,0.306793066255355,0.185433737791718,0.408306994783782,-2.58837570920499,NA,NA,NA,NA,NA,NA,0.237013775798398,0.213528254064707,0.124127292770739,0.193329684092062,0.240879816266526,2.95274288506986
1,0.5,0.2,0.5,0.4,-0.2,1.32095208132825,0.481932801627172,-0.104670087229595,0.28357929116726,0.241449553481255,-0.152784916449342,NA,NA,NA,NA,NA,NA,0.219785749257683,0.198312133089901,0.130688262613924,0.209518091360233,0.172156272877176,0.900884789850363
1,0.5,0.2,0.5,0.4,-0.2,1.05222925186729,0.470693580857909,-0.0161325148641675,0.406818978534789,0.402532679435851,-0.735098778947115,NA,NA,NA,NA,NA,NA,0.187376837190728,0.146148915027735,0.0920407082369116,0.185670740627719,0.136437867544675,1.01549851413166
1,0.5,0.2,0.5,0.4,-0.2,1.20911202131192,0.331465280384489,0.279064978944251,0.567346594248037,0.5901104389928,0.0279986958001731,NA,NA,NA,NA,NA,NA,0.186852658152849,0.14390390324519,0.080148273159522,0.173936983166531,0.150275815948076,0.532749741148943
1,0.5,0.2,0.5,0.4,-0.2,0.804804622320986,0.580667196387993,0.196856547811646,0.984335251713069,0.153898060711161,0.516556950627447,NA,NA,NA,NA,NA,NA,0.129828368459616,0.130935720962361,0.0757640814546346,0.246473997119446,0.231834800276946,0.350589849681428
1,0.5,0.2,0.5,0.4,-0.2,0.891010531640808,0.442782635154099,0.305834024965984,0.64709529663754,0.467614144784894,-0.135455121564284,NA,NA,NA,NA,NA,NA,0.163519280223576,0.120290866654571,0.0620150828032591,0.177482503927863,0.13390554273743,0.697414473239235
1,0.5,0.2,0.5,0.4,-0.2,1.12012665336791,0.499978170906875,0.268580913906795,0.357588581731926,0.366345264706023,-0.369061588992272,NA,NA,NA,NA,NA,NA,0.211995680718441,0.168967553134939,0.1192530197896,0.187490129869811,0.123029877835174,1.0134805462651
1,0.5,0.2,0.5,0.4,-0.2,0.982930564418622,0.487685258232395,0.0919089902526871,0.881862645560599,0.229705932084292,0.709884363406477,NA,NA,NA,NA,NA,NA,0.136263236789202,0.127050934856336,0.0882110112008771,0.254086304194441,0.234137733634971,0.360811271744638
1,0.5,0.2,0.5,0.4,-0.2,0.932567800198651,0.478115819920318,0.299074578717623,0.494656386407165,0.588922413765193,-0.404582469363396,NA,NA,NA,NA,NA,NA,0.215544643331807,0.207111848045962,0.0814609101045135,0.20655980297408,0.20956601290694,0.924188482149537
1,0.5,0.2,0.5,0.4,-0.2,0.967815484163221,0.563102473238606,0.170300847620394,0.380049989338416,0.554096761592418,-0.969989598317026,NA,NA,NA,NA,NA,NA,0.213641890777148,0.171909082564025,0.0879994722621088,0.173544043411335,0.161808772884814,1.07404329566551
1,0.5,0.2,0.5,0.4,-0.2,0.922019203915929,0.56877678173897,0.198258221083228,0.737181711426929,0.18414568333616,0.136899768673258,NA,NA,NA,NA,NA,NA,0.146360281775727,0.162546290327038,0.102483394484406,0.322511019003504,0.233164565512932,0.773722216828271
1,0.5,0.2,0.5,0.4,-0.2,0.894259970757381,0.583353496288255,0.34642634852744,0.486435179063213,0.603283963832425,-1.85416732086804,NA,NA,NA,NA,NA,NA,NA,NA,0.0595115481865649,NA,0.0814608403549011,NA
1,0.5,0.2,0.5,0.4,-0.2,1.16020025009843,0.296866067771497,0.224948020790231,0.453056000780848,0.490025853776495,-0.0697453362454095,NA,NA,NA,NA,NA,NA,0.208784216237753,0.179720471186644,0.100891367219493,0.187942449115347,0.136399215330442,0.707903147019838
1,0.5,0.2,0.5,0.4,-0.2,0.82923176644357,0.683350927428812,0.142845786309474,0.802179384250893,0.256142663584572,0.464514028293322,NA,NA,NA,NA,NA,NA,0.163787936555873,0.146708990802248,0.0634921319209003,0.336553358386726,0.224422892515091,0.634286341827039
1,0.5,0.2,0.5,0.4,-0.2,1.29148518995875,0.170679545616532,0.240756059673332,0.480678720903564,0.617888724550835,-0.142985281346145,NA,NA,NA,NA,NA,NA,0.218134481102475,0.19918447695719,0.0718502528550596,0.190433722821836,0.149418395425622,1.1837440339507
1,0.5,0.2,0.5,0.4,-0.2,0.956242729152962,0.584191089714417,0.22630843530286,0.457941929540059,0.375489823729579,-0.785340044209544,NA,NA,NA,NA,NA,NA,0.182922822722935,0.181765808490548,0.0862058020590784,0.172306456349096,0.164596368056215,1.17397869219008
1,0.5,0.2,0.5,0.4,-0.2,1.13561160625412,0.361349148888812,0.183013026709509,0.653036851515808,0.394011932300197,0.393015717517588,NA,NA,NA,NA,NA,NA,0.158847805419788,0.151130544656812,0.0574869635546037,0.208717176075969,0.126148570757521,0.53719756270623
1,0.5,0.2,0.5,0.4,-0.2,0.971079324179529,0.42784458802466,0.256365890405894,0.640588689186049,0.513526201228601,0.484452061072381,NA,NA,NA,NA,NA,NA,0.181835328653617,0.155404936632267,0.0786224379607897,0.199151618591466,0.136780063852624,0.407338566634247
1,0.5,0.2,0.5,0.4,-0.2,1.08557689016358,0.593111891303334,0.0101836418064704,0.457668054715533,0.372129361464424,-0.344394012369903,NA,NA,NA,NA,NA,NA,0.188440008939473,0.150875734353123,0.102341777826999,0.208571581394675,0.150405521299779,1.132069468884
1,0.5,0.2,0.5,0.4,-0.2,0.967735722206472,0.510125164935126,0.218285414997767,0.254966582931063,0.578906118518203,-1.87655938120753,NA,NA,NA,NA,NA,NA,0.225237705816011,0.18056154925462,0.0792518225312429,0.494943681387087,0.420369925353384,7.72625455365276
1,0.5,0.2,0.5,0.4,-0.2,1.28690324791351,0.358073820398474,0.204760569145905,0.157097271598834,0.581464553728671,-2.51257777059638,NA,NA,NA,NA,NA,NA,0.236451918473914,0.158045136478336,0.0825275275593038,0.125627930411896,0.113772594398249,1.36534476048311
1,0.5,0.2,0.5,0.4,-0.2,0.911176692434364,0.652522764595171,0.199782927248357,0.314039976853865,0.430282225359017,-1.14092847095145,NA,NA,NA,NA,NA,NA,0.207262099862308,0.183752551151872,0.109632290967428,0.180203625773234,0.152496395148327,1.16986019438741
1,0.5,0.2,0.5,0.4,-0.2,0.86980541952468,0.477627661093469,0.235461148945577,0.919018954941922,0.313284593046485,0.386946923048552,NA,NA,NA,NA,NA,NA,0.126365580027247,0.11724673740469,0.0776674409061911,0.192141300543207,0.170698948896491,0.348574067247056
1,0.5,0.2,0.5,0.4,-0.2,1.11703214051949,0.551120776249713,0.225324282919493,0.329259808863724,0.45473311611928,-0.560896221628546,NA,NA,NA,NA,NA,NA,0.222590522331966,0.201096390387945,0.121004279549747,0.22640345327079,0.17502947772765,1.46377905081868
1,0.5,0.2,0.5,0.4,-0.2,0.956261502184415,0.37909964560141,0.187948830144063,0.923007980640489,0.343349062900451,0.390974316656795,NA,NA,NA,NA,NA,NA,0.119800907144429,0.114036577316961,0.0686627933532276,0.211462661590931,0.132386420329005,0.394747825029289
1,0.5,0.2,0.5,0.4,-0.2,1.22321526975744,0.581773000171772,0.218584738894337,0.178750523847058,0.296674414437464,-1.77301390762233,NA,NA,NA,NA,NA,NA,0.221208783006105,0.192161844284483,0.148089034330279,0.248250817328478,0.172219357689107,3.85959821559936
1,0.5,0.2,0.5,0.4,-0.2,0.748523508412755,0.586493692420939,0.233076783006723,0.619009940958324,0.447754378099179,-0.0185000052707635,NA,NA,NA,NA,NA,NA,0.17842851450349,0.123383000234835,0.0772302326265534,0.159760643100162,0.120450669075625,0.443736395874095
1,0.5,0.2,0.5,0.4,-0.2,0.651508090343721,0.61565346156967,0.222890467821346,0.367825995152564,0.461513382439478,-0.786593723583804,NA,NA,NA,NA,NA,NA,0.205202166542172,0.142677719508672,0.0975523022921204,0.185277673891792,0.14403374737257,0.968447479694544
1,0.5,0.2,0.5,0.4,-0.2,0.960253760464182,0.476444685863604,0.181600972898852,0.7564373196628,0.271918546533392,0.369436208083619,NA,NA,NA,NA,NA,NA,0.148773763320573,0.140955528113043,0.0839338368368507,0.208942974192015,0.156633957426874,0.482234713454125
1,0.5,0.2,0.5,0.4,-0.2,0.750528708089002,0.673995095663844,0.229760032556199,0.516021930142246,0.440728697036307,-0.427883712482822,NA,NA,NA,NA,NA,NA,0.18132310827363,0.137056901319248,0.0778076673695197,0.170871958741865,0.126861722535078,0.608346340930007
1,0.5,0.2,0.5,0.4,-0.2,0.911129709221725,0.466793644380266,0.18074316420316,0.847602180885554,0.545013780342817,0.603924710241848,NA,NA,NA,NA,NA,NA,0.150057089181622,0.103986947891383,0.0447029839858597,0.193145870138571,0.126057070653666,0.368243119403096
1,0.5,0.2,0.5,0.4,-0.2,1.15216596134561,0.349730993688237,0.407229107326448,0.652701820619818,0.52912610031181,0.124814159568203,NA,NA,NA,NA,NA,NA,0.16207863025514,0.149612460964369,0.0869262154981656,0.164125030939079,0.129541620919832,0.483960897012363
1,0.5,0.2,0.5,0.4,-0.2,0.939987231350595,0.648477831548867,0.475916973815926,0.581804040569349,0.433904676464954,-0.542184726367788,NA,NA,NA,NA,NA,NA,0.168674298406403,0.161182985392149,0.121869240274751,0.216690395492566,0.146861698837236,0.799065534250362
1,0.5,0.2,0.5,0.4,-0.2,0.855291934774441,0.65770158804364,0.0147027460043938,0.72509045454119,0.258926943912652,-0.341399869249925,NA,NA,NA,NA,NA,NA,0.140880747541838,0.167156093007711,0.108759611560087,0.213195703028569,0.171279256978098,0.791209410665786
1,0.5,0.2,0.5,0.4,-0.2,0.94710878992032,0.428745077644712,0.224623059705288,0.507437097010047,0.522385693553551,-1.04414529421382,NA,NA,NA,NA,NA,NA,0.181772951819193,0.161988796065731,0.0979923390478058,0.19985404507449,0.150431853511043,1.53077179879298
1,0.5,0.2,0.5,0.4,-0.2,0.933085796676975,0.575687919746239,0.0171496603390443,0.301924790720508,0.47087627488912,-3.61271281654453,NA,NA,NA,NA,NA,NA,0.195263695206716,0.154335941065431,0.109846634726326,0.087191964188083,NA,NA
1,0.5,0.2,0.5,0.4,-0.2,1.22056632102972,0.48180130344535,0.193187196273771,0.347802203741889,0.561933196370589,0.0532569823573901,NA,NA,NA,NA,NA,NA,0.234458867068049,0.174618875978088,0.0966985638238559,0.19271006721714,0.114893308751746,0.988856682850013
1,0.5,0.2,0.5,0.4,-0.2,1.08060343160454,0.419013931548171,0.108278343445099,0.498513631641169,0.462201876026578,-0.657351643268634,NA,NA,NA,NA,NA,NA,0.189204915074846,0.164562732128596,0.0660588644826958,0.175749168594709,0.139134383419244,0.881996562287941
1,0.5,0.2,0.5,0.4,-0.2,1.06298335666211,0.451173116895378,0.303785842969654,0.523580632193962,0.615983344094192,-1.12681797304065,NA,NA,NA,NA,NA,NA,0.177709462065099,0.137199920019181,0.0557989043972006,0.149968236023196,0.145232356981605,1.09405079213773
1,0.5,0.2,0.5,0.4,-0.2,1.14968682503893,0.402149420203543,0.139638175780349,0.475038374447294,0.391469936344576,-0.211333062876744,NA,NA,NA,NA,NA,NA,0.187099374486273,0.122586481779715,0.100249924525551,0.192061557976459,0.141169926219026,0.939260020449242
1,0.5,0.2,0.5,0.4,-0.2,0.725512261166813,0.649541257522704,0.27485849391084,0.645459170553638,0.523312852332042,-1.04990862220693,NA,NA,NA,NA,NA,NA,0.150260185003299,0.137017721015486,0.0760436671853515,0.158100552353692,0.162378979181187,1.14895631949333
1,0.5,0.2,0.5,0.4,-0.2,1.37653391812971,0.247399098492728,0.331533068347002,0.12487912981456,0.452751398490148,-2.58671338785661,NA,NA,NA,NA,NA,NA,0.254782594236199,0.196074924992874,0.114501243618982,0.144989361708604,0.155589032999592,2.62193680773187
1,0.5,0.2,0.5,0.4,-0.2,1.14117936669281,0.246456560787587,0.250195772593589,0.610544144128552,0.311603233424125,0.0717168009754628,NA,NA,NA,NA,NA,NA,0.15593401176561,0.145600115651992,0.091665620146636,0.162803210465642,0.120588708374183,0.528477902248548
1,0.5,0.2,0.5,0.4,-0.2,1.02408947005176,0.381268722667386,0.240511996776565,0.481330906046727,0.584549008433346,-0.585109073169932,NA,NA,NA,NA,NA,NA,0.197242247929626,0.163634513632029,0.0680466638801261,0.171622951552092,0.149319977276565,0.822922983763577
1,0.5,0.2,0.5,0.4,-0.2,0.88111850825113,0.924757613203846,0.201003326846333,0.400754483262126,0.214940339362033,-0.796496535864541,NA,NA,NA,NA,NA,NA,0.192801723528693,0.199722997127769,0.10708064641086,0.198659532861275,0.16092287584444,1.14821512186431
1,0.5,0.2,0.5,0.4,-0.2,0.875345833069099,0.620404685236155,0.204508617480051,0.713322329057403,0.352801240651761,0.117660751199033,NA,NA,NA,NA,NA,NA,0.158657723474671,0.132844482339268,0.0781124288111638,0.264914776278981,0.207060386832029,0.756194310454223
1,0.5,0.2,0.5,0.4,-0.2,1.48032083990022,0.102037739515324,0.203092587734973,0.343338139799344,0.576033064702648,-0.279274267092348,NA,NA,NA,NA,NA,NA,0.229847146653472,0.180809861884985,0.0847446791910902,0.193170943173616,0.136506845488086,1.31235591426806
1,0.5,0.2,0.5,0.4,-0.2,1.17715921456019,0.402423204799676,0.0583261153867459,1.26582612164478,0.245671200803937,1.25022716835568,NA,NA,NA,NA,NA,NA,0.114890605082518,0.0933867267844181,0.0431334666806905,0.282488052423204,0.16826947362179,0.218296784694508
1,0.5,0.2,0.5,0.4,-0.2,0.8207140208483,0.535961955338681,0.226636970363376,1.0490059627347,0.270161431425151,0.485527231983686,NA,NA,NA,NA,NA,NA,0.120722623175056,0.106005554828604,0.0764152820040604,0.221603558223738,0.172493634657602,0.311366866925268
1,0.5,0.2,0.5,0.4,-0.2,1.19688268942995,0.35780021411604,0.0840230663200426,0.299662804996264,0.634416201459221,-0.887696493246212,NA,NA,NA,NA,NA,NA,0.241891193292291,0.195946471867006,0.101420339735267,0.242513055288241,0.211143011340419,2.16413767171703
1,0.5,0.2,0.5,0.4,-0.2,0.883826525244823,0.611454096770876,0.21559396495461,0.504988035463769,0.585582223328902,-0.773531782841559,NA,NA,NA,NA,NA,NA,0.185442893184943,0.136464875465775,0.0847910378298258,0.149722209536556,0.143612759266823,0.843467769907844
1,0.5,0.2,0.5,0.4,-0.2,1.12283963504965,0.278911481074909,0.11184184953986,0.452806615957272,0.552833529571128,-0.175498943510187,NA,NA,NA,NA,NA,NA,0.214844066904875,0.224574504571112,0.078149956538406,0.167192383590462,0.151680823488055,0.690730168923076
1,0.5,0.2,0.5,0.4,-0.2,0.988830500637058,0.462347778542413,0.185899813001609,0.602831427364491,0.447796548914527,0.147933210376806,NA,NA,NA,NA,NA,NA,0.180878135142675,0.113662366904843,0.0869545966345599,0.206854942207179,0.144358484151955,0.672339923763913
1,0.5,0.2,0.5,0.4,-0.2,0.82098113625109,0.505532675223515,0.218988071092718,0.791111017842621,0.301418045635543,0.420771307497101,NA,NA,NA,NA,NA,NA,0.146736738043362,0.13333272092547,0.0944392490448655,0.214902337658373,0.146263784369145,0.412022536389255
1,0.5,0.2,0.5,0.4,-0.2,0.999553405474297,0.676497468704559,0.138192496049172,0.333772949170761,0.426598040323396,-2.78359567039384,NA,NA,NA,NA,NA,NA,0.314764144425049,0.397895227747514,0.0799916092469984,0.203066681881432,0.34682980806937,4.28310612422521
1,0.5,0.2,0.5,0.4,-0.2,1.23302505391781,0.279296933001529,0.12269998504706,0.704835840622836,0.421148630748366,0.563333342563104,NA,NA,NA,NA,NA,NA,0.152571965696237,0.132676574100377,0.0675655719585867,0.196087985963143,0.136010520058469,0.475411838182452
1,0.5,0.2,0.5,0.4,-0.2,0.836205650963442,0.543406197146326,0.192606262178637,0.457767235440061,0.532844307801349,-1.66364894389072,NA,NA,NA,NA,NA,NA,0.177423897371844,0.131295194045985,0.0689711736078225,0.140870530855864,0.140500444586168,1.14352520946136
1,0.5,0.2,0.5,0.4,-0.2,1.04255418045218,0.388932215304289,0.234930043822139,0.473901924519939,0.325919755667127,-0.501264904661,NA,NA,NA,NA,NA,NA,0.173044226735331,0.146437105825842,0.074624108632977,0.184196355705604,0.139819125030594,1.04193399125139
1,0.5,0.2,0.5,0.4,-0.2,1.02648720027999,0.529529854774412,0.28130387569748,0.761814458425223,0.282325172210181,0.47165182870243,NA,NA,NA,NA,NA,NA,0.162339605926056,0.127880124505256,0.102017497058161,0.328770476115833,0.208265726319108,0.822218512763627
1,0.5,0.2,0.5,0.4,-0.2,0.798778001648241,0.689156737540333,0.301399410127481,0.726353716325454,0.13016842047316,-0.052772085989601,NA,NA,NA,NA,NA,NA,0.141811623138411,0.141898584416441,0.0913080421979786,0.27552274304304,0.255390759495483,0.77176706079587
1,0.5,0.2,0.5,0.4,-0.2,1.03993091831237,0.479561513339736,0.235339468644084,0.438973247669536,0.543775766141958,-0.350488513123222,NA,NA,NA,NA,NA,NA,0.195729645904273,0.152751918892962,0.0787323233819053,0.194221653697209,0.13648361216724,0.871153616364957
1,0.5,0.2,0.5,0.4,-0.2,0.936118325446313,0.511523835014296,0.207935510983293,0.70961393161651,0.251898006210037,-0.168235056555522,NA,NA,NA,NA,NA,NA,0.142913878561242,0.138889738086692,0.0754470317392674,0.223351945502646,0.177709160473173,0.782799640784749
1,0.5,0.2,0.5,0.4,-0.2,0.985730522478984,0.556870503699122,0.017101727512013,0.54720575630592,0.656143607862041,-0.333779585893588,NA,NA,NA,NA,NA,NA,0.195414143346343,0.181400196445604,0.0711603951421002,0.175395908126834,0.155750325579161,0.765839501779352
1,0.5,0.2,0.5,0.4,-0.2,1.11200636722731,0.507679528323912,0.341993614762431,0.334326318314782,0.242222413292232,-1.03783848305836,NA,NA,NA,NA,NA,NA,0.190615152668992,0.16305048341421,0.133250904000304,0.147806402573418,0.120203035862911,0.996218261377104
1,0.5,0.2,0.5,0.4,-0.2,1.01023806504783,0.556633102881332,0.217945104544577,0.219098542289061,0.500282660937271,-0.918851091729995,NA,NA,NA,NA,NA,NA,0.245656439520511,0.178130538958013,0.0925101674129364,0.187884142602044,0.17756719953758,1.06777845252616
1,0.5,0.2,0.5,0.4,-0.2,1.06213544796477,0.598967868394221,0.298760547487116,0.349268332274155,0.607034297936773,-1.54727701844065,NA,NA,NA,NA,NA,NA,0.235445745293879,0.205324670140726,0.082281212644308,0.171462228986021,0.179897014431052,1.4909243207209
1,0.5,0.2,0.5,0.4,-0.2,0.953588165062384,0.431410241231969,0.0649663992372399,0.838543948286836,0.455869602653853,0.613505811198478,NA,NA,NA,NA,NA,NA,0.15129464932273,0.114170257353291,0.0789000780788182,0.219609308917751,0.133785275034141,0.387456882571015
1,0.5,0.2,0.5,0.4,-0.2,1.05566484056278,0.289927508911826,0.15595992577248,0.84802008959608,0.660769886408925,0.720471667320139,NA,NA,NA,NA,NA,NA,0.149287423992453,0.127985266603667,0.0618291715133036,0.18218366440388,0.151870432317801,0.266585192687843
1,0.5,0.2,0.5,0.4,-0.2,1.08243844395823,0.52794304291655,0.190055233618559,0.402812953169282,0.280808553073503,-0.226965618023214,NA,NA,NA,NA,NA,NA,0.202686209616206,0.242759164154423,0.109567040418461,0.205501395102228,0.185181317002472,0.810135703510887
1,0.5,0.2,0.5,0.4,-0.2,0.800599108167307,0.713322095536044,0.12368399166293,0.684892588334981,0.293590285246474,-0.0958494777774539,NA,NA,NA,NA,NA,NA,0.15868667695019,0.151332393813255,0.06607861525609,0.188524608336568,0.168602205706229,0.578846921711712
1,0.5,0.2,0.5,0.4,-0.2,0.925171991876564,0.894583874335912,0.203535577524956,0.398886972514639,0.240006734281972,-1.38799595136218,NA,NA,NA,NA,NA,NA,0.179155365586945,0.161638942360808,0.114687357889043,0.149344843743013,0.166957748273801,1.09120300386529
1,0.5,0.2,0.5,0.4,-0.2,0.924507215402142,0.485868968748102,0.30710291594366,0.683234769362696,0.372565917946697,0.335997576893224,NA,NA,NA,NA,NA,NA,0.165490766443034,0.161039127790102,0.0783421764266971,0.205966113730706,0.179920622250661,0.421460825479735
1,0.5,0.2,0.5,0.4,-0.2,1.04517875501237,0.60813501381659,0.192094208846243,0.397471834895612,0.354807532064033,-0.879405972041483,NA,NA,NA,NA,NA,NA,0.187874261253591,0.171062524343623,0.0996493363110007,0.153333639075717,0.11900957786004,1.12768096297774
1,0.5,0.2,0.5,0.4,-0.2,1.30390245823452,0.291674706815665,0.299487878702836,0.416532088738118,0.473749989084015,-0.0600452058989723,NA,NA,NA,NA,NA,NA,0.199589619638317,0.171710592663846,0.0873187915836614,0.179965174951495,0.125221295957949,0.865727133671293
1,0.5,0.2,0.5,0.4,-0.2,0.836276418664899,0.701384836378277,0.010704181914706,1.54990681548514,-0.457173822705824,0.829177990296559,NA,NA,NA,NA,NA,NA,0.101381488625995,0.137787923375443,0.0555632405857647,0.306122163929599,0.289160281555732,0.176232393865645
1,0.5,0.2,0.5,0.4,-0.2,1.21025157858783,0.253758787743548,0.173190649471041,0.652968566180491,0.653181957508366,0.753268586763719,NA,NA,NA,NA,NA,NA,0.187487816625707,0.156727872904505,0.0665935042683477,0.180483626159198,0.131623238468885,0.319924176526392
1,0.5,0.2,0.5,0.4,-0.2,1.15768478524552,0.419218790849923,0.256455701136497,0.655065774938919,0.249917947391928,0.321147635612638,NA,NA,NA,NA,NA,NA,0.160848844315683,0.165702624638347,0.101272268694566,0.211958938599696,0.187249272281527,0.54243293519127
1,0.5,0.2,0.5,0.4,-0.2,0.804483783027796,0.959836334119828,0.206623422807508,0.636154683778318,-0.0666362824220435,0.225348220073191,NA,NA,NA,NA,NA,NA,0.174020271217114,0.180173289726614,0.0995886402040913,0.224147550577472,0.184183270572429,0.433856003525642
1,0.5,0.2,0.5,0.4,-0.2,1.33731780850003,0.0642071833269867,0.230533903070856,0.566139505572666,0.662657881442249,-0.236030471427132,NA,NA,NA,NA,NA,NA,0.189826485398019,0.165698092872678,0.0794682100016897,0.181269627864584,0.129789969801232,1.16796250047232
1,0.5,0.2,0.5,0.4,-0.2,0.838804549317388,0.704769998404377,0.265181006565167,0.602571712100146,0.429794411801969,-0.851933009820639,NA,NA,NA,NA,NA,NA,0.173576020063245,0.129735820870744,0.0552092272556237,0.147689200411244,0.150439569729032,1.12491849451857
1,0.5,0.2,0.5,0.4,-0.2,1.11617850096573,0.386235953327057,0.237230048412523,0.501445206792434,0.316155258924636,-0.0329065811769662,NA,NA,NA,NA,NA,NA,0.187006703427699,0.153507035197662,0.0945395408219175,0.176680914885792,0.130547735989055,0.605217370642587
1,0.5,0.2,0.5,0.4,-0.2,1.04007538164068,0.484181969174708,0.201738131234859,0.609644944703078,0.361498047032331,-0.839545266032688,NA,NA,NA,NA,NA,NA,0.153636901021753,0.142635105454141,0.0669544448884907,0.150889676239152,0.128980360147107,0.827555304646587
1,0.5,0.2,0.5,0.4,-0.2,0.78632706995572,0.708663654536668,0.190052667951432,0.616307247840269,0.578812301741127,-1.40715010493853,NA,NA,NA,NA,NA,NA,0.166146394326578,0.144754979556353,0.0500957028135955,0.130121745008113,0.128237630101075,0.628858482963675
1,0.5,0.2,0.5,0.4,-0.2,0.895347657847421,0.354493082129687,0.221196927393968,0.871431578020886,0.351508990636077,0.447693216898848,NA,NA,NA,NA,NA,NA,0.135714448860214,0.12499145204085,0.088729894650757,0.212638089952828,0.11720679598276,0.417700532743198
1,0.5,0.2,0.5,0.4,-0.2,0.632513049231959,0.613441756254185,0.21338334585143,0.757316615186608,0.503982174905193,-0.0606145786120874,NA,NA,NA,NA,NA,NA,0.149889041347036,0.120019743319942,0.0783730438565722,0.184214168939153,0.132002908523286,0.442073089440551
1,0.5,0.2,0.5,0.4,-0.2,0.849563366270056,0.794908501458974,0.0858557678349521,0.767765076926853,0.129123160688053,-0.0886672259037921,NA,NA,NA,NA,NA,NA,0.137651033426769,0.151487970607448,0.0763690259851426,0.187023113960656,0.23934448986637,0.422681148865574
1,0.5,0.2,0.5,0.4,-0.2,0.651228412336164,0.695473756038395,0.229264398813546,0.872185395081234,0.123399843130435,0.0314709013439555,NA,NA,NA,NA,NA,NA,0.124517997128059,0.120390128782044,0.0909942109549865,0.203923560234448,0.179587027897174,0.383131888022161
1,0.5,0.2,0.5,0.4,-0.2,0.858219775538176,0.543128643734564,0.231225919649587,0.591138575157501,0.684745552935624,-0.71369356919739,NA,NA,NA,NA,NA,NA,0.150957052558434,0.0993616300398041,0.0444908277464214,0.131641874634851,0.116093338690533,0.553342129768911
1,0.5,0.2,0.5,0.4,-0.2,0.975976335456746,0.475411376115994,0.317119850324297,0.664879206478883,0.317693347485895,0.392641921708272,NA,NA,NA,NA,NA,NA,0.16057756310662,0.137338731736275,0.0919663806482496,0.194371254673045,0.137935759260319,0.442767845255478
1,0.5,0.2,0.5,0.4,-0.2,1.0408429913996,0.518627860810324,0.120181702498164,0.890611399853551,0.0570620621858759,0.598258790820229,NA,NA,NA,NA,NA,NA,0.126902645778174,0.139783918384568,0.0689824477113649,0.213696544125988,0.17342306236757,0.344634035872063
1,0.5,0.2,0.5,0.4,-0.2,0.942345077039645,0.391178003746404,0.16076998973893,0.479149989060491,0.56997663874291,-1.0559262914602,NA,NA,NA,NA,NA,NA,0.204362908869396,0.149853089724326,0.0826738564561111,0.23733752248499,0.236297089821703,1.78383688200236
1,0.5,0.2,0.5,0.4,-0.2,0.961330175935198,0.510424143172969,0.166917485980596,0.511226180195358,0.395391175870347,-0.287787031319954,NA,NA,NA,NA,NA,NA,0.174406449019954,0.129724353368082,0.109321995714071,0.187893221211191,0.143549104520935,0.715724749090265
1,0.5,0.2,0.5,0.4,-0.2,0.76213144173109,0.525895045605221,0.101385967527618,0.726878082842622,0.480897520338742,-0.222181720603663,NA,NA,NA,NA,NA,NA,0.153056117672581,0.120817685708507,0.0764816969074393,0.208851909794871,0.166323952333229,0.606762394217958
1,0.5,0.2,0.5,0.4,-0.2,0.921146990499067,0.555853048989539,0.364146676161881,0.472779999193684,0.371887402130101,-0.534898871482115,NA,NA,NA,NA,NA,NA,0.184620655457599,0.147019656755273,0.0960768968704461,0.17376459609648,0.134419310374387,0.967293058985793
1,0.5,0.2,0.5,0.4,-0.2,1.08255805634038,0.203957313741687,0.257238770351155,0.499915528021024,0.474010407259867,-0.0300458505177165,NA,NA,NA,NA,NA,NA,0.180304325623401,0.15628609705818,0.108119183579705,0.3031941297563,0.107567945049804,1.39889524823515
1,0.5,0.2,0.5,0.4,-0.2,0.972427222221448,0.58016576898573,0.198924250714649,0.515929781136684,0.356167837120704,0.0294921962635637,NA,NA,NA,NA,NA,NA,0.187822772400764,0.161736445932646,0.106105019244915,0.286780899300788,0.21325808771754,0.899353181976287
1,0.5,0.2,0.5,0.4,-0.2,0.954279958235527,0.371740940949662,0.330530510533641,0.364864721669687,0.411190473623581,-0.803389329111617,NA,NA,NA,NA,NA,NA,0.202218544134038,0.161771776434339,0.104655211372064,0.161984296688972,0.14568983913157,0.723809896635805
1,0.5,0.2,0.5,0.4,-0.2,0.939759577808739,0.481962275292753,0.25876940295494,0.507360171427854,0.548711258767456,-0.689047434954463,NA,NA,NA,NA,NA,NA,0.174050007617324,0.123002689838808,0.0818897756756008,0.180797475714109,0.143504486001066,1.16331985513691
1,0.5,0.2,0.5,0.4,-0.2,0.721616937399598,0.905317425393456,0.336509302106323,0.536897019870985,0.374360488607554,-0.816011065782717,NA,NA,NA,NA,NA,NA,0.171587192942448,0.14413071812757,0.0981157718845349,0.153266012642528,0.126942256425886,0.591718028915582
1,0.5,0.2,0.5,0.4,-0.2,0.971549678830771,0.274405978974303,0.119314454529348,0.580605774674279,0.517136060515999,0.0651858691150443,NA,NA,NA,NA,NA,NA,0.173633947534476,0.157192732020724,0.0827757346077232,0.172781131673697,0.121905411119495,0.490798192015611
1,0.5,0.2,0.5,0.4,-0.2,0.950941452964765,0.451967679556499,0.213712636774392,0.553107074093467,0.536673342200261,-0.301248818466306,NA,NA,NA,NA,NA,NA,0.173104187868003,0.148189081844064,0.076137658805915,0.170008488449147,0.131958179851267,0.654179214688376
1,0.5,0.2,0.5,0.4,-0.2,1.10709192116812,0.464221514357188,0.228069541265845,0.523744293962348,0.356859269169931,0.185785017117942,NA,NA,NA,NA,NA,NA,0.195985335626933,0.192674998314153,0.0901440313146232,0.208048970252921,0.155520675830933,0.648517126281723
1,0.5,0.2,0.5,0.4,-0.2,1.07417554815851,0.324134345273621,0.0187389847549094,0.519484951543659,0.436743248700118,-0.93196057809945,NA,NA,NA,NA,NA,NA,0.163102979336856,0.126839237023909,0.0632356774589938,0.154719403472415,0.123961854968828,1.12045870618064
1,0.5,0.2,0.5,0.4,-0.2,0.882600714865593,0.575729003568626,0.167953768768654,0.34876229041795,0.480148525407584,-1.44529532032249,NA,NA,NA,NA,NA,NA,0.215443591853506,0.184983239293336,0.0832454695039438,0.164529844957023,0.157106040362854,1.23996701048345
1,0.5,0.2,0.5,0.4,-0.2,1.265495948553,0.536910598769738,0.224998095124306,0.302429808755673,0.309308340976901,-0.244321528582974,NA,NA,NA,NA,NA,NA,0.212128517821096,0.243540130753757,0.108593250606636,0.223297671757475,0.152374274985257,1.00421289782556
1,0.5,0.2,0.5,0.4,-0.2,0.948117017121649,0.48456577676374,0.25075189711371,0.620658163783974,0.407187499503966,-0.0109736417070098,NA,NA,NA,NA,NA,NA,0.160737827379388,0.118573245404258,0.0642918145982101,0.221752853185171,0.149638313293496,0.678941403613014
1,0.5,0.2,0.5,0.4,-0.2,1.11667899047363,0.330474769085381,0.294045045530214,0.64408347005273,0.507434892496597,0.121834138775248,NA,NA,NA,NA,NA,NA,0.16412459027243,0.136679455947224,0.0885016578996253,0.216292279916318,0.120876040572194,0.860586573957278
1,0.5,0.2,0.5,0.4,-0.2,0.781430899507639,0.5929654223915,0.277465809009044,1.02273808182332,0.172683484722936,0.117842829445449,NA,NA,NA,NA,NA,NA,0.105694860926021,0.108810733986653,0.063527164247585,0.16757343419688,0.14717069667793,0.289748510503311
1,0.5,0.2,0.5,0.4,-0.2,1.31032983029469,0.222595188878112,0.167211017538928,0.366127839402295,0.622964096933374,-0.266791848121194,NA,NA,NA,NA,NA,NA,0.216917220707538,0.179502420425865,0.0830234721611659,0.229354285865311,0.137191437478701,1.50659641551599
1,0.5,0.2,0.5,0.4,-0.2,1.3443156422003,0.304186400755608,0.21446861808838,0.739728642565598,0.304500168113082,0.829125495321146,NA,NA,NA,NA,NA,NA,0.152656792648633,0.147085417703772,0.0780430844086195,0.25402337221559,0.148284523586472,0.559416134930261
1,0.5,0.2,0.5,0.4,-0.2,1.22405889956189,0.303532018096033,0.175094641662653,0.292431791312939,0.587702286519655,-0.977730192329431,NA,NA,NA,NA,NA,NA,0.247197583390717,0.241041533546257,0.0830476422747767,0.195330398049647,0.167093790049835,1.64420575935583
1,0.5,0.2,0.5,0.4,-0.2,1.00337412728917,0.857392731289157,0.0246908420789753,0.477012251085834,0.0550507379428695,-0.105001115586582,NA,NA,NA,NA,NA,NA,0.174011777179259,0.190583216892381,0.105449113694072,0.296595766768983,0.228034954855775,0.883655555505599
1,0.5,0.2,0.5,0.4,-0.2,0.452237835516431,0.774418861569206,0.258083788641578,0.539789845626507,0.48737923232497,-1.73723276639499,NA,NA,NA,NA,NA,NA,0.174386513026765,0.129821236799427,0.0892914407220922,0.231568758330965,0.193623896283573,1.76377441348818
1,0.5,0.2,0.5,0.4,-0.2,1.02786474353095,0.430011364280301,0.245871391595492,0.54140644115019,0.440914883067471,0.281534503419469,NA,NA,NA,NA,NA,NA,0.196604417391713,0.147315913677699,0.0876756421097937,0.182063670992334,0.144476505079962,0.428863184919536
1,0.5,0.2,0.5,0.4,-0.2,1.01634363626731,0.590454006217621,0.230378182392864,0.539820715119723,0.436912828148219,-0.380166613226352,NA,NA,NA,NA,NA,NA,0.166260973231713,0.119721321384259,0.0893398958359734,0.178409867563904,0.145346888284529,0.77809889648983
1,0.5,0.2,0.5,0.4,-0.2,0.858587583653408,0.694481813590083,0.254232984957636,1.28618246407443,-0.36231132022953,0.581940963857737,NA,NA,NA,NA,NA,NA,0.103155025665045,0.120338424493129,0.0853633529824926,0.206140220500765,0.205688535353301,0.190160457410913
1,0.5,0.2,0.5,0.4,-0.2,0.937503978429927,0.817892879821735,0.217754704500161,0.474892499995141,0.247251489784245,-0.276104374308139,NA,NA,NA,NA,NA,NA,0.185390330332255,0.186055721033893,0.10372888426594,0.226315570295645,0.134377409333183,0.970343185399132
1,0.5,0.2,0.5,0.4,-0.2,1.17518761063646,0.426054978680884,0.297982834359239,0.374423372507719,0.338706391832403,-0.260490615218031,NA,NA,NA,NA,NA,NA,0.202650227598398,0.15792750971388,0.103524458191823,0.201105651009694,0.149098856915321,0.917111929944015
1,0.5,0.2,0.5,0.4,-0.2,0.970970233878583,0.70971563775141,0.433343822964272,0.535258854151464,0.328724393240346,-0.156743650098596,NA,NA,NA,NA,NA,NA,0.231406943779949,0.28766336104489,0.113074754909822,0.283379201513931,0.307917777001991,0.835275217881168
1,0.5,0.2,0.5,0.4,-0.2,0.926694996888918,0.509180086424748,0.164060243056748,0.604535403655534,0.370576990854258,-0.1308959191778,NA,NA,NA,NA,NA,NA,0.170257935457938,0.163740694162375,0.0800114996508057,0.195951166860908,0.163008217839784,0.636764048409192
1,0.5,0.2,0.5,0.4,-0.2,0.560490906874203,0.706883682880383,0.187312899078583,0.663786674463968,0.475796526194174,-0.473199621007693,NA,NA,NA,NA,NA,NA,0.168556801260987,0.13865064584783,0.0734288667145712,0.1613901850631,0.141176038482778,0.500359417351177
1,0.5,0.2,0.5,0.4,-0.2,0.763274887395753,0.887336191830459,0.178298945218189,0.441648796389377,0.247068202187509,-1.60215907922244,NA,NA,NA,NA,NA,NA,0.171162507623743,0.176800758791981,0.0969595872099704,0.145698813217963,0.175370753189184,1.22489479097888
1,0.5,0.2,0.5,0.4,-0.2,1.02068719508596,0.461656602039191,0.252382198310471,0.529033726502981,0.419338765645386,0.184505795403543,NA,NA,NA,NA,NA,NA,0.183779166834908,0.16268437191104,0.0876555982424321,0.192854040636502,0.132174743821329,0.557539761262724
1,0.5,0.2,0.5,0.4,-0.2,0.829838302834971,0.634093599244138,0.284356727734458,0.475820881205115,0.422487185108575,0.012606468526429,NA,NA,NA,NA,NA,NA,0.208705492360384,0.168689848432564,0.0927880760296876,0.193952128697691,0.1466548610394,0.689409343126552
1,0.5,0.2,0.5,0.4,-0.2,1.03741739257276,0.577931422282918,0.190060973926553,0.487937676897419,0.362482771350138,0.431808154537043,NA,NA,NA,NA,NA,NA,0.203448808900988,0.166079225238903,0.0973808188389874,0.219775461583028,0.156490599711243,0.605772765020218
1,0.5,0.2,0.5,0.4,-0.2,0.918144432932025,0.528115861380404,0.239390956349528,0.391452661970298,0.559939265462811,-2.18511001406688,NA,NA,NA,NA,NA,NA,0.19106608452429,0.159245469933897,0.075438951204943,0.144763586871029,0.142747469143513,1.87319130348414
1,0.5,0.2,0.5,0.4,-0.2,0.944512045980874,0.445727459404987,0.234958742800285,0.595091601257048,0.574039737068475,-0.339277519332968,NA,NA,NA,NA,NA,NA,0.176997432788529,0.156609424515232,0.0539161590782389,0.160624570242354,0.15342767074009,0.586787760253892
1,0.5,0.2,0.5,0.4,-0.2,0.759197210577232,0.633598848237766,0.219300103235204,0.359442476056973,0.570706388805591,-2.25306615345661,NA,NA,NA,NA,NA,NA,0.211036512642451,0.175150580650402,0.0772270407623581,0.201541827503518,0.215198116594923,3.01403278119788
1,0.5,0.2,0.5,0.4,-0.2,0.865876448541052,0.670612740107973,0.0818534719276397,0.546433980542285,0.525179054996488,0.053218623770733,NA,NA,NA,NA,NA,NA,0.185129925394093,0.150878277387591,0.0854939598872174,0.247624593062615,0.188242332761404,0.736507230457992
1,0.5,0.2,0.5,0.4,-0.2,0.833185692476046,0.599039927225484,0.211577410222148,0.699303925312586,0.224523690592801,0.198457926951592,NA,NA,NA,NA,NA,NA,0.153565623358289,0.146508551414314,0.0821126242759249,0.227038165720453,0.169399140349766,0.560511673570771
1,0.5,0.2,0.5,0.4,-0.2,0.994149909960381,0.391101931743876,0.174753950946615,0.713830076190806,0.435736132266036,0.533294096860061,NA,NA,NA,NA,NA,NA,0.160741528639982,0.136690860372544,0.073951983092537,0.279609179488242,0.124936796091921,0.638592065149225
1,0.5,0.2,0.5,0.4,-0.2,1.10915331639586,0.368691706664374,0.260480202843184,0.373311530431959,0.47496882158289,-0.658075531921434,NA,NA,NA,NA,NA,NA,0.199932599496047,0.179006951416706,0.0943133654114224,0.175407672378643,0.128497975477879,1.20868331760333
1,0.5,0.2,0.5,0.4,-0.2,0.718346025049337,0.705317660249967,0.239063350268788,0.771716023977449,0.117784115693673,-0.187714245681801,NA,NA,NA,NA,NA,NA,0.137912294170153,0.148978989489667,0.0908217713358337,0.197394696887139,0.21927319674414,0.586278786488961
1,0.5,0.2,0.5,0.4,-0.2,1.2495024255152,0.462295006365591,0.409017056880753,0.457871507826689,0.214577984092531,0.0432095912573549,NA,NA,NA,NA,NA,NA,0.180519000487084,0.15782934663394,0.144813784939048,0.191674385654763,0.119914695429788,0.672463344450657
1,0.5,0.2,0.5,0.4,-0.2,0.893372783334279,0.560766722573145,0.120985428293623,0.617117792206089,0.284972720736313,-0.224904074511452,NA,NA,NA,NA,NA,NA,0.154163974129254,0.118293034792318,0.0973140750165545,0.186370951503042,0.142322338104266,0.657403779018959
1,0.5,0.2,0.5,0.4,-0.2,0.867314525593769,0.565128655136869,0.20021256446275,1.47797948354708,0.0308084253992825,0.963217890213655,NA,NA,NA,NA,NA,NA,0.110799008692516,0.110732828805938,0.0707101423291482,0.339938669180803,0.241766195085228,0.233802217586097
1,0.5,0.2,0.5,0.4,-0.2,1.00759052489622,0.584634093731676,0.147677809721015,0.41016659883329,0.430887534310332,-1.26747815395243,NA,NA,NA,NA,NA,NA,0.189477103543731,0.183692362926926,0.0921371691198978,0.172110408990175,0.191367122337617,1.37668947827389
1,0.5,0.2,0.5,0.4,-0.2,0.721421461881018,0.663585994091925,0.146257301436563,0.791138807527779,0.338559470819668,0.118194200245171,NA,NA,NA,NA,NA,NA,0.169321810210966,0.142155430909588,0.06039301054691,0.197779881428066,0.155120004783582,0.582077984926689
1,0.5,0.2,0.5,0.4,-0.2,1.19254837805253,0.281589671980824,0.197504479291392,0.608489365385056,0.570136150886739,0.204920594586953,NA,NA,NA,NA,NA,NA,0.169937629068267,0.121521345711695,0.0670613992585498,0.189217325694511,0.137437511717818,0.491436170495204
1,0.5,0.2,0.5,0.4,-0.2,0.943343910788407,0.547029330422094,0.349380789125362,0.453802387030698,0.474466149385349,-0.672188389073758,NA,NA,NA,NA,NA,NA,0.191933688348198,0.194560400295254,0.0776431494917906,0.179869069847148,0.165652628016298,1.00950033142754
1,0.5,0.2,0.5,0.4,-0.2,1.04426268841472,0.478860905774518,0.0632434428697651,1.02417826527707,0.386610344676363,0.793934288754614,NA,NA,NA,NA,NA,NA,0.1306202286884,0.119878600888312,0.0526348857171033,0.233398213562669,0.139026138659375,0.369111785517141
1,0.5,0.2,0.5,0.4,-0.2,0.761787846951021,0.656868157170261,0.174544772236164,0.874537796034273,0.369430350423353,0.325278452786043,NA,NA,NA,NA,NA,NA,0.149520409796362,0.189197879839866,0.0613363636843609,0.308724329915499,0.375161447829581,0.415301958293638
1,0.5,0.2,0.5,0.4,-0.2,0.835391888463886,0.644094226633708,0.189753491682035,0.684104500887937,0.30652977501595,0.502881652060641,NA,NA,NA,NA,NA,NA,0.178207301136465,0.165917050373877,0.102547493300309,0.256931591386901,0.18227426602427,0.424436016113543
1,0.5,0.2,0.5,0.4,-0.2,1.02891466937074,0.597303662079527,0.1281023158731,0.37781921049863,0.311718047891347,-0.773120939204844,NA,NA,NA,NA,NA,NA,0.195915965579814,0.203675871315401,0.0933873107607297,0.182682322979551,0.141861170904008,1.14757145582167
1,0.5,0.2,0.5,0.4,-0.2,0.950860499973874,0.580966940889834,0.156006845083135,0.574149380558135,0.270671932475516,-0.0226935637340616,NA,NA,NA,NA,NA,NA,0.210696657113844,0.276394742308268,0.0930268373785719,0.262788895351516,0.325761677525237,0.74491329334734
1,0.5,0.2,0.5,0.4,-0.2,0.695158522052185,0.713347978097215,0.278433065637612,1.3000098253233,-0.104481039904144,0.514239225879747,NA,NA,NA,NA,NA,NA,0.199330266612116,0.253608220342679,0.117138927481725,0.511596960746967,0.237755531509793,0.726633665398147
1,0.5,0.2,0.5,0.4,-0.2,0.733962105840131,0.70214375422022,0.233391813835501,0.434914808601516,0.470142949314576,-1.27545796363452,NA,NA,NA,NA,NA,NA,0.207213297297096,0.186938879467195,0.0813138878106715,0.166369935349131,0.174404001694009,1.55690572190963
1,0.5,0.2,0.5,0.4,-0.2,0.878527565659649,0.509263321146292,0.279481956215606,0.783867798171765,0.373502449211026,0.198646986725798,NA,NA,NA,NA,NA,NA,0.142364222905297,0.113790116265773,0.0771539333554764,0.19479645676818,0.146949922905718,0.428837250684679
1,0.5,0.2,0.5,0.4,-0.2,1.05312975282814,0.510382068992493,0.210476591181959,0.371445788050132,0.588715339343968,-0.690482815554464,NA,NA,NA,NA,NA,NA,0.244522354045501,0.211732017297422,0.0574248211110058,0.180013634553586,0.177222311162712,0.943336792443388
1,0.5,0.2,0.5,0.4,-0.2,0.794543767909567,0.497238460822672,0.166308379574424,0.501678260775533,0.592810646470237,-1.0691487571427,NA,NA,NA,NA,NA,NA,0.181291526250642,0.153620985401746,0.0398752606193617,0.206682130845602,0.147383662722635,1.49249289819259
1,0.5,0.2,0.5,0.4,-0.2,0.936680665746754,0.766923505387849,0.158463214475772,0.217540706314494,0.466887349154905,-1.43368822004428,NA,NA,NA,NA,NA,NA,0.250998230790346,0.244884956402637,0.116834462159416,0.204974562871805,0.212169518599616,1.85862126442927
1,0.5,0.2,0.5,0.4,-0.2,0.894199917514374,0.559169960572303,0.262545600981124,0.804492226874854,0.170227239805261,0.067726956033013,NA,NA,NA,NA,NA,NA,0.12999602054896,0.123969685475031,0.0823485848226809,0.21309096032285,0.151572604536881,0.512228440946028
1,0.5,0.2,0.5,0.4,-0.2,0.986632588737168,0.656093582409968,0.276777265974888,0.712878536010906,0.420665576173828,0.206076831324801,NA,NA,NA,NA,NA,NA,0.172563859878558,0.167574974642227,0.0870884846014915,0.255160260350016,0.273427321360986,0.646757534775858
1,0.5,0.2,0.5,0.4,-0.2,1.28055158038228,0.186370154520142,0.258760110134853,0.244741765813631,0.53171879465979,-1.84515509538384,NA,NA,NA,NA,NA,NA,0.22428921377467,0.181477495102385,0.0833143901573571,0.167714056416024,0.141501488048332,2.4197635498515
1,0.5,0.2,0.5,0.4,-0.2,1.03057618048758,0.601887728872868,0.199251389154517,0.578236114203129,0.422856318689145,-0.132844062278941,NA,NA,NA,NA,NA,NA,0.199095324572477,0.158468888710005,0.084077694709185,0.246526083620497,0.165847570810396,1.39612788628105
1,0.5,0.2,0.5,0.4,-0.2,1.0102308442951,0.335790052391933,0.120922067922826,0.456964476021252,0.572196297381712,-0.928968883309133,NA,NA,NA,NA,NA,NA,0.185521177202508,0.134204044473071,0.0762614253950687,0.167708541033065,0.125935952924974,1.20448455841178
1,0.5,0.2,0.5,0.4,-0.2,1.00436511698352,0.422711040483462,0.336682124984239,0.595918149055886,0.454744295802107,-0.0981785608781493,NA,NA,NA,NA,NA,NA,0.169143105168475,0.139015393570179,0.0586452375534107,0.204103103742968,0.112268894650584,0.727903201146136
1,0.5,0.2,0.5,0.4,-0.2,0.809251156964905,0.545188753591666,0.37568893604755,0.383057690740535,0.564300275335509,-0.633394785748143,NA,NA,NA,NA,NA,NA,0.2099202556758,0.153578096121685,0.0848738622039135,0.178145115365685,0.129970155454074,0.724375624276292
1,0.5,0.2,0.5,0.4,-0.2,0.677046772976652,0.663904454253075,0.329209894787691,0.475382550922011,0.677685160366079,-1.55699246652109,NA,NA,NA,NA,NA,NA,0.146897605772778,0.115206975416331,0.0569204581928955,0.10214401069948,0.0945062912790546,0.240924948513006
1,0.5,0.2,0.5,0.4,-0.2,1.01023136030856,0.483338437437928,0.0850966166661279,0.683855649959206,0.547715560636054,0.481077898964646,NA,NA,NA,NA,NA,NA,0.175160934497331,0.144263109559204,0.061705010364379,0.200668077227356,0.144750557068533,0.502545738721096
1,0.5,0.2,0.5,0.4,-0.2,1.1636228262315,0.344277194174537,0.283023240487604,0.41928437413441,0.568818938567928,0.0053629073318187,NA,NA,NA,NA,NA,NA,0.208490714250608,0.171296189158111,0.0934280266777487,0.185924204933083,0.12217357003404,0.723873599975907
1,0.5,0.2,0.5,0.4,-0.2,1.15066546363983,0.318218687482022,0.105571204089805,0.527612179587711,0.509614513998753,-0.604689012413838,NA,NA,NA,NA,NA,NA,0.17510517242794,0.149611920968131,0.0704996064239525,0.164243477096414,0.138810560356394,1.09511284193455
1,0.5,0.2,0.5,0.4,-0.2,0.914704185299568,0.526875786727424,0.0492713879162889,0.708756504484808,0.386315146790382,0.475000718748922,NA,NA,NA,NA,NA,NA,0.171309503277233,0.152439067222765,0.0635600472316402,0.243210976713748,0.141501139986555,0.590144893271581
1,0.5,0.2,0.5,0.4,-0.2,0.922545918455964,0.548617014762593,0.194928448069826,0.606415988369593,0.284722803764379,0.0181526648501089,NA,NA,NA,NA,NA,NA,0.161640016295575,0.139522921918872,0.102508163272525,0.176327280156135,0.125779899015038,0.504547050484266
1,0.5,0.2,0.5,0.4,-0.2,1.12865085615848,0.317023558661537,0.308268507614722,0.433788206795855,0.530860036024011,-0.524004573479267,NA,NA,NA,NA,NA,NA,0.201714465146646,0.158097383200669,0.11647701524014,0.16519187999756,0.130755998457496,0.935146718280234
1,0.5,0.2,0.5,0.4,-0.2,0.910878022022796,0.564973691812911,0.339426205271055,0.340237274446773,0.598583317384468,-2.60073547241711,NA,NA,NA,NA,NA,NA,0.207610082660615,0.175237082944953,0.0925329291940984,0.205354612804181,0.284274525831228,4.88606450485666
1,0.5,0.2,0.5,0.4,-0.2,0.856168556150083,0.573069363197181,0.160465813504244,0.590660861300957,0.299194744436503,-0.00744164168410924,NA,NA,NA,NA,NA,NA,0.185237781534881,0.184001162595291,0.0903893024557486,0.229475147488611,0.126101534327038,0.835862930974571
1,0.5,0.2,0.5,0.4,-0.2,0.859925505378833,0.71075547280426,0.211013387645398,0.827414440938042,0.0932955646444714,0.513963696133326,NA,NA,NA,NA,NA,NA,0.151639459687001,0.147723417355402,0.0932107157287786,0.312388326725215,0.215023943861448,0.499116855831376
1,0.5,0.2,0.5,0.4,-0.2,1.02219566462923,0.339370060951223,0.0690064839259334,1.31107743773049,0.486308072422889,1.19799293817582,NA,NA,NA,NA,NA,NA,0.121895265647624,0.094205141736547,0.0393136838326829,0.300437636205386,0.222509635614337,0.2156755874567
1,0.5,0.2,0.5,0.4,-0.2,1.05676124708489,0.503988307404114,0.0338311933585603,0.375041708432345,0.387496466384365,-0.610749432663022,NA,NA,NA,NA,NA,NA,0.206866831938159,0.208165072172591,0.1215471607738,0.199868119305755,0.154899856812083,1.08164675237564
1,0.5,0.2,0.5,0.4,-0.2,0.997184589272929,0.47228753642664,0.181860425991352,0.57959205394257,0.236731526609993,-0.12124265045407,NA,NA,NA,NA,NA,NA,0.161465593245656,0.171101630565575,0.0965360825241122,0.262876493985715,0.131046319946669,1.0482246133872
1,0.5,0.2,0.5,0.4,-0.2,1.02019223071236,0.539981771946171,0.227920671531173,0.576229884154423,0.339763174377889,-0.30753142913175,NA,NA,NA,NA,NA,NA,0.167561864683638,0.136856177355883,0.0896107120904036,0.161301297337712,0.146935329031135,0.802793054635898
1,0.5,0.2,0.5,0.4,-0.2,0.727503646521919,0.767511667437517,0.196536849167921,0.797083286548854,0.0288588589324138,0.216084491291828,NA,NA,NA,NA,NA,NA,0.13994599440753,0.148676699439372,0.0779810691296096,0.228978017306521,0.172848237272625,0.404879846812508
1,0.5,0.2,0.5,0.4,-0.2,1.01816796864027,0.304713526414227,0.190014477859081,0.744233192269491,0.51767424252643,0.222282348214521,NA,NA,NA,NA,NA,NA,0.16020400596768,0.135974780363706,0.0668237464867524,0.206485399659894,0.182350520018372,0.56500806292841
1,0.5,0.2,0.5,0.4,-0.2,1.24914568716707,0.394481694486303,0.161247529210515,0.492434130529203,0.401273701552983,0.200184936185269,NA,NA,NA,NA,NA,NA,0.187268029917866,0.142316679895752,0.076464907551158,0.17940186238215,0.131721097866954,0.629468019987229
1,0.5,0.2,0.5,0.4,-0.2,1.15922975765428,0.360482431887092,0.265985382109631,0.282732673376161,0.354973058576405,-0.812476807876858,NA,NA,NA,NA,NA,NA,0.22194614529841,0.174341286886194,0.137432873850815,0.212287126807428,0.175050832151111,1.40515655085503
1,0.5,0.2,0.5,0.4,-0.2,0.889690678652985,0.559905496481613,0.0134722481719386,0.919277097007909,0.447680617573767,0.689406229004704,NA,NA,NA,NA,NA,NA,0.149420527278753,0.127535583732949,0.0603784083994381,0.22777872221217,0.210212238718289,0.3599650015267
1,0.5,0.2,0.5,0.4,-0.2,1.01825102583005,0.295515839112033,0.191571015628446,0.883648179257339,0.599951419145647,0.827452108356939,NA,NA,NA,NA,NA,NA,0.141904397021065,0.111407557528284,0.0554441584344697,0.173564902057784,0.124684546562024,0.212242088113604
1,0.5,0.2,0.5,0.4,-0.2,0.786433834452554,0.793755373393743,0.195088413188813,0.646932915094279,0.288159892640581,-0.565345214475573,NA,NA,NA,NA,NA,NA,0.154834803480231,0.145894683831403,0.0749933678223564,0.169685129669173,0.170874078896701,0.607339146921632
1,0.5,0.2,0.5,0.4,-0.2,1.22404764708633,0.515417604047034,0.208855899381664,0.529125898907843,0.197258449983033,0.0260195919386199,NA,NA,NA,NA,NA,NA,0.169373481754767,0.140345368017452,0.106253304224934,0.180212871822522,0.127582821122334,0.551484209899106
1,0.5,0.2,0.5,0.4,-0.2,1.38979399619602,0.286113040241434,0.133361999328208,0.365210318086233,0.476882090382938,-0.289500875652109,NA,NA,NA,NA,NA,NA,0.206889518009363,0.164516053149517,0.0923217400896804,0.184869052027595,0.143857730892567,1.09620430973901
1,0.5,0.2,0.5,0.4,-0.2,1.20304477137167,0.102266147411059,0.10987659027691,0.444308489163759,0.800972720906843,-0.94516443945982,NA,NA,NA,NA,NA,NA,0.194006927134658,0.154348267705142,0.0762480819633841,0.159822440245366,0.129184357159542,1.32142376753577
1,0.5,0.2,0.5,0.4,-0.2,1.23385908403694,0.177803614904873,0.279579801721395,0.454942427927939,0.65337790648217,-0.542805363575746,NA,NA,NA,NA,NA,NA,0.188239423303236,0.122470215721984,0.0769638019452616,0.158265575696231,0.130062653850165,0.943310518248135
1,0.5,0.2,0.5,0.4,-0.2,0.769092642816476,0.630506296081523,0.166407788249653,0.501232996319291,0.353693225832929,-0.874830233454536,NA,NA,NA,NA,NA,NA,0.181324930521913,0.167610247251092,0.0892562007653131,0.241908786518672,0.223113062627077,1.57876875098761
1,0.5,0.2,0.5,0.4,-0.2,0.914806289616422,0.547819411043382,0.19670354326788,0.615171151520757,0.418372270031144,-0.839388237276277,NA,NA,NA,NA,NA,NA,0.16802183913389,0.163299527119127,0.110734195670391,0.174922184182654,0.171667285514623,1.41696179780368
1,0.5,0.2,0.5,0.4,-0.2,0.989523573856836,0.661642054039335,0.195543815840369,0.518737738123241,0.458100547478212,-0.535456935010864,NA,NA,NA,NA,NA,NA,0.173506389869741,0.159411757058786,0.0730917923335539,0.191392813366955,0.134191577310185,0.949613288265958
1,0.5,0.2,0.5,0.4,-0.2,1.00162450571437,0.34263500252939,0.160257316867777,0.773800149741293,0.389248465530667,0.383011253783816,NA,NA,NA,NA,NA,NA,0.157201073702846,0.13567139655672,0.079711887756371,0.295944021782816,0.154362265326736,0.623582143386771
1,0.5,0.2,0.5,0.4,-0.2,1.04994476201344,0.508149243176278,0.137817523633022,0.534869279152365,0.492582488203908,-0.703405823960889,NA,NA,NA,NA,NA,NA,0.164010551490348,0.102557561364708,0.0672987380114612,0.17240305768548,0.145126303028877,1.03087626665258
1,0.5,0.2,0.5,0.4,-0.2,0.697284726341697,0.871491134700804,0.309292570506899,0.574758015290191,0.193397127794104,-1.26949590663666,NA,NA,NA,NA,NA,NA,0.150870390805562,0.148121830988411,0.0828000365445598,0.134274995795212,0.149711766787004,0.643630278596568
1,0.5,0.2,0.5,0.4,-0.2,1.08672916766763,0.431752173689789,0.118241767778974,0.323035224861631,0.560493724975117,-0.564305028197357,NA,NA,NA,NA,NA,NA,0.227478417695507,0.179937602467853,0.0950924594877552,0.19809118135382,0.138131524294347,1.27380876819273
1,0.5,0.2,0.5,0.4,-0.2,1.13664144971897,0.748513327210499,0.241150656669046,0.369538177149991,0.200595220431376,-0.530792554996461,NA,NA,NA,NA,NA,NA,0.20079557588115,0.270737652519229,0.11043083348228,0.218414183527686,0.204377434498626,1.11944335158375
1,0.5,0.2,0.5,0.4,-0.2,0.842415786726429,0.488301430676831,0.165884853371444,0.60271865718412,0.460353746232427,-0.345429296688134,NA,NA,NA,NA,NA,NA,0.174141688780399,0.14041819221959,0.0565807555034864,0.217007117284284,0.177461647157067,0.861407765994506
1,0.5,0.2,0.5,0.4,-0.2,0.969899351606899,0.328643301274656,0.205409458915028,0.377152268136204,0.604659276132907,-0.542896568631244,NA,NA,NA,NA,NA,NA,0.24360885994958,0.217469416041352,0.110422489135711,0.200712039438431,0.159092133948369,0.899971423425036
1,0.5,0.2,0.5,0.4,-0.2,1.0027822602749,0.37823806486903,0.0881889019729055,0.71828899031191,0.450013360688411,0.448697910727446,NA,NA,NA,NA,NA,NA,0.183024250686877,0.175766436303513,0.0718757988014046,0.250953773330879,0.227678779810795,0.515890094194403
1,0.5,0.2,0.5,0.4,-0.2,1.06147896737841,0.275469396088292,0.270080645187348,0.439473179704791,0.483921445947328,-0.275693163634852,NA,NA,NA,NA,NA,NA,0.20760482952549,0.191679633202178,0.104814246513547,0.196320863783469,0.132336406233845,0.878407587684138
1,0.5,0.2,0.5,0.4,-0.2,1.03907431750644,0.491621219990097,0.254178711760667,0.661361362301436,0.221052625027002,-0.00369465150176631,NA,NA,NA,NA,NA,NA,0.153468531031507,0.173054240869678,0.0863619338664157,0.200089365407904,0.202380432169266,0.636063573578999
1,0.5,0.2,0.5,0.4,-0.2,0.86014261532326,0.72415806890867,0.1245843927011,0.994770407778034,-0.0323760830812913,0.352763439779299,NA,NA,NA,NA,NA,NA,0.119653060560999,0.125872595835686,0.0640814246261681,0.221915383734282,0.187447592677577,0.389304395738493
1,0.5,0.2,0.5,0.4,-0.2,1.59266604830989,0.131411549557127,0.209651993977186,0.169521246639323,0.484035927712293,-0.559584665760522,NA,NA,NA,NA,NA,NA,0.243688382416746,0.187335722787867,0.112795478401304,0.221399445585883,0.137764592957276,1.94492226310663
1,0.5,0.2,0.5,0.4,-0.2,0.75074980454961,0.809395033735587,0.0962557144119972,0.631692472106674,0.249295306866647,-0.568680120106995,NA,NA,NA,NA,NA,NA,0.156885868540896,0.14841173658237,0.0795465499779255,0.174164295684852,0.168900103757135,0.694454191277558
1,0.5,0.2,0.5,0.4,-0.2,0.880037773624045,0.689851305211118,0.094703134901552,0.416649049852892,0.454787242899582,-0.866941020498605,NA,NA,NA,NA,NA,NA,0.189585205758621,0.157333867111835,0.0772843213669537,0.207445337237571,0.169986843209127,1.37461831401587
1,0.5,0.2,0.5,0.4,-0.2,0.863674940292947,0.552493519167797,-0.00732839314198333,0.769527730051877,0.322703426827559,0.380362143995288,NA,NA,NA,NA,NA,NA,0.147430112179871,0.127137810596901,0.074768131289668,0.199088264221049,0.155849272434964,0.424856368242743
1,0.5,0.2,0.5,0.4,-0.2,0.729697795196964,0.608928664771074,0.166224887729795,0.604862332694702,0.535156579150995,-0.169647680469029,NA,NA,NA,NA,NA,NA,0.179827147545242,0.132566232105497,0.0999765086443778,0.161815818940834,0.129487969025045,0.53147661915087
1,0.5,0.2,0.5,0.4,-0.2,0.615653825746282,0.609493245839923,0.313932885512095,0.716566441911009,0.382921632078194,-0.548549205321405,NA,NA,NA,NA,NA,NA,0.144230829259976,0.126450604505759,0.0780846045503987,0.178528680524024,0.164977672065798,0.645320160289702
1,0.5,0.2,0.5,0.4,-0.2,0.988835450521869,0.476069912632765,0.179308617102469,0.425770891502324,0.603553727214075,-1.5791777874049,NA,NA,NA,NA,NA,NA,0.193941520743864,0.1625668081784,0.0589212461720332,0.139107258470227,0.126161821096522,1.20902422432537
1,0.5,0.2,0.5,0.4,-0.2,0.811650947182698,0.565277257061131,0.10011615131647,0.515302390821415,0.324272210252933,-0.589894599024156,NA,NA,NA,NA,NA,NA,0.174890763305915,0.142879764256531,0.108976357332564,0.181665435246808,0.139392022843068,0.864051686769463
1,0.5,0.2,0.5,0.4,-0.2,0.937103639965243,0.717777068880206,0.058129671692669,0.397761750638014,0.493934655569698,-1.45065807534199,NA,NA,NA,NA,NA,NA,0.197987148216188,0.166177290939622,0.0940477478007365,0.177095807410027,0.214179003594367,2.04735130011137
1,0.5,0.2,0.5,0.4,-0.2,0.790480090135551,0.639604978425852,-0.0078245221460144,0.693278428212107,0.523616812332041,-0.81247532783964,NA,NA,NA,NA,NA,NA,0.152237794517613,0.127269065482442,0.0660972811856195,0.159744029165951,0.174817766959489,0.925697409836197
1,0.5,0.2,0.5,0.4,-0.2,0.896807510412191,0.482377166662265,0.148387183152455,0.396437917119456,0.569636565039404,-1.61045843650194,NA,NA,NA,NA,NA,NA,0.192794662009364,0.148179850400818,0.0766154828443946,0.202127407745144,0.187499188224397,2.28213915435028
1,0.5,0.2,0.5,0.4,-0.2,1.01656994148599,0.302885992165438,0.180278472148667,0.57168351807567,0.479425306095612,0.119332510689979,NA,NA,NA,NA,NA,NA,0.186089345355312,0.193536566422072,0.0875520729586149,0.211895055030133,0.14241374279443,0.69089055519606
1,0.5,0.2,0.5,0.4,-0.2,1.29351941804465,0.419976205945018,0.395394780464034,0.414715317714787,0.523519364149933,-1.64279368026732,NA,NA,NA,NA,NA,NA,0.203848708769756,0.182487409842519,0.0907898847802496,0.146782491091957,0.150191704101048,1.67648701806561
1,0.5,0.2,0.5,0.4,-0.2,0.845054006694039,0.430337754780268,0.292811183530911,0.674735630204852,0.49362696683326,-0.145108218899776,NA,NA,NA,NA,NA,NA,0.159497462170828,0.12328918377096,0.0705295220700238,0.171456145178011,0.132235539895557,0.477065923016787
1,0.5,0.2,0.5,0.4,-0.2,0.967164882104868,0.611764064105126,0.0788106237348459,0.313642670115045,0.499795561049004,-2.10353998889335,NA,NA,NA,NA,NA,NA,0.171105361017271,NA,0.0988337901754083,NA,NA,NA
1,0.5,0.2,0.5,0.4,-0.2,0.9405840625535,0.357723703305107,0.185127224523572,0.938258881623758,0.390358418489839,0.165970356053716,NA,NA,NA,NA,NA,NA,0.117512861236151,0.107201588166742,0.0475087542176449,0.171233463784783,0.146963293000895,0.408443178932621
1,0.5,0.2,0.5,0.4,-0.2,0.917272741108901,0.444192980235276,0.277606529628315,0.375898317929401,0.539134781375839,-0.873684706531122,NA,NA,NA,NA,NA,NA,0.205153445562605,0.160690089340246,0.0893916092645251,0.173713968863437,0.132768494301778,1.07404943142102
1,0.5,0.2,0.5,0.4,-0.2,0.948266175661483,0.678818996359754,0.223418545351441,1.00332620249419,0.0277423678610281,0.635541026918636,NA,NA,NA,NA,NA,NA,0.133657369251858,0.135458903115973,0.0994045729681874,0.216491240071907,0.176451081535736,0.368752903792939
1,0.5,0.2,0.5,0.4,-0.2,0.960123832906532,0.522406385027606,0.28620406858871,0.732484838738494,0.205626530776822,0.213868349830819,NA,NA,NA,NA,NA,NA,0.144907847459089,0.154082339869759,0.0856066537952463,0.234048071169289,0.222560078740728,0.48132873316342
1,0.5,0.2,0.5,0.4,-0.2,0.896440843152866,0.530348740253811,0.117706724459708,0.359745778655378,0.532360181579766,-1.13825328972616,NA,NA,NA,NA,NA,NA,0.204566372585936,0.153881380331434,0.0907932478126749,0.159798948998679,0.147691071501069,1.22245533576627
1,0.5,0.2,0.5,0.4,-0.2,1.38350169636029,0.0450344980129706,0.190960564685191,0.520192604890484,0.517415688530897,0.760181817999739,NA,NA,NA,NA,NA,NA,0.247821714249509,0.244712945523577,0.156005093741358,0.587336927251601,0.203800451938917,1.68723598694443
1,0.5,0.2,0.5,0.4,-0.2,0.728438898474171,0.654655649114852,0.123922601878047,0.780749312802623,0.352857632880948,-0.29300606703878,NA,NA,NA,NA,NA,NA,0.148597326442219,0.156764633850964,0.0683946516858285,0.203018270217668,0.189441604812944,0.597261782218237
1,0.5,0.2,0.5,0.4,-0.2,0.945976637530552,0.383110658320844,0.0783554684318981,0.593153643280083,0.539072922846596,0.373749800364443,NA,NA,NA,NA,NA,NA,0.194118215392828,0.169158310317229,0.0748855070766297,0.220213456471083,0.134247587237291,0.577179009742056
1,0.5,0.2,0.5,0.4,-0.2,1.19953372790771,0.384794123735878,0.0899781349058802,0.130479270654019,0.613480564365679,-1.26307440563056,NA,NA,NA,NA,NA,NA,0.276860839367585,0.21016354399361,0.133313682249319,0.198498470843366,0.170748725229136,1.723720755055
1,0.5,0.2,0.5,0.4,-0.2,0.922013565581012,0.793866724140645,0.167411357068882,0.944841772312741,-0.211729612052559,0.597608477628703,NA,NA,NA,NA,NA,NA,0.148006825075153,0.16854953644596,0.096578939066241,0.19430674625936,0.216047521143822,0.295972152409253
1,0.5,0.2,0.5,0.4,-0.2,0.965407516778645,0.708388711946991,0.191594394847665,0.511430220393611,0.31407250191661,-0.533924466290728,NA,NA,NA,NA,NA,NA,0.179039141453406,0.148535363437854,0.103919053338977,0.192246856555539,0.150046012198145,0.738021828935545
1,0.5,0.2,0.5,0.4,-0.2,1.06323827332479,0.404842989901003,0.228819411030726,0.493430298171579,0.521219805430028,-0.128435735053376,NA,NA,NA,NA,NA,NA,0.180932600797693,0.114520547484746,0.0880318470087303,0.181418284194388,0.123388735452997,0.756448470697224
1,0.5,0.2,0.5,0.4,-0.2,0.745741916877942,0.626235639399949,0.21742055222341,0.713531038341526,0.477472072526409,-0.608115537167077,NA,NA,NA,NA,NA,NA,0.159201328374487,0.140717627630446,0.0610413163791634,0.193391446829654,0.181665416191535,0.738617940659215
1,0.5,0.2,0.5,0.4,-0.2,1.0634091342316,0.290718238530238,0.271908858142368,0.693522442304926,0.605222841791865,-0.0546931825131925,NA,NA,NA,NA,NA,NA,0.155734276056714,0.105942906360852,0.052684790023112,0.160340631317267,0.141086133351054,0.712121894248274
1,0.5,0.2,0.5,0.4,-0.2,0.713534404731778,0.597748774577224,0.166726856171535,0.684082358322815,0.398851885967529,-0.55742263057864,NA,NA,NA,NA,NA,NA,0.157432358713095,0.155007475442887,0.0841466857150122,0.164187615207319,0.166082740258079,0.558140895055119
1,0.5,0.2,0.5,0.4,-0.2,0.89103508096931,0.661860216453868,0.342691766139271,0.316716490422168,0.589241297605901,-2.25565602855066,NA,NA,NA,NA,NA,NA,0.213093328286647,0.178722140941915,0.091310058753662,0.124089226138673,0.105415626384707,0.84850003580493
1,0.5,0.2,0.5,0.4,-0.2,0.937619779419247,0.408673601495646,0.177435081262041,0.569648148610296,0.603556831502355,0.0232028370806031,NA,NA,NA,NA,NA,NA,0.190420959196196,0.163666347890626,0.0583568962512828,0.169719754614388,0.134265867771025,0.548164570802499
1,0.5,0.2,0.5,0.4,-0.2,1.09002394083789,0.546156198357682,0.211943968742413,1.33640186190394,-0.290596716132798,0.966404489699786,NA,NA,NA,NA,NA,NA,0.108908862432512,0.118033147954112,0.0698333880906698,0.246636350712581,0.199458354536108,0.239993027825924
1,0.5,0.2,0.5,0.4,-0.2,1.27445338475445,0.0609136332383525,0.0701964286849572,0.358927397080109,0.642130506401569,0.131923309558155,NA,NA,NA,NA,NA,NA,0.235654325597998,0.210734763319125,0.091673737968827,0.19064256245054,0.138631816755473,0.685316344280408
1,0.5,0.2,0.5,0.4,-0.2,1.00247807412266,0.38626151656793,0.172106258609444,0.511195555526705,0.48849371049292,0.101874419421961,NA,NA,NA,NA,NA,NA,0.181610540085137,0.139898574758148,0.0790434739516486,0.221009649269362,0.145029986887888,0.729373632077135
1,0.5,0.2,0.5,0.4,-0.2,0.719875403280314,0.571650247240409,0.106508011671174,0.421453161403303,0.652751734491987,-1.88723229182461,NA,NA,NA,NA,NA,NA,0.196053866518917,0.162716592928566,0.0895515547704608,0.149047299282037,0.146432698079317,1.42072054831759
1,0.5,0.2,0.5,0.4,-0.2,1.40100968544362,0.297087851357622,0.195328900373643,0.585243451451336,0.222319094768715,0.699485165035564,NA,NA,NA,NA,NA,NA,0.172098764236433,0.14911940254148,0.104100467995277,0.264778388977793,0.142917726452748,0.619505582005801
1,0.5,0.2,0.5,0.4,-0.2,0.736803643542916,0.79076942033282,0.287981843643101,0.438915934725371,0.472316516006628,-2.03652157747939,NA,NA,NA,NA,NA,NA,0.192467024431684,0.174664828741834,0.0730450835766809,0.146521404498171,0.180256313977023,1.34871410835208
1,0.5,0.2,0.5,0.4,-0.2,1.13846701348131,0.115934907478064,0.255635629972906,0.458607028225094,0.789865871175816,-0.262874349439718,NA,NA,NA,NA,NA,NA,0.22071241868336,0.219359319555843,0.0526130177292584,0.17343288616909,0.155211694696205,0.870890342199284
1,0.5,0.2,0.5,0.4,-0.2,1.13431084152416,0.440025752055098,0.0631095175525729,0.472965179307423,0.422412760153194,-0.473041738555555,NA,NA,NA,NA,NA,NA,0.200449765512565,0.226218069165469,0.0987414668611466,0.172776133387522,0.18223614414021,0.842766485314967
1,0.5,0.2,0.5,0.4,-0.2,1.18338561505586,0.489015851977085,0.134667854675575,0.228351094016718,0.473987462841282,-1.4359304251451,NA,NA,NA,NA,NA,NA,0.236958103048045,0.192707393024295,0.090858868677945,0.188823002522793,0.159594563216796,2.18892308681869
1,0.5,0.2,0.5,0.4,-0.2,1.21134109008548,0.142125975334957,0.161153171054121,0.438661402286042,0.597118923537991,-0.0784775085209742,NA,NA,NA,NA,NA,NA,0.198211971754914,0.162178613389327,0.0717859354847581,0.176049781265026,0.107603841556749,0.693299887014559
1,0.5,0.2,0.5,0.4,-0.2,1.0430236647519,0.45969569502928,0.128879912014611,0.554882487951615,0.233854061544952,0.379667038456427,NA,NA,NA,NA,NA,NA,0.177691801779186,0.142208700622491,0.0994845864290835,0.175671791532352,0.120000789619875,0.37226105168441
1,0.5,0.2,0.5,0.4,-0.2,1.00411899118489,0.516535067003332,0.202136957694509,0.324947998006923,0.511793211511684,-0.847935493257982,NA,NA,NA,NA,NA,NA,0.223569079648856,0.193142472227841,0.10959479682825,0.179952423897602,0.150977327173868,0.9513334305015
1,0.5,0.2,0.5,0.4,-0.2,1.17782226973382,0.459231193860353,0.322501510494222,0.480517352845065,0.316031114900198,0.152622557387075,NA,NA,NA,NA,NA,NA,0.19355004808436,0.239075726540592,0.143963058928811,0.246488167235423,0.130006836804957,1.05916963351784
1,0.5,0.2,0.5,0.4,-0.2,1.00123056017707,0.387394431904133,0.183758581625328,0.772056639729265,0.373769564693719,0.554213800811956,NA,NA,NA,NA,NA,NA,0.154855371597461,0.143883432907571,0.0815631356987961,0.354704684907099,0.251725050766322,0.637962210470934
1,0.5,0.2,0.5,0.4,-0.2,0.749712762920272,0.59616319786046,0.13375843807487,0.663674915077146,0.401659106317826,-0.427600027362161,NA,NA,NA,NA,NA,NA,0.157895577985189,0.129555290072337,0.0814464209108612,0.195242411813824,0.153519861657982,0.674179748335379
1,0.5,0.2,0.5,0.4,-0.2,1.35405805489701,0.239703841003979,0.201459783117107,0.276412875416978,0.493666524447055,-1.4063439761405,NA,NA,NA,NA,NA,NA,0.211013998115486,0.153536580992073,0.0826168027248835,0.200785601014068,0.161083339981976,2.93100945189382
1,0.5,0.2,0.5,0.4,-0.2,1.03707445933436,0.66631782163011,0.04333204842072,0.527936411659663,0.16836814340702,-0.309886360634978,NA,NA,NA,NA,NA,NA,0.15962139922426,0.17009811364436,0.103519124984742,0.301205130469156,0.236908225532266,1.33873694601108
1,0.5,0.2,0.5,0.4,-0.2,1.27948095924016,0.15550447037799,0.216756355027031,0.491599831312755,0.575832424448601,0.0600227103168674,NA,NA,NA,NA,NA,NA,0.199552361542743,0.172062558438488,0.0633816037112972,0.180237703306404,0.153721223120029,0.597062872962859
1,0.5,0.2,0.5,0.4,-0.2,0.922366105100342,0.418963010617872,0.174375101778474,0.768210218115569,0.484694104745565,0.422570418465983,NA,NA,NA,NA,NA,NA,0.181601573372047,0.176635850095764,0.0608741929861774,0.243456472322633,0.197610793797761,0.487299953595186
1,0.5,0.2,0.5,0.4,-0.2,1.26547412390294,0.36666594467227,0.161000117006047,0.346347346992044,0.536649790881358,-0.7143217744308,NA,NA,NA,NA,NA,NA,0.220617793100072,0.16985775346009,0.0948837847249301,0.179915443781009,0.137397422306236,1.33863782296396
1,0.5,0.2,0.5,0.4,-0.2,1.12154316130473,0.665408946354527,0.125846129074244,0.708048527249265,0.0637687373942375,0.599271100337871,NA,NA,NA,NA,NA,NA,0.154787997793047,0.164929213011992,0.0796012332989146,0.221298524469456,0.181303536774986,0.429983015342707
1,0.5,0.2,0.5,0.4,-0.2,0.70321458355048,0.746142165214914,0.228569588436517,0.285967999463016,0.473390021246476,-1.35224340900667,NA,NA,NA,NA,NA,NA,0.215031652991454,0.170625570468296,0.095196295449019,0.18415394590623,0.129106054241104,1.28616734423842
1,0.5,0.2,0.5,0.4,-0.2,0.773357179738244,0.608026430944464,0.0921895107365601,0.910313321510887,0.251854033553139,0.285421110325481,NA,NA,NA,NA,NA,NA,0.129125678212506,0.117799475320464,0.0524465851827499,0.250799045504088,0.218490206963286,0.442028248024032
1,0.5,0.2,0.5,0.4,-0.2,0.859170226200436,0.540772276936169,0.23463183580238,0.384863855408864,0.482412487933555,-2.06101678528673,NA,NA,NA,NA,NA,NA,0.185481107363281,0.136179048939686,0.0770302686148484,0.140802679822617,0.128964682122406,1.64535880057487
1,0.5,0.2,0.5,0.4,-0.2,0.950356218404922,0.498922267797926,0.0888839989751908,0.829807248959441,0.288685749490864,0.64682604705537,NA,NA,NA,NA,NA,NA,0.150102821091482,0.143311679418858,0.0937707736222172,0.383048602062366,0.217549061032707,0.627608795231879
1,0.5,0.2,0.5,0.4,-0.2,0.839788477523891,0.597302737341252,0.343649668088053,0.647325334167088,0.372928272676376,-0.208469278891712,NA,NA,NA,NA,NA,NA,0.16239854607946,0.154106635050065,0.113158389828709,0.310705726498846,0.16062631916897,1.34108075306527
1,0.5,0.2,0.5,0.4,-0.2,1.35903403073824,0.255864274098958,0.0596177729076138,0.150406712243513,0.696672935501155,-1.19630787361264,NA,NA,NA,NA,NA,NA,0.263536568542284,0.200265408449848,0.0843128637184125,0.145783930942081,0.120321506111359,1.31332026134582
1,0.5,0.2,0.5,0.4,-0.2,0.97495273881031,0.625962068851781,0.286839711976314,0.552145427356015,0.342383825962747,-0.302345532743126,NA,NA,NA,NA,NA,NA,0.170392693748043,0.147038035353363,0.111150675774048,0.216013608666349,0.191778732564355,0.880526483429116
1,0.5,0.2,0.5,0.4,-0.2,0.99484454415004,0.484537046482783,0.263445287312197,0.682324810062458,0.468021061638242,-0.062483090364341,NA,NA,NA,NA,NA,NA,0.158934677530171,0.135603369843041,0.0778856228552075,0.187603518727911,0.133029987627268,0.699450566041348
1,0.5,0.2,0.5,0.4,-0.2,0.720883805381501,0.721636569622723,0.313750939088867,0.690804206758505,0.247744081905145,-0.249257056646361,NA,NA,NA,NA,NA,NA,0.147530474325718,0.138306008001773,0.0773590835196292,0.172451713682013,0.13930200381594,0.471847584184704
1,0.5,0.2,0.5,0.4,-0.2,0.840546800376784,0.705854413181581,0.223423801709928,0.72664992471889,0.145796617523464,0.266795863226654,NA,NA,NA,NA,NA,NA,0.153438584940941,0.165411043804856,0.10879732173226,0.22529648275116,0.214499602448395,0.503510722562631
1,0.5,0.2,0.5,0.4,-0.2,0.72288704321523,0.640614824581298,0.173286223186578,0.486449879504562,0.425368896656492,-0.887469256429662,NA,NA,NA,NA,NA,NA,0.175896141229396,0.13552152168567,0.0835863173588834,0.168609371046041,0.141466379934037,0.847059909841547
1,0.5,0.2,0.5,0.4,-0.2,0.751550631382667,0.674867895850213,0.079662705895505,0.951208541318321,0.0558767187609081,0.243279058408503,NA,NA,NA,NA,NA,NA,0.11705070009113,0.143866912058574,0.0790218293864206,0.251035526750095,0.269347429058582,0.364130993077927
1,0.5,0.2,0.5,0.4,-0.2,1.03715560972799,0.626511774548875,0.165842336971824,0.47796842431391,0.43570602911424,-0.0245761114807656,NA,NA,NA,NA,NA,NA,0.200976009900484,0.190061365718666,0.0854599069634693,0.263945766247717,0.201506575983767,0.996246163842698
1,0.5,0.2,0.5,0.4,-0.2,1.18924287792979,0.236765896259989,0.207227006097633,0.400225791582307,0.576933478315779,-0.869089086424098,NA,NA,NA,NA,NA,NA,0.202746523880051,0.152582718380662,0.0873810015513105,0.175403616844109,0.129455870734438,1.29410015222025
1,0.5,0.2,0.5,0.4,-0.2,0.868080412163514,0.689742537295095,0.189359193698313,0.415183900586961,0.456245111154624,-0.509397162284169,NA,NA,NA,NA,NA,NA,0.217200800531886,0.19466794995792,0.089243666554926,0.244610773452344,0.20475199995542,1.45712986299509
1,0.5,0.2,0.5,0.4,-0.2,1.3579635475493,0.381266734256941,0.231290457644028,0.478660465401319,0.456790226171316,0.351344309568386,NA,NA,NA,NA,NA,NA,0.193597713526083,0.170077289809347,0.0972424477720433,0.202343758456376,0.13863676229232,0.688123561876789
1,0.5,0.2,0.5,0.4,-0.2,1.07752781494313,0.332301654740929,0.186181744091446,1.05463328882976,0.359336491742341,0.850325959389213,NA,NA,NA,NA,NA,NA,0.119805530527748,0.104150896229394,0.0650093969851846,0.285102126217642,0.192649518524136,0.343554632615965
1,0.5,0.2,0.5,0.4,-0.2,1.05613398352685,0.37133200185214,0.284654360750858,0.514922698591449,0.412255497951398,-0.0876797170354152,NA,NA,NA,NA,NA,NA,0.182489212571063,0.165255633898036,0.0939780770727983,0.195413387569091,0.139606572335626,0.7089851392525
1,0.5,0.2,0.5,0.4,-0.2,0.988992913171007,0.432561865859929,0.206085952992981,0.369062662831872,0.466275380720927,-0.946570019278616,NA,NA,NA,NA,NA,NA,0.199615710419215,0.154128506497129,0.0932490295453972,0.198236139624054,0.161226083780366,1.40233346225683
1,0.5,0.2,0.5,0.4,-0.2,0.653780566021804,0.827339249655144,0.106125518075339,0.77372012944022,-0.0361316770551253,0.0624178588507027,NA,NA,NA,NA,NA,NA,0.144656256283786,0.151426420413208,0.0771022010888416,0.203445331104565,0.194910559372389,0.401473439895472
1,0.5,0.2,0.5,0.4,-0.2,1.1837533014376,0.435692459997942,0.322668995138571,0.439863361464013,0.4474721019915,-0.209049234229978,NA,NA,NA,NA,NA,NA,0.202912275685945,0.153806780802523,0.144345690680465,0.210484243247603,0.114059039826317,1.07481937305169
1,0.5,0.2,0.5,0.4,-0.2,0.803019703397113,0.734579027277831,0.445224701489489,0.463438833223633,0.553170692448744,-1.34882072340961,NA,NA,NA,NA,NA,NA,0.19039304961771,0.1669313841801,0.099779280591652,0.161026236611209,0.133415423515183,1.542146329142
1,0.5,0.2,0.5,0.4,-0.2,0.76480403383271,0.469060847622009,0.294060074728287,1.0423271020906,0.345972401749984,0.521729546477409,NA,NA,NA,NA,NA,NA,0.115338139920726,0.0921396319460865,0.0589685831433252,0.219310662487396,0.14949867796255,0.253452643496084
1,0.5,0.2,0.5,0.4,-0.2,1.04385194502132,0.478346760474764,0.111212672228951,0.562831705113478,0.342322904414144,-0.037001208108057,NA,NA,NA,NA,NA,NA,0.171721235011124,0.132425027855732,0.0968656475617782,0.217490515891085,0.15634674498679,0.869731238539705
1,0.5,0.2,0.5,0.4,-0.2,0.794287476040824,0.47793530893615,0.148997663770372,0.719677966831205,0.450725045778484,0.00288960223699205,NA,NA,NA,NA,NA,NA,0.161104748119404,0.143390665312454,0.0619924286617364,0.182438510746451,0.147025147846657,0.424593748077932
1,0.5,0.2,0.5,0.4,-0.2,0.788678323025251,0.67350091818994,0.281012500088958,0.915731013623249,0.154528933538386,0.138466010942007,NA,NA,NA,NA,NA,NA,0.122609266172232,0.136383317095703,0.0715988465829042,0.239034501114478,0.29964286688773,0.48848860476244
1,0.5,0.2,0.5,0.4,-0.2,1.12223085929603,0.343994111433868,0.327380893546994,0.327362928797732,0.560299046226498,-0.446466425667469,NA,NA,NA,NA,NA,NA,0.229903034320394,0.199463494230434,0.0818994144569462,0.18398944527202,0.147284945386384,0.849396005073249
1,0.5,0.2,0.5,0.4,-0.2,1.04294171022914,0.595011123774751,0.042956455544742,0.781432071102368,0.295201383627425,0.906133162790462,NA,NA,NA,NA,NA,NA,0.175123428785361,0.16267256208327,0.0695781662375797,0.249899104395971,0.170486523579899,0.408794239697449
1,0.5,0.2,0.5,0.4,-0.2,1.07516712960221,0.473063106583132,0.31275557496379,0.570931450198037,0.338016456379621,-0.124685164035218,NA,NA,NA,NA,NA,NA,0.161875703292526,0.125740784759465,0.0942810015629591,0.167124659271071,0.115775411849409,0.555446313777191
1,0.5,0.2,0.5,0.4,-0.2,0.922763327544566,0.586714025341717,0.102014326910586,0.633808115025953,0.333686121548677,-0.142663255772223,NA,NA,NA,NA,NA,NA,0.172983693613379,0.183194497443219,0.0844631276196853,0.221465331954121,0.217980693374275,0.678485143661295
1,0.5,0.2,0.5,0.4,-0.2,1.15240795491931,0.400472848407801,0.220655635109533,0.762582657858052,0.376670749769138,0.901442835296403,NA,NA,NA,NA,NA,NA,0.170643820912864,0.167020746609917,0.0812749418673492,0.361077060047758,0.23242590638805,0.530684659013721
1,0.5,0.2,0.5,0.4,-0.2,1.05014006083114,0.360402211757484,0.190192649139245,0.607073997277548,0.560877800226282,-0.243549649481106,NA,NA,NA,NA,NA,NA,0.16769682048884,0.121953639246924,0.0590247004746023,0.175156915111982,0.148558457830818,0.673276261040406
1,0.5,0.2,0.5,0.4,-0.2,0.979399023271962,0.511949345048091,0.236289507350347,0.658853649943752,0.221492653352271,0.0923112797891418,NA,NA,NA,NA,NA,NA,0.158290240421381,0.168532163773061,0.0765807718939055,0.207890712667394,0.159779451964432,0.590960667201819
1,0.5,0.2,0.5,0.4,-0.2,0.817951683124227,0.494612945778925,0.240559042285577,0.573098019726641,0.485399538322375,-0.214150456348399,NA,NA,NA,NA,NA,NA,0.174047924919058,0.130354831885478,0.0593688590962626,0.188119718021628,0.150620497790191,0.571038856565135
1,0.5,0.2,0.5,0.4,-0.2,0.684574021338261,0.627333033797301,0.201929918390803,0.517553953187016,0.429105835162536,-1.10368818795147,NA,NA,NA,NA,NA,NA,0.184628436437247,0.176297179279094,0.0815023350637285,0.155674145290044,0.172858725969788,0.948773048554818
1,0.5,0.2,0.5,0.4,-0.2,1.02668474543653,0.552189079645639,0.137673692603454,0.461704524686747,0.424353515291248,-0.438972872112343,NA,NA,NA,NA,NA,NA,0.185315788050118,0.145696926442201,0.0947405391216101,0.158614774414636,0.136923825178552,0.666960960661794
1,0.5,0.2,0.5,0.4,-0.2,0.941226539746144,0.463833775370561,0.216194749017395,0.617980226866723,0.384923762252401,-0.274917878924631,NA,NA,NA,NA,NA,NA,0.162133435307636,0.135131379218572,0.058106052484478,0.178034482451321,0.15067631656688,0.752539483568125
1,0.5,0.2,0.5,0.4,-0.2,1.09689943982297,0.30912438617071,0.133814595465985,0.776106710393537,0.701606439044587,0.79947066045155,NA,NA,NA,NA,NA,NA,0.152027129782228,0.102551810324311,0.0505659102580933,0.196054425766036,0.126628164893298,0.342682013308074
1,0.5,0.2,0.5,0.4,-0.2,1.560746020006,0.0671711820448125,0.204661056473699,0.0892135332308276,0.632583726701705,-1.13458509424425,NA,NA,NA,NA,NA,NA,0.340916462268079,0.260983419414526,0.0855811340357228,0.208913346369983,0.176020106440615,1.95123447625301
1,0.5,0.2,0.5,0.4,-0.2,0.748213186380414,0.767880106332786,0.0668670068199338,1.11569636192534,-0.220756532900755,0.534927375036381,NA,NA,NA,NA,NA,NA,0.119709515568791,0.127512458242028,0.0685990441344261,0.239480255148708,0.205618522072588,0.211827907769327
1,0.5,0.2,0.5,0.4,-0.2,1.2710787283301,0.262315277201198,0.192767755802362,0.570765495463196,0.421612089589022,0.439131664408161,NA,NA,NA,NA,NA,NA,0.183600040878618,0.155391565698631,0.0952278315090612,0.224801212880417,0.117793992996598,0.67497776847007
1,0.5,0.2,0.5,0.4,-0.2,1.06657922243494,0.383021382882732,0.188577628123554,0.694451829354447,0.336551804973884,0.633144016365247,NA,NA,NA,NA,NA,NA,0.163978580432145,0.146121863740005,0.0863356777517957,0.294156657394931,0.164229041376574,0.615205065659907
1,0.5,0.2,0.5,0.4,-0.2,1.12880342307513,0.707939123596229,0.0655913420915107,0.485990950148709,0.104824382635277,0.0243026008787855,NA,NA,NA,NA,NA,NA,0.170720779483181,0.178733506525362,0.116669086157048,0.296635501204342,0.234050935098403,0.998444886675724
1,0.5,0.2,0.5,0.4,-0.2,0.71964384218011,0.682779136917901,0.342801261550919,0.704779265260058,0.334587946204519,-0.214897712157396,NA,NA,NA,NA,NA,NA,0.149571223389292,0.136578519551549,0.0704830406689706,0.172648267983407,0.141838262659407,0.450245807805485
1,0.5,0.2,0.5,0.4,-0.2,0.792332135970231,0.722926030982085,0.280298165977198,0.450729131538767,0.304729736502075,-0.586139764258932,NA,NA,NA,NA,NA,NA,0.182821574266475,0.152756703604232,0.0947569879968782,0.180520368938516,0.162636763443351,0.744924127008659
1,0.5,0.2,0.5,0.4,-0.2,0.844890347570078,0.668952225896769,0.188806766756826,0.870055640370111,0.387082482478189,-0.00951534875382265,NA,NA,NA,NA,NA,NA,0.129390346285848,0.0923239562844579,0.0672120109534095,0.159099914802418,0.135665073557646,0.424500243673582
1,0.5,0.2,0.5,0.4,-0.2,1.11119530963862,0.335389290029921,0.0850985754595453,1.12016252326504,0.232197842781294,1.06426689902376,NA,NA,NA,NA,NA,NA,0.157535334351266,0.116278885081385,0.0787313036367053,0.814091935385205,0.326054632913209,0.788212847584364
1,0.5,0.2,0.5,0.4,-0.2,1.19545311272057,0.496071815627041,0.17186352974554,0.271788042720009,0.474920121291774,-0.440115574615014,NA,NA,NA,NA,NA,NA,0.2321509165603,0.179403459595835,0.0921825134944281,0.193206729608305,0.147497230206311,1.10682471823589
1,0.5,0.2,0.5,0.4,-0.2,0.860583190212165,0.695500562500848,0.16392092789979,0.417132631029842,0.436365184900681,-0.764415173307482,NA,NA,NA,NA,NA,NA,0.194222142126313,0.160466312195165,0.0974336294825092,0.161520893168146,0.152577554548966,0.862656680742802
1,0.5,0.2,0.5,0.4,-0.2,1.2539750322172,0.329672592048849,0.0981375332740134,0.696887170854512,0.235673669130576,0.527521686859356,NA,NA,NA,NA,NA,NA,0.149668130954989,0.140708828168147,0.0862581918502973,0.236516928095909,0.130539277264124,0.673887987061219
1,0.5,0.2,0.5,0.4,-0.2,1.13765011073003,0.517408205268028,0.496806074467279,0.390727263302922,0.635541089632122,-0.92078613320035,NA,NA,NA,NA,NA,NA,0.204857011750822,0.152319533090813,0.0783563611196847,0.154856032235293,0.133105808137261,1.05737052624841
1,0.5,0.2,0.5,0.4,-0.2,0.856610392421167,0.663506163304636,0.251371239943754,0.701349837358161,0.240654749214068,-0.0996117082647672,NA,NA,NA,NA,NA,NA,0.146454061508931,0.132479513496952,0.0854789821431814,0.220778351419461,0.17938271056476,0.710164577418346
1,0.5,0.2,0.5,0.4,-0.2,0.938913894938917,0.429813379451031,0.224978285022333,0.737495404836103,0.212986967216992,0.109366057567168,NA,NA,NA,NA,NA,NA,0.134203956049226,0.127570598817402,0.0803031247985891,0.186219487560519,0.128617927260181,0.473135142884158
1,0.5,0.2,0.5,0.4,-0.2,0.905194995743366,0.694537932485628,0.304837411301514,0.395696919177573,0.440530779825017,-0.415049780076608,NA,NA,NA,NA,NA,NA,0.210741049655693,0.224016817578174,0.097896242085938,0.174975131296454,0.135727751809277,0.769354702105776
1,0.5,0.2,0.5,0.4,-0.2,0.869190358620228,0.73286220772623,0.189827719986814,0.525272749475354,0.201165288806171,-0.215746708688518,NA,NA,NA,NA,NA,NA,0.175318196496233,0.170443460607679,0.0838438834795791,0.16043892109266,0.144331930436271,0.526428668005829
1,0.5,0.2,0.5,0.4,-0.2,1.2696979528524,0.425710108467933,0.163336908193936,0.227725754792197,0.4282898516901,-0.636182263544684,NA,NA,NA,NA,NA,NA,0.238954900195948,0.212517922061882,0.124419271046209,0.181687061913556,0.169182301300337,1.1699723818253
1,0.5,0.2,0.5,0.4,-0.2,0.930804995027404,0.667349356916303,0.243246089855555,0.443221373095647,0.398307571604065,-2.649234385007,NA,NA,NA,NA,NA,NA,0.166467616470793,0.145665426491566,0.0802460222998057,0.129759243912598,0.136728056133927,2.23382434777866
1,0.5,0.2,0.5,0.4,-0.2,0.828809398846399,0.484809307494703,0.206045370173439,0.498069924053853,0.37403851172708,-0.73992368413567,NA,NA,NA,NA,NA,NA,0.187350951392695,0.173056280924725,0.0717691827903326,0.240564347619998,0.166817643915239,1.69217230820165
1,0.5,0.2,0.5,0.4,-0.2,0.921160531406904,0.554381986060487,0.305707004117733,0.666348378943028,0.356933418757565,-0.483236785571408,NA,NA,NA,NA,NA,NA,0.146179099758448,0.108692733041928,0.102550606708196,0.168696673918665,0.14723426129952,0.830567219019004
1,0.5,0.2,0.5,0.4,-0.2,1.46341407914012,0.0672387095935217,0.296938288533614,0.464551373912488,0.384456950504442,-0.00509144547241107,NA,NA,NA,NA,NA,NA,0.185011549600493,0.151721357312867,0.0877260897025876,0.197065627089875,0.124707592317497,0.951978327611523
1,0.5,0.2,0.5,0.4,-0.2,1.2195322523977,0.3602809218904,0.1098516733372,1.50922896792141,0.211626697087596,1.43897808002956,NA,NA,NA,NA,NA,NA,0.12323014410694,0.0848669478139984,0.0665258028314559,0.321180116181631,0.197783486592183,0.198295267542854
1,0.5,0.2,0.5,0.4,-0.2,0.825504163400461,0.830937474685621,0.265888227748624,0.457770969086106,0.303894719851528,-1.39470051397137,NA,NA,NA,NA,NA,NA,0.181664780886261,0.174732094697513,0.0912229621472939,0.200943410389695,0.218978024936421,1.50057974735032
1,0.5,0.2,0.5,0.4,-0.2,0.844389976007256,0.484030410204837,0.258107071238471,0.623918761827204,0.593555306221153,-0.425055658240065,NA,NA,NA,NA,NA,NA,0.166341134691655,0.122318678111785,0.0587492857970414,0.168194219922076,0.146173657625922,0.808558213325421
1,0.5,0.2,0.5,0.4,-0.2,0.839526377320992,0.734854278082732,0.180992296863539,0.452559973000066,0.486664303400461,-0.450355417970495,NA,NA,NA,NA,NA,NA,0.221597150506386,0.187300016310527,0.0947088765912252,0.227305211601936,0.161876105479176,1.23885481130435
1,0.5,0.2,0.5,0.4,-0.2,0.919927581736479,0.498078100155694,0.127483655724892,0.77461037695583,0.306483054475239,0.26527361251776,NA,NA,NA,NA,NA,NA,0.145363276944122,0.133899438253553,0.0709259134474301,0.20103969277076,0.18941789247938,0.468890951397974
1,0.5,0.2,0.5,0.4,-0.2,0.932405908533776,0.666886656891795,0.100568797449337,0.43070824182148,0.130617423766948,-0.141032633893353,NA,NA,NA,NA,NA,NA,0.186063476701398,0.175381879048854,0.107812891077446,0.234590032220551,0.163836362382039,0.741742467634585
1,0.5,0.2,0.5,0.4,-0.2,1.07589360869663,0.318831814228179,0.164246173677241,0.745969219388209,0.576761377741802,0.256367009742006,NA,NA,NA,NA,NA,NA,0.159472209803628,0.125834826552763,0.0619302034260494,0.189230232054242,0.162417616632611,0.537968731476842
1,0.5,0.2,0.5,0.4,-0.2,0.963931665910749,0.54564453353736,0.217986261353173,0.551881808635861,0.409132446295013,-0.22915303830083,NA,NA,NA,NA,NA,NA,0.189256353704847,0.182330314348939,0.0768186560890978,0.28279814055398,0.173258442189495,1.482520125935
1,0.5,0.2,0.5,0.4,-0.2,1.00652437846166,0.513259744442222,0.23403240408152,0.629425393932793,0.384845947467567,0.307184891347573,NA,NA,NA,NA,NA,NA,0.181463976108119,0.209574131420793,0.0916373278914743,0.382352110599815,0.176098475884373,1.1520518431692
1,0.5,0.2,0.5,0.4,-0.2,0.903759779400157,0.773190790123292,0.257213650207862,0.597628844515045,0.239066375734154,-0.659029832846397,NA,NA,NA,NA,NA,NA,0.168317099080135,0.202084230617023,0.0797496891107424,0.175574784986389,0.233933178018864,0.639563945761982
1,0.5,0.2,0.5,0.4,-0.2,0.810795764730425,0.472435799509397,0.225303234339731,0.799019411113064,0.373421508032226,0.169712611173524,NA,NA,NA,NA,NA,NA,0.137699279054153,0.111662222475009,0.0639922157048077,0.179480429859762,0.129091542765122,0.364306282105469
1,0.5,0.2,0.5,0.4,-0.2,0.900237169455936,0.714386890285883,0.180577204043996,0.725606390780322,0.0999045923769839,-0.280096662531271,NA,NA,NA,NA,NA,NA,0.131239471794967,0.122498883710591,0.0737947924114197,0.159974845731287,0.122317039846459,0.463792047604656
1,0.5,0.2,0.5,0.4,-0.2,1.27674755959418,-0.00775033241595443,0.162686630539638,0.30826187529157,0.70618920340906,-1.36818186837205,NA,NA,NA,NA,NA,NA,0.224952335286337,0.210476110411155,0.0843776856528281,0.171239036066491,0.159937043455017,2.35425316627712
1,0.5,0.2,0.5,0.4,-0.2,0.780824247527144,1.09590110378812,0.262297691261916,0.567187736482406,-0.087057089933687,-0.192561302142047,NA,NA,NA,NA,NA,NA,0.168195315847459,0.216870870359577,0.124802403562503,0.200295147793839,0.215535303360543,0.441713231547644
1,0.5,0.2,0.5,0.4,-0.2,1.10147328237659,0.546427935106031,0.219250836689335,0.2305286254975,0.508592529587231,-1.55230419677588,NA,NA,NA,NA,NA,NA,0.236930940557067,0.190436320721062,0.0879884722810465,0.336054880182369,0.296765501939713,4.43549142114346
1,0.5,0.2,0.5,0.4,-0.2,0.698200881171875,1.00762541383436,0.209123712918866,0.709357683172755,-0.108173561110518,-0.278053433303027,NA,NA,NA,NA,NA,NA,0.14875840924145,0.177193395498558,0.089830434525986,0.155537191735885,0.183321037076369,0.397003697591867
1,0.5,0.2,0.5,0.4,-0.2,1.13977562360497,0.393845963775425,0.122640665767989,0.659383629326823,0.25800704161051,0.393830810353525,NA,NA,NA,NA,NA,NA,0.151914203653339,0.129474022270398,0.0813222964437852,0.247009565186745,0.146139167974433,0.66230484909928
1,0.5,0.2,0.5,0.4,-0.2,0.699920325691535,0.638988674263215,0.214098746271987,0.698009685506673,0.539714229265987,-0.0851819979001425,NA,NA,NA,NA,NA,NA,0.168450652767445,0.14342882228895,0.0619921271235062,0.179642819594622,0.149723297844788,0.445128500703963
1,0.5,0.2,0.5,0.4,-0.2,0.729380857520586,0.721494619123477,0.13682240969697,0.602570517472158,0.41663453735456,-0.976624901220355,NA,NA,NA,NA,NA,NA,0.176433733002378,0.188641182217921,0.0671705800954587,0.204626061782298,0.228942286978556,1.11994124242785
1,0.5,0.2,0.5,0.4,-0.2,0.852631101876281,0.767861089883437,0.210546508618543,0.29535703423761,0.335992111674851,-2.60952944370809,NA,NA,NA,NA,NA,NA,0.198263972684275,0.171527571875862,0.0949610564747559,0.197868813832292,0.211386990052008,3.84941991356506
1,0.5,0.2,0.5,0.4,-0.2,0.968388215212408,0.422121811540296,0.195189458982433,0.58850709921157,0.348490112943629,-0.0746838323121727,NA,NA,NA,NA,NA,NA,0.180905435579771,0.186992715531853,0.0986579315599943,0.235383213307233,0.198183792856728,0.728432318631684
1,0.5,0.2,0.5,0.4,-0.2,0.724001981541408,0.57117984816339,0.356443255441112,0.559860584797528,0.543696229116044,-1.08968027380434,NA,NA,NA,NA,NA,NA,0.17071010891522,0.135061836426591,0.0775256919480124,0.151945267921789,0.156528347194274,0.845195775854034
1,0.5,0.2,0.5,0.4,-0.2,0.890655114296342,0.676963557105241,0.255698634449927,0.36553847874733,0.497390915532538,-1.67782086414672,NA,NA,NA,NA,NA,NA,0.20006597035898,0.174858666614854,0.112816873202249,0.159337260604289,0.189568604088062,1.74916341509798
1,0.5,0.2,0.5,0.4,-0.2,0.716864837592161,0.551131965307066,0.196947932151268,0.964999897020155,0.0253900856420641,0.20616834130267,NA,NA,NA,NA,NA,NA,0.117463870944155,0.107818176171965,0.0837323181671649,0.210341662008009,0.166681669450375,0.317411616784845
1,0.5,0.2,0.5,0.4,-0.2,0.910681169716192,0.57427304896144,0.0917646960317451,0.415116889268973,0.513396133784483,-1.48979573446804,NA,NA,NA,NA,NA,NA,0.191405957551698,0.144803189200134,0.0687404703895694,0.188094782297891,0.170790885681245,1.91806840616886
1,0.5,0.2,0.5,0.4,-0.2,1.00270814485131,0.496046580122278,0.350104174603662,0.697314201476089,0.431360503462048,0.0159637271048175,NA,NA,NA,NA,NA,NA,0.154235032450705,0.116493079040861,0.096200435877066,0.23940722903988,0.137891933912137,0.873663471471169
1,0.5,0.2,0.5,0.4,-0.2,1.46451548260897,0.358811008669852,0.203983892448984,0.182441950086067,0.487240432474189,-0.997823559242327,NA,NA,NA,NA,NA,NA,0.253016111601215,0.205637644804072,0.107095911594607,0.223447936168407,0.146539621164435,2.24177016097754
1,0.5,0.2,0.5,0.4,-0.2,1.01503881559332,0.429292258494248,0.23493485031029,0.706939297995228,0.431655173951369,0.146374521922595,NA,NA,NA,NA,NA,NA,0.155407520960962,0.122853648625278,0.0793778014503779,0.166655059957577,0.113839081436401,0.470264962362145
1,0.5,0.2,0.5,0.4,-0.2,0.892320607564444,0.666511827106313,-0.0234150125154455,1.03166697338995,-0.115748653832083,0.453517920850575,NA,NA,NA,NA,NA,NA,0.113055259146447,0.131894782293367,0.071746667595318,0.199048631595514,0.136234434853387,0.302930012288847
1,0.5,0.2,0.5,0.4,-0.2,0.846489375724266,0.79822515239615,0.280013966282957,0.55380141278231,0.163394344746387,-0.432397132094074,NA,NA,NA,NA,NA,NA,0.164252632665943,0.186865929757576,0.0972074943525028,0.166681789795828,0.18899571551053,0.53614569214315
1,0.5,0.2,0.5,0.4,-0.2,0.983138524527003,0.495419505219444,0.202619110240083,0.542929718356154,0.487694182532021,0.168500258746879,NA,NA,NA,NA,NA,NA,0.191866589463554,0.17493701372017,0.0657978536799908,0.197859625243987,0.133560927378457,0.552792823250582
1,0.5,0.2,0.5,0.4,-0.2,1.19732237841522,0.387007720571652,0.208787479323123,0.479882754748754,0.348566212787265,0.121421208058632,NA,NA,NA,NA,NA,NA,0.18895247768665,0.1552050936267,0.0737469111174104,0.17797485910839,0.139571198791499,0.670360802495858
1,0.5,0.2,0.5,0.4,-0.2,1.27877304711654,0.347217574956335,0.250876023045866,0.4789403536956,0.362063052800849,0.0915854250264913,NA,NA,NA,NA,NA,NA,0.182681660426222,0.170811936754488,0.115323171776049,0.186621293505373,0.131952732917659,0.713751492972719
1,0.5,0.2,0.5,0.4,-0.2,1.05589902657202,0.509922459854925,0.241629367158108,0.512735040655848,0.290510875468834,-0.153757789023775,NA,NA,NA,NA,NA,NA,0.177165700773875,0.165339989260912,0.102748260479654,0.249235640536405,0.185301045042825,1.04437941608984
1,0.5,0.2,0.5,0.4,-0.2,0.97118307769142,0.787504387367133,0.16527192851762,0.495012275294538,0.171082839507039,-0.315688265532832,NA,NA,NA,NA,NA,NA,0.171603381480419,0.191847051634139,0.128181933367888,0.236865064777268,0.158263836625869,0.900853041613022
1,0.5,0.2,0.5,0.4,-0.2,1.09011071498975,0.516751879596533,0.163454235542569,0.961801871743751,0.0762742801142667,0.912627027797417,NA,NA,NA,NA,NA,NA,0.137690144359058,0.143622632737419,0.0788466605829731,0.340565964140365,0.242823086610167,0.423568668568826
1,0.5,0.2,0.5,0.4,-0.2,1.22954079034705,0.415707187370434,0.308738812279432,0.489468197162513,0.300574651313357,-0.285191141345193,NA,NA,NA,NA,NA,NA,0.171387801243648,0.145965953204777,0.109102326162308,0.1668100218007,0.121760006763922,0.878409140209477
1,0.5,0.2,0.5,0.4,-0.2,0.884454245898459,0.5834363435537,0.200297265827044,0.462389202729624,0.501778797406946,-1.82605848059562,NA,NA,NA,NA,NA,NA,0.180804094899202,0.160340928431326,0.0945398955414963,0.20360656037395,0.221514441251842,3.14042399852532
1,0.5,0.2,0.5,0.4,-0.2,0.864806923370688,0.580086486744742,0.213836046208269,0.83278395264999,0.396349429817395,0.354250499375714,NA,NA,NA,NA,NA,NA,0.139671103527045,0.115304914903862,0.0606860317254044,0.201045888922081,0.152633256200604,0.412079791877931
1,0.5,0.2,0.5,0.4,-0.2,1.29205106864046,0.442913273456418,0.136385080836933,0.671384971568171,0.289898170785912,0.892831688773568,NA,NA,NA,NA,NA,NA,0.166271318608194,0.147185492174726,0.0897117031606645,0.264362978246841,0.145509883720725,0.516464077106301
1,0.5,0.2,0.5,0.4,-0.2,1.32718927637034,0.615830614611536,0.410446230817782,0.205450974477007,0.396997092737841,-0.308588459712205,NA,NA,NA,NA,NA,NA,0.250616067734726,0.210429267225971,0.110596851672456,0.155315641573681,0.119011722850204,0.600721328962954
1,0.5,0.2,0.5,0.4,-0.2,1.07955577346268,0.446673263924411,0.282259249631707,0.50172129643761,0.285618209071241,-1.00465537310747,NA,NA,NA,NA,NA,NA,0.158165372642623,0.139644394177679,0.0911887383249065,0.14462847040906,0.143314834059006,1.15484956257967
1,0.5,0.2,0.5,0.4,-0.2,0.872038807698684,0.601697823023521,0.114818397849994,0.727675685849607,0.107989474502723,0.116357012907593,NA,NA,NA,NA,NA,NA,0.138088810534304,0.126660567903367,0.094103496992602,0.212675920762413,0.171035487485681,0.513749353803404
1,0.5,0.2,0.5,0.4,-0.2,1.00678245923807,0.368885998766232,0.144821457536328,0.590629085121159,0.598949185075868,-0.0560163024034444,NA,NA,NA,NA,NA,NA,0.187841684735306,0.180400123564456,0.0632507252541639,0.216718382491095,0.16723027164434,0.903194276983473
1,0.5,0.2,0.5,0.4,-0.2,0.882994325973546,0.780888097293743,0.303880831788312,0.480535119021547,0.145560494370386,-0.437733339156734,NA,NA,NA,NA,NA,NA,0.16969577047023,0.138982733433181,0.115694742199252,0.183714516272238,0.142466577439286,0.662138150622437
1,0.5,0.2,0.5,0.4,-0.2,0.867960160637253,0.478177702269079,0.166221778807252,0.397152414436142,0.575340189876116,-1.03331563249558,NA,NA,NA,NA,NA,NA,0.200838567148608,0.168058820959879,0.0819943135753145,0.162105489277795,0.135925661243496,0.980727511660677
1,0.5,0.2,0.5,0.4,-0.2,1.03501896437974,0.461844677840428,0.145012390728647,0.445321720918475,0.451483893943102,-0.887293682412752,NA,NA,NA,NA,NA,NA,0.189747006891288,0.15360842179949,0.0765148580299998,0.15705453679305,0.133285069401999,0.833689687881492
1,0.5,0.2,0.5,0.4,-0.2,0.93445517770876,0.679825236608427,0.248325007632673,0.900511192329157,-0.0879824317255021,0.533520644025354,NA,NA,NA,NA,NA,NA,0.134746323596454,0.150667508448666,0.0866806177443915,0.192532225642225,0.183879270435858,0.334359482157801
1,0.5,0.2,0.5,0.4,-0.2,0.934350724980899,0.63836048399676,0.15737075542966,1.20012808856395,-0.0575834569097436,0.902980274930946,NA,NA,NA,NA,NA,NA,0.138066081791651,0.124383782714633,0.0580966768804877,0.302684385504521,0.263454053823354,0.313083954638805
1,0.5,0.2,0.5,0.4,-0.2,1.29085400157544,0.3245530700929,0.173152702492424,0.248334001206853,0.446825932260296,-1.53118099976142,NA,NA,NA,NA,NA,NA,0.216186024496102,0.169291732578264,0.0920482195842488,0.152161077224463,0.147447335804127,1.6682543035396
1,0.5,0.2,0.5,0.4,-0.2,1.09664535380722,0.408125414041966,0.314976452208227,0.804540862439856,0.370537773358962,0.337122521784119,NA,NA,NA,NA,NA,NA,0.146547062652517,0.127067886510685,0.0768894319487384,0.212176179383309,0.156332433380596,0.533176341870553
1,0.5,0.2,0.5,0.4,-0.2,0.873912702143032,0.687944906452382,0.218891316526665,0.677723271701694,0.296073971069944,-0.199662808529214,NA,NA,NA,NA,NA,NA,0.15211615743026,0.129331674327978,0.0777930284904034,0.175083757799266,0.154298631074835,0.633568107773883
1,0.5,0.2,0.5,0.4,-0.2,0.895396933663807,0.460676336614143,0.209429972068131,0.434345288002054,0.561857949234543,-1.65187654323681,NA,NA,NA,NA,NA,NA,0.18696989144746,0.150261913695083,0.0770240479228609,0.151841348001594,0.147988875284441,1.42552392055593
1,0.5,0.2,0.5,0.4,-0.2,0.694794172175686,0.591595157291407,0.24548307175467,0.734907149712625,0.391047543477297,-0.554673687691998,NA,NA,NA,NA,NA,NA,0.139535350066895,0.114361373638027,0.0661584264005876,0.153337890521618,0.146492159268697,0.535745173833908
1,0.5,0.2,0.5,0.4,-0.2,0.960561402972257,0.625220091675455,0.257653570407332,0.263968607476202,0.48541965171697,-1.69788489669006,NA,NA,NA,NA,NA,NA,0.214871052945962,0.172331229648038,0.110108954029192,0.168293266382843,0.138436662493325,1.741110853175
1,0.5,0.2,0.5,0.4,-0.2,0.738902685686466,0.6171348266777,0.143570109724894,0.685547919339545,0.412738738076209,-0.0486761752948721,NA,NA,NA,NA,NA,NA,0.153747892294836,0.115615694232941,0.0825950800919428,0.193694299828848,0.142491675765521,0.518101811534309
1,0.5,0.2,0.5,0.4,-0.2,1.13709667413464,0.35434537791771,0.205432975650549,0.58325143870382,0.486721041781994,0.144000966990194,NA,NA,NA,NA,NA,NA,0.195650692096668,0.184743747023188,0.106851863091551,0.360365203955087,0.237203996164502,1.43320251737721
1,0.5,0.2,0.5,0.4,-0.2,1.07269955588968,0.472649549356509,0.220727262298895,0.535548502534729,0.404395851428734,-0.263257355161065,NA,NA,NA,NA,NA,NA,0.176237797887864,0.154272202111298,0.0810486625483288,0.200060515597257,0.162777051524196,0.875765567472704
1,0.5,0.2,0.5,0.4,-0.2,0.905990981870566,0.780925541931935,0.405280113372253,0.539571417615097,0.243835760897267,-0.372891785576489,NA,NA,NA,NA,NA,NA,0.17351446240544,0.181967436915187,0.104664570989458,0.204944214995981,0.146987681774512,0.810201651616165
1,0.5,0.2,0.5,0.4,-0.2,0.859497526474468,0.474154421983501,0.144232501558603,0.925695385133718,0.299076791413075,0.480223184726258,NA,NA,NA,NA,NA,NA,0.129803043695268,0.101697397476952,0.0579080768445035,0.213458399304285,0.139367335356092,0.35676363188117
1,0.5,0.2,0.5,0.4,-0.2,0.62432323220611,0.652509765963375,0.228156627787885,0.665333008070717,0.479093568826668,-0.937154646828008,NA,NA,NA,NA,NA,NA,0.144515132771103,0.11853800374852,0.0671267885723417,0.161480083105355,0.127275740750215,0.750995349057761
1,0.5,0.2,0.5,0.4,-0.2,0.873333779333151,0.508758351527687,0.239094058298179,0.514379787819629,0.413402169784737,-0.73682310983336,NA,NA,NA,NA,NA,NA,0.169271154793426,0.136063456654671,0.0710787405344238,0.202004313936572,0.140379915591821,1.041363695009
1,0.5,0.2,0.5,0.4,-0.2,1.0912096556952,0.662069524488995,0.200539282757561,0.753481824396425,0.198495407189212,0.336599400604063,NA,NA,NA,NA,NA,NA,0.140153150170235,0.148040216883427,0.0794891548174108,0.241136607615129,0.192353010466792,0.574798494894966
1,0.5,0.2,0.5,0.4,-0.2,0.873010471173725,0.543862878226523,0.109473236911219,0.625672272254044,0.56751663463186,-0.975221183907979,NA,NA,NA,NA,NA,NA,0.160962989361364,0.141031100169319,0.0814604335080194,0.160667248837384,0.167950334108854,0.965788563401303
1,0.5,0.2,0.5,0.4,-0.2,1.09151325474035,0.519621975900403,0.206262296306924,0.405991168904831,0.424672121790891,-0.541091886084225,NA,NA,NA,NA,NA,NA,0.210436700830994,0.214067103347278,0.0769086746101817,0.181241165193753,0.165836201412052,0.983018963201091
1,0.5,0.2,0.5,0.4,-0.2,0.672457003231162,0.796371510289623,0.311650607148237,0.7166728910533,0.202880516961972,-0.231634682012963,NA,NA,NA,NA,NA,NA,0.145654793668569,0.123179766039859,0.0917386957230457,0.181035400718309,0.172702045780702,0.566840057870884
1,0.5,0.2,0.5,0.4,-0.2,0.822458311134856,0.627951071708216,0.108839381898935,0.771346877187651,0.262029365087172,0.158063857742483,NA,NA,NA,NA,NA,NA,0.200909076117171,0.321671652255899,0.103251760339774,0.369281516843306,0.526670627787428,0.526322880993045
1,0.5,0.2,0.5,0.4,-0.2,1.17457573924812,0.343023580442272,0.275713177848362,0.375417018799558,0.539311715165415,-1.16101795487242,NA,NA,NA,NA,NA,NA,0.191088780834947,0.151153861862215,0.0955967777112218,0.200999546813823,0.14148226257366,1.78326642784523
1,0.5,0.2,0.5,0.4,-0.2,1.16750387164037,0.399493180592658,0.185833803383969,0.576943897970917,0.365293237791492,0.0704871521504002,NA,NA,NA,NA,NA,NA,0.167225834063859,0.160857415430714,0.0856924316420283,0.273992147436583,0.196287986085165,0.994601214844948
1,0.5,0.2,0.5,0.4,-0.2,0.978547803479768,0.399054297265307,0.130402169477966,0.871759450378343,0.459164424545756,0.444755099384826,NA,NA,NA,NA,NA,NA,0.138196925174529,0.117774026306248,0.0716106768147141,0.193442345926294,0.128523269037615,0.401865930482801
1,0.5,0.2,0.5,0.4,-0.2,0.699605305042517,0.73452890305936,0.184991269795757,0.796231054407393,0.299904785558911,-0.0621436378686544,NA,NA,NA,NA,NA,NA,0.147191612013894,0.127717891636657,0.0671912799380563,0.218591283896121,0.210439282113127,0.568721089655085
1,0.5,0.2,0.5,0.4,-0.2,1.04623226871978,0.370720656025606,0.122014137728103,0.505566273421889,0.495543597925873,-0.430466635511855,NA,NA,NA,NA,NA,NA,0.186389786998344,0.156525743579351,0.0836439739498964,0.197991503571002,0.138925550379569,1.17577244111349
1,0.5,0.2,0.5,0.4,-0.2,1.2884617844381,0.34053247647522,0.178785765233221,0.299733471314713,0.48149093007886,0.0121890562151286,NA,NA,NA,NA,NA,NA,0.227389895446188,0.238274153103888,0.0980986369861707,0.201197204143819,0.110346772561534,1.0017041738871
1,0.5,0.2,0.5,0.4,-0.2,0.7310426776265,0.817891652972886,0.279820418679136,0.467143505430333,0.353889709099583,-1.13553439172588,NA,NA,NA,NA,NA,NA,0.173842320715992,0.13557268999193,0.0951300042213652,0.164632887699928,0.139083762325412,0.862016548404046
1,0.5,0.2,0.5,0.4,-0.2,0.922507316090816,0.576449328831039,0.162141664883003,0.566943176229189,0.315423798356357,-0.0547544784140145,NA,NA,NA,NA,NA,NA,0.171533192739409,0.159454850369832,0.0991003862175117,0.277609793646287,0.178626183927078,1.00480249133794
1,0.5,0.2,0.5,0.4,-0.2,1.04466751271909,0.580669070091339,0.15369615649104,0.339005385668812,0.351337130530325,-0.466632123834553,NA,NA,NA,NA,NA,NA,0.215968909568088,0.197265638898514,0.158955459143228,0.179612448180016,0.153280123383937,0.850731531452539
1,0.5,0.2,0.5,0.4,-0.2,1.12452944591163,0.416576059874497,0.165944563052187,0.518261360481144,0.573550218144665,-0.569882222733618,NA,NA,NA,NA,NA,NA,0.171922782439269,0.130885037456141,0.0839130234407588,0.172066903821758,0.128330110259868,0.913834925482213
1,0.5,0.2,0.5,0.4,-0.2,1.21583508519622,0.378954966938825,0.178448274795607,0.531049185502749,0.452311449031416,0.339366972464748,NA,NA,NA,NA,NA,NA,0.203608405437813,0.159743625753805,0.0774867113751299,0.201140246658036,0.174277671257949,0.497415433601298
1,0.5,0.2,0.5,0.4,-0.2,0.908008651452069,0.4429178002218,0.18210906378534,0.628259681387086,0.247550825605715,-0.367420967753142,NA,NA,NA,NA,NA,NA,0.148354485119729,0.133792353552924,0.0755091935936141,0.200923314538594,0.132859882453004,0.843815769625989
1,0.5,0.2,0.5,0.4,-0.2,1.29077368465692,-0.0184074006213068,0.177572286404487,0.411795232847793,0.693757053409389,-2.51295827883751,NA,NA,NA,NA,NA,NA,0.215501545736485,0.224311246168721,0.0805093252221725,0.199487981558563,0.204771220745905,6.63569205100042
1,0.5,0.2,0.5,0.4,-0.2,0.928337111869039,0.405056895618311,0.203553145971207,0.625986253413711,0.448502824220875,0.154744841096886,NA,NA,NA,NA,NA,NA,0.17722431458479,0.159610822158359,0.0734819714190209,0.279835126370977,0.140153362657982,0.90162278016717
1,0.5,0.2,0.5,0.4,-0.2,0.956817451387673,0.402098765963579,0.321525217506659,0.595373791226242,0.472529063007262,0.217818213189546,NA,NA,NA,NA,NA,NA,0.182069358759652,0.153611183297376,0.0802938860997344,0.184481200894762,0.127233896745404,0.48435456859257
1,0.5,0.2,0.5,0.4,-0.2,1.07742225462469,0.484246599181519,0.24735827116262,0.269607210685766,0.570214477928366,-0.278897468641305,NA,NA,NA,NA,NA,NA,0.30585879477977,0.265089397063593,0.0948649270810786,0.232362513398841,0.210298891776399,0.955344791738788
1,0.5,0.2,0.5,0.4,-0.2,1.06464898077949,0.675302791841144,0.175836170698513,0.178827164555526,0.368788118970647,-1.25931120210505,NA,NA,NA,NA,NA,NA,0.233185788543524,0.182709344019639,0.107318635380692,0.239404617047795,0.157968900994092,1.87470902787233
1,0.5,0.2,0.5,0.4,-0.2,1.15154087191457,0.455870932299566,0.239467742875069,0.421189669910448,0.537478640569241,0.126358680656736,NA,NA,NA,NA,NA,NA,0.220559358846798,0.168145711391534,0.0750874843209645,0.305071976090135,0.148035820752096,1.40537214347805
1,0.5,0.2,0.5,0.4,-0.2,1.01501986185621,0.641488904784304,0.264627560619698,0.996115376660004,-0.180806670635559,0.624532833008776,NA,NA,NA,NA,NA,NA,0.131078857665146,0.142598220783957,0.0897296983040039,0.217359107933299,0.171664989383385,0.338272024608927
1,0.5,0.2,0.5,0.4,-0.2,0.902127617388301,0.604938894006624,0.163202403514159,0.410283493577332,0.415979747032413,-1.81777655300817,NA,NA,NA,NA,NA,NA,0.202693149136391,0.204067256892707,0.0781843561171656,0.161871100206048,0.208997565505951,1.66538489930856
1,0.5,0.2,0.5,0.4,-0.2,0.857929305424076,0.756329557008917,0.260171527579991,0.515420023285362,0.413215021483039,-1.52773534410476,NA,NA,NA,NA,NA,NA,0.170069339428217,0.159492480999787,0.107394318066324,0.183172598006934,0.182844582350682,1.60466449431998
1,0.5,0.2,0.5,0.4,-0.2,1.07148918537933,0.345523116717121,0.15056828445041,0.464280751316702,0.561367437706306,-0.786451503521687,NA,NA,NA,NA,NA,NA,0.180249867664257,0.125024480771909,0.0919066264716193,0.1729147476325,0.137497958923104,1.17601287007332
1,0.5,0.2,0.5,0.4,-0.2,1.01753691651649,0.831298331108926,0.50374904244061,0.366300392110993,0.189095550661675,-1.53025276454802,NA,NA,NA,NA,NA,NA,0.183414711016912,0.185686642638571,0.127343060186574,0.169942799114582,0.151664555900403,1.73661485523161
1,0.5,0.2,0.5,0.4,-0.2,1.25647198973087,0.650350115134194,0.422171901620586,0.324303403506011,0.281032305192302,-1.48705900905711,NA,NA,NA,NA,NA,NA,0.199488878740368,0.179631831026912,0.124302779856021,0.142838950896396,0.132173164878349,1.4455221983562
1,0.5,0.2,0.5,0.4,-0.2,0.887374369141506,0.462442384003141,0.154776925227149,0.520896417594701,0.42724881146112,-0.726937323432843,NA,NA,NA,NA,NA,NA,0.173564264034729,0.146849700266645,0.0870734955293096,0.181535465349299,0.156206591329727,1.04590387562798
1,0.5,0.2,0.5,0.4,-0.2,0.887177257033356,0.691092143913674,0.182706798741542,1.08502564749883,-0.0170826809695572,0.475947327676636,NA,NA,NA,NA,NA,NA,0.115677171471957,0.112107254514198,0.0676335648191251,0.199535540120775,0.184660757870464,0.270392921936791
1,0.5,0.2,0.5,0.4,-0.2,0.611572250763344,0.720304413107496,0.0527169754662195,0.453136047518461,0.407529011034572,-1.84390255330794,NA,NA,NA,NA,NA,NA,0.187877471398141,0.146638158063069,0.0978379912014397,0.206190884833935,0.228199263987968,2.12961099617278
1,0.5,0.2,0.5,0.4,-0.2,0.904072473785023,0.493690638284248,0.358800835383196,0.403786601202276,0.475307319560725,-1.03761794089189,NA,NA,NA,NA,NA,NA,0.204102269084258,0.164783681642624,0.0810734339232838,0.196130820881112,0.173298121308798,1.57944325528378
1,0.5,0.2,0.5,0.4,-0.2,1.09986020946699,0.285992093474464,0.236074561833805,0.497023462650193,0.675619940584227,-0.4036909139644,NA,NA,NA,NA,NA,NA,0.186058243750865,0.148211183914614,0.0684765875346754,0.161343831195075,0.114526889634658,0.72763414729678
1,0.5,0.2,0.5,0.4,-0.2,1.00454145193482,0.537905182668779,0.156350161680608,0.836090772416074,0.185526804323671,0.64171025559398,NA,NA,NA,NA,NA,NA,0.139391104154401,0.137634815299641,0.0814204462132357,0.21770440472271,0.208890550976052,0.358554107986097
1,0.5,0.2,0.5,0.4,-0.2,0.966465802417304,0.44788559319065,0.220669481008794,1.0787440021264,0.385102070496095,0.763233040512798,NA,NA,NA,NA,NA,NA,0.118335793897828,0.101967526402524,0.0659039909217069,0.314154709978622,0.168879825479059,0.388087736768547
1,0.5,0.2,0.5,0.4,-0.2,0.669411484242042,0.866940444529202,0.333901312004366,0.719832657475163,0.094155088766627,-0.172155358413168,NA,NA,NA,NA,NA,NA,0.149428612104196,0.149195970423864,0.0952872339158334,0.187206348888478,0.167446026657185,0.405358549632578
1,0.5,0.2,0.5,0.4,-0.2,1.3406988670058,0.399634487189261,0.25676171878392,0.343006306959485,0.350750129564324,-0.361272933081439,NA,NA,NA,NA,NA,NA,0.199403371917441,0.176943808639809,0.101313463067921,0.178770969900151,0.141615678082626,1.11621610646726
1,0.5,0.2,0.5,0.4,-0.2,0.956577617303565,0.414668728607331,0.160263677634994,0.667846261623338,0.497025994743499,0.369358461986543,NA,NA,NA,NA,NA,NA,0.165330498541608,0.163510681074383,0.0796934349343171,0.224427601428638,0.111334404466085,0.576012757261791
1,0.5,0.2,0.5,0.4,-0.2,0.839816161977665,0.660985588712666,0.310704245617147,0.463842970870493,0.44306793883667,-0.62406638812704,NA,NA,NA,NA,NA,NA,0.223432209988068,0.234081201766656,0.067538813883705,0.219944170656863,0.250920869405898,0.991416589716827
1,0.5,0.2,0.5,0.4,-0.2,0.743128993214063,0.660240319161518,0.187786672859881,0.539048918251953,0.447756531134532,-0.80273829886693,NA,NA,NA,NA,NA,NA,0.182594292078224,0.187665845870121,0.0693718268323176,0.189077999195402,0.156547848405944,1.12503310318988
1,0.5,0.2,0.5,0.4,-0.2,0.745588714279271,0.786759957469907,0.203248826745477,0.782338485792782,0.21693609844325,0.172741736792644,NA,NA,NA,NA,NA,NA,0.143947454487898,0.147406682061737,0.0841467240179088,0.23602474012211,0.210251407090371,0.508501073612551
1,0.5,0.2,0.5,0.4,-0.2,1.00302726634355,0.526915564875613,0.203871618426962,0.592176842923818,0.376995461600009,-0.0022336110450344,NA,NA,NA,NA,NA,NA,0.173081022435931,0.184392188051806,0.093208614397306,0.221738127721982,0.190217740476754,0.717589326567283
1,0.5,0.2,0.5,0.4,-0.2,0.854499691707353,0.723099431487449,0.121423347240165,0.615617510813351,0.493218964162558,-1.39540965205478,NA,NA,NA,NA,NA,NA,0.161818639653148,0.140029882545668,0.0485863011376921,0.1531196359671,0.173617611667962,1.03427338476326
1,0.5,0.2,0.5,0.4,-0.2,0.733496140448141,0.685072578059866,0.13694944045407,0.838500467611646,0.158203096643071,0.219085385762183,NA,NA,NA,NA,NA,NA,0.139395073456131,0.155558790194222,0.0739070770055313,0.270221624243516,0.261919986708657,0.482309483253435
1,0.5,0.2,0.5,0.4,-0.2,1.14979863892054,0.574193662528776,0.172008976132803,0.358719583818197,0.435495855531687,-1.5029524524039,NA,NA,NA,NA,NA,NA,0.203611455767724,0.182843058279243,0.0972863397142172,0.155130340237876,0.165375675378367,1.30254682372957
1,0.5,0.2,0.5,0.4,-0.2,1.05462413676126,0.665448885779386,0.270144418698122,0.485920357173828,0.155080313802567,-0.297733489333836,NA,NA,NA,NA,NA,NA,0.164782611132369,0.147414300044772,0.116100824448677,0.184632684274648,0.124342239797608,0.694061123579097
1,0.5,0.2,0.5,0.4,-0.2,1.00459613244547,0.584216725336317,0.0598229099089166,0.364404456832898,0.368386831683351,-0.821512702981757,NA,NA,NA,NA,NA,NA,0.227187887794834,0.256428982768527,0.108745836592916,0.234639464701211,0.212194883825689,1.29684085295758
1,0.5,0.2,0.5,0.4,-0.2,0.89795768252517,0.463054812514299,0.263798569089295,0.544903083043036,0.4542887549244,-0.560270826610704,NA,NA,NA,NA,NA,NA,0.168001914288197,0.121287949898824,0.0682987004477043,0.164335788584889,0.122187109392635,0.788717330406352
1,0.5,0.2,0.5,0.4,-0.2,1.00580229973574,0.362226897875317,0.148621098588373,0.348514803294095,0.579978629663717,-0.899270335723155,NA,NA,NA,NA,NA,NA,0.21296598795757,0.168655498595273,0.092531359964874,0.168085105755955,0.147843585265325,1.05458021588284
1,0.5,0.2,0.5,0.4,-0.2,0.670313777739391,0.881739500391385,0.144467145215376,0.991086962604804,-0.0183215581579864,0.28364414105143,NA,NA,NA,NA,NA,NA,0.128233122558863,0.133429454020787,0.0804889268299527,0.231946917713407,0.184926675455158,0.327889093967191
1,0.5,0.2,0.5,0.4,-0.2,0.897146894755195,0.622366599567742,0.0911522917575972,0.191774680686891,0.610790409360929,-2.58708947907183,NA,NA,NA,NA,NA,NA,0.258244447116394,0.220405702648523,0.104326780632972,0.219609727527802,0.229709495437066,3.83914100721787
1,0.5,0.2,0.5,0.4,-0.2,0.97946427121312,0.417263951242998,0.131862892368868,0.546204063315507,0.554933830439298,0.196275238180641,NA,NA,NA,NA,NA,NA,0.189571035214529,0.145928838358728,0.0682277533682035,0.179633285054534,0.132521063571712,0.546752170919612
1,0.5,0.2,0.5,0.4,-0.2,0.826824707496472,0.543020358158096,0.123818903514555,1.00028700884604,0.206039020500116,0.491987880845407,NA,NA,NA,NA,NA,NA,0.134262457566913,0.120239265256812,0.0790192505615094,0.491204783335511,0.381814282328865,0.722853452372335
1,0.5,0.2,0.5,0.4,-0.2,0.623934805297697,0.813680650529495,0.164452394778695,0.910142054907922,0.0109176425162611,0.17364655962942,NA,NA,NA,NA,NA,NA,0.136247248693589,0.174156970716093,0.084894651601411,0.227093326686224,0.334864422620517,0.350709017313952
1,0.5,0.2,0.5,0.4,-0.2,1.41109188829647,0.272141339933622,0.109980554822804,0.369334802585569,0.532348561549095,-1.1423683322861,NA,NA,NA,NA,NA,NA,0.197213142234474,0.143873053730043,0.0946091731737801,0.169502597710907,0.178066792887805,2.01427825561685
1,0.5,0.2,0.5,0.4,-0.2,0.939998066551197,0.419659630692488,0.209828400145309,0.499130204402583,0.594547677204233,-0.653478814108614,NA,NA,NA,NA,NA,NA,0.190202157885046,0.146639098898713,0.0708686192459562,0.202275337784685,0.139028916716753,1.20968660883749
1,0.5,0.2,0.5,0.4,-0.2,1.02498154931681,0.551695015001062,0.0857665577225341,0.646038384302257,0.201300772330701,0.34585017136888,NA,NA,NA,NA,NA,NA,0.158649913273659,0.145724002730487,0.0870629495513679,0.242887581592256,0.160509573790433,0.521419112411403
1,0.5,0.2,0.5,0.4,-0.2,0.658754687375858,0.685353580161964,0.231821005559149,0.807131147942086,0.376978406723072,-0.304122232793716,NA,NA,NA,NA,NA,NA,0.137832634410599,0.128638761488714,0.0674260987880911,0.162422032539723,0.158237168002773,0.424679669227832
1,0.5,0.2,0.5,0.4,-0.2,1.21253496403971,0.216658111729221,0.0430684207949513,1.25281139870992,0.340703519092412,1.2818249448445,NA,NA,NA,NA,NA,NA,0.109446000962199,0.0878032518478094,0.0603507474025474,0.349574828961557,0.171546502553436,0.257536602776988
1,0.5,0.2,0.5,0.4,-0.2,0.797117768802315,0.563045046721566,0.266531825822643,0.556547672713944,0.322827367198791,-0.599678043322204,NA,NA,NA,NA,NA,NA,0.163644505659909,0.1471912015265,0.0883766650029563,0.172739830211669,0.155110628027519,0.726396934344364
1,0.5,0.2,0.5,0.4,-0.2,1.03697000192435,0.234880257007124,0.266864284643177,0.85443112806443,0.462851729674881,0.709652199767531,NA,NA,NA,NA,NA,NA,0.141564215202695,0.115646704831328,0.0834866322871461,0.238214742635854,0.136402601340062,0.374434119664251
1,0.5,0.2,0.5,0.4,-0.2,0.839527447465139,0.511816936410738,0.156351820442998,0.444425704953251,0.406349918066952,-0.44952028582512,NA,NA,NA,NA,NA,NA,0.193035379292787,0.183652794617596,0.0869544706329558,0.25006477371879,0.183393850786818,1.209616403809
1,0.5,0.2,0.5,0.4,-0.2,1.10713268201876,0.436736505523955,0.111081911849663,0.713857124012414,0.299174561310014,0.803947002188639,NA,NA,NA,NA,NA,NA,0.166845286623996,0.146033583473231,0.0760858002861348,0.230065024328889,0.13875024030378,0.415258442640373
1,0.5,0.2,0.5,0.4,-0.2,1.24066836278094,0.225617323157371,0.111757232835158,0.43718093577534,0.57426590160844,-0.366093330002196,NA,NA,NA,NA,NA,NA,0.212905878673495,0.213508615437696,0.0683589748855284,0.195451257076856,0.15219633547861,1.28148959592766
1,0.5,0.2,0.5,0.4,-0.2,0.83321005428597,0.625370661612124,0.0864840812718575,0.798397698822638,0.320834768599795,0.0518393431459159,NA,NA,NA,NA,NA,NA,0.138137818597102,0.109763248259914,0.0708333857298476,0.203611337559487,0.150136865836498,0.48547507330728
1,0.5,0.2,0.5,0.4,-0.2,1.15318366712594,0.459430067620382,0.175262320725954,0.68751819950887,0.152695477819413,0.778350505085874,NA,NA,NA,NA,NA,NA,0.168024035146045,0.178853268057631,0.0848766806240288,0.295025400189527,0.214858238179666,0.501086305111715
1,0.5,0.2,0.5,0.4,-0.2,0.899499928403393,0.507239756328188,-0.0618726170010119,0.504950266173549,0.349484236172018,-0.587319087480938,NA,NA,NA,NA,NA,NA,0.207902222420285,0.249546908066113,0.109853964437933,0.236908590437807,0.278720862084648,1.05764816532391
1,0.5,0.2,0.5,0.4,-0.2,0.717091464244051,0.612777341072006,0.111822903512753,1.12150838730323,0.151800423470158,0.514231050336533,NA,NA,NA,NA,NA,NA,0.122606982220286,0.116955215058446,0.07987713544509,0.247190754160254,0.198641234904236,0.313816852581947
1,0.5,0.2,0.5,0.4,-0.2,0.900799822911696,0.718518110558792,0.174035542179156,0.489437210382499,0.132217155140267,-1.22545431005366,NA,NA,NA,NA,NA,NA,0.159944136801646,0.14994078964444,0.0856190989538513,0.150259534264641,0.144854774227381,1.4051429251419
1,0.5,0.2,0.5,0.4,-0.2,0.991764278127968,0.397532446820917,0.295734185544828,0.294347813603199,0.550321643884219,-2.57107690720457,NA,NA,NA,NA,NA,NA,0.207800918799374,0.170027231279325,0.0920914299560081,0.137555207752127,0.12912716487095,2.31501866494399
1,0.5,0.2,0.5,0.4,-0.2,1.24466841395402,0.299937645130399,0.373730021497487,0.611575070130677,0.515976257145135,0.286458439817285,NA,NA,NA,NA,NA,NA,0.168141961481851,0.140718511136039,0.103901463649686,0.243563466318646,0.115786076534056,0.81711735122087
1,0.5,0.2,0.5,0.4,-0.2,1.0807838549187,0.340444307265005,0.133171132057598,0.548956015977293,0.460680581825924,0.0780915271474568,NA,NA,NA,NA,NA,NA,0.184439237872414,0.164904388018245,0.0745485667025996,0.211239775734579,0.150539485898528,0.728295799263304
1,0.5,0.2,0.5,0.4,-0.2,1.09713273755553,0.352271453830453,0.301333261330528,0.304969677689392,0.468169066112972,-0.753954258230526,NA,NA,NA,NA,NA,NA,0.214384248619046,0.173102212475565,0.0990096577751935,0.205573453299036,0.134310169645512,1.54671199617537
1,0.5,0.2,0.5,0.4,-0.2,0.811197013098874,0.514722613652432,0.129517401222083,1.6088183076115,-0.0970220593768291,1.01631422529232,NA,NA,NA,NA,NA,NA,0.113239904927542,0.10369982399185,0.0577737765225628,0.632354467585723,0.439643741842937,0.239438600791949
1,0.5,0.2,0.5,0.4,-0.2,0.968089491028945,0.620578155661994,0.255398832130527,0.518807681687986,0.33465938874791,-0.402846401146889,NA,NA,NA,NA,NA,NA,0.173670012450424,0.163299203887345,0.106656477321563,0.191272499251459,0.154646061688819,0.703017556030535
1,0.5,0.2,0.5,0.4,-0.2,1.31383589966657,0.338595897106243,0.0762085409087526,0.397584391269101,0.41767920394015,-0.166390154906115,NA,NA,NA,NA,NA,NA,0.199619368735003,0.157406188797601,0.0739083105640166,0.196301388084636,0.137571057936201,0.89810000289263
1,0.5,0.2,0.5,0.4,-0.2,1.45522028668196,0.313302172730647,0.246585373169012,0.183457064688316,0.396818133078179,-0.754676565690337,NA,NA,NA,NA,NA,NA,0.244064916791584,0.188989907921109,0.118012575172179,0.149442085786888,0.112163235752728,1.06555229771966
1,0.5,0.2,0.5,0.4,-0.2,1.18434385561866,0.432393043891318,0.15363805155901,0.490237905695625,0.264780498431049,-0.123106600645536,NA,NA,NA,NA,NA,NA,0.171640179426804,0.154951592085107,0.117347930896381,0.185793734582158,0.119607109589953,0.754530307294702
1,0.5,0.2,0.5,0.4,-0.2,0.83387908516347,0.782183145280334,0.0817565019719631,0.814745529137842,-0.0536309781506282,0.328682810262918,NA,NA,NA,NA,NA,NA,0.137182809306202,0.145164087761006,0.0613410519469027,0.179374446111171,0.162917722054361,0.30991958429044
1,0.5,0.2,0.5,0.4,-0.2,0.894502264038922,0.60693348059598,0.0613492567385624,0.606592560686097,0.288522423904783,0.0562101620831363,NA,NA,NA,NA,NA,NA,0.168046682520204,0.149111507422808,0.0879287312292132,0.20048922487025,0.136953319429337,0.621587271186287
1,0.5,0.2,0.5,0.4,-0.2,1.10190400049028,0.337689530637353,0.236579889466417,0.325562209355216,0.699257383113587,-0.995513556084194,NA,NA,NA,NA,NA,NA,0.232689045743907,0.201943950543475,0.0619264655254967,0.209031456336603,0.168412050585072,1.93085449303288
1,0.5,0.2,0.5,0.4,-0.2,0.724810934208307,0.705412548527361,0.310578862598338,0.702230276714355,0.300361869968441,0.00407849029714634,NA,NA,NA,NA,NA,NA,0.159378262491542,0.143591029930871,0.0923313373832014,0.173232507061831,0.168519572445582,0.511265110559506
1,0.5,0.2,0.5,0.4,-0.2,1.20203465404308,0.43551244847959,0.100111375871704,0.368715028706817,0.411617047469764,-0.646442602892817,NA,NA,NA,NA,NA,NA,0.202235916370442,0.199764126020818,0.0910038894933933,0.226846319893724,0.143327116389447,1.79600799891875
1,0.5,0.2,0.5,0.4,-0.2,1.18474542501467,0.37059696741337,0.193375922986853,0.373168026102563,0.578577077596896,-0.542848580914779,NA,NA,NA,NA,NA,NA,0.216101309383852,0.203459917128703,0.0801650971718635,0.158541114858803,0.163683032483647,0.844303590307703
1,0.5,0.2,0.5,0.4,-0.2,1.05591918606423,0.281323305383774,0.19785858231124,0.666682206139803,0.608690583741833,0.263807423441647,NA,NA,NA,NA,NA,NA,0.16325479701385,0.113581899074177,0.0513412523839498,0.185920624447866,0.146032879938054,0.47340712369646
1,0.5,0.2,0.5,0.4,-0.2,1.27082054316052,0.313391394159742,0.256030925353208,0.331671654266156,0.472174938896374,-0.191354029721338,NA,NA,NA,NA,NA,NA,0.221664274390753,0.192910996325682,0.093597350850963,0.244427731322555,0.132465494492187,1.3179463273976
1,0.5,0.2,0.5,0.4,-0.2,1.01789154053989,0.551391220119968,0.223690211975595,0.483971723766551,0.501225107593118,-0.444222161875946,NA,NA,NA,NA,NA,NA,0.19229281831941,0.173678352951186,0.0773858418840862,0.189041546784895,0.142961068151102,0.904962647347496
1,0.5,0.2,0.5,0.4,-0.2,1.14982612412312,0.537658323015439,0.26754623044042,0.399269986399488,0.320900775539078,-0.317051668006412,NA,NA,NA,NA,NA,NA,0.191315992392838,0.160964094529366,0.105861592551537,0.168954900317484,0.137917924853118,0.735755891617228
1,0.5,0.2,0.5,0.4,-0.2,0.9051671557273,0.408140072614165,0.176718902781833,0.634380586348309,0.501602708789581,0.315063640189252,NA,NA,NA,NA,NA,NA,0.18428435441583,0.189024015715657,0.0781831698652076,0.212472995577364,0.159749342767589,0.543034443104704
1,0.5,0.2,0.5,0.4,-0.2,1.0012960429922,0.372075819260808,0.181427358191231,0.685163287259366,0.486647302351538,-0.16455868566409,NA,NA,NA,NA,NA,NA,0.154628348791953,0.140951495708143,0.0668333421174449,0.18217817928038,0.144395595607996,0.758610039930687
1,0.5,0.2,0.5,0.4,-0.2,1.11417148202955,0.620951612032078,0.132027411286436,0.331083959572899,0.442358663004833,-0.0570249439972182,NA,NA,NA,NA,NA,NA,0.226002913982048,0.199513371711924,0.123209667000186,0.234218749088381,0.187190621585085,0.881153262154737
1,0.5,0.2,0.5,0.4,-0.2,1.00397205269651,0.481626842641685,0.342162824083968,0.361553225373386,0.525325873322353,-1.18110091823067,NA,NA,NA,NA,NA,NA,0.205277477094502,0.178378933369544,0.104597440912871,0.175966804986775,0.140366828627336,1.38082948445563
1,0.5,0.2,0.5,0.4,-0.2,1.0374880775921,0.485189905866635,0.183518909203101,0.729884012795443,0.239625789187506,0.290214370656466,NA,NA,NA,NA,NA,NA,0.146900574557546,0.143956311418229,0.0929451335932107,0.266559258952414,0.169167859720642,0.727789981391171
1,0.5,0.2,0.5,0.4,-0.2,1.14974415690632,0.434543460996893,0.328697700409781,0.393101938626038,0.432551249889338,-0.824259202017952,NA,NA,NA,NA,NA,NA,0.199201159408521,0.158351213761607,0.0918988371734721,0.167756280820635,0.125661822547314,0.974271535312132
1,0.5,0.2,0.5,0.4,-0.2,1.29879067819364,0.231663174484705,0.163222650581532,0.177165377190366,0.572331193922597,-1.88394477751287,NA,NA,NA,NA,NA,NA,0.256926739757967,0.18698704018131,0.111237105431332,0.224422902476918,0.196822539899091,3.39717496166725
1,0.5,0.2,0.5,0.4,-0.2,1.02314291900019,0.658053417888863,0.183688811352731,0.415702859670973,0.186153451130589,-0.422247181129361,NA,NA,NA,NA,NA,NA,0.183515850635445,0.16695818357393,0.11051879748342,0.203832029058913,0.148293686093921,0.845483733399852
1,0.5,0.2,0.5,0.4,-0.2,0.790072775422374,0.540155372354517,0.107671428461359,0.983179503170907,0.0716333446804879,0.576034795349138,NA,NA,NA,NA,NA,NA,0.142185766058683,0.149149421204152,0.0718881367443327,0.307049494977239,0.195632266216115,0.480734461795749
1,0.5,0.2,0.5,0.4,-0.2,1.02355713688334,0.522485265388894,0.14824030907819,0.876391048144101,0.112195517916308,0.378961302145507,NA,NA,NA,NA,NA,NA,0.121483671663622,0.128400645910804,0.0754458241556787,0.206298043516153,0.154148732006005,0.383160769075496
1,0.5,0.2,0.5,0.4,-0.2,1.15446983530076,0.256579908749178,0.144573112641573,0.64858761146108,0.508116775055594,0.305964328868366,NA,NA,NA,NA,NA,NA,0.166320018646498,0.135350894964229,0.0750820205070094,0.19141721281558,0.115628003062712,0.567178699883046
1,0.5,0.2,0.5,0.4,-0.2,1.06476995349389,0.56721510010304,0.0846702181034269,0.376543173939502,0.421608559962479,-0.114599812699248,NA,NA,NA,NA,NA,NA,0.219123757701072,0.179856048958931,0.100139032314089,0.241937974146767,0.168681655370762,1.02048845911379
1,0.5,0.2,0.5,0.4,-0.2,0.93040811588716,0.628971447591,0.121051837845885,0.732174434360711,0.240315603606873,0.346448464378322,NA,NA,NA,NA,NA,NA,0.157290998985664,0.151899495087616,0.0694003857473169,0.232531617402187,0.165447847206446,0.552136393082817
1,0.5,0.2,0.5,0.4,-0.2,1.14164412474251,0.335894800494292,-0.0528790020034043,0.801559930995056,0.510776425342001,0.53387725314007,NA,NA,NA,NA,NA,NA,0.147509127970031,0.117968903166663,0.0636730592639417,0.264827815240379,0.159384503266992,0.648124939105819
1,0.5,0.2,0.5,0.4,-0.2,1.10523527674779,0.384167220915367,0.154986452256567,0.332674179230324,0.616584429459091,-1.48739304902744,NA,NA,NA,NA,NA,NA,0.211378683198412,0.170328649955451,0.0721665897495119,0.165695237468395,0.146956501109755,1.60344409162071
1,0.5,0.2,0.5,0.4,-0.2,0.965111580177871,0.218397084763379,0.171587179801159,0.616084300695895,0.749459522919737,-1.08875110867804,NA,NA,NA,NA,NA,NA,0.155887069945143,0.116204918925925,0.0427671259564514,0.185573988082347,0.165127407710336,1.77425455427722
1,0.5,0.2,0.5,0.4,-0.2,0.859317351598848,0.78913157971194,0.283358057465225,0.249132513833846,0.452850937461004,-2.86578923183414,NA,NA,NA,NA,NA,NA,0.214511507231557,0.184793150754647,0.129272857773973,0.134163098682239,0.150496723379598,2.07376282292597
1,0.5,0.2,0.5,0.4,-0.2,1.44604804383293,0.19886596077563,0.117383766316451,0.519501917397805,0.521751075015288,0.675117085122696,NA,NA,NA,NA,NA,NA,0.194135374000073,0.141398049365934,0.0731071826473423,0.187264659645214,0.144927980202396,0.526154138826421
1,0.5,0.2,0.5,0.4,-0.2,0.885935220378664,0.570199788354127,0.0181779138128889,0.508915577296322,0.427846630500486,-0.553733707408182,NA,NA,NA,NA,NA,NA,0.179625330891365,0.138426881388429,0.0748260097679481,0.172378635965352,0.138474045540532,0.692460490641533
1,0.5,0.2,0.5,0.4,-0.2,1.01122168060928,0.706115592587728,0.169470423568507,0.778277520457047,0.137481202635995,0.672409379307248,NA,NA,NA,NA,NA,NA,0.162339292073154,0.1559500476206,0.0908430009788462,0.374570955546018,0.326425035143038,0.578536122032151
1,0.5,0.2,0.5,0.4,-0.2,1.10445198936041,0.529192578001024,0.148842325842207,0.921224165830663,0.298507633641709,0.671128095786647,NA,NA,NA,NA,NA,NA,0.134131045101173,0.1184002629258,0.0638358853877518,0.215541474264821,0.15300259157851,0.371099632836263
1,0.5,0.2,0.5,0.4,-0.2,1.05795444607475,0.352024105504201,0.20663935958142,0.94175872503545,0.350177219298031,0.814202986546231,NA,NA,NA,NA,NA,NA,0.134015027623928,0.10589970216543,0.0621389787683691,0.239368352630576,0.151170304900875,0.338232214871453
1,0.5,0.2,0.5,0.4,-0.2,1.57223649663848,0.294761552510605,-0.068525880148225,0.321226422541884,0.309822934179229,0.298844430067687,NA,NA,NA,NA,NA,NA,0.211418201115486,0.182456198415131,0.133802686383992,0.186871041079021,0.123450906551244,0.723777430189488
1,0.5,0.2,0.5,0.4,-0.2,1.0872861109837,0.43154711575152,0.110758307834033,0.842478128833837,0.427682950132083,0.86594427675745,NA,NA,NA,NA,NA,NA,0.149525298253996,0.124348292081171,0.0559326554921203,0.23687203449162,0.158437278695123,0.31738993669644
1,0.5,0.2,0.5,0.4,-0.2,1.25576303888104,0.247128229289034,0.105785091284319,1.87621499065199,0.341124690259214,1.54229759694001,NA,NA,NA,NA,NA,NA,0.126079477137879,0.0787893445987212,0.0431761685803886,0.707184387725465,0.246891203718541,0.229280149948418
1,0.5,0.2,0.5,0.4,-0.2,1.48441891175002,0.21693983788121,0.148366943596796,0.381843218323909,0.398458132772851,0.276139771366507,NA,NA,NA,NA,NA,NA,0.206307865629603,0.172769672249178,0.0877308925705416,0.209234471210571,0.112994169434272,0.773485153862135
1,0.5,0.2,0.5,0.4,-0.2,0.838528707171819,0.629408054891983,0.341541164602094,0.48522993419025,0.266499669862675,-0.560469167435558,NA,NA,NA,NA,NA,NA,0.170229616751733,0.141878621788232,0.101499250378032,0.189905600971158,0.117831759891305,0.817165772571007
1,0.5,0.2,0.5,0.4,-0.2,1.09002999160431,0.252854516432437,0.179618690801875,0.538929246356935,0.581050246662441,-0.205792075466983,NA,NA,NA,NA,NA,NA,0.1823746573413,0.135788976680546,0.0732840149766039,0.176949166467157,0.140822337340632,0.866994127008092
1,0.5,0.2,0.5,0.4,-0.2,0.901116968051889,0.510318861191172,0.154267174943781,0.395538960888465,0.455061171208853,-1.07574444583441,NA,NA,NA,NA,NA,NA,0.199099449787645,0.165546089926527,0.0798388621172934,0.198586036829785,0.185334896054051,1.50995125851378
1,0.5,0.2,0.5,0.4,-0.2,0.829069423853973,0.563973058132976,0.250098815633472,0.564445855860298,0.32889962611335,-0.848605405371871,NA,NA,NA,NA,NA,NA,0.153851278087107,0.125816740153768,0.0698024216537564,0.172209014851874,0.136730036680891,1.01180572338095
1,0.5,0.2,0.5,0.4,-0.2,0.979472748009983,0.719864375482093,0.058841392925571,1.00247666116287,-0.210704630622444,0.827993001376609,NA,NA,NA,NA,NA,NA,0.13865061620704,0.137303870370232,0.0648373273210966,0.295258136096361,0.243453056875264,0.251799211152179
1,0.5,0.2,0.5,0.4,-0.2,1.07307208469288,0.602173124280304,0.257904039355015,0.231538967527542,0.414432053174399,-2.83705230877019,NA,NA,NA,NA,NA,NA,0.217664173367762,0.179066533387266,0.0913822108662285,0.144333884856071,0.164653022872338,2.94594990741582
1,0.5,0.2,0.5,0.4,-0.2,0.96142794551075,0.750393148093358,0.424635785837435,0.144800587289038,0.450966446891962,-2.30690316186024,NA,NA,NA,NA,NA,NA,0.245943797317098,0.194391297490563,0.124688486218444,0.165529771778216,0.130078293009039,1.65012106243948
1,0.5,0.2,0.5,0.4,-0.2,1.10288906711752,0.344971732372156,0.205933640924896,0.380980109021474,0.619118681502251,-1.36800521159804,NA,NA,NA,NA,NA,NA,0.196853400226108,0.133056260642705,0.0594850393145558,0.156561485532136,0.144395114815375,1.49951204049969
1,0.5,0.2,0.5,0.4,-0.2,1.16090851476478,0.317311541197934,0.241545720746218,0.820702865177073,0.480715091829782,0.742025343760329,NA,NA,NA,NA,NA,NA,0.150515862671281,0.121517515504932,0.087506942441925,0.213461938205901,0.122405847166675,0.427673789843877
1,0.5,0.2,0.5,0.4,-0.2,0.9349520611475,0.379412386755132,0.138646638866291,0.541779623678302,0.466792064463032,-0.182414914925609,NA,NA,NA,NA,NA,NA,0.182314665431242,0.148415052475714,0.0887296118976853,0.201930609867181,0.136787824854907,0.749383871977014
1,0.5,0.2,0.5,0.4,-0.2,0.929015931390272,0.411035901978412,0.179787465884682,0.369762137748667,0.571862647719201,-2.24463307467484,NA,NA,NA,NA,NA,NA,0.199032231298363,0.171029449467166,0.0872174791208168,0.149457475177062,0.170332552846238,2.32296016218461
1,0.5,0.2,0.5,0.4,-0.2,0.647772365045801,0.657888562082506,0.203829032054521,0.651842196411441,0.477093594969601,-1.17160762950875,NA,NA,NA,NA,NA,NA,0.148498262832528,0.120702088632685,0.0652720211944655,0.144533610008683,0.148272300183605,0.903116232040775
1,0.5,0.2,0.5,0.4,-0.2,0.796693507138033,0.493914991066096,0.0937413557197866,0.888192042077581,0.485487041443726,0.527327884157344,NA,NA,NA,NA,NA,NA,0.155188984942497,0.123531886050577,0.0704675466601141,0.211287650012467,0.124571128487936,0.397135481690604
1,0.5,0.2,0.5,0.4,-0.2,0.934680692583562,0.455707040069555,0.172319103734204,0.574117445463881,0.287987282557431,-0.00801315974660075,NA,NA,NA,NA,NA,NA,0.176784540764392,0.18190738475038,0.097495594181395,0.17230291942751,0.146263754012556,0.514196886957361
1,0.5,0.2,0.5,0.4,-0.2,0.834503383400994,0.549469438420371,0.139809582706091,0.8814874863138,0.336393347949014,0.51089476783479,NA,NA,NA,NA,NA,NA,0.157090761838148,0.151696034594474,0.104010081370423,0.425495073750608,0.375232429154245,0.553027101935806
1,0.5,0.2,0.5,0.4,-0.2,1.00916383053478,0.519050688757504,0.246374654971533,0.44411434714965,0.401280876428981,-0.624002042271226,NA,NA,NA,NA,NA,NA,0.194477123278675,0.164496810622672,0.097418277125782,0.206169929127793,0.167190425726911,1.25032903778535
1,0.5,0.2,0.5,0.4,-0.2,1.16976167694187,0.528362487360622,0.372220860406702,0.581904007618419,0.20539203886355,0.192680698413006,NA,NA,NA,NA,NA,NA,0.160307595716447,0.158630680272786,0.0834134679014891,0.224754432625154,0.178997270235927,0.635445018352651
1,0.5,0.2,0.5,0.4,-0.2,0.803502832854751,0.715724465956349,0.191448764904314,0.659930385505913,0.270067877034762,-0.07134463043641,NA,NA,NA,NA,NA,NA,0.151015524896219,0.150124757561139,0.0890193077000187,0.270894897280478,0.201249565947397,0.797882654781211
1,0.5,0.2,0.5,0.4,-0.2,0.946351594807987,0.575610569270796,0.0630613182275749,0.672580021798007,0.303420042491635,0.0368680004294936,NA,NA,NA,NA,NA,NA,0.162154871128463,0.129138095943324,0.0989506873873277,0.259112622672151,0.179261803480163,0.936731412660739
1,0.5,0.2,0.5,0.4,-0.2,1.06923528219944,0.701963533642203,0.127310252564828,0.644124390112407,0.277751043791937,-0.130342058851763,NA,NA,NA,NA,NA,NA,0.150099794957625,0.142302194140849,0.0787915537303719,0.174304269137147,0.135000109725873,0.551814234599436
1,0.5,0.2,0.5,0.4,-0.2,0.677178489067293,0.779816250651291,0.0412337413703193,0.693571771021537,0.306127709838854,-0.265266278609302,NA,NA,NA,NA,NA,NA,0.149165200850794,0.152321361477677,0.0723022090160025,0.388619222140427,0.444349613118537,1.28857986103189
1,0.5,0.2,0.5,0.4,-0.2,1.33361026229133,0.230184729577782,0.168075090116243,0.450681096548086,0.45972499553852,0.0814838440211649,NA,NA,NA,NA,NA,NA,0.201040466098556,0.156522626792632,0.0859116030518992,0.232940788248845,0.128288619881189,0.98787546225946
1,0.5,0.2,0.5,0.4,-0.2,1.08541991545128,0.255622204954938,0.211781308467783,0.444115409946187,0.627750527010874,-0.82308322111092,NA,NA,NA,NA,NA,NA,0.205341110070029,0.16970190189929,0.0756812438248071,0.170368471888487,0.148456070868192,1.10594101454554
1,0.5,0.2,0.5,0.4,-0.2,0.974640484183947,0.295366815870818,0.118178955529342,0.49784527464693,0.588734859686284,-0.29595839992811,NA,NA,NA,NA,NA,NA,0.191434952466713,0.167858191225901,0.0671901689417142,0.175046894430686,0.141238087740382,0.794700747856007
1,0.5,0.2,0.5,0.4,-0.2,0.957150715930011,0.848464303761944,0.259923126107906,0.870818028439327,-0.0318456909090529,0.339589884343363,NA,NA,NA,NA,NA,NA,0.124585656227491,0.18147430313356,0.0877379451579823,0.161095664882487,0.267412138674804,0.328881990272927
1,0.5,0.2,0.5,0.4,-0.2,1.11299198329969,0.355960462794965,0.272014126169232,0.402195087949189,0.596464811103724,-0.801764011741082,NA,NA,NA,NA,NA,NA,0.205428645087172,0.19182300211084,0.0876027274822547,0.167258814434454,0.135194785639888,1.07010927663188
1,0.5,0.2,0.5,0.4,-0.2,1.02330686346325,0.657164137245948,0.0638006736175847,0.487591546839899,0.213580757580991,-0.162436075862838,NA,NA,NA,NA,NA,NA,0.181243430818596,0.174758354483711,0.0948042783231765,0.265668132360055,0.1607119306119,1.15665206098988
1,0.5,0.2,0.5,0.4,-0.2,1.16307048905155,0.393150911530012,0.131652469806408,0.310270087252993,0.563621216448606,-0.321497480178109,NA,NA,NA,NA,NA,NA,0.225140221046429,0.177151648550839,0.110773106968655,0.182257651674002,0.15381598590291,0.989539824980456
1,0.5,0.2,0.5,0.4,-0.2,0.834948156460605,0.527318058880906,0.140471845688617,0.797027093938657,0.337643861453183,-0.0818432221386695,NA,NA,NA,NA,NA,NA,0.134511653180096,0.102234804618705,0.0867758432077705,0.183241213854709,0.177910778050635,0.484259782632371
1,0.5,0.2,0.5,0.4,-0.2,0.850160758770054,0.595892939040998,0.186064531952435,0.861584678428583,0.17350171443025,0.469022555345079,NA,NA,NA,NA,NA,NA,0.142191766844089,0.267423483825113,0.101875814184559,0.509882237327245,0.620346528889646,0.764533006789061
1,0.5,0.2,0.5,0.4,-0.2,0.820340711266879,0.484868688045297,0.213613757639046,0.613848148338139,0.425025749395532,-0.133100423656586,NA,NA,NA,NA,NA,NA,0.165792504833477,0.13249278865733,0.0684047977773728,0.196906116084605,0.1651809468249,0.620558906437615
1,0.5,0.2,0.5,0.4,-0.2,0.967574133508718,0.456565480861726,0.288806486498906,0.604541158103501,0.435620981258997,-0.330137998846438,NA,NA,NA,NA,NA,NA,0.162188872921738,0.143416243633543,0.0947929666665121,0.232917725497739,0.182825907451679,1.20959919745136
1,0.5,0.2,0.5,0.4,-0.2,0.930734809836641,0.810195643491331,0.134908694474596,0.547787412684369,0.040799608821005,-0.0146806542230357,NA,NA,NA,NA,NA,NA,0.172290367933519,0.179300276109048,0.113606424982278,0.283809508737167,0.27437595727506,0.789840191931219
1,0.5,0.2,0.5,0.4,-0.2,1.0751162898989,0.549446585263462,0.140292533424073,0.597854811357895,0.133473916053188,0.279026007727101,NA,NA,NA,NA,NA,NA,0.161267842342824,0.1664087943281,0.0892163083542111,0.244264141201975,0.144417716396489,0.730863607287627
1,0.5,0.2,0.5,0.4,-0.2,1.00265401970057,0.499419314966986,0.248081101863186,0.434721456946986,0.358355014055934,-0.239498216170207,NA,NA,NA,NA,NA,NA,0.196559520674181,0.208835371290927,0.0962120133660619,0.222979986181267,0.152434298272464,1.03752117224286
1,0.5,0.2,0.5,0.4,-0.2,1.16897125602121,0.477884680642451,0.248146620107253,0.505114142891445,0.28024583981748,0.161063213253741,NA,NA,NA,NA,NA,NA,0.18462625421017,0.158487019457311,0.112817147572378,0.190399862329027,0.142136994247775,0.561647297915575
1,0.5,0.2,0.5,0.4,-0.2,1.01719269708452,0.344454113959975,0.188673992371479,0.481968938977592,0.503715063143223,-0.183846765405298,NA,NA,NA,NA,NA,NA,0.206199823269019,0.185509096176791,0.113081852837116,0.28193409914041,0.143610191750054,1.59735330856282
1,0.5,0.2,0.5,0.4,-0.2,1.14827550003514,0.237746971764827,0.348796674789253,0.325256855261704,0.64350463663583,-1.7049679611051,NA,NA,NA,NA,NA,NA,0.20770458587574,0.15569887163712,0.0792474984737847,0.121319263189391,0.0985580957415284,0.86913874429413
1,0.5,0.2,0.5,0.4,-0.2,0.803903223561062,0.577318139744819,0.184266073509962,0.470613761988138,0.561807059232523,-0.703455573682106,NA,NA,NA,NA,NA,NA,0.198937937664582,0.180075502370168,0.0664296230508725,0.194290871562259,0.125102564333298,1.26497104015373
1,0.5,0.2,0.5,0.4,-0.2,0.772430155691538,0.609472272440608,0.363405838339153,0.557713505412914,0.473846690336683,-0.28963602281908,NA,NA,NA,NA,NA,NA,0.174662214003433,0.157118881178902,0.101999590712382,0.203486883635076,0.152184640236133,0.694648397621771
1,0.5,0.2,0.5,0.4,-0.2,0.736182837900736,0.659635557281712,0.225860934018273,0.531755466648999,0.616620210208829,-1.71267750949179,NA,NA,NA,NA,NA,NA,0.16189335455257,0.121641312455599,0.0617287936148244,NA,NA,NA
1,0.5,0.2,0.5,0.4,-0.2,1.15198314321649,0.204199227620841,0.109004998012013,0.865208524325937,0.423649825285802,0.771617406460135,NA,NA,NA,NA,NA,NA,0.13678646445452,0.104587032645663,0.0599631373221876,0.215776147070335,0.127231548820174,0.34519462297657
1,0.5,0.2,0.5,0.4,-0.2,0.788237070067183,0.829457075734776,0.140777147824276,0.305820051249485,0.32878051696179,-1.45274432075648,NA,NA,NA,NA,NA,NA,0.209346411707261,0.165705370481343,0.104203624547825,0.172645594284026,0.139294417789258,1.30439929978203
1,0.5,0.2,0.5,0.4,-0.2,0.955846796011823,0.417285030062442,0.188697509471737,1.08790335850399,0.450334900256565,0.959600511152229,NA,NA,NA,NA,NA,NA,0.133615347266755,0.0976918511095781,0.0544531817243397,0.255296250627923,0.151770428646786,0.32973579286401
1,0.5,0.2,0.5,0.4,-0.2,0.597096483700582,0.673928282457211,0.238709633355081,0.488728681756531,0.644450263747279,-1.27875500130459,NA,NA,NA,NA,NA,NA,0.189187626884152,0.15509427339454,0.0713328197272052,0.191879749333594,0.189874154774396,1.66861955925261
1,0.5,0.2,0.5,0.4,-0.2,0.88304147287474,0.495702150647166,0.201791635604387,0.556168323304459,0.58030423343202,-0.858723966502021,NA,NA,NA,NA,NA,NA,0.172242583727546,0.124016258136744,0.0660163180576618,0.19549651971536,0.17013824342907,1.31014835343591
1,0.5,0.2,0.5,0.4,-0.2,0.794415084532822,0.688085704478318,0.272139277815226,0.784363480840302,0.154797943324055,0.186141170936994,NA,NA,NA,NA,NA,NA,0.145510522400935,0.149357240161395,0.0820104925163535,0.25477068642409,0.161869123024761,0.551777942106849
1,0.5,0.2,0.5,0.4,-0.2,1.41499772992108,0.21756845440772,0.269295168101095,0.449611020467655,0.504056809441877,-0.0727663368869968,NA,NA,NA,NA,NA,NA,0.197081416615947,0.152232824881277,0.0841915410422447,0.176352454187261,0.14411506530477,0.864468722884126
1,0.5,0.2,0.5,0.4,-0.2,1.02922357211654,0.422467048880423,0.123544616792813,0.632776458733098,0.406556754397069,0.151274326254887,NA,NA,NA,NA,NA,NA,0.179833253450546,0.179042110114629,0.0676977669491499,0.348463658606351,0.243675106333513,1.10005008170135
1,0.5,0.2,0.5,0.4,-0.2,1.01350879990088,0.628217287442767,0.0620884676653918,0.29799138747101,0.350203111324067,-2.03460121536317,NA,NA,NA,NA,NA,NA,0.208748658061733,0.20534761960664,0.105055815113361,0.159692920671812,0.158750249697689,1.80643411385996
1,0.5,0.2,0.5,0.4,-0.2,1.23231867999592,0.4756280618648,0.105650912123023,0.390307542219375,0.353452287260279,-0.263698387263857,NA,NA,NA,NA,NA,NA,0.190581898211162,0.157673122318256,0.0949526518092327,0.208775054246278,0.118135936368963,0.944486605083263
