"V1","V2","V3","V4","V5","V6","V7","V8","V9","V10","V11","V12","V13","V14","V15","V16","V17","V18","V19","V20","V21","V22","V23","V24"
1,0.5,0.2,0.5,0.4,-0.2,0.877859797171818,0.582364839456062,0.240117004352836,0.713789592521378,0.347110696873276,-0.502102116315351,NA,NA,NA,NA,NA,NA,0.0877588179814744,0.0826488646244097,0.069568323407332,0.146627300127839,0.0699673372855637,0.259334442772736
1,0.5,0.2,0.5,0.4,-0.2,0.911367575491488,0.608356763663512,0.184781910406482,0.735222798740528,0.249995905380168,-0.425471707867153,NA,NA,NA,NA,NA,NA,0.0804576883716107,0.0711027292399989,0.0660188266408067,0.143956335730903,0.066158991848972,0.261270378556461
1,0.5,0.2,0.5,0.4,-0.2,0.954693409132808,0.419308123683019,0.0821819782482731,0.602492734661888,0.495130835887872,-0.176600371518079,NA,NA,NA,NA,NA,NA,0.097693879799964,0.080677841453808,0.0672817007384117,0.124655221661503,0.0708431735185383,0.253865839895325
1,0.5,0.2,0.5,0.4,-0.2,0.937205246624745,0.466658355997424,0.205210356498318,0.326889599761136,0.490960348156631,0.20881406500544,NA,NA,NA,NA,NA,NA,0.118370219759615,0.106886242143713,0.068619349765462,0.128032234278012,0.0632162417470242,0.335000186990987
1,0.5,0.2,0.5,0.4,-0.2,1.06683644710696,0.578001218719486,0.156643277944824,0.365504155982913,0.409283902640613,0.0457358031992774,NA,NA,NA,NA,NA,NA,0.115507439259781,0.102193580450822,0.0761488410026893,0.129265360416483,0.0697200058132808,0.298937908148332
1,0.5,0.2,0.5,0.4,-0.2,0.913460111683148,0.529751239124088,0.200176344813724,0.644065587180267,0.336889271664646,-0.552657233780292,NA,NA,NA,NA,NA,NA,0.0954099589029209,0.0879057829534307,0.0770102321078534,0.15187552410539,0.069261936548135,0.263504911624487
1,0.5,0.2,0.5,0.4,-0.2,0.875889986346861,0.527188464853621,0.145802779509997,0.635579341640571,0.447300047097437,-0.40452508554583,NA,NA,NA,NA,NA,NA,0.0954173944389084,0.0811879072366062,0.0639327127699724,0.143765258228639,0.0633205121950543,0.271664944029485
1,0.5,0.2,0.5,0.4,-0.2,1.07121582253411,0.411593085772615,0.195920333610475,0.27784315344678,0.369083844165793,0.209754513494904,NA,NA,NA,NA,NA,NA,0.12170401986984,0.108177766787248,0.0834755062478859,0.113409747355044,0.0666093442729137,0.285328504374709
1,0.5,0.2,0.5,0.4,-0.2,1.0136307212491,0.445887844647549,0.207250026839161,0.614251370459935,0.403970109241627,-0.399772012198639,NA,NA,NA,NA,NA,NA,0.0969668427119436,0.0903213414007779,0.0654620076196321,0.139894346150341,0.0650540694931805,0.25695004395976
1,0.5,0.2,0.5,0.4,-0.2,0.991912245273552,0.465067840770939,0.197046207942022,0.459017791891752,0.456344644684689,0.167916311305136,NA,NA,NA,NA,NA,NA,0.104904875144469,0.0942394495319139,0.0745443788586609,0.109067645173542,0.0614109750771003,0.270664872531724
1,0.5,0.2,0.5,0.4,-0.2,0.924760383900782,0.456473120195776,0.328427981265946,0.429022259306805,0.296443444979367,0.0582665210378093,NA,NA,NA,NA,NA,NA,0.102137567163612,0.0900967149252521,0.0709362216782169,0.131760905253143,0.064255227823761,0.310937496583877
1,0.5,0.2,0.5,0.4,-0.2,1.02968183063971,0.437538917727537,0.0935223670285253,0.528756215596906,0.399020382466067,-0.112226348000862,NA,NA,NA,NA,NA,NA,0.0996253656624613,0.0941017863347082,0.0763408127513381,0.141272009421042,0.0665288038318997,0.309933331071512
1,0.5,0.2,0.5,0.4,-0.2,1.11191657682679,0.378257664859407,0.176575256005638,0.515659211489259,0.431590764087973,-0.150414573966894,NA,NA,NA,NA,NA,NA,0.10190108005709,0.0898778182395761,0.0698513512034799,0.133204307451507,0.0617462137813271,0.283918014033233
1,0.5,0.2,0.5,0.4,-0.2,0.933362510289483,0.521938415751993,0.233923514119177,0.568308939962352,0.433209346826925,-0.27644882390944,NA,NA,NA,NA,NA,NA,0.0991670858653684,0.0887657978746506,0.070999581813551,0.124082804747121,0.0654458734527328,0.252252229922792
1,0.5,0.2,0.5,0.4,-0.2,1.10218493046778,0.417809454109333,0.099839791601906,0.402394773670037,0.556304569880892,-0.185209180808781,NA,NA,NA,NA,NA,NA,0.118588393490972,0.0950614022921683,0.0756899950391084,0.152825758471716,0.0668167199469467,0.319403697153597
1,0.5,0.2,0.5,0.4,-0.2,1.06121725720204,0.599431322697388,0.0502906743082341,0.325635413424937,0.428002111009514,0.308878599783508,NA,NA,NA,NA,NA,NA,0.115114572308737,0.101539301492934,0.0714971867460411,0.120910510678905,0.0657363070974207,0.332448176701426
1,0.5,0.2,0.5,0.4,-0.2,1.08752575646659,0.485994594071359,0.150252091524384,0.319480330489786,0.311416326034022,0.0339898194644667,NA,NA,NA,NA,NA,NA,0.115445768046313,0.114898479739584,0.0818520641680561,0.133074613484694,0.0601536184154402,0.314930931671372
1,0.5,0.2,0.5,0.4,-0.2,0.911656189038151,0.634061840494964,0.177156219134928,0.557403651222292,0.38516045770354,-0.30602549951549,NA,NA,NA,NA,NA,NA,0.0977154883291299,0.0856583156810941,0.0736701767714265,0.137991941993724,0.0653427555971697,0.26399172655851
1,0.5,0.2,0.5,0.4,-0.2,0.806022599086026,0.60540906218221,0.185082794907725,0.464554274398104,0.378674506709495,-0.170379499278887,NA,NA,NA,NA,NA,NA,0.108563862297955,0.106513494109435,0.072947700358251,0.11997478738502,0.0642753340201523,0.246469639000375
1,0.5,0.2,0.5,0.4,-0.2,1.10875334723691,0.619196278667144,0.182233610131741,0.651158888472056,0.382379550680361,-0.556499859664505,NA,NA,NA,NA,NA,NA,0.0955540111899603,0.080920537685886,0.0691700920349581,0.149592944546676,0.0637375991750312,0.261767885645205
1,0.5,0.2,0.5,0.4,-0.2,1.03513613896286,0.641163612028003,0.173558941769412,0.491758751379521,0.266065882332762,-0.223312151506305,NA,NA,NA,NA,NA,NA,0.101248015166015,0.102494815000156,0.0742983446984456,0.121354461056577,0.0667298471920748,0.244283325156641
1,0.5,0.2,0.5,0.4,-0.2,0.894915033848856,0.406074186540404,0.219016775425899,0.541697143237984,0.510418521879165,-0.123918853382943,NA,NA,NA,NA,NA,NA,0.103336988779545,0.0925504023201646,0.0642228402764566,0.123768446117702,0.0627760915148712,0.262748799160834
1,0.5,0.2,0.5,0.4,-0.2,1.04727688083304,0.447916554268066,0.198156441110389,0.567645629019005,0.424127886386375,-0.161949698651316,NA,NA,NA,NA,NA,NA,0.099158648097252,0.0912454581045498,0.0572120567942928,0.120234208879618,0.0688079988456386,0.246355467421335
1,0.5,0.2,0.5,0.4,-0.2,0.955817118277395,0.530724508738361,0.167141318476968,0.657059160971316,0.41405372949448,-0.401075551051421,NA,NA,NA,NA,NA,NA,0.0927714258223185,0.0850029432132378,0.0752099241254412,0.138906904581251,0.0660891182071225,0.259871502315961
1,0.5,0.2,0.5,0.4,-0.2,0.713982111727029,0.658042794667655,0.325229088142884,0.575887341009654,0.367956704635045,-0.235492670506339,NA,NA,NA,NA,NA,NA,0.0925537074744761,0.0826304341448314,0.0698986913151023,0.122512722051885,0.0633776358467812,0.248819431711259
1,0.5,0.2,0.5,0.4,-0.2,1.08151287199385,0.34478228273307,0.170331074931266,0.564903282736206,0.431033675310357,-0.487350597723803,NA,NA,NA,NA,NA,NA,0.104556796228399,0.0972438407654913,0.0677808697993597,0.133805250271524,0.0646867204086131,0.239755387328582
1,0.5,0.2,0.5,0.4,-0.2,1.01033541781996,0.537931824757456,0.175830038068115,0.519339626901993,0.339801716243193,-0.337190738118233,NA,NA,NA,NA,NA,NA,0.102738411189668,0.0957282051093392,0.0771613698252397,0.146134303345102,0.0647785277777518,0.267880683532905
1,0.5,0.2,0.5,0.4,-0.2,0.910813821042256,0.41207600267873,0.184617074580465,0.718906336816752,0.518949076390758,-0.675762435619176,NA,NA,NA,NA,NA,NA,0.0964257794712452,0.0855683946774106,0.0698542355002963,0.135441719526278,0.0655755791976674,0.219267455022496
1,0.5,0.2,0.5,0.4,-0.2,1.16896411341155,0.376541420952108,0.0769501282851038,0.542675538014406,0.301860567792217,-0.532527479053025,NA,NA,NA,NA,NA,NA,0.104303143809698,0.103438144224968,0.0852681438095154,0.163071631658054,0.0685438450179252,0.289607001011654
1,0.5,0.2,0.5,0.4,-0.2,0.817172876229629,0.594045091175028,0.121849355643317,0.59336722844518,0.529143423178248,-0.339525516177753,NA,NA,NA,NA,NA,NA,0.100936380995635,0.0933018939682502,0.0677582431762352,0.153729550932144,0.061645676352624,0.291485677022769
1,0.5,0.2,0.5,0.4,-0.2,1.09146951808679,0.434956458397576,0.177180286203756,0.33811510272306,0.367417774037201,0.0438886794726043,NA,NA,NA,NA,NA,NA,0.117674069502023,0.106893637041038,0.0807191298038671,0.128226515787203,0.0645842389306646,0.286747355196781
1,0.5,0.2,0.5,0.4,-0.2,0.806925932270982,0.584365675862881,0.161012264859223,0.510982762861498,0.447738858798565,0.0414792401244733,NA,NA,NA,NA,NA,NA,0.103495375007369,0.0901510812520045,0.0702411923665206,0.130068232791751,0.0641581202115726,0.301393734566642
1,0.5,0.2,0.5,0.4,-0.2,1.06165172348347,0.361035556061996,0.223279207392282,0.448280988281429,0.538154102541382,0.068969439837565,NA,NA,NA,NA,NA,NA,0.11240689114237,0.0934423249922221,0.0672319472520299,0.122918038118878,0.0620829179816444,0.2836009440467
1,0.5,0.2,0.5,0.4,-0.2,0.933349164010918,0.66842263813919,0.198549762448308,0.654054004547422,0.398878979738274,-0.493657113530289,NA,NA,NA,NA,NA,NA,0.0934975754198992,0.0873215736146897,0.0744113237587725,0.141605681713005,0.061453057887791,0.255335979372421
1,0.5,0.2,0.5,0.4,-0.2,1.02028853416567,0.621746367107598,0.255593621465723,0.369242006553735,0.384461571556828,0.218097792131175,NA,NA,NA,NA,NA,NA,0.112150209710709,0.101730869578534,0.0750068087398219,0.120953916965713,0.0649821788415857,0.297130995022539
1,0.5,0.2,0.5,0.4,-0.2,1.00647568589874,0.58050770901329,0.192386116282302,0.543253730794144,0.327127057282135,-0.37800704194568,NA,NA,NA,NA,NA,NA,0.0990794857188575,0.0851221199314051,0.0726847191797661,0.128822037352945,0.0634059288893829,0.237608531148833
1,0.5,0.2,0.5,0.4,-0.2,0.936218919958795,0.492990823890401,0.197627415374148,0.860049428092165,0.440138384768143,-0.803436507803016,NA,NA,NA,NA,NA,NA,0.0878469347953605,0.0783656250169117,0.0590103247128412,0.151874640182599,0.0721587151136803,0.234679272695241
1,0.5,0.2,0.5,0.4,-0.2,0.961791465854195,0.505681573147885,0.306884684822686,0.435762912125487,0.51366752354322,-0.138750746507265,NA,NA,NA,NA,NA,NA,0.113635589242081,0.101457724135243,0.067814675889957,0.137020739220844,0.0641791117546174,0.287025010036078
1,0.5,0.2,0.5,0.4,-0.2,1.05559092139677,0.484611790587654,0.238464979029523,0.414601410435117,0.440137705105284,0.204747954590443,NA,NA,NA,NA,NA,NA,0.107847726687228,0.0959750599925714,0.0643716448889857,0.118675094676086,0.0639683138566086,0.302329031054191
1,0.5,0.2,0.5,0.4,-0.2,0.915202260521497,0.497349286984408,0.211347261099345,0.462840562494286,0.46949831839148,0.266382452207937,NA,NA,NA,NA,NA,NA,0.105460765395484,0.105502818543696,0.0654367504598595,0.131199884257887,0.0613822581150848,0.351696174730839
1,0.5,0.2,0.5,0.4,-0.2,0.885237553296644,0.496399041788633,0.184219975811031,0.592585932262779,0.321686183774283,-0.317347162829586,NA,NA,NA,NA,NA,NA,0.0935357830465632,0.0903510626760858,0.071143055463171,0.114722048416915,0.0639765533447907,0.214987283465045
1,0.5,0.2,0.5,0.4,-0.2,0.777089072169701,0.650787286011764,0.179664132942798,0.615909952829951,0.348194234203049,-0.221584771011843,NA,NA,NA,NA,NA,NA,0.0899692616840818,0.0747481327974102,0.0650912938981143,0.123249895681373,0.0611121306566387,0.252412108325284
1,0.5,0.2,0.5,0.4,-0.2,0.91366957206355,0.628496607807687,0.148211467973659,0.749736903002345,0.321815935518449,-0.693497486016146,NA,NA,NA,NA,NA,NA,0.0875985074461044,0.0781246292898688,0.06677643007975,0.146884598825107,0.0634271055615576,0.243649500403597
1,0.5,0.2,0.5,0.4,-0.2,0.957336145626298,0.489637019879714,0.216669408843498,0.561355776852529,0.415008913687437,-0.142139110926963,NA,NA,NA,NA,NA,NA,0.097054760237375,0.0869127631953799,0.0634361767942119,0.122341681776434,0.0609956126956879,0.254667051398826
1,0.5,0.2,0.5,0.4,-0.2,0.94252119032651,0.684738979231567,0.285332903521798,0.417660787428378,0.324329898638815,-0.187956741961887,NA,NA,NA,NA,NA,NA,0.107396966100777,0.0981649686503467,0.0871031613976432,0.142636615677709,0.0600927827304578,0.295311388885293
1,0.5,0.2,0.5,0.4,-0.2,0.944910718020104,0.546377691187003,0.0925467678881225,0.626573783290176,0.380183594635649,-0.40477450803294,NA,NA,NA,NA,NA,NA,0.0938497781682884,0.0864844325564728,0.0663574343172497,0.135733276967388,0.0640392794435783,0.251884803100273
1,0.5,0.2,0.5,0.4,-0.2,1.19998644093478,0.418210449804256,0.202152467279167,0.304752590060908,0.377182885770608,0.159178716030882,NA,NA,NA,NA,NA,NA,0.119968606991549,0.117129543909805,0.0797945362793844,0.126118410897457,0.0622419475358403,0.315855838484275
1,0.5,0.2,0.5,0.4,-0.2,0.956670212190833,0.541024272445151,0.268104042019476,0.636360294332681,0.471736874528446,-0.392490928265293,NA,NA,NA,NA,NA,NA,0.0952715618344614,0.0868105500418301,0.063326760298139,0.134183494840185,0.0652278833104933,0.256596380886779
1,0.5,0.2,0.5,0.4,-0.2,1.11778782178334,0.46227487179758,0.186476795267174,0.258904811152769,0.372681409353028,0.27133504105162,NA,NA,NA,NA,NA,NA,0.12415319603404,0.116065624662896,0.0860457003358688,0.131688839950806,0.070125774388868,0.348714017513666
1,0.5,0.2,0.5,0.4,-0.2,1.03628510108701,0.506337991050925,0.113773795041493,0.459662339771418,0.45301682679374,-0.265941682116056,NA,NA,NA,NA,NA,NA,0.110468934858215,0.101600159547846,0.0778729885050149,0.128702941914424,0.0637144505503195,0.258065821589237
1,0.5,0.2,0.5,0.4,-0.2,0.896618367410609,0.54057813036444,0.198316992960734,0.54625795882849,0.37649259358949,-0.123488674213462,NA,NA,NA,NA,NA,NA,0.097086556092559,0.0828017522664969,0.0649168444844906,0.114850113450336,0.0630089300192338,0.242257156960439
1,0.5,0.2,0.5,0.4,-0.2,0.905083911292198,0.586658688430971,0.204773660032146,0.516425464365124,0.451618183729638,-0.468575185375626,NA,NA,NA,NA,NA,NA,0.108745101238792,0.105821258248008,0.0797577268476106,0.128356067064914,0.0701347550485392,0.236896731291266
1,0.5,0.2,0.5,0.4,-0.2,1.06037631328754,0.311453386837688,0.256115050663694,0.34771054804191,0.412915916499005,0.0511125951840143,NA,NA,NA,NA,NA,NA,0.118459200559317,0.105565391715214,0.0764988923367639,0.132007426548657,0.0619186007397121,0.307200250593932
1,0.5,0.2,0.5,0.4,-0.2,0.92319819941089,0.51868759046711,0.262608779569664,0.285398084191955,0.420263511846813,0.165552885774886,NA,NA,NA,NA,NA,NA,0.125317687482233,0.111239303376215,0.0767705108303743,0.121607346323216,0.0634780448610291,0.297392724771173
1,0.5,0.2,0.5,0.4,-0.2,0.930261242999945,0.48064114773218,0.249630303876586,0.578456958420522,0.423492712448218,-0.398555779583894,NA,NA,NA,NA,NA,NA,0.102895606435537,0.100436328555711,0.0698275655489307,0.142769253085613,0.0659552629018402,0.260642700144082
1,0.5,0.2,0.5,0.4,-0.2,0.977875807720342,0.489432088912697,0.186186661174141,0.438052092267077,0.340156601953015,0.0350737844048576,NA,NA,NA,NA,NA,NA,0.104704875481155,0.0974335839474538,0.074983132799471,0.13883471136215,0.0647508510991027,0.32818873645306
1,0.5,0.2,0.5,0.4,-0.2,1.0174805248643,0.51876048876745,0.118112030154067,0.506596592116683,0.437263991526574,-0.0920063326631515,NA,NA,NA,NA,NA,NA,0.102600832945304,0.0944459480787372,0.0742391286259432,0.152192473005416,0.0694372849180399,0.332424590114055
1,0.5,0.2,0.5,0.4,-0.2,1.01404605359569,0.432740383160809,0.151827823850458,0.592306630789047,0.431627078066965,-0.00918745954900749,NA,NA,NA,NA,NA,NA,0.0951972721284852,0.0836720197408481,0.0616731001965302,0.116825274952179,0.066430045446985,0.25909314380085
1,0.5,0.2,0.5,0.4,-0.2,1.21440399530727,0.367448442225583,0.141094988961074,0.526277750646045,0.35144411417512,-0.333126277631647,NA,NA,NA,NA,NA,NA,0.103001228648615,0.0890802014659416,0.0746103742314932,0.157604424083238,0.0688144773026138,0.297567853264618
1,0.5,0.2,0.5,0.4,-0.2,1.10567056811536,0.321004817853396,0.261482465833104,0.162073830358712,0.459661136826595,0.753326817163317,NA,NA,NA,NA,NA,NA,0.13408992088139,0.118078001941742,0.073936859980141,0.120430448618181,0.0615738754685142,0.454684943438896
1,0.5,0.2,0.5,0.4,-0.2,0.878598458609107,0.522251682021415,0.318584930165137,0.594504143304741,0.485392423431012,0.0470800233062687,NA,NA,NA,NA,NA,NA,0.0921631070273138,0.0797348300620161,0.0583425863760651,0.120559920305869,0.0629134477189528,0.283266701783397
1,0.5,0.2,0.5,0.4,-0.2,1.06391456022076,0.448732242569316,0.206540791032229,0.554505715686223,0.481551218342888,-0.39331829868133,NA,NA,NA,NA,NA,NA,0.106781293015266,0.101819161279746,0.069948148268491,0.129110859822861,0.0646430252349499,0.233958668572963
1,0.5,0.2,0.5,0.4,-0.2,1.04084283482002,0.565901926930307,0.161902295608718,0.542803712814507,0.405758876567129,-0.37628190113285,NA,NA,NA,NA,NA,NA,0.105665546669947,0.100532182540166,0.0719373450051344,0.131589841490424,0.0634193122795361,0.242874000113796
1,0.5,0.2,0.5,0.4,-0.2,1.02417559848429,0.374273822207399,0.243761834042609,0.382396173343006,0.456975277373074,0.0610884306120371,NA,NA,NA,NA,NA,NA,0.116307793032368,0.103103497700337,0.0686548600213941,0.131369189154624,0.0647254494379971,0.306246429556346
1,0.5,0.2,0.5,0.4,-0.2,0.930437677248591,0.522332231372077,0.147810715183482,0.55879120118693,0.407655656933433,-0.305077936441262,NA,NA,NA,NA,NA,NA,0.0995664895767055,0.0885480362690576,0.0686069762113532,0.124602860813352,0.0655892240381553,0.238117732795994
1,0.5,0.2,0.5,0.4,-0.2,0.997496548193108,0.404018646268912,0.213082184306095,0.470288396922695,0.443939561454741,-0.107573559066351,NA,NA,NA,NA,NA,NA,0.109223308354236,0.0988768707774028,0.0716556316799928,0.126493364366928,0.0649652509042492,0.263745714815337
1,0.5,0.2,0.5,0.4,-0.2,0.997464235394566,0.472263656600515,0.353771162887012,0.545583979219816,0.430326625479028,-0.32336121906525,NA,NA,NA,NA,NA,NA,0.104435010799256,0.0890449683109906,0.0768784389044948,0.160809074274731,0.0667861940108166,0.305188099892122
1,0.5,0.2,0.5,0.4,-0.2,1.158904728775,0.268863664759552,0.0959631047615508,0.349304006766456,0.428247104580809,0.00259549171784724,NA,NA,NA,NA,NA,NA,0.121559310664159,0.11218097817792,0.0758977966325012,0.127785148543552,0.0638375736125904,0.278513892005263
1,0.5,0.2,0.5,0.4,-0.2,0.947457516003828,0.520017876467457,0.201405570927308,0.734635466235051,0.421644623257944,-0.543098206740596,NA,NA,NA,NA,NA,NA,0.0900798391959384,0.0816618862043563,0.0607006365612201,0.147012940372465,0.0659955519532025,0.25446980670226
1,0.5,0.2,0.5,0.4,-0.2,1.03569910875632,0.460278346910208,0.237604421346869,0.736680801594522,0.456489345067163,-0.543908440170459,NA,NA,NA,NA,NA,NA,0.0925841084086357,0.0826406313843771,0.0643622349918287,0.149298432117223,0.0636795596454915,0.260661905381777
1,0.5,0.2,0.5,0.4,-0.2,1.07415868761396,0.531793149747648,0.203448996549214,0.649409928682063,0.355968484608562,-0.584774244133284,NA,NA,NA,NA,NA,NA,0.0956069743388389,0.0985885737557242,0.0787000729086854,0.143067070079833,0.0644134609837306,0.245927984537145
1,0.5,0.2,0.5,0.4,-0.2,1.26802562026833,0.203533059612244,0.163477312995046,0.478591314251247,0.512780191033827,-0.210702179545968,NA,NA,NA,NA,NA,NA,0.113092888561317,0.102749924516883,0.0698417666985918,0.151440832318398,0.0668027373595949,0.301011080389397
1,0.5,0.2,0.5,0.4,-0.2,1.03865790653311,0.514405485843449,0.194403643107972,0.372043679759523,0.331376695009394,0.069252114051283,NA,NA,NA,NA,NA,NA,0.111054457935951,0.100752477612373,0.0740657510431642,0.133002641459489,0.06282559768501,0.308301965135534
1,0.5,0.2,0.5,0.4,-0.2,1.07363779281101,0.336368724905116,0.27083352351767,0.369942970720018,0.416965382316367,-0.0160489274872667,NA,NA,NA,NA,NA,NA,0.11620752425953,0.0952901115192722,0.0716510529359181,0.129415509037895,0.0645380572562112,0.286644887485242
1,0.5,0.2,0.5,0.4,-0.2,0.88935204918604,0.503041026739918,0.216080230483137,0.55195108271858,0.316151808748582,-0.300930086715616,NA,NA,NA,NA,NA,NA,0.0955024022857471,0.0858448555042482,0.0775716456389565,0.146840053343749,0.0576394945656471,0.295760664035408
1,0.5,0.2,0.5,0.4,-0.2,1.0029510881296,0.469553045035024,0.254134451961442,0.582024494086926,0.449118491864936,-0.262241554006816,NA,NA,NA,NA,NA,NA,0.101138503453135,0.0965114808320438,0.0742222703078579,0.13434088246235,0.0657529970603805,0.268610852000828
1,0.5,0.2,0.5,0.4,-0.2,1.15821913640927,0.411080209993609,0.188978176738296,0.549515254752883,0.431551794936718,-0.293686585098674,NA,NA,NA,NA,NA,NA,0.103376117018333,0.0859868743574227,0.0660490205388584,0.152692228624996,0.06662655470249,0.291271331705861
1,0.5,0.2,0.5,0.4,-0.2,1.1457442933627,0.317123935302866,0.182393943405509,0.470588475985684,0.353708752546357,-0.252767399024306,NA,NA,NA,NA,NA,NA,0.107555681135141,0.0956525571813177,0.0782077409730783,0.130703651598797,0.0632186152441791,0.255514868284732
1,0.5,0.2,0.5,0.4,-0.2,1.04343174233616,0.492681858030838,0.0775743822860037,0.343470870290995,0.391486685258611,-0.0416781924901634,NA,NA,NA,NA,NA,NA,0.11745384814635,0.106842539274801,0.0808927596443155,0.123577091870606,0.0650971677624358,0.273255847782056
1,0.5,0.2,0.5,0.4,-0.2,1.02755984675721,0.497746730486935,0.165861565463828,0.575447727734982,0.417050297376395,-0.399078112048528,NA,NA,NA,NA,NA,NA,0.10156002205664,0.0957236166647712,0.0683730505415215,0.133539107784875,0.0650585421583788,0.248837919146458
1,0.5,0.2,0.5,0.4,-0.2,0.999504513546053,0.433069845992294,0.139201246307827,0.49362495239678,0.34435387033236,-0.0919758053594375,NA,NA,NA,NA,NA,NA,0.100709539852619,0.0955740463914363,0.0757609711241773,0.137519579867083,0.0658769125319999,0.301492366354008
1,0.5,0.2,0.5,0.4,-0.2,0.874096131866689,0.656957475078815,0.227517190528946,0.687465859899026,0.385386356566763,-0.491318659333543,NA,NA,NA,NA,NA,NA,0.0901711517842339,0.0832234459586807,0.076682749316046,0.147072410148466,0.0682044751294278,0.26830726544956
1,0.5,0.2,0.5,0.4,-0.2,0.955562291830716,0.477610120387088,0.176163302185981,0.535528933375086,0.494671642819409,-0.0830213627037954,NA,NA,NA,NA,NA,NA,0.10407117913506,0.087326790911775,0.0638976035808103,0.12293717137451,0.0645268482470639,0.254913153698298
1,0.5,0.2,0.5,0.4,-0.2,1.02670882862988,0.370231457337447,0.132908190797457,0.416231677150975,0.379480309624069,0.13782424240755,NA,NA,NA,NA,NA,NA,0.105297099457411,0.09104008882164,0.0688455523458226,0.119176817494289,0.0593202981661364,0.287638022482455
1,0.5,0.2,0.5,0.4,-0.2,0.942898791249483,0.515026058565782,0.282243953599237,0.632528045197192,0.446437713434172,-0.257542334730963,NA,NA,NA,NA,NA,NA,0.0938373501878448,0.0909608396918031,0.064672323614299,0.122295722816005,0.0635235538356382,0.241077227527324
1,0.5,0.2,0.5,0.4,-0.2,1.03969135731053,0.477596710399631,0.0575986476300157,0.368607363878153,0.415020364405145,0.223217000799401,NA,NA,NA,NA,NA,NA,0.113364231143916,0.106003497519768,0.0773193908540691,0.121069873847591,0.0650095019760679,0.312053360917667
1,0.5,0.2,0.5,0.4,-0.2,1.12839745278519,0.415017084353883,0.212997776638908,0.452689530460189,0.429821082690636,-0.0812969879499247,NA,NA,NA,NA,NA,NA,0.11147952578397,0.098003019151394,0.0709683325580696,0.13002146986934,0.0700859813965659,0.265402259461092
1,0.5,0.2,0.5,0.4,-0.2,0.916592906331883,0.544628619565822,0.0568083345867005,0.706858298587364,0.467831003463975,-0.237389137738654,NA,NA,NA,NA,NA,NA,0.0877690367140378,0.075131062901468,0.0560540727270862,0.131399026410584,0.0605509525365078,0.266172129169496
1,0.5,0.2,0.5,0.4,-0.2,0.86096946769668,0.590016787326571,0.256272499448962,0.621231065540938,0.475911567031324,-0.260927794300265,NA,NA,NA,NA,NA,NA,0.0950915852937398,0.0855149248279449,0.0638093163076755,0.146541401737898,0.0695722817180476,0.300828455638831
1,0.5,0.2,0.5,0.4,-0.2,0.992072559110992,0.447940960223051,0.0702857148345054,0.650014884393048,0.423084228240766,-0.523703417822057,NA,NA,NA,NA,NA,NA,0.0970072160199292,0.0947336938267563,0.0706187313988018,0.144289424443295,0.0684241152888807,0.250511302877559
1,0.5,0.2,0.5,0.4,-0.2,0.949617147607108,0.486206335320845,0.304395939609238,0.446156806220156,0.497489892078661,-0.0848275724092268,NA,NA,NA,NA,NA,NA,0.10998301568909,0.0887931988241795,0.075524430618443,0.128681297744682,0.0668812789885478,0.278212304849704
1,0.5,0.2,0.5,0.4,-0.2,1.08325494254479,0.667718087648877,0.018450678874473,0.633321769974178,0.219207175187633,-0.465259992797263,NA,NA,NA,NA,NA,NA,0.088972179176508,0.0909309027134929,0.0750683554215334,0.136675411816072,0.0626420930208046,0.243389910093389
1,0.5,0.2,0.5,0.4,-0.2,1.00676836020491,0.563085339240665,0.054649426605775,0.821508287386404,0.391793155029647,-0.782554274667466,NA,NA,NA,NA,NA,NA,0.0870938004614845,0.0882602400913059,0.0654393734238482,0.166362847664286,0.067916185172964,0.264690664963256
1,0.5,0.2,0.5,0.4,-0.2,1.07515729100883,0.508450132288938,0.183308762670221,0.551366494816742,0.411441068854216,-0.200480501746558,NA,NA,NA,NA,NA,NA,0.0997987616280719,0.0924576498474737,0.0643184467113529,0.130898026136729,0.0701938218253754,0.261757632036363
1,0.5,0.2,0.5,0.4,-0.2,1.02112078791864,0.470027657147028,0.209045406930885,0.625884599362914,0.385926984560775,-0.389911443394023,NA,NA,NA,NA,NA,NA,0.0936987733477827,0.08494712944461,0.0721231263430338,0.120904637322208,0.0617060076541271,0.22243646277365
1,0.5,0.2,0.5,0.4,-0.2,1.07743541235884,0.435887955098698,0.0624317805370459,0.221791982226649,0.351482276384037,0.0643055675977457,NA,NA,NA,NA,NA,NA,0.129248872813576,0.119627824085109,0.0977106315760212,0.138890091002534,0.0618353447568322,0.338485221073274
1,0.5,0.2,0.5,0.4,-0.2,0.949187040617136,0.597037537847259,0.306488998097428,0.48319103876362,0.310736856069609,-0.251125158984262,NA,NA,NA,NA,NA,NA,0.102280317524318,0.100086683610393,0.0808962612251491,0.14163030593145,0.0641399989271161,0.287914289542384
1,0.5,0.2,0.5,0.4,-0.2,0.931323684452555,0.530380170510912,0.194631717379808,0.461898733009865,0.332650991884599,-0.0711020798204029,NA,NA,NA,NA,NA,NA,0.103697625073938,0.0943152695021394,0.0754188561964032,0.129602576305512,0.06278132636588,0.282840165131156
1,0.5,0.2,0.5,0.4,-0.2,1.13541810700527,0.396897410966127,0.135401029925508,0.461179140823713,0.497352951589962,-0.155775981929843,NA,NA,NA,NA,NA,NA,0.112533366635247,0.0932764665546495,0.069299334605655,0.115117940154924,0.0651555730831793,0.233532513867794
1,0.5,0.2,0.5,0.4,-0.2,1.02145430397481,0.401602046266104,0.208064498034499,0.72826575500394,0.430106357164688,-0.429366838340385,NA,NA,NA,NA,NA,NA,0.0877575284021869,0.0753159962824676,0.0579066381976679,0.126760534775058,0.0670000934771608,0.230352904994116
1,0.5,0.2,0.5,0.4,-0.2,1.06053099488766,0.490756972916895,0.0569694201949888,0.376329997408882,0.399988699594807,-0.0470148174105272,NA,NA,NA,NA,NA,NA,0.118245242370694,0.120353194565327,0.0814028143077564,0.126077696793698,0.0679024379297966,0.268571274773798
1,0.5,0.2,0.5,0.4,-0.2,1.02426678364386,0.444742618966977,0.101959445430631,0.522215120404,0.336118958420188,-0.128108049319281,NA,NA,NA,NA,NA,NA,0.0973847075453181,0.0836308277455288,0.0697965727041264,0.121840441846185,0.0645912816757274,0.259557490153902
1,0.5,0.2,0.5,0.4,-0.2,0.963691878392238,0.619330805674121,0.175178336000539,0.432540197560288,0.395441322122301,-0.0372885574637323,NA,NA,NA,NA,NA,NA,0.107434998720965,0.0915792555791378,0.0675039195331333,0.120478849385955,0.063945446391213,0.271429238801906
1,0.5,0.2,0.5,0.4,-0.2,1.03710035134718,0.462626924079189,0.189261555146387,0.46449304192658,0.44668293569846,0.158832395416129,NA,NA,NA,NA,NA,NA,0.106031930568233,0.094781641898314,0.0681781586482384,0.132871267710488,0.0646937192314705,0.329252980862044
1,0.5,0.2,0.5,0.4,-0.2,1.0861442380314,0.471814025978981,0.233383028061932,0.572217638912532,0.426181258012933,-0.326995075899174,NA,NA,NA,NA,NA,NA,0.0994393272456591,0.0761666981427876,0.07064401231997,0.140121199612476,0.0640583426665337,0.26812128769644
1,0.5,0.2,0.5,0.4,-0.2,0.855485282355683,0.596119050053294,0.193486499233617,0.573188417334355,0.392336247011229,-0.214528557520674,NA,NA,NA,NA,NA,NA,0.096227726431006,0.0891599445330196,0.0638377573281833,0.136765380413594,0.0604028377369568,0.282393978434037
1,0.5,0.2,0.5,0.4,-0.2,0.8277964733156,0.481171839248109,0.20982026853966,0.501146209884838,0.374349706276744,-0.209869427723727,NA,NA,NA,NA,NA,NA,0.100896432065989,0.0962433637161735,0.0759731434501614,0.134346555268223,0.061703217083793,0.283986979353801
1,0.5,0.2,0.5,0.4,-0.2,1.14257084695762,0.401610041349877,0.172025604730305,0.379048879036152,0.411613890416018,-0.0213334574821717,NA,NA,NA,NA,NA,NA,0.116934263566325,0.107555167291329,0.0858194556936937,0.144583147730427,0.0666154836681024,0.326726220255486
1,0.5,0.2,0.5,0.4,-0.2,0.912508936565689,0.47698685562119,0.382814900423472,0.622694832480914,0.453585933989598,-0.277082153512258,NA,NA,NA,NA,NA,NA,0.0980844276168649,0.085624748248617,0.0664856244030022,0.130576835763827,0.064921612961163,0.250458298418628
1,0.5,0.2,0.5,0.4,-0.2,1.03655275244146,0.482214103437589,0.0714137375799627,0.661113685966066,0.426679956925613,-0.556297927165272,NA,NA,NA,NA,NA,NA,0.0974558740747225,0.0959115597896521,0.0675985080528644,0.180086740482415,0.0694542146360705,0.309552551759077
1,0.5,0.2,0.5,0.4,-0.2,0.846440296910907,0.679511464049493,0.317707494928562,0.616972193239893,0.439565986170756,-0.346597582041945,NA,NA,NA,NA,NA,NA,0.0979920345548038,0.0908891181186275,0.0659540147647975,0.123621756817222,0.0684473453831038,0.229633459954091
1,0.5,0.2,0.5,0.4,-0.2,1.14274647836808,0.276804142727298,0.293021439122475,0.355202919480791,0.454471068811256,0.211385748181427,NA,NA,NA,NA,NA,NA,0.117666497319657,0.105980007225849,0.0701159555186166,0.115802985960728,0.0633579468451405,0.286141877693266
1,0.5,0.2,0.5,0.4,-0.2,1.15734031812704,0.351641025925168,0.136056051859535,0.494699872198184,0.458668224316738,-0.34586772548554,NA,NA,NA,NA,NA,NA,0.112346933238675,0.0991857646687221,0.0782756382312818,0.155984161891361,0.0632924960801927,0.292193114229037
1,0.5,0.2,0.5,0.4,-0.2,0.986877822374698,0.461039553906299,0.20392485236692,0.513550011404792,0.416119660232993,-0.430927999614533,NA,NA,NA,NA,NA,NA,0.108862518979275,0.111237725374586,0.0804360698856883,0.130265064106268,0.0672947888870918,0.237349319224359
1,0.5,0.2,0.5,0.4,-0.2,1.00575045023954,0.428466695798311,0.137140481791183,0.901774021327831,0.410628071656143,-0.776151426580637,NA,NA,NA,NA,NA,NA,0.0822357699168058,0.0756478584479026,0.0581816390824297,0.150171463818491,0.0697616553110282,0.239134828185174
1,0.5,0.2,0.5,0.4,-0.2,1.06708386191496,0.469098271857761,0.169506663809875,0.557607704856265,0.365332675614931,-0.0630869905632857,NA,NA,NA,NA,NA,NA,0.0949527424816121,0.0881013980173555,0.0670831426169369,0.126872472561317,0.0698034667451277,0.270826386250189
1,0.5,0.2,0.5,0.4,-0.2,1.01344816843684,0.476872612012121,0.16105186031985,0.803314889814239,0.392725622083258,-0.753859701627117,NA,NA,NA,NA,NA,NA,0.0895689483078538,0.0950627309626251,0.0654033097905314,0.17802385942838,0.0688597958689082,0.288795299875033
1,0.5,0.2,0.5,0.4,-0.2,1.02758063831064,0.421562684932115,0.16719278157814,0.424649116643158,0.423451695662716,0.0580118906743072,NA,NA,NA,NA,NA,NA,0.109505608158453,0.0914271300849372,0.0690754079534899,0.122147196509108,0.0649347586922149,0.282558479942406
1,0.5,0.2,0.5,0.4,-0.2,1.10187328401564,0.372734036835363,0.183003874965485,0.463130018748311,0.512140801729123,0.29697620667376,NA,NA,NA,NA,NA,NA,0.106367999449143,0.0926270152056692,0.0572238038000861,0.127402828318577,0.0643799002802518,0.343989323492732
1,0.5,0.2,0.5,0.4,-0.2,0.972749159317991,0.48613761701656,0.253818085370893,0.590155176137872,0.385449782179063,-0.521502821654672,NA,NA,NA,NA,NA,NA,0.100053715332617,0.0949186758019476,0.0862843420166707,0.13237905279399,0.0634647291166151,0.237046300736511
1,0.5,0.2,0.5,0.4,-0.2,0.893278475735831,0.514722893406687,0.211140652300331,0.567159767322335,0.271008618043985,-0.183907172261196,NA,NA,NA,NA,NA,NA,0.0933699233888144,0.0917861177563611,0.0759455430148459,0.125727242528968,0.0672429488226442,0.261280521208702
1,0.5,0.2,0.5,0.4,-0.2,0.955117251084018,0.515806179494324,0.114086349105152,0.745265951396451,0.38388853611887,-0.637175289284115,NA,NA,NA,NA,NA,NA,0.0915811129852208,0.0855974384379277,0.0698566437674461,0.145427962225822,0.0684263446190209,0.24650733230867
1,0.5,0.2,0.5,0.4,-0.2,1.14012825343964,0.409129231526227,0.298779635069461,0.325773187072658,0.341523913613862,0.121249491692661,NA,NA,NA,NA,NA,NA,0.117508853767763,0.114125266762144,0.0819355069535524,0.116365690159848,0.0670213847669593,0.2774535334036
1,0.5,0.2,0.5,0.4,-0.2,1.06334063410198,0.352024673858417,0.249620328250133,0.664371036313243,0.510146686853553,-0.376976156197053,NA,NA,NA,NA,NA,NA,0.0958247532397684,0.0879186259120655,0.0610402654574259,0.147550511321176,0.0637225878631166,0.27735391153161
1,0.5,0.2,0.5,0.4,-0.2,0.923863277277486,0.50226066786649,0.225669175531219,0.464609111788895,0.483868343890338,-0.00929974906721765,NA,NA,NA,NA,NA,NA,0.105765177397261,0.0894793308208352,0.0546901510203511,0.120443289405924,0.064634563597976,0.268814238466169
1,0.5,0.2,0.5,0.4,-0.2,0.841688641100952,0.633584686613802,0.217414592490034,0.706680992992105,0.327326506082584,-0.595585190238486,NA,NA,NA,NA,NA,NA,0.0881415519802621,0.0855750971773216,0.0683630004739501,0.143088766583818,0.0663102223200442,0.239371012810163
1,0.5,0.2,0.5,0.4,-0.2,0.926711852063183,0.587226793655768,0.200578225995484,0.354348959287205,0.281797847586801,0.216174467638451,NA,NA,NA,NA,NA,NA,0.106639015929813,0.102260718477319,0.0749601394865832,0.115941843404936,0.0620809706479864,0.296547052692121
1,0.5,0.2,0.5,0.4,-0.2,0.955918871097669,0.474379711037745,0.14460557878251,0.714575166794412,0.37709615433266,-0.578440120120615,NA,NA,NA,NA,NA,NA,0.0905000336377236,0.0837689792103452,0.0714466549367173,0.141816811353482,0.0645178778830467,0.242353404434115
1,0.5,0.2,0.5,0.4,-0.2,1.11341119406097,0.489606179625263,0.175857598945282,0.712598217858701,0.380717964038116,-0.470379874488563,NA,NA,NA,NA,NA,NA,0.0901749338984884,0.0883086907569177,0.0687712532639307,0.17542205370365,0.0666137841752087,0.313817543569898
1,0.5,0.2,0.5,0.4,-0.2,1.21268045190548,0.351012124260193,0.0761094944616772,0.21899586500277,0.44862762940637,0.385911351174572,NA,NA,NA,NA,NA,NA,0.130933476182628,0.114749821267653,0.0786391647882766,0.124080024346842,0.0628360585350056,0.34906937458819
1,0.5,0.2,0.5,0.4,-0.2,0.955693670903833,0.426503481073716,0.0857014458882091,0.587183414324882,0.409176975336458,-0.420860606490908,NA,NA,NA,NA,NA,NA,0.101125412164618,0.09594877106367,0.0755667315368028,0.142540645101273,0.0670904099758297,0.267271717671893
1,0.5,0.2,0.5,0.4,-0.2,1.14524042552067,0.377312737016795,0.323694010588869,0.344314087817212,0.518471765137685,0.0979268225690112,NA,NA,NA,NA,NA,NA,0.124867522673376,0.10955913889282,0.0750366545418911,0.119064559374945,0.0623671014359091,0.276808639065409
1,0.5,0.2,0.5,0.4,-0.2,1.00635569443591,0.533810975942159,0.213272853765166,0.623740537192921,0.366239353592485,-0.486549225440451,NA,NA,NA,NA,NA,NA,0.0971222802479611,0.0831628580661888,0.0783881286905366,0.130343481612833,0.0689085437896322,0.225989468107483
1,0.5,0.2,0.5,0.4,-0.2,1.0394800012524,0.413018423208809,0.255981579124908,0.420901465626666,0.426908429984133,-0.0302824528230444,NA,NA,NA,NA,NA,NA,0.108327053423587,0.0865190435265006,0.0681829550172873,0.123216732594938,0.0656949406977759,0.275265502994185
1,0.5,0.2,0.5,0.4,-0.2,0.988059878907313,0.526295201115641,0.172257398689976,0.280084089051615,0.404452904915569,0.414603955392509,NA,NA,NA,NA,NA,NA,0.115197075358663,0.102515346021824,0.0704297258175029,0.134960588782573,0.058621542960227,0.412410388957065
1,0.5,0.2,0.5,0.4,-0.2,0.84705074985631,0.593020290614787,0.156942199209115,0.398021256471174,0.246845335983319,0.41661576681449,NA,NA,NA,NA,NA,NA,0.0966889536170946,0.091784850546234,0.0762841459564043,0.126480726493549,0.0649809807982983,0.392128283073711
1,0.5,0.2,0.5,0.4,-0.2,0.816874670168068,0.532008909917379,0.223820921040512,0.704841983473154,0.385301650628159,-0.388794969833084,NA,NA,NA,NA,NA,NA,0.0873700490841779,0.078653719717177,0.0646372874037141,0.126071621257562,0.0666996055446465,0.233332547468331
1,0.5,0.2,0.5,0.4,-0.2,0.880011723791038,0.5854963782344,0.111745142723599,0.34242467187237,0.321103276339317,0.286889024899147,NA,NA,NA,NA,NA,NA,0.109368145325885,0.100745823441914,0.0766067650498598,0.115368997824241,0.0591753165117012,0.304653986349177
1,0.5,0.2,0.5,0.4,-0.2,0.893721420541261,0.590190035482794,0.335088729149682,0.61951555697945,0.321819357599359,-0.581228281241195,NA,NA,NA,NA,NA,NA,0.0962605555456468,0.0913652325752526,0.0786777426328934,0.159101247707326,0.069771357100065,0.27373730078041
1,0.5,0.2,0.5,0.4,-0.2,1.09619559243923,0.54198597467759,0.461897016664049,0.394663935624522,0.383651374870652,-0.0347815705744844,NA,NA,NA,NA,NA,NA,0.110250503835121,0.0969852241502921,0.081591278270876,0.124895642883162,0.0658340642801501,0.278504191661186
1,0.5,0.2,0.5,0.4,-0.2,1.08903943530732,0.482238223224069,0.170576768454085,0.520491150469018,0.392192833313222,-0.0663800918544032,NA,NA,NA,NA,NA,NA,0.0989088432790031,0.0922929896241439,0.0725587543230003,0.141175120580561,0.0666699313750944,0.311385502552831
1,0.5,0.2,0.5,0.4,-0.2,1.03551226042449,0.365945377843074,0.257827707101348,0.377301909810366,0.426259866327711,0.0251768880218822,NA,NA,NA,NA,NA,NA,0.114048200005396,0.100031686553332,0.0688301225529614,0.12569677414206,0.0622781653602223,0.287547711356176
1,0.5,0.2,0.5,0.4,-0.2,0.950879318179593,0.624655560667195,0.302836765792183,0.599195928244293,0.424030774284243,-0.218049254694766,NA,NA,NA,NA,NA,NA,0.0950333681649689,0.0825323304644938,0.0658500973190935,0.133180470341668,0.0636870088759405,0.27757468598108
1,0.5,0.2,0.5,0.4,-0.2,1.05255963508929,0.431063859486032,0.130868476977542,0.538528672266816,0.378245349359487,-0.454951309315492,NA,NA,NA,NA,NA,NA,0.105079775257137,0.100240938122228,0.0804617276349343,0.132143298092375,0.0664217883707986,0.237189553061671
1,0.5,0.2,0.5,0.4,-0.2,1.1834441771311,0.366967756203544,0.264799009927108,0.3778409806087,0.441213096421553,-0.153096756602893,NA,NA,NA,NA,NA,NA,0.121408174293208,0.103382392858146,0.0849702423941164,0.131055513502703,0.0693032795714878,0.264668898239872
1,0.5,0.2,0.5,0.4,-0.2,1.17570261714134,0.487733737660145,0.137955683224325,0.323748560771077,0.379273777842194,0.270626593878656,NA,NA,NA,NA,NA,NA,0.113823248401452,0.101672150766427,0.0754537585265116,0.125120734004379,0.060677429087439,0.337785579663188
1,0.5,0.2,0.5,0.4,-0.2,1.09197758734572,0.419572397504095,0.13882939474154,0.230444764120297,0.481917204898697,0.326565707357785,NA,NA,NA,NA,NA,NA,0.131144068097638,0.110526672795178,0.0796212176584426,0.128488721481423,0.0581452905324342,0.358188777819641
1,0.5,0.2,0.5,0.4,-0.2,1.00973888737008,0.547376613952744,0.182514470800379,0.443874691664966,0.308484469006946,-0.17393072396466,NA,NA,NA,NA,NA,NA,0.105245207004763,0.0974021300007957,0.0765986669122295,0.136644410627664,0.0623542198435305,0.289659783658539
1,0.5,0.2,0.5,0.4,-0.2,1.19851360547033,0.405095744077504,0.126706378768684,0.58950344477456,0.395027561786253,-0.436120570726011,NA,NA,NA,NA,NA,NA,0.101167800714778,0.0911061643947043,0.0748926956363258,0.140539118414957,0.065917055376029,0.255591674194642
1,0.5,0.2,0.5,0.4,-0.2,1.0739165295152,0.499054497772358,0.261662533882716,0.537232319897469,0.426679831038236,-0.480416104271829,NA,NA,NA,NA,NA,NA,0.108525893239295,0.0966543876557625,0.075791097213557,0.156520867790149,0.0669680652952778,0.277974994342974
1,0.5,0.2,0.5,0.4,-0.2,1.07814087913159,0.420591744413033,0.0602457575273799,0.38848974208153,0.359683442535536,0.0360318410096446,NA,NA,NA,NA,NA,NA,0.11211418774323,0.1053742268778,0.0822951868187225,0.135791207118149,0.0632127343328096,0.313882973538583
1,0.5,0.2,0.5,0.4,-0.2,1.079126208734,0.515590312483397,0.223995134993788,0.374370542573714,0.475008010944024,0.075402520476824,NA,NA,NA,NA,NA,NA,0.116183084958031,0.0995048577802237,0.0678087452550711,0.120965206395367,0.0616581638054944,0.286836426210508
1,0.5,0.2,0.5,0.4,-0.2,0.949118950104439,0.473593313557048,0.257065583655533,0.673363272315169,0.467136133633625,-0.569439696542404,NA,NA,NA,NA,NA,NA,0.101338683482455,0.0958536281619412,0.0610044927483179,0.137181367218794,0.0632830568070532,0.241405357552384
1,0.5,0.2,0.5,0.4,-0.2,0.863225356122046,0.673985725925093,0.212486226342613,0.614804511957975,0.304856600407918,-0.449889646559638,NA,NA,NA,NA,NA,NA,0.0930865033164243,0.0869885276170652,0.0762575504500193,0.14832182532238,0.0614679775534629,0.277372192939555
1,0.5,0.2,0.5,0.4,-0.2,0.923977908243454,0.48206406287312,0.102887076851403,0.609370496154881,0.400435487006116,-0.24936496577158,NA,NA,NA,NA,NA,NA,0.0922841197401127,0.0829421013820567,0.0658756898395517,0.119432282860043,0.0630663574681594,0.243205229007423
1,0.5,0.2,0.5,0.4,-0.2,0.978474088802242,0.489477018684748,0.0632916317795392,0.640518984213759,0.443396591993147,-0.436757304585906,NA,NA,NA,NA,NA,NA,0.0991381475590338,0.0914892823541267,0.0749453481136218,0.15006729106395,0.0750774480464353,0.275508957706974
1,0.5,0.2,0.5,0.4,-0.2,0.913004098124704,0.523646793878949,0.222199659631162,0.621292000626504,0.407440107816144,-0.501377460586431,NA,NA,NA,NA,NA,NA,0.0954883493920271,0.0850681109473168,0.0738053745857894,0.137815156040793,0.0641248974634148,0.24330170076256
1,0.5,0.2,0.5,0.4,-0.2,1.01388290498085,0.42878555863273,0.203519617572919,0.555076210918238,0.490863526254083,-0.202689805131632,NA,NA,NA,NA,NA,NA,0.101026648962323,0.086904900780706,0.0645446963742855,0.123506833591248,0.0622706037645131,0.254428152825742
1,0.5,0.2,0.5,0.4,-0.2,1.00288213376462,0.42869844169927,0.253612006171552,0.594273902711182,0.349837097797798,-0.355006640439921,NA,NA,NA,NA,NA,NA,0.0972648478681396,0.087834877557079,0.0757984319561228,0.123225282923804,0.0660112222220779,0.228321804352536
1,0.5,0.2,0.5,0.4,-0.2,0.930480486984883,0.574586974036032,0.290915756678281,0.63068401204075,0.259159786811712,-0.456142786180167,NA,NA,NA,NA,NA,NA,0.0918619618446766,0.0872011126384909,0.0756527142053653,0.13756105671933,0.0656862858383239,0.247238467348525
1,0.5,0.2,0.5,0.4,-0.2,0.901208672240099,0.555273778146092,0.223626676378635,0.538208306553668,0.422451904992859,-0.358144152822902,NA,NA,NA,NA,NA,NA,0.102708263493152,0.0923830316344468,0.071562010215427,0.149490688705477,0.0635583011615174,0.288302451187209
1,0.5,0.2,0.5,0.4,-0.2,1.12019327006316,0.444091026201358,0.187613350678689,0.25286227009487,0.493818456968367,0.332095478482558,NA,NA,NA,NA,NA,NA,0.131683588756336,0.11837173268864,0.0767144162920993,0.138974220941702,0.0656015350906978,0.385160456213944
1,0.5,0.2,0.5,0.4,-0.2,1.14294631538442,0.405486235779866,0.262676411309919,0.272556145548957,0.393566860351754,0.319960789029144,NA,NA,NA,NA,NA,NA,0.122569802399405,0.110645209171906,0.0797022843446459,0.121175284509194,0.0654013581468502,0.322253460044915
1,0.5,0.2,0.5,0.4,-0.2,1.15305160809094,0.308119671787101,0.219647873291785,0.326365093935666,0.52096062868043,0.0377728517787866,NA,NA,NA,NA,NA,NA,0.125421641507703,0.113694450042979,0.076630334124596,0.121383361625568,0.0629971533225877,0.274533773653865
1,0.5,0.2,0.5,0.4,-0.2,0.845238063212421,0.43344081088226,0.318314610542378,0.539594466009765,0.390927496550331,-0.31276866136069,NA,NA,NA,NA,NA,NA,0.100441433112598,0.0923306335071639,0.072413680486456,0.142309509208431,0.06239434728579,0.285512438903744
1,0.5,0.2,0.5,0.4,-0.2,0.98806253000568,0.466047520394035,0.157672450778215,0.477621862497618,0.418018994626563,-0.205287765158768,NA,NA,NA,NA,NA,NA,0.106657660010129,0.0909571238139258,0.069334230810411,0.154265024225882,0.0623829317628101,0.324158448811685
1,0.5,0.2,0.5,0.4,-0.2,1.08147536481271,0.447700922352738,0.13856802232348,0.376091236066928,0.358966001062788,0.428566246865203,NA,NA,NA,NA,NA,NA,0.106951257035168,0.0941712483681036,0.0692769651943548,0.11664782715478,0.0618894794337582,0.338186978660561
1,0.5,0.2,0.5,0.4,-0.2,1.18685839518335,0.342464953563037,0.300283313917939,0.514490770826364,0.514095986965203,-0.370994894420023,NA,NA,NA,NA,NA,NA,0.111692334264884,0.0884484478625008,0.0620925304225479,0.156393005009493,0.0702692054417413,0.29268214771805
1,0.5,0.2,0.5,0.4,-0.2,0.962483727587805,0.509958206919301,0.156792174485996,0.55102804519899,0.419732051154709,-0.198468341172723,NA,NA,NA,NA,NA,NA,0.102409941922399,0.0958459918198546,0.0759364072241419,0.136881715011012,0.0679215156471225,0.282948875254472
1,0.5,0.2,0.5,0.4,-0.2,1.10738516732824,0.419107897689956,0.137166931008807,0.319665306866229,0.449564814500623,0.0718006502123331,NA,NA,NA,NA,NA,NA,0.122617120054548,0.103973125037401,0.0697380475292741,0.116915851505513,0.061607472304202,0.258935639165353
1,0.5,0.2,0.5,0.4,-0.2,0.976129650283467,0.528376183930028,0.0911258093754303,0.683727470123527,0.321302235112635,-0.333420138081344,NA,NA,NA,NA,NA,NA,0.0868591582423378,0.0785994980180973,0.0707836643593859,0.127978430837123,0.0680376437093208,0.240973496936105
1,0.5,0.2,0.5,0.4,-0.2,1.09814392208093,0.344247671378499,0.181561461476661,0.49572038960803,0.491966804166261,-0.350296077929318,NA,NA,NA,NA,NA,NA,0.114279287389152,0.0965337547671925,0.0676432228332367,0.133196014087173,0.0673723745356036,0.241689093429726
1,0.5,0.2,0.5,0.4,-0.2,1.14013723538322,0.510879681120297,0.202808043276993,0.612052046955283,0.472977375614494,-0.301046181967599,NA,NA,NA,NA,NA,NA,0.100958288132602,0.0916618871393341,0.0629294167672674,0.121683250205546,0.0700259296806348,0.22311929364606
1,0.5,0.2,0.5,0.4,-0.2,1.03418622117279,0.50896950713858,0.183411856839973,0.408798166529187,0.450453837231871,-0.000315864746101745,NA,NA,NA,NA,NA,NA,0.110639758113695,0.0873665735273246,0.0737040107548535,0.122435853279834,0.0632994018361163,0.275947289305119
1,0.5,0.2,0.5,0.4,-0.2,1.05585651396333,0.572268327260429,0.31431037759941,0.591594554123137,0.503428231336414,-0.415400382929001,NA,NA,NA,NA,NA,NA,0.104075833729739,0.0898607980747911,0.0650637084462859,0.148752440180193,0.0635246139165193,0.277636645795546
1,0.5,0.2,0.5,0.4,-0.2,0.955078080457863,0.433162500416526,0.239619945996907,0.60884893604184,0.45015307025427,-0.310349454290832,NA,NA,NA,NA,NA,NA,0.09658026715179,0.0878914726320803,0.0653726475043414,0.127666115319672,0.0656543205487602,0.243393913925676
1,0.5,0.2,0.5,0.4,-0.2,1.00404069762359,0.542119530426183,0.203591024977289,0.223762556897559,0.396413400627627,0.889433583098516,NA,NA,NA,NA,NA,NA,0.118065962735269,0.0994926051521605,0.0697104713434735,0.119713456274039,0.0602451262222832,0.501241614137387
1,0.5,0.2,0.5,0.4,-0.2,1.07672424138056,0.492285816054119,0.131778961581928,0.406750945646253,0.290027429477754,0.028010443064817,NA,NA,NA,NA,NA,NA,0.105495884320812,0.0969000225005571,0.079506973120817,0.133282784753599,0.0635168502849505,0.306913898185747
1,0.5,0.2,0.5,0.4,-0.2,1.04546416022499,0.484014711984304,0.273089760909816,0.445662536119457,0.37086211461967,-0.0368593336716461,NA,NA,NA,NA,NA,NA,0.108313574854619,0.101615342459832,0.0689160021564621,0.120420458620219,0.0624030776780737,0.259598752129893
1,0.5,0.2,0.5,0.4,-0.2,1.03133832777827,0.532678300828201,0.263850841208131,0.278537002677692,0.316430412216046,0.281017805853789,NA,NA,NA,NA,NA,NA,0.116812307874176,0.109094805621598,0.0818045084856359,0.122784428353194,0.0669666352658174,0.337428813465784
1,0.5,0.2,0.5,0.4,-0.2,1.00978574251957,0.520420428323579,0.208105267011714,0.518450957007548,0.401093887465013,-0.0604532718831909,NA,NA,NA,NA,NA,NA,0.100111351526315,0.0808346470460002,0.0712693427266155,0.124421467176419,0.0641735250865077,0.269917972485631
1,0.5,0.2,0.5,0.4,-0.2,1.10687416035889,0.487589762521416,0.253844995278271,0.522563897028351,0.385843869569813,-0.218765544029959,NA,NA,NA,NA,NA,NA,0.102490964410771,0.0938660114916229,0.0686212419874816,0.134602000835397,0.0653379512910511,0.269940636579023
1,0.5,0.2,0.5,0.4,-0.2,0.848747341704855,0.526558894906729,0.272178119160858,0.418121296858388,0.431888672147057,0.430610620899408,NA,NA,NA,NA,NA,NA,0.102473611136123,0.0891270260108362,0.0594490588549116,0.130180180933472,0.0605774394860072,0.409437340196048
1,0.5,0.2,0.5,0.4,-0.2,0.93326737479705,0.473996226766309,0.22044273573403,0.470678020814554,0.484622914500572,0.0358286550059997,NA,NA,NA,NA,NA,NA,0.103716355314887,0.0927892433285614,0.0671188632990742,0.137844281779608,0.0628807781105929,0.338146534654902
1,0.5,0.2,0.5,0.4,-0.2,0.908921216483981,0.460410622877404,0.182595170223165,0.630841099866585,0.396278120832315,-0.386101940434253,NA,NA,NA,NA,NA,NA,0.0959762536787536,0.0835940217649379,0.0660708376731114,0.150071634795153,0.0648088775179623,0.285181629612127
1,0.5,0.2,0.5,0.4,-0.2,1.14245777619314,0.510950640539125,0.176107116579187,0.365720890587866,0.375345279014762,-0.171942411707631,NA,NA,NA,NA,NA,NA,0.115981547353532,0.103134160074535,0.0836872427053898,0.141839403502528,0.0629287888346317,0.299828723778517
1,0.5,0.2,0.5,0.4,-0.2,1.04367075269661,0.482641834008282,0.20374670615805,0.669003882732691,0.359072847954919,-0.603646604651255,NA,NA,NA,NA,NA,NA,0.0934160764385959,0.0869790255098868,0.0677836424977315,0.136516866640621,0.0610383918454643,0.227546175698542
1,0.5,0.2,0.5,0.4,-0.2,0.896758337652475,0.385769030273634,0.156135108493453,0.405911429394105,0.36642874171913,0.245805515485742,NA,NA,NA,NA,NA,NA,0.10406926976486,0.0922391510884398,0.0708994960315511,0.149660546775005,0.059506191762435,0.419011130880529
1,0.5,0.2,0.5,0.4,-0.2,0.953382692080607,0.439548251400959,0.218936348441571,0.584300315493179,0.418943241565687,-0.334625264342526,NA,NA,NA,NA,NA,NA,0.0995714807080498,0.0904757302395311,0.0685865291180839,0.123948052493243,0.0602996161980165,0.237203224097803
1,0.5,0.2,0.5,0.4,-0.2,0.925061253525549,0.574848915471714,0.215713607885003,0.418942313546631,0.395174875706561,-0.00906354990947051,NA,NA,NA,NA,NA,NA,0.107323881963283,0.106399380243172,0.0782614457167701,0.134582558217204,0.0604764306600982,0.315731903041217
1,0.5,0.2,0.5,0.4,-0.2,1.09390052675291,0.45612184039549,0.0794129424117892,0.455599976401637,0.52171415700624,-0.120427509907688,NA,NA,NA,NA,NA,NA,0.110578917266808,0.0917081816912807,0.0628894678573494,0.137397041725945,0.0602926036967077,0.29401975604476
1,0.5,0.2,0.5,0.4,-0.2,0.971759821166837,0.609562767622805,0.19517792336237,0.42884472387542,0.417910555710341,-0.0537418474435508,NA,NA,NA,NA,NA,NA,0.109557328120811,0.0988996902701484,0.0735621373249025,0.127243329049089,0.0647078713033622,0.27401888862934
1,0.5,0.2,0.5,0.4,-0.2,1.20684691085069,0.299913892967689,0.132358820671845,0.517598955927725,0.470495990663706,-0.330235420172804,NA,NA,NA,NA,NA,NA,0.110839022344239,0.0971406822633849,0.066587812639639,0.142295608117925,0.0667016615973351,0.26245923143377
1,0.5,0.2,0.5,0.4,-0.2,1.04736006096399,0.523667827234508,0.247342195878502,0.530254993829694,0.370313046857544,-0.423919804504642,NA,NA,NA,NA,NA,NA,0.105815853884574,0.101765169920572,0.076587678715456,0.14567312774377,0.067353447701435,0.262839575050875
1,0.5,0.2,0.5,0.4,-0.2,1.09210269762491,0.372119680022758,0.156691211195443,0.410955482474964,0.499605550276884,-0.0173957048306702,NA,NA,NA,NA,NA,NA,0.115881777147532,0.0991787169370613,0.0655598175803018,0.134439569416507,0.0640150362756242,0.304640090771415
1,0.5,0.2,0.5,0.4,-0.2,0.937669636414241,0.575684351278123,0.207435091070149,0.733533387343213,0.3156387550374,-0.52642531312729,NA,NA,NA,NA,NA,NA,0.0847705319938625,0.0826914971289642,0.0683750413485596,0.156321183417701,0.0660946099887349,0.274990275941882
1,0.5,0.2,0.5,0.4,-0.2,0.858110085507006,0.545224261637885,0.291854792690808,0.462561558765783,0.311255770048123,0.0311240908523099,NA,NA,NA,NA,NA,NA,0.100554123306995,0.0905191318396845,0.0730893521973377,0.143830630273479,0.0592601463634367,0.332116426452383
1,0.5,0.2,0.5,0.4,-0.2,0.960031685878203,0.525834095990283,0.18657585985508,0.489678439758885,0.422480500907134,-0.297227978904393,NA,NA,NA,NA,NA,NA,0.109141331357708,0.105422160576212,0.0668343582129356,0.1205874305537,0.0693011225268477,0.227998171286399
1,0.5,0.2,0.5,0.4,-0.2,1.07818166634169,0.493784431196392,0.125616654666927,0.576804036186428,0.423977422361807,-0.27633767461483,NA,NA,NA,NA,NA,NA,0.0993210748089449,0.0910430449635645,0.0617205638958237,0.151054030659358,0.066218523845197,0.303197769595448
1,0.5,0.2,0.5,0.4,-0.2,0.933194738075625,0.544575997844522,0.222637207369211,0.452505891305786,0.438746725801324,0.187387937255221,NA,NA,NA,NA,NA,NA,0.101573629226128,0.0873540292033436,0.0582539999445543,0.118759948529626,0.0657084144532914,0.305175815902222
1,0.5,0.2,0.5,0.4,-0.2,1.16121341400051,0.477950691920887,0.173179324274814,0.363858953628446,0.448474399799373,0.0141455594348647,NA,NA,NA,NA,NA,NA,0.123188487904564,0.111033252450203,0.0705121583818661,0.127648662459718,0.0663161905209138,0.271202121881054
1,0.5,0.2,0.5,0.4,-0.2,1.22756919554558,0.450710078418859,0.0550858801229176,0.297425698474904,0.451869413619579,-0.0338793990972034,NA,NA,NA,NA,NA,NA,0.129747336040794,0.120784810660181,0.0822089317902313,0.120067616971657,0.0671821004299827,0.261459617947734
1,0.5,0.2,0.5,0.4,-0.2,0.986998105450801,0.507951589844713,0.0427797179987973,0.420236319337346,0.387208307659169,0.0146539664109254,NA,NA,NA,NA,NA,NA,0.108356562746277,0.0984158728413493,0.0802013570148298,0.115428012679666,0.0626954759821807,0.267743265130011
1,0.5,0.2,0.5,0.4,-0.2,0.958521154476823,0.530866843112636,0.367208031178364,0.407015807064464,0.494073687578855,0.258707000244046,NA,NA,NA,NA,NA,NA,0.106775046466244,0.0910911722669977,0.0639691197028487,0.131105911027419,0.0579041668084201,0.360321041588833
1,0.5,0.2,0.5,0.4,-0.2,0.9170639987354,0.627270677226243,0.236576589458918,0.261327765168073,0.381198412121358,0.376953675914552,NA,NA,NA,NA,NA,NA,0.121414827767219,0.122126992950739,0.0769206485856282,0.126015185320481,0.0651741180996967,0.363210467824492
1,0.5,0.2,0.5,0.4,-0.2,1.09275093683167,0.452571249401106,0.258620754271032,0.564182142263148,0.508113149961637,-0.168677123732967,NA,NA,NA,NA,NA,NA,0.100490413446583,0.075305877267611,0.0634541257765176,0.130584493662247,0.0622248923509802,0.270840078228443
1,0.5,0.2,0.5,0.4,-0.2,0.998403714935998,0.424820406526762,0.116916882952972,0.528174279971308,0.426000726839558,-0.0182490014870098,NA,NA,NA,NA,NA,NA,0.100693454202632,0.0929792527307351,0.0670191399534148,0.117425919525548,0.0656519445348121,0.257700387505934
1,0.5,0.2,0.5,0.4,-0.2,1.09183551441811,0.436309192935304,0.159751330162303,0.605098180300317,0.374217527368561,-0.377681644094106,NA,NA,NA,NA,NA,NA,0.0941609541314613,0.0861846095385037,0.0736926504259554,0.143816793718095,0.0638618409018573,0.277418655680249
1,0.5,0.2,0.5,0.4,-0.2,0.995158555027485,0.566137638371137,0.278870231977821,0.488096396492449,0.426650776723736,-0.317893035609282,NA,NA,NA,NA,NA,NA,0.10648905518433,0.096746486927503,0.0747189712229818,0.147546542465986,0.0611585175677827,0.291021228242617
1,0.5,0.2,0.5,0.4,-0.2,0.897053700929035,0.720283085545507,0.228486483604415,0.508881859570655,0.277639704906434,-0.17959122372913,NA,NA,NA,NA,NA,NA,0.0981739879772326,0.097106087122222,0.0758528076205779,0.130295070708756,0.0696634546283268,0.259484920024514
1,0.5,0.2,0.5,0.4,-0.2,0.977468827848636,0.335585043793205,0.187902514340715,0.357230891790893,0.48193464456562,0.470725239653172,NA,NA,NA,NA,NA,NA,0.110453673395701,0.0982076335597344,0.0632735280790406,0.125169830198491,0.0578066022384499,0.405019357467642
1,0.5,0.2,0.5,0.4,-0.2,1.03459775790251,0.376406311338107,0.170737041274728,0.681011579017516,0.384557121709018,-0.498275325663363,NA,NA,NA,NA,NA,NA,0.0910823606232566,0.0857323671847268,0.0643912960301375,0.136607580322002,0.0624508933420374,0.248409417950902
1,0.5,0.2,0.5,0.4,-0.2,1.05240910893368,0.46628760632557,0.169416069098409,0.156606565486904,0.417743358320518,1.14275064275987,NA,NA,NA,NA,NA,NA,0.130053369483867,0.113912549892654,0.07039373785391,0.167923034124819,0.0609909810821789,0.974496708467732
1,0.5,0.2,0.5,0.4,-0.2,1.09974160386911,0.432492343469312,0.0268397911336237,0.766847592550955,0.329277422872308,-0.60526919447397,NA,NA,NA,NA,NA,NA,0.086765764244623,0.0799104560171122,0.0743653617158937,0.152293374698183,0.0669812976439166,0.248234865331271
1,0.5,0.2,0.5,0.4,-0.2,0.861779740879988,0.562178506552077,0.382058773056847,0.471132079089659,0.422903849951818,-0.0274396938556032,NA,NA,NA,NA,NA,NA,0.104280884332026,0.089854003849162,0.0705280827651817,0.135539655201728,0.0618913400309556,0.307243912848041
1,0.5,0.2,0.5,0.4,-0.2,0.882391705202975,0.695606821701644,0.163172147156059,0.425372012990413,0.417418682931719,0.159839957441811,NA,NA,NA,NA,NA,NA,0.106720470691867,0.100984294070335,0.0713287264366776,0.109337556760687,0.0687846561176483,0.265741461575232
1,0.5,0.2,0.5,0.4,-0.2,0.669515297103892,0.808087073417974,0.125570789932141,0.554079055382868,0.37089340043714,-0.183874801811383,NA,NA,NA,NA,NA,NA,0.0962622160348334,0.0855197621949928,0.0653705707986523,0.12913292326678,0.0623971640654053,0.274546648813694
1,0.5,0.2,0.5,0.4,-0.2,1.26691661715202,0.307990963247765,0.113957831133168,0.583344880790292,0.339738819770965,-0.405766425174408,NA,NA,NA,NA,NA,NA,0.0997777410387009,0.0871634192086467,0.0769181817713235,0.130305406643118,0.0665165618215643,0.230602564223319
1,0.5,0.2,0.5,0.4,-0.2,0.902916140079549,0.540006090326837,0.131651513278807,0.730803138718491,0.372234006583266,-0.498870612103981,NA,NA,NA,NA,NA,NA,0.0852942162669141,0.0767014264459176,0.0592758289483747,0.143297461222512,0.0641291129287758,0.257777385778664
1,0.5,0.2,0.5,0.4,-0.2,0.927404763186284,0.568572673517681,0.0557801016487146,0.671602938782387,0.284619044515223,-0.588124906294854,NA,NA,NA,NA,NA,NA,0.0901961283153659,0.0825926469661166,0.0816224065906567,0.156838117970793,0.0668527713337289,0.272142120724758
1,0.5,0.2,0.5,0.4,-0.2,0.974739136324383,0.484933291704142,0.16159087327871,0.624064219975133,0.356624572993597,-0.16422160974983,NA,NA,NA,NA,NA,NA,0.0893077361134746,0.0837182393718558,0.059660093878961,0.120246695915686,0.0623296642091841,0.247634473486284
1,0.5,0.2,0.5,0.4,-0.2,1.04697183538324,0.499025157669301,0.357996955719904,0.713317284848513,0.276360663229028,-0.513812885765055,NA,NA,NA,NA,NA,NA,0.0856143941177707,0.0847070750886527,0.0694614670691121,0.135961317974163,0.0658505819084967,0.244768400249622
1,0.5,0.2,0.5,0.4,-0.2,0.878306264366136,0.684832190297958,0.236356585121113,0.437627959856184,0.299745544664058,0.0286392496568987,NA,NA,NA,NA,NA,NA,0.100191373091151,0.100250103699429,0.079408054763929,0.129451435332465,0.0591958146773218,0.304980435342672
1,0.5,0.2,0.5,0.4,-0.2,0.886756801926675,0.513164720063656,0.265587362162804,0.64358503294809,0.381196146937282,-0.521747048972382,NA,NA,NA,NA,NA,NA,0.0952042273400146,0.0827537340477818,0.0685712476730107,0.131107920558111,0.0691825328452399,0.223033310244081
1,0.5,0.2,0.5,0.4,-0.2,0.988408699335447,0.516405055625058,0.12703556669014,0.407373240879144,0.458875757460689,-0.0686686136897026,NA,NA,NA,NA,NA,NA,0.11310099195616,0.100834027075012,0.0668894984539324,0.13916366916223,0.0612937498741864,0.304027464111903
1,0.5,0.2,0.5,0.4,-0.2,0.947417856665774,0.635642471258655,0.133759377444504,0.544700788184434,0.461393855600521,-0.287641696918509,NA,NA,NA,NA,NA,NA,0.101788859903851,0.0908067040382894,0.0681139002512324,0.130470379694447,0.069148897880061,0.260290384582885
1,0.5,0.2,0.5,0.4,-0.2,1.06495667160565,0.435719989598639,0.109893991498626,0.966049897867959,0.410071764080926,-0.914650754941111,NA,NA,NA,NA,NA,NA,0.0780264246065941,0.0702728509763129,0.0652558726300071,0.151446336263622,0.0675741421085104,0.231851013869766
1,0.5,0.2,0.5,0.4,-0.2,0.880414514911913,0.658144432776019,0.0906601255307547,0.591635191783838,0.410151164583514,-0.184118344918521,NA,NA,NA,NA,NA,NA,0.0926438935366809,0.0747972631678122,0.0663281580200139,0.130635606737462,0.0616256523968153,0.262939908347074
1,0.5,0.2,0.5,0.4,-0.2,1.12654516449977,0.365524176684697,0.14682241928004,0.472895342435509,0.540796609304266,-0.153680861932329,NA,NA,NA,NA,NA,NA,0.114059425426201,0.0896330015536856,0.0597362305470024,0.143971605219769,0.067398350175731,0.290510331531505
1,0.5,0.2,0.5,0.4,-0.2,1.06729368723067,0.496526280539776,0.239698411594717,0.460179866431796,0.384492773269212,-0.238619631842113,NA,NA,NA,NA,NA,NA,0.107292812552959,0.108628668537438,0.0769427842260878,0.142304306840621,0.0639752347483345,0.293920486685153
1,0.5,0.2,0.5,0.4,-0.2,1.15433503999613,0.458525608604471,0.255481204433792,0.226204293204974,0.355542003150381,0.264362730462561,NA,NA,NA,NA,NA,NA,0.125196787915897,0.108566609533145,0.0763614317449493,0.131297086447967,0.06891556958271,0.351196267884888
1,0.5,0.2,0.5,0.4,-0.2,0.992242472108201,0.473919717712767,0.09335609599006,0.52698903945626,0.507968306417855,-0.0683256575717599,NA,NA,NA,NA,NA,NA,0.102689766322765,0.0864022091606108,0.059616848106675,0.128926470752096,0.0621053778530562,0.283681838519862
1,0.5,0.2,0.5,0.4,-0.2,1.11895817673006,0.453638636603788,0.0932257578788687,0.173780629399928,0.343252654093864,0.767302619925912,NA,NA,NA,NA,NA,NA,0.126088103457459,0.119532780598337,0.0784633685444026,0.113814431966905,0.0647372620373071,0.422560053298056
1,0.5,0.2,0.5,0.4,-0.2,0.870615699895587,0.660789782737675,0.228273460603526,0.30990830254231,0.376394162435675,0.132132815782354,NA,NA,NA,NA,NA,NA,0.118732387771375,0.116998526636859,0.0778661183461852,0.12380541319149,0.0626032313306729,0.297744815994957
1,0.5,0.2,0.5,0.4,-0.2,1.06481143966237,0.39677445116935,0.147338169037213,0.363377477282684,0.411586413988823,0.170405986762206,NA,NA,NA,NA,NA,NA,0.112725528069303,0.105375593544732,0.0721197970004021,0.122062416297442,0.0643565433961302,0.309523717619298
1,0.5,0.2,0.5,0.4,-0.2,1.02170129184051,0.474413237191717,0.184740790109897,0.567489593701511,0.41023147962722,-0.238320020989001,NA,NA,NA,NA,NA,NA,0.0971010689793065,0.0920893659658341,0.0746001725796301,0.142180017515483,0.0618166508772561,0.283355471581284
1,0.5,0.2,0.5,0.4,-0.2,1.12944595878241,0.329218744022783,0.235156456858592,0.652388898760628,0.421595219236581,-0.439348899575742,NA,NA,NA,NA,NA,NA,0.094670437538871,0.0815836405754147,0.0685267716097448,0.120277977894046,0.0629612899557539,0.216550341043225
1,0.5,0.2,0.5,0.4,-0.2,1.07048918186854,0.476353255108536,0.0369840195433947,0.488273125996733,0.372564649327045,-0.138449919128011,NA,NA,NA,NA,NA,NA,0.105234555183259,0.10640398891529,0.0771379282644914,0.151699932025121,0.0630761936931227,0.328998599700713
1,0.5,0.2,0.5,0.4,-0.2,0.918351166018415,0.477227186538079,0.179120966315541,0.622488058301893,0.428635133686661,-0.247772893308032,NA,NA,NA,NA,NA,NA,0.094601684132626,0.0871644904850433,0.0670033466042468,0.137384216232328,0.064030179652271,0.281252230640916
1,0.5,0.2,0.5,0.4,-0.2,1.00323968995054,0.537864634836951,0.183929148792801,0.541655309549232,0.468078589589802,-0.426172019692787,NA,NA,NA,NA,NA,NA,0.10904370039864,0.103806868331397,0.0676632287640789,0.145158319728623,0.0672685286669779,0.271650013209381
1,0.5,0.2,0.5,0.4,-0.2,0.827385318513808,0.699763866377881,-0.00991581563432397,0.615599858737952,0.3377807951632,-0.141372610644858,NA,NA,NA,NA,NA,NA,0.0886452608530839,0.0819333160400478,0.0710213153254795,0.127427515506142,0.0630677128458991,0.268582734260607
1,0.5,0.2,0.5,0.4,-0.2,0.787929777504339,0.573922265963182,0.279990791420278,0.556328423318978,0.417935464556692,-0.176662962688562,NA,NA,NA,NA,NA,NA,0.0972267365334797,0.0925938940958799,0.0638760125992458,0.160377673052178,0.0593555832629572,0.348245472612105
1,0.5,0.2,0.5,0.4,-0.2,1.16285099974918,0.550961560983759,0.241936347188273,0.443148759287069,0.39744941950453,-0.08894404450349,NA,NA,NA,NA,NA,NA,0.106653957424197,0.098533520002371,0.0736250921860148,0.13132788207261,0.0644611003752145,0.292518245211823
1,0.5,0.2,0.5,0.4,-0.2,1.03893205946964,0.4058219172551,0.134728515840695,0.408896954764337,0.417069059192083,-0.0807492574917404,NA,NA,NA,NA,NA,NA,0.116489335193928,0.100163037425342,0.0760987880801749,0.147182180945272,0.067996003293896,0.320432003437805
1,0.5,0.2,0.5,0.4,-0.2,1.03307713503128,0.534856054584681,0.247214270802642,0.422397546010881,0.365190967095251,-0.0988998422030406,NA,NA,NA,NA,NA,NA,0.11164946395579,0.0964469567479305,0.0757425221057266,0.130761747467759,0.0622635709914998,0.278658012289259
1,0.5,0.2,0.5,0.4,-0.2,0.83600851154963,0.543159707441665,0.235217830614916,0.582770476130616,0.362311980551806,-0.159620806184695,NA,NA,NA,NA,NA,NA,0.092934454111581,0.0831328996715906,0.0674196107717019,0.121470895658712,0.0658784569238818,0.252218052230064
1,0.5,0.2,0.5,0.4,-0.2,0.841465924258964,0.594142008517612,0.386717182764194,0.640606287261066,0.366584219089721,-0.413076577685823,NA,NA,NA,NA,NA,NA,0.0923228347005355,0.0869228505357551,0.0692440075086315,0.128112141516418,0.0682990813813878,0.237874189848784
1,0.5,0.2,0.5,0.4,-0.2,1.21514157890735,0.33460785184329,0.285671961405485,0.472102005220386,0.517638262011406,-0.344408128905911,NA,NA,NA,NA,NA,NA,0.115999694828252,0.0995522162746745,0.0769047676609213,0.156672038302074,0.0648009529201255,0.290289416894663
1,0.5,0.2,0.5,0.4,-0.2,1.0052454574872,0.48688394346725,0.206411227396609,0.509647831642269,0.479495034440668,-0.279705748302968,NA,NA,NA,NA,NA,NA,0.106616806952382,0.098816835722349,0.0756994578089776,0.141318331178355,0.0649777264229554,0.284074745909081
1,0.5,0.2,0.5,0.4,-0.2,0.996409798212674,0.577151309624799,0.18421591044647,0.677607900193271,0.42700773929473,-0.366262255084469,NA,NA,NA,NA,NA,NA,0.0919428722696675,0.0861110174642711,0.0655828263857338,0.143431855932099,0.0672398767155416,0.27318591571015
1,0.5,0.2,0.5,0.4,-0.2,1.0292333382385,0.618942264625514,0.331586910867377,0.682517281554966,0.302096905157151,-0.64919907239163,NA,NA,NA,NA,NA,NA,0.0920353150010304,0.0883148887004485,0.0768196314826734,0.13710472166038,0.0649040356199287,0.226997607344125
1,0.5,0.2,0.5,0.4,-0.2,1.07145522362043,0.549594437479238,0.221398354505711,0.219344635039051,0.388093655894406,0.258909710636509,NA,NA,NA,NA,NA,NA,0.12621280328066,0.109037238521482,0.0786175876063858,0.115727925231218,0.059050840396419,0.293804657384037
1,0.5,0.2,0.5,0.4,-0.2,0.890939578366527,0.466262714936834,0.222660496147168,0.600545398519613,0.397803643953201,-0.23120756710222,NA,NA,NA,NA,NA,NA,0.0915825875945243,0.0794186671420609,0.0638580918587347,0.125266693752071,0.064455162817805,0.254065618494116
1,0.5,0.2,0.5,0.4,-0.2,1.0511870772938,0.49364943183406,0.236171483997908,0.433279894440956,0.384509029849053,-0.137235253723913,NA,NA,NA,NA,NA,NA,0.107787245881817,0.0947722877895182,0.0777201258310461,0.131012707265997,0.0615328759271724,0.276051388172959
1,0.5,0.2,0.5,0.4,-0.2,1.01798898840476,0.457194481027242,0.25200926866875,0.275975585597492,0.468643513699135,0.803398268770223,NA,NA,NA,NA,NA,NA,0.123833430842792,0.111915541943911,0.0661944742736369,0.122281661507457,0.058993642014379,0.464544037182607
1,0.5,0.2,0.5,0.4,-0.2,0.965435144664176,0.645541934588651,0.251655422237277,0.657191879510666,0.412964654797464,-0.5278091267408,NA,NA,NA,NA,NA,NA,0.0972480378722586,0.0917484156314266,0.0690083771628089,0.153480020961925,0.0640360743882083,0.267790536119665
1,0.5,0.2,0.5,0.4,-0.2,1.00586179003213,0.468916368218437,0.22415985816695,0.567427132245133,0.417517021780601,-0.212848672883882,NA,NA,NA,NA,NA,NA,0.0986567984583471,0.0840522757646429,0.0676561174488606,0.131169620815097,0.0649816025217138,0.262536671375985
1,0.5,0.2,0.5,0.4,-0.2,0.970278219359915,0.30150748006462,0.148471631315459,0.622502221327691,0.510066541596456,-0.25845030947755,NA,NA,NA,NA,NA,NA,0.0970387673935455,0.0833452108766236,0.0591523398995754,0.144565919316102,0.0640454470693586,0.28348548848657
1,0.5,0.2,0.5,0.4,-0.2,0.953541571249467,0.663353539486391,0.143926335988167,0.684491677056102,0.293001316672585,-0.419966531822565,NA,NA,NA,NA,NA,NA,0.0870474387787755,0.077941730906346,0.0759173478466609,0.128242358040485,0.0669656149451509,0.231424362407433
1,0.5,0.2,0.5,0.4,-0.2,1.02029679505262,0.56123586338102,0.242657035570975,0.572727152384163,0.448956975783812,-0.266825919243785,NA,NA,NA,NA,NA,NA,0.0985891337658926,0.0864472108479369,0.0693229037442276,0.13570345766955,0.060614212471858,0.271342838076751
1,0.5,0.2,0.5,0.4,-0.2,0.828129089342506,0.702723570456622,0.165398271939358,0.484381277041426,0.318680118945192,-0.226398375719313,NA,NA,NA,NA,NA,NA,0.102860238360496,0.103992007935074,0.0827091753692967,0.143973715745388,0.0658223322877227,0.299151934950145
1,0.5,0.2,0.5,0.4,-0.2,1.0489716066316,0.554604171446326,0.102243814068322,0.611515031126669,0.382765807979728,-0.281499723393813,NA,NA,NA,NA,NA,NA,0.0953531788931506,0.0832508915627483,0.0707945369787874,0.131267938601168,0.0664571996288489,0.25365447902455
1,0.5,0.2,0.5,0.4,-0.2,0.977101213155201,0.572785175199015,0.202887565665367,0.621552923056381,0.366950043058635,-0.363449430159338,NA,NA,NA,NA,NA,NA,0.0929171868976838,0.0845945346951077,0.0652517459671714,0.144751227313171,0.0642953814599121,0.274832021328881
1,0.5,0.2,0.5,0.4,-0.2,0.90127008303116,0.598009278644184,0.0930147249822183,0.48062489388213,0.492426712721908,0.0371265145697982,NA,NA,NA,NA,NA,NA,0.107663881223716,0.0978760839706817,0.0690084472762483,0.119173736359452,0.0647326096037379,0.264729099348591
1,0.5,0.2,0.5,0.4,-0.2,0.812757600853988,0.601055559314242,0.0823509842471562,0.612014186466907,0.373132128089873,-0.218960282371918,NA,NA,NA,NA,NA,NA,0.0935951869561834,0.0902738343377243,0.0665643723362603,0.142272471608176,0.0695906808614335,0.293059944026727
1,0.5,0.2,0.5,0.4,-0.2,1.07695916879656,0.424988425131512,0.270147154751214,0.531130494504835,0.421357065013755,-0.273523199950741,NA,NA,NA,NA,NA,NA,0.106909336827108,0.0972612734444369,0.0657286412085511,0.147740004444288,0.0632027749663767,0.288228271694548
1,0.5,0.2,0.5,0.4,-0.2,0.9367656793127,0.623454945943352,0.23090142302524,0.435748360145083,0.338328739991238,-0.230063743974877,NA,NA,NA,NA,NA,NA,0.108317392510332,0.095220535886884,0.0832291168111009,0.122827934376417,0.0629069598136774,0.241738263983539
1,0.5,0.2,0.5,0.4,-0.2,1.06511705683024,0.476540103003234,0.226839468683578,0.425782243642339,0.350397275222256,0.110620794299184,NA,NA,NA,NA,NA,NA,0.104044319786583,0.0947096307331058,0.073709804617769,0.129179073295118,0.062903784998163,0.314042241016731
1,0.5,0.2,0.5,0.4,-0.2,0.960248657988413,0.624789241189044,0.191604274290091,0.470449642433159,0.426504424268593,-0.0764490673299519,NA,NA,NA,NA,NA,NA,0.108007942067261,0.10279377237212,0.0730934605538354,0.128384817491609,0.0626207698130603,0.281107337569988
1,0.5,0.2,0.5,0.4,-0.2,1.02875561201526,0.495836806895193,0.313886399945385,0.412680102639427,0.299986210358483,0.0294073205565724,NA,NA,NA,NA,NA,NA,0.105985668133345,0.10704271781055,0.0745525103858233,0.135132099779622,0.0662146111059849,0.315988734705731
1,0.5,0.2,0.5,0.4,-0.2,1.05811424307762,0.531149852469986,0.0128050387725142,0.316771901915913,0.457627001041536,0.0841328108663865,NA,NA,NA,NA,NA,NA,0.123843371169332,0.109068499205669,0.0737861414219417,0.121992007831949,0.0643386358217661,0.279473124996251
1,0.5,0.2,0.5,0.4,-0.2,1.10392859065563,0.420748910246568,0.136109242387199,0.333536816267113,0.470093497895225,0.0114742543384854,NA,NA,NA,NA,NA,NA,0.121209470697439,0.108958335208518,0.0808037887239123,0.136002695392469,0.0661040528398433,0.317127934451011
1,0.5,0.2,0.5,0.4,-0.2,0.938117910879052,0.514611098287233,0.192610321363581,0.501344830046889,0.414029734107685,-0.117823768961158,NA,NA,NA,NA,NA,NA,0.102495232153613,0.0993981939845224,0.0699213902673599,0.128349015056682,0.0654997000457257,0.276048936475333
1,0.5,0.2,0.5,0.4,-0.2,1.16034071945944,0.438476776060373,0.338674671480659,0.504716074000931,0.405567848047518,-0.388757077291198,NA,NA,NA,NA,NA,NA,0.109744142723828,0.0964822498968987,0.0793300710417151,0.126104354713208,0.0714521862484922,0.227563777401144
1,0.5,0.2,0.5,0.4,-0.2,1.08093256024771,0.475310714406713,0.227764166400886,0.508179549810239,0.39221183450527,-0.358280882489802,NA,NA,NA,NA,NA,NA,0.106952330989977,0.0993345466092223,0.0766231540987469,0.122553314632881,0.068355008047432,0.21885740017832
1,0.5,0.2,0.5,0.4,-0.2,1.01789934032019,0.403502888612403,-0.000193510237118044,0.372693402152803,0.470785820859466,0.124620485360808,NA,NA,NA,NA,NA,NA,0.115014400104446,0.103423798312617,0.0673459011934887,0.116415644550896,0.0651509116028783,0.278863690535766
1,0.5,0.2,0.5,0.4,-0.2,1.00864094677595,0.354769007778074,0.234378415120739,0.62729730100955,0.350686744809398,-0.457521505549629,NA,NA,NA,NA,NA,NA,0.0981973194060999,0.0851117152741551,0.0810674705613897,0.153106420269406,0.0660927343358085,0.270773316474681
1,0.5,0.2,0.5,0.4,-0.2,1.0657406832131,0.48294468523283,0.159196086658652,0.504090120518232,0.462288779790964,-0.286632644068953,NA,NA,NA,NA,NA,NA,0.110788984061252,0.0977386817797786,0.0701185697407984,0.141954436319727,0.0691320578672338,0.278813568221718
1,0.5,0.2,0.5,0.4,-0.2,1.04263031248753,0.457347578529747,0.277882426712159,0.290693896537705,0.390040287704313,0.0788901382059468,NA,NA,NA,NA,NA,NA,0.123811525174439,0.121044199032278,0.0752247320608927,0.121635721365516,0.0649383430850946,0.283246553976892
1,0.5,0.2,0.5,0.4,-0.2,1.07545797932955,0.667288333575858,0.19588932364356,0.356011094799873,0.201118006962357,0.195222608531389,NA,NA,NA,NA,NA,NA,0.104857635436145,0.100081373250326,0.0806764257548874,0.129412900125388,0.0645985054590492,0.335943074173337
1,0.5,0.2,0.5,0.4,-0.2,0.993792796962145,0.466532459621043,0.125508247673296,0.393593455817438,0.505685033651088,-0.119158514699093,NA,NA,NA,NA,NA,NA,0.118942457548602,0.106972998540206,0.0706962578277549,0.136595279561557,0.0633424063509552,0.294129927783177
1,0.5,0.2,0.5,0.4,-0.2,1.01289889293605,0.532793722873487,0.14283542984597,0.535787301717554,0.288309292564407,0.132796390318625,NA,NA,NA,NA,NA,NA,0.0910461098658434,0.0901516628419203,0.0668488047307321,0.114990175834181,0.0612627371000219,0.278649608449071
1,0.5,0.2,0.5,0.4,-0.2,0.997368516183607,0.697024014348716,0.112577521946437,0.451820423540913,0.301212089779955,-0.310216541822523,NA,NA,NA,NA,NA,NA,0.107121621355533,0.0986555067994583,0.0845466104604221,0.134518080786225,0.0660283885689506,0.255680814531909
1,0.5,0.2,0.5,0.4,-0.2,0.970431507601854,0.356949486332999,0.232055645901131,0.44301314836572,0.519791918975563,0.0540297105150677,NA,NA,NA,NA,NA,NA,0.111668089697073,0.101335260649771,0.0687949834672864,0.124770949240555,0.0624167684883212,0.291834851913066
1,0.5,0.2,0.5,0.4,-0.2,1.05205907259381,0.42541473197563,0.209942611862208,0.487575633356939,0.48693133070266,0.0930878979375267,NA,NA,NA,NA,NA,NA,0.103437791343034,0.0879558417748864,0.0625988196235773,0.112915968470388,0.0635890001395013,0.261410908565884
1,0.5,0.2,0.5,0.4,-0.2,0.886641049329537,0.478130945583299,0.232976991996764,0.761626649380485,0.507948612404192,-0.634758578732648,NA,NA,NA,NA,NA,NA,0.0950562546144698,0.0760916147331176,0.0570107368144536,0.15671542461109,0.0697278954408045,0.267584037857572
1,0.5,0.2,0.5,0.4,-0.2,0.918665188110083,0.456664071143665,0.252633311823897,0.694529104991981,0.354694590885462,-0.474023653078375,NA,NA,NA,NA,NA,NA,0.0884285322734681,0.0840348183758426,0.0675539103701082,0.138258073687739,0.0638350306141415,0.247509550671944
1,0.5,0.2,0.5,0.4,-0.2,1.08764198534091,0.406280040108576,0.321678577738486,0.527625488755299,0.461260913535676,-0.172837205810324,NA,NA,NA,NA,NA,NA,0.105188434909219,0.0944193495191731,0.0708020243836787,0.147198601213935,0.0646727441752284,0.312724407390759
1,0.5,0.2,0.5,0.4,-0.2,0.917810326735244,0.541835122667313,0.0754602928171137,0.40260697054105,0.400318327876835,0.0856201594142336,NA,NA,NA,NA,NA,NA,0.107095138222402,0.0928496716082153,0.0732399984861139,0.121893587240158,0.0594776077002799,0.295941354324745
1,0.5,0.2,0.5,0.4,-0.2,1.09179651407326,0.401192306163551,0.227602553118363,0.346718804313848,0.425450999493828,-0.0610597807173621,NA,NA,NA,NA,NA,NA,0.120820669832011,0.111642476637208,0.0866646220376151,0.144438601683188,0.0653584370281701,0.322303306309527
1,0.5,0.2,0.5,0.4,-0.2,1.11862222011289,0.462827407788649,0.165709408035599,0.327854140498011,0.459436741481385,0.252091154014644,NA,NA,NA,NA,NA,NA,0.11972031992041,0.108220903964976,0.078585768368441,0.147754436321809,0.0633255637941579,0.407433622622268
1,0.5,0.2,0.5,0.4,-0.2,1.02485976069249,0.480335423590461,0.225889809362909,0.344093497420433,0.366853125113272,-0.0173358485669916,NA,NA,NA,NA,NA,NA,0.11829816111522,0.11381839298808,0.0789696348625264,0.129168503473239,0.0644925896531456,0.286131988533079
1,0.5,0.2,0.5,0.4,-0.2,0.950069924263691,0.57442790017767,0.257965239455968,0.439944974200918,0.423296390292021,-0.165805800012214,NA,NA,NA,NA,NA,NA,0.109518441349196,0.0991272229342493,0.074253739789113,0.130666526433997,0.0612382720810164,0.271458530067791
1,0.5,0.2,0.5,0.4,-0.2,0.944256487777958,0.492514359661378,0.254169388963186,0.897321744295213,0.312875466913669,-0.812380326504216,NA,NA,NA,NA,NA,NA,0.0795246084468582,0.0722473104518821,0.0645698123942011,0.179700961272891,0.0711142845500094,0.279507890669812
1,0.5,0.2,0.5,0.4,-0.2,1.05098920762886,0.408832297208838,0.263897444241389,0.77341517599702,0.361270541650063,-0.738476593777375,NA,NA,NA,NA,NA,NA,0.0881004730700494,0.0774767208923397,0.0671370104871663,0.142958027225259,0.0661583206293835,0.22704877808751
1,0.5,0.2,0.5,0.4,-0.2,1.05303868079598,0.42452381129317,0.157116451440841,0.314054324503064,0.419010563205632,0.372193426438346,NA,NA,NA,NA,NA,NA,0.119172146909875,0.105961357764412,0.0743338022214035,0.109391081919763,0.0626283849870511,0.294313979128932
1,0.5,0.2,0.5,0.4,-0.2,1.12944224237666,0.492097448210865,0.30927640129904,0.429002318379037,0.335300516105837,-0.152197486383317,NA,NA,NA,NA,NA,NA,0.107830988694814,0.102041388328235,0.0807592703944161,0.131439787256737,0.0630547902212232,0.278687938457526
1,0.5,0.2,0.5,0.4,-0.2,0.909764498768563,0.578084971094818,0.101946478652424,0.624832161272543,0.420781504086215,-0.466159626319483,NA,NA,NA,NA,NA,NA,0.0967385772589974,0.0946310387196792,0.0736097610098135,0.153434034099678,0.0622914326354682,0.284869891506011
1,0.5,0.2,0.5,0.4,-0.2,1.12448317327681,0.422492803169645,0.12323929381833,0.542668703252867,0.382883771651944,-0.222541554824727,NA,NA,NA,NA,NA,NA,0.100335419394623,0.092157307849529,0.0661580199566629,0.143055141883633,0.0656906760798386,0.289216695137479
1,0.5,0.2,0.5,0.4,-0.2,1.01509968365772,0.353203770513156,0.130769391898506,0.336984634283572,0.408661604662069,0.57759588077047,NA,NA,NA,NA,NA,NA,0.110672658356882,0.094572985617305,0.0655723018397924,0.133420770835233,0.0606328479631978,0.454494105828667
1,0.5,0.2,0.5,0.4,-0.2,1.16724563121288,0.312335075215333,0.156819858788006,0.320813640028381,0.587761124904307,0.242979916080037,NA,NA,NA,NA,NA,NA,0.123194104561164,0.0999649944496377,0.0600441324202367,0.106321759108955,0.0625425466899794,0.266442745196956
1,0.5,0.2,0.5,0.4,-0.2,0.908437183668676,0.425388323815233,0.209918230395237,0.598632535505091,0.440143987092226,-0.34916399431039,NA,NA,NA,NA,NA,NA,0.0979721080460956,0.0835911932045501,0.0678611751683103,0.133196853938208,0.0643303164334709,0.255369106404919
1,0.5,0.2,0.5,0.4,-0.2,0.781491328469682,0.57380407810453,0.225810823279106,0.583166450074277,0.399274564077008,-0.276783519833835,NA,NA,NA,NA,NA,NA,0.0959545410348714,0.0830181340013357,0.0659642656757503,0.132171596709712,0.0613274580158831,0.251110576744828
1,0.5,0.2,0.5,0.4,-0.2,0.861306722129152,0.623548835040164,0.268282872018276,0.789044967891845,0.394898878053055,-0.65714562853012,NA,NA,NA,NA,NA,NA,0.0839895004511222,0.0719041594668354,0.0723616544268864,0.133245318546777,0.0663726711340811,0.223402058606697
1,0.5,0.2,0.5,0.4,-0.2,1.03203275618866,0.484733694149041,0.36313635034447,0.586475362943097,0.440483220985665,-0.330770635876411,NA,NA,NA,NA,NA,NA,0.0989994947371236,0.0810131535918189,0.0657528079909201,0.130522503954002,0.0631646784610863,0.253570879399149
1,0.5,0.2,0.5,0.4,-0.2,0.970706040572449,0.421662814670752,0.237577148309508,0.509844172582886,0.423201860718418,-0.0496412364432446,NA,NA,NA,NA,NA,NA,0.104385878897253,0.105668046759172,0.0681412752446301,0.122280061698989,0.0676678603069963,0.26441804082604
1,0.5,0.2,0.5,0.4,-0.2,1.12909404283751,0.43942197460754,0.391869176151927,0.377172363829257,0.442821587425386,0.0290588137148279,NA,NA,NA,NA,NA,NA,0.11595301910666,0.104034647094807,0.0700428943834791,0.12303032795092,0.0634370322567216,0.277996672376398
1,0.5,0.2,0.5,0.4,-0.2,1.18195208167314,0.367107156766122,0.308425359911554,0.517431032671476,0.419939193031887,-0.358612828841276,NA,NA,NA,NA,NA,NA,0.108535787153185,0.0990738453691716,0.0753042008507325,0.146340291448247,0.0710291504449633,0.27433042140936
1,0.5,0.2,0.5,0.4,-0.2,1.12866903025593,0.389166842076228,0.0990853828602103,0.288325560733993,0.439072989316519,0.251601367538993,NA,NA,NA,NA,NA,NA,0.119773478015332,0.100558125095038,0.0764457392113844,0.128531558777175,0.0610464668171679,0.344889045859248
1,0.5,0.2,0.5,0.4,-0.2,0.839172529880981,0.692888660048813,0.313081583361892,0.424918531458762,0.532137672944535,0.146957164619651,NA,NA,NA,NA,NA,NA,0.107317757535843,0.0773393470829517,0.0583470432063753,0.122672604845685,0.0647182841790561,0.309947256511187
1,0.5,0.2,0.5,0.4,-0.2,0.987037618533649,0.583777304466415,0.334733456121987,0.545768009533618,0.360947485409043,-0.158924701088525,NA,NA,NA,NA,NA,NA,0.0982156567953073,0.0848749115602365,0.0727313664394195,0.12623381102224,0.0660903909545688,0.258724189429566
1,0.5,0.2,0.5,0.4,-0.2,1.04579908610971,0.545773860569536,0.179241379457146,0.382933717802293,0.464548259847963,0.0348770506079423,NA,NA,NA,NA,NA,NA,0.11184929139328,0.0910743547333977,0.0681845042408265,0.128401404841472,0.0628140996786708,0.306118678725704
1,0.5,0.2,0.5,0.4,-0.2,0.923163356031332,0.565009094174527,0.286966897579783,0.446067579543027,0.48431275483631,-0.041330633324349,NA,NA,NA,NA,NA,NA,0.10830113246632,0.0879380530252307,0.067449307835243,0.108015241311955,0.0633269348517599,0.228904905908555
1,0.5,0.2,0.5,0.4,-0.2,0.912597277741568,0.604530953526444,0.147059779473219,0.57443804864259,0.343045674121797,-0.22892743029933,NA,NA,NA,NA,NA,NA,0.0966356966507095,0.0983136211676327,0.0677704061470816,0.138692967272522,0.0652116122843639,0.272668576508071
1,0.5,0.2,0.5,0.4,-0.2,0.922025005031376,0.611073661946045,0.106938809948739,0.536819711082633,0.338983616091306,-0.227241250543566,NA,NA,NA,NA,NA,NA,0.100009035985236,0.08694427531185,0.0721597507339319,0.142447758588538,0.0667407127584339,0.284904791821133
1,0.5,0.2,0.5,0.4,-0.2,0.968578790935464,0.631774996214004,0.261868667823619,0.588828014041954,0.381090485625191,-0.263864970280816,NA,NA,NA,NA,NA,NA,0.0937632827494535,0.0849198967542136,0.066306900446587,0.121195362538173,0.0652146301656469,0.235805423389005
1,0.5,0.2,0.5,0.4,-0.2,0.849866392829574,0.639149577074289,0.28487421552698,0.588336919593671,0.458156322566665,-0.272433188246567,NA,NA,NA,NA,NA,NA,0.0982922848830673,0.0936838742785461,0.0655527923938613,0.120702143804614,0.0669925688459534,0.239636824164818
1,0.5,0.2,0.5,0.4,-0.2,0.945666430041028,0.537897022601052,0.198428780110258,0.407333910894526,0.518321020176725,0.0614931172441456,NA,NA,NA,NA,NA,NA,0.113403087211888,0.0948009096390798,0.0619093133706062,0.122478209702372,0.0595806800395258,0.28126098661635
1,0.5,0.2,0.5,0.4,-0.2,0.993220664421641,0.481199953933663,0.144620915700305,0.405375889786605,0.363243014413646,0.141097734396826,NA,NA,NA,NA,NA,NA,0.107292201512355,0.0918808600794577,0.0693137744591679,0.128644177826152,0.0634717003872121,0.321845217773674
1,0.5,0.2,0.5,0.4,-0.2,1.03450373671599,0.521865190827025,0.173870570768052,0.710851781944907,0.401094808302697,-0.573813859091243,NA,NA,NA,NA,NA,NA,0.091568771805358,0.0901010254731861,0.0706105089733011,0.137147501392052,0.0645124593270325,0.241221954664523
1,0.5,0.2,0.5,0.4,-0.2,0.908761397625004,0.394694322187976,0.283887858100596,0.431633972025491,0.397396647114187,0.441970473587163,NA,NA,NA,NA,NA,NA,0.101799635598124,0.093883874397764,0.0684101577294174,0.121244456922875,0.0603177794900278,0.372945400214913
1,0.5,0.2,0.5,0.4,-0.2,0.820415828816883,0.633976559439845,0.191223714100299,0.478820669829592,0.283770081101629,-0.0880213596480587,NA,NA,NA,NA,NA,NA,0.0980838071411844,0.0991823982294256,0.0775557450449524,0.13872174482273,0.0631641131831597,0.302987136118512
1,0.5,0.2,0.5,0.4,-0.2,1.27951919101357,0.353394472287625,0.136748047470938,0.344747464054586,0.433137271214672,-0.0130074614166757,NA,NA,NA,NA,NA,NA,0.119651589096537,0.0986036327791017,0.0784368044452983,0.12911406913422,0.0632025903025328,0.288644364846595
1,0.5,0.2,0.5,0.4,-0.2,1.03136702102545,0.391506161934976,0.230477932486496,0.456103249005776,0.397750753922702,-0.124922638112454,NA,NA,NA,NA,NA,NA,0.109738433512388,0.102957294713246,0.0699738266958109,0.117033373518952,0.0617593956378114,0.238022555166643
1,0.5,0.2,0.5,0.4,-0.2,1.0844007935581,0.52829188505979,0.210450047742406,0.338230144448076,0.312165067195704,0.409663407595682,NA,NA,NA,NA,NA,NA,0.110737025392618,0.100838676371274,0.0746676733037833,0.107143379572029,0.066149188377877,0.287952391168927
1,0.5,0.2,0.5,0.4,-0.2,1.08619390732814,0.37672992772778,0.228757380774985,0.434321289411214,0.493851506134791,-0.0149430898090022,NA,NA,NA,NA,NA,NA,0.113120554437017,0.097877019172797,0.0700828085514609,0.128446824379893,0.0655628533552805,0.291933398585986
1,0.5,0.2,0.5,0.4,-0.2,0.928153606608685,0.515439791698592,0.166345385914313,0.560166729809674,0.408356957546946,-0.402756771939675,NA,NA,NA,NA,NA,NA,0.102226860493514,0.0911470867577106,0.0720589986561258,0.133413557495024,0.0665579665302969,0.246390066331011
1,0.5,0.2,0.5,0.4,-0.2,0.927754651073593,0.398070259257351,0.203516952640261,0.376739224031884,0.386541422692809,-0.0821627794580026,NA,NA,NA,NA,NA,NA,0.112083927685431,0.1004033371595,0.0822326987112281,0.141626842216432,0.0639004046267286,0.31889821881301
1,0.5,0.2,0.5,0.4,-0.2,1.02841819004721,0.64316403124618,0.202408072093261,0.324007967939587,0.294604818439318,0.263715598040561,NA,NA,NA,NA,NA,NA,0.109606298569048,0.106240519100139,0.0784637894834182,0.122917902924687,0.0630870776407179,0.330859988954706
1,0.5,0.2,0.5,0.4,-0.2,1.02314161592687,0.506034246264585,0.311166534080544,0.700870142206534,0.498057195518087,-0.487324582210708,NA,NA,NA,NA,NA,NA,0.0929435546436917,0.0840990275023863,0.06667872221986,0.133775509902788,0.0642327397203207,0.241642562066307
1,0.5,0.2,0.5,0.4,-0.2,0.915517372147235,0.548166602109029,0.358696724779228,0.235218095969388,0.189652405417235,0.557518065077305,NA,NA,NA,NA,NA,NA,0.111601349775265,0.0975958060309799,0.0832083711107025,0.117056500908836,0.0640411171685392,0.387558210962517
1,0.5,0.2,0.5,0.4,-0.2,0.871077852753816,0.538565384458059,0.129415138648277,0.503495114045012,0.447834718200925,-0.126662815823248,NA,NA,NA,NA,NA,NA,0.10285105598375,0.0853871057178659,0.0697263826639078,0.138275605196777,0.0647379915805796,0.293349061848898
1,0.5,0.2,0.5,0.4,-0.2,0.816049578714736,0.604367283358064,0.140255391093816,0.587708566022489,0.441977767410286,-0.362610805450804,NA,NA,NA,NA,NA,NA,0.10035037010441,0.0874157746031177,0.0653574295679851,0.141829136951708,0.0658837286697128,0.266119168638187
1,0.5,0.2,0.5,0.4,-0.2,0.873951113954025,0.500612232183188,0.235680187663465,0.511239178019489,0.312794780821782,-0.18312693116109,NA,NA,NA,NA,NA,NA,0.100740309523908,0.0972178911892234,0.070865914868179,0.136104112472751,0.0654551643114615,0.277882380396308
1,0.5,0.2,0.5,0.4,-0.2,0.989502021500858,0.538933584889958,0.341246256174413,0.335747072595278,0.337067366356541,0.429448988040598,NA,NA,NA,NA,NA,NA,0.108332541865308,0.0974187659107404,0.0787822420353769,0.114698935673781,0.0598215237619286,0.336180069178005
1,0.5,0.2,0.5,0.4,-0.2,0.829535800362583,0.473322386668432,0.266140753507053,0.400922012663176,0.505507813244536,0.15750872478275,NA,NA,NA,NA,NA,NA,0.11099759388718,0.0994900397363902,0.0708347307126969,0.136574834689405,0.0572407789852016,0.359476653905503
1,0.5,0.2,0.5,0.4,-0.2,0.852238507234167,0.596666917645731,0.276801183583993,0.568484698759318,0.311531596281562,-0.212773078468693,NA,NA,NA,NA,NA,NA,0.0943884896534386,0.0887601350045241,0.0745737894091395,0.131857493602178,0.0666578620054076,0.270961618958176
1,0.5,0.2,0.5,0.4,-0.2,0.823383620597864,0.634825956579662,0.247553717243725,0.473853872338017,0.313330764159897,-0.179237403909815,NA,NA,NA,NA,NA,NA,0.102418331972925,0.0939050050064921,0.0758631244822766,0.137587712272466,0.0690392082732346,0.285456860677076
1,0.5,0.2,0.5,0.4,-0.2,0.935118702210446,0.507247434372719,0.203098330968233,0.303149087440308,0.412008891641408,0.266980228810265,NA,NA,NA,NA,NA,NA,0.117550168061892,0.099009155354907,0.0773561738542295,0.139828321747515,0.0644788433014587,0.38813934866353
1,0.5,0.2,0.5,0.4,-0.2,0.997236809535763,0.543958222733967,0.268875133059623,0.527291867629342,0.395573991224454,-0.237139922049278,NA,NA,NA,NA,NA,NA,0.101589506453386,0.0929458274268368,0.0748680681545133,0.154576411598379,0.0648297281690479,0.315486221930886
1,0.5,0.2,0.5,0.4,-0.2,1.00406642021299,0.441789093936359,0.235171494779642,0.510568314916872,0.297368257926712,-0.2823538159309,NA,NA,NA,NA,NA,NA,0.0990242778446267,0.101454188165395,0.0792778353762318,0.140075168153189,0.0673863339051926,0.274507237996615
1,0.5,0.2,0.5,0.4,-0.2,1.14675893439575,0.461005833795256,0.291693466375417,0.470121660681313,0.411424595231876,-0.0608176213515624,NA,NA,NA,NA,NA,NA,0.105527568828553,0.0956516199132736,0.070086089538039,0.158105106613428,0.0655829997555324,0.358635284442895
1,0.5,0.2,0.5,0.4,-0.2,1.04776468930852,0.552270636180512,0.144143333251711,0.513874863431615,0.289497076935581,-0.340164305798717,NA,NA,NA,NA,NA,NA,0.103616722758887,0.094571615176365,0.0831527744369377,0.149612714882372,0.0716098400725718,0.271154229368431
1,0.5,0.2,0.5,0.4,-0.2,0.96514065074024,0.529387440829018,0.243269211007604,0.508820359931435,0.295731222861675,-0.090558583742402,NA,NA,NA,NA,NA,NA,0.0969493822499793,0.0918716491522694,0.0753029094480346,0.110154401329316,0.0649857163304204,0.229772596592366
1,0.5,0.2,0.5,0.4,-0.2,0.990703828217028,0.615277757183955,0.167937875497458,0.49385681551874,0.378031698075662,-0.214601775801985,NA,NA,NA,NA,NA,NA,0.10519980019743,0.10213463872381,0.0742075426462529,0.16035554200828,0.0651986856461494,0.329349921234701
1,0.5,0.2,0.5,0.4,-0.2,1.07904669605283,0.452039225198944,0.165046660685216,0.78856051365348,0.455623679398677,-0.626903093762945,NA,NA,NA,NA,NA,NA,0.088226210292502,0.0783252056067663,0.0638421640806496,0.159034276617551,0.0684817108592926,0.273743224007487
1,0.5,0.2,0.5,0.4,-0.2,1.01325381276533,0.37787453179765,0.210100580367947,0.460962843840684,0.322376029944304,-0.00425417097774351,NA,NA,NA,NA,NA,NA,0.105699438100982,0.0996465039908503,0.0727740492115651,0.120379639053942,0.0684001786481651,0.259716942957178
1,0.5,0.2,0.5,0.4,-0.2,0.985787630171656,0.478636845044301,0.186325541536509,0.523535118586798,0.404926298089667,-0.0527269984880869,NA,NA,NA,NA,NA,NA,0.0992034022950687,0.0951957604634529,0.0661023824572934,0.118390407997184,0.06801581477421,0.259538405030036
1,0.5,0.2,0.5,0.4,-0.2,0.900615304241927,0.521876639520013,0.0984663887862882,0.725178824681809,0.446667008388929,-0.385326194365205,NA,NA,NA,NA,NA,NA,0.0868080312659738,0.075266474984528,0.0620203608396202,0.134273275220212,0.0675382511052084,0.257696809885906
1,0.5,0.2,0.5,0.4,-0.2,1.02926184471508,0.453446903357313,0.223217067248416,0.356960000496683,0.352011530650576,-0.0366313073361721,NA,NA,NA,NA,NA,NA,0.114012522163327,0.100979161916241,0.0825168049580211,0.138083113229955,0.0664505510532518,0.308331984576668
1,0.5,0.2,0.5,0.4,-0.2,1.1078492573803,0.356314494396186,0.229520662722487,0.368167353254237,0.508357986330914,-0.114942324168783,NA,NA,NA,NA,NA,NA,0.122451549456839,0.108983078702068,0.0727184981393577,0.1515180387296,0.0643099735631563,0.329912279549691
1,0.5,0.2,0.5,0.4,-0.2,1.05260953060052,0.442932819441197,0.18646929321013,0.300454428916865,0.508887115709372,0.148398123577612,NA,NA,NA,NA,NA,NA,0.122792855801532,0.10495126963919,0.0762113853109524,0.133500237175682,0.0617870839826073,0.340555816594821
1,0.5,0.2,0.5,0.4,-0.2,0.834027498537236,0.614555522087742,0.226822491480556,0.526615777189709,0.380952171557742,-0.0944729259449366,NA,NA,NA,NA,NA,NA,0.100333416793723,0.103208221529531,0.0730973381441804,0.119358927734715,0.0609672478259545,0.259117654251676
1,0.5,0.2,0.5,0.4,-0.2,0.971116465513549,0.542308143013639,0.178170966056437,0.374631163799383,0.452731500187934,0.0870612726236544,NA,NA,NA,NA,NA,NA,0.116837073610999,0.110500038717547,0.0711156997956632,0.112143703563317,0.0697679860299867,0.260832832901445
1,0.5,0.2,0.5,0.4,-0.2,1.09526512107867,0.529351606247665,0.34163180687878,0.584491088212808,0.455874051382391,-0.365711140893132,NA,NA,NA,NA,NA,NA,0.103391491968712,0.0925674196198953,0.0718954332240978,0.130491100888888,0.063909009966104,0.246405878026022
1,0.5,0.2,0.5,0.4,-0.2,0.936499506415853,0.533210233639516,0.166018438061977,0.610772349204371,0.358025893305968,-0.433310405750447,NA,NA,NA,NA,NA,NA,0.0952424593245292,0.0853391388957947,0.0698745448925424,0.121539009168981,0.0629456537663125,0.223544502914169
1,0.5,0.2,0.5,0.4,-0.2,0.771614888914274,0.566364734865908,0.189171540923795,0.522495571316798,0.406065027990608,0.0639449152809484,NA,NA,NA,NA,NA,NA,0.0941781835245233,0.0884346416508452,0.0641234830779353,0.119922108565538,0.0607332137472876,0.289712898001692
1,0.5,0.2,0.5,0.4,-0.2,1.13352089535773,0.440300367342575,0.26434948760148,0.499574136812838,0.461779964578369,-0.0522224813142212,NA,NA,NA,NA,NA,NA,0.104318483683931,0.0926238162456433,0.071685702030628,0.11711411535432,0.0650263411834131,0.255706800800247
1,0.5,0.2,0.5,0.4,-0.2,0.975507953912611,0.490428029880924,0.249163342438341,0.442002465928947,0.455857848235339,-0.174300817455455,NA,NA,NA,NA,NA,NA,0.112081675845797,0.104127220048022,0.0810206920821366,0.142560280356517,0.0625884088287332,0.296991084109294
1,0.5,0.2,0.5,0.4,-0.2,0.92723557851325,0.506560928528802,0.143810919733155,0.519599150183427,0.495128081755842,-0.275400033006166,NA,NA,NA,NA,NA,NA,0.109832426349236,0.100170006250485,0.070584197888143,0.148833124065845,0.0646600071242813,0.294470157088412
1,0.5,0.2,0.5,0.4,-0.2,1.04882368882239,0.292851649349283,0.249756125790574,0.597532056517011,0.479923318688829,-0.389979019104261,NA,NA,NA,NA,NA,NA,0.102804993296884,0.0933157844450493,0.0643389037424814,0.138106794760835,0.0699058450058225,0.249526052945904
1,0.5,0.2,0.5,0.4,-0.2,1.0290590039418,0.487375516821539,0.218575424147779,0.445091339336603,0.450081848838277,-0.0110241662797247,NA,NA,NA,NA,NA,NA,0.109892880385275,0.0926148081182648,0.0695362905684935,0.12698016876851,0.0640866017462306,0.28497688180587
1,0.5,0.2,0.5,0.4,-0.2,0.865747549820513,0.70878229939496,0.169008470160626,0.678177187762488,0.373677630310829,-0.557747944866875,NA,NA,NA,NA,NA,NA,0.0926506859479833,0.0927033937515261,0.0708434565366239,0.151315952033401,0.0702587305078474,0.257599693209544
1,0.5,0.2,0.5,0.4,-0.2,0.823221399580105,0.59586865172566,0.160217239922617,0.496207840803885,0.373856864507214,-0.115846288920414,NA,NA,NA,NA,NA,NA,0.102178508042849,0.0982715145649512,0.0729330861989362,0.131112276681653,0.065525882540077,0.288497515129311
1,0.5,0.2,0.5,0.4,-0.2,0.933593779986999,0.60650823467949,0.264793243212515,0.434730634401945,0.377996737109304,-0.16401748604229,NA,NA,NA,NA,NA,NA,0.107867008909539,0.0986330675626548,0.0757693905548945,0.126459338396592,0.0604641001992395,0.258307082911075
1,0.5,0.2,0.5,0.4,-0.2,1.24757936906299,0.2903916911918,0.218277821510601,0.461755740553263,0.427662130042839,0.00516200612789003,NA,NA,NA,NA,NA,NA,0.107509234201363,0.0982566386273756,0.0647406425324801,0.125791809154018,0.0649876533006333,0.287400005083947
1,0.5,0.2,0.5,0.4,-0.2,1.11650375676052,0.377209360958329,0.116838305459085,0.63737890058634,0.425055614002145,-0.569022316019098,NA,NA,NA,NA,NA,NA,0.100154036789094,0.0944545613061153,0.077422324946669,0.157664461542525,0.064111677159953,0.27426503010777
1,0.5,0.2,0.5,0.4,-0.2,0.99653659601875,0.586888972909481,0.0729062885233713,0.642450697361182,0.389222352074656,-0.192410521173423,NA,NA,NA,NA,NA,NA,0.0886575170959047,0.0779337176797058,0.0687944730638975,0.140789118349141,0.066839355923386,0.291552362219474
1,0.5,0.2,0.5,0.4,-0.2,1.03632381173137,0.470124552602991,0.188652165112809,0.446983643584417,0.447507331623808,-0.0931069049521023,NA,NA,NA,NA,NA,NA,0.110119488563749,0.108531322500605,0.0769473337764726,0.125882300464337,0.0622011183172038,0.276606434849022
1,0.5,0.2,0.5,0.4,-0.2,0.909466635876625,0.406352866603321,0.30012046232765,0.471960661558275,0.467988824074744,-0.32474787896271,NA,NA,NA,NA,NA,NA,0.110843845524318,0.101365599654035,0.070105366724065,0.148732131457482,0.0637669117926358,0.291333176000695
1,0.5,0.2,0.5,0.4,-0.2,1.03751360762802,0.424041771967678,0.238332078267634,0.474158510530806,0.405203827504897,-0.0924918311544972,NA,NA,NA,NA,NA,NA,0.104397536357836,0.088921251242404,0.0756661219011928,0.14425822796902,0.0651139183443913,0.318736644706615
1,0.5,0.2,0.5,0.4,-0.2,0.997836816974938,0.449946890194589,0.381414280650305,0.479309643729004,0.321463129839652,-0.118433121478103,NA,NA,NA,NA,NA,NA,0.100904152881646,0.103642819075028,0.0794671368798928,0.149686047007055,0.0634181452863058,0.324437235694229
1,0.5,0.2,0.5,0.4,-0.2,1.13832128663456,0.503028234247666,0.281171395233684,0.523006151072674,0.545799908316146,-0.0549075926471049,NA,NA,NA,NA,NA,NA,0.103954766333685,0.0885416667392386,0.0576850551643308,0.126111097107022,0.0639093858547237,0.279078652240268
1,0.5,0.2,0.5,0.4,-0.2,0.888831733181328,0.435194727715074,0.233257127293328,0.423605188863205,0.451475812077657,0.0999550150620096,NA,NA,NA,NA,NA,NA,0.107979704712466,0.0998939038929841,0.0717262835386844,0.126706644731428,0.0600684609264807,0.313701106011498
1,0.5,0.2,0.5,0.4,-0.2,1.00174296597683,0.467805362318171,0.244238602784748,0.776492545354661,0.490463739416391,-0.493926427467424,NA,NA,NA,NA,NA,NA,0.0883508880987175,0.0771744483197119,0.053977171803967,0.141832147462761,0.0663564728045112,0.262443930615954
1,0.5,0.2,0.5,0.4,-0.2,0.755317125503805,0.548756832730713,0.168921830979496,0.301555641015834,0.488368850413206,0.184447697058435,NA,NA,NA,NA,NA,NA,0.126206831518341,0.117659646385821,0.0729816216026509,0.147065359273905,0.0616441388748899,0.382509358507503
1,0.5,0.2,0.5,0.4,-0.2,0.974936420207016,0.501934223069289,0.203726634264524,0.432263206217301,0.434258444174927,-0.0537695886047365,NA,NA,NA,NA,NA,NA,0.107332626079838,0.0919346947106264,0.0638134535258305,0.132765205647042,0.0647368867760974,0.302576564897448
1,0.5,0.2,0.5,0.4,-0.2,1.23905920069736,0.245012559045311,0.163314097919351,0.573086033440136,0.498278126976938,-0.568961483685906,NA,NA,NA,NA,NA,NA,0.110282997169727,0.0900416210088178,0.0815550369803826,0.151900226643755,0.0676799627250988,0.25863060804974
1,0.5,0.2,0.5,0.4,-0.2,0.857972191162085,0.524425698749036,0.221571120436751,0.400821580704669,0.495974171851524,0.219751528551867,NA,NA,NA,NA,NA,NA,0.109733434667769,0.0906033484765959,0.0613627239343642,0.124452834045818,0.0641720778606712,0.325485064984643
1,0.5,0.2,0.5,0.4,-0.2,1.05431623853162,0.516522495014096,0.159212497747156,0.51454257568282,0.436105915731091,-0.276293448701038,NA,NA,NA,NA,NA,NA,0.105998672287945,0.0997167218362307,0.0635875486367893,0.13066455393993,0.0672670589659379,0.252772452375336
1,0.5,0.2,0.5,0.4,-0.2,0.780090540730169,0.580617727286789,0.140964083008043,0.893903522405662,0.339926794221861,-0.786298752952573,NA,NA,NA,NA,NA,NA,0.0801687008345612,0.0790195462000514,0.0646146678907605,0.14631087690253,0.0637507840520986,0.23392248728088
1,0.5,0.2,0.5,0.4,-0.2,0.955934587239677,0.480680381422334,0.1853444726997,0.499821968798637,0.441483542213787,-0.130476554233163,NA,NA,NA,NA,NA,NA,0.103485189324079,0.0906041992915308,0.0706256834758556,0.125056357503802,0.0635268310864679,0.259621260345615
1,0.5,0.2,0.5,0.4,-0.2,1.02791702938285,0.485890491383288,0.310571832201687,0.463493560531632,0.335466308246524,-0.182087090081049,NA,NA,NA,NA,NA,NA,0.104757753756471,0.0986060668622361,0.0724314161344446,0.132509266413737,0.0672831097000165,0.272704013652901
1,0.5,0.2,0.5,0.4,-0.2,0.935094574068847,0.516987086198854,0.289183132535814,0.557030709908817,0.409756797547936,-0.127002032251692,NA,NA,NA,NA,NA,NA,0.0955502199065835,0.0862450598059315,0.0621792564775619,0.125938182150848,0.0642226703208052,0.271610673546297
1,0.5,0.2,0.5,0.4,-0.2,0.864621777438841,0.59367749360979,0.205662416619774,0.427326865451932,0.374070277720892,0.278802113186838,NA,NA,NA,NA,NA,NA,0.106008902098027,0.0988138365121936,0.0677004295633095,0.106935241051957,0.0612478822101277,0.279129151422037
1,0.5,0.2,0.5,0.4,-0.2,1.10582621239831,0.480090425057776,0.136155924921182,0.641728561986714,0.326491538483084,-0.45181250228883,NA,NA,NA,NA,NA,NA,0.0943063927982154,0.0921757601187476,0.0689856142733492,0.150997663799195,0.0716493986507445,0.27671451781472
1,0.5,0.2,0.5,0.4,-0.2,1.06457483651826,0.413034851765612,0.213427549618703,0.501899688773833,0.516142636895811,-0.246392307346014,NA,NA,NA,NA,NA,NA,0.108093933128214,0.0972760856746817,0.0765012614020955,0.141946976194807,0.0622333993658861,0.27915719589237
1,0.5,0.2,0.5,0.4,-0.2,1.08748175325773,0.305919582338759,0.151383699869056,0.472913382628072,0.514106531047403,-0.216233330948341,NA,NA,NA,NA,NA,NA,0.114165258653288,0.108242929563152,0.0701605794934127,0.149410248594791,0.0646514287568686,0.304295089026528
1,0.5,0.2,0.5,0.4,-0.2,1.04841455795859,0.432595003441594,0.287606009749568,0.715596917674474,0.584012454712492,-0.400714961232073,NA,NA,NA,NA,NA,NA,0.095001535493272,0.0736295824062648,0.0497381480414859,0.159244475268076,0.0710809167401937,0.303746326913617
1,0.5,0.2,0.5,0.4,-0.2,1.07992758728266,0.500251076545044,0.345340607807083,0.486168876440965,0.296824240394069,-0.231011292223156,NA,NA,NA,NA,NA,NA,0.104671299866964,0.0998655382624882,0.0808315134351274,0.131083869210988,0.0635828564791424,0.254090718295728
1,0.5,0.2,0.5,0.4,-0.2,0.913650240014702,0.53629267472119,0.296584288501532,0.495371466580474,0.39527274389909,-0.0153680825690185,NA,NA,NA,NA,NA,NA,0.0980544186913565,0.0913479265316973,0.0696038926920795,0.125624775691752,0.0571954068793475,0.294071434941031
1,0.5,0.2,0.5,0.4,-0.2,1.10578884215755,0.612995877458986,0.0727032311862947,0.565414015232446,0.389662812173456,-0.375779127849536,NA,NA,NA,NA,NA,NA,0.101074206642109,0.09359774774116,0.0697731304485351,0.134215748431611,0.0648094818136039,0.249123158137882
1,0.5,0.2,0.5,0.4,-0.2,0.963650524969952,0.542326644638093,0.218437751308493,0.505688784460615,0.405806250324784,-0.107753526788878,NA,NA,NA,NA,NA,NA,0.100248675523307,0.0942894568891022,0.0672070889105681,0.111887280896713,0.0626852679545139,0.235416767857606
1,0.5,0.2,0.5,0.4,-0.2,0.885312372930296,0.611886853708587,0.108084925758382,0.417425097922892,0.335529295394452,0.0421814508825924,NA,NA,NA,NA,NA,NA,0.106435146246512,0.0948920095528047,0.0745969085280907,0.113706496594841,0.0645099092309609,0.256625801979252
1,0.5,0.2,0.5,0.4,-0.2,0.987272511316407,0.47133707744684,0.320940759825202,0.526291334667702,0.497417940939726,-0.334075121849986,NA,NA,NA,NA,NA,NA,0.109764332811312,0.0882078513698362,0.0629814491564072,0.139199010816549,0.0649856775727973,0.261677824258059
1,0.5,0.2,0.5,0.4,-0.2,0.910294403659154,0.501630486555331,0.288180882215019,0.489240108139898,0.388202814905341,-0.0382928966645001,NA,NA,NA,NA,NA,NA,0.102263203213283,0.0979341041596045,0.0636358546444122,0.122600392583472,0.0606562905494213,0.259749760085804
1,0.5,0.2,0.5,0.4,-0.2,0.98616242638434,0.48352248379017,0.362326092037929,0.257128983627555,0.42834916823641,0.257796505495267,NA,NA,NA,NA,NA,NA,0.123406690147327,0.102942551952702,0.0792535350498585,0.130046330533403,0.0595638558203791,0.340525257679245
1,0.5,0.2,0.5,0.4,-0.2,1.12720846809516,0.379299596668259,0.126791368115933,0.519678606448717,0.426804200303548,-0.191164809561937,NA,NA,NA,NA,NA,NA,0.105896318594447,0.0919214841866737,0.0715811801993915,0.127317286074359,0.0650417238147996,0.25717239775483
1,0.5,0.2,0.5,0.4,-0.2,0.979924511925536,0.535375224222896,0.217253357775202,0.498327279795688,0.317197346887693,-0.0707957436054606,NA,NA,NA,NA,NA,NA,0.0980229060793158,0.0895494504134602,0.0729425700766009,0.146965982702546,0.0638515628494267,0.326368074371632
1,0.5,0.2,0.5,0.4,-0.2,0.990735872887843,0.56515400370984,0.238298769298262,0.384430971069133,0.33151296514924,0.0236689678118673,NA,NA,NA,NA,NA,NA,0.10911016014809,0.0999613714236063,0.0805721596660407,0.115219069285612,0.0641092663437859,0.255394542025287
1,0.5,0.2,0.5,0.4,-0.2,1.12005802016113,0.43140886016835,0.195552252575965,0.156893185860213,0.457137646525262,0.417023086406279,NA,NA,NA,NA,NA,NA,0.138000711093082,0.123996894571307,0.0878215456541905,0.130976374885979,0.0610244712597669,0.391865357594177
1,0.5,0.2,0.5,0.4,-0.2,0.993769798464338,0.648392415205025,0.238043580500209,0.381270445986333,0.358925553073906,0.0160930884529033,NA,NA,NA,NA,NA,NA,0.111877035031263,0.104588821022035,0.0781323602437839,0.131343247938874,0.0633379578049954,0.295944994550614
1,0.5,0.2,0.5,0.4,-0.2,1.02776414755696,0.487507376534355,0.237192806973718,0.434901561542372,0.331004021447268,-0.0243786641381395,NA,NA,NA,NA,NA,NA,0.103187999098801,0.0936037303722239,0.0770105165178602,0.127453691395998,0.0654216830428422,0.27966622334261
1,0.5,0.2,0.5,0.4,-0.2,0.870317778332082,0.49824198344088,0.246416415155388,0.557977713742166,0.444037549438435,-0.424390134267053,NA,NA,NA,NA,NA,NA,0.102622789524471,0.0973178046772242,0.0680015090985678,0.134536393223528,0.0627904529852574,0.248778735052337
1,0.5,0.2,0.5,0.4,-0.2,1.1258791731699,0.428311336002664,0.144018968863163,0.560791986825885,0.376109870490573,-0.412112571243852,NA,NA,NA,NA,NA,NA,0.101798922209455,0.0903572822570052,0.0768522923920757,0.144349834905374,0.0690487003941245,0.268148576314819
1,0.5,0.2,0.5,0.4,-0.2,1.03441062374228,0.470077629789846,0.200841762297553,0.262312184910342,0.329666734315857,0.603945280124656,NA,NA,NA,NA,NA,NA,0.114816033806451,0.102262859487708,0.0710176072495412,0.123584756230452,0.0614591343757687,0.433521941032561
1,0.5,0.2,0.5,0.4,-0.2,0.958141535537264,0.561745721011605,0.213330648865736,0.695832662603274,0.347497329699413,-0.38658301170435,NA,NA,NA,NA,NA,NA,0.086748934544432,0.0801679449224847,0.068588380263754,0.137785307682416,0.0668396229046848,0.260438259481174
1,0.5,0.2,0.5,0.4,-0.2,1.07601851260364,0.362081664235322,0.249501806174158,0.445503020407269,0.450766976480397,-0.259900647902258,NA,NA,NA,NA,NA,NA,0.115480909076792,0.10949403459273,0.07567852003612,0.156252855961938,0.0711131236429608,0.306934559733616
1,0.5,0.2,0.5,0.4,-0.2,0.85376969636531,0.515676452747855,0.173001153431852,0.542812053330895,0.407727314247895,-0.115902281502247,NA,NA,NA,NA,NA,NA,0.096214635752747,0.0874987080556896,0.0631179045180194,0.136911816458836,0.060348328491816,0.298819585761686
1,0.5,0.2,0.5,0.4,-0.2,1.00610629584816,0.516478930816539,0.143878551218717,0.314289294897236,0.360018392490027,0.259002753474745,NA,NA,NA,NA,NA,NA,0.1156538398435,0.0962292775550733,0.0792804550522242,0.123460593146455,0.0582076609884241,0.33313922657705
1,0.5,0.2,0.5,0.4,-0.2,1.04691289974465,0.413795201479757,0.215057669187153,0.54314543665701,0.447498222740846,-0.349447987478493,NA,NA,NA,NA,NA,NA,0.106813654909517,0.0891116530495852,0.0636177782004064,0.130487374154496,0.0650041624595286,0.240594601958388
1,0.5,0.2,0.5,0.4,-0.2,1.01839632002286,0.450041038906585,0.203564905815541,0.638462752050592,0.41083121336717,-0.514790232520009,NA,NA,NA,NA,NA,NA,0.0938191280441056,0.0807931369241414,0.0745925071580184,0.15293513925315,0.0673470788064533,0.273204413249189
1,0.5,0.2,0.5,0.4,-0.2,0.932152334289565,0.533448308110044,0.26865362681596,0.599313217917506,0.463411531045441,-0.231319020169899,NA,NA,NA,NA,NA,NA,0.0968347310055952,0.0824805799123359,0.0597256718130174,0.12396352246416,0.0658424175933072,0.244422836199437
1,0.5,0.2,0.5,0.4,-0.2,1.04045548015195,0.449807351067988,0.307520430801236,0.271334870821006,0.363469460373965,0.320749558610158,NA,NA,NA,NA,NA,NA,0.119616901698544,0.11160134508559,0.0836545507645646,0.162606118349892,0.0606086792318522,0.469316661009001
1,0.5,0.2,0.5,0.4,-0.2,0.880783595719755,0.689649648455871,0.0539677138731316,0.54997781292191,0.372994189048953,-0.352342369326821,NA,NA,NA,NA,NA,NA,0.0978978021625775,0.0881808260190601,0.0752389793603888,0.151730057396116,0.0635070670056375,0.294165658039555
1,0.5,0.2,0.5,0.4,-0.2,1.12838138630558,0.325444299642587,0.15929698911138,0.559524692438261,0.422255974642103,-0.307702050017685,NA,NA,NA,NA,NA,NA,0.100384588976515,0.0889175779389717,0.0707923509619166,0.131191948856745,0.0637206804718917,0.251668991004898
1,0.5,0.2,0.5,0.4,-0.2,1.20476258848606,0.440858488720382,0.0488059845386247,0.273621663118933,0.503254885885466,0.267901273529037,NA,NA,NA,NA,NA,NA,0.124874345947808,0.0983210553475607,0.0765991662237521,0.122800910560825,0.061988922924027,0.317353626023069
1,0.5,0.2,0.5,0.4,-0.2,1.10083703790055,0.382063897670048,0.170809074143765,0.644838318272336,0.387800693594733,-0.287368356760826,NA,NA,NA,NA,NA,NA,0.0912400412823186,0.0841495869426076,0.0707428496743529,0.149450120154404,0.0667424421866726,0.300058272442756
1,0.5,0.2,0.5,0.4,-0.2,0.963771963216018,0.655675265025166,0.257193981713925,0.342605702264121,0.327724946329248,0.182112086334545,NA,NA,NA,NA,NA,NA,0.111600618820598,0.0983850981784258,0.0788114474491662,0.135735543334891,0.0624287775933761,0.35137733688946
1,0.5,0.2,0.5,0.4,-0.2,0.855783787118418,0.570624799157772,0.181314442191274,0.586832867298603,0.446746613957414,-0.0317456273549333,NA,NA,NA,NA,NA,NA,0.0932645278661111,0.0814131111341597,0.0573285876218712,0.130603593566925,0.0608926261181978,0.300239830501598
1,0.5,0.2,0.5,0.4,-0.2,1.10020671180304,0.44052048838353,0.0882421417907753,0.536968973677273,0.433147991213484,-0.105717679529193,NA,NA,NA,NA,NA,NA,0.0985235752517817,0.095264056242828,0.065566531373395,0.125548007409694,0.062527158408084,0.271819775716705
1,0.5,0.2,0.5,0.4,-0.2,0.818687942973188,0.674353097713583,0.261328794135225,0.521822540467834,0.415107615564691,-0.154662083622853,NA,NA,NA,NA,NA,NA,0.0992848271199825,0.0887333674282576,0.0639951467538264,0.133344758594898,0.0596129349682031,0.288938564127198
1,0.5,0.2,0.5,0.4,-0.2,0.813691397356341,0.568771990421382,0.210536012578678,0.706222204226032,0.350491566442841,-0.278050190825682,NA,NA,NA,NA,NA,NA,0.0833016572201237,0.0791261184900247,0.060739329286591,0.126375732715489,0.0607916450831545,0.247465518555044
1,0.5,0.2,0.5,0.4,-0.2,0.911363746208639,0.715761002912584,0.167162017464228,0.575880694156488,0.264974765990687,-0.329196116233567,NA,NA,NA,NA,NA,NA,0.0930782923945533,0.0963753372474836,0.073513496633861,0.164982870526422,0.0664534424114676,0.332738665015867
1,0.5,0.2,0.5,0.4,-0.2,0.938484631130415,0.836773461793647,0.127788052164222,0.669200321641784,0.264476011364728,-0.517108309336265,NA,NA,NA,NA,NA,NA,0.087924601045359,0.0887714090010041,0.0786201036921566,0.155157891319785,0.0658122395253094,0.28348580384334
1,0.5,0.2,0.5,0.4,-0.2,0.857098402051515,0.704144527304343,0.274164803714443,0.463836405481873,0.279604534497449,-0.0255746649974261,NA,NA,NA,NA,NA,NA,0.0968695389717024,0.090343818330208,0.0749298389619932,0.119098817504286,0.062529024623059,0.271300733327532
1,0.5,0.2,0.5,0.4,-0.2,0.860444804193785,0.519452801915276,0.161505872524968,0.546214572673078,0.362008716902389,-0.232830969396718,NA,NA,NA,NA,NA,NA,0.0995503529977541,0.092806330253468,0.0718437498420414,0.126881508515358,0.0647384375000157,0.258708384006896
1,0.5,0.2,0.5,0.4,-0.2,1.06442235595969,0.429038785345718,0.288220125120023,0.482886221331276,0.475647259022287,-0.225311860714762,NA,NA,NA,NA,NA,NA,0.111919114871006,0.095497292232873,0.0713701179736563,0.14020020844851,0.0659443302374167,0.283862706934064
1,0.5,0.2,0.5,0.4,-0.2,0.864083380476537,0.718815218898075,0.318736939728646,0.270588243425268,0.415862629470889,0.124690060554713,NA,NA,NA,NA,NA,NA,0.123715562087303,0.114650145029992,0.0819583133200415,0.120284798244823,0.0610022263906633,0.304051971032592
1,0.5,0.2,0.5,0.4,-0.2,1.01201201922108,0.545954005194448,0.214426238855238,0.416587257639105,0.440798460235584,-0.182935539674278,NA,NA,NA,NA,NA,NA,0.112283641733756,0.102326789401309,0.0746018180317356,0.123425236077589,0.0647530218537344,0.249227205596961
1,0.5,0.2,0.5,0.4,-0.2,0.947587646087859,0.442287583643821,0.0323717045493378,0.498581864169154,0.368233728325663,-0.162109613537574,NA,NA,NA,NA,NA,NA,0.100975886462972,0.093316465083459,0.0701292933045089,0.13067718186886,0.0592079825936361,0.279795140947104
1,0.5,0.2,0.5,0.4,-0.2,1.00813677581261,0.521489465120454,0.138159288030353,0.905080694430098,0.301352573779619,-0.973292835905552,NA,NA,NA,NA,NA,NA,0.0824615756548927,0.0828216513036746,0.0757430337586985,0.171693581653434,0.065719538959868,0.257760274734381
1,0.5,0.2,0.5,0.4,-0.2,0.886414794587046,0.451380194364766,0.234173062587502,0.711626976121842,0.496624591743495,-0.455639245506935,NA,NA,NA,NA,NA,NA,0.0899211422359912,0.0773583866887519,0.0581000994719705,0.120581394224133,0.0657278494042805,0.218573498406926
1,0.5,0.2,0.5,0.4,-0.2,0.968459525118581,0.605605688081544,0.100683061641757,0.720256749837307,0.448473059626481,-0.554237382519541,NA,NA,NA,NA,NA,NA,0.092727035210351,0.0820704238707232,0.0675669590242263,0.136028527921767,0.0680376190130058,0.232527595570519
1,0.5,0.2,0.5,0.4,-0.2,0.920343253162734,0.578737588328235,0.251221408236089,0.636882981628842,0.396513291688506,-0.184797056952996,NA,NA,NA,NA,NA,NA,0.0901335828853287,0.0830538275565434,0.0637967905530183,0.153401864843801,0.0621279702596286,0.330121126137441
1,0.5,0.2,0.5,0.4,-0.2,0.864803153558003,0.595584648173388,0.221032679088074,0.582030248785009,0.297888785687233,-0.345656529055973,NA,NA,NA,NA,NA,NA,0.0943447075070042,0.087327506019674,0.072364884865098,0.124154550800073,0.0625827974176092,0.242303807141337
1,0.5,0.2,0.5,0.4,-0.2,1.00937186369448,0.562235736040496,0.200156425745259,0.462631138671584,0.308150839773772,0.101408108986499,NA,NA,NA,NA,NA,NA,0.100258393824924,0.0879006088538042,0.0797325122646788,0.122246039264043,0.0670747275388684,0.289506767239261
1,0.5,0.2,0.5,0.4,-0.2,0.962604720230853,0.54372875586114,0.186589296226202,0.603701604051711,0.43422993911721,-0.40998242967832,NA,NA,NA,NA,NA,NA,0.0991964047697987,0.0897678993135616,0.0632486256277173,0.128899719889163,0.0630459551655755,0.239599001341432
1,0.5,0.2,0.5,0.4,-0.2,1.05257374121455,0.510530559459443,0.213365145805624,0.776009747607129,0.269849978455848,-0.583048841266682,NA,NA,NA,NA,NA,NA,0.0830481516396133,0.0786071011159308,0.0757713404007636,0.163599696695472,0.0678552425750244,0.284519936585433
1,0.5,0.2,0.5,0.4,-0.2,1.15180655378243,0.445067293602903,0.253118011876181,0.226011194738034,0.413287041882865,0.403931473151951,NA,NA,NA,NA,NA,NA,0.125594390798833,0.110747042426114,0.0743979298785903,0.135966621844896,0.0607393741523017,0.40650617804335
1,0.5,0.2,0.5,0.4,-0.2,1.08935472352047,0.44122943402175,0.204167036049379,0.295719622146624,0.350413333183723,0.061613822164473,NA,NA,NA,NA,NA,NA,0.125015772952025,0.119667153791647,0.0897090195023968,0.13145252591002,0.063807331476439,0.308686908168312
1,0.5,0.2,0.5,0.4,-0.2,1.1713569679662,0.361823736437638,0.292436299893908,0.356355148556795,0.505698739333827,0.152868126935206,NA,NA,NA,NA,NA,NA,0.119733368920925,0.1005336422567,0.0689311449465413,0.114990037035416,0.06054317795546,0.281303127313777
1,0.5,0.2,0.5,0.4,-0.2,1.02015597900797,0.420439127993308,0.191581306477037,0.61141949290013,0.501977805814776,-0.293848192971361,NA,NA,NA,NA,NA,NA,0.0988300044781044,0.0847367446306033,0.0674577592160784,0.133625713178321,0.0649711380180437,0.264056111751373
1,0.5,0.2,0.5,0.4,-0.2,1.18271009131107,0.348569067312758,0.244938911426856,0.530222421726497,0.465441147301368,-0.369746457281378,NA,NA,NA,NA,NA,NA,0.106973115391435,0.0994715773464333,0.0702002185147125,0.145660415662384,0.0631089774062897,0.27717886643078
1,0.5,0.2,0.5,0.4,-0.2,1.06474671858187,0.566369419155598,0.319426951680167,0.241000372748604,0.357203736343979,0.536756592145883,NA,NA,NA,NA,NA,NA,0.121389956918526,0.106885922550304,0.0801568766941776,0.126287088428995,0.0593848382439532,0.39607510339015
1,0.5,0.2,0.5,0.4,-0.2,0.882224769100725,0.669030936137753,0.14137079262554,0.807242957684317,0.40206043725191,-0.559896387064358,NA,NA,NA,NA,NA,NA,0.0816087056054356,0.075065710395527,0.064447534799748,0.149858629602073,0.0625279060100853,0.259212474700509
1,0.5,0.2,0.5,0.4,-0.2,0.958920943460385,0.451356718431094,0.117305248259333,0.535482938071042,0.365354249252974,0.0113519218538686,NA,NA,NA,NA,NA,NA,0.0932674340739224,0.0878127504551406,0.0667378620801602,0.147098702786748,0.0596982139884387,0.358949382796572
1,0.5,0.2,0.5,0.4,-0.2,0.939218263276732,0.445409103518073,0.0948975293083291,0.535637788880185,0.469578464877454,-0.0607737152800165,NA,NA,NA,NA,NA,NA,0.10019722256306,0.0806691372167079,0.0624277277251312,0.134926702474821,0.0684255870984862,0.294222794506844
1,0.5,0.2,0.5,0.4,-0.2,1.15206439354054,0.408733247832009,0.210238162271892,0.305930525456323,0.395329793042799,0.179842889974917,NA,NA,NA,NA,NA,NA,0.121223130236684,0.11313063888279,0.0858122196696406,0.126796732965656,0.0707304807245372,0.31460996539649
1,0.5,0.2,0.5,0.4,-0.2,0.896541556189744,0.651408962985074,0.101460053504671,0.320295147759911,0.333908804875434,0.150833643653231,NA,NA,NA,NA,NA,NA,0.11149113342817,0.103876242892541,0.0866010069194433,0.129353514173867,0.0630837840212324,0.336445225468493
1,0.5,0.2,0.5,0.4,-0.2,1.04216738089732,0.525799538848533,0.13125936276506,0.54327194286486,0.340397428182851,-0.320573717024566,NA,NA,NA,NA,NA,NA,0.098636125113362,0.0963074736458834,0.0770629041369825,0.148123529088206,0.0667576780040605,0.284026925030715
1,0.5,0.2,0.5,0.4,-0.2,0.97867826635649,0.46638391816713,0.217639194400535,0.833523962948954,0.490733157909323,-0.730374283205388,NA,NA,NA,NA,NA,NA,0.0887666005129909,0.0756464792463325,0.0642327442692881,0.152681729319969,0.0647169883707339,0.248881520999524
1,0.5,0.2,0.5,0.4,-0.2,0.86026492125266,0.649292651170032,0.0402245238281165,0.737779612452494,0.334691852195415,-0.545510806209675,NA,NA,NA,NA,NA,NA,0.0857029936778327,0.0826301010339927,0.0685784567947777,0.15933397876865,0.0659505503195316,0.280574086408419
1,0.5,0.2,0.5,0.4,-0.2,0.851175943331897,0.469582299759169,0.319784000419662,0.452148099841898,0.347990637257282,0.641002737989344,NA,NA,NA,NA,NA,NA,0.0952707113717714,0.0812020487793109,0.0684361114557359,0.128096447578623,0.0593627518871056,0.453623225433008
1,0.5,0.2,0.5,0.4,-0.2,0.925743092539202,0.627489889529082,0.256093577881943,0.839350253200589,0.366262027321685,-0.697853936163353,NA,NA,NA,NA,NA,NA,0.0820708347644117,0.0710967721458065,0.0645595892868832,0.165579718085529,0.0665389543985399,0.279467933052891
1,0.5,0.2,0.5,0.4,-0.2,0.943774938236173,0.552560819154008,0.315408980801682,0.548606455042335,0.306484760266507,-0.372080800684926,NA,NA,NA,NA,NA,NA,0.0980543406203909,0.0840044802067471,0.0795429010484255,0.137679910369657,0.0631524636575472,0.257297674626831
1,0.5,0.2,0.5,0.4,-0.2,0.986376329206494,0.488978793645857,0.153228433973305,0.608546746255867,0.371602271796941,-0.512155285719268,NA,NA,NA,NA,NA,NA,0.0984588565511415,0.0958794689159173,0.0693489990577784,0.148883992909797,0.0637662131673252,0.265063697344909
1,0.5,0.2,0.5,0.4,-0.2,0.858651735580665,0.465868590037307,0.10153574988694,0.447207512956594,0.457747706457904,0.153419714022916,NA,NA,NA,NA,NA,NA,0.106742805540121,0.0862699544513557,0.0682488513119927,0.140824841579173,0.0634919684739212,0.354814566747428
1,0.5,0.2,0.5,0.4,-0.2,0.987094335661252,0.503509500179534,0.18459390790899,0.382367490409393,0.460135972945444,0.346030170972427,NA,NA,NA,NA,NA,NA,0.112170277757616,0.102101801935049,0.0628995046657403,0.126060264922719,0.0601163661049223,0.347731274542417
1,0.5,0.2,0.5,0.4,-0.2,1.05279838872821,0.45626491769445,0.214844132956697,0.570557644078045,0.401878911825314,-0.544227816172178,NA,NA,NA,NA,NA,NA,0.108020890002141,0.106332922023836,0.0816026600827911,0.146468148373769,0.0693291648909439,0.253133689373029
1,0.5,0.2,0.5,0.4,-0.2,0.998373025975892,0.448335532245727,0.182079433133913,0.559467565151675,0.347287626211467,-0.213599475998124,NA,NA,NA,NA,NA,NA,0.100255748131332,0.100389981851587,0.0694408600063954,0.130686863668648,0.0686972298224425,0.262628168279738
1,0.5,0.2,0.5,0.4,-0.2,1.08060144491953,0.283405162143195,0.0792153153267671,0.447871861230127,0.572780338370374,0.252971415095944,NA,NA,NA,NA,NA,NA,0.113145141521377,0.100031734619613,0.0608910639558571,0.129278039251511,0.0638968469473163,0.333752432181868
1,0.5,0.2,0.5,0.4,-0.2,1.05324074227098,0.538953825986963,0.0997911648407917,0.383557393854386,0.343483749253633,-0.165552894420313,NA,NA,NA,NA,NA,NA,0.113721370594356,0.0986715376051082,0.0794923538467763,0.124505186739296,0.0640737453553567,0.248031994172526
1,0.5,0.2,0.5,0.4,-0.2,0.783020525871472,0.752958263336348,0.0581357648182302,0.463946521104572,0.340300744160061,0.0509495738481139,NA,NA,NA,NA,NA,NA,0.097817007023412,0.0868319632970369,0.0671431947768595,0.125796877649234,0.0630741333164985,0.302839008997731
1,0.5,0.2,0.5,0.4,-0.2,0.950458406324267,0.569116685626661,0.172993397501653,0.567086380060774,0.389544692956187,-0.0159908927520174,NA,NA,NA,NA,NA,NA,0.0932061603049455,0.0902201238433236,0.0617951418262838,0.135473260732711,0.0642095105655066,0.308931539717739
1,0.5,0.2,0.5,0.4,-0.2,0.939008566630344,0.519306620411139,0.23895844491013,0.722475523533677,0.391791178412954,-0.383968609519967,NA,NA,NA,NA,NA,NA,0.0850911749985052,0.0762901158507939,0.0604412283305243,0.13435262939271,0.0621025484845731,0.252216359070319
1,0.5,0.2,0.5,0.4,-0.2,1.09289549016719,0.264782652715081,0.161921422540091,0.678481929501222,0.429204041960564,-0.572392748587816,NA,NA,NA,NA,NA,NA,0.0955559135117373,0.0878900817294633,0.0643501733533374,0.136372527755398,0.0629742302776899,0.240280829678009
1,0.5,0.2,0.5,0.4,-0.2,0.939079986102038,0.414061363732755,0.316132301525457,0.530128544401912,0.510372588941508,-0.104972853992874,NA,NA,NA,NA,NA,NA,0.102370122550646,0.0897350822776693,0.0589068737415754,0.133549107145246,0.0673337800907047,0.278605132146425
1,0.5,0.2,0.5,0.4,-0.2,0.83754008839643,0.488477240916425,0.302191354864903,0.647003523076501,0.300163267492552,-0.24182300604941,NA,NA,NA,NA,NA,NA,0.0851499980202698,0.0773840075532391,0.0684120880792476,0.131899839420552,0.0629776408411162,0.262733638498399
1,0.5,0.2,0.5,0.4,-0.2,0.99997066541501,0.508209079652209,0.24115238206895,0.486210116226343,0.471568436755525,-0.0487724010689788,NA,NA,NA,NA,NA,NA,0.103730335723675,0.100658201055472,0.0678415772511266,0.123879758694314,0.0608089464578404,0.279896964911409
1,0.5,0.2,0.5,0.4,-0.2,0.930906811527079,0.514563686483718,0.184849610773886,0.412473179586237,0.436121040550103,0.0671748940496698,NA,NA,NA,NA,NA,NA,0.10976698776055,0.0943294783979999,0.0707807584909818,0.132967903771114,0.0631666865064619,0.314385815239694
1,0.5,0.2,0.5,0.4,-0.2,0.888622841187812,0.41302504936216,0.195599694392604,0.743920750439937,0.477160910709479,-0.419037452925421,NA,NA,NA,NA,NA,NA,0.0883962349170929,0.0745469842817881,0.0615510590448659,0.129611504081636,0.0666262371581893,0.238675078678905
1,0.5,0.2,0.5,0.4,-0.2,0.967850275091449,0.506582871655796,0.3027384318108,0.490723657478598,0.350366821659655,0.0379899662472615,NA,NA,NA,NA,NA,NA,0.0999741466229656,0.0903611266807226,0.0708671933274077,0.130555885290383,0.0699859277868161,0.299009547316844
1,0.5,0.2,0.5,0.4,-0.2,1.0068823941326,0.533746249355126,0.258753845831215,0.50314510845327,0.274519191171383,-0.258519742497379,NA,NA,NA,NA,NA,NA,0.0984863134971063,0.0956917589966421,0.0770084961326887,0.134596299490662,0.0632515667786814,0.268834042335568
1,0.5,0.2,0.5,0.4,-0.2,0.72606639812536,0.666103300336508,0.224941334315823,0.593407909183045,0.524494308094282,-0.332413159696003,NA,NA,NA,NA,NA,NA,0.102549282966826,0.087813997479328,0.0638857764004444,0.141347705704671,0.064179469878349,0.266556852710821
1,0.5,0.2,0.5,0.4,-0.2,1.12744049198048,0.400026839156285,0.0684710668183422,0.336271117396224,0.345595558529096,0.460755193102263,NA,NA,NA,NA,NA,NA,0.107746649193652,0.0935660457045994,0.0680858997111517,0.124962228105035,0.0589652418942651,0.380913406760432
1,0.5,0.2,0.5,0.4,-0.2,0.889001508756608,0.569273379385509,0.209321417824656,0.494219704031751,0.401174660139095,-0.254565694392731,NA,NA,NA,NA,NA,NA,0.104037128694084,0.0902843762572024,0.0714379296488064,0.132158663406138,0.0678951473338991,0.263379157739409
1,0.5,0.2,0.5,0.4,-0.2,1.06269685348457,0.339647993399788,0.126713495166116,0.405233384217447,0.462048544004411,-0.0586678806287635,NA,NA,NA,NA,NA,NA,0.111793626970269,0.097627128713098,0.0693833701573382,0.135126986175538,0.064123638763874,0.303701479345583
1,0.5,0.2,0.5,0.4,-0.2,0.944036039276385,0.463096491198987,0.173279443250125,0.660580508315945,0.482265293110233,-0.446979333565857,NA,NA,NA,NA,NA,NA,0.0967611092880166,0.0859035188961331,0.0637136359682065,0.130451240738315,0.0641373853601867,0.231373447245743
1,0.5,0.2,0.5,0.4,-0.2,1.22616173735036,0.339872338462116,0.376921755163714,0.1956510725819,0.359904589672748,0.402405876189865,NA,NA,NA,NA,NA,NA,0.126379487690256,0.10068687156293,0.0824016278762737,0.128969921789648,0.0626382577162014,0.367895772946489
1,0.5,0.2,0.5,0.4,-0.2,0.970034406756142,0.436565652587944,0.080908054477024,0.532966212996013,0.430877311143435,-0.17830882898307,NA,NA,NA,NA,NA,NA,0.100602544065074,0.090907458986045,0.0677974354741745,0.120344669564175,0.0626120698709651,0.252542861197266
1,0.5,0.2,0.5,0.4,-0.2,0.981007939926662,0.361683966984607,0.147107851127208,0.528858383227585,0.461067795292046,-0.204189410018525,NA,NA,NA,NA,NA,NA,0.102699698164127,0.0850082973116559,0.0633984033041134,0.118310513650455,0.065767102621986,0.232506159523246
1,0.5,0.2,0.5,0.4,-0.2,1.09496330715421,0.494407293580502,0.155354983665313,0.679064371723735,0.375094630665336,-0.675006439623126,NA,NA,NA,NA,NA,NA,0.0959463710887434,0.0804646827972427,0.0658707265276882,0.159409176484911,0.070303158546455,0.255698758344324
1,0.5,0.2,0.5,0.4,-0.2,0.962639161627055,0.466609876372933,0.273303100480354,0.570063799167999,0.37549595770658,-0.320317957248886,NA,NA,NA,NA,NA,NA,0.0984092797132598,0.0908562724361898,0.0758194426283279,0.124122020274868,0.0692561097315887,0.231942007244851
1,0.5,0.2,0.5,0.4,-0.2,1.15890451276507,0.389520054347402,0.116956797183853,0.595631487770988,0.454065427216489,-0.133681252468988,NA,NA,NA,NA,NA,NA,0.0948350881695988,0.075474909865337,0.0606805695213962,0.140791067534819,0.0652129536951277,0.304493993971763
1,0.5,0.2,0.5,0.4,-0.2,0.874319176181357,0.503450790525886,0.105082728425392,0.66528837840037,0.436352402239752,-0.378985852438937,NA,NA,NA,NA,NA,NA,0.0910869975890159,0.084334111986555,0.0628130882186415,0.137012546459246,0.0613668203969154,0.258380260288524
1,0.5,0.2,0.5,0.4,-0.2,0.996564797051282,0.499880959256084,0.0993567345441051,0.222334431340848,0.377467229224632,0.241673780166883,NA,NA,NA,NA,NA,NA,0.128724476895778,0.124011127120671,0.0784116896905295,0.128891158893253,0.062319453665176,0.342600914207199
1,0.5,0.2,0.5,0.4,-0.2,1.18753412166013,0.550091374114913,0.0886890570527039,0.2689107685494,0.349089912866437,0.214402617537921,NA,NA,NA,NA,NA,NA,0.117259108144811,0.109478919457262,0.0865157478842581,0.134095815642936,0.0609586167148012,0.362088011894866
1,0.5,0.2,0.5,0.4,-0.2,0.961062553461647,0.544506975964458,0.205799722314126,0.580791544807283,0.416691289195332,-0.296247855073093,NA,NA,NA,NA,NA,NA,0.0975639800087926,0.0889129001121974,0.068871121002402,0.149018884127194,0.0628492209509641,0.290589676743499
1,0.5,0.2,0.5,0.4,-0.2,0.939419328196151,0.487386425261501,0.155620018758254,0.633581301493673,0.412279628845289,-0.205720184034007,NA,NA,NA,NA,NA,NA,0.0933617022839613,0.0811114221827677,0.0587160561698122,0.137382572315188,0.0624397604274842,0.283350063356341
1,0.5,0.2,0.5,0.4,-0.2,0.918233156921152,0.572722661900027,0.106666533490571,0.454225878321279,0.42229835460266,0.00426376023529275,NA,NA,NA,NA,NA,NA,0.1073133779275,0.0952455323437921,0.0668973998317284,0.135847741598304,0.0630746639829781,0.308220356858361
1,0.5,0.2,0.5,0.4,-0.2,0.982531769239522,0.508391593368865,0.0746527492247979,0.405491354887115,0.358070471355096,-0.0326237861963011,NA,NA,NA,NA,NA,NA,0.108150431987233,0.107713211969073,0.0758296863952787,0.131603499047125,0.0688680079438372,0.299229143147736
1,0.5,0.2,0.5,0.4,-0.2,1.08037918081858,0.549594063742453,0.257501750717576,0.499016846258608,0.416035519282958,-0.444675368592045,NA,NA,NA,NA,NA,NA,0.109228877636204,0.0984465755953791,0.0819804343150527,0.137254391571731,0.0621630546805313,0.251995118266452
1,0.5,0.2,0.5,0.4,-0.2,1.03967942191057,0.457758787608329,0.31097072489168,0.50186731469397,0.395398347467258,-0.203612194982815,NA,NA,NA,NA,NA,NA,0.102615720845598,0.0942627631756736,0.0684521262881257,0.12102974575925,0.0669661012842687,0.245819151263579
1,0.5,0.2,0.5,0.4,-0.2,1.00311810684849,0.379548467054604,0.155587818022826,0.53087351356958,0.495431052664124,-0.221612370826992,NA,NA,NA,NA,NA,NA,0.1051271181654,0.0925130517645442,0.0622355505716187,0.146710346559984,0.0644331201736111,0.302374184123916
1,0.5,0.2,0.5,0.4,-0.2,0.881571563281033,0.611196708725373,0.157040918766226,0.824006202315487,0.251561639315571,-0.582301101805174,NA,NA,NA,NA,NA,NA,0.0763537394626718,0.0752709560433055,0.0627335015526239,0.140358609386307,0.0653238357992773,0.239543267904847
1,0.5,0.2,0.5,0.4,-0.2,0.877873133444247,0.553585316942637,0.111166823538916,0.471025200910176,0.445013753307504,0.0625156774064574,NA,NA,NA,NA,NA,NA,0.10563951637706,0.0958037779036912,0.0720883401789393,0.134467452215141,0.0647924915240512,0.310465106567248
1,0.5,0.2,0.5,0.4,-0.2,1.01043395428503,0.461416629427023,0.402673315200752,0.3723697011592,0.442797635767739,0.12649044774799,NA,NA,NA,NA,NA,NA,0.114594030410532,0.112121582086288,0.0718493294365866,0.129517826611246,0.0685535170088789,0.31862537865466
1,0.5,0.2,0.5,0.4,-0.2,1.23614268881935,0.361415381324399,0.174656416416382,0.477039318091752,0.497966680353432,-0.302681267790073,NA,NA,NA,NA,NA,NA,0.114251679355892,0.10441080430575,0.0699416495638485,0.1558456691002,0.064546412869125,0.304121098174805
1,0.5,0.2,0.5,0.4,-0.2,0.954854129916529,0.504536122723396,0.0900652806322575,0.718920590195558,0.509327821344309,-0.613257880573489,NA,NA,NA,NA,NA,NA,0.0978676102066401,0.087011990041348,0.0652192518215104,0.165876416435797,0.0681767578487243,0.282126428532495
1,0.5,0.2,0.5,0.4,-0.2,0.953457969414658,0.543167414310809,0.268058275988217,0.699166898877841,0.343763824627481,-0.489352889685828,NA,NA,NA,NA,NA,NA,0.0881761893360265,0.0831228767584136,0.0654473131473677,0.139136896726973,0.0674644910567918,0.245875152888386
1,0.5,0.2,0.5,0.4,-0.2,1.00890432445174,0.533537827770956,0.299390901970468,0.507425084613787,0.541166686508565,-0.104531040116503,NA,NA,NA,NA,NA,NA,0.107031444625671,0.0941063010098236,0.065465811730795,0.13303837532655,0.0616551055899646,0.293532931962419
1,0.5,0.2,0.5,0.4,-0.2,1.16999499951604,0.451135288595652,0.237837739089918,0.440770640453293,0.412354198780316,-0.298301850193115,NA,NA,NA,NA,NA,NA,0.118106065524061,0.111017719014105,0.0693148343546993,0.151297506659202,0.0663259798936905,0.285347423622782
1,0.5,0.2,0.5,0.4,-0.2,0.937311461617591,0.552227496210962,0.130853363075681,0.58054754639676,0.37400403285859,-0.304801498099845,NA,NA,NA,NA,NA,NA,0.0976871484846115,0.0916730219946936,0.0731065501427828,0.148960745728811,0.0662061741185288,0.291876700893633
1,0.5,0.2,0.5,0.4,-0.2,1.04219437919899,0.505252171146267,0.19448407432362,0.61539259849724,0.403940801723246,-0.469100239017015,NA,NA,NA,NA,NA,NA,0.0963815977377339,0.0893080745080257,0.0748684216236181,0.136727571747806,0.0630229574408149,0.243193235876039
1,0.5,0.2,0.5,0.4,-0.2,1.13348556541113,0.397763955608349,0.111118024060821,0.42307187592211,0.401378972084828,-0.206194413842375,NA,NA,NA,NA,NA,NA,0.111847084848526,0.0984100671563536,0.0767702366680573,0.133627845868024,0.0629972647766195,0.272638669983888
1,0.5,0.2,0.5,0.4,-0.2,1.06181067265297,0.437278683427213,0.178593351502851,0.4845779994841,0.351345674675704,-0.316557644528098,NA,NA,NA,NA,NA,NA,0.110191165891987,0.105196423236436,0.0772519957343143,0.132693844387915,0.0719103313149091,0.253659956128421
1,0.5,0.2,0.5,0.4,-0.2,0.909238211736814,0.618481087462024,0.178684273903636,0.652933608786442,0.480989132959407,-0.294740382966983,NA,NA,NA,NA,NA,NA,0.0938876852382182,0.0866435795227326,0.0609449952606831,0.129165030662603,0.0655879235584082,0.254867771915768
1,0.5,0.2,0.5,0.4,-0.2,1.02279122427986,0.511053276826288,0.135108993457318,0.767352779892711,0.379314220921932,-0.45266292088524,NA,NA,NA,NA,NA,NA,0.0839509033486842,0.083477641544125,0.0625141282937573,0.136619722791407,0.0665452677391378,0.254612850471244
1,0.5,0.2,0.5,0.4,-0.2,0.919981546241419,0.558625991123245,0.211842009645422,0.777252832903872,0.362181082926286,-0.426534714203006,NA,NA,NA,NA,NA,NA,0.0818261607850182,0.07612006338727,0.0574993762178762,0.145883367569635,0.0659449237218966,0.269577865481017
1,0.5,0.2,0.5,0.4,-0.2,0.934409493932447,0.379516782163397,0.209478007491317,0.463422746541019,0.370260400783087,-0.00331464866542817,NA,NA,NA,NA,NA,NA,0.103817366421473,0.100060184092032,0.0692850596425287,0.143200795674811,0.0650075166972821,0.327342149091353
1,0.5,0.2,0.5,0.4,-0.2,1.04355608083175,0.511322109077364,0.170857229665039,0.373708127900832,0.436065678534407,-0.125672219363111,NA,NA,NA,NA,NA,NA,0.116135983236412,0.0990921405070099,0.0770675995130992,0.121720043954126,0.0649241524082032,0.258467145840921
1,0.5,0.2,0.5,0.4,-0.2,0.955210208849357,0.552980167748819,0.177335382665415,0.403321688586046,0.445603250836903,-0.0739545133217054,NA,NA,NA,NA,NA,NA,0.113708084602962,0.0978472466458837,0.0683679258195833,0.133100346829108,0.0620836760957597,0.282119630784265
1,0.5,0.2,0.5,0.4,-0.2,1.07206091435251,0.615560888645438,0.160809367089382,0.483733680871243,0.420692514088641,-0.0537577595837839,NA,NA,NA,NA,NA,NA,0.102881860027514,0.0876517762174832,0.067876299442909,0.123615464754793,0.0646139038474681,0.270526734919873
1,0.5,0.2,0.5,0.4,-0.2,1.02702114538391,0.521095342763157,0.226511698223193,0.339253326091441,0.392521925894522,0.119544699653782,NA,NA,NA,NA,NA,NA,0.119587976823326,0.110098065504832,0.0810458161749662,0.124996994472981,0.0699602760009736,0.293538246819029
1,0.5,0.2,0.5,0.4,-0.2,0.846575070584395,0.589827703440576,0.0453173587576891,0.673169031721459,0.41790819556238,-0.508548991668831,NA,NA,NA,NA,NA,NA,0.0943338446779519,0.0797786119964601,0.065892133137586,0.135213796850085,0.0649571685331621,0.236672799350914
1,0.5,0.2,0.5,0.4,-0.2,0.978365772223488,0.516063765155856,0.158390730672235,0.381641597803614,0.445779374269823,-0.0574672870660126,NA,NA,NA,NA,NA,NA,0.113602225463986,0.0965969497993696,0.0766254349462067,0.146101081289622,0.0622689663181416,0.333536204059862
1,0.5,0.2,0.5,0.4,-0.2,1.03679173360673,0.491056973730792,0.192779447184041,0.745320609952243,0.413980108385318,-0.668751429480778,NA,NA,NA,NA,NA,NA,0.0925510144598881,0.0784739871134193,0.0691578899556988,0.152407929944168,0.0684832768877695,0.254262182687756
1,0.5,0.2,0.5,0.4,-0.2,0.864658281118274,0.47032783651743,0.182393876099556,0.471741643731185,0.447676636839277,-0.252848965234175,NA,NA,NA,NA,NA,NA,0.108188197011874,0.095621918958659,0.0695754702303575,0.124091533149987,0.0619243941184183,0.244798615472658
1,0.5,0.2,0.5,0.4,-0.2,0.780285470432097,0.66179637730407,0.316415041397048,0.478915508628186,0.441915440519135,-0.224112215784154,NA,NA,NA,NA,NA,NA,0.110184465490787,0.0917843473891853,0.0712722355587244,0.12830679152907,0.0643109754249507,0.254753169420379
1,0.5,0.2,0.5,0.4,-0.2,1.22110076079733,0.285047875337946,0.138488684732276,0.433061304961851,0.379508705567949,-0.128111761715079,NA,NA,NA,NA,NA,NA,0.1104054475127,0.103749265920009,0.0786260004712756,0.129404679409427,0.0606569019743431,0.268808030097712
1,0.5,0.2,0.5,0.4,-0.2,0.955032735578355,0.491105489717873,0.181453298601711,0.520828518202684,0.386340170910683,-0.214206645770698,NA,NA,NA,NA,NA,NA,0.0987059372015932,0.0901577741897409,0.0682867725140741,0.128238031500237,0.0590748785268958,0.260458010494753
1,0.5,0.2,0.5,0.4,-0.2,1.0033181600691,0.499387037560283,0.29196690931574,0.284594870329313,0.284630233215128,0.0944165093502232,NA,NA,NA,NA,NA,NA,0.118471046123905,0.103384192504172,0.0855065393505179,0.139733163061325,0.0620641399612841,0.335571489095142
1,0.5,0.2,0.5,0.4,-0.2,1.04117715001178,0.421465957371066,0.330395947926065,0.6280556103952,0.487482117041115,-0.415271160004961,NA,NA,NA,NA,NA,NA,0.100767232932792,0.0840535602996726,0.061083642237858,0.138288694082878,0.0685713940917018,0.252390132750066
1,0.5,0.2,0.5,0.4,-0.2,1.02910323252413,0.533262621234137,-0.00242022684232472,0.482054620942441,0.359752436134698,-0.095429276406096,NA,NA,NA,NA,NA,NA,0.103413229594237,0.0934803771539527,0.0778404359327286,0.134249994491489,0.0675505455664746,0.281525721125893
1,0.5,0.2,0.5,0.4,-0.2,1.16507917320355,0.225878820127976,0.202631547691915,0.538424813088613,0.485200339507009,-0.247833694320791,NA,NA,NA,NA,NA,NA,0.102984798359726,0.0842977324443855,0.057730782252174,0.125657402022599,0.0654277063105,0.250151957910159
1,0.5,0.2,0.5,0.4,-0.2,0.97549527982828,0.565073407843665,0.169879020830831,0.431318168988078,0.374064434490869,-0.0958151423327174,NA,NA,NA,NA,NA,NA,0.107000850866477,0.0958485163520172,0.0765816313356023,0.126532269001352,0.0730265013918572,0.270429388475547
1,0.5,0.2,0.5,0.4,-0.2,1.09324388181922,0.550978388553237,0.181541561528725,0.347131468867405,0.440843071380127,-0.141412401087445,NA,NA,NA,NA,NA,NA,0.127420475312025,0.123816506258251,0.0837817646307014,0.138069671849062,0.0643098690142994,0.284796122580872
1,0.5,0.2,0.5,0.4,-0.2,0.856170022670845,0.642118478724169,0.150462163872949,0.547833072342753,0.345385276296914,-0.197666877451474,NA,NA,NA,NA,NA,NA,0.0941195083774733,0.0897476967044098,0.0666753074895178,0.132365694918354,0.0591006796914799,0.286600708365372
1,0.5,0.2,0.5,0.4,-0.2,1.06874646162308,0.545903508426916,0.206286186256844,0.456721225752868,0.375926929656445,-0.374949312914236,NA,NA,NA,NA,NA,NA,0.112333622039284,0.09646091056694,0.0809313102274798,0.12347178888586,0.0639698968878602,0.229070946834704
1,0.5,0.2,0.5,0.4,-0.2,1.16155843918483,0.375167044993492,0.285967551712243,0.392768450197812,0.455184387821193,0.501405078809455,NA,NA,NA,NA,NA,NA,0.106798090804675,0.0918525834657918,0.0620996174394869,0.114675316718179,0.0631312542938179,0.350389402330905
1,0.5,0.2,0.5,0.4,-0.2,0.983108033557722,0.65885684768578,0.143045882530802,0.529055815097886,0.364204974426608,0.0697039517501732,NA,NA,NA,NA,NA,NA,0.0959486890138381,0.100536012643389,0.0681822614868743,0.116462148090327,0.0637055251454907,0.271283094223856
1,0.5,0.2,0.5,0.4,-0.2,0.943744427628298,0.489160688090904,0.252203311964279,0.653230254092196,0.401157697473013,-0.410426584889213,NA,NA,NA,NA,NA,NA,0.0923501570549023,0.0891253385220656,0.0716934020692444,0.140477664771483,0.0628748925130624,0.254739760369752
1,0.5,0.2,0.5,0.4,-0.2,0.940669358942905,0.57057456524212,0.25089027502073,0.616830934775155,0.317536063789216,-0.208151503536305,NA,NA,NA,NA,NA,NA,0.0880460324898019,0.0805561432313063,0.0681946752057717,0.147817895553017,0.0665897861361863,0.3083569508748
1,0.5,0.2,0.5,0.4,-0.2,1.04146915397136,0.288921000432088,0.0991032317636228,0.510014576922409,0.35027881765574,-0.192997836670982,NA,NA,NA,NA,NA,NA,0.101661463889697,0.0961074488240445,0.0699113215911865,0.121494081087054,0.0606313873370473,0.240940628307859
1,0.5,0.2,0.5,0.4,-0.2,1.00206167070878,0.537674632935232,0.365288291943133,0.504759039788269,0.429479176299794,-0.236610294709338,NA,NA,NA,NA,NA,NA,0.104893360278368,0.0958825666499643,0.0805640731860449,0.144917796370129,0.0661957358679444,0.288361382985338
1,0.5,0.2,0.5,0.4,-0.2,1.0764680091813,0.331528177178639,0.180289052722513,0.36311332922473,0.36688990320068,0.113835372436678,NA,NA,NA,NA,NA,NA,0.11169727173967,0.10827584136441,0.0770123226808189,0.14716317163116,0.0637582110322933,0.3691740410867
1,0.5,0.2,0.5,0.4,-0.2,0.94346332685607,0.574434998349834,0.105685098182035,0.55431782950469,0.400086642349361,-0.153267339365137,NA,NA,NA,NA,NA,NA,0.0994824503870683,0.088815480947795,0.073068301360058,0.124397933625667,0.0614567211753506,0.251719966081133
1,0.5,0.2,0.5,0.4,-0.2,0.873539358038543,0.645354981673853,0.214509833245873,0.599478639433982,0.366572141342931,-0.508907892544385,NA,NA,NA,NA,NA,NA,0.100049940545025,0.0967961266722293,0.0801623230117489,0.145290160455044,0.0634997937244567,0.266487621797389
1,0.5,0.2,0.5,0.4,-0.2,1.03951814299954,0.601770431539904,0.231148200348008,0.439453582681785,0.503971467155814,0.00958232808466616,NA,NA,NA,NA,NA,NA,0.108995903005132,0.0956925337879408,0.0763270034195569,0.134455568933428,0.0656387638263705,0.306241815197691
1,0.5,0.2,0.5,0.4,-0.2,0.904576689739737,0.424527752765915,0.214696864727151,0.542003622648114,0.450200552873046,-0.229228826091525,NA,NA,NA,NA,NA,NA,0.101201672009163,0.0863446022359118,0.0615781691674666,0.131019892996995,0.0628825707956376,0.266670884832552
1,0.5,0.2,0.5,0.4,-0.2,1.04142887684502,0.488720684757625,0.247045684093182,0.31673699920269,0.365917011942812,0.0018510762696246,NA,NA,NA,NA,NA,NA,0.117017281522569,0.101644452744544,0.083959750106944,0.142737358118889,0.0658607076746607,0.327180607894142
1,0.5,0.2,0.5,0.4,-0.2,1.01583821260043,0.425177807091729,0.193031536865549,0.710860149815781,0.368312825227354,-0.703118905426736,NA,NA,NA,NA,NA,NA,0.0916227495997486,0.0775543427540083,0.072224742777864,0.15638242447161,0.0677573361484594,0.256269712278256
1,0.5,0.2,0.5,0.4,-0.2,0.900986820628647,0.771505401975537,0.283884094678731,0.563753911999422,0.206794153901281,-0.321717576056973,NA,NA,NA,NA,NA,NA,0.0916832930578033,0.0960657950561068,0.0791516059314593,0.133659766240083,0.0681309464745812,0.255656334703026
1,0.5,0.2,0.5,0.4,-0.2,1.03292139060169,0.59831448628044,0.307228621174566,0.647505721338342,0.297719773310406,-0.631218057752366,NA,NA,NA,NA,NA,NA,0.0951368341811351,0.0892316875824709,0.0752235307984473,0.141540651007483,0.0688303690983497,0.233460959660849
1,0.5,0.2,0.5,0.4,-0.2,0.989665334316363,0.620560707333792,0.161766304625307,0.698260791556077,0.276850586141933,-0.56018784160811,NA,NA,NA,NA,NA,NA,0.0887844232113295,0.085068031860748,0.0752600795660926,0.146597853324118,0.0669441543359873,0.250187077767371
1,0.5,0.2,0.5,0.4,-0.2,0.79231345421689,0.509333151430112,0.226639600598849,0.506677015746239,0.412578827017762,0.26126468038565,NA,NA,NA,NA,NA,NA,0.0946885441224751,0.0841305901872232,0.0574735089029162,0.10800748501835,0.0634649728595383,0.275160822280059
1,0.5,0.2,0.5,0.4,-0.2,0.961965155331874,0.473836226870261,0.221515866273715,0.611491102416551,0.514508512543636,-0.0607157913590159,NA,NA,NA,NA,NA,NA,0.0948660671516279,0.0796853074157748,0.0615249458317563,0.131811776138595,0.061401872235128,0.298920819949744
1,0.5,0.2,0.5,0.4,-0.2,1.04440301804078,0.348095815790889,0.213929792527836,0.498421002032612,0.393629636610881,-0.121404440426814,NA,NA,NA,NA,NA,NA,0.10141872159834,0.0907450682105054,0.0744837017083466,0.114479364919794,0.0608562279659691,0.240721883936605
1,0.5,0.2,0.5,0.4,-0.2,1.11221594985225,0.440372118309935,0.233680075705812,0.438197954348338,0.347654073228432,0.0364087186281633,NA,NA,NA,NA,NA,NA,0.105647466072443,0.105204851695774,0.0753216180915513,0.138209476589013,0.0701096220513532,0.319369698895661
1,0.5,0.2,0.5,0.4,-0.2,1.07234945096223,0.390962109498501,0.165174294826199,0.606884526645572,0.421249906448721,-0.507098002969732,NA,NA,NA,NA,NA,NA,0.0998624695949029,0.0830311670672466,0.0698196342228111,0.142489731762126,0.0680287218120886,0.251758994683521
1,0.5,0.2,0.5,0.4,-0.2,1.05358690029554,0.332925434284255,0.22530994788362,0.354271785091086,0.465436875349784,-0.117082798055347,NA,NA,NA,NA,NA,NA,0.12425205891937,0.114856381708794,0.081417692447311,0.151098201648337,0.0649518679192119,0.326670085909489
1,0.5,0.2,0.5,0.4,-0.2,1.00730702826508,0.488287625754243,0.16565270826675,0.465034355009605,0.322951978361679,-0.0936641312073287,NA,NA,NA,NA,NA,NA,0.104391697897754,0.0926763260161438,0.0864883425481724,0.119700213712799,0.0695475226172648,0.259348818833528
1,0.5,0.2,0.5,0.4,-0.2,0.843365143206571,0.649138909211476,0.339654955191627,0.506935944155206,0.341724106761821,-0.0466402375657256,NA,NA,NA,NA,NA,NA,0.0950295269668615,0.0779090437751907,0.068284361090747,0.130420592716097,0.0630107393889057,0.285591148318085
1,0.5,0.2,0.5,0.4,-0.2,1.07217634676962,0.535502125462038,0.191868241779872,0.405034233265858,0.411466932495945,0.0618569979603212,NA,NA,NA,NA,NA,NA,0.110210889655127,0.104155346174386,0.0735095806797349,0.118675612368989,0.061771129051293,0.273623123520238
1,0.5,0.2,0.5,0.4,-0.2,0.962106812341331,0.48527681678012,0.30123658388467,0.635156623094082,0.467520044468625,-0.381140521056879,NA,NA,NA,NA,NA,NA,0.0974097025249565,0.0873552848332374,0.0644747567517527,0.141800336286747,0.0646349380314977,0.266808250456918
1,0.5,0.2,0.5,0.4,-0.2,0.989368933876482,0.397564941964512,0.0930295573513845,0.360912459415437,0.425390867912955,0.278525818411285,NA,NA,NA,NA,NA,NA,0.112672498941957,0.0938801972267624,0.0726295917366159,0.120168939045678,0.0657208924783504,0.317027519781885
1,0.5,0.2,0.5,0.4,-0.2,1.07667821297948,0.483200310515698,0.277924928030487,0.50101386427745,0.441339373056892,-0.161570196013736,NA,NA,NA,NA,NA,NA,0.105012086910775,0.0926907294853582,0.0730616118973966,0.122703841877149,0.0617788021024053,0.256518456165251
1,0.5,0.2,0.5,0.4,-0.2,1.09252241999229,0.496241627828679,0.218379316060211,0.372776435074842,0.390745531967829,-0.171987520739562,NA,NA,NA,NA,NA,NA,0.11592297589709,0.0996827526155416,0.0799404695984885,0.136530891409682,0.0662775478112259,0.282280109555288
1,0.5,0.2,0.5,0.4,-0.2,0.960386117710063,0.496625070343486,0.190162691392758,0.774152157303288,0.448104817943705,-0.641472190993263,NA,NA,NA,NA,NA,NA,0.0908313426036998,0.0792340487592038,0.0622747618019638,0.153090128580089,0.0699955049209884,0.258778695594747
1,0.5,0.2,0.5,0.4,-0.2,0.917564762641744,0.461337308782175,0.281428836598369,0.470842384814978,0.445351092209657,0.111871957843946,NA,NA,NA,NA,NA,NA,0.101228759931089,0.0880791359145775,0.0671033318537358,0.109654342688717,0.0626518860297473,0.271658593094584
1,0.5,0.2,0.5,0.4,-0.2,0.972674044247835,0.604537442329598,0.394569844403622,0.654422249689629,0.320552952457826,-0.227888669144583,NA,NA,NA,NA,NA,NA,0.0876800676452796,0.0874279523218644,0.0683356313103169,0.137422436626157,0.067004560703016,0.278885009279485
1,0.5,0.2,0.5,0.4,-0.2,1.01191365983881,0.376809669523128,0.2431993697563,0.536771425095242,0.532458227529166,-0.22666662026913,NA,NA,NA,NA,NA,NA,0.107684816142089,0.0968672686346382,0.0615689926868601,0.130623515636514,0.0638940827636334,0.261818383846214
1,0.5,0.2,0.5,0.4,-0.2,0.930406941087372,0.668881873508651,0.247295716190435,0.73312106021554,0.379209809533583,-0.563490724571723,NA,NA,NA,NA,NA,NA,0.0882653646980707,0.081022333484421,0.0667610211392616,0.129715249901027,0.0643313085196493,0.224290849982677
1,0.5,0.2,0.5,0.4,-0.2,1.12313027692891,0.549995183675146,0.182718005469573,0.346021151205889,0.371941286536996,0.292292015046291,NA,NA,NA,NA,NA,NA,0.112344209710085,0.100825302278967,0.0718453890323599,0.103403367173344,0.0650067910903723,0.259313144398657
1,0.5,0.2,0.5,0.4,-0.2,1.04061798973701,0.462225516889165,0.248614723614329,0.556074572754679,0.431356452251662,-0.412563205948382,NA,NA,NA,NA,NA,NA,0.105954571100653,0.0964502381849353,0.0715772909077824,0.142101420686465,0.0672202860124274,0.258128864459835
1,0.5,0.2,0.5,0.4,-0.2,0.942239320046707,0.461454162983609,0.170909353867363,0.578934076957598,0.485720776761583,-0.374739634698227,NA,NA,NA,NA,NA,NA,0.101848642303607,0.0884297603009713,0.0590469131269443,0.147308784785659,0.0647431544938177,0.276169441460919
1,0.5,0.2,0.5,0.4,-0.2,0.942481943770199,0.519278248078338,0.171908634843478,0.497050360753273,0.31985081871966,0.167231192799817,NA,NA,NA,NA,NA,NA,0.0972822613442969,0.0915804943955715,0.0665668126410207,0.117994626393999,0.0653045957156581,0.285424204550233
1,0.5,0.2,0.5,0.4,-0.2,1.03097786182891,0.457722920815907,0.412888360746917,0.64297470059402,0.368873832712228,-0.39300321362799,NA,NA,NA,NA,NA,NA,0.0938617588821665,0.0895751912671041,0.0695917902489735,0.133905040784764,0.069719624392052,0.238262370543006
1,0.5,0.2,0.5,0.4,-0.2,0.997982119637666,0.538603379688357,0.15476221340532,0.517738562303749,0.449534696338588,-0.280209074607318,NA,NA,NA,NA,NA,NA,0.106393542119196,0.0985290485680227,0.0750641283387615,0.134890762267525,0.0671006660895539,0.26187159305369
1,0.5,0.2,0.5,0.4,-0.2,0.873049569846095,0.577101748176978,0.223606127653825,0.514174599164604,0.348659601558379,-0.087087551389065,NA,NA,NA,NA,NA,NA,0.0961243343231771,0.087875526812048,0.0754689501392115,0.137979210260312,0.0606803525657005,0.310143726384441
1,0.5,0.2,0.5,0.4,-0.2,1.07676396064299,0.547677621170798,0.0883504734949742,0.508844753180237,0.456349954081899,-0.0603667915441084,NA,NA,NA,NA,NA,NA,0.102912657907194,0.0870335598115045,0.0649270315958143,0.1400056979281,0.0662744713842242,0.310941471522435
1,0.5,0.2,0.5,0.4,-0.2,0.983459259767007,0.437025100014284,0.184264290778735,0.53137697778059,0.427947683174065,-0.151053329096973,NA,NA,NA,NA,NA,NA,0.0993719249349077,0.0880242178507498,0.0652064075757807,0.141155556732433,0.0638219237139722,0.302811937948467
1,0.5,0.2,0.5,0.4,-0.2,1.18826249509153,0.518534413052308,0.265989083554327,0.356502855174638,0.417212839262847,-0.0693339747482869,NA,NA,NA,NA,NA,NA,0.119173467362795,0.109766088363255,0.083500649713248,0.124965556809415,0.0655104471058533,0.263307261867396
1,0.5,0.2,0.5,0.4,-0.2,0.869908561774199,0.528050469496902,0.261137137180295,0.351257768354526,0.519764755385423,0.495216812412904,NA,NA,NA,NA,NA,NA,0.112020521741336,0.0922348659355173,0.0621419778021172,0.110649111176648,0.0604942037441816,0.342549262967721
1,0.5,0.2,0.5,0.4,-0.2,1.14092635240502,0.408392953398195,0.114770608205448,0.325244814559548,0.393946117079474,0.017529700851808,NA,NA,NA,NA,NA,NA,0.120983334061688,0.11646198293352,0.0797408391382409,0.115906809909318,0.0635101685449072,0.250943968065695
1,0.5,0.2,0.5,0.4,-0.2,1.05708618911281,0.508350646405732,0.263631375547558,0.723709268807791,0.418262954911684,-0.655935236331023,NA,NA,NA,NA,NA,NA,0.0933505291261665,0.0873137210152537,0.0684661550872218,0.157183326137079,0.064370580568383,0.266250507981157
1,0.5,0.2,0.5,0.4,-0.2,1.04056024097215,0.452331387907265,0.234954211901788,0.676397747275842,0.383654666160391,-0.672232846793754,NA,NA,NA,NA,NA,NA,0.0990799720021613,0.0848456875444597,0.0712900065357736,0.154050309876975,0.0682039944503367,0.245164399771114
1,0.5,0.2,0.5,0.4,-0.2,0.996664331581832,0.71656281126815,0.302064179124428,0.416710456876659,0.218281810636805,-0.0311036242104119,NA,NA,NA,NA,NA,NA,0.104670454133719,0.0974025837285618,0.0895244799244124,0.126290575937992,0.0629519268438918,0.271771432647403
1,0.5,0.2,0.5,0.4,-0.2,1.18459676485525,0.521316315143063,0.158865835006258,0.409365107634319,0.476257903143202,-0.0288427548619575,NA,NA,NA,NA,NA,NA,0.116699292844518,0.103024835857123,0.0803278499189299,0.141343461370223,0.0644172024064453,0.32788390467292
1,0.5,0.2,0.5,0.4,-0.2,1.15021396571841,0.604913276455059,0.290478734975623,0.313043761094769,0.335722644626785,0.102903980083188,NA,NA,NA,NA,NA,NA,0.115414091338833,0.10674814170901,0.0802531285227943,0.134919452592826,0.0633988889222485,0.325070597051681
1,0.5,0.2,0.5,0.4,-0.2,0.95327652650708,0.446706222766062,0.275992443926417,0.615900399927244,0.358454001484124,-0.250547112703018,NA,NA,NA,NA,NA,NA,0.0906316838109098,0.0804498754469104,0.0659358073041623,0.126582181238682,0.0622734188548275,0.251529831700654
1,0.5,0.2,0.5,0.4,-0.2,1.00801904036685,0.33919905924665,0.167168376099446,0.459955975902473,0.5315176772481,0.0635345812818492,NA,NA,NA,NA,NA,NA,0.10829034306621,0.0956487201270081,0.064515454354267,0.124616931174477,0.0589545143284278,0.300356622485974
1,0.5,0.2,0.5,0.4,-0.2,1.08970602624177,0.480391864935631,0.156870014022299,0.554827857183819,0.334949592780988,-0.173210028673927,NA,NA,NA,NA,NA,NA,0.0946977340565067,0.0839658105871756,0.0686131831025629,0.126709140522752,0.0655752828678851,0.250854944919136
1,0.5,0.2,0.5,0.4,-0.2,0.894778120934627,0.668027769734816,0.190570252051312,0.6642722645017,0.316266320359411,-0.478176257381961,NA,NA,NA,NA,NA,NA,0.0899810555238878,0.0934935173543547,0.0742310577345359,0.137882195741148,0.06588521650606,0.25143241864781
1,0.5,0.2,0.5,0.4,-0.2,0.912613120726642,0.550000862049025,0.21662631431007,0.711802648163828,0.395155769455635,-0.624391038226335,NA,NA,NA,NA,NA,NA,0.0913450438772574,0.0809147191334585,0.0677483692252694,0.127501288267035,0.065688886952992,0.206623323445091
1,0.5,0.2,0.5,0.4,-0.2,1.31558453905832,0.337906297481517,0.198339465022895,0.346545062008831,0.498225141325106,0.201767525908842,NA,NA,NA,NA,NA,NA,0.121837909712419,0.0995532452964456,0.0666371583846061,0.116685358269842,0.0621460487706752,0.283859159919749
1,0.5,0.2,0.5,0.4,-0.2,0.989954234259208,0.57536144555892,0.238570146770056,0.541270983334321,0.383802018231537,-0.198903239897968,NA,NA,NA,NA,NA,NA,0.0988539870334609,0.0858838522336598,0.069735647530998,0.120436676285787,0.0616836775220972,0.237622638358715
1,0.5,0.2,0.5,0.4,-0.2,1.14313098539356,0.411758653425179,0.230359914317025,0.294832859514769,0.448272682522979,0.128264141565711,NA,NA,NA,NA,NA,NA,0.124792730548819,0.108325586212484,0.0799556547939716,0.11333404218851,0.0681846502632641,0.265882399914832
1,0.5,0.2,0.5,0.4,-0.2,0.983300632542831,0.422922460752945,0.190102894594327,0.473943390360739,0.388993988526916,-0.210796419865714,NA,NA,NA,NA,NA,NA,0.107823123608731,0.10878788770623,0.0820637529451774,0.147659067220282,0.0658451931464734,0.311329642808564
1,0.5,0.2,0.5,0.4,-0.2,0.933110084431257,0.504175287879094,0.0841332768436516,0.427366822096199,0.44191949224789,-0.0196350719472078,NA,NA,NA,NA,NA,NA,0.113350905129714,0.115584787706487,0.0819703150835748,0.113385212318849,0.0736756167056068,0.250396882259237
1,0.5,0.2,0.5,0.4,-0.2,1.00963773402703,0.408202475264073,0.208593752804964,0.54127829062874,0.381579421791707,-0.314942845092798,NA,NA,NA,NA,NA,NA,0.101892536075389,0.096967832520859,0.0737997764457496,0.144934127283405,0.0631184548874751,0.280501630662594
1,0.5,0.2,0.5,0.4,-0.2,1.02254495702086,0.593847509800957,0.275964174852765,0.31155761509629,0.365771876561146,0.0379084235512115,NA,NA,NA,NA,NA,NA,0.120887796534108,0.114697922784061,0.0867279316418677,0.126883853482612,0.0649950850385903,0.282186419094652
1,0.5,0.2,0.5,0.4,-0.2,1.02659975666162,0.437004777543165,0.135782569326945,0.665091198805918,0.362032474996991,-0.562770860272323,NA,NA,NA,NA,NA,NA,0.094217113622792,0.092496336046116,0.0705452303593398,0.138329448558608,0.0655182348165933,0.239746256098812
1,0.5,0.2,0.5,0.4,-0.2,0.971799621329188,0.458038185115741,0.291782387039769,0.592668610710342,0.449217198553914,-0.115188988949355,NA,NA,NA,NA,NA,NA,0.0966130732458452,0.0827001240632053,0.0596577377922185,0.116019671270847,0.0653996196165189,0.246584607967904
1,0.5,0.2,0.5,0.4,-0.2,0.892055079882791,0.618869564892966,0.324104527259242,0.652597756640267,0.355282060797395,-0.33751756363142,NA,NA,NA,NA,NA,NA,0.0895228947924398,0.0900232694033378,0.0705081089044331,0.12798108840204,0.0654967004704593,0.242741968519907
1,0.5,0.2,0.5,0.4,-0.2,0.896922228966484,0.522185377197465,0.0536550432742329,0.363096426829541,0.354704829386323,0.0945617437805982,NA,NA,NA,NA,NA,NA,0.115303174055541,0.112259250565224,0.0785573409702173,0.147313765356177,0.0653435260765427,0.35389252645993
1,0.5,0.2,0.5,0.4,-0.2,0.989429139590051,0.492360968792874,0.0552602308677039,0.609670406274931,0.364709922542204,-0.258549032017778,NA,NA,NA,NA,NA,NA,0.0917630891371696,0.0815375319442102,0.0670687179181947,0.113210539811488,0.0663280460658408,0.216270933660743
1,0.5,0.2,0.5,0.4,-0.2,1.0626421391134,0.378075744494137,0.26317626387446,0.511716104725561,0.495838252013442,-0.00229757425443781,NA,NA,NA,NA,NA,NA,0.100020738001428,0.0854956150207029,0.0712283646525745,0.139883871698017,0.0586074291220223,0.328894096915787
1,0.5,0.2,0.5,0.4,-0.2,1.00816945821881,0.489970647285486,0.162678317847386,0.55271145164173,0.395481887749846,-0.260701742137692,NA,NA,NA,NA,NA,NA,0.100003225662221,0.0984311171009445,0.0754688346547074,0.14363975222429,0.0640640758848005,0.290788888704606
1,0.5,0.2,0.5,0.4,-0.2,1.21338511617689,0.406240795190933,0.180330760616619,0.439472858323794,0.465574003785286,-0.137683211024453,NA,NA,NA,NA,NA,NA,0.112380689083328,0.099107924856776,0.0710388614182213,0.130108720520917,0.0647140742180703,0.265835691568651
1,0.5,0.2,0.5,0.4,-0.2,0.886449020980682,0.629935775131975,0.251849177213079,0.526103051555445,0.368889389986859,-0.266356668485682,NA,NA,NA,NA,NA,NA,0.100859851251272,0.0952601688880967,0.0713916776266968,0.119965325074175,0.0681146912182884,0.238191531648889
1,0.5,0.2,0.5,0.4,-0.2,0.970680080689011,0.461198479528209,0.239976629241519,0.466280809379713,0.410844537084179,0.0262710763323324,NA,NA,NA,NA,NA,NA,0.106310168914493,0.0986139469639434,0.0738441020974856,0.121826809223916,0.0640712737219327,0.273643032707618
1,0.5,0.2,0.5,0.4,-0.2,0.997348528492623,0.483694648314102,0.246114825846457,0.557964302245189,0.405475012287482,-0.307877641516188,NA,NA,NA,NA,NA,NA,0.099742609045893,0.08289832358648,0.0757037814166238,0.133906488286979,0.0658930278341372,0.253889220149848
1,0.5,0.2,0.5,0.4,-0.2,0.927759030954922,0.526946315771427,0.160004550188739,0.729222956621426,0.301570426130482,-0.460261964322524,NA,NA,NA,NA,NA,NA,0.0834775175332312,0.0804343908444476,0.0679145615380565,0.125888162163079,0.0644384787657908,0.222262735463829
1,0.5,0.2,0.5,0.4,-0.2,1.03120968880346,0.393162905078021,0.187798556410848,0.929883320822931,0.481899600678258,-0.939524184230468,NA,NA,NA,NA,NA,NA,0.0879640467600337,0.0830938406637235,0.0629104855604033,0.184670125100368,0.0702009992032117,0.278175220088263
1,0.5,0.2,0.5,0.4,-0.2,1.01523047081662,0.577136307965045,0.0976179026791724,0.401316153777357,0.33836663608501,-0.00686655070490399,NA,NA,NA,NA,NA,NA,0.107870726232681,0.0986121974977432,0.0781808070607754,0.128822683046557,0.063309828796821,0.291266276584649
1,0.5,0.2,0.5,0.4,-0.2,0.893183813995222,0.544408308373374,0.297856263252201,0.643557947610298,0.418593888325181,-0.405756690259475,NA,NA,NA,NA,NA,NA,0.0931326651157713,0.0855432152537707,0.0647354902693116,0.133211922603226,0.0661616202483955,0.249056739289642
1,0.5,0.2,0.5,0.4,-0.2,0.97555658785058,0.5404048992825,0.291833407743527,0.433799637116955,0.291163252468658,0.0823315497127751,NA,NA,NA,NA,NA,NA,0.100568313414785,0.0896675125760971,0.0758984722562348,0.125487017229026,0.0630088492941854,0.297779525043662
1,0.5,0.2,0.5,0.4,-0.2,1.29308641139792,0.360727042589229,0.227448895054266,0.393897460811415,0.442570036167699,-0.331408110898213,NA,NA,NA,NA,NA,NA,0.122058593117517,0.104292585423187,0.0796098767305105,0.138831964290081,0.0653767414884175,0.258714763296886
1,0.5,0.2,0.5,0.4,-0.2,1.17607637509971,0.386123700733881,0.197890671694443,0.458651704215142,0.448959927370742,-0.149580712215452,NA,NA,NA,NA,NA,NA,0.112338084882492,0.0984514210371065,0.0756534204280615,0.139795356699881,0.0651592425429088,0.286333993783689
1,0.5,0.2,0.5,0.4,-0.2,1.21156648458088,0.509446409842167,0.283516000574599,0.57065471430279,0.310762375981113,-0.330334922602259,NA,NA,NA,NA,NA,NA,0.0982875842079245,0.0971495950128687,0.0752977582076998,0.161780412213667,0.0641668138741549,0.308034527264709
1,0.5,0.2,0.5,0.4,-0.2,1.05624159026597,0.385825689647437,0.26905391460825,0.397422732673908,0.527945467694818,-0.198572189164482,NA,NA,NA,NA,NA,NA,0.128881180395721,0.116550903136331,0.0730923552610272,0.138458524741615,0.0646738283546324,0.282108075927962
1,0.5,0.2,0.5,0.4,-0.2,0.935083587923304,0.582810177350164,0.228496409923318,0.570175900329966,0.431951268340252,-0.234961005994086,NA,NA,NA,NA,NA,NA,0.0982654490200041,0.0944098296806851,0.0646867360661307,0.141990556393256,0.0641293769254677,0.290837621107354
1,0.5,0.2,0.5,0.4,-0.2,0.864960013029361,0.532763891408258,0.205906852122214,0.647905609665978,0.420806407354835,-0.286785508797581,NA,NA,NA,NA,NA,NA,0.0932055391812016,0.0902328540235291,0.0566098622443397,0.120605624800055,0.0692748437454832,0.236278783291949
1,0.5,0.2,0.5,0.4,-0.2,0.988111948001241,0.659311712553883,0.168565970086629,0.483298904002866,0.346401263203445,-0.14499877896075,NA,NA,NA,NA,NA,NA,0.101778461037396,0.0944640424535154,0.0751584492635629,0.123261049846611,0.0656994001330352,0.252537186972518
1,0.5,0.2,0.5,0.4,-0.2,1.08099463341833,0.324472057700375,0.200847914073558,0.575967678981165,0.470061041172799,-0.519044216485269,NA,NA,NA,NA,NA,NA,0.104328247886027,0.086894773086473,0.0703893339738285,0.155585187975404,0.0630423071734468,0.279745571380301
1,0.5,0.2,0.5,0.4,-0.2,1.00313811898033,0.593145311165081,0.141594456459442,0.616047720114941,0.352245377426495,-0.441338186078052,NA,NA,NA,NA,NA,NA,0.096707321551075,0.0880331285845762,0.0689514123938543,0.149753252550722,0.06524453846627,0.27159889821609
1,0.5,0.2,0.5,0.4,-0.2,1.02840074617967,0.462544316831445,0.104040234693612,0.518958441278722,0.542839582734537,0.0425249457323143,NA,NA,NA,NA,NA,NA,0.102902935751343,0.0876543835022479,0.0587000359046068,0.14480281650018,0.0611873928587708,0.334697313418167
1,0.5,0.2,0.5,0.4,-0.2,0.951646811931997,0.612785460190746,0.191896087322766,0.454624243216812,0.404477171934645,-0.0536045954872951,NA,NA,NA,NA,NA,NA,0.10434194432904,0.0956441358397776,0.067413223611056,0.117281948489439,0.0624893325261421,0.260732212706522
1,0.5,0.2,0.5,0.4,-0.2,1.18822537835897,0.211928066799462,0.216409711349743,0.532015572204897,0.360486804415759,-0.291924704176355,NA,NA,NA,NA,NA,NA,0.103501972092614,0.0950267880052082,0.0687267203267414,0.140776114032465,0.0642028960497325,0.273549839735169
1,0.5,0.2,0.5,0.4,-0.2,0.906151290810466,0.528563949933824,0.198025371525266,0.473534134882306,0.37622013069555,-0.12280103588161,NA,NA,NA,NA,NA,NA,0.102536481703825,0.0832748501754655,0.0825708026546786,0.13145923502851,0.0642990622500091,0.281879340189672
1,0.5,0.2,0.5,0.4,-0.2,0.777379267447308,0.70539900054243,0.266063532805594,0.566744116644794,0.299930993940344,-0.377583360416535,NA,NA,NA,NA,NA,NA,0.0964025938384001,0.100380559158063,0.0712957910136804,0.134627033762361,0.0690042379125187,0.250790184477708
1,0.5,0.2,0.5,0.4,-0.2,1.20368440565057,0.418728822734221,0.338266612034345,0.382082591755775,0.441963249877737,-0.135637861055022,NA,NA,NA,NA,NA,NA,0.115989478887504,0.0938441673671541,0.083306410051533,0.136765559391472,0.0613834615029941,0.291024320922662
1,0.5,0.2,0.5,0.4,-0.2,0.870495779145712,0.593964825604159,0.250070915773039,0.604520818065599,0.371490635639447,-0.42659067789989,NA,NA,NA,NA,NA,NA,0.0952259638330727,0.092874574465817,0.069374115055311,0.147746259955694,0.063370005608225,0.278831430041413
1,0.5,0.2,0.5,0.4,-0.2,0.965941141057063,0.595825213109135,0.10071098224043,0.388701278622371,0.347536841756141,-0.0641332547587261,NA,NA,NA,NA,NA,NA,0.111673410058351,0.10202656678054,0.0832037472113537,0.136229629763021,0.0628851127947478,0.3016038825661
1,0.5,0.2,0.5,0.4,-0.2,1.08000747425195,0.411651724339142,0.194132601782728,0.642913985916707,0.459174604060316,-0.642353497609442,NA,NA,NA,NA,NA,NA,0.105191424183404,0.0898025816328442,0.0739953640198343,0.142652494584797,0.070415842675779,0.231370604136313
1,0.5,0.2,0.5,0.4,-0.2,1.033601136097,0.370398188404398,0.14772806501063,0.37094828554371,0.548301667104347,0.106890594091679,NA,NA,NA,NA,NA,NA,0.119838434740796,0.108803806459871,0.0677906922027712,0.126068714647758,0.0613243410104798,0.314209002951872
1,0.5,0.2,0.5,0.4,-0.2,1.11836032719584,0.491241319567766,0.211841658594232,0.489687140904909,0.421592927791804,-0.303870852623701,NA,NA,NA,NA,NA,NA,0.107174949690558,0.0941496710943404,0.0753983370624823,0.116421892999571,0.0643669170998331,0.215689958412567
1,0.5,0.2,0.5,0.4,-0.2,0.959088820005661,0.374834737222243,0.184524103547545,0.606285519975049,0.410499295455193,-0.259279446347664,NA,NA,NA,NA,NA,NA,0.0950312423361741,0.0883452713664007,0.0655947337188746,0.119085369733463,0.0639158684764465,0.236627124339914
1,0.5,0.2,0.5,0.4,-0.2,0.953597820593423,0.55611079268807,0.204275218554456,0.547853977930681,0.373628325163657,-0.132652410192163,NA,NA,NA,NA,NA,NA,0.0981055725954269,0.0964905590012658,0.0693958289473334,0.12461311170933,0.0699035559760375,0.256173543894342
1,0.5,0.2,0.5,0.4,-0.2,1.03545316522509,0.399896491912781,0.169580713499511,0.737454578124525,0.502899134675433,-0.699164885993315,NA,NA,NA,NA,NA,NA,0.0937277283353284,0.0813213185289054,0.0609776390041534,0.162861973310747,0.066208317969407,0.272351104389865
1,0.5,0.2,0.5,0.4,-0.2,0.86652449887037,0.594440712087127,0.252148455589516,0.407869797558551,0.412605528431305,-0.0841993512425465,NA,NA,NA,NA,NA,NA,0.112785971540758,0.103753740144461,0.075496833456623,0.109726544642429,0.0672589131049069,0.233167336579789
1,0.5,0.2,0.5,0.4,-0.2,1.07056548944165,0.462895012509658,0.145038322416961,0.624404258850839,0.443091252650215,-0.396978559646955,NA,NA,NA,NA,NA,NA,0.0971104647167896,0.0888594851345515,0.0720437077413612,0.166582482380756,0.0635912579411756,0.312237733989479
1,0.5,0.2,0.5,0.4,-0.2,0.963879249192552,0.513589880815422,0.198833373856938,0.546110677158726,0.326422660835139,-0.112293385855163,NA,NA,NA,NA,NA,NA,0.0960096705005373,0.0827197300844486,0.0700835068666015,0.118438612439391,0.0600681510686669,0.244778514535033
1,0.5,0.2,0.5,0.4,-0.2,1.09055474994436,0.340898790558205,0.343993198235179,0.427522212437729,0.402863899594803,0.179509437953718,NA,NA,NA,NA,NA,NA,0.10713998337,0.101933006197571,0.0749375420544128,0.108999708160739,0.0638002543406036,0.266110608708603
1,0.5,0.2,0.5,0.4,-0.2,0.89485588488725,0.462208179161651,0.242077166771441,0.354240153536663,0.352954687268492,0.137172863072645,NA,NA,NA,NA,NA,NA,0.110944913146909,0.0942671136502876,0.0753624103417482,0.122632226925444,0.0602667281362978,0.296936357184766
1,0.5,0.2,0.5,0.4,-0.2,0.991136667867816,0.465576898582493,0.0796499646743405,0.46235277091744,0.503228793516506,-0.250609467375295,NA,NA,NA,NA,NA,NA,0.110984534408329,0.0957674730589075,0.0748350689116751,0.127522892027673,0.06891296310851,0.248864454199511
1,0.5,0.2,0.5,0.4,-0.2,1.02843518125807,0.422445891115145,0.226392989559744,0.496426280705748,0.396505229202171,-0.190911633726614,NA,NA,NA,NA,NA,NA,0.106183571924326,0.099425435741646,0.0713648122762086,0.133661105299967,0.0624930495258676,0.27251124212553
1,0.5,0.2,0.5,0.4,-0.2,0.95892083989927,0.585273523061793,0.253678273153349,0.461161354742619,0.296601381469463,-0.0312686426462845,NA,NA,NA,NA,NA,NA,0.100993647756661,0.0966536695349049,0.0738590770295792,0.137262873797037,0.0662874034175369,0.301126767973024
1,0.5,0.2,0.5,0.4,-0.2,0.954027803629466,0.504196003929465,0.00373752657629753,0.551477524418852,0.356260055704621,-0.440395112222352,NA,NA,NA,NA,NA,NA,0.101953438739931,0.0955093200447731,0.0815136476402505,0.149983487950995,0.0668007559600847,0.275601674909891
1,0.5,0.2,0.5,0.4,-0.2,1.01249900825136,0.472531985238385,0.244517030310146,0.382390577236547,0.45435726684488,0.136918300758099,NA,NA,NA,NA,NA,NA,0.115338058870385,0.108738296927444,0.0686733207435101,0.137068922985638,0.0615709616296221,0.341890348557528
1,0.5,0.2,0.5,0.4,-0.2,0.87313913799795,0.629936423265303,0.202116025431854,0.840676100504688,0.364534517605072,-0.834842751697323,NA,NA,NA,NA,NA,NA,0.0843457155209991,0.0794841809085324,0.0646411825044574,0.170815751107142,0.0644592028499458,0.260836746170116
1,0.5,0.2,0.5,0.4,-0.2,1.00498792826829,0.525783566357562,0.330795520859744,0.58507445087048,0.386499688555621,-0.215387272283016,NA,NA,NA,NA,NA,NA,0.0948524668864539,0.0866056463557001,0.0730214393394054,0.120956732901892,0.0657274413830692,0.244507983413628
1,0.5,0.2,0.5,0.4,-0.2,1.10906465320479,0.412973987545417,0.133099709849778,0.251064981589547,0.402054551674612,0.278383988374829,NA,NA,NA,NA,NA,NA,0.124906127147571,0.106089792429618,0.0776122783552555,0.130392472771798,0.0615840202503175,0.344103726066225
1,0.5,0.2,0.5,0.4,-0.2,0.891910150569693,0.362990801498834,0.182750875977548,0.434467203551456,0.564977139143857,-0.0552717513642491,NA,NA,NA,NA,NA,NA,0.115529729178266,0.0978798821172985,0.0594778130953431,0.146462425894029,0.0638686998460827,0.327332253857068
1,0.5,0.2,0.5,0.4,-0.2,1.02160158627952,0.488635158733378,0.119637456513983,0.453854373049147,0.40026602634255,-0.0549211208413988,NA,NA,NA,NA,NA,NA,0.105214571353342,0.0861482113510446,0.0764511260570005,0.124259527427708,0.0623287162495315,0.269338901375823
1,0.5,0.2,0.5,0.4,-0.2,1.28175466777024,0.430530172996419,0.115936741810019,0.533039139971976,0.447705766700507,-0.43867390056469,NA,NA,NA,NA,NA,NA,0.104799819150929,0.0926299737351862,0.0700033279025969,0.128141177566266,0.06208935117196,0.234863240026871
1,0.5,0.2,0.5,0.4,-0.2,1.06728892999911,0.517661404154578,0.265041094627453,0.342424320727836,0.470312455990571,0.165381754854916,NA,NA,NA,NA,NA,NA,0.118505098557465,0.0992276390161045,0.0769398962052529,0.140319342561164,0.0605967997175696,0.353448470453605
1,0.5,0.2,0.5,0.4,-0.2,0.933215705632177,0.443157793584725,0.251164722669073,0.607813678336172,0.48201103332346,-0.577938349666237,NA,NA,NA,NA,NA,NA,0.105528917281892,0.0929439993838687,0.0786105594715682,0.138989839731296,0.0611708744501643,0.245716690934635
1,0.5,0.2,0.5,0.4,-0.2,0.934663969223252,0.536104047661889,0.166697539978535,0.533356295855244,0.414626823247394,-0.418449060953624,NA,NA,NA,NA,NA,NA,0.101838818810551,0.100819893960361,0.0735926773776389,0.138296910412925,0.0659049554045878,0.259386397558469
1,0.5,0.2,0.5,0.4,-0.2,0.97817089038704,0.501370289379474,0.156351037279065,0.290843350559306,0.378523926464427,0.388236083811959,NA,NA,NA,NA,NA,NA,0.11769074613234,0.107739250592708,0.0709758644104572,0.105588932336595,0.0570579961100262,0.289860205747439
1,0.5,0.2,0.5,0.4,-0.2,0.918034861334475,0.566199159282305,0.0125500701228665,0.309200743841788,0.410977695949186,0.782634041095213,NA,NA,NA,NA,NA,NA,0.10962914809187,0.0951072101266444,0.0656715586897763,0.119995131753664,0.0601635326497945,0.468232528825516
1,0.5,0.2,0.5,0.4,-0.2,1.07017765739524,0.432231446497204,0.174053874782241,0.446696540774032,0.502597036921225,-0.217469310025287,NA,NA,NA,NA,NA,NA,0.115334048053112,0.0955661556175074,0.0885873927984698,0.144495709106947,0.0680269302720692,0.289872668302283
1,0.5,0.2,0.5,0.4,-0.2,1.00507983054126,0.48076756065257,0.0921839177486857,0.693221267259366,0.461193652898262,-0.303165103703033,NA,NA,NA,NA,NA,NA,0.0874710152570633,0.0764160888919612,0.0631754867834546,0.119421684018326,0.0660490322252131,0.227572779059441
1,0.5,0.2,0.5,0.4,-0.2,1.06041153919556,0.406643536258349,0.217332907142443,0.316332646117718,0.483758255413395,0.116662928240582,NA,NA,NA,NA,NA,NA,0.121868857717302,0.0981702946260204,0.0630451284804456,0.115509400255105,0.059861627067014,0.267763071549959
1,0.5,0.2,0.5,0.4,-0.2,1.03806525801394,0.471805655268338,0.263555197222937,0.553843337082226,0.409441707214371,-0.241758808462164,NA,NA,NA,NA,NA,NA,0.100272341365203,0.0880164819959735,0.0752502397948693,0.12568772046048,0.0721754186564376,0.248327204739752
1,0.5,0.2,0.5,0.4,-0.2,1.13109335325357,0.415186514112027,0.148360054335575,0.408331294893828,0.480245222648571,-0.108301823064089,NA,NA,NA,NA,NA,NA,0.113879551779427,0.0998581837396996,0.0791313973277144,0.13899728008983,0.0633351408538273,0.301026504283679
1,0.5,0.2,0.5,0.4,-0.2,1.24039576786763,0.349395100219366,0.117965791881494,0.32505695912643,0.321973982991163,-0.0866296798087012,NA,NA,NA,NA,NA,NA,0.117537908546773,0.110401679433255,0.092141832010374,0.136467711044533,0.0642291244808363,0.303419471564006
1,0.5,0.2,0.5,0.4,-0.2,0.938411921536587,0.482463118285608,0.336632312714885,0.544381951623932,0.483004721265747,-0.244967195775542,NA,NA,NA,NA,NA,NA,0.104206744674694,0.0925786714580248,0.0748996788238815,0.144004118851319,0.0684072374726017,0.292661730251644
1,0.5,0.2,0.5,0.4,-0.2,1.15649540648809,0.391707442643874,0.1548566135456,0.562369296540695,0.444617043240168,-0.228963701966255,NA,NA,NA,NA,NA,NA,0.102334707102241,0.0925807510929847,0.0686024667693191,0.124343091340002,0.0672116684113552,0.244668498494543
1,0.5,0.2,0.5,0.4,-0.2,0.907986958521993,0.576894415145893,-0.00437101385484886,0.728770646786583,0.471111725367699,-0.484283729134858,NA,NA,NA,NA,NA,NA,0.0910923931855303,0.0888807619792448,0.0587943120968237,0.149723567035273,0.065486381522652,0.266133099433373
1,0.5,0.2,0.5,0.4,-0.2,1.14580147536518,0.410455666161194,0.272585394051718,0.251282198500274,0.48103644122486,0.603302180888559,NA,NA,NA,NA,NA,NA,0.122733466835601,0.0976153605051636,0.0598733812865674,0.12019316770233,0.0630333652562906,0.398758556135387
1,0.5,0.2,0.5,0.4,-0.2,0.918904514418665,0.514096400724602,0.237268784002393,0.584870048668888,0.410696177705251,-0.145872728804871,NA,NA,NA,NA,NA,NA,0.0942587495018337,0.0795168061001088,0.0626180429271981,0.124037030219553,0.0670867768580357,0.251103411790723
1,0.5,0.2,0.5,0.4,-0.2,0.872306584513312,0.538141873889772,0.274027729015788,0.497744807464921,0.449735016096086,0.0201317688745009,NA,NA,NA,NA,NA,NA,0.100305492155703,0.0864120100787123,0.0680246309888102,0.131948319417926,0.0592873847459157,0.304046098051949
1,0.5,0.2,0.5,0.4,-0.2,1.05274710840006,0.439351464461619,0.227307709148328,0.44368811183109,0.524418803892817,-0.0950276646450881,NA,NA,NA,NA,NA,NA,0.114247040094437,0.0965856437209048,0.0685869087866156,0.127103347371965,0.0657035864809514,0.268613951438903
1,0.5,0.2,0.5,0.4,-0.2,0.808994120765491,0.683052854764792,0.140382320335249,0.47441588442823,0.343981203141141,0.0166759933391756,NA,NA,NA,NA,NA,NA,0.0993714826098467,0.0878086494555597,0.0708193451079056,0.13042713151799,0.0636358689394019,0.29979641451048
1,0.5,0.2,0.5,0.4,-0.2,0.840325567709308,0.644357220461405,0.2836489243352,0.698997705692906,0.464986501077917,-0.393588944715285,NA,NA,NA,NA,NA,NA,0.0928251706149815,0.0794634574304977,0.056751854065354,0.149315059525095,0.0684498113528457,0.274709948453778
1,0.5,0.2,0.5,0.4,-0.2,1.25708952752496,0.378112723004664,0.321607309061864,0.597556093089284,0.392103557250508,-0.440911804994321,NA,NA,NA,NA,NA,NA,0.101396765896636,0.0898789623954143,0.0820267834042602,0.177238185327995,0.0646219566224154,0.323703154121409
1,0.5,0.2,0.5,0.4,-0.2,0.924078070019313,0.511707817207562,0.241586346550019,0.586582125975436,0.323143913682124,-0.330927420877596,NA,NA,NA,NA,NA,NA,0.0949966910276853,0.0898644624897986,0.0697042735810212,0.137822406257417,0.0633327069413517,0.264942189856429
1,0.5,0.2,0.5,0.4,-0.2,0.981602759784279,0.45196606875656,0.179681653127066,0.414893688963654,0.470199141882295,0.0598948026465008,NA,NA,NA,NA,NA,NA,0.11668033745908,0.114464700772721,0.0687312535805933,0.12358493650924,0.0739839186242326,0.287654327913061
1,0.5,0.2,0.5,0.4,-0.2,1.138586975606,0.397501314815424,0.137406942752833,0.309162977417719,0.513431160963282,0.0707020431802181,NA,NA,NA,NA,NA,NA,0.130325127108398,0.109668434652376,0.0653096605363375,0.14503359057334,0.0613218980618491,0.347389612941692
1,0.5,0.2,0.5,0.4,-0.2,1.12989967984656,0.50103415799608,0.215408161790978,0.489987612767649,0.400113354246966,-0.228583452704954,NA,NA,NA,NA,NA,NA,0.106538494955466,0.0922323545222284,0.0686198346672166,0.15537986311767,0.0651388185916152,0.314205796059532
1,0.5,0.2,0.5,0.4,-0.2,1.08225416133913,0.577601999987057,0.230080928273888,0.311893739939112,0.370377217196916,0.0118059346414369,NA,NA,NA,NA,NA,NA,0.120591246681154,0.108530692328688,0.0888889812431356,0.139936417767348,0.0643688809791955,0.30898859806572
1,0.5,0.2,0.5,0.4,-0.2,0.980925012237605,0.491067591966582,0.168696483237538,0.448215763314466,0.427211980250861,0.0751710475482528,NA,NA,NA,NA,NA,NA,0.110975081860781,0.111777249213143,0.0665854585394699,0.130705155617919,0.0664479042930302,0.304732895882957
1,0.5,0.2,0.5,0.4,-0.2,0.981199215031707,0.444789330446817,0.199340564474565,0.588871574313001,0.459181129064019,-0.175565286492137,NA,NA,NA,NA,NA,NA,0.0996349112914838,0.0900889383289973,0.0654980065864231,0.151236448683873,0.0624991968634471,0.317704635003852
1,0.5,0.2,0.5,0.4,-0.2,0.834557894965188,0.491044026198453,0.194938935054858,0.630230895784273,0.355142752064214,-0.153208781498698,NA,NA,NA,NA,NA,NA,0.0868994745126465,0.0814477305758483,0.0664572303969806,0.151270182750413,0.0604026455536677,0.329920065700689
1,0.5,0.2,0.5,0.4,-0.2,1.12260053107425,0.308842824044524,0.300523898575224,0.775719192464261,0.517377935700915,-0.76473727058759,NA,NA,NA,NA,NA,NA,0.102553694608698,0.0909182561861924,0.0655588416114233,0.201769738845616,0.0691958379988585,0.329656623892676
1,0.5,0.2,0.5,0.4,-0.2,0.871121344343026,0.522011318313899,0.173648987318066,0.629207459484731,0.356248530094883,-0.418206459177224,NA,NA,NA,NA,NA,NA,0.0922443413114308,0.0799950840303542,0.0746194647287502,0.136028417416291,0.0614818956385536,0.25342904189168
1,0.5,0.2,0.5,0.4,-0.2,1.03320044911628,0.592606817567842,0.355221396962537,0.42526920060619,0.188477077666917,0.0989521747705886,NA,NA,NA,NA,NA,NA,0.0984399375481849,0.0873055439932016,0.0809748540335345,0.120083897444216,0.0608646174306013,0.289364183251097
1,0.5,0.2,0.5,0.4,-0.2,0.916737770710924,0.491895232826372,0.285252312693453,0.45783296391419,0.486282871240634,-0.108747971249201,NA,NA,NA,NA,NA,NA,0.108714272355145,0.0940942523883682,0.0691288173176282,0.142388600032578,0.0645474717921458,0.306909998275268
1,0.5,0.2,0.5,0.4,-0.2,1.03864767504866,0.513369180496506,0.359803280499301,0.52397997988344,0.294435543603973,-0.133994546057448,NA,NA,NA,NA,NA,NA,0.0974915253269194,0.100119181990973,0.0758289930401458,0.125551768123369,0.0658778102265823,0.256910720192114
1,0.5,0.2,0.5,0.4,-0.2,0.890123058491465,0.544645639972518,0.149067452083325,0.479219762708627,0.27384504999926,-0.202858796891283,NA,NA,NA,NA,NA,NA,0.0998640730978403,0.0906726635393808,0.0768444359416979,0.116681331769388,0.0612654037505196,0.233446716829185
1,0.5,0.2,0.5,0.4,-0.2,1.12786057370064,0.440993974183726,0.21979387296176,0.445549678464287,0.402807118048091,-0.036440449192163,NA,NA,NA,NA,NA,NA,0.108705008342136,0.091854162519353,0.0759007493668885,0.139812632395621,0.0673043812329221,0.310007197883106
1,0.5,0.2,0.5,0.4,-0.2,0.979233535811793,0.487991235286772,0.14884692329259,0.541044285912675,0.353012343550808,-0.275838272746767,NA,NA,NA,NA,NA,NA,0.0993079997967683,0.0942512839124072,0.0744404861531702,0.115953610390952,0.0638828979604583,0.230255461010991
1,0.5,0.2,0.5,0.4,-0.2,0.950018615522099,0.490739202362342,0.0530876175059257,0.535634683577923,0.502270723542553,-0.183093506945718,NA,NA,NA,NA,NA,NA,0.104136003713544,0.0911598954945334,0.0701173721458098,0.131382670880799,0.0606500643643121,0.275479423477771
1,0.5,0.2,0.5,0.4,-0.2,0.999219079856737,0.497171964928154,0.184514986435056,0.376993303904971,0.41808238491765,0.239346417960975,NA,NA,NA,NA,NA,NA,0.110293583077235,0.0962106619611697,0.0758162647945772,0.117993766887793,0.0631394158972416,0.29509592444698
1,0.5,0.2,0.5,0.4,-0.2,0.934857448631778,0.53863392196367,0.225957799440759,0.624516900362945,0.457039982169682,-0.1818265803841,NA,NA,NA,NA,NA,NA,0.0929609968306369,0.0737922186607078,0.0582273065158055,0.12604981605272,0.0642133603773922,0.259353799753019
1,0.5,0.2,0.5,0.4,-0.2,1.02969742037116,0.415265356047569,0.192117581864602,0.541079892451983,0.412718298526954,-0.391722242157878,NA,NA,NA,NA,NA,NA,0.104402104282815,0.101444493167163,0.0784695422263775,0.142515700473256,0.064987237136054,0.262567922183164
1,0.5,0.2,0.5,0.4,-0.2,1.05033093075653,0.569202419438031,0.0398779046693881,0.234021815869902,0.351462324404387,0.449943309267047,NA,NA,NA,NA,NA,NA,0.120883937353684,0.108946444056198,0.0810585369723715,0.136204162353065,0.0625862474822798,0.425334472503102
1,0.5,0.2,0.5,0.4,-0.2,0.862663255592435,0.578391339636548,0.231167422108195,0.701230925230542,0.353934502287324,-0.681518769987891,NA,NA,NA,NA,NA,NA,0.0959098324504888,0.0889674999621028,0.074128899526384,0.165741495153058,0.0687133102714235,0.275194314337244
1,0.5,0.2,0.5,0.4,-0.2,0.989882080919717,0.569046506472555,0.234851369605172,0.592683675329355,0.35621372307876,-0.441932135717351,NA,NA,NA,NA,NA,NA,0.0968893144049196,0.0893368495973724,0.0761902353848225,0.148351412172739,0.0636344942140152,0.267527962660273
1,0.5,0.2,0.5,0.4,-0.2,0.766483785886004,0.540077662097853,0.134247695579339,0.599513114149958,0.358309538276315,-0.284198106667533,NA,NA,NA,NA,NA,NA,0.0922398573078864,0.0915265000012419,0.0726790658205969,0.137099066485866,0.0660299837062867,0.272470705896903
1,0.5,0.2,0.5,0.4,-0.2,0.933283048128608,0.549047843746123,0.254284128674147,0.327144683976681,0.370207942439658,0.147537939243278,NA,NA,NA,NA,NA,NA,0.113993492477335,0.108867185682468,0.0795321868233305,0.126999680252843,0.0617342717311359,0.322414217515874
1,0.5,0.2,0.5,0.4,-0.2,1.02429019276549,0.481343361195469,0.225827962729999,0.343432738251834,0.332936666758879,0.353920307890227,NA,NA,NA,NA,NA,NA,0.107740797520758,0.103563174166848,0.0715721432433895,0.113314373778228,0.0628115965852105,0.325966352311332
1,0.5,0.2,0.5,0.4,-0.2,1.17896745478313,0.443200685875633,0.10412039365441,0.337116686528068,0.33672542872384,0.350228195235009,NA,NA,NA,NA,NA,NA,0.109765195560924,0.0943138426611097,0.0777577500964116,0.111605423042392,0.062032478826016,0.304537092883485
1,0.5,0.2,0.5,0.4,-0.2,0.937136366391778,0.54389604992243,0.0874459291278372,0.43041906021345,0.328308791000555,-0.267807944952481,NA,NA,NA,NA,NA,NA,0.109215227787533,0.10876431879544,0.0871362045047962,0.131888042084515,0.064870166506978,0.261133559382532
1,0.5,0.2,0.5,0.4,-0.2,0.979831002880615,0.566653955464217,0.179489861191428,0.410457105278692,0.468866065030077,-0.0438200680015023,NA,NA,NA,NA,NA,NA,0.113637299927799,0.100824583224705,0.0771990260635754,0.137511513811233,0.0578717463183692,0.30687440474903
1,0.5,0.2,0.5,0.4,-0.2,0.843652626573705,0.59978796108196,0.312887869955584,0.536286797490754,0.430590696664237,-0.0783483256007181,NA,NA,NA,NA,NA,NA,0.0994080336066314,0.0933931766253658,0.076090609050137,0.145197656913504,0.0636038375045513,0.321056910408068
1,0.5,0.2,0.5,0.4,-0.2,0.947302451226995,0.576464595459762,0.190218136609651,0.617348751994053,0.487309734565656,-0.28149222795982,NA,NA,NA,NA,NA,NA,0.0974792317865692,0.0944504675726081,0.0618151553152572,0.131784424280918,0.0635819752468016,0.261622631903142
1,0.5,0.2,0.5,0.4,-0.2,1.21105388116529,0.282529000445183,0.154979951773651,0.302031006897399,0.476388733066069,0.0687946871650494,NA,NA,NA,NA,NA,NA,0.122086074189517,0.0998875172384851,0.0735034636724309,0.1214906746794,0.0617753571108306,0.289692217503236
1,0.5,0.2,0.5,0.4,-0.2,0.982285725350476,0.488673773395487,0.186963657206434,0.546568223084791,0.478828322460273,-0.298564105342188,NA,NA,NA,NA,NA,NA,0.103333297201758,0.08622676332895,0.074432466642507,0.158718620879351,0.0624675522054217,0.312128133595183
1,0.5,0.2,0.5,0.4,-0.2,0.85299007856135,0.613079237172701,0.245808655734383,0.734619477666097,0.512507910649121,-0.495506886072842,NA,NA,NA,NA,NA,NA,0.0905779247604628,0.0815014734599242,0.0545311328871405,0.13553829302953,0.0628447569786067,0.237100276387315
1,0.5,0.2,0.5,0.4,-0.2,1.14688652532569,0.372458553271287,0.237867064132155,0.216612417173956,0.389685683228102,0.251325656114167,NA,NA,NA,NA,NA,NA,0.130346718500758,0.115478748331195,0.0806759315720851,0.122871895062345,0.0613408167090597,0.313532529734986
1,0.5,0.2,0.5,0.4,-0.2,1.12550401925806,0.409653362814731,0.129740557281763,0.449552678296745,0.466757476274041,0.0266230778180108,NA,NA,NA,NA,NA,NA,0.107590748854942,0.0997760405097578,0.0722047614013883,0.134201885803665,0.059924049239111,0.310480719826023
1,0.5,0.2,0.5,0.4,-0.2,0.844557032591871,0.576711196285708,0.371879233229785,0.570913919196735,0.367817630771055,-0.234666819219724,NA,NA,NA,NA,NA,NA,0.0946833417365081,0.0811096716659089,0.0682025271978038,0.151459916733138,0.0650836321740439,0.31720554419221
1,0.5,0.2,0.5,0.4,-0.2,1.08842218141384,0.346611544001241,0.0317819033173019,0.364614136622877,0.427222431607317,-0.0800944092809502,NA,NA,NA,NA,NA,NA,0.124541668114964,0.123860625961355,0.0763649724601924,0.119249036360126,0.0684528239845309,0.251515807490656
1,0.5,0.2,0.5,0.4,-0.2,0.930723792059131,0.506211772726095,0.258292592208915,0.662145622556229,0.392660517839516,-0.372415343136392,NA,NA,NA,NA,NA,NA,0.0925336897431304,0.078295787938615,0.0711093413744134,0.145050438305139,0.0649799646734937,0.276068769112532
1,0.5,0.2,0.5,0.4,-0.2,0.790991672220417,0.641308395610601,0.221748578054369,0.525213091155784,0.435709348201021,-0.143619650376092,NA,NA,NA,NA,NA,NA,0.0984445676320244,0.0858515502035518,0.0659121147816612,0.132782605229575,0.0599372080355569,0.286427257727143
1,0.5,0.2,0.5,0.4,-0.2,0.88950088385223,0.511948834828554,0.232736832133847,0.724696783234922,0.264063081562013,-0.595606312280821,NA,NA,NA,NA,NA,NA,0.0854007925063453,0.0850744378465063,0.0739149333382361,0.168476677538086,0.0645126859477646,0.290658458095906
1,0.5,0.2,0.5,0.4,-0.2,1.09446451218015,0.459045302058469,0.254749114363711,0.524359114310548,0.392215524537883,-0.481517277145701,NA,NA,NA,NA,NA,NA,0.108722476657653,0.102747376064174,0.0735082959637851,0.143695264228612,0.0668470769896817,0.25155452311511
1,0.5,0.2,0.5,0.4,-0.2,1.0598172906813,0.384380626188131,0.136734543178149,0.366158453384344,0.442508440347174,0.0557132686729252,NA,NA,NA,NA,NA,NA,0.117874336772766,0.108152257814858,0.0744272961071648,0.127028933806569,0.064267910668516,0.290174270922775
1,0.5,0.2,0.5,0.4,-0.2,1.06136508901104,0.524519369835831,0.102155669100018,0.699194638242192,0.41630311550727,-0.604106490393804,NA,NA,NA,NA,NA,NA,0.0955438018304037,0.0848341732212075,0.0691843126843738,0.154651246463191,0.0686675345722509,0.261866308799563
1,0.5,0.2,0.5,0.4,-0.2,1.01121281508319,0.621710373913106,0.253134490039256,0.451224556749343,0.261879480210501,-0.0237537021511561,NA,NA,NA,NA,NA,NA,0.101574697276159,0.0943386704079263,0.0775279478821687,0.125920860490924,0.0662351822140616,0.271214012864157
1,0.5,0.2,0.5,0.4,-0.2,0.917228380423888,0.422362732583141,0.226913140536798,0.54248678808551,0.417404232799977,-0.278368126921822,NA,NA,NA,NA,NA,NA,0.0997950473781374,0.0907478073195433,0.0708852827561161,0.149494624740193,0.0610047283087196,0.298304565867144
1,0.5,0.2,0.5,0.4,-0.2,0.90307158389322,0.625518714791518,0.289315257964833,0.644822918185948,0.405244076969419,-0.470628704851857,NA,NA,NA,NA,NA,NA,0.0956851879175128,0.0840519481864432,0.0724439014557134,0.143128709140049,0.0655989273558171,0.25890968897843
1,0.5,0.2,0.5,0.4,-0.2,0.886984127327168,0.414604866803857,0.234330307508806,0.687520809393734,0.407440802798835,-0.521676875158466,NA,NA,NA,NA,NA,NA,0.0911904974159069,0.0842006489914155,0.0682670994612176,0.134233271547644,0.0636082425261628,0.240527340847585
1,0.5,0.2,0.5,0.4,-0.2,0.988926819265208,0.42262287778701,0.233537183858596,0.654171221465426,0.453681324689611,-0.320661100654374,NA,NA,NA,NA,NA,NA,0.0948788065524754,0.0845378412760935,0.0636460022896766,0.131967650209039,0.0648950310178778,0.253381084917788
1,0.5,0.2,0.5,0.4,-0.2,0.861910846242173,0.617479316475539,0.215468881764643,0.658671643295346,0.348814155406115,-0.432679301748602,NA,NA,NA,NA,NA,NA,0.0888231541460177,0.0757313764131219,0.074136269659767,0.129782144895644,0.0630117230914878,0.241381073190373
1,0.5,0.2,0.5,0.4,-0.2,0.875750147247528,0.626254015121303,0.0626370494235494,0.449214410802645,0.287242069450075,-0.0756803473150114,NA,NA,NA,NA,NA,NA,0.10198397699185,0.100021944735757,0.0767673317586855,0.129082484750974,0.0693142479881676,0.273413434789412
1,0.5,0.2,0.5,0.4,-0.2,0.902316225270467,0.561770273999232,0.24659468668148,0.699147588313312,0.336482360098098,-0.555405559216304,NA,NA,NA,NA,NA,NA,0.0893149272062289,0.0830543098908496,0.0760339497028157,0.143647360192149,0.066437644784399,0.251453124331114
1,0.5,0.2,0.5,0.4,-0.2,1.03549526373944,0.399605558416291,0.170008987528423,0.383475224537833,0.44854260908494,-0.0769875196914469,NA,NA,NA,NA,NA,NA,0.117205968620639,0.0951138443623058,0.0691709185091654,0.129403830496057,0.0642373748899545,0.27487127869896
1,0.5,0.2,0.5,0.4,-0.2,0.873461469047004,0.546342406146078,0.218288339241662,0.362097771565983,0.402331387687047,0.240960619835499,NA,NA,NA,NA,NA,NA,0.112955314167219,0.103488267129454,0.0683207115111806,0.125486391934897,0.0620005391351886,0.325457989000041
1,0.5,0.2,0.5,0.4,-0.2,0.876287380237079,0.534600023117523,0.178889871536501,0.399198865179375,0.38056276733168,0.0443769804210962,NA,NA,NA,NA,NA,NA,0.107498500923504,0.100833947894598,0.0713619718942025,0.126642761463634,0.0608742074387389,0.302052971850218
1,0.5,0.2,0.5,0.4,-0.2,0.966183566679327,0.628116393526025,0.126844405332086,0.39831758708102,0.446165674428546,0.403275887095284,NA,NA,NA,NA,NA,NA,0.1058211459116,0.0887757319121124,0.0617611768103233,0.124497498767394,0.0615175069422711,0.362102991211915
1,0.5,0.2,0.5,0.4,-0.2,0.974079464099789,0.683668332622118,0.161024441850932,0.528352517567791,0.332604907155012,-0.0944152228167531,NA,NA,NA,NA,NA,NA,0.0973891859201732,0.103654930603351,0.0668392785075241,0.119496279490673,0.0724593530537066,0.254065894372286
1,0.5,0.2,0.5,0.4,-0.2,0.958388058701957,0.523376902395865,0.227081527796728,0.646137238311745,0.352133291600128,-0.107334646698336,NA,NA,NA,NA,NA,NA,0.0839102289235999,0.0727887474203972,0.0621445689366313,0.128316433596564,0.0630871119221087,0.277009767499479
1,0.5,0.2,0.5,0.4,-0.2,0.875768331714807,0.531695091965607,0.305353165719833,0.416043189725571,0.419252719668884,0.157406194490184,NA,NA,NA,NA,NA,NA,0.105887746770195,0.101059593084155,0.0659488167606451,0.12217369741449,0.0646722364636169,0.31821638176167
1,0.5,0.2,0.5,0.4,-0.2,0.856606251351638,0.544998261344433,0.315392774774338,0.386848915449137,0.403222108717643,0.420743847151065,NA,NA,NA,NA,NA,NA,0.105249552904739,0.0902722225691546,0.0719902774306364,0.131588113469014,0.0599513630822401,0.40112166451465
1,0.5,0.2,0.5,0.4,-0.2,0.925131909710517,0.390213046453839,0.0432971908573462,0.58185731472759,0.439443780093846,-0.356277101149547,NA,NA,NA,NA,NA,NA,0.0984380741860189,0.0803204497271307,0.0688092566901933,0.153427791340498,0.0638655030219905,0.303562477461312
1,0.5,0.2,0.5,0.4,-0.2,0.763330443358595,0.770111955927651,0.0853848749197509,0.604503936749616,0.424484696298849,-0.155420170955852,NA,NA,NA,NA,NA,NA,0.0913037652200642,0.0800414886587269,0.060852604174391,0.136810150396119,0.061787635899659,0.291963454432045
1,0.5,0.2,0.5,0.4,-0.2,1.14895347452572,0.382393574550368,0.31548507537621,0.356794921177109,0.34050613218275,-0.108816800086478,NA,NA,NA,NA,NA,NA,0.115835042887777,0.102834243441592,0.08925169586074,0.132391565920098,0.0635869943300018,0.28021353459109
1,0.5,0.2,0.5,0.4,-0.2,0.782406965367309,0.762603013828838,0.201751071252416,0.411303734225403,0.322453358003584,0.138680080032898,NA,NA,NA,NA,NA,NA,0.102550238181753,0.0988121885490559,0.0745419330182183,0.136826257819838,0.0630061933273992,0.353505303450521
1,0.5,0.2,0.5,0.4,-0.2,0.892452916868693,0.497399315951299,0.185673186528467,0.54396291667267,0.394190052352729,-0.23235612059374,NA,NA,NA,NA,NA,NA,0.0991638708967916,0.0868748906297228,0.0652734201087992,0.137674129022322,0.0664970841089555,0.271721345716252
1,0.5,0.2,0.5,0.4,-0.2,1.05579953296218,0.479693389069665,0.229291692583134,0.514129599621754,0.330946180449253,-0.13653071112454,NA,NA,NA,NA,NA,NA,0.0997114267344866,0.0952720792339905,0.0674339927729877,0.141792564512837,0.063312430822945,0.304585097677094
1,0.5,0.2,0.5,0.4,-0.2,0.974258514470953,0.426260319448361,0.0887661118195947,0.61588430337472,0.543290855523579,-0.345563642435183,NA,NA,NA,NA,NA,NA,0.1010408065259,0.0915269275663044,0.0656984724851046,0.128213955847444,0.0645252907376973,0.238732954969517
1,0.5,0.2,0.5,0.4,-0.2,1.01208123384222,0.653902554178538,0.144359728520186,0.35356715857756,0.388044919597789,0.0490991913256747,NA,NA,NA,NA,NA,NA,0.114525390776105,0.102189231163815,0.0723660923072728,0.13577372193768,0.0646365279245799,0.316268511215599
1,0.5,0.2,0.5,0.4,-0.2,0.786960724205436,0.642603486407296,0.330300956497859,0.254943367954179,0.373881990597753,0.706770969879184,NA,NA,NA,NA,NA,NA,0.115529618146896,0.105867459504494,0.0700069599781636,0.115985555413411,0.0549384848587555,0.427284157735976
1,0.5,0.2,0.5,0.4,-0.2,1.12818573452235,0.370155033004521,0.110928550220419,0.354523231049392,0.365334649892273,-0.012737822050857,NA,NA,NA,NA,NA,NA,0.118977140222296,0.103655929342114,0.0767244718881026,0.125078192132878,0.0653844280860034,0.264327843528164
1,0.5,0.2,0.5,0.4,-0.2,0.944823126423172,0.532975049334724,0.16576742340447,0.701515700060356,0.492874534106268,-0.632636478151224,NA,NA,NA,NA,NA,NA,0.0976038066307772,0.0894050877181794,0.0653082370266165,0.172484861879681,0.0671442891320495,0.295407508590255
1,0.5,0.2,0.5,0.4,-0.2,1.25633415050744,0.342391196806351,0.254650263142663,0.408084909538138,0.434852155787826,-0.189944686395442,NA,NA,NA,NA,NA,NA,0.115310515261209,0.101767999763905,0.0765372891154618,0.134284656017207,0.0639627922335202,0.284638684704098
1,0.5,0.2,0.5,0.4,-0.2,1.05017517007432,0.523181231352887,0.329929768220109,0.714453696738213,0.368422327065209,-0.736802269308551,NA,NA,NA,NA,NA,NA,0.0959463175737603,0.0895908716367599,0.0845867893474258,0.264538976015852,0.0653649493491157,0.437379816240387
1,0.5,0.2,0.5,0.4,-0.2,0.962615571903266,0.484121380936319,0.185458873051081,0.610567462735648,0.372264342766226,-0.376912405689658,NA,NA,NA,NA,NA,NA,0.0929462554321959,0.0855857468846704,0.0684547438272527,0.133082593618537,0.0635697422142295,0.248570901014623
1,0.5,0.2,0.5,0.4,-0.2,1.06035206856755,0.383292873817579,0.191488224161305,0.322972542884649,0.525127196450257,0.384417124398388,NA,NA,NA,NA,NA,NA,0.119676769004249,0.0953282315916933,0.0608564297075326,0.139307100418519,0.0574075756384514,0.409323204056507
1,0.5,0.2,0.5,0.4,-0.2,1.09605179757689,0.302392900654326,0.0723846788850872,0.463913113332316,0.302416304476112,-0.224312913965725,NA,NA,NA,NA,NA,NA,0.107917549683563,0.103486369794211,0.082583706328176,0.136381113453447,0.0691030261580116,0.267078601959857
1,0.5,0.2,0.5,0.4,-0.2,0.989886831364018,0.457248426021551,0.0513734887337529,0.635558557064199,0.375115703575694,-0.468509371672927,NA,NA,NA,NA,NA,NA,0.0980380105841219,0.0910547914119204,0.0753721595904972,0.133540885951338,0.0664779923318221,0.234813312681678
1,0.5,0.2,0.5,0.4,-0.2,0.871190939002121,0.607161827199384,0.164076495233126,0.930384417806988,0.349393251935152,-0.854708041391016,NA,NA,NA,NA,NA,NA,0.0771342304688638,0.0689350487735629,0.0701126170490833,0.182033943654333,0.0617410627627441,0.291323587362031
1,0.5,0.2,0.5,0.4,-0.2,1.0212426793836,0.382271878423623,0.357786601613568,0.510079241203996,0.387563234356831,-0.220349393749887,NA,NA,NA,NA,NA,NA,0.104532811499552,0.0886694071783887,0.0715389734802235,0.145289962353397,0.0640626718798876,0.297384646964974
1,0.5,0.2,0.5,0.4,-0.2,0.93005227160479,0.511617112104595,0.206834649438061,0.68457034874321,0.370742375542204,-0.551042153694599,NA,NA,NA,NA,NA,NA,0.0897768499334569,0.0824863020637938,0.0673638673406539,0.133660986288537,0.0622114104061075,0.229944958769721
1,0.5,0.2,0.5,0.4,-0.2,0.79806993958299,0.549128371109384,0.13565076030502,0.297839683458719,0.399179565622652,0.324055543034841,NA,NA,NA,NA,NA,NA,0.122227553600057,0.111587238048181,0.0697341363882179,0.119038377958725,0.0602818160291311,0.308650129124848
1,0.5,0.2,0.5,0.4,-0.2,0.908314951904272,0.565116022726083,0.16133381564101,0.414292521330752,0.389664014823394,0.142318703161846,NA,NA,NA,NA,NA,NA,0.104778202903479,0.0921189919879952,0.0684651338418688,0.121959632783064,0.0605931628571879,0.301658887409007
1,0.5,0.2,0.5,0.4,-0.2,0.909553610102108,0.572464357270231,0.134341307449875,0.630247469070527,0.412663522583558,-0.437814916990083,NA,NA,NA,NA,NA,NA,0.0982269768366822,0.0941285207493352,0.0733994211619544,0.156624770392631,0.0667756745378299,0.290100117916559
1,0.5,0.2,0.5,0.4,-0.2,1.06654282161678,0.542962728937817,0.206682767030739,0.453679762387872,0.343321679914872,-0.142325657202362,NA,NA,NA,NA,NA,NA,0.10576399006368,0.099840171378809,0.0770003202786361,0.127159339324018,0.0636944312265552,0.269188022113502
1,0.5,0.2,0.5,0.4,-0.2,0.81204408694438,0.525582426802817,0.18347339595116,0.618116881903205,0.601746229363999,-0.143481024007913,NA,NA,NA,NA,NA,NA,0.0983933355290171,0.0789765851021881,0.0548717702270399,0.124628236308433,0.062490068060233,0.263482827180024
1,0.5,0.2,0.5,0.4,-0.2,1.2293476958444,0.361760240749737,0.239915683039196,0.257528863753453,0.45370714806228,0.174660884223621,NA,NA,NA,NA,NA,NA,0.130894725172041,0.113296936103438,0.079425223437539,0.1159772138064,0.0629065258708497,0.282969240031141
1,0.5,0.2,0.5,0.4,-0.2,0.947016276409055,0.548344616439514,0.194288028888435,0.690031433860134,0.317387626175655,-0.491701235499927,NA,NA,NA,NA,NA,NA,0.0871697166879192,0.0833162663002259,0.0662817964020715,0.139328146358136,0.06536302351081,0.25225169878373
1,0.5,0.2,0.5,0.4,-0.2,1.03323063013001,0.676800852732139,0.208720389673024,0.298128182132001,0.309283418554143,0.268670866842941,NA,NA,NA,NA,NA,NA,0.11413620940879,0.109175019593218,0.0877713659321675,0.144771109655723,0.0636132844199798,0.403295842200057
1,0.5,0.2,0.5,0.4,-0.2,1.07535954049835,0.542035070379841,0.214788154475018,0.395846992641926,0.384013827158183,-0.263337981708331,NA,NA,NA,NA,NA,NA,0.118211832438562,0.10422801154802,0.0863580534483841,0.147455365319937,0.0703384345280959,0.288122791625438
1,0.5,0.2,0.5,0.4,-0.2,0.956399339193182,0.473318889619444,0.177780736258452,0.539043282197263,0.438584461581059,-0.502660842161226,NA,NA,NA,NA,NA,NA,0.10564840379785,0.0978158248999229,0.0710920108798054,0.129002715148566,0.0643008287232877,0.229936722171038
1,0.5,0.2,0.5,0.4,-0.2,0.917692197994693,0.567803147556802,0.215587092451582,0.484417935004381,0.366673678280447,0.192311264951741,NA,NA,NA,NA,NA,NA,0.0962240897913048,0.0864533911352698,0.0643844629893575,0.119131795419509,0.0601577714517412,0.305254827172438
1,0.5,0.2,0.5,0.4,-0.2,0.873652079169455,0.578679696625735,0.209679856678485,0.43170260460643,0.355505202302717,-0.00393191200964409,NA,NA,NA,NA,NA,NA,0.103096251917486,0.093295967302543,0.0744514183560983,0.135301689242684,0.0636393007429824,0.315290227488571
1,0.5,0.2,0.5,0.4,-0.2,0.952285596987867,0.66474092349403,0.250971757295197,0.530567151571224,0.343688558065413,-0.353704512741473,NA,NA,NA,NA,NA,NA,0.10224501298701,0.0947897486285039,0.07851291333321,0.12568904098455,0.0664133725235308,0.231327741005322
1,0.5,0.2,0.5,0.4,-0.2,0.989266465563685,0.511829164538006,0.243080718851612,0.509370156561214,0.476212505341056,-0.22197058432485,NA,NA,NA,NA,NA,NA,0.108264611753177,0.0939764895119066,0.0731211751535653,0.12932078480253,0.0667950202507353,0.254934454589951
1,0.5,0.2,0.5,0.4,-0.2,1.09041964272004,0.416540981580424,0.171999626831739,0.348664981181555,0.46752382583429,0.104353593464849,NA,NA,NA,NA,NA,NA,0.117337375298729,0.0985252359908319,0.0723171840378787,0.144719740655401,0.0606117139536275,0.360514783240713
1,0.5,0.2,0.5,0.4,-0.2,0.869430693611245,0.545970633520895,0.155912296713115,0.543560872686757,0.437452286396913,-0.0851463189275147,NA,NA,NA,NA,NA,NA,0.0983207047769848,0.0867073008570415,0.0661088679264051,0.147196826695616,0.0619614522142148,0.328545864706575
1,0.5,0.2,0.5,0.4,-0.2,1.02581331717673,0.430475763662408,0.335923415357774,0.621354480517913,0.292879119717593,-0.387179673154304,NA,NA,NA,NA,NA,NA,0.0910232175127278,0.0795085114924198,0.071040526790556,0.123892375246557,0.0646864869361409,0.230505536008169
1,0.5,0.2,0.5,0.4,-0.2,1.27430814467394,0.332190697550394,0.290862027321371,0.311719829721047,0.425301804582801,0.46107888805479,NA,NA,NA,NA,NA,NA,0.116573132962728,0.101072351416259,0.0748534536946479,0.120451383020684,0.0640156815488271,0.358325028598488
1,0.5,0.2,0.5,0.4,-0.2,1.01997848973231,0.469503727650734,0.11339027347197,0.617844822375882,0.443568512629811,-0.558054663533225,NA,NA,NA,NA,NA,NA,0.104027316477719,0.101379565690631,0.0672545441398872,0.137119449023175,0.0635111453071443,0.238232544325608
1,0.5,0.2,0.5,0.4,-0.2,1.01196586694272,0.474203923295334,0.0995176138699018,0.521975439637539,0.404204784636346,-0.17277902452517,NA,NA,NA,NA,NA,NA,0.101148500846614,0.0875005946459488,0.0724716754346484,0.131791238067367,0.064160093156492,0.267889361166033
1,0.5,0.2,0.5,0.4,-0.2,0.851973056892191,0.487833853371704,0.194215791697572,0.562684772751461,0.415646373997414,-0.337064103605496,NA,NA,NA,NA,NA,NA,0.0990166332853525,0.0975133029757233,0.072262868399521,0.135079604464092,0.0623875221282945,0.260310039716439
1,0.5,0.2,0.5,0.4,-0.2,0.919173620884826,0.628489506946965,0.0697800664750555,0.431962052139562,0.321312569934738,0.167891916871913,NA,NA,NA,NA,NA,NA,0.100512878370156,0.0903302917352143,0.0746088509857372,0.115260632622559,0.0592891653558258,0.289197299353916
1,0.5,0.2,0.5,0.4,-0.2,1.11024164955222,0.476449174271141,0.338193109123798,0.490310201617318,0.410779323756748,-0.0831381853583433,NA,NA,NA,NA,NA,NA,0.104589905741101,0.0925607810829908,0.0734020289507749,0.125880950693689,0.0646300461649338,0.270271333396277
1,0.5,0.2,0.5,0.4,-0.2,0.913791449130553,0.500498976825757,0.0730570717714674,0.540621179031378,0.424238295666019,-0.162995428104295,NA,NA,NA,NA,NA,NA,0.0989470456026503,0.081702519541837,0.0713660274516238,0.129678119103053,0.0663546469059331,0.269698131872935
1,0.5,0.2,0.5,0.4,-0.2,1.09204884707272,0.440677455387393,0.13471164077657,0.497197185804982,0.402816518188101,-0.364451350083008,NA,NA,NA,NA,NA,NA,0.108506834479775,0.0908517173971217,0.0768749306224265,0.160810007563549,0.063366166355873,0.301083449547784
1,0.5,0.2,0.5,0.4,-0.2,0.908789978489412,0.577421537713103,0.375366775624486,0.427500839477945,0.451328850205838,-0.115422966837229,NA,NA,NA,NA,NA,NA,0.110330180076656,0.0936218901784507,0.0789047422152454,0.121181792139188,0.0591501974869633,0.255315557525106
1,0.5,0.2,0.5,0.4,-0.2,0.986773985266679,0.611851140363906,0.236155390855147,0.688426149837411,0.327664265790837,-0.531180773151855,NA,NA,NA,NA,NA,NA,0.0899637802239158,0.0891817776479289,0.0722441056261277,0.13319633553386,0.067880305159667,0.230604188145087
1,0.5,0.2,0.5,0.4,-0.2,0.985013539984368,0.403425986042251,0.312747033638375,0.318528250512198,0.3200747034555,0.319114525253711,NA,NA,NA,NA,NA,NA,0.111518933073648,0.102578515155776,0.0806870831281298,0.162663989794769,0.0628473857647854,0.475409494377208
1,0.5,0.2,0.5,0.4,-0.2,1.0304533824225,0.468140517756795,0.30772510899751,0.522179492489017,0.413111952327088,-0.0261681714214574,NA,NA,NA,NA,NA,NA,0.098595838600083,0.0887364555893947,0.0739205026223354,0.127233491273751,0.0686625101975643,0.293222690989264
1,0.5,0.2,0.5,0.4,-0.2,1.27537928357359,0.324224931823468,0.245649237973008,0.509434880238733,0.433416064779723,-0.312751398944471,NA,NA,NA,NA,NA,NA,0.107003498628042,0.0919150230034848,0.0689389351438106,0.141775919154652,0.0636381371206518,0.278904372926243
1,0.5,0.2,0.5,0.4,-0.2,1.30090251944646,0.224649341369059,0.0139307184152799,0.211956380565159,0.371367984936996,0.521824690357219,NA,NA,NA,NA,NA,NA,0.123957000254686,0.109715000792715,0.0807790877725334,0.136404024972908,0.0602110289361021,0.448276996906682
1,0.5,0.2,0.5,0.4,-0.2,0.940548360440633,0.554834633369064,0.182741699775338,0.608553332251427,0.416552240858962,-0.293123677556192,NA,NA,NA,NA,NA,NA,0.0922871308445137,0.076785709873714,0.0673007174107697,0.131349881285204,0.0674860420989423,0.270411552733952
1,0.5,0.2,0.5,0.4,-0.2,0.827445874009772,0.532750150689792,0.285260317474096,0.730816064953347,0.493747178174837,-0.492515335450609,NA,NA,NA,NA,NA,NA,0.089095069994774,0.0778458377287976,0.0560688497855613,0.125619923222207,0.0650836199873249,0.22869506668568
1,0.5,0.2,0.5,0.4,-0.2,1.18486730437434,0.354438602772042,0.174087351032976,0.513997525883288,0.496674220223185,-0.285053648358973,NA,NA,NA,NA,NA,NA,0.110835568420176,0.0883192123061362,0.0737931552283866,0.166782380603249,0.0647960736643064,0.319508567794878
1,0.5,0.2,0.5,0.4,-0.2,0.997710970063136,0.468629216263986,0.132716463374299,0.417112926311528,0.523957450102247,0.190738123138824,NA,NA,NA,NA,NA,NA,0.111250459137792,0.0925901399628478,0.0622247805459909,0.128519642453769,0.0627094744665437,0.331049707298505
1,0.5,0.2,0.5,0.4,-0.2,1.10634453420457,0.434383184076197,0.166557886051237,0.343248201193738,0.370270528445174,0.178111156901048,NA,NA,NA,NA,NA,NA,0.112636351561172,0.0977236362543229,0.0772419528950579,0.114568753723969,0.0608513051451654,0.281826466596151
1,0.5,0.2,0.5,0.4,-0.2,1.01213786356453,0.512667286662904,0.213101281648024,0.631219343041003,0.352711263609424,-0.372836995412355,NA,NA,NA,NA,NA,NA,0.0932038320770378,0.085384029820668,0.0681654825754151,0.136833198370813,0.0653627827142036,0.254694745321558
1,0.5,0.2,0.5,0.4,-0.2,0.961060346286628,0.740400266626463,0.130939779831098,0.550034678428709,0.302896135032717,-0.0259856605882215,NA,NA,NA,NA,NA,NA,0.091524591546101,0.0857056387688755,0.0723992736209545,0.129280732695845,0.0629182390500793,0.295931641719855
1,0.5,0.2,0.5,0.4,-0.2,0.989169031844489,0.420455735517866,0.264206289572841,0.637293610371834,0.510871747344044,-0.373273277173652,NA,NA,NA,NA,NA,NA,0.0968067037139828,0.0781624661371632,0.0679050265892173,0.127718642949908,0.066021653908825,0.234538469962838
1,0.5,0.2,0.5,0.4,-0.2,1.03557693168846,0.452014510003612,0.264036711002425,0.625170940936334,0.390221293541242,-0.317815776297644,NA,NA,NA,NA,NA,NA,0.0962235377243654,0.0959326533344997,0.0656170408182798,0.135579596469806,0.0698368673657704,0.257220696182977
1,0.5,0.2,0.5,0.4,-0.2,1.09899368814887,0.4529346836627,0.326850216414899,0.540821864026955,0.424981556194562,-0.13160190868411,NA,NA,NA,NA,NA,NA,0.0977313473380394,0.0890064203029886,0.0678258517866312,0.139347563363084,0.0607165578938097,0.293007087354136
1,0.5,0.2,0.5,0.4,-0.2,0.871652862720524,0.476153606674244,0.288715085334093,0.668574481660395,0.414419591125489,-0.335167157740464,NA,NA,NA,NA,NA,NA,0.0920497194364602,0.0893548571571338,0.061251255418225,0.141617143159081,0.0667407091238236,0.273780221402661
1,0.5,0.2,0.5,0.4,-0.2,0.858774645000177,0.525466011187985,0.239080847972343,0.755305760993747,0.402310772864751,-0.616222677166432,NA,NA,NA,NA,NA,NA,0.0880640811247176,0.0817596550973436,0.0677643524202682,0.139150985933065,0.0656704310319032,0.233502008783923
1,0.5,0.2,0.5,0.4,-0.2,0.892553345546973,0.474073185568096,0.183787325366882,0.419807658272882,0.415920563262376,0.153890897005458,NA,NA,NA,NA,NA,NA,0.109361073261174,0.109214390566663,0.0692816359117939,0.110571499209985,0.0592100330191088,0.266579663616903
1,0.5,0.2,0.5,0.4,-0.2,1.09003013123524,0.376981246274489,0.290549404318032,0.455045056184354,0.414538859448841,-0.133758724480441,NA,NA,NA,NA,NA,NA,0.111153706174093,0.0944265315096397,0.0688540930777646,0.143886994049251,0.063147939277734,0.294326020215455
1,0.5,0.2,0.5,0.4,-0.2,0.778827707838715,0.617068141856681,0.394987056688571,0.773421916785134,0.417630506826024,-0.441443220146889,NA,NA,NA,NA,NA,NA,0.0856835189127272,0.0766771991613065,0.06066861846191,0.133254657139687,0.0646820034368634,0.246029467020414
1,0.5,0.2,0.5,0.4,-0.2,0.976605240590159,0.49445443466999,0.281245094053,0.491543858872029,0.425454573393669,0.0692929929938852,NA,NA,NA,NA,NA,NA,0.102256293452046,0.0917984858667554,0.065541050630413,0.121449827493664,0.0619675625253454,0.286007968094531
1,0.5,0.2,0.5,0.4,-0.2,1.31242009373142,0.310587796279281,0.115428739680683,0.216398031646531,0.409867896690168,0.195180262967519,NA,NA,NA,NA,NA,NA,0.132502245255038,0.122752777507958,0.0841990254809968,0.122800421977059,0.0643545412675729,0.296956087570274
1,0.5,0.2,0.5,0.4,-0.2,0.848654329073367,0.499411860745306,0.286446155606685,0.778619575025152,0.447145617824426,-0.322339997520667,NA,NA,NA,NA,NA,NA,0.0814934778958627,0.0797061148054966,0.057896719761717,0.134886496450558,0.0645505712362875,0.257710845270965
1,0.5,0.2,0.5,0.4,-0.2,1.08424388618216,0.431899262514785,0.0932809947061778,0.533766261480113,0.528012754850546,-0.361545653340547,NA,NA,NA,NA,NA,NA,0.109789366561324,0.0973071837683252,0.0664341193174742,0.141855319331067,0.0644369395331135,0.273089492108492
1,0.5,0.2,0.5,0.4,-0.2,1.00258834885188,0.41992051145737,0.308343519092865,0.360906181502341,0.423638883778483,-0.00261924280239653,NA,NA,NA,NA,NA,NA,0.116480181759655,0.0983267185488161,0.0757455518825874,0.123477455323478,0.0646103503775294,0.273497544346753
1,0.5,0.2,0.5,0.4,-0.2,1.0568642389692,0.462693153447388,0.281111735779902,0.666593158203222,0.45950933389599,-0.731018268435513,NA,NA,NA,NA,NA,NA,0.104178925132221,0.0910058006627881,0.0775563586751188,0.159069773463857,0.0667921903720873,0.254837731568274
1,0.5,0.2,0.5,0.4,-0.2,0.924658758378789,0.570731381370439,0.138214845073236,0.288444937344655,0.399973860750443,0.268113020121151,NA,NA,NA,NA,NA,NA,0.11997206978731,0.110130522375215,0.0799421332018665,0.12236129376397,0.0615647972289141,0.319919594207949
1,0.5,0.2,0.5,0.4,-0.2,0.997165342704477,0.449231517502976,0.272522686370447,0.518942207616542,0.360659957118223,-0.227448716462862,NA,NA,NA,NA,NA,NA,0.102627489328807,0.0894863417014297,0.0731387280384746,0.126583627035985,0.0654958224155066,0.247637625225821
1,0.5,0.2,0.5,0.4,-0.2,0.937442548309218,0.55493758317506,0.177597222209784,0.62435296996015,0.397828901057207,-0.437782925938705,NA,NA,NA,NA,NA,NA,0.0958878370924427,0.0833796337980457,0.0727616515181995,0.132785241776602,0.0643434225399118,0.247248989481582
1,0.5,0.2,0.5,0.4,-0.2,1.00673894811302,0.555921867848188,0.13260589920166,0.359977699759831,0.348656368791686,0.0773002341739204,NA,NA,NA,NA,NA,NA,0.111612878718011,0.100296760500877,0.0742393360405108,0.126010730595312,0.063502369334874,0.298596501364531
1,0.5,0.2,0.5,0.4,-0.2,0.982660762420256,0.533768520138773,0.222129186001718,0.52673980513981,0.459844891170521,-0.315006888784709,NA,NA,NA,NA,NA,NA,0.105443733072667,0.0941296334909059,0.0660612951967842,0.134142425949621,0.0645963101147861,0.259060894369295
1,0.5,0.2,0.5,0.4,-0.2,1.05858425579239,0.377453203820113,0.20537787997263,0.662787452189735,0.507905389882474,-0.568574514177146,NA,NA,NA,NA,NA,NA,0.102513280728694,0.09852132584711,0.0690520123603756,0.139063450774399,0.066816316646543,0.241293927841739
1,0.5,0.2,0.5,0.4,-0.2,1.10243610312067,0.420764896669484,0.164644039588149,0.437534421985301,0.352531486249683,-0.241345481572479,NA,NA,NA,NA,NA,NA,0.111035137820008,0.102502340918722,0.086680189121095,0.134945786616173,0.0653909819598958,0.266327648439894
1,0.5,0.2,0.5,0.4,-0.2,1.02083095880354,0.40735008357959,0.116415806329512,0.423478307495641,0.403804940766076,-0.203950125153168,NA,NA,NA,NA,NA,NA,0.114885219463313,0.0985504772031362,0.0750313565122479,0.141525481090673,0.0651325898507752,0.279545152721795
1,0.5,0.2,0.5,0.4,-0.2,1.03417513513369,0.537698890311932,0.181894983125152,0.538233118797294,0.345887366440828,-0.235071253012267,NA,NA,NA,NA,NA,NA,0.0990875266110424,0.0898331168637198,0.0791016861840869,0.128015145805415,0.0668938650735222,0.250372554888471
1,0.5,0.2,0.5,0.4,-0.2,1.16843459512148,0.342734335295266,0.242694474876631,0.34842429152585,0.460712601004071,-0.0101926331360902,NA,NA,NA,NA,NA,NA,0.121929595384867,0.103727429190013,0.0775687460777192,0.130717087017685,0.0625188864738784,0.286805544154373
1,0.5,0.2,0.5,0.4,-0.2,0.909043525555032,0.518412902541099,0.126749021261302,0.750803671888133,0.538195011132866,-0.571831305368183,NA,NA,NA,NA,NA,NA,0.0935743867294881,0.0884274704566003,0.065609586198229,0.145137124116994,0.0628116733443662,0.245723558233512
1,0.5,0.2,0.5,0.4,-0.2,1.05577498841601,0.42964315819957,0.210532124889106,0.414352661566557,0.469788142948411,0.0651004084717443,NA,NA,NA,NA,NA,NA,0.109711421076743,0.0895305806143608,0.06381657912413,0.119059826061133,0.0599503052348397,0.270996814414683
1,0.5,0.2,0.5,0.4,-0.2,1.03714206315279,0.376429750838404,0.200535288541702,0.512282052596804,0.379883251138707,0.0563534335665397,NA,NA,NA,NA,NA,NA,0.099324137021749,0.0862801186020295,0.0584693609360771,0.150926174293085,0.063127415432509,0.349384095116219
1,0.5,0.2,0.5,0.4,-0.2,0.917190268072875,0.542056645149759,0.0320290399086499,0.610427956395924,0.374112195398224,-0.458336396364311,NA,NA,NA,NA,NA,NA,0.0970327064720991,0.0935379571101192,0.080127190775786,0.131000460338641,0.0631841943112737,0.23755400070998
1,0.5,0.2,0.5,0.4,-0.2,1.04764423248193,0.476447559772276,0.319033091490565,0.456393553191665,0.422523846307309,-0.1239458306262,NA,NA,NA,NA,NA,NA,0.106676640518737,0.0970365873575379,0.0671958499352127,0.132813997552072,0.0650245280617947,0.291480854318662
1,0.5,0.2,0.5,0.4,-0.2,0.924961152553526,0.551513771630317,0.202117510860968,0.767481051315982,0.460279893825784,-0.418723309050335,NA,NA,NA,NA,NA,NA,0.0879844936631772,0.0902294749047349,0.0582263526982643,0.122535398649137,0.0707918733543607,0.217829533757184
1,0.5,0.2,0.5,0.4,-0.2,1.04173566106918,0.467251701708345,0.0674661243940434,0.50276347019025,0.393562323900024,0.102171939460734,NA,NA,NA,NA,NA,NA,0.0992875882042703,0.0872482753915933,0.0735253470643757,0.118170766882649,0.0647195384517597,0.2903418233257
1,0.5,0.2,0.5,0.4,-0.2,0.928638700136051,0.466064934037379,0.142527364172721,0.597448909532421,0.44891722408618,-0.313006394118387,NA,NA,NA,NA,NA,NA,0.0979960140897212,0.0797853492864276,0.066202435207956,0.124506782796999,0.0683875921211437,0.246435507481312
1,0.5,0.2,0.5,0.4,-0.2,0.905081764558262,0.481935258968114,0.270265820659709,0.45910115629108,0.353455528437278,0.0305055011411063,NA,NA,NA,NA,NA,NA,0.103815610164109,0.108069344328451,0.0702947287373183,0.120399449611466,0.0636774313803569,0.275468252696684
1,0.5,0.2,0.5,0.4,-0.2,1.07491862326127,0.411097269837404,0.241879845602833,0.491667719735177,0.408100834285312,0.0361570879304992,NA,NA,NA,NA,NA,NA,0.102149746828553,0.0950545021249406,0.0666796592056774,0.130972957202348,0.0684465102936257,0.311763329057396
1,0.5,0.2,0.5,0.4,-0.2,1.07022520369584,0.448188160280871,0.15731539342913,0.655956391968866,0.443635735382741,-0.459196357341754,NA,NA,NA,NA,NA,NA,0.0967719652359291,0.0876970199058731,0.0748885638378008,0.134846602697856,0.0649958939718032,0.240639289056624
1,0.5,0.2,0.5,0.4,-0.2,0.962633563253154,0.466268444351889,0.3247325892738,0.551604779683842,0.504184044030671,-0.119127282155817,NA,NA,NA,NA,NA,NA,0.102701838039935,0.0906298154854811,0.0629137398050738,0.123340813463115,0.0632800856807348,0.26562705888331
1,0.5,0.2,0.5,0.4,-0.2,0.851336497998265,0.657048978834587,0.245838895148112,0.476581810540436,0.312162366108318,0.129569134080292,NA,NA,NA,NA,NA,NA,0.0972294604262966,0.0861906060202584,0.0691570318134832,0.113208069535661,0.0619822352596126,0.268752203476319
1,0.5,0.2,0.5,0.4,-0.2,0.93282247680972,0.537645066958732,0.242787491175945,0.617376097808754,0.325730631389976,-0.511466326589188,NA,NA,NA,NA,NA,NA,0.0956183736260554,0.092057198076325,0.075022379244372,0.137236735787054,0.0661832622984175,0.234496288867216
1,0.5,0.2,0.5,0.4,-0.2,1.27467429556618,0.308093851748039,0.143121342223998,0.472693145592365,0.468666190174304,-0.244623349695965,NA,NA,NA,NA,NA,NA,0.112888133009801,0.0947727214741945,0.067105594900909,0.142815302186683,0.0645311046906503,0.284130648940516
1,0.5,0.2,0.5,0.4,-0.2,0.971303719863229,0.537629788277938,0.148801136638867,0.703701642135945,0.412130502905881,-0.463848464057864,NA,NA,NA,NA,NA,NA,0.0896975435473097,0.0771960585196571,0.0637783794648444,0.146813322705902,0.0661481711335942,0.259677559788841
1,0.5,0.2,0.5,0.4,-0.2,0.9014262504627,0.637802788539507,0.27324337161696,0.609496334653831,0.238442904750852,-0.501587836921504,NA,NA,NA,NA,NA,NA,0.0915719475781988,0.0906733395715327,0.0808856797456588,0.140611339497167,0.0684578633788172,0.249050037971348
1,0.5,0.2,0.5,0.4,-0.2,1.14968923303207,0.403537083481033,0.285015063622005,0.438164317483158,0.292869884747423,-0.020419175437427,NA,NA,NA,NA,NA,NA,0.105163286397861,0.0979586516493203,0.0764653223784184,0.115731747761891,0.062239443577397,0.245739252827296
1,0.5,0.2,0.5,0.4,-0.2,0.897603289062476,0.554457098425178,0.200953576339691,0.448688476318545,0.431040871853397,0.0501907052817371,NA,NA,NA,NA,NA,NA,0.105354244458867,0.0923715107607197,0.0706081923057607,0.11823194749909,0.0620259022460293,0.274818837064276
1,0.5,0.2,0.5,0.4,-0.2,1.12880603310967,0.443049167980341,0.208169257332044,0.530170241073661,0.500276107543315,-0.337748352145027,NA,NA,NA,NA,NA,NA,0.109790331902464,0.0954576623202922,0.0678798769790518,0.139512448835376,0.061333332147601,0.255074354636959
1,0.5,0.2,0.5,0.4,-0.2,1.06458056357389,0.495538246731822,0.250781633026334,0.284630979412587,0.288772919736349,0.189655166816624,NA,NA,NA,NA,NA,NA,0.114867853821168,0.102226928575814,0.0834852731428969,0.131731964397052,0.0628777889563428,0.343460140539023
1,0.5,0.2,0.5,0.4,-0.2,0.966704987656196,0.460119991074715,0.22241156868497,0.516703263168311,0.340768469692209,-0.0830553920221127,NA,NA,NA,NA,NA,NA,0.096044350905977,0.0905982367337045,0.0720666389345585,0.12997310697765,0.060879124719989,0.293766605579551
1,0.5,0.2,0.5,0.4,-0.2,1.1431279213126,0.439033027240211,0.295979161425376,0.393529184198058,0.399083086054957,-0.0259854756104002,NA,NA,NA,NA,NA,NA,0.11628187833585,0.104702376122237,0.0784390532850998,0.132309318549569,0.0615120185005085,0.287980597129006
1,0.5,0.2,0.5,0.4,-0.2,0.977468420371364,0.574435128594412,0.376340718044136,0.453490437868264,0.367743223630488,-0.107870706986647,NA,NA,NA,NA,NA,NA,0.10277057995615,0.0837072693932444,0.073838980886309,0.120013728310309,0.0583513972758865,0.254670299229051
1,0.5,0.2,0.5,0.4,-0.2,0.97614205065636,0.538505232458443,0.216568568523477,0.928287361776168,0.287348440937168,-0.90297303330521,NA,NA,NA,NA,NA,NA,0.0781759117687119,0.06926362493149,0.0753878363844462,0.158197428756025,0.0678549801896656,0.240530815111145
1,0.5,0.2,0.5,0.4,-0.2,0.992278909207585,0.530636785949486,0.251909188342787,0.437445942764138,0.262035479947557,0.106847918276664,NA,NA,NA,NA,NA,NA,0.0999402469767338,0.0912756909147936,0.0757349934852855,0.120944543414983,0.0621042340240695,0.293474947459363
1,0.5,0.2,0.5,0.4,-0.2,0.985907289682805,0.541447876178927,0.331893499986268,0.520730369351575,0.392846645733154,-0.233905853585176,NA,NA,NA,NA,NA,NA,0.101254180685247,0.0916377070312912,0.0695588314880084,0.123259315481802,0.0650360639502373,0.24418386302189
1,0.5,0.2,0.5,0.4,-0.2,0.924843572283541,0.665649599789458,0.188891830116003,0.631447132636581,0.41888454124601,-0.58965919392759,NA,NA,NA,NA,NA,NA,0.101937680159504,0.103336460378345,0.0772634994654409,0.161053026114576,0.0651126288983334,0.28176672461016
1,0.5,0.2,0.5,0.4,-0.2,1.0665127994407,0.468683683162606,0.0235995613941224,0.167694689240074,0.432453175450267,0.819248317359356,NA,NA,NA,NA,NA,NA,0.13121931834318,0.109010541954766,0.0729186674834782,0.113485905342931,0.0606568526452162,0.442128090352555
1,0.5,0.2,0.5,0.4,-0.2,0.897555233953826,0.44309073365671,0.135184083818463,0.417689945124524,0.388587970223806,-0.0840593028482088,NA,NA,NA,NA,NA,NA,0.110086357123817,0.0859825754826261,0.0799589872724959,0.116920665087645,0.0682847485223059,0.245794453167415
1,0.5,0.2,0.5,0.4,-0.2,1.01880268849147,0.414410836216784,0.0620105804624493,0.378507659882181,0.417892308590201,0.267761002961131,NA,NA,NA,NA,NA,NA,0.11137295575442,0.0974180070574081,0.0696123391647135,0.116632741046644,0.0641352598004064,0.311681068079158
1,0.5,0.2,0.5,0.4,-0.2,0.855574600749229,0.443962028041461,0.206705571325017,0.567016502446509,0.508525477655741,-0.143368281864271,NA,NA,NA,NA,NA,NA,0.0982540613352945,0.0852617683808079,0.0600178580221068,0.139744326941117,0.0638736870327548,0.303773710480745
1,0.5,0.2,0.5,0.4,-0.2,0.852439229508998,0.60033814933782,0.144767742237614,0.733153690742717,0.407436591391939,-0.402643018381874,NA,NA,NA,NA,NA,NA,0.0855267098346912,0.0742977788041646,0.0608164122731973,0.146755591446902,0.0676487983921286,0.274004689164787
1,0.5,0.2,0.5,0.4,-0.2,1.0087149806309,0.605576877139539,0.2009772961664,0.615571711647889,0.453812247429682,-0.585199308840416,NA,NA,NA,NA,NA,NA,0.105426208274634,0.0873487369934606,0.0791690428103066,0.134129086934762,0.0675534865561658,0.231668742640458
1,0.5,0.2,0.5,0.4,-0.2,0.866703828921163,0.571070038955212,0.118714377580745,0.698743437486814,0.299519446504694,-0.653200305796842,NA,NA,NA,NA,NA,NA,0.0893076000686998,0.0869538037338212,0.0864301248282015,0.154177797650195,0.064272361529896,0.259420676040527
1,0.5,0.2,0.5,0.4,-0.2,1.21137252221729,0.440861691538552,0.179965143420289,0.39165909434489,0.269680636288197,-0.049282664955879,NA,NA,NA,NA,NA,NA,0.106435843024526,0.0983970141318252,0.081317450157339,0.131022150482087,0.0653995640792548,0.284719636634072
1,0.5,0.2,0.5,0.4,-0.2,0.880343378844949,0.536163382290386,0.199008908032518,0.351092442388704,0.364565386571567,0.562844954435521,NA,NA,NA,NA,NA,NA,0.10618157497424,0.0948523696279467,0.0704306246725464,0.139482513492908,0.0589326299222428,0.481461065355432
1,0.5,0.2,0.5,0.4,-0.2,0.994182947401166,0.565091229199544,0.0839296853420962,0.403293812287365,0.437621821450853,0.0344276430439439,NA,NA,NA,NA,NA,NA,0.110584267605456,0.0951274815870584,0.0659393945261939,0.120907610045197,0.0650651426006284,0.28328062595107
1,0.5,0.2,0.5,0.4,-0.2,0.945286007460929,0.616045925905855,0.189232805636729,0.542281616668765,0.346466157826987,-0.212824132071728,NA,NA,NA,NA,NA,NA,0.0983341785538287,0.092783278770783,0.0711332568429891,0.135399565780831,0.0677675216968556,0.278689202255085
1,0.5,0.2,0.5,0.4,-0.2,0.904373253997774,0.4816644230862,0.220370148637572,0.501807663866346,0.424505004128982,-0.125280357806118,NA,NA,NA,NA,NA,NA,0.102510670074708,0.0909080228965797,0.0727771139021093,0.123555535538703,0.0603003894795433,0.267457713139348
1,0.5,0.2,0.5,0.4,-0.2,1.04387747075918,0.540475249745167,0.222682321120044,0.641700415559971,0.291504754014257,-0.401991300906532,NA,NA,NA,NA,NA,NA,0.0890231554786423,0.0925319266259757,0.0696588109426412,0.143475134079977,0.0670880959180321,0.271894373139913
1,0.5,0.2,0.5,0.4,-0.2,1.08760612346352,0.466876244327534,0.175410708130415,0.499044743600654,0.358115868237905,-0.307556009745098,NA,NA,NA,NA,NA,NA,0.102870372694455,0.0870178839479791,0.0789615462603041,0.168991153214838,0.0671940154261557,0.330405339677202
1,0.5,0.2,0.5,0.4,-0.2,1.14371420106878,0.444391848669942,0.311592609685938,0.476773409037459,0.377050556211343,-0.149668825560378,NA,NA,NA,NA,NA,NA,0.106345029879339,0.0916136410001782,0.075521445333692,0.13280593572366,0.0673769879686298,0.280346273676608
1,0.5,0.2,0.5,0.4,-0.2,1.18749240284548,0.361686688055693,0.166748666817221,0.509926091947217,0.454536185146923,-0.307625364364553,NA,NA,NA,NA,NA,NA,0.109717384926983,0.106616997893419,0.0788729321894421,0.166963969068951,0.0709525167196201,0.326647863858604
1,0.5,0.2,0.5,0.4,-0.2,1.06807814433209,0.563229468555177,0.125017075305996,0.650564375662296,0.413734581465473,-0.411683993904804,NA,NA,NA,NA,NA,NA,0.0932495301704352,0.0831169738459516,0.0660166521806469,0.137638793462298,0.0636217071692859,0.248108159826542
1,0.5,0.2,0.5,0.4,-0.2,1.08382732899458,0.36334531209101,0.167161446014234,0.377416708211569,0.505275775828199,-0.0398546234944403,NA,NA,NA,NA,NA,NA,0.123279939325085,0.0996099122536951,0.078603892101111,0.119511797644241,0.064326894210191,0.247569101868019
1,0.5,0.2,0.5,0.4,-0.2,0.874355295822567,0.554716469720281,0.248396287887789,0.58771888095276,0.339824319292264,-0.417280326423034,NA,NA,NA,NA,NA,NA,0.0966546847520269,0.090642671084,0.0819744120206591,0.151186934329625,0.0662799931339303,0.275073596906315
1,0.5,0.2,0.5,0.4,-0.2,0.994872147290784,0.606400956618873,0.19680181438223,0.632519016657809,0.293689016903934,-0.267140231089384,NA,NA,NA,NA,NA,NA,0.0874214131771059,0.0814538596108295,0.0697828408411718,0.116686355099084,0.0635098672344555,0.230804586716302
1,0.5,0.2,0.5,0.4,-0.2,0.943046956250014,0.547002222248317,0.166062078796052,0.640614195771322,0.402907121580796,-0.418652697450199,NA,NA,NA,NA,NA,NA,0.0952913142057225,0.08182387255704,0.0642023036974283,0.155224344397766,0.0702014657573614,0.290089777284985
1,0.5,0.2,0.5,0.4,-0.2,0.971244635856521,0.561497741662392,0.245657867505226,0.486545854811671,0.406080269946897,-0.0328647382842123,NA,NA,NA,NA,NA,NA,0.101408652142619,0.0919839242213381,0.0715842432652901,0.133659399390512,0.0645282081913601,0.29618581342268
1,0.5,0.2,0.5,0.4,-0.2,1.04258508523749,0.423199592079251,0.241950704831114,0.634802504035984,0.398182775587851,-0.406462145874491,NA,NA,NA,NA,NA,NA,0.0956510054230539,0.0867141557362695,0.0713608882011319,0.131420015242299,0.0670120978218574,0.248545471921332
1,0.5,0.2,0.5,0.4,-0.2,1.01010011252721,0.535308355083975,0.22159828517269,0.565592660053669,0.416717436975755,-0.0418655353146571,NA,NA,NA,NA,NA,NA,0.0946682554227765,0.0873985612504602,0.0625891851971254,0.140983350158434,0.0694469768519359,0.309166840898476
1,0.5,0.2,0.5,0.4,-0.2,1.00101546514387,0.579963690424517,0.123653645306474,0.446190151458742,0.289135005004395,0.234422060497688,NA,NA,NA,NA,NA,NA,0.0985061053822344,0.0864423377851442,0.0687878164111313,0.123340215186886,0.0608801827408074,0.318154548278812
1,0.5,0.2,0.5,0.4,-0.2,1.21285304015326,0.279512847838432,0.194339398896825,0.514085282966544,0.494439804949413,-0.265710024889919,NA,NA,NA,NA,NA,NA,0.108768242921731,0.0944222233805051,0.0690769123995614,0.153809348228098,0.0670034195461432,0.300628397468146
1,0.5,0.2,0.5,0.4,-0.2,1.08572473972716,0.374845563685468,0.205722617961868,0.254094934672243,0.3941144783529,0.418888898272325,NA,NA,NA,NA,NA,NA,0.120139696915518,0.108291932089436,0.0722530325305881,0.126641809613095,0.0579846940261825,0.378094437548963
1,0.5,0.2,0.5,0.4,-0.2,1.03372216805196,0.706068848771158,0.143805571999925,0.172708044151185,0.350113543170693,0.550488862182758,NA,NA,NA,NA,NA,NA,0.127716745668053,0.124809644229476,0.0829030079739387,0.138697001924138,0.0647052385662066,0.453772139756034
1,0.5,0.2,0.5,0.4,-0.2,0.930805470200861,0.528723662263743,0.258146081414826,0.468977302092518,0.308702073138868,0.0494093191465491,NA,NA,NA,NA,NA,NA,0.0997781903576587,0.093714964398763,0.0773873497186614,0.137264128392744,0.063867522795588,0.324573840674645
1,0.5,0.2,0.5,0.4,-0.2,1.00935885209862,0.486993104812381,0.196748914395249,0.361190413430502,0.469904882510132,0.208274369269244,NA,NA,NA,NA,NA,NA,0.11516330739792,0.099929402128537,0.067510504626314,0.110897540034372,0.0641225466585969,0.285055907791423
1,0.5,0.2,0.5,0.4,-0.2,0.905470261256662,0.583701219071541,0.226840591154187,0.43754497506863,0.357094808933203,-0.0872883114683609,NA,NA,NA,NA,NA,NA,0.109142008691262,0.100387825451643,0.0773774909376614,0.140093936562191,0.0655858477159778,0.290396953907106
1,0.5,0.2,0.5,0.4,-0.2,1.09111882973422,0.341392029903731,0.19681769630195,0.367012363055202,0.392937675508214,-0.0990430918560041,NA,NA,NA,NA,NA,NA,0.11790262825526,0.110826520042336,0.0832453700077291,0.149233241940833,0.0653867576486416,0.33603039694515
1,0.5,0.2,0.5,0.4,-0.2,0.943069365177433,0.532412592557532,0.154592867182801,0.622603988763575,0.36448374812118,-0.235660071184851,NA,NA,NA,NA,NA,NA,0.0924007768683157,0.0858032164101536,0.0693465878711651,0.135037968746498,0.0656580581879323,0.27557102804014
1,0.5,0.2,0.5,0.4,-0.2,1.10760053006836,0.517012448560803,0.166462158290425,0.457156975995537,0.472623701130036,-0.0879075340806982,NA,NA,NA,NA,NA,NA,0.108460462697001,0.0902996193339688,0.0716068181741475,0.13320828626693,0.0630582497302879,0.28737774939979
1,0.5,0.2,0.5,0.4,-0.2,0.920453274987386,0.551931535056011,0.181079381387588,0.338196585711432,0.393695148641126,0.132471306569511,NA,NA,NA,NA,NA,NA,0.115557373929315,0.103997334997629,0.0805480582313901,0.130386269879611,0.0636066643391468,0.322723848194613
1,0.5,0.2,0.5,0.4,-0.2,1.19742785038882,0.44154626565647,0.167493979084462,0.432798502644077,0.559181346935466,-0.0424807343586621,NA,NA,NA,NA,NA,NA,0.113205081825267,0.100392081338469,0.0666763299934591,0.139672110851412,0.0621708053764633,0.315483412523159
1,0.5,0.2,0.5,0.4,-0.2,0.973835525010126,0.440586000115485,0.17133061730961,0.328934263845721,0.391310620836355,0.311527823011533,NA,NA,NA,NA,NA,NA,0.114081684550981,0.111003929394573,0.070998540541893,0.136898532335335,0.0637240297890651,0.392577298646544
1,0.5,0.2,0.5,0.4,-0.2,1.06139014028986,0.602672828377334,0.131236628867342,0.38961741959805,0.411497244365871,-0.0223830972851746,NA,NA,NA,NA,NA,NA,0.116034512427422,0.116254483662468,0.0825125298734321,0.131441774606828,0.0678692129487853,0.288420924039792
1,0.5,0.2,0.5,0.4,-0.2,0.85811265751772,0.466570030851385,0.214213749498174,0.686141880905657,0.431563022777928,-0.285052412548445,NA,NA,NA,NA,NA,NA,0.0876213325476789,0.076034267261722,0.0639295083177755,0.130214864610486,0.0652010863834175,0.260011096872375
1,0.5,0.2,0.5,0.4,-0.2,0.967946564794088,0.504417460171214,0.206235206763711,0.52872059585128,0.451011051644542,-0.326373298718784,NA,NA,NA,NA,NA,NA,0.105724804015604,0.0884905841934815,0.0711185082010836,0.140628962440998,0.0656492921164518,0.265583577660469
1,0.5,0.2,0.5,0.4,-0.2,1.12040688921835,0.302713127062672,0.228356275231313,0.437269682711686,0.553478915060012,0.00972292807964391,NA,NA,NA,NA,NA,NA,0.113802804489682,0.0972374852573795,0.0648651021721424,0.1259704018618,0.0605512020027902,0.284558910945759
1,0.5,0.2,0.5,0.4,-0.2,1.13646560504024,0.406156770378715,0.254771281250019,0.552794332831322,0.405384479636994,-0.231730802256549,NA,NA,NA,NA,NA,NA,0.100271599440948,0.086615031083943,0.0693399467493839,0.136412357279589,0.0629637001156284,0.264562502629938
1,0.5,0.2,0.5,0.4,-0.2,0.862336062390238,0.502022333739706,0.219144621485246,0.484092890150085,0.470861633416838,0.160831819950974,NA,NA,NA,NA,NA,NA,0.100606025391091,0.0895031179628866,0.0620575517318488,0.0995303933801657,0.0654440050571556,0.243397646559729
1,0.5,0.2,0.5,0.4,-0.2,1.10677679064337,0.512582991158244,0.0931653475770955,0.588197900652267,0.416108516013861,-0.441597851567352,NA,NA,NA,NA,NA,NA,0.100456073531177,0.0871267379934396,0.0789554585354479,0.139567622766686,0.0674092309138151,0.25711494791603
1,0.5,0.2,0.5,0.4,-0.2,1.28880819122003,0.25420641463616,0.240633186319317,0.269647019016235,0.47695438340126,0.257641769332286,NA,NA,NA,NA,NA,NA,0.12921924219232,0.1013260337424,0.0761076877305849,0.132588550113754,0.0646075846091337,0.349335002766416
1,0.5,0.2,0.5,0.4,-0.2,0.889454800510819,0.593040689335831,0.268246748525806,0.400639829527341,0.426251001365344,0.064130087099608,NA,NA,NA,NA,NA,NA,0.111471705351175,0.111361390398383,0.0722068773476844,0.126176802333626,0.0647072315372184,0.307992762073626
1,0.5,0.2,0.5,0.4,-0.2,0.814291790486668,0.552628530777053,0.215858107075842,0.494749919280334,0.428502515919179,-0.0667414778502712,NA,NA,NA,NA,NA,NA,0.101833784596054,0.0887624431946209,0.0705686326970056,0.130814742025308,0.062618443130861,0.27812905173521
1,0.5,0.2,0.5,0.4,-0.2,0.978708665263779,0.394218408779879,0.209397290307697,0.458204571503386,0.476436282257919,0.217245649426916,NA,NA,NA,NA,NA,NA,0.104187593066326,0.0907758811442454,0.0637999434498274,0.110411838266533,0.0624747911144986,0.278267908891273
1,0.5,0.2,0.5,0.4,-0.2,0.899071180756876,0.419346938437275,0.155700832387413,0.607784317909016,0.45616897864157,-0.213144528741947,NA,NA,NA,NA,NA,NA,0.100012048657343,0.0904563174034026,0.0637659057199514,0.141185404952044,0.0635882671290533,0.290909855269443
1,0.5,0.2,0.5,0.4,-0.2,0.915485195034829,0.514848859228151,0.316863906105754,0.425888556063363,0.372185667473973,0.0800471736889134,NA,NA,NA,NA,NA,NA,0.106161189337945,0.0962730499051155,0.0726552749417153,0.133907932519657,0.0671537358355323,0.319472940594093
1,0.5,0.2,0.5,0.4,-0.2,0.958283415251592,0.568372441336621,0.204005046499076,0.535721967563425,0.36973985326617,-0.363832639794664,NA,NA,NA,NA,NA,NA,0.101286868248774,0.0992003398909685,0.0807259739305513,0.162917376102327,0.0637175085224869,0.31185208356092
1,0.5,0.2,0.5,0.4,-0.2,1.03403752566031,0.4384040633775,0.160667940726416,0.379783952638523,0.425217396013102,0.0269066128182676,NA,NA,NA,NA,NA,NA,0.116286587570649,0.103871824603844,0.0789250974844634,0.124271882916551,0.0621207729491187,0.280159067784374
1,0.5,0.2,0.5,0.4,-0.2,1.02052957251958,0.531288953423384,0.219626460686905,0.420359898792409,0.461197471084963,-0.039493172265873,NA,NA,NA,NA,NA,NA,0.11080414865252,0.0992797575095476,0.0793644520071586,0.131788538250322,0.0664512873550895,0.288801575965913
1,0.5,0.2,0.5,0.4,-0.2,1.00114969150176,0.531256832035975,0.282570546671563,0.702532155773142,0.405324478895508,-0.436661970105918,NA,NA,NA,NA,NA,NA,0.0885860150166238,0.086853237568973,0.06248802766491,0.125415070430212,0.0630140433639355,0.224965231868854
1,0.5,0.2,0.5,0.4,-0.2,1.13780625680097,0.481106513010201,0.150536468940068,0.666060497050053,0.387903073797164,-0.718392715033303,NA,NA,NA,NA,NA,NA,0.100220180610637,0.0919301347756346,0.0754929036769195,0.141864813328625,0.0684078071656151,0.236437048968144
1,0.5,0.2,0.5,0.4,-0.2,0.949301533957353,0.510043485559605,0.290168880575198,0.560117128596044,0.458977455018708,-0.230127434315037,NA,NA,NA,NA,NA,NA,0.0983066815346632,0.0846611766729043,0.0628106462982277,0.128774733240924,0.0636976163438231,0.257843634264982
1,0.5,0.2,0.5,0.4,-0.2,1.12101986927305,0.37398141595389,0.245607552779698,0.313560627165841,0.365597663558239,0.537297628642013,NA,NA,NA,NA,NA,NA,0.11134698557161,0.100043016164461,0.0759430998000469,0.12206758616236,0.0656108643102491,0.390833544611424
1,0.5,0.2,0.5,0.4,-0.2,1.02693863783768,0.535564725710723,0.295210306863239,0.460561288442091,0.311535301585425,-0.205157856833028,NA,NA,NA,NA,NA,NA,0.103870462570368,0.100624911700334,0.0774591220984323,0.146190500857487,0.0655747198009855,0.301623700860219
1,0.5,0.2,0.5,0.4,-0.2,0.938143419120882,0.587542784046161,0.106235177320459,0.54438908621544,0.344850758888023,-0.189194460938103,NA,NA,NA,NA,NA,NA,0.0994570115235448,0.0962284741701249,0.0775687203208918,0.132005154531368,0.0638681812816691,0.270673010108409
1,0.5,0.2,0.5,0.4,-0.2,1.00591972139217,0.571357876728073,0.327744729751525,0.410771949795896,0.280834405854547,0.0184916598670376,NA,NA,NA,NA,NA,NA,0.102105343791794,0.0950181058777841,0.0795603603184821,0.130173157086698,0.060425693368221,0.296426700175391
1,0.5,0.2,0.5,0.4,-0.2,1.05625768407624,0.468491673574704,0.134934449405513,0.762126685416783,0.356712743572879,-0.441693647103299,NA,NA,NA,NA,NA,NA,0.0831237076690833,0.0682852727115819,0.0560556969251644,0.140333157767987,0.0692138310710984,0.252838075006374
1,0.5,0.2,0.5,0.4,-0.2,1.05783347499553,0.460980278006249,0.246011497754078,0.490980834172187,0.419948984158177,-0.302303359398332,NA,NA,NA,NA,NA,NA,0.106974184047316,0.0901711974626515,0.0765410342329385,0.143891067803265,0.0663656053965891,0.283597139800199
1,0.5,0.2,0.5,0.4,-0.2,0.977041253184313,0.602711559210928,0.163626691620987,0.703737179436539,0.302863929483276,-0.525838749071832,NA,NA,NA,NA,NA,NA,0.0874527430206515,0.0758329027049837,0.0741602933013762,0.139969029039373,0.0675061634496688,0.240377393338684
1,0.5,0.2,0.5,0.4,-0.2,0.978108293922261,0.505833072749832,0.229063624207845,0.670965841227666,0.322833503582872,-0.420682810302146,NA,NA,NA,NA,NA,NA,0.0878105069010876,0.0770492400066118,0.0695486610142841,0.134293569554743,0.0642478574913907,0.247476544252298
1,0.5,0.2,0.5,0.4,-0.2,0.876516612996439,0.642779817442699,0.151215158480692,0.599818428265889,0.332285433536329,-0.301667661196288,NA,NA,NA,NA,NA,NA,0.0932967948651315,0.0823129172377156,0.0720398044104303,0.120066095229365,0.0676243576182085,0.229754853905832
1,0.5,0.2,0.5,0.4,-0.2,0.8719595936767,0.493885194499285,0.0934179245458477,0.304322867436347,0.494023739461208,0.145368530413279,NA,NA,NA,NA,NA,NA,0.128488422059586,0.121884232487639,0.0737020039197183,0.119608105218916,0.0646964891389385,0.29474651434891
1,0.5,0.2,0.5,0.4,-0.2,0.904184645718081,0.658622607861701,0.200317828424669,0.763973385498525,0.485574153896488,-0.662008075973784,NA,NA,NA,NA,NA,NA,0.0915951384468225,0.0894502038367365,0.0629895890012537,0.143991684095942,0.0660296026165117,0.242398438661529
1,0.5,0.2,0.5,0.4,-0.2,1.12489350343867,0.427158442838668,0.242726190136111,0.397582504261824,0.400114068282434,0.0874831635095893,NA,NA,NA,NA,NA,NA,0.109775731010982,0.0915210233373824,0.0783805956251132,0.121629984464113,0.060017018152007,0.284381100402531
1,0.5,0.2,0.5,0.4,-0.2,0.957474126261328,0.500213335908511,0.269388735554307,0.324786722454291,0.412322978849716,0.302180753418981,NA,NA,NA,NA,NA,NA,0.115710537910092,0.102995504532654,0.0725490420265781,0.121643393928237,0.062179446239818,0.329593353940681
1,0.5,0.2,0.5,0.4,-0.2,0.958284880147741,0.60655029490051,0.241910600131048,0.619665538544948,0.408681578488146,-0.449235718253877,NA,NA,NA,NA,NA,NA,0.096248411026451,0.0919310933043606,0.0700335903090604,0.129838118614297,0.0618378640372684,0.235465785014344
1,0.5,0.2,0.5,0.4,-0.2,1.1944058263364,0.307768451302045,0.239915662450233,0.338725985286568,0.438724605665268,-0.044265051866027,NA,NA,NA,NA,NA,NA,0.124053552946968,0.127949019231047,0.0829282985662472,0.133251361659296,0.0646463179135551,0.297313018044553
1,0.5,0.2,0.5,0.4,-0.2,0.982793146329621,0.527369841924294,0.269001871757425,0.51194287347284,0.342848524764896,-0.19274304862584,NA,NA,NA,NA,NA,NA,0.101340058772081,0.103787650665646,0.0781009192014278,0.129859408520887,0.071347481158438,0.268240888912806
1,0.5,0.2,0.5,0.4,-0.2,1.11263765848426,0.492102575503145,0.129310733213678,0.656860205580838,0.376991990792178,-0.503065703064196,NA,NA,NA,NA,NA,NA,0.0958030438455984,0.0861834660609694,0.0695855065766313,0.144258327724561,0.062497382881776,0.254379652992846
1,0.5,0.2,0.5,0.4,-0.2,0.97835138689959,0.493318406222187,0.263542293085057,0.477864598592664,0.35528980270988,-0.245035611193551,NA,NA,NA,NA,NA,NA,0.106524144555244,0.0930216541478859,0.0771702357522498,0.139910818693878,0.065162625881904,0.2758359513259
1,0.5,0.2,0.5,0.4,-0.2,1.29580479622324,0.347326858301888,0.245949394321989,0.378970246889414,0.452744172921578,-0.273730522948433,NA,NA,NA,NA,NA,NA,0.124599211458365,0.110159094900603,0.0793322334037286,0.133751678434952,0.0685109026615863,0.253577042959262
1,0.5,0.2,0.5,0.4,-0.2,0.993089379536561,0.503768126418992,0.214066777019991,0.64520876758935,0.465101452329719,-0.36870533971804,NA,NA,NA,NA,NA,NA,0.0947732248675097,0.089098201483263,0.0651094175718605,0.13225031972397,0.0657641948554746,0.25805214946816
1,0.5,0.2,0.5,0.4,-0.2,0.968297730337962,0.79111732947394,0.17640028163005,0.488469438379205,0.23957974168448,-0.0602537583515022,NA,NA,NA,NA,NA,NA,0.0968077742241895,0.101912822862362,0.0767160389747073,0.118541852576527,0.071978524629999,0.253550423666759
1,0.5,0.2,0.5,0.4,-0.2,1.08758292503191,0.440098622106003,0.171734310334175,0.634754424194282,0.386040060355228,-0.398008798802978,NA,NA,NA,NA,NA,NA,0.0944541478886447,0.0795501541807684,0.0582310997306929,0.127954598061951,0.0667282314213109,0.22864326928687
1,0.5,0.2,0.5,0.4,-0.2,1.00963195737314,0.609027282439991,0.184329081506596,0.558080256636009,0.298507336728974,-0.457835865495494,NA,NA,NA,NA,NA,NA,0.0974332436067502,0.0925006084323765,0.0817027777713742,0.143375274314235,0.0660205940359326,0.261514612981325
1,0.5,0.2,0.5,0.4,-0.2,0.961162070522527,0.543257657065511,0.133032748243776,0.594327973684986,0.341314711839622,-0.257273818713395,NA,NA,NA,NA,NA,NA,0.0939814331677568,0.0920875941605922,0.069833681429492,0.131334526932166,0.0660909140742791,0.261115955313849
1,0.5,0.2,0.5,0.4,-0.2,1.13922025551473,0.300308276257472,0.112599303299198,0.406886108681142,0.468572463537968,-0.0165623501070028,NA,NA,NA,NA,NA,NA,0.118560256651969,0.118173590201785,0.0769225281556189,0.14822270974285,0.0633161568023276,0.338665428047183
1,0.5,0.2,0.5,0.4,-0.2,0.902628668109072,0.511751570930115,0.149549075310909,0.546069119700745,0.394197000407397,-0.385992431594964,NA,NA,NA,NA,NA,NA,0.10168998211081,0.090925422950363,0.0653042035676782,0.143130896321076,0.0685154676210558,0.274047416364816
1,0.5,0.2,0.5,0.4,-0.2,1.00215971106134,0.5545383271735,0.153154293332415,0.311495531672665,0.325780001146968,0.0950707630311086,NA,NA,NA,NA,NA,NA,0.113250588733353,0.102449536608366,0.0807616238883188,0.143045280585659,0.0585851209025333,0.363525587357423
1,0.5,0.2,0.5,0.4,-0.2,1.02709526181079,0.592988239188824,0.0627695764377965,0.468569547272599,0.372461463505593,0.0109194260060884,NA,NA,NA,NA,NA,NA,0.0999235730038045,0.0923026993515066,0.0708861116680508,0.142488303863685,0.0625847070835635,0.342995088135099
1,0.5,0.2,0.5,0.4,-0.2,0.920345099512438,0.717704136202757,0.280014246963927,0.503511483535607,0.307497403303941,-0.0374846839211419,NA,NA,NA,NA,NA,NA,0.0951351954500688,0.0920186130870123,0.0771752721802512,0.125931146864304,0.0636844469933974,0.281173919364154
1,0.5,0.2,0.5,0.4,-0.2,1.04406629194125,0.535352097335329,0.206469479708015,0.53220298042737,0.294640861887043,-0.140925007375235,NA,NA,NA,NA,NA,NA,0.0937042634159618,0.084470952591798,0.0753825202811492,0.132145455309019,0.0621950588843011,0.280968750099161
1,0.5,0.2,0.5,0.4,-0.2,1.01132180692954,0.438471457377422,0.168771329444848,0.547535683388265,0.419843650986687,-0.431962645878499,NA,NA,NA,NA,NA,NA,0.104881052415207,0.0895395539587481,0.0680829826043051,0.141272654286504,0.0732217648935164,0.258921473829403
1,0.5,0.2,0.5,0.4,-0.2,0.8076974621183,0.667032328851771,0.270540290708431,0.584458389094601,0.326866126040777,-0.452864254959914,NA,NA,NA,NA,NA,NA,0.0964320932856947,0.0832766035783184,0.0780895585309806,0.122057000048268,0.0688799428772654,0.221572913080433
1,0.5,0.2,0.5,0.4,-0.2,0.898229066270508,0.569603942221834,0.148948637404614,0.433465063230015,0.390645612987922,-0.113018070070369,NA,NA,NA,NA,NA,NA,0.109835048220516,0.0955433726361457,0.0797351388502245,0.152035744154193,0.0649703942957502,0.331020108394308
1,0.5,0.2,0.5,0.4,-0.2,0.940655241871273,0.612616446008541,0.1493338312801,0.682481392395838,0.371300409751878,-0.459689023508171,NA,NA,NA,NA,NA,NA,0.0905710456333025,0.0808276047933939,0.071719241886427,0.129642154829178,0.0674531544645649,0.235321634081215
1,0.5,0.2,0.5,0.4,-0.2,0.867820814833512,0.559284774618391,0.196812529534024,0.602224805149951,0.412362195689138,-0.184776984924412,NA,NA,NA,NA,NA,NA,0.0923571654370004,0.0771592659442523,0.0618229766859072,0.124387715616203,0.062852549924079,0.25406813189283
1,0.5,0.2,0.5,0.4,-0.2,1.00038104604683,0.496934905223457,0.248866095739038,0.606198402654613,0.434478788714282,-0.290021083289607,NA,NA,NA,NA,NA,NA,0.0955052715112659,0.0810767896183909,0.0682367285992243,0.147247203311309,0.0640107004561564,0.301182893741333
1,0.5,0.2,0.5,0.4,-0.2,0.947085266906084,0.520441468157123,0.229895117728365,0.621606129651223,0.439965411911481,-0.401801731696699,NA,NA,NA,NA,NA,NA,0.0972209602009983,0.0831481252145374,0.065820812467138,0.130304734351971,0.0617308624620139,0.245698781421251
1,0.5,0.2,0.5,0.4,-0.2,0.924275111358644,0.638318487361268,0.128353159731514,0.488053327976226,0.384980999408068,0.478115737477381,NA,NA,NA,NA,NA,NA,0.0955259054460804,0.0908279177078987,0.0630157873154856,0.0997478076845715,0.0659071521694998,0.303540024615007
1,0.5,0.2,0.5,0.4,-0.2,0.928841469123074,0.685585119972507,0.23380888148585,0.66791297851216,0.403008324203608,-0.496841488006882,NA,NA,NA,NA,NA,NA,0.0930264519076988,0.0865145634235562,0.0672823846484674,0.133044425203823,0.0678831943800287,0.24104025302284
1,0.5,0.2,0.5,0.4,-0.2,0.834407090661518,0.595912421257899,0.133815201112309,0.520205602666105,0.407385585514771,-0.194937724559794,NA,NA,NA,NA,NA,NA,0.103887078012714,0.0906425191328115,0.0748255940918127,0.1288993519874,0.0658458835462361,0.266136868015587
1,0.5,0.2,0.5,0.4,-0.2,0.919041523991023,0.474594947555374,0.186034906385959,0.768635170352659,0.393895915969689,-0.606581056984662,NA,NA,NA,NA,NA,NA,0.0862874445297895,0.0802222211598695,0.0660539662371216,0.157509666153934,0.0641219470020247,0.278361157494889
1,0.5,0.2,0.5,0.4,-0.2,1.20368365866016,0.4510496115099,0.224371409114677,0.478323738320231,0.398520671461983,-0.326231113936515,NA,NA,NA,NA,NA,NA,0.110546311002407,0.107534340778884,0.0840795431696567,0.133903350451189,0.0664308470389596,0.261788301934335
1,0.5,0.2,0.5,0.4,-0.2,0.889751949046454,0.533351066813556,0.169471598530781,0.526450882219988,0.399802361231608,-0.362652549580925,NA,NA,NA,NA,NA,NA,0.103362134255281,0.101005057710941,0.0727503459165053,0.129762713907023,0.065590683502699,0.239953008354404
1,0.5,0.2,0.5,0.4,-0.2,1.01504303653451,0.361906053756464,0.259955497415398,0.67914585161524,0.410958167802487,-0.234711448894328,NA,NA,NA,NA,NA,NA,0.0882328410015919,0.0743711721634049,0.0569257074807823,0.147669203206758,0.0625184084311404,0.297883353154377
1,0.5,0.2,0.5,0.4,-0.2,1.0979246814557,0.450402878955258,0.194633280924164,0.526277248815374,0.334818851758566,-0.402220097454136,NA,NA,NA,NA,NA,NA,0.101662582391965,0.0980718416822285,0.0813894984304895,0.148236557895467,0.0641989666318861,0.287830269536023
1,0.5,0.2,0.5,0.4,-0.2,0.944338513994366,0.509402350095904,0.242090787114217,0.724662845957754,0.434766272642626,-0.62794221574435,NA,NA,NA,NA,NA,NA,0.0928186427138322,0.0725342861569652,0.063108530373253,0.171507845742244,0.0659458464792474,0.299322397860911
1,0.5,0.2,0.5,0.4,-0.2,1.10934099821035,0.592273858257551,0.00948839605996741,0.450303172683451,0.373086921897426,-0.108072221357284,NA,NA,NA,NA,NA,NA,0.106469867107026,0.0973494016226577,0.0785386889183717,0.132887623386656,0.0679675888892262,0.275938905901743
1,0.5,0.2,0.5,0.4,-0.2,0.875947201079154,0.721175346328924,0.239878087500598,0.57983802584929,0.271265286476867,-0.126536140678953,NA,NA,NA,NA,NA,NA,0.0886107569106928,0.076528094055173,0.066521352253969,0.13055545423288,0.0606755892882121,0.276721060344979
1,0.5,0.2,0.5,0.4,-0.2,1.01798544933217,0.46032045602605,0.123242644447162,0.419734907995793,0.441385085917185,-0.162122731746031,NA,NA,NA,NA,NA,NA,0.111821267332693,0.0871616895375507,0.0700779388262363,0.149612588738565,0.064888861513564,0.310971883045673
1,0.5,0.2,0.5,0.4,-0.2,0.872103561932243,0.454367006507437,0.146183194462719,0.460059898413675,0.36408147702716,0.0667201533055595,NA,NA,NA,NA,NA,NA,0.102589796206134,0.0874450466813059,0.0646947481575061,0.135087434676236,0.064693569652786,0.320746575125963
1,0.5,0.2,0.5,0.4,-0.2,0.92226436050589,0.526859599566756,0.201527733292476,0.577152653623547,0.329556314468539,-0.270750829757158,NA,NA,NA,NA,NA,NA,0.0955429936586022,0.0889181640529804,0.0722889417443002,0.140240312204603,0.0638395687778132,0.283369278708048
1,0.5,0.2,0.5,0.4,-0.2,0.978352867869048,0.585574427544077,0.14977134276766,0.473510546941167,0.409375139075801,-0.228500656615116,NA,NA,NA,NA,NA,NA,0.108740368546236,0.104718603580856,0.0755520869411029,0.164519984888292,0.0654964389033941,0.333468220987889
1,0.5,0.2,0.5,0.4,-0.2,1.02753702786852,0.593326832652555,0.192555118929368,0.656536190369342,0.352705999763737,-0.383847834306925,NA,NA,NA,NA,NA,NA,0.0918326418294128,0.0896139958571852,0.0690173614536238,0.147834299315658,0.0688074685908531,0.272989485093651
1,0.5,0.2,0.5,0.4,-0.2,0.854648768963405,0.660558892415285,0.231404204095244,0.621362985892054,0.379113457989928,-0.181542540470301,NA,NA,NA,NA,NA,NA,0.0908142396880729,0.082606385442607,0.0620712908358488,0.134915531225823,0.0638060049592199,0.282630805106166
1,0.5,0.2,0.5,0.4,-0.2,0.972191173513562,0.393472631993604,0.133725210382815,0.908516166974199,0.448263502482785,-0.724209127966576,NA,NA,NA,NA,NA,NA,0.0793759246280856,0.0797897000347021,0.0576946085137624,0.151065200954146,0.0630946037947289,0.245719835724304
1,0.5,0.2,0.5,0.4,-0.2,0.868157035166155,0.556221451548719,0.285542369619134,0.651718136884749,0.460433395332645,-0.448823464895702,NA,NA,NA,NA,NA,NA,0.0947734757628102,0.0926857900771875,0.0623195277283942,0.141912748671182,0.0636699631393918,0.262005501116527
1,0.5,0.2,0.5,0.4,-0.2,1.05058843970829,0.376983032913229,0.164491969794322,0.498887849663156,0.330409075028859,-0.0471217704757754,NA,NA,NA,NA,NA,NA,0.0995384499060597,0.0914635567045573,0.0734482638128994,0.130336586454124,0.0644953005547352,0.286687444425421
1,0.5,0.2,0.5,0.4,-0.2,0.951659817633017,0.465313160616139,0.172469787770881,0.525553369147174,0.456203651765694,-0.445407995634757,NA,NA,NA,NA,NA,NA,0.108275190896125,0.0908106698035966,0.0774270017648107,0.142036712414805,0.0661262308275106,0.26354123120136
1,0.5,0.2,0.5,0.4,-0.2,0.920310833123022,0.567765535288456,0.154290307115922,0.570142600879902,0.36012735011067,-0.188077821441605,NA,NA,NA,NA,NA,NA,0.0942850213079273,0.0860108880776197,0.0695203232379494,0.128897504751902,0.0657669333017695,0.270234248674702
1,0.5,0.2,0.5,0.4,-0.2,1.07614518384216,0.450837159421453,0.15592040124823,0.485571603004683,0.435974642376328,-0.0981607487614489,NA,NA,NA,NA,NA,NA,0.105202618997366,0.0936902363013393,0.0682593113294927,0.115174097278598,0.0629265786142241,0.239343791305352
1,0.5,0.2,0.5,0.4,-0.2,0.92758852587373,0.514483315200806,0.312913447241338,0.520903623343096,0.394447543770349,-0.137087872724355,NA,NA,NA,NA,NA,NA,0.100518789937992,0.0968183307924898,0.0722561268638413,0.118923900365247,0.0659347952866912,0.248711376471747
1,0.5,0.2,0.5,0.4,-0.2,0.956770339429835,0.609320394973833,0.171752904848748,0.419003680018299,0.447342288111761,0.0659402454836364,NA,NA,NA,NA,NA,NA,0.107827665238872,0.0991351051942526,0.0728346431010517,0.120921887063806,0.0595091464031965,0.295480014991255
1,0.5,0.2,0.5,0.4,-0.2,0.984936637231078,0.543632752430274,0.176380673167174,0.355688194780213,0.460661093462356,0.0985669134248471,NA,NA,NA,NA,NA,NA,0.116176340626029,0.103814034651826,0.0721348084876421,0.117749885378231,0.0605003929517698,0.278973772239326
1,0.5,0.2,0.5,0.4,-0.2,1.19873132535499,0.346850505487784,0.186213501703344,0.448127160765927,0.357056387570531,-0.290955485088278,NA,NA,NA,NA,NA,NA,0.109528915341204,0.103416156113724,0.0816126041267096,0.151307542008318,0.0656885813694505,0.298015938989273
1,0.5,0.2,0.5,0.4,-0.2,1.08546235842641,0.463456561076476,0.163762214463956,0.253480508213762,0.488149684457855,0.566775028345832,NA,NA,NA,NA,NA,NA,0.12164487976086,0.101419047334787,0.0677970028904517,0.116561126032543,0.0640234311195703,0.393431267233843
1,0.5,0.2,0.5,0.4,-0.2,0.997375890029344,0.55843394325529,0.175638226404782,0.413870751162493,0.380330667809932,0.097894759384742,NA,NA,NA,NA,NA,NA,0.106904473016265,0.0943537811835267,0.0725628402583655,0.137630801978436,0.0664012585964259,0.344822595765383
1,0.5,0.2,0.5,0.4,-0.2,1.03661422982474,0.467713199680743,0.145233413573047,0.766749493102264,0.218975758885465,-0.689576031865925,NA,NA,NA,NA,NA,NA,0.0832623710750114,0.0784214596341044,0.0758755538904839,0.140194890205741,0.0646414163580894,0.231971406974272
1,0.5,0.2,0.5,0.4,-0.2,0.987546486491618,0.411697244550604,0.179058791116091,0.539272792544554,0.357051666008252,-0.159503273699724,NA,NA,NA,NA,NA,NA,0.0977941098696295,0.0906100728486587,0.0660203172236701,0.145539474097494,0.0672319958821559,0.298664275997706
1,0.5,0.2,0.5,0.4,-0.2,1.06150638921749,0.506315728879092,0.236280157576752,0.354774489371142,0.376399294474227,0.119921071358499,NA,NA,NA,NA,NA,NA,0.115219125120244,0.105237191227472,0.0736057491351815,0.111768640490658,0.0644644223200596,0.263373203839767
1,0.5,0.2,0.5,0.4,-0.2,0.844483136240493,0.741721863685388,0.359673338087589,0.417382216285027,0.287014718546834,-0.11469864118589,NA,NA,NA,NA,NA,NA,0.104184825442224,0.0950563863990781,0.0793158815431854,0.144125692123169,0.0675246022620232,0.304581898615997
1,0.5,0.2,0.5,0.4,-0.2,1.13141431907974,0.429476813327078,0.197563350776986,0.507183808035223,0.403895730819407,-0.289565852599275,NA,NA,NA,NA,NA,NA,0.104605721139946,0.101598555373164,0.0742045039708938,0.132960771339613,0.0644791245456483,0.264627947783234
1,0.5,0.2,0.5,0.4,-0.2,0.776346540677418,0.512655622007992,0.194378366111572,0.679409874310236,0.481289518267203,-0.437451975822398,NA,NA,NA,NA,NA,NA,0.0930127918458033,0.0792450728286275,0.0590984841264747,0.143860013074402,0.0645351340022074,0.26358069565364
1,0.5,0.2,0.5,0.4,-0.2,0.957808075209345,0.460071220839906,0.225413061852186,0.571731581145567,0.419301177157265,-0.289391035512613,NA,NA,NA,NA,NA,NA,0.0986006824335803,0.0925158398195809,0.069079392190687,0.132090529289173,0.0670198681996075,0.26182678328594
1,0.5,0.2,0.5,0.4,-0.2,0.728879997872265,0.612430059226557,0.193659453302743,0.461228764281635,0.421150629642669,0.318235317105055,NA,NA,NA,NA,NA,NA,0.0995914729941864,0.0830077708925581,0.0634617913488433,0.106200145990217,0.0599491353455596,0.282995573827828
1,0.5,0.2,0.5,0.4,-0.2,0.828835777285224,0.654245137785898,0.0775056256106108,0.54988521531285,0.371932710625609,-0.0390847189883573,NA,NA,NA,NA,NA,NA,0.0946048553748755,0.0906014396844048,0.0680522727752692,0.127336326655759,0.064093920197059,0.288143220293722
1,0.5,0.2,0.5,0.4,-0.2,0.749717895326069,0.659984952372184,0.140131584883914,0.489063916588397,0.496522486003426,-0.0863761237033388,NA,NA,NA,NA,NA,NA,0.105311657007738,0.0909286372330895,0.0687116280161571,0.135409988961677,0.0626283049227269,0.308687257448096
1,0.5,0.2,0.5,0.4,-0.2,1.17749290296869,0.348623751149504,0.188089655746346,0.322168098159623,0.559301107350828,0.18483740164054,NA,NA,NA,NA,NA,NA,0.127286932063662,0.103393357901304,0.0674401115541442,0.130678005656448,0.0609404400978998,0.339999955419827
1,0.5,0.2,0.5,0.4,-0.2,0.918252234793802,0.483453724139283,0.32824249295084,0.51213236087558,0.439931517775405,-0.0493111787648497,NA,NA,NA,NA,NA,NA,0.103319044695077,0.0977404282973104,0.0652456035102711,0.134862394044171,0.0698439844508092,0.288223823267046
1,0.5,0.2,0.5,0.4,-0.2,0.916532262548414,0.44423716717928,0.172846729955834,0.570703500242959,0.456605601394003,-0.172201969763845,NA,NA,NA,NA,NA,NA,0.0994721653639724,0.0971197822410855,0.0692459760435649,0.11456441566945,0.0630115690923529,0.23340085713282
1,0.5,0.2,0.5,0.4,-0.2,0.964251298296827,0.637410350556482,0.262881625891369,0.46954611570142,0.36369661666349,0.070359499733321,NA,NA,NA,NA,NA,NA,0.0975944827397371,0.0851937237359986,0.0680126958943253,0.118853698696218,0.0656455257681998,0.277933913858815
1,0.5,0.2,0.5,0.4,-0.2,0.971031786489556,0.472349884359327,0.278837515069578,0.376997726432544,0.454864515111041,-0.209132282231548,NA,NA,NA,NA,NA,NA,0.119851386139486,0.101997415501985,0.0755874156563414,0.126856199326561,0.0640800437651671,0.253870926911542
1,0.5,0.2,0.5,0.4,-0.2,1.07437404935146,0.436304121797275,0.242248723016254,0.501042519337118,0.410723737862967,-0.212887989281136,NA,NA,NA,NA,NA,NA,0.103315540301109,0.0945264800585175,0.0672512003368726,0.144181757668278,0.0613268625694273,0.298574605198253
1,0.5,0.2,0.5,0.4,-0.2,1.02702524631059,0.550860755747728,0.286987489168533,0.324771412277592,0.381746444106112,0.108345481668805,NA,NA,NA,NA,NA,NA,0.117825955794697,0.110142383586533,0.0781556011346904,0.14903568924416,0.0630565739625033,0.361267033535983
1,0.5,0.2,0.5,0.4,-0.2,0.925408654632038,0.544953352995019,0.210211272508649,0.690763033931964,0.389973824577826,-0.360221392044316,NA,NA,NA,NA,NA,NA,0.0857010800057111,0.0788110968333931,0.0609821120653351,0.120633057579831,0.0605971310053602,0.233974862279575
1,0.5,0.2,0.5,0.4,-0.2,1.08962020251881,0.376958408494454,0.227185028338568,0.596693689139518,0.473005296437872,-0.475675047201473,NA,NA,NA,NA,NA,NA,0.102141412307708,0.0977234975346017,0.0711551263976532,0.135989728435333,0.0640105425114442,0.246738907307552
1,0.5,0.2,0.5,0.4,-0.2,1.27840690997555,0.256532910603669,0.423372085680458,0.306713014082209,0.445221547982957,-0.1554120016975,NA,NA,NA,NA,NA,NA,0.129204426364943,0.108225316211499,0.0780790734914216,0.136041595532963,0.0683036391172635,0.27533646564291
1,0.5,0.2,0.5,0.4,-0.2,1.19906699297013,0.251942614814764,0.106909226098826,0.484666820628409,0.57110109284732,-0.278929139542933,NA,NA,NA,NA,NA,NA,0.115747075736741,0.0999972663832061,0.0560912554942833,0.138252153903127,0.0680978849650974,0.2698685150156
1,0.5,0.2,0.5,0.4,-0.2,1.18192861185887,0.563123617166422,0.151038580647439,0.325778446094219,0.375877195286213,-0.103940403988002,NA,NA,NA,NA,NA,NA,0.122508376903708,0.119967456621545,0.0896603112620795,0.143486908186933,0.0627418215328267,0.305330630407463
1,0.5,0.2,0.5,0.4,-0.2,1.16089667782941,0.365601109239403,0.17128322308876,0.79334504359445,0.450323060160652,-0.763311932154236,NA,NA,NA,NA,NA,NA,0.0908841437636166,0.0826107104671308,0.0601231736003291,0.155181589481828,0.0700457129151049,0.238811531847885
1,0.5,0.2,0.5,0.4,-0.2,1.03419814794114,0.502560517178766,0.229979636789807,0.345319667718376,0.415042017254576,0.0648615615096649,NA,NA,NA,NA,NA,NA,0.118037830421804,0.104727287190085,0.0819602038592737,0.121819912115379,0.0632212516461632,0.289089975864672
1,0.5,0.2,0.5,0.4,-0.2,1.09280852966539,0.491095634659387,0.233696392912851,0.316617784601383,0.358865505887315,0.179459836778575,NA,NA,NA,NA,NA,NA,0.116595743553132,0.108308682743345,0.0783879379676646,0.119505679260612,0.0664401976715536,0.30075183209457
1,0.5,0.2,0.5,0.4,-0.2,0.96132946569993,0.507770190741906,0.195466320123666,0.434804696903573,0.438979573413694,-0.0803225852092886,NA,NA,NA,NA,NA,NA,0.110648112487475,0.103313986639803,0.071412999347546,0.119645320307962,0.0635536007645723,0.257197367455157
1,0.5,0.2,0.5,0.4,-0.2,1.08069157335902,0.513883551651696,0.327263514776098,0.724002347905583,0.364942936448373,-0.504940322377723,NA,NA,NA,NA,NA,NA,0.0878945916389226,0.0869649005425077,0.0704777162993301,0.167876335286662,0.0691296882456791,0.298406594572379
1,0.5,0.2,0.5,0.4,-0.2,1.05407369035642,0.429689064259864,0.238401589306715,0.505142159966201,0.51410699633835,-0.278343030946573,NA,NA,NA,NA,NA,NA,0.109157250836167,0.0876574990054922,0.0671442750603619,0.139573366102303,0.0637329119864216,0.277422761242422
1,0.5,0.2,0.5,0.4,-0.2,0.765285512125977,0.661838585905923,0.167852988696035,0.581460755447489,0.403146798580761,-0.263620831765679,NA,NA,NA,NA,NA,NA,0.0963228684117531,0.092118276746935,0.0727767171997271,0.12772414938181,0.0646081773776355,0.253061667904881
1,0.5,0.2,0.5,0.4,-0.2,1.17747890226361,0.357815891163789,0.18211351911156,0.316055074122881,0.495278719267999,0.473465349282353,NA,NA,NA,NA,NA,NA,0.119790433374619,0.0960259145059997,0.0598244949400887,0.133878558599944,0.0578970743817601,0.408402132905585
1,0.5,0.2,0.5,0.4,-0.2,0.985945788425731,0.605093057601602,0.082830318736851,0.416345724496239,0.31644055071278,-0.00872038881353553,NA,NA,NA,NA,NA,NA,0.104572600471797,0.0924245268123586,0.0743122280353286,0.132673610348375,0.0611908247458059,0.292907814304046
1,0.5,0.2,0.5,0.4,-0.2,0.976279242367697,0.461109923889095,0.235258823945669,0.347954732488637,0.4585509294006,0.505028882200206,NA,NA,NA,NA,NA,NA,0.110700622796134,0.0975890923662383,0.0636085818227641,0.112463728729897,0.060096476441769,0.356301353050136
1,0.5,0.2,0.5,0.4,-0.2,1.10891891620514,0.371731529934674,0.168688351051441,0.456709263382659,0.537800289087025,-0.204567350575623,NA,NA,NA,NA,NA,NA,0.115109859635444,0.104283784696112,0.0709878993217815,0.137448876707208,0.0648514185228055,0.284307940970879
1,0.5,0.2,0.5,0.4,-0.2,1.15360380158165,0.424355478450503,0.332019271437414,0.688333668260804,0.493814438668237,-0.510330693451955,NA,NA,NA,NA,NA,NA,0.0961300598910622,0.0932623371390434,0.0651482461367443,0.134627761467033,0.065001882670608,0.237036005559885
1,0.5,0.2,0.5,0.4,-0.2,1.10182474359101,0.399555084512242,0.232759352968881,0.223216082761797,0.339308596028194,0.686993234436745,NA,NA,NA,NA,NA,NA,0.120090438599676,0.0977849618030002,0.0757922379129415,0.105685590756156,0.059091880421522,0.349511048520803
1,0.5,0.2,0.5,0.4,-0.2,0.993638087920292,0.455320401886897,0.167537029803628,0.475362113786463,0.348695279405169,-0.166594235315741,NA,NA,NA,NA,NA,NA,0.103314928357399,0.0954746870759811,0.0745371074903049,0.127393978859612,0.0672174564869998,0.270938111206372
1,0.5,0.2,0.5,0.4,-0.2,1.02971116350081,0.583917366886955,0.290754099070953,0.340642178630467,0.270593309266582,-0.0930152507085529,NA,NA,NA,NA,NA,NA,0.118048629132957,0.116497004127362,0.0894357533135115,0.125141482431901,0.0709476671242822,0.255080743433661
1,0.5,0.2,0.5,0.4,-0.2,0.914363355727522,0.522284864137477,0.130088092549877,0.586466087810805,0.400072764958599,-0.271489597538197,NA,NA,NA,NA,NA,NA,0.0953337179337698,0.0837930943189275,0.0609241942648526,0.116469091466809,0.0628912304469951,0.227198255240379
1,0.5,0.2,0.5,0.4,-0.2,0.93498196712012,0.626873118967003,0.205176973409965,0.59774051809296,0.380499028496178,-0.401997939441127,NA,NA,NA,NA,NA,NA,0.0963545831490316,0.0887037107421365,0.0752781268880813,0.134303234860286,0.0643337774653061,0.250794608098324
