"V1","V2","V3","V4","V5","V6","V7","V8","V9","V10","V11","V12","V13","V14","V15","V16","V17","V18","V19","V20","V21","V22","V23","V24"
-1,-0.5,-0.2,0.25,0.7,0.3,-1.04439062153843,-0.477511558296853,-0.172637059860894,0.175093732198747,0.686976886693333,0.551975379889677,NA,NA,NA,NA,NA,NA,0.131960840474263,0.0961526948960911,0.0581415303432721,0.182176952434266,0.0792972457642556,0.532749878228691
-1,-0.5,-0.2,0.25,0.7,0.3,-1.14098091560768,-0.445019497952193,-0.177740040125366,0.155438676424501,0.65810480750554,0.552861490142444,NA,NA,NA,NA,NA,NA,0.132006216401012,0.104981921827286,0.0744126306236765,0.179063764739501,0.0776410845958611,0.546476097649049
-1,-0.5,-0.2,0.25,0.7,0.3,-0.854680233015824,-0.588402009486015,-0.23748384513339,0.536150140915954,0.796775014355673,0.0382488147613784,NA,NA,NA,NA,NA,NA,0.111541598839706,0.0821705029646923,0.05876522662284,0.170297880063121,0.0825845348938906,0.340661136155653
-1,-0.5,-0.2,0.25,0.7,0.3,-1.12128800746748,-0.405020950376132,-0.222488560569004,0.108997193900497,0.765173557273604,0.717288374234106,NA,NA,NA,NA,NA,NA,0.126302924669551,0.0993292477182539,0.0647014671742992,0.176874203196626,0.0746204498414949,0.585208916107305
-1,-0.5,-0.2,0.25,0.7,0.3,-1.03797259036231,-0.4045293719601,-0.24273087153646,0.107373037351469,0.662702292936238,0.666769920412111,NA,NA,NA,NA,NA,NA,0.126113882406659,0.0945933838707816,0.0644335158100162,0.149058980682299,0.0766196002072404,0.450755159604108
-1,-0.5,-0.2,0.25,0.7,0.3,-1.09497703095837,-0.463988529077558,-0.195393871486996,0.276165920567662,0.678259960695954,0.0625803644121671,NA,NA,NA,NA,NA,NA,0.133635940762352,0.103018374612118,0.0764356311831795,0.176937015393228,0.078566017336927,0.370629116037685
-1,-0.5,-0.2,0.25,0.7,0.3,-1.06222054104685,-0.426093835373167,-0.268928675879732,0.490595960641373,0.690192437789583,-0.112438278867597,NA,NA,NA,NA,NA,NA,0.11985772624413,0.0900338880340945,0.0595591644224777,0.182427677346544,0.073611487871212,0.360815196045492
-1,-0.5,-0.2,0.25,0.7,0.3,-0.990157338093741,-0.543795386062118,-0.244892537365945,0.181008178679833,0.701713609834025,0.471641124331681,NA,NA,NA,NA,NA,NA,0.129212179701357,0.0964623989302998,0.0654303821326863,0.148779378347808,0.0815894705519102,0.385977584820139
-1,-0.5,-0.2,0.25,0.7,0.3,-0.988947861837359,-0.498031682779173,-0.119459499645326,0.328588445292124,0.753798912251453,0.059328873394203,NA,NA,NA,NA,NA,NA,0.132476097162179,0.105881279923849,0.0658468707427029,0.152197389846266,0.0832352161542348,0.306424024169442
-1,-0.5,-0.2,0.25,0.7,0.3,-0.841554034909964,-0.590889954929486,-0.154529649259248,0.263071827821976,0.717292027303374,0.658274474702116,NA,NA,NA,NA,NA,NA,0.110591483365705,0.0892630608652911,0.0728483099098344,0.145436985492442,0.0724813165682809,0.435993914351671
-1,-0.5,-0.2,0.25,0.7,0.3,-1.06339180592394,-0.586634235816745,-0.116019465086859,0.0956971832721757,0.614058117764975,0.888718605290823,NA,NA,NA,NA,NA,NA,0.119798071304614,0.0997536914691905,0.0623105110538287,0.150654937672009,0.0796155086820172,0.563561098362307
-1,-0.5,-0.2,0.25,0.7,0.3,-0.795609647263298,-0.664379561387078,-0.33923370799829,0.342851573732238,0.637259580110169,0.274502243849916,NA,NA,NA,NA,NA,NA,0.12433354126888,0.100272959018529,0.0725009872820616,0.206695749082762,0.0817680831417438,0.493302046221469
-1,-0.5,-0.2,0.25,0.7,0.3,-0.761111581131056,-0.669542597813978,-0.191194013059612,0.0334936329578621,0.853452621266838,0.851534893165543,NA,NA,NA,NA,NA,NA,0.140179734866668,0.107109844883711,0.0543915372746191,0.185146687619488,0.0818069058869121,0.635135718687072
-1,-0.5,-0.2,0.25,0.7,0.3,-1.01719625477391,-0.49388714389984,-0.229521795997135,0.13606792254642,0.786768173862291,0.527557164065772,NA,NA,NA,NA,NA,NA,0.13442893491523,0.101621499693467,0.0646711478762876,0.154076911288586,0.0855008431348057,0.408953427187606
-1,-0.5,-0.2,0.25,0.7,0.3,-1.1597070609693,-0.35910925830103,-0.288587032565624,0.0451474883942731,0.842056835073503,0.645840449009274,NA,NA,NA,NA,NA,NA,0.139629965491103,0.0973908347323105,0.0682053711299355,0.178562030798906,0.0864692840237618,0.530325200188077
-1,-0.5,-0.2,0.25,0.7,0.3,-1.04164012457728,-0.383085273272359,-0.26447650445854,0.117358628550832,0.733029549997087,0.911080464715974,NA,NA,NA,NA,NA,NA,0.117606676064976,0.0945353005383977,0.0639313908245459,0.143956269635117,0.0762973148139863,0.54249178801289
-1,-0.5,-0.2,0.25,0.7,0.3,-0.945228784849273,-0.642934962548971,-0.296742888623585,-0.0524788495396515,0.614741011789051,0.925875808214267,NA,NA,NA,NA,NA,NA,0.13454554172834,0.115355406875332,0.0757019027176776,0.159392700514213,0.0724831995065359,0.561387516031415
-1,-0.5,-0.2,0.25,0.7,0.3,-1.04607688441797,-0.38722825103894,-0.160579802196363,0.544693769094927,0.704175359245807,-0.253899573554797,NA,NA,NA,NA,NA,NA,0.121864736699666,0.102681926763488,0.0661034784671169,0.187157096547124,0.0729863978757885,0.345315066576834
-1,-0.5,-0.2,0.25,0.7,0.3,-1.18132303510302,-0.427121751611848,-0.196895714500296,0.25637903153768,0.652995704671511,0.25392659746002,NA,NA,NA,NA,NA,NA,0.125646729220179,0.109414979311938,0.0701942277131965,0.151583719261218,0.0719464613295042,0.349910699133255
-1,-0.5,-0.2,0.25,0.7,0.3,-0.942384207188543,-0.40522929784052,-0.251637943096752,0.294818546585665,0.660308670536505,0.00940225101793206,NA,NA,NA,NA,NA,NA,0.130952566571064,0.097954044184347,0.0634306575724175,0.164471967373979,0.0704482344196566,0.337458345691637
-1,-0.5,-0.2,0.25,0.7,0.3,-0.865466125177293,-0.607204208261306,-0.203260802215674,0.270987825721434,0.475884413845297,0.214003083401517,NA,NA,NA,NA,NA,NA,0.118486793549119,0.102095424197567,0.0752894221316689,0.150898249390127,0.0728780328975777,0.335600331660576
-1,-0.5,-0.2,0.25,0.7,0.3,-1.12120926613076,-0.447567329172315,-0.185385662936401,0.221031130036142,0.825609503227878,0.571642726495656,NA,NA,NA,NA,NA,NA,0.124110401212229,0.0996964324040506,0.0582266940893498,0.151300554472278,0.0779005683342443,0.439551994654358
-1,-0.5,-0.2,0.25,0.7,0.3,-0.800082083298169,-0.610085211699342,-0.210038874580164,0.428080412707133,0.613638489910441,0.13774227895854,NA,NA,NA,NA,NA,NA,0.110144521627081,0.0883359466111011,0.0530147570332512,0.147956189762139,0.0778104236197819,0.314285796837199
-1,-0.5,-0.2,0.25,0.7,0.3,-0.908162728266638,-0.537808312459718,-0.33085205853162,0.432241528158918,0.672948251871496,-0.186809186875981,NA,NA,NA,NA,NA,NA,0.136048065307179,0.111860744312384,0.0684448052958414,0.17878749765141,0.0790180542408639,0.32289506998896
-1,-0.5,-0.2,0.25,0.7,0.3,-0.791878134300835,-0.557100939370526,-0.161791812171741,0.629326463790636,0.532508325779383,-0.507170177344558,NA,NA,NA,NA,NA,NA,0.127728827960477,0.110874309517831,0.0633458802407404,0.231279443255069,0.0742081339828606,0.368459871141933
-1,-0.5,-0.2,0.25,0.7,0.3,-0.97324017306299,-0.6225983798021,-0.22333543649241,0.292911258167957,0.674647548185077,-0.0295300199418024,NA,NA,NA,NA,NA,NA,0.141397725906415,0.11553682077544,0.0634449229521839,0.169936895916062,0.0771338789016373,0.339254967574706
-1,-0.5,-0.2,0.25,0.7,0.3,-1.0848045171757,-0.475870825128696,-0.2019637113865,0.271783205082155,0.667731488229758,0.11307310908179,NA,NA,NA,NA,NA,NA,0.140436545886152,0.116423501179056,0.0721822736191534,0.215652517185135,0.0771486888486886,0.480285385738955
-1,-0.5,-0.2,0.25,0.7,0.3,-1.0118014504772,-0.506336626284362,-0.190082357002837,0.684660873009547,0.79145142115061,-0.624938457314653,NA,NA,NA,NA,NA,NA,0.136057821418089,0.107406003425529,0.0610406666313682,0.213102950506648,0.0760922036868674,0.325079163253446
-1,-0.5,-0.2,0.25,0.7,0.3,-0.866415652956589,-0.701685092138924,-0.307570392354867,0.341979598471273,0.492818437689228,-0.0837979721524708,NA,NA,NA,NA,NA,NA,0.136167556051306,0.120233875284259,0.0864465584410212,0.209421510731149,0.0842770482838841,0.400848173837108
-1,-0.5,-0.2,0.25,0.7,0.3,-1.13697208350185,-0.343099725911305,-0.293595805001027,0.234304962000499,0.89213647200937,0.502900115615152,NA,NA,NA,NA,NA,NA,0.127034198818855,0.0980015914101837,0.0565869899499259,0.191183304354441,0.0781411937395936,0.543463826561873
-1,-0.5,-0.2,0.25,0.7,0.3,-0.991352711701728,-0.576606180777234,-0.176384974236278,0.274504083537931,0.653545918329848,0.322099619179968,NA,NA,NA,NA,NA,NA,0.120753212965652,0.0946592195875579,0.0652547298253802,0.1615198870821,0.0760014309197263,0.39389519690907
-1,-0.5,-0.2,0.25,0.7,0.3,-1.13960645814561,-0.376941964222585,-0.188666808659096,0.332650865399716,0.690172703641527,0.512887955415512,NA,NA,NA,NA,NA,NA,0.111120094978679,0.0898443574135117,0.0639453849645999,0.139549476943281,0.0733957061157677,0.402329763830654
-1,-0.5,-0.2,0.25,0.7,0.3,-0.863860932675803,-0.588183431912036,-0.180348331681802,0.343141961427833,0.791391918137283,0.294965989692372,NA,NA,NA,NA,NA,NA,0.1200695507987,0.0918580449436794,0.0617029430733484,0.160482869266076,0.0759510037511522,0.390191683619385
-1,-0.5,-0.2,0.25,0.7,0.3,-1.05604325477034,-0.351444180334281,-0.219319150930028,0.289308328845736,0.808141255236868,0.203699763894953,NA,NA,NA,NA,NA,NA,0.133951243475991,0.101818394409091,0.0592342794543768,0.171819626487295,0.0833708051608514,0.391869289594031
-1,-0.5,-0.2,0.25,0.7,0.3,-1.04558648307733,-0.374856830082331,-0.142868492177856,0.191132627588105,0.692478179635821,0.756856260198858,NA,NA,NA,NA,NA,NA,0.117105612907554,0.10244914640751,0.0668928180758178,0.146772410447321,0.0782509684484585,0.475627820783902
-1,-0.5,-0.2,0.25,0.7,0.3,-1.04492214790211,-0.421842350213482,-0.200698454511081,0.278243758950397,0.655189129305776,0.048655900971883,NA,NA,NA,NA,NA,NA,0.135299261347697,0.111052786989738,0.0667736433042181,0.158228951408998,0.0759712504561501,0.318087765994887
-1,-0.5,-0.2,0.25,0.7,0.3,-0.7002983314305,-0.73660144219291,-0.21330616010478,0.18096431507915,0.609926527505853,0.347375016376469,NA,NA,NA,NA,NA,NA,0.135863755436069,0.115810607856464,0.0853289135768297,0.186182585256079,0.0784760883439457,0.453390551547402
-1,-0.5,-0.2,0.25,0.7,0.3,-1.00242917219766,-0.49740212236888,-0.24087468406356,0.286374749702568,0.882297864957281,0.372550098562524,NA,NA,NA,NA,NA,NA,0.128140662219516,0.100902825091947,0.0425368128075684,0.177323488415452,0.0875529105563605,0.444974950461249
-1,-0.5,-0.2,0.25,0.7,0.3,-0.878822268836662,-0.507736652600576,-0.135627918074581,0.196792032095816,0.731748657256584,0.733135504956497,NA,NA,NA,NA,NA,NA,0.114133717305037,0.0936038568621611,0.0567567742147278,0.146948950372612,0.0775211662475538,0.464904854776335
-1,-0.5,-0.2,0.25,0.7,0.3,-0.913382946261852,-0.556133666690735,-0.158417609343819,0.236977409063003,0.74234255708783,0.944764670202622,NA,NA,NA,NA,NA,NA,0.107620082743793,0.0981068925006228,0.0599913912247322,0.15279269725163,0.0724062236502645,0.581369748436013
-1,-0.5,-0.2,0.25,0.7,0.3,-0.837093182461184,-0.722105066731658,-0.279578456152673,0.463217282038437,0.637779481369681,-0.151318267853287,NA,NA,NA,NA,NA,NA,0.126004300296533,0.10976522108898,0.0630922788957893,0.163802790638237,0.0748642159155982,0.299923133473494
-1,-0.5,-0.2,0.25,0.7,0.3,-0.979304589371469,-0.559051407380785,-0.245669370606127,0.358049073747469,0.713718658068686,-0.0323600627147625,NA,NA,NA,NA,NA,NA,0.136295102289415,0.114501127725431,0.0671249578067202,0.204450938433281,0.0761699660714737,0.413721701388727
-1,-0.5,-0.2,0.25,0.7,0.3,-0.975296904140242,-0.569342741205401,-0.193526532534427,0.226337030735724,0.767365720905097,0.27736701055155,NA,NA,NA,NA,NA,NA,0.135789830477979,0.113177317476597,0.0707829623053967,0.16771842683343,0.0868335012635422,0.383932795555417
-1,-0.5,-0.2,0.25,0.7,0.3,-0.974694227504186,-0.50742489709078,-0.167130015540857,0.285310346368751,0.699416717706301,0.456164137394344,NA,NA,NA,NA,NA,NA,0.118863893209467,0.101857158424888,0.0516912247748111,0.167315472352815,0.0779132963139626,0.438068003562571
-1,-0.5,-0.2,0.25,0.7,0.3,-1.09960979187728,-0.420131960777595,-0.0953507816769209,0.186670858264046,0.596320023279516,0.254875018486877,NA,NA,NA,NA,NA,NA,0.133164781428757,0.106887726991303,0.0834161970961253,0.175355053992522,0.0655547860342451,0.441993924138194
-1,-0.5,-0.2,0.25,0.7,0.3,-0.918233929793232,-0.495928492612005,-0.259664200718089,0.461740202880758,0.708223554565781,-0.0750310217146949,NA,NA,NA,NA,NA,NA,0.12561187023748,0.101165802691229,0.0583531106697679,0.191150012157817,0.0771904850300933,0.369068922751085
-1,-0.5,-0.2,0.25,0.7,0.3,-0.899111832333881,-0.570618572741692,-0.188395925123847,-0.0125487682056947,0.663262344366542,0.989472638699949,NA,NA,NA,NA,NA,NA,0.129540139977748,0.123051163269047,0.0786601304961621,0.153848204673363,0.0751289192810298,0.577532139766437
-1,-0.5,-0.2,0.25,0.7,0.3,-0.957247094058586,-0.495123139161207,-0.16411898824805,0.147654435216542,0.792290647158627,0.461403666266662,NA,NA,NA,NA,NA,NA,0.131799532468697,0.0975619836854835,0.0500542175677965,0.169704306436788,0.0771067316371713,0.437114834372426
-1,-0.5,-0.2,0.25,0.7,0.3,-1.07972704583003,-0.468717648313104,-0.197336285261146,-0.0669077995396277,0.831379825250016,1.31819914469928,NA,NA,NA,NA,NA,NA,0.145006860107742,0.113851733950459,0.0697534307594206,0.169415172177875,0.0859261312592803,0.863027066364095
-1,-0.5,-0.2,0.25,0.7,0.3,-1.18015300166667,-0.331459135295131,-0.222971039510442,0.155200134856702,0.789314911701905,0.306947920075362,NA,NA,NA,NA,NA,NA,0.143513578080327,0.128656372202644,0.0699255088051876,0.151943153677415,0.0803391169865157,0.373469081272053
-1,-0.5,-0.2,0.25,0.7,0.3,-0.967662214828077,-0.534318988472728,-0.23240492319619,0.452639013520184,0.589501779209991,0.0830249686711327,NA,NA,NA,NA,NA,NA,0.110725274426602,0.0906254888199351,0.0571374132717089,0.145254484462948,0.0790324935507568,0.309974588592656
-1,-0.5,-0.2,0.25,0.7,0.3,-1.29227537262918,-0.282147786445741,-0.158991078472402,-0.00345106976058854,0.738078637338645,0.514936376160065,NA,NA,NA,NA,NA,NA,0.154018714175868,0.121014123721261,0.0690302514431347,0.149940473386824,0.0778251844071814,0.392694072470812
-1,-0.5,-0.2,0.25,0.7,0.3,-0.926679876857521,-0.599931810086706,-0.170572978080593,0.192098529070538,0.74771241908723,0.397998110314711,NA,NA,NA,NA,NA,NA,0.128540860125536,0.108630069826421,0.0687068972645247,0.171135883150413,0.0731871744597871,0.439995325538253
-1,-0.5,-0.2,0.25,0.7,0.3,-0.939443783716366,-0.54566634649871,-0.356058547429704,0.365674791821282,0.653636484021436,-0.0217924049351945,NA,NA,NA,NA,NA,NA,0.127154603546649,0.111837089239884,0.0650202454666866,0.16838848342349,0.0704846497752045,0.344550516992362
-1,-0.5,-0.2,0.25,0.7,0.3,-1.06065364641149,-0.523688682513541,-0.153087498256982,0.46433481902318,0.674263044557778,-0.120345910950785,NA,NA,NA,NA,NA,NA,0.124168401783002,0.101668539648624,0.0606771321931123,0.173875354183869,0.0728796436371615,0.337437986448452
-1,-0.5,-0.2,0.25,0.7,0.3,-0.99516489369445,-0.565598057833703,-0.20254093845172,0.102453184863215,0.689062039426997,0.813217386491754,NA,NA,NA,NA,NA,NA,0.125511521898935,0.105262992958556,0.0570853107523076,0.161039728246272,0.0781044861222557,0.561979170009736
-1,-0.5,-0.2,0.25,0.7,0.3,-0.914056730458749,-0.521989016807917,-0.257146693119639,0.243073605182882,0.674949702002275,0.462661806785927,NA,NA,NA,NA,NA,NA,0.136486875760624,0.107055494695236,0.0679464276082529,0.224603762539001,0.086885239615892,0.626073957368453
-1,-0.5,-0.2,0.25,0.7,0.3,-0.718550923607894,-0.648437919316092,-0.259378307017895,0.470993634850704,0.640709859586413,0.150813861934211,NA,NA,NA,NA,NA,NA,0.108842589686556,0.0867077090987128,0.0612664869891665,0.183462513469794,0.0813324815165766,0.384183130745841
-1,-0.5,-0.2,0.25,0.7,0.3,-1.01083939969633,-0.460562170808072,-0.205553452255579,0.153729504051002,0.87754459728267,0.278242534519438,NA,NA,NA,NA,NA,NA,0.152383106300828,0.117320207755334,0.0556919372670011,0.22172088028394,0.0940141744195621,0.532558333641966
-1,-0.5,-0.2,0.25,0.7,0.3,-1.06455358429239,-0.522481800935134,-0.12080523045132,-0.0812686057979746,0.791662047547462,2.13218110404351,NA,NA,NA,NA,NA,NA,0.121642860148006,0.0959142375360767,0.0658808396916736,0.129349760152981,0.0741129042114191,1.29517665961112
-1,-0.5,-0.2,0.25,0.7,0.3,-0.903465498561275,-0.499893795552648,-0.128522141026012,0.523217987371387,0.727438118715858,0.173005192421445,NA,NA,NA,NA,NA,NA,0.0999524607963549,0.0798981328341874,0.0573109881019202,0.157532484206294,0.0722671243410842,0.374756051327845
-1,-0.5,-0.2,0.25,0.7,0.3,-0.970341567810807,-0.496710159503845,-0.219212488964494,0.352566449780916,0.690062786131316,-0.047302355786288,NA,NA,NA,NA,NA,NA,0.135000602487299,0.117484798963806,0.0728666496066559,0.173164436740472,0.0776432602507428,0.322601063833772
-1,-0.5,-0.2,0.25,0.7,0.3,-0.961165649999722,-0.467960375707328,-0.191208595987771,0.324559330947996,0.602048963148411,-0.0276653989210065,NA,NA,NA,NA,NA,NA,0.132301958725104,0.109457671743792,0.0725580212830087,0.182652034553461,0.0780305744376702,0.35479970659857
-1,-0.5,-0.2,0.25,0.7,0.3,-1.01507124488086,-0.530393976979163,-0.162849906201228,0.241244025220768,0.725630465994561,0.402575244899179,NA,NA,NA,NA,NA,NA,0.131181088085931,0.105849842494416,0.0588896058907102,0.166298776577608,0.0827612803728817,0.441247394030868
-1,-0.5,-0.2,0.25,0.7,0.3,-1.02864854885664,-0.480892233659347,-0.272750214039703,0.373202600158953,0.766181651109175,0.0711227110318938,NA,NA,NA,NA,NA,NA,0.11665199204401,0.0895386188884826,0.0590591453927832,0.152354958730755,0.0769712011079991,0.309048770712676
-1,-0.5,-0.2,0.25,0.7,0.3,-0.943483533154503,-0.550757981677787,-0.232958145132557,0.497137127629674,0.696678484359502,-0.0805593827838752,NA,NA,NA,NA,NA,NA,0.117892887321778,0.0977514404365295,0.0636403754240812,0.180725132625666,0.0783028474793277,0.345188637046137
-1,-0.5,-0.2,0.25,0.7,0.3,-1.0778052171985,-0.518811453906051,-0.243110541836146,0.151554541374408,0.755987675972562,0.983683449556962,NA,NA,NA,NA,NA,NA,0.115897003441024,0.0921936518948144,0.0515428616857538,0.14676667360393,0.0723631405043966,0.601031118606316
-1,-0.5,-0.2,0.25,0.7,0.3,-0.96013249649118,-0.61868181714296,-0.212922161991649,0.239627077030191,0.739448082115251,0.288604072755772,NA,NA,NA,NA,NA,NA,0.132749125349358,0.115168494849737,0.0625619547364752,0.166228139526822,0.0786472103516827,0.380081219019752
-1,-0.5,-0.2,0.25,0.7,0.3,-1.04015955808461,-0.393599957058577,-0.230050645975891,0.51538650691975,0.792254518502073,-0.203004323002299,NA,NA,NA,NA,NA,NA,0.132573460070287,0.115101554023095,0.0521620593956223,0.212195537495629,0.0798688590397059,0.402717219018868
-1,-0.5,-0.2,0.25,0.7,0.3,-0.829196471150516,-0.615862230860889,-0.170158530035992,0.408613442880105,0.695689472443866,-0.00761472729699122,NA,NA,NA,NA,NA,NA,0.123294606519355,0.100656350742381,0.0674310760765367,0.21109758981121,0.0755198726042045,0.423296886104023
-1,-0.5,-0.2,0.25,0.7,0.3,-0.904794330664482,-0.525688864550348,-0.262108427629934,0.3761025250229,0.632976391932927,-0.0528531612089725,NA,NA,NA,NA,NA,NA,0.128027532397189,0.111798828229224,0.0785368812307467,0.178526684214878,0.0757035524480046,0.353576694867675
-1,-0.5,-0.2,0.25,0.7,0.3,-0.846087994441818,-0.648110061371396,-0.186094346441758,0.0331723052123302,0.828238010523217,0.766188207127639,NA,NA,NA,NA,NA,NA,0.139723343712774,0.109190481829985,0.0610701253493184,0.187093605323361,0.0870247348908657,0.595649710294998
-1,-0.5,-0.2,0.25,0.7,0.3,-0.997045532196742,-0.489773049816032,-0.210550271024396,0.275427720758511,0.599305372793549,0.346123197066463,NA,NA,NA,NA,NA,NA,0.119492621038619,0.104502461234875,0.0695476753600155,0.177084341103001,0.0755550830148321,0.438171721237519
-1,-0.5,-0.2,0.25,0.7,0.3,-1.07435366570763,-0.453681028492247,-0.0927608063931864,0.201128881528284,0.619895914759168,0.188445586336926,NA,NA,NA,NA,NA,NA,0.138235182828272,0.111433530920804,0.0803468226183201,0.166009157325782,0.0781313760415062,0.364478466846864
-1,-0.5,-0.2,0.25,0.7,0.3,-0.968628769529363,-0.467774324620003,-0.266390980039053,0.556903477214006,0.699723472532033,-0.199268503066492,NA,NA,NA,NA,NA,NA,0.124789158227722,0.102897738040446,0.0581885719050582,0.185331229190512,0.0793338448152936,0.343172433421895
-1,-0.5,-0.2,0.25,0.7,0.3,-0.946129069769885,-0.485667092817506,-0.191442277470787,0.357221538303316,0.77149806698729,0.152015617154254,NA,NA,NA,NA,NA,NA,0.133183696734552,0.118850445854178,0.0713773985528582,0.169310929898833,0.0827462070543506,0.37891613801221
-1,-0.5,-0.2,0.25,0.7,0.3,-1.03334508999796,-0.40298310454967,-0.208812311936712,-0.0459238877395996,0.91138982330312,1.30842633414982,NA,NA,NA,NA,NA,NA,0.158603859583623,0.116378893756697,0.0555688124837962,0.195600190764045,0.0870852796592048,1.01924752852904
-1,-0.5,-0.2,0.25,0.7,0.3,-0.918053220043195,-0.624526818236188,-0.234517112721224,0.221631995782432,0.68603906179856,0.202205611547836,NA,NA,NA,NA,NA,NA,0.14299573199291,0.121143974232564,0.0695827513948923,0.166669664531964,0.0854869257599733,0.366709592411401
-1,-0.5,-0.2,0.25,0.7,0.3,-1.13970628490754,-0.444074938138071,-0.310504669455896,-0.073359646025599,0.780716792294474,0.949969859392075,NA,NA,NA,NA,NA,NA,0.144584539950087,0.114740564505218,0.0723040744914304,0.163021985464431,0.0775930367935732,0.576766970924286
-1,-0.5,-0.2,0.25,0.7,0.3,-0.926846388194638,-0.662067509199399,-0.349541249615659,0.359915149253147,0.559299569783099,0.25188054278522,NA,NA,NA,NA,NA,NA,0.110101062599249,0.0969832273962123,0.0742473547301347,0.140754687510896,0.0716562053388749,0.325503700799213
-1,-0.5,-0.2,0.25,0.7,0.3,-0.917409788150521,-0.632446058032546,-0.197481141565794,0.259026638687109,0.643732777793856,0.419197056003333,NA,NA,NA,NA,NA,NA,0.12577705499986,0.102772424800377,0.0733299904053404,0.173911158236725,0.082410905537795,0.461948125798595
-1,-0.5,-0.2,0.25,0.7,0.3,-1.11469402728352,-0.359085262340731,-0.236585828647628,0.313068509145931,0.712063141642424,0.1736694798226,NA,NA,NA,NA,NA,NA,0.12604068498529,0.103354111620096,0.0670046419361168,0.175500631719341,0.0746710670482809,0.409886645835626
-1,-0.5,-0.2,0.25,0.7,0.3,-1.02038849181899,-0.453010963610965,-0.213729357415512,0.454007364807745,0.779561202815109,0.134377456367598,NA,NA,NA,NA,NA,NA,0.1133810757703,0.0926816031836419,0.0541615914216039,0.15438220548838,0.0779758108883354,0.33279383547081
-1,-0.5,-0.2,0.25,0.7,0.3,-0.927483531012104,-0.672613749326903,-0.281553160948179,0.104783297432681,0.698445626850048,0.96740093619574,NA,NA,NA,NA,NA,NA,0.111880726400505,0.0947234438463135,0.0700277404777915,0.141123203993798,0.0682170652486298,0.530169555867225
-1,-0.5,-0.2,0.25,0.7,0.3,-0.775565019374093,-0.611487397148261,-0.10838600704385,0.53129444871963,0.688375023115072,-0.0225612443937164,NA,NA,NA,NA,NA,NA,0.115135965797351,0.0929931705284533,0.0572433584940026,0.182769475977794,0.0760565304286057,0.371089303988948
-1,-0.5,-0.2,0.25,0.7,0.3,-0.962778875813273,-0.482111015579231,-0.347187709152476,0.122207752651249,0.753653174417927,0.878114115024802,NA,NA,NA,NA,NA,NA,0.125775561313062,0.104487123581496,0.0677731480096819,0.149320840496057,0.0781599641719359,0.518827844953378
-1,-0.5,-0.2,0.25,0.7,0.3,-0.868096345367769,-0.605820800950948,-0.207708514027996,0.323550796922768,0.694128933791633,0.241068011164211,NA,NA,NA,NA,NA,NA,0.123512570766638,0.0959995094442906,0.0608163550766073,0.17227804206999,0.0841051973394105,0.374734647478691
-1,-0.5,-0.2,0.25,0.7,0.3,-0.816076978137434,-0.528240602785119,-0.325730014787862,0.443483714093929,0.781477845325032,0.134057518912896,NA,NA,NA,NA,NA,NA,0.115724100051823,0.0926004749388883,0.051501913470181,0.174326961513017,0.0782384096581668,0.375159232720411
-1,-0.5,-0.2,0.25,0.7,0.3,-1.10795192637979,-0.368089601808994,-0.149169162224289,0.293081071266175,0.780101735589938,0.483683719973444,NA,NA,NA,NA,NA,NA,0.117526502249489,0.0900095476227004,0.0517035885025542,0.158715645962769,0.0773365092600876,0.448829431869629
-1,-0.5,-0.2,0.25,0.7,0.3,-1.01704014003496,-0.504665081497721,-0.366062347434495,0.314966370767482,0.761058284403998,0.0225373034184555,NA,NA,NA,NA,NA,NA,0.140871818907519,0.115700517829203,0.0630342688433149,0.18358712390811,0.0809361632113103,0.371149098646787
-1,-0.5,-0.2,0.25,0.7,0.3,-1.08995446085191,-0.384971510966242,-0.262818678178916,0.0502832409935226,0.809537551777674,1.01816462549129,NA,NA,NA,NA,NA,NA,0.126537077375029,0.0909511792781745,0.0540462081866601,0.167113826913958,0.0755237648238774,0.699786768586124
-1,-0.5,-0.2,0.25,0.7,0.3,-0.784367950955078,-0.656260384374689,-0.35049281147478,0.235479111444042,0.547680340396899,0.187424836916602,NA,NA,NA,NA,NA,NA,0.125832484025561,0.11539116213938,0.0902596680078812,0.157547972019345,0.0726225104882345,0.346348906701296
-1,-0.5,-0.2,0.25,0.7,0.3,-0.887825677369853,-0.573169207102364,-0.303750917936178,0.35186083021098,0.739642879284346,-0.0411030694713038,NA,NA,NA,NA,NA,NA,0.137058448681281,0.106083657159026,0.0550831489749741,0.210846345241493,0.0794475801768183,0.415372735101636
-1,-0.5,-0.2,0.25,0.7,0.3,-0.84749466795923,-0.540111722339349,-0.245584776968846,0.171388624120381,0.824062149524566,0.495785933715467,NA,NA,NA,NA,NA,NA,0.137473536505541,0.105508791734789,0.0586321525286451,0.179131486098142,0.0830180324661413,0.471805918751878
-1,-0.5,-0.2,0.25,0.7,0.3,-0.840351243596961,-0.567548487669657,-0.210969767607411,0.343141194014011,0.731563764131365,0.0333385598223559,NA,NA,NA,NA,NA,NA,0.131574000550676,0.101409634692892,0.0725089171335067,0.192260054108114,0.0837968443394482,0.375324818563488
-1,-0.5,-0.2,0.25,0.7,0.3,-1.11281753401759,-0.41795765355487,-0.149621858840424,0.061108136623911,0.75046147725857,0.606961291609153,NA,NA,NA,NA,NA,NA,0.145838566635059,0.119571097392175,0.0659897270106361,0.142301002165038,0.0801212067720446,0.409595365683611
-1,-0.5,-0.2,0.25,0.7,0.3,-1.10974111551589,-0.45664200653842,-0.0759564419764578,0.197648798051934,0.642914531216232,0.340697700802617,NA,NA,NA,NA,NA,NA,0.126977331223918,0.106784836111948,0.079774048376719,0.162674477916173,0.0715370648965659,0.427192084109032
-1,-0.5,-0.2,0.25,0.7,0.3,-1.10196375243313,-0.485177425242106,-0.192380697760645,0.21830421891954,0.635475500962274,0.51211974532683,NA,NA,NA,NA,NA,NA,0.122485811778465,0.105300178952795,0.0698828611613707,0.166936815530708,0.0782227505720042,0.452229199478139
-1,-0.5,-0.2,0.25,0.7,0.3,-1.00485796118379,-0.435132931483608,-0.270828036835946,0.255302248750467,0.751124869585463,0.224389614999387,NA,NA,NA,NA,NA,NA,0.136120079982109,0.110438526724461,0.0645104347857603,0.156170341561538,0.0874797759756286,0.341900662838891
-1,-0.5,-0.2,0.25,0.7,0.3,-1.00887345269773,-0.608614037922824,-0.250033173129714,0.284448160204892,0.753069886989981,0.308520561228799,NA,NA,NA,NA,NA,NA,0.125913666649508,0.0962474907679655,0.0614952292321078,0.170463344597109,0.0832743497930467,0.407436633131618
-1,-0.5,-0.2,0.25,0.7,0.3,-1.01013366436584,-0.505353152830361,-0.321609024087749,0.26144128721742,0.656814165854698,0.224034434015038,NA,NA,NA,NA,NA,NA,0.130455493444008,0.114292563709652,0.0770852160114364,0.162122764319642,0.0770710863017063,0.366319888314453
-1,-0.5,-0.2,0.25,0.7,0.3,-1.11860865792028,-0.418034055419184,-0.156571772006857,-0.0475210875406196,0.633708517973951,0.755496845962729,NA,NA,NA,NA,NA,NA,0.146786547276378,0.110741449365335,0.0873778958499457,0.18083377902438,0.0743938603249529,0.600370523484543
-1,-0.5,-0.2,0.25,0.7,0.3,-0.997692858135427,-0.506454843640942,-0.211293688480275,0.342731553828341,0.719831061162082,-0.0318286979124332,NA,NA,NA,NA,NA,NA,0.133503790430413,0.108318570607444,0.0631483131252006,0.186361393894225,0.0732833221454725,0.389405065231163
-1,-0.5,-0.2,0.25,0.7,0.3,-0.82873754648447,-0.598901714905469,-0.204155486834152,0.366203733520461,0.747769558481841,0.4576403723241,NA,NA,NA,NA,NA,NA,0.111009587178212,0.0904591802541805,0.0593317104923346,0.154957479168624,0.078474244664976,0.412439742822423
-1,-0.5,-0.2,0.25,0.7,0.3,-0.878320525072412,-0.537647383636598,-0.185872077751067,0.13788779643621,0.75896213849703,0.663697005214585,NA,NA,NA,NA,NA,NA,0.123927392012056,0.0817804666023602,0.0617698557342994,0.176927790386195,0.0687753944987394,0.532519208787162
-1,-0.5,-0.2,0.25,0.7,0.3,-1.05205517307685,-0.429444686053145,-0.203397101884525,0.350041829303556,0.64403346101091,0.230811069010944,NA,NA,NA,NA,NA,NA,0.116826701416428,0.0996810213274587,0.0602295067558901,0.162156585140918,0.0706907662363808,0.388451414906223
-1,-0.5,-0.2,0.25,0.7,0.3,-1.20198057479135,-0.466413483366274,-0.172084676425317,0.117406325260858,0.726465984375643,0.615240962998311,NA,NA,NA,NA,NA,NA,0.130504606723203,0.108736164225161,0.0574272557095973,0.164345102840039,0.0774312177122082,0.496868248316881
-1,-0.5,-0.2,0.25,0.7,0.3,-0.993220205056487,-0.532369323510691,-0.259759991198584,0.0324256760144957,0.76623374370662,0.835795193814797,NA,NA,NA,NA,NA,NA,0.131554043293316,0.105670557256493,0.0708471570986637,0.153153710647697,0.079618861328188,0.520707512390675
-1,-0.5,-0.2,0.25,0.7,0.3,-0.982094426346736,-0.355259983453859,-0.267658298831532,-0.0581207011001642,0.988056698658729,2.28638424391536,NA,NA,NA,NA,NA,NA,0.119941498078334,0.0925072896431818,0.0436856992378749,0.164051115027983,0.0827177904140107,2.01375944461913
-1,-0.5,-0.2,0.25,0.7,0.3,-0.979933799758047,-0.549609558856956,-0.283373726158739,0.28670441450326,0.634841316842635,0.183690123517751,NA,NA,NA,NA,NA,NA,0.133239924278118,0.102000011849569,0.0657417127760902,0.233184821861947,0.0743066571104506,0.54662143203586
-1,-0.5,-0.2,0.25,0.7,0.3,-1.11205259569049,-0.421110956575722,-0.311114572650411,0.192575828777686,0.665295602497779,0.49300281654376,NA,NA,NA,NA,NA,NA,0.124138160916643,0.0989440423088393,0.0679005161664778,0.163041240857177,0.0711641431345893,0.47746633937488
-1,-0.5,-0.2,0.25,0.7,0.3,-0.844523747955177,-0.672225184163878,-0.102794475689125,0.261098551955603,0.786781979873793,0.485845182871396,NA,NA,NA,NA,NA,NA,0.117131258262477,0.0943195450374595,0.0566594554448925,0.14478080863359,0.0785977251612005,0.372015744880528
-1,-0.5,-0.2,0.25,0.7,0.3,-0.955687922195995,-0.58776439925332,-0.282795296822275,0.0517769498759443,0.796368359008831,0.537002433265313,NA,NA,NA,NA,NA,NA,0.146848280956228,0.111421837947295,0.0764826554257212,0.201865735825726,0.0772082220898438,0.565777064937201
-1,-0.5,-0.2,0.25,0.7,0.3,-1.14293918025226,-0.402930347966565,-0.116529597038218,0.400983992086029,0.655012628717308,-0.227493080588777,NA,NA,NA,NA,NA,NA,0.137936356581184,0.121175362052595,0.080334802580978,0.168167777287634,0.0795948226924234,0.307997582899059
-1,-0.5,-0.2,0.25,0.7,0.3,-0.891884631145053,-0.550737284877994,-0.249159504307389,0.374132672901406,0.804774914092012,-0.0554036245567812,NA,NA,NA,NA,NA,NA,0.140352080708963,0.11226639067996,0.0567454405137425,0.197624653884533,0.0790121103335949,0.379134175480579
-1,-0.5,-0.2,0.25,0.7,0.3,-0.655055225162059,-0.694823272182185,-0.254097829646661,0.4885557884388,0.65734934703509,0.049276158103519,NA,NA,NA,NA,NA,NA,0.115545480991742,0.092050722336964,0.0557600853003333,0.18130890803915,0.0868560925895432,0.36457635238213
-1,-0.5,-0.2,0.25,0.7,0.3,-0.872268424959239,-0.656260785566096,-0.235518913500662,0.251349196590138,0.723921218404509,0.142229597209389,NA,NA,NA,NA,NA,NA,0.145207610606617,0.120648972817745,0.0594415994101997,0.202345876605542,0.0824311335379059,0.42844294607831
-1,-0.5,-0.2,0.25,0.7,0.3,-0.918737458272183,-0.557919701687524,-0.271496998100042,0.273435326472676,0.783299702654021,0.442232319162872,NA,NA,NA,NA,NA,NA,0.118147670296938,0.0841422277261725,0.0565330765337958,0.155139838980617,0.0771501896869518,0.408071590879631
-1,-0.5,-0.2,0.25,0.7,0.3,-0.74864435971893,-0.620460230897084,-0.201378035483152,0.272724299481375,0.857889072656649,0.733340857102217,NA,NA,NA,NA,NA,NA,0.114487902899897,0.0859314456358701,0.0465992502504966,0.153209099893858,0.0803437117731463,0.49606906133581
-1,-0.5,-0.2,0.25,0.7,0.3,-1.06480493080126,-0.492595500741351,-0.0958455139766904,0.266432824241169,0.734168425901528,0.0541612000384244,NA,NA,NA,NA,NA,NA,0.141063216858949,0.118602838264127,0.0730363526172604,0.172142519070014,0.0819111206072953,0.361145728040507
-1,-0.5,-0.2,0.25,0.7,0.3,-0.851087922980431,-0.718323989762532,-0.147913263380554,0.520874811780911,0.553775122949376,-0.00900056631784919,NA,NA,NA,NA,NA,NA,0.106878693788696,0.0837435464126157,0.0648650967368548,0.153689586369666,0.0737490713925418,0.315725369219578
-1,-0.5,-0.2,0.25,0.7,0.3,-0.938350655491827,-0.54044528085891,-0.254844135652656,0.358618306144258,0.714841185573832,-0.0416660663075885,NA,NA,NA,NA,NA,NA,0.130257684140918,0.101015112239,0.0623332903758953,0.181011542723598,0.0791268750971874,0.355651590806947
-1,-0.5,-0.2,0.25,0.7,0.3,-0.897313356319969,-0.619428460605564,-0.127707834104378,0.0809571480236594,0.664766332745235,0.627497939726725,NA,NA,NA,NA,NA,NA,0.131343389648899,0.111497419759866,0.0765036926109836,0.15215719046474,0.0819747769767487,0.426513920508346
-1,-0.5,-0.2,0.25,0.7,0.3,-0.786114471715149,-0.65318841760025,-0.160539907437679,0.395130636870705,0.792443667735319,0.0544267608172822,NA,NA,NA,NA,NA,NA,0.12451491078832,0.102395497888112,0.0549911987560162,0.200295996423451,0.0763872659781404,0.421182633799862
-1,-0.5,-0.2,0.25,0.7,0.3,-0.981539967874664,-0.454619367400692,-0.23999434006093,0.103630833628485,0.732821866162488,0.58890116856019,NA,NA,NA,NA,NA,NA,0.138019247445372,0.114962731418817,0.0720024067537819,0.167762923703254,0.0841542898584454,0.479294038739476
-1,-0.5,-0.2,0.25,0.7,0.3,-0.655819027617938,-0.704598558580306,-0.318405015834769,0.303103215606089,0.74128550951264,0.34233082500201,NA,NA,NA,NA,NA,NA,0.11814933697582,0.0946011112485747,0.0555634909538917,0.149942101088082,0.0791840867083863,0.379169136003055
-1,-0.5,-0.2,0.25,0.7,0.3,-1.01961844015952,-0.554220120442176,-0.236250142517808,0.0861509742577567,0.567996200428576,0.924774269020664,NA,NA,NA,NA,NA,NA,0.113848383385282,0.0986276087178336,0.0752511856941563,0.134715608755092,0.0691203123603676,0.488122541597419
-1,-0.5,-0.2,0.25,0.7,0.3,-0.982868507311809,-0.51571902186819,-0.207243321928055,0.395305055797292,0.738548643498494,-0.0770126185656219,NA,NA,NA,NA,NA,NA,0.128262151992348,0.104540197016777,0.0703413696836019,0.173646156184088,0.0751428114767463,0.333788127186343
-1,-0.5,-0.2,0.25,0.7,0.3,-0.732490865818213,-0.620641531305343,-0.230899701054205,0.485433432521136,0.728763494643597,-0.0581960712031304,NA,NA,NA,NA,NA,NA,0.129802988212182,0.110967064633448,0.0604990141894844,0.20696919380718,0.0805153520824399,0.420545868377823
-1,-0.5,-0.2,0.25,0.7,0.3,-0.935816866233897,-0.528787973426846,-0.289840225320663,-0.0273146751604078,0.701851402133866,1.06726240824932,NA,NA,NA,NA,NA,NA,0.135456936510741,0.124937967960108,0.077208882254955,0.154506952478328,0.0842666824997435,0.604093265099919
-1,-0.5,-0.2,0.25,0.7,0.3,-0.931926988888036,-0.650491266422437,-0.255690358025012,0.275355860570247,0.762585276406256,0.15841103280868,NA,NA,NA,NA,NA,NA,0.13339452714647,0.0997276539348912,0.059058837551225,0.17711345508389,0.0751959070205192,0.388178222035911
-1,-0.5,-0.2,0.25,0.7,0.3,-0.95148598770389,-0.509518415407733,-0.113434461502806,0.231528943207134,0.732246979481036,0.324147947315156,NA,NA,NA,NA,NA,NA,0.126311467186859,0.098715580517465,0.0683255100522366,0.163863479853693,0.0748156583474802,0.389324947705154
-1,-0.5,-0.2,0.25,0.7,0.3,-1.05894750184298,-0.531449290380589,-0.113286826188083,0.508214752211077,0.837633054567039,-0.103715436663526,NA,NA,NA,NA,NA,NA,0.118384445609123,0.0827943191856267,0.0444650745686341,0.154322760153333,0.0819311390956049,0.299759612959642
-1,-0.5,-0.2,0.25,0.7,0.3,-0.993585754417426,-0.515515810403225,-0.149227982139537,0.230063834390367,0.698431548369043,0.376123695134265,NA,NA,NA,NA,NA,NA,0.125618567400456,0.0939286322345375,0.0596383543874716,0.154862931437728,0.0762876355969411,0.403169819740942
-1,-0.5,-0.2,0.25,0.7,0.3,-1.08792411889072,-0.437824205836874,-0.240176234417429,-0.0800885944719721,0.799422891252632,2.06146558792228,NA,NA,NA,NA,NA,NA,0.128175466070877,0.102835956596023,0.0491538199043623,0.155649921134764,0.0719943408030777,1.59614268934959
-1,-0.5,-0.2,0.25,0.7,0.3,-0.983282369530714,-0.546788725401864,-0.262070014550562,0.18307881495399,0.620421707429166,1.0944880121163,NA,NA,NA,NA,NA,NA,0.112968784188007,0.095602687165236,0.0667928003718332,0.160760089330167,0.0772895410556774,0.759065790638912
-1,-0.5,-0.2,0.25,0.7,0.3,-1.05972039821824,-0.485705895915189,-0.171495193196775,0.2756419586582,0.629480580476369,0.271059814343514,NA,NA,NA,NA,NA,NA,0.121580851150075,0.0995533825897618,0.0655998487351484,0.153311365809545,0.0732718931529156,0.359846173661448
-1,-0.5,-0.2,0.25,0.7,0.3,-0.952024555012742,-0.54794495063423,-0.230545877255412,0.306975631808206,0.628716844990529,0.196579356389366,NA,NA,NA,NA,NA,NA,0.125011173874068,0.118439086396089,0.0764638200924805,0.152585401137096,0.0789176841977413,0.344100145959893
-1,-0.5,-0.2,0.25,0.7,0.3,-1.16689462996426,-0.420965211023095,-0.121573584825067,0.222507312436858,0.62861270808258,0.105159133884446,NA,NA,NA,NA,NA,NA,0.14315650110233,0.120217407006678,0.0869372568328267,0.168837011851827,0.0816132085670138,0.359061236584527
-1,-0.5,-0.2,0.25,0.7,0.3,-1.02862873101921,-0.416675580610883,-0.0166679010634007,0.0581726847194706,0.782333785592982,0.737786509673879,NA,NA,NA,NA,NA,NA,0.125925714558236,0.0953166489590591,0.0649898600497375,0.165191694338679,0.0808895341158147,0.515806282312414
-1,-0.5,-0.2,0.25,0.7,0.3,-0.835206939896431,-0.566146222141698,-0.24339535780857,0.085310536450926,0.794180283693911,0.919861259286102,NA,NA,NA,NA,NA,NA,0.131511005140185,0.105131391228943,0.0562975591359864,0.17397560070806,0.0854425783446986,0.612078237530513
-1,-0.5,-0.2,0.25,0.7,0.3,-1.07814240111616,-0.505747109426145,-0.1723682827367,0.0900527714392057,0.784454836209023,0.855262587467113,NA,NA,NA,NA,NA,NA,0.130330925569886,0.108094743658814,0.0552126678392104,0.156920278213107,0.080152885464764,0.563053634240685
-1,-0.5,-0.2,0.25,0.7,0.3,-1.20980147683474,-0.330861280694795,-0.269146042467358,0.0837685726808618,0.65624043198846,1.12473577068542,NA,NA,NA,NA,NA,NA,0.121263906027187,0.103396067517635,0.0627396575084614,0.146512258790131,0.0730957664992399,0.661094792805508
-1,-0.5,-0.2,0.25,0.7,0.3,-1.03775708249412,-0.544619079193285,-0.264440202720297,0.184455824218401,0.730451804437517,0.128393655478001,NA,NA,NA,NA,NA,NA,0.144725963321081,0.123067979409313,0.078485714431852,0.161564312714026,0.0814510656940536,0.339385625447714
-1,-0.5,-0.2,0.25,0.7,0.3,-0.923515687246342,-0.571183521287202,-0.213002973907133,0.351894712560199,0.577658603679587,0.334553774256969,NA,NA,NA,NA,NA,NA,0.108267419343142,0.0919561587123793,0.0632029193254276,0.157188925484625,0.0723581361759094,0.40587415977485
-1,-0.5,-0.2,0.25,0.7,0.3,-0.808428784022072,-0.544551861690265,-0.291047946507555,0.0324022417895707,0.63177590079055,1.01032650533772,NA,NA,NA,NA,NA,NA,0.125889757928246,0.109917853381399,0.0741724895584907,0.174017060413896,0.0748234663953037,0.699495555381109
-1,-0.5,-0.2,0.25,0.7,0.3,-1.17068703513339,-0.378113631358765,-0.136786132252553,0.0703034926272904,0.714675705164215,0.864341605056745,NA,NA,NA,NA,NA,NA,0.128736357096076,0.10881342680402,0.0655446037681048,0.160711573692523,0.0763464083322012,0.573881578458312
-1,-0.5,-0.2,0.25,0.7,0.3,-1.08197788514257,-0.483051489773948,-0.203720458272459,0.120194552886278,0.638763672052373,0.56048828547443,NA,NA,NA,NA,NA,NA,0.125914599322312,0.100496585327649,0.0695821888565909,0.139487058409308,0.0726051223304317,0.398817509629806
-1,-0.5,-0.2,0.25,0.7,0.3,-0.904883758785804,-0.470001872046616,-0.277004955790319,0.260763478588229,0.788981939777272,0.129639013737385,NA,NA,NA,NA,NA,NA,0.142016535017117,0.121964559039838,0.068115279861764,0.195621612954759,0.0838015272465207,0.415429773296597
-1,-0.5,-0.2,0.25,0.7,0.3,-1.18663140554476,-0.332608184444181,-0.148201646171631,0.219716659371791,0.747674368181093,0.160594760381213,NA,NA,NA,NA,NA,NA,0.14165997968999,0.1107643176508,0.0625930688196784,0.162675526250397,0.0783993069681049,0.356384580080638
-1,-0.5,-0.2,0.25,0.7,0.3,-0.928439845489358,-0.601274382048783,-0.301399322123683,0.235385561294924,0.677636923227688,0.465030137978787,NA,NA,NA,NA,NA,NA,0.122153829035877,0.103808813856992,0.0745506400107501,0.163244981397653,0.0725289341393978,0.446631189297158
-1,-0.5,-0.2,0.25,0.7,0.3,-0.994998878271824,-0.425449155211402,-0.161333614482433,0.158174749305139,0.725618305455388,0.550391775929995,NA,NA,NA,NA,NA,NA,0.129454106260999,0.103751810772128,0.063611372483578,0.14988533926751,0.0764482929907539,0.414703379676095
-1,-0.5,-0.2,0.25,0.7,0.3,-1.04241671353383,-0.483122586729653,-0.137606931191234,0.339959468009844,0.716402575968718,0.00722322408131964,NA,NA,NA,NA,NA,NA,0.13213044921214,0.107102808790483,0.0573939740634433,0.154274536598936,0.0744732478556715,0.312502306143629
-1,-0.5,-0.2,0.25,0.7,0.3,-1.19211816984419,-0.339528421056527,-0.126922205664475,0.425140194000028,0.675812683838892,-0.0908866898933424,NA,NA,NA,NA,NA,NA,0.122225416765346,0.0908166009669125,0.0657275635958431,0.167581965262842,0.0706345049305737,0.346749732177183
-1,-0.5,-0.2,0.25,0.7,0.3,-0.92145496405049,-0.549577026589261,-0.246256980085756,0.448276288559054,0.634098668099981,0.0282990320115394,NA,NA,NA,NA,NA,NA,0.113471519254911,0.0933777073646759,0.0601969498578888,0.152302206632283,0.0785117198747243,0.315943317369106
-1,-0.5,-0.2,0.25,0.7,0.3,-0.975909161362256,-0.433986543533061,-0.191037635820141,0.309780338383284,0.820037963063434,-0.0689003118575556,NA,NA,NA,NA,NA,NA,0.153843531347465,0.111572026566997,0.0629124617799793,0.242182414903078,0.0918094811124216,0.46227723518797
-1,-0.5,-0.2,0.25,0.7,0.3,-1.04253453429377,-0.461831352800338,-0.177728485331087,0.496952531073696,0.676523946658158,-0.246700455103222,NA,NA,NA,NA,NA,NA,0.124362398479091,0.0965579070562615,0.0640658715881232,0.176011233441017,0.0722800088774587,0.319948333132268
-1,-0.5,-0.2,0.25,0.7,0.3,-0.834948476826961,-0.617613722451831,-0.201732253760567,0.295081450787297,0.776112414362449,0.241323720579931,NA,NA,NA,NA,NA,NA,0.125383275151755,0.0958185351199941,0.0609571619766221,0.160529935549574,0.0801918126705749,0.349640492275035
-1,-0.5,-0.2,0.25,0.7,0.3,-0.862760669852071,-0.637903931361622,-0.166111275073868,0.456180754970376,0.67708701252741,-0.147405039814121,NA,NA,NA,NA,NA,NA,0.126367281971679,0.0962887439975973,0.0677990835304838,0.176716538558296,0.0750454150062817,0.322464969249798
-1,-0.5,-0.2,0.25,0.7,0.3,-0.905221149936523,-0.623865510909194,-0.294260367305203,0.201361980934956,0.652543893607004,0.688428803527912,NA,NA,NA,NA,NA,NA,0.119052274932449,0.101791559182722,0.0632537085692673,0.149734144784966,0.0880906595297877,0.447195855109278
-1,-0.5,-0.2,0.25,0.7,0.3,-1.16499975297617,-0.430713069542205,-0.16077428208574,0.16754699872356,0.650866546012326,0.388533482584496,NA,NA,NA,NA,NA,NA,0.127900608768954,0.0936525036348128,0.0702940715941389,0.169804348862308,0.0663672041841138,0.457374574441315
-1,-0.5,-0.2,0.25,0.7,0.3,-1.10918854880424,-0.419664074712971,-0.197840085466662,0.0744894243941019,0.746317811292162,0.974770030424389,NA,NA,NA,NA,NA,NA,0.12612575964017,0.0982214779987553,0.0603372211929184,0.164488038259856,0.0779990198067669,0.667945067053146
-1,-0.5,-0.2,0.25,0.7,0.3,-0.867441483670952,-0.455256515630758,-0.266532339182716,0.451145728116186,0.610231664868827,-0.00889548469211758,NA,NA,NA,NA,NA,NA,0.116994871992432,0.0970679759478489,0.0656877189426081,0.179338377437246,0.0759761053950748,0.374874449133087
-1,-0.5,-0.2,0.25,0.7,0.3,-1.00285247708622,-0.530857325038707,-0.156360911895699,0.165876837674994,0.77403902350512,0.412309867286171,NA,NA,NA,NA,NA,NA,0.132136052689449,0.106672943335592,0.0649206589019359,0.15723704997151,0.0748102447682976,0.393911058450738
-1,-0.5,-0.2,0.25,0.7,0.3,-0.968015451437131,-0.491151122964948,-0.173549275588361,0.383982960979428,0.723817137962194,-0.21261326024286,NA,NA,NA,NA,NA,NA,0.148114956246423,0.114547956598233,0.0690640904130271,0.206950606759283,0.0843708293088899,0.359520545014203
-1,-0.5,-0.2,0.25,0.7,0.3,-1.04932871888366,-0.518908309150147,-0.243573961648821,0.184935381776885,0.691081414268813,0.513756346570447,NA,NA,NA,NA,NA,NA,0.121609046889966,0.0868948016028662,0.057724758307757,0.159917085827872,0.0714561843405054,0.443164957035551
-1,-0.5,-0.2,0.25,0.7,0.3,-0.812611692137473,-0.600452398452445,-0.209206148025421,0.235373668257699,0.650212912641067,0.718751614118297,NA,NA,NA,NA,NA,NA,0.109240984199579,0.0905921413911097,0.0620874963205927,0.159851148392447,0.0761355174150413,0.514877719648453
-1,-0.5,-0.2,0.25,0.7,0.3,-0.970588018150328,-0.513524935217299,-0.127934169266342,0.303524550457014,0.767748898221384,0.0846649578695915,NA,NA,NA,NA,NA,NA,0.14451388034648,0.0990172121611469,0.0502464679420396,0.210692499935976,0.07989464385091,0.457471306617845
-1,-0.5,-0.2,0.25,0.7,0.3,-0.932965389739626,-0.526960366209627,-0.22280735191116,0.478883952236925,0.604966445788651,-0.0148436553070173,NA,NA,NA,NA,NA,NA,0.115304052582641,0.0865463721970066,0.0686252768208125,0.177801076432303,0.0739056792057839,0.372616954309091
-1,-0.5,-0.2,0.25,0.7,0.3,-1.01419896642057,-0.51918961678978,-0.253248569717445,0.188598094784211,0.726509789521999,0.399718306337677,NA,NA,NA,NA,NA,NA,0.122134289907949,0.0950018618503919,0.0620935117780943,0.142616311198618,0.0734007758934129,0.343419441309302
-1,-0.5,-0.2,0.25,0.7,0.3,-0.840567789568478,-0.606018381713323,-0.24999140356452,0.48533871177232,0.698560869001036,-0.0667832524763177,NA,NA,NA,NA,NA,NA,0.117345937067448,0.0919640915865997,0.0623544516426372,0.167598292816374,0.0764583813885661,0.331229958282181
-1,-0.5,-0.2,0.25,0.7,0.3,-0.929682195817985,-0.570755717922096,-0.217597343046536,0.494330549229625,0.70134803138532,-0.287874537706805,NA,NA,NA,NA,NA,NA,0.134080848481027,0.103695131809274,0.0584493536963896,0.194833998026666,0.0866847734048389,0.329680293516086
-1,-0.5,-0.2,0.25,0.7,0.3,-0.694277565458273,-0.605984171774452,-0.185226766359191,0.432041926284848,0.695507981935137,-0.0855905338515194,NA,NA,NA,NA,NA,NA,0.127391723569401,0.098723967257769,0.0582519440701935,0.16467657282645,0.0813378841971992,0.308691544387949
-1,-0.5,-0.2,0.25,0.7,0.3,-1.05869815465115,-0.366904523255836,-0.198383357603841,0.0891547178196474,0.776664707961509,0.607156903602653,NA,NA,NA,NA,NA,NA,0.131446743531707,0.0970710322725547,0.063445339076531,0.156022719200324,0.0772435150325445,0.450641380075087
-1,-0.5,-0.2,0.25,0.7,0.3,-1.00612080087585,-0.352091699927646,-0.223459739949259,0.224156570053874,0.8012815583735,0.27662055870625,NA,NA,NA,NA,NA,NA,0.134927311232934,0.101160913237594,0.0721863654027428,0.221477953321172,0.0818079945103797,0.532308203736899
-1,-0.5,-0.2,0.25,0.7,0.3,-0.909836965975623,-0.566879224259082,-0.143910368164993,0.32366511276648,0.81925895672249,0.116953172131465,NA,NA,NA,NA,NA,NA,0.13303634596182,0.111875288969296,0.0596059745107024,0.166568467563873,0.0812794046827156,0.337899625258223
-1,-0.5,-0.2,0.25,0.7,0.3,-0.979125897188935,-0.484941183311139,-0.205903740598487,0.164520301842388,0.730906876479532,1.31369690443993,NA,NA,NA,NA,NA,NA,0.104642725060532,0.079753142333335,0.053154478551719,0.133196552006496,0.071464858165587,0.712065502207438
-1,-0.5,-0.2,0.25,0.7,0.3,-0.954833941279526,-0.576695308986478,-0.2847535511634,0.181960396958144,0.621349734662953,0.523628080720653,NA,NA,NA,NA,NA,NA,0.124773256028317,0.112516897822714,0.0756091364208788,0.174951034948854,0.0745954575331421,0.512203398618295
-1,-0.5,-0.2,0.25,0.7,0.3,-0.964229523775186,-0.493450795343264,-0.134732362840279,0.438021129277912,0.646664318033662,0.071932694124204,NA,NA,NA,NA,NA,NA,0.114820552385593,0.106083700008404,0.0590123502649015,0.156466354551903,0.0748018322984455,0.332762479641779
-1,-0.5,-0.2,0.25,0.7,0.3,2.34903402768781,-5.05680076102103,-5.51549496781588,-2.26513297673325,0.461601458758234,3.05664648523438,NA,NA,NA,NA,NA,NA,1.43331890712023,1.02363027032919,0.668363408694704,0.19946131399387,0.145537098278258,4.41493353659562
-1,-0.5,-0.2,0.25,0.7,0.3,-0.934275887669545,-0.501972406106153,-0.136538947454291,0.227817556241415,0.73066403536294,0.511353684594483,NA,NA,NA,NA,NA,NA,0.120901666922485,0.0874600630512798,0.0663775242059204,0.158971621007703,0.0760560129020814,0.425937023032021
-1,-0.5,-0.2,0.25,0.7,0.3,-0.890236432441687,-0.544657352817175,-0.159589397255287,0.333531959932883,0.614987858271065,0.146115327645827,NA,NA,NA,NA,NA,NA,0.122237399716973,0.108805537011304,0.0629932139884358,0.175723402210842,0.0765113626692314,0.389845172394599
-1,-0.5,-0.2,0.25,0.7,0.3,-0.962118950042641,-0.534763200250252,-0.144059161578019,0.0776314518939754,0.706724122295506,1.50624494553987,NA,NA,NA,NA,NA,NA,0.113765165350386,0.080476669127958,0.0544044460976166,0.169539016414998,0.0780558594318305,1.07592437685953
-1,-0.5,-0.2,0.25,0.7,0.3,-1.16190922876121,-0.367780802711076,-0.18165022228557,-0.122292711965417,0.920498287998205,3.76959526784357,NA,NA,NA,NA,NA,NA,0.119785887971493,0.0974600885018446,0.0521202412232068,0.10272745887593,0.0687438921392835,4.73103462198137
-1,-0.5,-0.2,0.25,0.7,0.3,-0.955892860180272,-0.548230724587476,-0.297437409723694,0.31885074833293,0.767332085244234,0.0111400482503276,NA,NA,NA,NA,NA,NA,0.138736344861588,0.108990660832385,0.0723672517479523,0.189811282511194,0.0840496442908434,0.387380168801468
-1,-0.5,-0.2,0.25,0.7,0.3,-1.13573581162115,-0.375763878330309,-0.203118086804272,0.0379393350456194,0.706295774180677,0.587907774268834,NA,NA,NA,NA,NA,NA,0.138028693027401,0.114967556163124,0.0741698403920617,0.158832390537754,0.0769630384482849,0.466230036953223
-1,-0.5,-0.2,0.25,0.7,0.3,-0.939651395390681,-0.579080469510718,-0.189716234987458,0.356889418191023,0.667911378086877,-0.119565177944859,NA,NA,NA,NA,NA,NA,0.13233361960096,0.109400556421266,0.062348218136027,0.183752067356249,0.0723827676319636,0.340031251006931
-1,-0.5,-0.2,0.25,0.7,0.3,-1.04017875664219,-0.498951200615502,-0.25771425792333,-0.054501076927739,0.800274975487641,1.3171014564182,NA,NA,NA,NA,NA,NA,0.133229729167772,0.0988031577048955,0.0523293826942816,0.140137275166581,0.0803310206944772,0.685038707610438
-1,-0.5,-0.2,0.25,0.7,0.3,-1.06844586385448,-0.4759145736675,-0.0942739788286323,0.227902960049165,0.576026848675655,0.719693697618019,NA,NA,NA,NA,NA,NA,0.118784685801155,0.0972250947090274,0.0623636639863153,0.169549193469184,0.0814917934029751,0.577041930690269
-1,-0.5,-0.2,0.25,0.7,0.3,-1.13102260517418,-0.425515171407159,-0.198751691773024,0.0330155799909295,0.689923382126099,1.04633111880351,NA,NA,NA,NA,NA,NA,0.128415548926788,0.109767511338394,0.0649371493123567,0.15411011916177,0.0708547977454003,0.649200745143792
-1,-0.5,-0.2,0.25,0.7,0.3,-0.998164852717186,-0.412158591852892,-0.340062267768123,0.0672907328765734,0.772951326558788,0.612636058463274,NA,NA,NA,NA,NA,NA,0.146725247073947,0.106506539484082,0.0584228466391166,0.178495738464224,0.0768140797050448,0.535076631147079
-1,-0.5,-0.2,0.25,0.7,0.3,-1.0068119762363,-0.474712841337115,-0.184579278968553,0.240717763750404,0.751551426179307,0.4142770658492,NA,NA,NA,NA,NA,NA,0.117880054393681,0.0883468321173539,0.0610447393809958,0.152913413940919,0.0740650652686661,0.38551837883802
-1,-0.5,-0.2,0.25,0.7,0.3,-0.840151332900059,-0.617701604967774,-0.239117215462231,0.326702767021259,0.791978204827187,-0.0578235558487376,NA,NA,NA,NA,NA,NA,0.15525462827686,0.122082785999891,0.0597852128998395,0.243016435343623,0.0850523642019392,0.460937306005245
-1,-0.5,-0.2,0.25,0.7,0.3,-1.01050905440524,-0.441167008160575,-0.110976003224398,0.39165446545358,0.714815369533942,-0.170482650280517,NA,NA,NA,NA,NA,NA,0.137515407971304,0.11780739206319,0.0699775075382685,0.205407689009241,0.0765059610602923,0.370499265608427
-1,-0.5,-0.2,0.25,0.7,0.3,-1.0332995109598,-0.463296200443677,-0.226800932278334,0.17691170510261,0.84648930935528,0.51571978363755,NA,NA,NA,NA,NA,NA,0.127994661177424,0.103660150507986,0.0535377271663546,0.147294993942279,0.0727174304763075,0.413115192140628
-1,-0.5,-0.2,0.25,0.7,0.3,-0.916684350220283,-0.575180207710771,-0.161824062968629,0.381676716650991,0.637857339159799,0.104348498705468,NA,NA,NA,NA,NA,NA,0.122481144097073,0.0925979382315766,0.0653203921723866,0.205466086058405,0.0736779195117137,0.456202781198575
-1,-0.5,-0.2,0.25,0.7,0.3,-0.921912211824545,-0.481145243465053,-0.0696095232202832,0.45144418236989,0.680366263512814,-0.318127303007045,NA,NA,NA,NA,NA,NA,0.144956523702044,0.119544177559597,0.0871357714666122,0.217224606975061,0.0784487309525237,0.369176678602557
-1,-0.5,-0.2,0.25,0.7,0.3,-1.08585769671928,-0.464529775526118,-0.206286976285143,0.32847614720082,0.66835596174939,0.0187216687676882,NA,NA,NA,NA,NA,NA,0.130628599672708,0.108550405328365,0.0619888948496694,0.15397917244627,0.0817858587002253,0.302940628921749
-1,-0.5,-0.2,0.25,0.7,0.3,-0.889876793914414,-0.502296916391561,-0.244358739314377,0.189133116114593,0.755337532172899,0.478912412914994,NA,NA,NA,NA,NA,NA,0.137104980843341,0.110320935730812,0.0579660723992058,0.184929945456234,0.0840175786086819,0.501860755519929
-1,-0.5,-0.2,0.25,0.7,0.3,-0.95142611492076,-0.480137666438746,-0.20566764929826,0.357326569346491,0.748077960597846,0.417981845722355,NA,NA,NA,NA,NA,NA,0.111108655581062,0.0853379778314465,0.044622568136174,0.153050357058102,0.0778593817321938,0.403171029403366
-1,-0.5,-0.2,0.25,0.7,0.3,-1.1722777229234,-0.349464170351867,-0.14138182922999,0.0201790468227732,0.830995282347204,1.4892493895923,NA,NA,NA,NA,NA,NA,0.121952596937882,0.0988803330090457,0.0513257818187466,0.129882105485182,0.0740583384730537,0.769595231956164
-1,-0.5,-0.2,0.25,0.7,0.3,-0.967088445249626,-0.459469200398351,-0.237153340009211,0.0363338614635956,0.642574252460968,0.493531494509889,NA,NA,NA,NA,NA,NA,0.14424542801049,0.112657866297889,0.082332713228953,0.156847620858947,0.0769455566978118,0.38680563286426
-1,-0.5,-0.2,0.25,0.7,0.3,-0.97740177555709,-0.518351337739786,-0.338820693597246,0.24550240661456,0.638393812787485,0.403817465667422,NA,NA,NA,NA,NA,NA,0.120811677337896,0.0978344492092353,0.0726209925579519,0.149526197961482,0.0842893615042597,0.371533910764501
-1,-0.5,-0.2,0.25,0.7,0.3,-0.945022315529551,-0.475466224350861,-0.0702920257900984,0.308506613955603,0.830511109551597,0.493843920288949,NA,NA,NA,NA,NA,NA,0.111938067518198,0.0837812038932089,0.047146246015039,0.16623800570226,0.0725700747876894,0.478851195994083
-1,-0.5,-0.2,0.25,0.7,0.3,-1.24192573132233,-0.298305054978123,-0.190645051530278,0.0930527001947728,0.664032378977428,1.06747506881269,NA,NA,NA,NA,NA,NA,0.116357702494746,0.103363618555343,0.0673559277991365,0.136977231670836,0.0738873908960207,0.577316932120151
-1,-0.5,-0.2,0.25,0.7,0.3,-0.956390421356741,-0.430108868108397,-0.126952698432896,0.222910879391109,0.846450074578603,0.569956703689355,NA,NA,NA,NA,NA,NA,0.118114766983401,0.083706268860567,0.0478315887102794,0.149466936648458,0.0749314050158595,0.420006026615262
-1,-0.5,-0.2,0.25,0.7,0.3,-0.865190558196574,-0.619047046525689,-0.254780542219569,0.253342560679432,0.706446954769545,0.504369847257713,NA,NA,NA,NA,NA,NA,0.116935415009086,0.0960978579925009,0.0709594708517817,0.157303448532435,0.0766805326282913,0.41485503900077
-1,-0.5,-0.2,0.25,0.7,0.3,-0.872845469115075,-0.604162083439975,-0.214246618435201,0.0775380026387448,0.737991992832318,0.683071715767775,NA,NA,NA,NA,NA,NA,0.131960214603639,0.104816169527718,0.0647846069699726,0.16236619271069,0.0775221808636304,0.523505171695872
-1,-0.5,-0.2,0.25,0.7,0.3,-1.16821214468534,-0.364704762155157,-0.182311212342862,0.0463488440656636,0.772754840944535,0.632379857880072,NA,NA,NA,NA,NA,NA,0.134696024331609,0.108271612008978,0.0608251278775285,0.161660599937379,0.0767016976494399,0.486905900974191
-1,-0.5,-0.2,0.25,0.7,0.3,-0.951000726177417,-0.437233499134172,-0.287852546492091,0.0802435893386742,0.818780095808852,1.37479924794119,NA,NA,NA,NA,NA,NA,0.115286046011118,0.0859213924895525,0.0619659510993859,0.14819927697966,0.0726474097003567,0.724343405183278
-1,-0.5,-0.2,0.25,0.7,0.3,-0.999338721200399,-0.582964703247402,-0.216330218389289,0.148854319780789,0.810748692579016,1.31336901164534,NA,NA,NA,NA,NA,NA,0.109420206146368,0.0877704021817397,0.047649435061131,0.139069359313121,0.0722623712248391,0.749483891835061
-1,-0.5,-0.2,0.25,0.7,0.3,-0.846729693978405,-0.6806043155421,-0.239032266778547,0.301978315688924,0.699761117763669,0.147952995894239,NA,NA,NA,NA,NA,NA,0.122542605994518,0.105312347491143,0.0631651062870284,0.159826301990401,0.0732152177115579,0.340338919331532
-1,-0.5,-0.2,0.25,0.7,0.3,-1.05027646988515,-0.52173787645473,-0.136706388712419,0.313950685010695,0.608162771929688,-0.0468261798773226,NA,NA,NA,NA,NA,NA,0.142291985659031,0.113528252116129,0.0841831957540798,0.208498369421371,0.0815763283727883,0.412361520934179
-1,-0.5,-0.2,0.25,0.7,0.3,-0.8465213626093,-0.460547815440014,-0.205306356255002,0.637562922209113,0.791561021996011,-0.459071740906542,NA,NA,NA,NA,NA,NA,0.143072432311893,0.102041429311147,0.0693694043638282,0.342110126469212,0.0844857288255208,0.552727286664859
-1,-0.5,-0.2,0.25,0.7,0.3,-1.02184322325097,-0.635527949933189,-0.218118457465317,-0.00616212802281023,0.714558415192546,1.29062381270233,NA,NA,NA,NA,NA,NA,0.129139690196072,0.107014148884305,0.0616080352594107,0.174319387015801,0.0810064994351853,0.893674411842577
-1,-0.5,-0.2,0.25,0.7,0.3,-0.734682109695806,-0.772115568004525,-0.121823249523319,0.125717634288714,0.629705218962771,0.54947716920479,NA,NA,NA,NA,NA,NA,0.129068832953105,0.108543318776325,0.0652268878239396,0.153604502408663,0.0818294965102908,0.410276440465795
-1,-0.5,-0.2,0.25,0.7,0.3,-0.912377694494267,-0.570156594908714,-0.138307599512698,0.202441793518807,0.724436711372771,0.444578412002747,NA,NA,NA,NA,NA,NA,0.123302274588394,0.0943807816829501,0.0705683976347711,0.164680518689981,0.0707535693330047,0.423012111973959
-1,-0.5,-0.2,0.25,0.7,0.3,-0.704548561568749,-0.717873853696015,-0.23169103709394,0.327798335090489,0.660154556150567,-0.0393247197163362,NA,NA,NA,NA,NA,NA,0.135792001730166,0.112923996058577,0.0742011977049809,0.197754664679221,0.0817181491384775,0.365124669756996
-1,-0.5,-0.2,0.25,0.7,0.3,-0.897392590817435,-0.565570489206903,-0.271599094948814,0.527016341810872,0.614366384527522,-0.155751884741615,NA,NA,NA,NA,NA,NA,0.117614546699766,0.0893246099023232,0.0507244915622216,0.187614955899663,0.0750499951351858,0.358977266195492
-1,-0.5,-0.2,0.25,0.7,0.3,-1.02187937340603,-0.499348570828763,-0.252724716788013,0.463796288838227,0.609110452669226,-0.194040550562748,NA,NA,NA,NA,NA,NA,0.127988430390234,0.104000562168548,0.0747346703324288,0.187011371602904,0.0767653746813919,0.351391738096666
-1,-0.5,-0.2,0.25,0.7,0.3,-0.716791631112995,-0.700664297524661,-0.220540329628479,0.388198764230824,0.658078588398398,0.204338983717338,NA,NA,NA,NA,NA,NA,0.110566078913702,0.0872151649966803,0.0545206731053765,0.168040639374595,0.0747472736554719,0.361441182190861
-1,-0.5,-0.2,0.25,0.7,0.3,-0.736658694811836,-0.725236375422403,-0.100416310613348,0.326464213967881,0.614417808085295,0.0811225503910711,NA,NA,NA,NA,NA,NA,0.124534780519465,0.100918252437214,0.0636176617172913,0.167987698936404,0.0770930390753944,0.35093017860535
-1,-0.5,-0.2,0.25,0.7,0.3,-1.09424176242384,-0.44202239910444,-0.167431961691068,0.138245508972048,0.560071570925206,0.795141671267651,NA,NA,NA,NA,NA,NA,0.117043125743216,0.113161158202565,0.0758223206539352,0.157805942619988,0.0705495307733353,0.557443796234471
-1,-0.5,-0.2,0.25,0.7,0.3,-1.04063850888323,-0.47075713892733,-0.11674438707539,0.758367493408101,0.720091896324918,-0.649104973464558,NA,NA,NA,NA,NA,NA,0.127539956599226,0.10217038125215,0.0571670666994668,0.189158557862985,0.0777259602482758,0.287971971270879
-1,-0.5,-0.2,0.25,0.7,0.3,-1.15990140513453,-0.328976136594401,-0.256372945317789,0.0976294523484345,0.828389121263312,0.605369917585802,NA,NA,NA,NA,NA,NA,0.147848630356796,0.121274722553546,0.054479592098703,0.192517552702939,0.0783979069868039,0.567886915044206
-1,-0.5,-0.2,0.25,0.7,0.3,-0.972952229532596,-0.42949487940731,-0.232228553808956,0.423882841598575,0.730198541628818,-0.0188760525894158,NA,NA,NA,NA,NA,NA,0.116953258849947,0.0809802079901937,0.0539289922378475,0.16858507706599,0.0770272467052705,0.338818066837574
-1,-0.5,-0.2,0.25,0.7,0.3,-0.816692447934766,-0.614521713635492,-0.214120400633653,0.588248665184238,0.578542798058013,-0.421525646338708,NA,NA,NA,NA,NA,NA,0.126664000439024,0.104385867633605,0.0745718924129013,0.191333470723863,0.0787525964324585,0.309850780430808
-1,-0.5,-0.2,0.25,0.7,0.3,-0.792214231340104,-0.614737058061485,-0.208274410535367,0.486144168187627,0.735738012634285,-0.14137074201353,NA,NA,NA,NA,NA,NA,0.119182394361759,0.0957877854047617,0.0607559924674046,0.160813764356586,0.0769484274017635,0.288957934869367
-1,-0.5,-0.2,0.25,0.7,0.3,-0.946442395484321,-0.471196629256898,-0.221876689544281,0.137575290216844,0.935810680387197,0.560987419965592,NA,NA,NA,NA,NA,NA,0.140593660611689,0.10198406564892,0.046413459396049,0.184555225599745,0.0889619481745435,0.517572375231031
-1,-0.5,-0.2,0.25,0.7,0.3,-1.00995580380808,-0.521852127979446,-0.176342341587782,0.0611442777912629,0.617263514821053,0.567629136851331,NA,NA,NA,NA,NA,NA,0.140724366152069,0.120187240973922,0.0707565557065931,0.173827262875953,0.0735578261702194,0.51399978263571
-1,-0.5,-0.2,0.25,0.7,0.3,-1.15902133582372,-0.438011267621376,-0.136185209536771,-0.159730289403951,0.634245449335282,1.76047825955994,NA,NA,NA,NA,NA,NA,0.131042771313758,0.100273981179735,0.0600594897115502,0.144730943445703,0.0830371276995075,1.06960155965316
-1,-0.5,-0.2,0.25,0.7,0.3,-0.908456597875896,-0.526930448256984,-0.291860547600595,0.244065485296814,0.816268226860404,0.449944782162034,NA,NA,NA,NA,NA,NA,0.128778054155658,0.10011315539042,0.0500010754048446,0.187886412273102,0.0790667343642595,0.488166033295836
-1,-0.5,-0.2,0.25,0.7,0.3,-0.990768944381379,-0.549655260912451,-0.245271980072548,-0.00631700415877224,0.665977287150601,1.53869395700604,NA,NA,NA,NA,NA,NA,0.127245655006863,0.107941158126563,0.0668239979458283,0.148181274496684,0.0845771948278049,0.909881078687495
-1,-0.5,-0.2,0.25,0.7,0.3,-1.19133744821179,-0.386542089660654,-0.209346512365035,-0.1387001950883,0.682732007122035,1.3999309874986,NA,NA,NA,NA,NA,NA,0.134536702451665,0.110933418501204,0.0672475424147254,0.140303916221559,0.0685905916156076,0.755425045026169
-1,-0.5,-0.2,0.25,0.7,0.3,-0.799254886016472,-0.679206054329675,-0.241059351328971,0.15470019190891,0.70464937600979,0.601618890368051,NA,NA,NA,NA,NA,NA,0.126805292996911,0.0978109572703943,0.058914517709762,0.167846748462435,0.0804092661260874,0.482774248706868
-1,-0.5,-0.2,0.25,0.7,0.3,-0.824219933085801,-0.623570659450869,-0.290174321464337,0.46563261773459,0.709393447937342,-0.0360410421151162,NA,NA,NA,NA,NA,NA,0.120777061167991,0.101769423491713,0.0688733121428005,0.223202723711767,0.0703371880237863,0.457286870355018
-1,-0.5,-0.2,0.25,0.7,0.3,-0.744454387621672,-0.688381232516676,-0.14880500230383,0.504833742755147,0.667193303483447,-0.248107554451579,NA,NA,NA,NA,NA,NA,0.130659335608462,0.111665460289285,0.0635605502768886,0.1883046796948,0.0817230348225193,0.324713522898911
-1,-0.5,-0.2,0.25,0.7,0.3,-0.863093107979451,-0.653261996699377,-0.282059115831479,0.160433101109599,0.636256396128073,0.630216385161516,NA,NA,NA,NA,NA,NA,0.128280010788528,0.112038727172487,0.0698435601988094,0.164846097129267,0.0717750048737603,0.504254083156548
-1,-0.5,-0.2,0.25,0.7,0.3,-0.945157261870917,-0.562272619678174,-0.243056273420319,0.293975565776891,0.725564352336949,0.377718821152023,NA,NA,NA,NA,NA,NA,0.120077046688565,0.098162962439798,0.0614984017298928,0.160761703733303,0.0726879230040108,0.421134455487865
-1,-0.5,-0.2,0.25,0.7,0.3,-1.10277863894071,-0.415992273816702,-0.270511432639298,0.216600639554413,0.787563747192494,0.22271859297244,NA,NA,NA,NA,NA,NA,0.139175251288826,0.114621793375078,0.0543999079606236,0.161874722477213,0.0752827127798138,0.370275382821883
-1,-0.5,-0.2,0.25,0.7,0.3,-1.01867767212602,-0.492414349823446,-0.206445620521024,0.168863768253057,0.631787245486441,0.866328585763912,NA,NA,NA,NA,NA,NA,0.109389332539629,0.0911348843957021,0.0707500610334104,0.134715649710542,0.0676463088731245,0.491278068023688
-1,-0.5,-0.2,0.25,0.7,0.3,-1.16668173111482,-0.389598689074047,-0.0893745143350816,0.1393212637187,0.759866275632562,0.931891315971163,NA,NA,NA,NA,NA,NA,0.125650125579387,0.0986201631608975,0.0534451689234299,0.172484513771453,0.0703561207310964,0.708016465618274
-1,-0.5,-0.2,0.25,0.7,0.3,-0.955971768906964,-0.371783312565894,-0.21735880945823,0.00692548128171589,0.731322151073862,0.841208845345022,NA,NA,NA,NA,NA,NA,0.148698330190819,0.129715144972525,0.0721028955155228,0.179092260437896,0.0880577849716798,0.627159571827181
-1,-0.5,-0.2,0.25,0.7,0.3,-1.08054246167681,-0.539168393571593,-0.225884674257345,0.12156837439856,0.715229505767381,0.677179185604685,NA,NA,NA,NA,NA,NA,0.124871803128878,0.0919594124353249,0.0619832183815028,0.150045250439185,0.0766340246163765,0.466124990111269
-1,-0.5,-0.2,0.25,0.7,0.3,-1.01148013266945,-0.454540611287866,-0.18268644177361,0.281398697437418,0.616985516233117,0.177898841361606,NA,NA,NA,NA,NA,NA,0.127823742025983,0.102274933134535,0.0687283129591146,0.176826363655486,0.0742861212268629,0.398140732253917
-1,-0.5,-0.2,0.25,0.7,0.3,-0.95745403854431,-0.561240619474379,-0.153267567362517,0.362048777113838,0.692920025837431,0.228441292710487,NA,NA,NA,NA,NA,NA,0.113457345786814,0.0848771417175035,0.0597768153276387,0.148566324541858,0.0737657770829141,0.346011471299994
-1,-0.5,-0.2,0.25,0.7,0.3,-1.14739551257678,-0.426479120113473,-0.0664469446372367,0.246720822873065,0.644668307115223,0.283590113418435,NA,NA,NA,NA,NA,NA,0.12367731850754,0.0980268788054634,0.069882190927162,0.13913389284521,0.0783439022902257,0.323275793607641
-1,-0.5,-0.2,0.25,0.7,0.3,-0.953200448368761,-0.54816203708066,-0.144046689331293,0.00196184046083221,0.807028355170632,0.545922433124416,NA,NA,NA,NA,NA,NA,0.145773298050556,0.101509872674593,0.0697519629664368,0.183176325821256,0.0777565374998994,0.476643267806195
-1,-0.5,-0.2,0.25,0.7,0.3,-1.14133508713893,-0.328476659994048,-0.163034426807143,0.129048941015577,0.823179536125111,0.479780157570295,NA,NA,NA,NA,NA,NA,0.140045659016837,0.118074511894443,0.0691187442369148,0.171441037881846,0.0793266005091195,0.474003133868789
-1,-0.5,-0.2,0.25,0.7,0.3,-0.832893153121444,-0.562189420700865,-0.225565625647893,0.34188738153143,0.688892440549669,0.278854485462132,NA,NA,NA,NA,NA,NA,0.120176312609564,0.0974168953344373,0.0680484144098594,0.177097644950976,0.0739019914728893,0.44353547985019
-1,-0.5,-0.2,0.25,0.7,0.3,-0.920156859337239,-0.493734290201215,-0.103112258599471,0.562702727797028,0.540232399154749,-0.495160481696738,NA,NA,NA,NA,NA,NA,0.138875133398528,0.131199462477613,0.0789710195872389,0.214927223603089,0.0789853217614285,0.341379305335605
-1,-0.5,-0.2,0.25,0.7,0.3,-1.21669139155438,-0.322032083000036,-0.169045345672177,0.0612459765032963,0.677520301207484,0.689698419706009,NA,NA,NA,NA,NA,NA,0.128828804270346,0.113628169180737,0.0680551386511756,0.13787673989121,0.0711570609345546,0.429590713918897
-1,-0.5,-0.2,0.25,0.7,0.3,-0.928620811777844,-0.593226314424219,-0.193159934923087,0.420777142178334,0.739967323480048,0.0792425970171865,NA,NA,NA,NA,NA,NA,0.121110119696303,0.0954538625638629,0.0495559315469261,0.166723392919795,0.0790101665800286,0.361313177454856
-1,-0.5,-0.2,0.25,0.7,0.3,-1.08395693684184,-0.357001828895164,-0.188163411765356,-0.0837432764895806,0.714937163136679,1.35320737322573,NA,NA,NA,NA,NA,NA,0.13522458541744,0.114021202425851,0.07102850421322,0.141880863330688,0.0774130374566042,0.745419252543158
-1,-0.5,-0.2,0.25,0.7,0.3,-1.06523521310172,-0.439178487186904,-0.100804381168522,0.0422882996453051,0.812965308625493,0.684770706906845,NA,NA,NA,NA,NA,NA,0.147778109776499,0.105601671331629,0.0736487251262726,0.177950198327226,0.0843385081754303,0.55504116289929
-1,-0.5,-0.2,0.25,0.7,0.3,-1.1525405926911,-0.473951794113463,-0.123340092828495,0.0200635847733474,0.621102849892157,0.752563689519505,NA,NA,NA,NA,NA,NA,0.126447813267041,0.111881978804868,0.0737140991093933,0.14548679012559,0.0734335654302033,0.478229329107215
-1,-0.5,-0.2,0.25,0.7,0.3,-0.769596157355214,-0.594255723864163,-0.14809745419707,0.327326586340055,0.822746704714346,0.526234526895524,NA,NA,NA,NA,NA,NA,0.114003855173368,0.0804821518057574,0.0551283486557541,0.204337946787491,0.079723671498012,0.574564663348438
-1,-0.5,-0.2,0.25,0.7,0.3,-0.917700093103844,-0.608706479349345,-0.253736972727222,0.459039127764986,0.932951027657678,0.0564229301574553,NA,NA,NA,NA,NA,NA,0.121432181744789,0.0870670235193284,0.050111547493339,0.227367564813186,0.0810543817511772,0.483076254668666
-1,-0.5,-0.2,0.25,0.7,0.3,-0.939886221563304,-0.591812673567561,-0.178007629774597,0.0415052303179507,0.726234364792679,0.924356115894482,NA,NA,NA,NA,NA,NA,0.128716523160803,0.117299879647778,0.0619828520523226,0.1464801387481,0.0752825633099472,0.529803630184031
-1,-0.5,-0.2,0.25,0.7,0.3,-0.998795173995986,-0.40805573617143,-0.167414056171723,0.315372600783443,0.715966909671479,0.212711243789059,NA,NA,NA,NA,NA,NA,0.120586488894964,0.0983936087163526,0.0679296320160237,0.177209701042344,0.0698697232023875,0.41944446383145
-1,-0.5,-0.2,0.25,0.7,0.3,-1.03202707824028,-0.502534817443709,-0.173247904718989,0.20480222674132,0.736197424250749,0.436833476007463,NA,NA,NA,NA,NA,NA,0.126253959334237,0.0983404467255602,0.0591055440661592,0.150797880629423,0.0732673898144973,0.393365383399052
-1,-0.5,-0.2,0.25,0.7,0.3,-0.842170682729107,-0.519354407579882,-0.259057474746793,0.311647133046994,0.622407584378154,0.320437409959599,NA,NA,NA,NA,NA,NA,0.116981117964443,0.0943391636893042,0.0721320186853335,0.177189748460426,0.0780148625334201,0.43420929149485
-1,-0.5,-0.2,0.25,0.7,0.3,-0.901284787619514,-0.549835244368246,-0.183114812765825,0.227570489250814,0.680150134998628,0.369277121323242,NA,NA,NA,NA,NA,NA,0.127438027647946,0.0957009406949707,0.0572944126979253,0.180466925188702,0.075626069998503,0.451547806771639
-1,-0.5,-0.2,0.25,0.7,0.3,-1.07198765912037,-0.364441861831564,-0.28673922253156,0.366599961072069,0.716760123113212,0.328233188330928,NA,NA,NA,NA,NA,NA,0.113044403588535,0.0939731626025678,0.0602831409008402,0.146407133888059,0.074526319329069,0.361542960858743
-1,-0.5,-0.2,0.25,0.7,0.3,-1.03115639235506,-0.481970481886584,-0.305143214655483,0.384751433151119,0.653714448290491,0.265325435014667,NA,NA,NA,NA,NA,NA,0.114612310486503,0.0946546293387958,0.0620982702338552,0.145463115874481,0.0740360279311463,0.36824531270918
-1,-0.5,-0.2,0.25,0.7,0.3,-0.910929155738891,-0.553768796941441,-0.146778539655086,0.398488197832807,0.71199842295216,0.00106807166989453,NA,NA,NA,NA,NA,NA,0.127728491873608,0.102109138953397,0.0554755956359149,0.197318356236063,0.0762912437973425,0.409177154511574
-1,-0.5,-0.2,0.25,0.7,0.3,-1.1320212502389,-0.410842954492507,-0.169174504044707,0.454799440015269,0.553832679068772,-0.180326401545764,NA,NA,NA,NA,NA,NA,0.121586873617165,0.102504995475107,0.0714824940381171,0.162507576375472,0.0734923771630495,0.299983443286036
-1,-0.5,-0.2,0.25,0.7,0.3,-0.964305849688379,-0.531384784552694,-0.146938834623171,0.131211738812487,0.701763031503608,0.906799370539758,NA,NA,NA,NA,NA,NA,0.130500466712655,0.108486530876066,0.0631400996571758,0.158522716035147,0.0812244232530386,0.58930735611547
-1,-0.5,-0.2,0.25,0.7,0.3,1.69753126663017,-2.11169269553315,-7.04030105615225,-1.59380455677405,0.0628884614872823,0.0469672354022022,NA,NA,NA,NA,NA,NA,0.612352648017803,1.06576302598872,NA,0.275932434580419,0.129902867038453,0.493834181651011
-1,-0.5,-0.2,0.25,0.7,0.3,-0.901830611944046,-0.613516316057671,-0.0705566693747975,0.168134049515167,0.624934387192359,0.634002174915403,NA,NA,NA,NA,NA,NA,0.124188700811754,0.104562652217034,0.0667530735659548,0.176572589070974,0.0778469426056866,0.528903236998035
-1,-0.5,-0.2,0.25,0.7,0.3,-1.11502199173883,-0.33553661839647,-0.326581918956738,0.229723962069287,0.739722095663705,0.377303429742619,NA,NA,NA,NA,NA,NA,0.122211887443403,0.10176913544829,0.0637210778344295,0.146986583449997,0.0716555219665239,0.369584417865014
-1,-0.5,-0.2,0.25,0.7,0.3,-1.1670512983918,-0.381541524992879,-0.289706753376509,-0.137048047684524,0.747093301568227,1.47323170413667,NA,NA,NA,NA,NA,NA,0.140380498087784,0.108795290778429,0.0822469889090925,0.158487450254495,0.0746619189988323,0.95206180816316
-1,-0.5,-0.2,0.25,0.7,0.3,-1.02904203782514,-0.443824130921395,-0.215057407245143,0.238733272102173,0.665755263377313,0.44084142858864,NA,NA,NA,NA,NA,NA,0.125174100739512,0.10864416683923,0.0674664754419074,0.172891395314407,0.0821894888396218,0.465840197221003
-1,-0.5,-0.2,0.25,0.7,0.3,-1.0624469352899,-0.437678775532222,-0.0997035988240523,0.08800582799014,0.772125461723703,0.273026358252426,NA,NA,NA,NA,NA,NA,0.15567995234872,0.127205042075736,0.0713768889481456,0.159827971568722,0.0882182797766465,0.351377640325435
-1,-0.5,-0.2,0.25,0.7,0.3,-0.985534807681181,-0.48644033089958,-0.175173082559623,0.380956816515129,0.66391971251424,-0.122023087544058,NA,NA,NA,NA,NA,NA,0.132617888266938,0.117512274568695,0.076517946143312,0.172504135879652,0.0785440902360247,0.310691051316727
-1,-0.5,-0.2,0.25,0.7,0.3,-0.991175258764106,-0.549716199321431,-0.332368549829531,0.142988078464223,0.749980069573973,0.650817057361199,NA,NA,NA,NA,NA,NA,0.125207097036131,0.0968201851686877,0.0576250216723833,0.144942945322834,0.077211926544076,0.433791007049776
-1,-0.5,-0.2,0.25,0.7,0.3,-0.87778230180944,-0.514215183590293,-0.251576289947421,0.285391027439765,0.765060374457244,0.241606466836074,NA,NA,NA,NA,NA,NA,0.126492722488113,0.100734397987469,0.0629291851258341,0.18114152556493,0.0816681446691024,0.401244829677382
-1,-0.5,-0.2,0.25,0.7,0.3,-1.00624457117149,-0.482201743807679,-0.218335262535275,0.24712494215722,0.712170350043864,0.225390809019596,NA,NA,NA,NA,NA,NA,0.130081404701914,0.0965111639063077,0.0614897946280196,0.170787187320324,0.0805913113683103,0.388611584118035
-1,-0.5,-0.2,0.25,0.7,0.3,-1.16481495670864,-0.398779357385693,-0.15369752405198,0.0595130707865466,0.697977908642582,0.610224084625405,NA,NA,NA,NA,NA,NA,0.139676875795848,0.130383397196863,0.0689078322995388,0.148624864788037,0.0782465352704241,0.423139454734166
-1,-0.5,-0.2,0.25,0.7,0.3,-0.815838672402514,-0.605674669148822,-0.163023369872268,0.0582681556118487,0.552293922818908,0.771616598898937,NA,NA,NA,NA,NA,NA,0.134215810922811,0.10787581008103,0.0707903669557682,0.188627013981253,0.0793767863598624,0.652449392813302
-1,-0.5,-0.2,0.25,0.7,0.3,-1.18846532288941,-0.354221457521543,-0.216278103148742,0.164534638681171,0.801245183174961,0.445049727985137,NA,NA,NA,NA,NA,NA,0.13694936002969,0.11006965179593,0.057620388983806,0.174882519531938,0.0769050038993335,0.468852427787827
-1,-0.5,-0.2,0.25,0.7,0.3,-0.704412620354344,-0.703832308100218,-0.251686545432586,0.327862799615442,0.620829022516998,0.576265255847937,NA,NA,NA,NA,NA,NA,0.101118822930884,0.0859736937184878,0.0627854281716,0.137043994715749,0.0752269453924408,0.384099501799281
-1,-0.5,-0.2,0.25,0.7,0.3,-1.13522320826322,-0.355327626769242,-0.23213555630941,0.159570564625012,0.676282853380694,0.296270127582545,NA,NA,NA,NA,NA,NA,0.141176545077834,0.112959544946222,0.0723697276603342,0.163059664425144,0.0775051210903113,0.387240554030901
-1,-0.5,-0.2,0.25,0.7,0.3,-1.09097594587285,-0.474357760785446,-0.174289808473151,0.148276915452755,0.840927292654346,0.779536313351057,NA,NA,NA,NA,NA,NA,0.128004723780786,0.107967523432097,0.0619569702310887,0.170436772949924,0.0813458709592823,0.583404753369561
-1,-0.5,-0.2,0.25,0.7,0.3,-0.846954908209719,-0.545173267253839,-0.195051434376884,0.316022580120154,0.754806168242919,0.522444149798355,NA,NA,NA,NA,NA,NA,0.10428380877323,0.0784576916229189,0.0501410849157737,0.136522945070858,0.0784987062348563,0.370103159074342
-1,-0.5,-0.2,0.25,0.7,0.3,-0.999536777200962,-0.535047083601238,-0.17187807253496,0.21971723424194,0.828008155934699,0.297354317803716,NA,NA,NA,NA,NA,NA,0.13073629794011,0.103372706660292,0.0521291654957869,0.161344091002441,0.0758543585776542,0.370826614620748
-1,-0.5,-0.2,0.25,0.7,0.3,-0.927948320664781,-0.53714163710968,-0.238038524458164,0.402271143756943,0.790493035118872,0.0232433674830301,NA,NA,NA,NA,NA,NA,0.120662796561449,0.0904185219569812,0.0547978077527999,0.148261972145699,0.0767469886478492,0.305124158269786
-1,-0.5,-0.2,0.25,0.7,0.3,-0.923069814112426,-0.54940751706603,-0.147764057051577,0.315708461392453,0.686915527640335,0.343361011463125,NA,NA,NA,NA,NA,NA,0.119114311597864,0.0922770187323878,0.0625151949161769,0.162198565486213,0.070002139569043,0.426651554698551
-1,-0.5,-0.2,0.25,0.7,0.3,-1.13178805288924,-0.394885200832812,-0.312834747856819,0.244896992097525,0.757334230242104,0.46403661064205,NA,NA,NA,NA,NA,NA,0.117432239025,0.0995413817210621,0.0600655715474065,0.151075607000547,0.0712640328667194,0.415145510413276
-1,-0.5,-0.2,0.25,0.7,0.3,-1.01840023950397,-0.518749806393027,-0.169048793151159,-0.14874296156639,0.754725788178075,2.77177642897681,NA,NA,NA,NA,NA,NA,0.118981855157232,0.0912970589808585,0.056070615663219,0.128864019907628,0.0708856331578868,2.3237332657991
-1,-0.5,-0.2,0.25,0.7,0.3,-0.958148684139713,-0.499289767014607,-0.168738848771263,0.0325385577462197,0.751805534039924,1.30537416537513,NA,NA,NA,NA,NA,NA,0.120057864847076,0.0989815323592534,0.0634863987486003,0.143470539440091,0.0686052035309449,0.735454871842692
-1,-0.5,-0.2,0.25,0.7,0.3,-1.17391562264465,-0.445502391246566,-0.199180852495634,0.0964053919969288,0.60923756449862,0.623254461177605,NA,NA,NA,NA,NA,NA,0.129041722675501,0.11668396318446,0.0754671579041486,0.146799350602237,0.0777173818540475,0.439475043297895
-1,-0.5,-0.2,0.25,0.7,0.3,-1.02069386749754,-0.472039538200057,-0.246384721010421,0.332428481871432,0.721564817198929,0.302669459320798,NA,NA,NA,NA,NA,NA,0.116681028835948,0.0912378825263262,0.0574022124542344,0.164920599369729,0.0765721692324542,0.402532199378623
-1,-0.5,-0.2,0.25,0.7,0.3,-1.14238015402087,-0.405890444078853,-0.168363060964735,0.229071938249289,0.796922371527807,0.356123313995692,NA,NA,NA,NA,NA,NA,0.137363354184698,0.115760148052172,0.0593325713015641,0.177686858457675,0.0833054068360731,0.45420056013763
-1,-0.5,-0.2,0.25,0.7,0.3,-0.899311465187311,-0.578886127369113,-0.0978771965105482,0.689743542277441,0.74727955387989,-0.620660485334975,NA,NA,NA,NA,NA,NA,0.14182460479967,0.110742928573121,0.0526588097105902,0.240690836072302,0.0827346042603166,0.358020011282551
-1,-0.5,-0.2,0.25,0.7,0.3,-0.97211909926621,-0.539873629274132,-0.21162920410419,0.0620457765552728,0.732585702402916,1.01015308904667,NA,NA,NA,NA,NA,NA,0.122119269002391,0.0998055736569693,0.0655173396566998,0.147471895767713,0.0784081090762975,0.527518226211991
-1,-0.5,-0.2,0.25,0.7,0.3,-0.93908337875238,-0.552559386926682,-0.0761806122664702,-0.0105780168384334,0.673353132337814,0.892924256232709,NA,NA,NA,NA,NA,NA,0.143695772793795,0.122968752524421,0.084164609614902,0.156695361553606,0.0773026192323742,0.569819698228929
-1,-0.5,-0.2,0.25,0.7,0.3,-1.02133366162092,-0.505786482331779,-0.277454579484409,0.369235730372092,0.718869155945631,0.221437242465908,NA,NA,NA,NA,NA,NA,0.119933882381873,0.0979003202566886,0.0575440018190576,0.161413802706807,0.0820239777601072,0.357183795177499
-1,-0.5,-0.2,0.25,0.7,0.3,-0.855087072644459,-0.619325510850719,-0.211814018870811,0.0598034659347292,0.821621445900752,0.856038068129324,NA,NA,NA,NA,NA,NA,0.128604896137385,0.103427265861475,0.0579579765627807,0.17313846409922,0.0778454478978345,0.607543608648325
-1,-0.5,-0.2,0.25,0.7,0.3,-0.952214225644297,-0.615216929292362,-0.235406743718491,-0.0360304418148273,0.848256832429559,4.1007834552555,NA,NA,NA,NA,NA,NA,0.102821097486923,0.0787495624711744,0.0526108025210091,0.0967883304784729,0.0696179523910014,5.39725745968495
-1,-0.5,-0.2,0.25,0.7,0.3,-0.843619088196488,-0.567626414073391,-0.236632723002923,0.114952243300707,0.876727380140291,0.600172337758188,NA,NA,NA,NA,NA,NA,0.126847425632202,0.0954818597734345,0.0484361443482464,0.138248746755381,0.0806372430711367,0.371042170299617
-1,-0.5,-0.2,0.25,0.7,0.3,-1.0678946390835,-0.478119707115944,-0.240712390375611,0.341277884857286,0.761743651909127,0.103371832607065,NA,NA,NA,NA,NA,NA,0.125387490080846,0.0945836096766975,0.0619825941255191,0.169603680691431,0.0715400640261346,0.367974793499193
-1,-0.5,-0.2,0.25,0.7,0.3,-0.994281452850911,-0.48942291191153,-0.276115353681837,0.617882382804866,0.669508107877996,-0.323438855797358,NA,NA,NA,NA,NA,NA,0.115129269293012,0.0823637525913257,0.0562147167963815,0.176821007393012,0.0753182601593613,0.304321516948446
-1,-0.5,-0.2,0.25,0.7,0.3,-0.960761655667845,-0.489086300623362,-0.130619318819785,0.547159937403935,0.695541764170814,-0.29210473841067,NA,NA,NA,NA,NA,NA,0.121825007410788,0.0834294453288041,0.0659204908333929,0.182995714558436,0.0709095361838628,0.323866237402271
-1,-0.5,-0.2,0.25,0.7,0.3,-1.06793296144695,-0.374105007420132,-0.048004244221041,0.354197400247301,0.778110061753336,0.0718307099532505,NA,NA,NA,NA,NA,NA,0.128095672110372,0.098230285269047,0.0583321555444434,0.170201624577229,0.0765375217733894,0.372539938408771
-1,-0.5,-0.2,0.25,0.7,0.3,-0.863548094778337,-0.678305879786926,-0.192025571774552,0.506285451002556,0.599044459004316,0.00561964524222999,NA,NA,NA,NA,NA,NA,0.114620378920399,0.100894862700309,0.062822503786299,0.172162436058314,0.0747904143930885,0.362120223248206
-1,-0.5,-0.2,0.25,0.7,0.3,-0.922765503605547,-0.497755374415685,-0.0129927438787431,0.198559586088687,0.781727825891594,0.527638075701409,NA,NA,NA,NA,NA,NA,0.124323045692463,0.0973659637466723,0.0548222803694165,0.157631791786374,0.0811727233566013,0.422188265102068
-1,-0.5,-0.2,0.25,0.7,0.3,-0.922166912404682,-0.554897098567621,-0.0574886379560961,0.159006872207922,0.766861931795927,0.277118296523933,NA,NA,NA,NA,NA,NA,0.149938704738041,0.117877295143391,0.0655855941761173,0.191141723856576,0.0901449576391944,0.438149399971082
-1,-0.5,-0.2,0.25,0.7,0.3,-1.04709041501899,-0.505273123144321,-0.277669979101533,-0.0422320413497558,0.779073121370226,1.28089806075103,NA,NA,NA,NA,NA,NA,0.123674635267171,0.0927963675710565,0.0522246012190484,0.145412743072909,0.0721857856455432,0.748365549771072
-1,-0.5,-0.2,0.25,0.7,0.3,-1.24595823116297,-0.222877779041815,-0.121127551991929,0.0440625838746726,0.881851351776694,1.35162202160332,NA,NA,NA,NA,NA,NA,0.11273022322122,0.0714857317150284,0.0448155188154953,0.133623528489337,0.0833948861720233,0.686029303226049
-1,-0.5,-0.2,0.25,0.7,0.3,-0.942421213750519,-0.505781978031943,-0.0917222828050607,0.242707922373097,0.660604815914832,0.333005025727394,NA,NA,NA,NA,NA,NA,0.131512385043234,0.112228670726343,0.0706065217511286,0.194737589857226,0.0793183778134926,0.487368194175878
-1,-0.5,-0.2,0.25,0.7,0.3,-1.0978565404928,-0.341737021789153,-0.229820273262321,0.0284813188009518,0.766964000963073,1.00410327153038,NA,NA,NA,NA,NA,NA,0.132902715818138,0.0971242129138974,0.0527104427192228,0.152004336134244,0.0753475760688657,0.626051825692019
-1,-0.5,-0.2,0.25,0.7,0.3,-1.08335484420591,-0.376393370039336,-0.151693110163609,0.365531892037073,0.803707347789103,0.0984017836906237,NA,NA,NA,NA,NA,NA,0.117704051369639,0.0896566721436296,0.0534025048343184,0.14172147128992,0.0731634733846133,0.297377480754645
-1,-0.5,-0.2,0.25,0.7,0.3,-1.02342329743381,-0.485487401293087,-0.32969520680368,0.170601436141425,0.687292965799736,0.232130065130101,NA,NA,NA,NA,NA,NA,0.135029392265616,0.106954041969082,0.0777297818546717,0.16214938112752,0.0751492216377452,0.367195837455222
-1,-0.5,-0.2,0.25,0.7,0.3,-0.992268133133417,-0.545087287751445,-0.264910520983971,0.392982895101971,0.715415627854896,0.0706176626569425,NA,NA,NA,NA,NA,NA,0.116278960783356,0.0875832888531225,0.0653428519011373,0.154050449563967,0.07289242828207,0.321925775251656
-1,-0.5,-0.2,0.25,0.7,0.3,-0.914514517010427,-0.475854829891068,-0.16675472801806,0.356522384282372,0.584097475777698,0.101945616589074,NA,NA,NA,NA,NA,NA,0.117626802496554,0.0953489425281107,0.0670898485641414,0.162764963203926,0.07919833751931,0.339809156057993
-1,-0.5,-0.2,0.25,0.7,0.3,-1.04142574540168,-0.416626777436352,-0.137578703014001,0.292653410792723,0.704622657517354,0.247954496798317,NA,NA,NA,NA,NA,NA,0.121895695481234,0.0965799453661829,0.0643568943741186,0.140453440417406,0.0750490577085474,0.322364001460422
-1,-0.5,-0.2,0.25,0.7,0.3,-1.11285514916124,-0.355334588594105,-0.20379304715065,0.319228451974993,0.833629357572437,0.304184335395016,NA,NA,NA,NA,NA,NA,0.118922096969286,0.091158717948272,0.0507339537202834,0.15232335874388,0.0739204154128548,0.373170596797097
-1,-0.5,-0.2,0.25,0.7,0.3,-1.03416092515039,-0.422071436174612,-0.270296702381128,0.132110597396858,0.89269420323793,0.279484938517672,NA,NA,NA,NA,NA,NA,0.13704509580348,0.100741362649533,0.0538213047349099,0.15562418869433,0.0811615015979077,0.348140309345271
-1,-0.5,-0.2,0.25,0.7,0.3,-0.810894405038907,-0.55684911223938,-0.221700232901401,0.330355405737992,0.730461304821786,0.00799117705772822,NA,NA,NA,NA,NA,NA,0.136137758274585,0.116996650444981,0.0672316381291756,0.16665747435345,0.0810926994563906,0.329332301520461
-1,-0.5,-0.2,0.25,0.7,0.3,-0.887565681083854,-0.675247048094743,-0.13218295581415,0.279383412629447,0.638529197059114,1.02014324502865,NA,NA,NA,NA,NA,NA,0.0955844993454717,0.0736240284191509,0.0614154472520722,0.137311946507918,0.072213580764127,0.575708727434522
-1,-0.5,-0.2,0.25,0.7,0.3,-1.05291524670809,-0.541938172931712,-0.126647022266423,0.355348132247545,0.560076641837478,0.242300697660872,NA,NA,NA,NA,NA,NA,0.113069328408199,0.0967408118367019,0.075106376048625,0.181002739453399,0.0669495518020775,0.444241640521329
-1,-0.5,-0.2,0.25,0.7,0.3,-0.938893044505738,-0.507536470660818,-0.221911673513094,0.101240989332227,0.741654829129555,0.506284077503734,NA,NA,NA,NA,NA,NA,0.13471039929636,0.107822137622105,0.0747608433341422,0.165883028158587,0.0773856494347785,0.443398656390667
-1,-0.5,-0.2,0.25,0.7,0.3,-0.914940787180084,-0.629392244456083,-0.16259513804874,0.362524187483379,0.799091809880609,-0.00129875942800259,NA,NA,NA,NA,NA,NA,0.131932215004254,0.116346862382657,0.0573983214506144,0.16351226051343,0.0772198932175412,0.325532744832687
-1,-0.5,-0.2,0.25,0.7,0.3,-0.823792688704378,-0.600265821236578,-0.167884278814733,0.274300716534989,0.610912039995732,0.540367006418137,NA,NA,NA,NA,NA,NA,0.1081729704849,0.0886662756007646,0.0647372593709342,0.144023213064679,0.0730890045645813,0.39090840686636
-1,-0.5,-0.2,0.25,0.7,0.3,-1.00456109053624,-0.480813258193103,-0.222153270533767,0.127852316875141,0.816859811562945,0.659732697792455,NA,NA,NA,NA,NA,NA,0.132904146564236,0.107854507792482,0.0556058307832547,0.161632822850807,0.0800941934214408,0.480124853921648
-1,-0.5,-0.2,0.25,0.7,0.3,-1.18160881893722,-0.356718738305886,-0.168520061950745,0.0769671705657138,0.938006412836883,0.633219139459342,NA,NA,NA,NA,NA,NA,0.128560887179024,0.0983794402035693,0.0572142157888217,0.165067083647198,0.0865769521299485,0.485846752721815
-1,-0.5,-0.2,0.25,0.7,0.3,-1.1878767353497,-0.503597091458194,-0.247821108008859,0.114215408120219,0.754496957849002,0.701684709734743,NA,NA,NA,NA,NA,NA,0.124902432014933,0.0961975676473085,0.0650021993928997,0.148973102822611,0.0717089806747617,0.499057126127126
-1,-0.5,-0.2,0.25,0.7,0.3,-0.905692423762252,-0.511890880868665,-0.228963667326992,0.125920935818907,0.553023005690347,0.694917127300834,NA,NA,NA,NA,NA,NA,0.120978225491544,0.0974230150237682,0.0697977657451469,0.162067037892345,0.0711170296729554,0.519742485711036
-1,-0.5,-0.2,0.25,0.7,0.3,-0.836369782392816,-0.499839062003357,-0.129465976322386,0.439499341465793,0.780147461874891,-0.119339460234131,NA,NA,NA,NA,NA,NA,0.131722323410289,0.107679200054126,0.0650917534744498,0.189506487096804,0.0806651925360887,0.352980198920847
-1,-0.5,-0.2,0.25,0.7,0.3,-1.19677392116296,-0.491102749152293,-0.0699229197470402,-0.0276710192167023,0.627111344188911,1.3061447691078,NA,NA,NA,NA,NA,NA,0.126739227326642,0.118330024980797,0.0682608643100176,0.132349719144009,0.0878027983910836,0.686729583740491
-1,-0.5,-0.2,0.25,0.7,0.3,-0.816653458636431,-0.582341451291116,-0.174057541117249,0.475025361202011,0.732090645380316,0.315183602798767,NA,NA,NA,NA,NA,NA,0.103951679262789,0.0854546039049938,0.0541806490110555,0.154274514541463,0.0782465055971151,0.379705316354962
-1,-0.5,-0.2,0.25,0.7,0.3,-1.13551783305594,-0.378697699610475,-0.237983447772145,0.46038708011319,0.691425040365817,-0.0687755322085109,NA,NA,NA,NA,NA,NA,0.12080478138654,0.0939722375511162,0.0600242365904968,0.172686518839123,0.0708171751677806,0.349673636120321
-1,-0.5,-0.2,0.25,0.7,0.3,-1.03251837549845,-0.570588929110107,-0.183696309741587,0.267716756033421,0.633077385745533,0.33625025278815,NA,NA,NA,NA,NA,NA,0.127449711459058,0.103189449579485,0.0576295091387895,0.187775851903704,0.0743870470408883,0.465634088286477
-1,-0.5,-0.2,0.25,0.7,0.3,-0.878406653305969,-0.599905459701501,-0.110009249519208,0.185146755917024,0.656570264540928,0.818709946007686,NA,NA,NA,NA,NA,NA,0.109666352055454,0.0889346972128619,0.0710941483067927,0.15744810014089,0.0697729238764215,0.533471771159579
-1,-0.5,-0.2,0.25,0.7,0.3,-1.12791815836061,-0.467391384480266,-0.152873571864495,-0.0253950436970387,0.843536234530641,1.47012309110542,NA,NA,NA,NA,NA,NA,0.121554771397277,0.0938253111246559,0.047023108140772,0.151401453792223,0.0696586537608193,0.867842899567618
-1,-0.5,-0.2,0.25,0.7,0.3,-0.967284031191075,-0.60967768582082,-0.173679732977031,0.128692263359446,0.742360459686749,1.15157510036664,NA,NA,NA,NA,NA,NA,0.105773201077921,0.0820870904923314,0.0644125398955563,0.150291675674106,0.0775170288954502,0.701678724893603
-1,-0.5,-0.2,0.25,0.7,0.3,-1.22557764432666,-0.417981730113698,-0.142915482920984,0.209277615959021,0.641452218375164,0.470279948695749,NA,NA,NA,NA,NA,NA,0.125357338243637,0.09777063098106,0.0670432154063478,0.160715201565773,0.0727302131863553,0.453352045971419
-1,-0.5,-0.2,0.25,0.7,0.3,-1.21888098764222,-0.370030202231124,-0.186389816768323,0.0767731113576115,0.765685544152692,1.07440442720804,NA,NA,NA,NA,NA,NA,0.126427097526221,0.0961027704286773,0.0570312027801272,0.146395545077627,0.0781917421036522,0.654355652991407
-1,-0.5,-0.2,0.25,0.7,0.3,-1.11308169313326,-0.422691285735563,-0.138811412174776,-0.0128757919230735,0.758861821379026,1.05537082426921,NA,NA,NA,NA,NA,NA,0.138201518938589,0.111974589902523,0.0673240170818233,0.170203911898996,0.0802157709121357,0.724163581231939
-1,-0.5,-0.2,0.25,0.7,0.3,-0.919490031466508,-0.708121345964932,-0.191686124342535,0.252667133502055,0.615954526554499,0.212278937540196,NA,NA,NA,NA,NA,NA,0.129130527074512,0.107388467104615,0.0722337898912179,0.173975048407967,0.0853970230155696,0.393915901584273
-1,-0.5,-0.2,0.25,0.7,0.3,-0.980520114758967,-0.456222232766249,-0.18601793909324,-0.138520153549452,0.810287147656315,2.19555195880309,NA,NA,NA,NA,NA,NA,0.129389756109634,0.10722580725464,0.0701539477864445,0.148938271508106,0.0728906260065185,1.60408675873737
-1,-0.5,-0.2,0.25,0.7,0.3,-0.906709898368035,-0.599673473597794,-0.276248481721772,0.446765848738708,0.624719241470585,-0.207321247736867,NA,NA,NA,NA,NA,NA,0.13519496864147,0.102652108023751,0.0679371088184674,0.219208379275165,0.0804531817330582,0.391196948847094
-1,-0.5,-0.2,0.25,0.7,0.3,-0.919968231126304,-0.598639486625564,-0.156162268628218,0.309885327789074,0.618393247586223,0.276740720147749,NA,NA,NA,NA,NA,NA,0.115570980675952,0.0985748850089945,0.068817216669439,0.144274312574381,0.0797309992028213,0.326518604653156
-1,-0.5,-0.2,0.25,0.7,0.3,-1.05201614489389,-0.404977525374594,-0.211932525215592,0.276076961759321,0.65407150536632,0.282296754210127,NA,NA,NA,NA,NA,NA,0.124320883696312,0.104529855552303,0.07182227609253,0.18754514652161,0.0709244064001419,0.470561995967518
-1,-0.5,-0.2,0.25,0.7,0.3,-0.828642056336657,-0.564438503990999,-0.257839553192906,0.271306266981774,0.826000589704679,0.225374678880458,NA,NA,NA,NA,NA,NA,0.128201484956676,0.0906118349590556,0.0543554020572035,0.172715294665139,0.0832899533176341,0.396219172383676
-1,-0.5,-0.2,0.25,0.7,0.3,-0.84785958644107,-0.719865905122239,-0.22725197308484,0.350928435571797,0.709055167593888,0.303328714376472,NA,NA,NA,NA,NA,NA,0.114317021550991,0.0915997093239374,0.0587546711197233,0.152797854361217,0.0757356913345643,0.359150010009842
-1,-0.5,-0.2,0.25,0.7,0.3,-0.841151782241728,-0.609085889244419,-0.21808202762632,0.256109073152245,0.749715040984281,0.574043635070447,NA,NA,NA,NA,NA,NA,0.116810740654249,0.0927898418320198,0.0509800322311945,0.143888094851064,0.0821125954154425,0.385193109849153
-1,-0.5,-0.2,0.25,0.7,0.3,-1.14820310458868,-0.421814045397392,-0.261941514630427,0.0361545416615832,0.618841278842494,0.493326786749403,NA,NA,NA,NA,NA,NA,0.145622645648883,0.120726712763764,0.0839875565153463,0.167520967988632,0.0797828564517203,0.446737229861661
-1,-0.5,-0.2,0.25,0.7,0.3,-0.992938301982144,-0.457251124222612,-0.338898830453236,0.32842737642099,0.678573286095956,0.325524186318884,NA,NA,NA,NA,NA,NA,0.114634504917897,0.0983017716144491,0.0666640185010123,0.15242053930784,0.0739031260774098,0.39531509155602
-1,-0.5,-0.2,0.25,0.7,0.3,-1.09798301195745,-0.485891901620736,-0.174726918751998,-0.1295880024014,0.893670404314147,1.12434920520313,NA,NA,NA,NA,NA,NA,0.148940890849161,0.11382728881389,0.0625330169236579,0.178051211640348,0.0783548340924967,0.758205584035314
-1,-0.5,-0.2,0.25,0.7,0.3,-1.29267693621745,-0.254040217904756,-0.210680772829688,-0.152327373247412,0.790648966362904,1.84458775958661,NA,NA,NA,NA,NA,NA,0.135768307128884,0.107601773144157,0.0680266656849452,0.147122782452967,0.079644112319629,1.1670635924142
-1,-0.5,-0.2,0.25,0.7,0.3,-1.19514505784203,-0.414502707584039,-0.164004485085592,-0.143497902222696,0.824395188465505,1.93112087709049,NA,NA,NA,NA,NA,NA,0.128212642075765,0.0915510699511371,0.0611609643895425,0.159230010965358,0.071080103893109,1.43851583572746
-1,-0.5,-0.2,0.25,0.7,0.3,-0.994241383312803,-0.478671177159609,-0.203123960138622,0.505250385716182,0.704464771744604,-0.121258357049612,NA,NA,NA,NA,NA,NA,0.118673347948698,0.106641157377724,0.056628772168367,0.149720734620141,0.0729295164208826,0.289677166704318
-1,-0.5,-0.2,0.25,0.7,0.3,-0.917948080114158,-0.446633538166182,-0.135170468977886,0.407762567835505,0.65878487833093,-0.0564758217513538,NA,NA,NA,NA,NA,NA,0.123913317671489,0.0993869874982126,0.074393550447314,0.16041094840945,0.0712465629288914,0.315206438874847
-1,-0.5,-0.2,0.25,0.7,0.3,-0.845215421841356,-0.578332320739894,-0.192445969168099,0.370516722632926,0.686048999383419,0.00948596247971919,NA,NA,NA,NA,NA,NA,0.128592295004326,0.102621990579312,0.0571259055327757,0.176624568660189,0.0746333363649392,0.354264314868788
-1,-0.5,-0.2,0.25,0.7,0.3,-1.10745044540013,-0.438505526770016,-0.210880702047852,0.236713559662423,0.761742623581976,0.716745982104421,NA,NA,NA,NA,NA,NA,0.11648921738761,0.100428242597148,0.0560353092467566,0.162103966253994,0.0761228235432441,0.563276210434759
-1,-0.5,-0.2,0.25,0.7,0.3,-0.767333177357147,-0.574086145059859,-0.0885933818663166,0.0486158087390545,0.877865651327482,0.634864831016523,NA,NA,NA,NA,NA,NA,0.14320570540832,0.115423452820935,0.0626813719737603,0.157133276912151,0.0885271579149915,0.431581399817771
-1,-0.5,-0.2,0.25,0.7,0.3,-1.03605384336093,-0.474578022001373,-0.123403546850932,0.127568521287086,0.861743561757927,0.392035308188902,NA,NA,NA,NA,NA,NA,0.138767922749684,0.107110323447705,0.062729646243597,0.168651859353558,0.0819077640407128,0.403516925395519
-1,-0.5,-0.2,0.25,0.7,0.3,-0.721841151377082,-0.631566974100555,-0.257516986745533,0.904043768038559,0.729816759250257,-0.939597134970406,NA,NA,NA,NA,NA,NA,0.136630840779057,0.094992411281308,0.0523184745994152,0.269303729036067,0.0781805498710784,0.353491277946409
-1,-0.5,-0.2,0.25,0.7,0.3,-0.807538100645567,-0.710155017051486,-0.162108159961838,0.245754839320087,0.893543112479667,0.157845892618339,NA,NA,NA,NA,NA,NA,0.138399261432919,0.101479960686468,0.0538634483680242,0.19589229675092,0.0804324713925799,0.415709833988236
-1,-0.5,-0.2,0.25,0.7,0.3,-0.981286893370256,-0.477096650762405,-0.179035805161795,0.0638512652507071,0.796576909252598,0.876734727835367,NA,NA,NA,NA,NA,NA,0.128433953819827,0.0998586880197297,0.0620998851116649,0.155971534450398,0.0748261400891035,0.539191084838553
-1,-0.5,-0.2,0.25,0.7,0.3,-0.850960036445434,-0.614387801432305,-0.19166686629792,0.0553344250610455,0.654620628391842,0.996704334316026,NA,NA,NA,NA,NA,NA,0.122371681038192,0.109149047100842,0.0673018325030162,0.144641243382995,0.0764107326432549,0.53844550073511
-1,-0.5,-0.2,0.25,0.7,0.3,-1.21129362463746,-0.339733778878016,-0.221375914946495,0.0409379385775086,0.71980019797031,1.18061773653423,NA,NA,NA,NA,NA,NA,0.126884682306192,0.104282353305285,0.0657787949636775,0.14796588775527,0.0797517678833779,0.696347866167538
-1,-0.5,-0.2,0.25,0.7,0.3,-1.03683152718686,-0.47723003592191,-0.104657741433979,0.237986551783829,0.704471324011078,0.247257530580856,NA,NA,NA,NA,NA,NA,0.125891752235746,0.101032274430419,0.071561902845901,0.1646380133764,0.0722751945618117,0.375436418910515
-1,-0.5,-0.2,0.25,0.7,0.3,-0.738092225248167,-0.678382022639117,-0.206785956817749,-0.0185362208769023,0.867518042560623,0.92836777458005,NA,NA,NA,NA,NA,NA,0.145670374340525,0.121581443912961,0.0559201766435746,0.169655007659651,0.0922783739063684,0.582088741822257
-1,-0.5,-0.2,0.25,0.7,0.3,-0.850060191029555,-0.645495394221709,-0.288243926652095,0.40963430607009,0.710396360442268,-0.097651102017795,NA,NA,NA,NA,NA,NA,0.129540255406316,0.104900951936702,0.0651302831902852,0.197631943565175,0.0811053986404461,0.372458350891043
-1,-0.5,-0.2,0.25,0.7,0.3,-0.861748584236391,-0.484242110337723,-0.284093850768888,0.250057379445819,0.74925881832511,0.5676764929462,NA,NA,NA,NA,NA,NA,0.118782189994577,0.0956555913675784,0.0730729156258929,0.153294504627819,0.0788070003275234,0.438181312278262
-1,-0.5,-0.2,0.25,0.7,0.3,-0.935587915108914,-0.577553577450683,-0.20551755839684,0.104654587082518,0.69898899461492,0.61205346650333,NA,NA,NA,NA,NA,NA,0.128272758781904,0.108615860605908,0.0766755947375233,0.150650900276435,0.0701735560927502,0.442005895004212
-1,-0.5,-0.2,0.25,0.7,0.3,-1.30484825918413,-0.393326875283919,-0.141276221172246,0.121266477322434,0.739316542773989,0.516800345170437,NA,NA,NA,NA,NA,NA,0.141224132947514,0.112735543853891,0.0592992290940772,0.162462463769849,0.0769320626825725,0.463742050506139
-1,-0.5,-0.2,0.25,0.7,0.3,-0.93486262378731,-0.569306556302637,-0.170282838744586,0.1280609695804,0.759840850975279,0.600889287538607,NA,NA,NA,NA,NA,NA,0.128371410052129,0.0917202784811393,0.0655596638457289,0.176277827948753,0.0771397532325129,0.528112130104159
-1,-0.5,-0.2,0.25,0.7,0.3,-0.8394131213758,-0.710239260331349,0.0162045273575377,0.315665660838277,0.557092569188028,0.302031785552087,NA,NA,NA,NA,NA,NA,0.119450373596354,0.102713946321693,0.0710914820957253,0.205676297131783,0.0707864024461326,0.528209905141864
-1,-0.5,-0.2,0.25,0.7,0.3,-0.757356504610352,-0.49204539095549,-0.127326053647041,0.404801107915137,0.753037575382315,0.16507522031122,NA,NA,NA,NA,NA,NA,0.116198140971767,0.0901303390390732,0.0500548422900761,0.167050246619195,0.0738075685941591,0.376760694551495
-1,-0.5,-0.2,0.25,0.7,0.3,-1.03983448793818,-0.564325970422104,-0.148410477718927,0.142100103470901,0.709127187150895,0.795621212860601,NA,NA,NA,NA,NA,NA,0.117654512564667,0.0909439753066755,0.0650501361864867,0.15273029394512,0.0697055838854796,0.526921910011931
-1,-0.5,-0.2,0.25,0.7,0.3,-0.79809467675968,-0.578591336236025,-0.151258671055805,0.398306812683312,0.76646701611044,0.0971114866212092,NA,NA,NA,NA,NA,NA,0.119909003953326,0.0936888984555146,0.0518437274402928,0.171982355456191,0.0770283205649386,0.364345750252674
-1,-0.5,-0.2,0.25,0.7,0.3,-1.47858692751418,-0.258251975647711,-0.231385561573128,0.00996696491326175,0.810717968522559,1.4095422895416,NA,NA,NA,NA,NA,NA,0.122794296865444,0.0977212346898806,0.0611417683836928,0.155608945330217,0.0739639838557929,0.911839283855178
-1,-0.5,-0.2,0.25,0.7,0.3,-1.20000325728495,-0.276703627594474,-0.199410847109649,0.0689449526524987,0.867821664322315,0.95507304523028,NA,NA,NA,NA,NA,NA,0.132510531285031,0.105829922185156,0.0490595744284712,0.153435639519008,0.0845756193079596,0.595074544661548
-1,-0.5,-0.2,0.25,0.7,0.3,-0.808460248159376,-0.678085018887437,-0.259726670858056,0.282041020358441,0.805206035985845,0.402167401860392,NA,NA,NA,NA,NA,NA,0.127444398383681,0.103061505905411,0.0592796995072056,0.16631993170388,0.082219424213372,0.416123197743011
-1,-0.5,-0.2,0.25,0.7,0.3,-1.19306095627306,-0.336397258524181,-0.196166831394012,0.139355649392721,0.82407975070012,1.14634425686432,NA,NA,NA,NA,NA,NA,0.112953679687712,0.0869502440412933,0.0485454178822232,0.140736744045879,0.0774068679278514,0.642584132611268
-1,-0.5,-0.2,0.25,0.7,0.3,-1.02088859386131,-0.422042561410247,-0.198195519046242,0.158817522951121,0.812692276612847,0.407261178043274,NA,NA,NA,NA,NA,NA,0.139040715539465,0.113522185212205,0.0498834199317087,0.164491007524964,0.0832246977266201,0.400882953139731
-1,-0.5,-0.2,0.25,0.7,0.3,-0.949857690388181,-0.459658243233771,-0.208224192349757,0.270269210117719,0.745908080045466,0.344631150674387,NA,NA,NA,NA,NA,NA,0.12818198308419,0.104219651850325,0.0622530613906437,0.166316046411387,0.081923757840915,0.39384640791229
-1,-0.5,-0.2,0.25,0.7,0.3,-1.04438743931775,-0.432214456573977,-0.1543166237231,0.281887831846157,0.622120155161191,0.314908722759953,NA,NA,NA,NA,NA,NA,0.117675172606704,0.100707019953979,0.0700383238171517,0.15312597343563,0.0749940950442411,0.375547269694936
-1,-0.5,-0.2,0.25,0.7,0.3,-0.95928680989284,-0.57349124416895,-0.111530205935614,0.216232968729537,0.675968123760537,0.308984771244661,NA,NA,NA,NA,NA,NA,0.133546714364844,0.106779704438165,0.0578975199484438,0.164042700686732,0.0843114351399043,0.392987252456972
-1,-0.5,-0.2,0.25,0.7,0.3,-0.96055764100246,-0.513145004579479,-0.119620397495223,0.298379188427878,0.753946632220771,0.432298136366299,NA,NA,NA,NA,NA,NA,0.111813331159752,0.0888655906602049,0.0501940938630676,0.139514797728493,0.0744352910811146,0.362367554578674
-1,-0.5,-0.2,0.25,0.7,0.3,-1.01549354719244,-0.476172482305812,-0.254327362348393,0.255689740525053,0.671141299878632,0.768409273765573,NA,NA,NA,NA,NA,NA,0.104623901064519,0.0881086041030219,0.0562292679121396,0.125272614912919,0.0752907278448537,0.385675129371866
-1,-0.5,-0.2,0.25,0.7,0.3,-0.788542136280952,-0.66096653233755,-0.197485851428811,0.09390882747662,0.649275470992447,0.504564032613393,NA,NA,NA,NA,NA,NA,0.145124342213327,0.119515721420069,0.0653357050660182,0.212029663644136,0.0885687697900114,0.557145660353178
-1,-0.5,-0.2,0.25,0.7,0.3,-0.9444067638276,-0.548505873149533,-0.1863507304796,0.145045562098189,0.774523888890113,0.466446059481752,NA,NA,NA,NA,NA,NA,0.13534690187453,0.104201532533238,0.0757728678526493,0.220881102781353,0.0818755883298328,0.59821374796065
-1,-0.5,-0.2,0.25,0.7,0.3,-1.06175070510244,-0.511322313452729,-0.292953106071163,0.0621080333854985,0.82383195596188,0.73492601952787,NA,NA,NA,NA,NA,NA,0.14438802579911,0.113692901423957,0.0653380324991837,0.185231597205859,0.0857466814111515,0.609477465280979
-1,-0.5,-0.2,0.25,0.7,0.3,-0.837161343034364,-0.50124240896889,-0.142060610606865,0.488217789587084,0.866323915317096,-0.00650716862359522,NA,NA,NA,NA,NA,NA,0.116816339346082,0.0791991659436748,0.0425727290387343,0.174194934816665,0.0787708073766653,0.358509491265446
-1,-0.5,-0.2,0.25,0.7,0.3,-0.84069544617071,-0.628946414450655,-0.105680719277602,0.252109283912197,0.592681254674053,0.196395741274589,NA,NA,NA,NA,NA,NA,0.129874559700886,0.115135769204196,0.0875642488408216,0.171108807529599,0.0734646166482362,0.368674053196845
-1,-0.5,-0.2,0.25,0.7,0.3,-1.11916592936903,-0.370155999743909,-0.0888564857195236,0.258493846946627,0.894670099444975,0.471819245952207,NA,NA,NA,NA,NA,NA,0.115208281148448,0.0925423419285812,0.0508979458261701,0.135577435367963,0.0807254800395638,0.360711063408993
-1,-0.5,-0.2,0.25,0.7,0.3,-0.901066247886893,-0.447145087317628,-0.323919647265194,0.338164771016716,0.670843719686765,0.010516219647356,NA,NA,NA,NA,NA,NA,0.132632503814387,0.110742531197384,0.0621588492305412,0.178763294290818,0.0723219405321608,0.362237079445872
-1,-0.5,-0.2,0.25,0.7,0.3,-0.923262973215627,-0.544206177231826,-0.191457735575691,0.375260582095376,0.632945305556709,0.112993349904679,NA,NA,NA,NA,NA,NA,0.116672244019785,0.0972165258288367,0.063076469869927,0.147347717889453,0.0746483315438796,0.315744264065849
-1,-0.5,-0.2,0.25,0.7,0.3,-1.09909652966812,-0.42785241446519,-0.308273712668715,0.365900708119164,0.573582611263688,0.230896474848544,NA,NA,NA,NA,NA,NA,0.108098430803266,0.0909222492054015,0.0651260389259827,0.136812158425744,0.0694055456891941,0.319622252028592
-1,-0.5,-0.2,0.25,0.7,0.3,-1.00864394082347,-0.581310428551489,-0.264430741274611,0.307994735195636,0.649438861931699,0.258287384823916,NA,NA,NA,NA,NA,NA,0.121168617260712,0.102577084378594,0.0679891687175208,0.165632895276655,0.0723527462593841,0.406013235431423
-1,-0.5,-0.2,0.25,0.7,0.3,-1.01611515791251,-0.548768362686332,-0.148533447068356,0.362691140081906,0.688832615984992,0.278673610694981,NA,NA,NA,NA,NA,NA,0.108369277666353,0.0945956021738054,0.0559024406267894,0.152293427631857,0.071031420685749,0.365424613189353
-1,-0.5,-0.2,0.25,0.7,0.3,-1.14525796053859,-0.352499296421238,-0.196629779741321,0.309728954429836,0.739396511984827,0.16829802399257,NA,NA,NA,NA,NA,NA,0.123928470164872,0.0928836856557284,0.0601344564325168,0.151627951058416,0.070998375898781,0.349926404737494
-1,-0.5,-0.2,0.25,0.7,0.3,-0.9227649828987,-0.527512747124423,-0.247412301450671,0.14099914413986,0.771269449421772,0.479337087620851,NA,NA,NA,NA,NA,NA,0.14142793252447,0.120609883624769,0.0685484866947127,0.167421452331687,0.089599832751745,0.414311743145817
-1,-0.5,-0.2,0.25,0.7,0.3,-0.869704564948374,-0.617696968220858,-0.165632948104559,0.295367448760546,0.620563104851996,0.363324943433665,NA,NA,NA,NA,NA,NA,0.121045915929069,0.0957449760219637,0.0675325307582189,0.218562186273446,0.0738013377887834,0.587072320032221
-1,-0.5,-0.2,0.25,0.7,0.3,0.481188219104759,0.359082535179709,-9.44456426995192,-2.04839078566276,0.0115924325515288,0.803100008637563,NA,NA,NA,NA,NA,NA,0.740401636655496,0.828885729435483,NA,0.142226448901479,0.0862261931378683,0.472457289370009
-1,-0.5,-0.2,0.25,0.7,0.3,-1.21104237908562,-0.37986696937289,-0.282576671877883,-0.194296218358433,0.719528257655004,1.97661348237045,NA,NA,NA,NA,NA,NA,0.136356488615307,0.109794979500484,0.0798230793737766,0.154091643926751,0.0704987009922623,1.42111151365286
-1,-0.5,-0.2,0.25,0.7,0.3,-1.06327560532413,-0.427270850640177,-0.178348008074556,0.234505400277848,0.599335259023339,0.418927923420835,NA,NA,NA,NA,NA,NA,0.115244448984535,0.10377039707689,0.070780440899146,0.151103229675739,0.0683396195823932,0.402546778558786
-1,-0.5,-0.2,0.25,0.7,0.3,-0.890678093536109,-0.604239069385856,-0.168595458230867,0.265110124557286,0.655140314667374,0.231964297729615,NA,NA,NA,NA,NA,NA,0.128736353060164,0.103490610710765,0.0716392767071349,0.187104503977792,0.0790305557532183,0.439872815121303
-1,-0.5,-0.2,0.25,0.7,0.3,-0.905490687007714,-0.525563250858851,-0.213556833839741,0.306020580192181,0.628463560019903,0.417187092732654,NA,NA,NA,NA,NA,NA,0.118637160088405,0.0910781817428533,0.055561464274062,0.203232136914046,0.0699880548899814,0.548914670028054
-1,-0.5,-0.2,0.25,0.7,0.3,-0.970333311240761,-0.515526229829209,-0.245210263452492,0.188776012448183,0.755762621116177,0.266223162362083,NA,NA,NA,NA,NA,NA,0.140905175744111,0.107435885111656,0.0696259130299954,0.166880474399913,0.0832323474140464,0.387524038089448
-1,-0.5,-0.2,0.25,0.7,0.3,-0.966813231532167,-0.56983602391991,-0.180593493015436,0.0259841481838509,0.650897261686887,1.50926831054614,NA,NA,NA,NA,NA,NA,0.119601249715159,0.0944729212263756,0.055666794329979,0.144089568487673,0.0774420592319304,0.860358770272864
-1,-0.5,-0.2,0.25,0.7,0.3,-0.962486551856791,-0.442549335675951,-0.135720525959984,0.491447546395684,0.769241695090631,-0.0439471370876949,NA,NA,NA,NA,NA,NA,0.124643738320099,0.109860055783052,0.0611471269891414,0.161116095035661,0.0825663070309225,0.331351370825189
-1,-0.5,-0.2,0.25,0.7,0.3,-1.0639113210951,-0.543540937630585,-0.133643553970833,0.188172110655754,0.792843439645155,0.331725915772631,NA,NA,NA,NA,NA,NA,0.143484816491556,0.119074251835727,0.065000364684461,0.192022870912216,0.078342942382356,0.478948767904159
-1,-0.5,-0.2,0.25,0.7,0.3,-1.12933647868911,-0.432105299100456,-0.224272764550299,0.187736524405714,0.74237185131323,0.751868802880564,NA,NA,NA,NA,NA,NA,0.12316629141821,0.0997375571504174,0.0498703513753614,0.165055869717777,0.0724698289193055,0.583293222441868
-1,-0.5,-0.2,0.25,0.7,0.3,-1.06673821811289,-0.443929746855911,-0.262518443121275,0.177974699804193,0.618649236401109,0.649547993691583,NA,NA,NA,NA,NA,NA,0.118238444749022,0.0943602177638209,0.0672983563883345,0.147619976687582,0.0752883199583892,0.454596063687168
-1,-0.5,-0.2,0.25,0.7,0.3,-1.24048963196132,-0.301570005447895,-0.336592739146647,0.243034533529415,0.803619783103647,0.223959841776402,NA,NA,NA,NA,NA,NA,0.136525135695496,0.104538363437334,0.0573706789485693,0.173014607788904,0.0786415607070808,0.397080657681871
-1,-0.5,-0.2,0.25,0.7,0.3,-0.878610289647373,-0.552475701837289,-0.189089882928121,0.273494084344728,0.643235363988504,0.0739425193298747,NA,NA,NA,NA,NA,NA,0.133559108355959,0.11421059979392,0.0817752009118995,0.169282071424492,0.0798983536624832,0.353220340466787
-1,-0.5,-0.2,0.25,0.7,0.3,-1.00551931034776,-0.549273432536098,-0.277310452768513,0.284178846329272,0.662194310242388,0.472044793696264,NA,NA,NA,NA,NA,NA,0.112160154402571,0.089285968235453,0.0715300061657963,0.137966583778009,0.0744199933720847,0.379590917273058
-1,-0.5,-0.2,0.25,0.7,0.3,-1.09090376725897,-0.482444035097392,-0.0796506214462696,0.15742279232712,0.628601411290154,0.892911787582605,NA,NA,NA,NA,NA,NA,0.116637454178065,0.0964809025915966,0.0713018475371385,0.180278545901913,0.0712536320712665,0.734570766473127
-1,-0.5,-0.2,0.25,0.7,0.3,-1.13455515834014,-0.340538615243183,-0.346508626417995,0.299218867467779,0.625129477274427,0.128740797905152,NA,NA,NA,NA,NA,NA,0.132329146631453,0.105794965176117,0.0665981891464304,0.188555697719556,0.0751729968076886,0.439761784560535
-1,-0.5,-0.2,0.25,0.7,0.3,-0.776551822068828,-0.694988331203145,-0.199782349589255,0.336480259272486,0.761055538401931,0.0821874404441595,NA,NA,NA,NA,NA,NA,0.128367213999592,0.0998635946391641,0.062191970018917,0.189812321926231,0.0805690076209373,0.387158423825911
-1,-0.5,-0.2,0.25,0.7,0.3,-1.04263466290036,-0.36175981250028,-0.326863082450639,0.0760714303635423,0.855639235103057,0.824946325795057,NA,NA,NA,NA,NA,NA,0.127589238245791,0.0974322819944445,0.0652523832774405,0.161537462796443,0.0776690856555251,0.554786076749703
-1,-0.5,-0.2,0.25,0.7,0.3,-0.72605970758238,-0.690136208969749,-0.300136157026767,0.331619233234551,0.76955348170065,0.229371236017717,NA,NA,NA,NA,NA,NA,0.137055099963978,0.109283373784073,0.0648093606663836,0.211747214969612,0.0951066307104182,0.484243528850703
-1,-0.5,-0.2,0.25,0.7,0.3,-0.889488120352865,-0.538446992006402,-0.226892203308104,0.137214533446045,0.756697680309001,1.01433491250484,NA,NA,NA,NA,NA,NA,0.116644256830746,0.0844635644935613,0.0497961503697072,0.161345180840452,0.0788533092022934,0.660152402039797
-1,-0.5,-0.2,0.25,0.7,0.3,-1.06376687209536,-0.360183409891015,-0.120552891314781,0.590470612584798,0.752084755805698,-0.466480315871605,NA,NA,NA,NA,NA,NA,0.132487691236378,0.103890119661058,0.0650034118545846,0.243201851945848,0.0769847853694717,0.409933155551523
-1,-0.5,-0.2,0.25,0.7,0.3,-0.793353593383198,-0.567352538838702,-0.353162978023257,0.27336670542962,0.725578660498208,0.370695053123148,NA,NA,NA,NA,NA,NA,0.120785796428878,0.103823917860593,0.0625124001998199,0.158091249824651,0.0780965720615434,0.382819846337598
-1,-0.5,-0.2,0.25,0.7,0.3,-0.978832719380495,-0.480411512644593,-0.0898575407191661,0.143949154805834,0.709075405801492,0.716985920662708,NA,NA,NA,NA,NA,NA,0.128315027558706,0.101954337322797,0.0622980597299612,0.184296480794863,0.0784004321891969,0.61882761751072
-1,-0.5,-0.2,0.25,0.7,0.3,-1.11178783446913,-0.40538468768241,-0.296834935605534,0.244715201456982,0.748430077059073,0.12981523905704,NA,NA,NA,NA,NA,NA,0.139500203477795,0.115118704391684,0.0682771192707072,0.179845837254786,0.0779653951475666,0.400960947523826
-1,-0.5,-0.2,0.25,0.7,0.3,-1.09934347355291,-0.392055646924803,-0.214113437811142,0.0394797834721266,0.618741649983414,0.989292287685741,NA,NA,NA,NA,NA,NA,0.125204389692866,0.107621809926102,0.0716777960256042,0.152124401207971,0.077291373354037,0.590036593150163
-1,-0.5,-0.2,0.25,0.7,0.3,-0.998903338163912,-0.360394114022815,-0.258071948881564,0.182425853731644,0.587492162118925,0.347644985424549,NA,NA,NA,NA,NA,NA,0.13066786180643,0.109095364287774,0.0780126614767829,0.179205273319854,0.0795787182365131,0.457418460796744
-1,-0.5,-0.2,0.25,0.7,0.3,-1.05418639031982,-0.426598294037979,-0.115712211745221,0.208153922507266,0.580540415330235,0.504899294771528,NA,NA,NA,NA,NA,NA,0.115592735093572,0.0969681750240467,0.0675084407380455,0.139903265260521,0.0692658816926483,0.39844036607409
-1,-0.5,-0.2,0.25,0.7,0.3,-1.07301276501724,-0.555756830284557,-0.198698181427277,0.288212733857922,0.628106850980706,0.345761574587876,NA,NA,NA,NA,NA,NA,0.117030922261689,0.0953847457531801,0.0634226135754635,0.150614527066787,0.0704970214537885,0.384019525360388
-1,-0.5,-0.2,0.25,0.7,0.3,-1.00299129982499,-0.500037344630483,-0.12683496479759,0.0937852845401504,0.763047568242708,0.534430700691442,NA,NA,NA,NA,NA,NA,0.135847333138184,0.0985260659964117,0.0618859893545183,0.160161148633,0.0781774372085642,0.425365605623384
-1,-0.5,-0.2,0.25,0.7,0.3,-1.16976055316962,-0.413613585108204,-0.142612750707078,-0.173439811104567,0.652093775681366,3.07325130519047,NA,NA,NA,NA,NA,NA,0.116690755346536,0.091518659350471,0.0671724397626545,0.120993651652815,0.0686452414945968,3.00957377130262
-1,-0.5,-0.2,0.25,0.7,0.3,-1.11894472535953,-0.333224786854385,-0.175401771975319,0.190997581028103,0.801583964862326,0.192315747185228,NA,NA,NA,NA,NA,NA,0.144115350497034,0.122078245164235,0.0643497261063787,0.183964761876294,0.0769916113746129,0.409282454239182
-1,-0.5,-0.2,0.25,0.7,0.3,-0.931126073740632,-0.612832258727511,-0.351140601070807,0.236784426513668,0.610497233939042,0.447064249293574,NA,NA,NA,NA,NA,NA,0.117589602293634,0.092546452676143,0.063347484561612,0.162857898896421,0.0705345319152546,0.439164946319355
-1,-0.5,-0.2,0.25,0.7,0.3,-0.997434201362288,-0.595110292380304,-0.291813953418084,0.151932502790626,0.651344767254715,0.270722475287795,NA,NA,NA,NA,NA,NA,0.143030328814399,0.116483150641445,0.084549983877868,0.229184451326118,0.0778173549114883,0.56687033893669
-1,-0.5,-0.2,0.25,0.7,0.3,-1.22261707407027,-0.296896811193972,-0.245373542212439,0.143006600312652,0.740554042757914,0.673924817012523,NA,NA,NA,NA,NA,NA,0.124786135532138,0.104009577416938,0.0573351077626824,0.149325826081073,0.0762574043028087,0.450541378487779
-1,-0.5,-0.2,0.25,0.7,0.3,-1.03975209601286,-0.431549243459605,-0.139138039437389,0.00213527287283819,0.648814499780961,1.5934642865406,NA,NA,NA,NA,NA,NA,0.113591329973018,0.0874467316101403,0.0646525996100824,0.15801630459762,0.0731164634321606,1.07793800107848
-1,-0.5,-0.2,0.25,0.7,0.3,-0.867407591497117,-0.524549657414407,-0.153630435007663,0.542534841126483,0.645619988810298,0.00933904547942234,NA,NA,NA,NA,NA,NA,0.111066383796331,0.088644766705786,0.0542136912248942,0.206639687033447,0.0707502517051929,0.45965701389313
-1,-0.5,-0.2,0.25,0.7,0.3,-1.09464119188654,-0.501379675441572,-0.165506570864544,0.218758729462,0.638598528071549,0.293263734117159,NA,NA,NA,NA,NA,NA,0.125569253904563,0.107244402972701,0.0702175529365653,0.145797178151444,0.0697278182453935,0.35683891269431
-1,-0.5,-0.2,0.25,0.7,0.3,-0.864566438964175,-0.547481522839804,-0.274926965393395,0.262446455446425,0.641041814021979,0.44684897981286,NA,NA,NA,NA,NA,NA,0.118983308930134,0.0944306438444518,0.0826675263367397,0.159938522246982,0.0781772191414285,0.423187219373223
-1,-0.5,-0.2,0.25,0.7,0.3,-1.03605665936529,-0.384116186592058,-0.197956984092108,0.34363709151084,0.71386628024589,0.0455212813904356,NA,NA,NA,NA,NA,NA,0.12632134725745,0.108192099091294,0.0590493197637081,0.159045714187229,0.0724517643829081,0.328672717627904
-1,-0.5,-0.2,0.25,0.7,0.3,-0.81664951279318,-0.657565508160004,-0.248000421252327,0.29367066080447,0.616870031478829,0.178940092406408,NA,NA,NA,NA,NA,NA,0.137533019723403,0.119130243066196,0.0771261789453523,0.189894815482057,0.0801932712153687,0.449085671834324
-1,-0.5,-0.2,0.25,0.7,0.3,-1.05989434095412,-0.443176912148304,-0.179508264102534,0.0451817203460601,0.758786984773809,1.17195735169519,NA,NA,NA,NA,NA,NA,0.120939710863027,0.10078047435797,0.0565368366820402,0.152848067596384,0.0769079780642867,0.712277359342949
-1,-0.5,-0.2,0.25,0.7,0.3,-0.970476629451245,-0.646555437201783,-0.155288189705644,0.082154632026589,0.76645371799813,1.14147757676418,NA,NA,NA,NA,NA,NA,0.119222327530795,0.0983141094776153,0.0585501656047107,0.145129001489652,0.0734315094475134,0.639051575270404
-1,-0.5,-0.2,0.25,0.7,0.3,-1.00112859734762,-0.279925872324673,-0.200162653118226,0.172055874292221,0.77998685672685,0.38629319984728,NA,NA,NA,NA,NA,NA,0.13781062198511,0.113656984838686,0.0666606200316206,0.171146089326016,0.0766185779734161,0.433730576583707
-1,-0.5,-0.2,0.25,0.7,0.3,-0.870917281866172,-0.524861784332937,-0.251596397352591,0.408926425149954,0.829879387431554,0.00531161634875172,NA,NA,NA,NA,NA,NA,0.129198453951254,0.101469719491168,0.0597786638757442,0.184992930574462,0.0792352360732185,0.375538130155256
-1,-0.5,-0.2,0.25,0.7,0.3,-1.21181637087403,-0.35643605472203,-0.28136687950124,0.499619186107904,0.782177234962593,-0.2424786343098,NA,NA,NA,NA,NA,NA,0.129129961119105,0.105102597230142,0.054530797383158,0.158435152889541,0.0750248849882534,0.29414156416906
-1,-0.5,-0.2,0.25,0.7,0.3,-1.0740273222641,-0.388433371488166,-0.127453530809917,0.0795200863144417,0.628855229009952,1.12909628044973,NA,NA,NA,NA,NA,NA,0.116687457357835,0.105562672369124,0.0732162132436076,0.153432093393626,0.0750271880880943,0.673076873827436
-1,-0.5,-0.2,0.25,0.7,0.3,-0.979772297807793,-0.418096785325359,-0.231051231537247,0.520003493843448,0.684417298445394,-0.0960341982111734,NA,NA,NA,NA,NA,NA,0.119522625291887,0.0977280895399899,0.0632093599462691,0.185116841633453,0.0728804275863983,0.381047050483188
-1,-0.5,-0.2,0.25,0.7,0.3,-0.926158372385435,-0.628598169669608,-0.2876273212014,0.0774466016175745,0.687404958371704,1.47099147454458,NA,NA,NA,NA,NA,NA,0.110552853403034,0.0942111065611746,0.0608962772806291,0.145184942036175,0.0693824889545573,0.912011245310089
-1,-0.5,-0.2,0.25,0.7,0.3,-0.96444786225274,-0.537726735579625,-0.307281252062904,0.137400863485928,0.780838505311519,0.860806521768344,NA,NA,NA,NA,NA,NA,0.122858931568026,0.0850221303630842,0.055542919276035,0.188816557514262,0.0733360351044059,0.68561368371717
-1,-0.5,-0.2,0.25,0.7,0.3,-0.852682720088155,-0.607892981523309,-0.16132185108377,0.159720649776648,0.658905531783274,0.548665432690035,NA,NA,NA,NA,NA,NA,0.129942184852729,0.101420408464391,0.0838112565308281,0.172064728367642,0.0792260544250814,0.486460808786984
-1,-0.5,-0.2,0.25,0.7,0.3,-1.25443185030433,-0.354476649452021,-0.326866373247504,-0.123103021459573,0.644486952200648,1.78002456289318,NA,NA,NA,NA,NA,NA,0.128450693871064,0.10334480757189,0.0688717500830116,0.146001807236152,0.0713308388623131,1.16153343800089
-1,-0.5,-0.2,0.25,0.7,0.3,-0.916789448583598,-0.579832445144344,-0.224778347340847,0.282865427883441,0.621672396132078,0.17435766619875,NA,NA,NA,NA,NA,NA,0.133080646896824,0.113954025386274,0.0720808706593797,0.203142203208016,0.0784787622597274,0.457689201385011
-1,-0.5,-0.2,0.25,0.7,0.3,-0.998512015813235,-0.405426037745974,-0.109187045880072,0.578936371660182,0.782727990216513,-0.339826101517759,NA,NA,NA,NA,NA,NA,0.126855814579802,0.0993325423898988,0.0575724962025796,0.188257830373753,0.0754934329468964,0.331131217294475
-1,-0.5,-0.2,0.25,0.7,0.3,-0.997201494966044,-0.443390935745736,-0.391843230066061,0.350103485619313,0.677048989112422,0.0851458941380932,NA,NA,NA,NA,NA,NA,0.12710913264604,0.104197496064076,0.0678767118197098,0.189826411587342,0.076819956355607,0.404814304165232
-1,-0.5,-0.2,0.25,0.7,0.3,-0.847937825902611,-0.658368303064387,-0.0748418065076676,0.202928798916806,0.615681106634968,1.57240853277317,NA,NA,NA,NA,NA,NA,0.0964363734496718,0.0720609657823425,0.0647650980077452,0.159485828283925,0.0760680147260332,1.06653504340892
-1,-0.5,-0.2,0.25,0.7,0.3,-1.02599556383143,-0.421063608508136,-0.160647550659066,0.0382183144676906,0.801492092542779,1.68575748732551,NA,NA,NA,NA,NA,NA,0.121634937591925,0.0946627536100369,0.0541649913445772,0.158376110313534,0.0784649636000756,1.16529670436931
-1,-0.5,-0.2,0.25,0.7,0.3,-1.09732608782584,-0.547162479986472,-0.311164117431654,0.231808386209289,0.63197565370407,0.510379968914502,NA,NA,NA,NA,NA,NA,0.120846289975295,0.0969210393636168,0.0683140414602433,0.155493688569679,0.0724868889524286,0.443729443257407
-1,-0.5,-0.2,0.25,0.7,0.3,-0.880876040237334,-0.546207155121616,-0.156547669003572,0.432335567850975,0.750625457319909,-0.0467903770583342,NA,NA,NA,NA,NA,NA,0.125290130527407,0.0934167004398101,0.0639554355725684,0.220503742094127,0.0802054994645674,0.426129954511168
-1,-0.5,-0.2,0.25,0.7,0.3,-1.05810228785185,-0.464541238001758,-0.196574950029287,-0.121793993953901,0.692081290896785,4.80270409125038,NA,NA,NA,NA,NA,NA,0.10817926640596,0.0855703897919217,0.0641091390735207,0.0802256734879218,0.0722111655637062,7.07228579776114
-1,-0.5,-0.2,0.25,0.7,0.3,-0.936350834963141,-0.448898225799659,-0.213398097621656,0.353277077750923,0.724577490323008,0.519593875734022,NA,NA,NA,NA,NA,NA,0.109793825345602,0.0914710787371185,0.0532673942129724,0.16648556670045,0.0723651586847582,0.488650881705195
-1,-0.5,-0.2,0.25,0.7,0.3,-1.04795802075558,-0.515491678704239,-0.189743847005999,0.311095486223993,0.677839447238206,-0.0815349554086472,NA,NA,NA,NA,NA,NA,0.138994567964009,0.113591658615908,0.0805791390616402,0.173056327150939,0.0851653373132751,0.320664748113621
-1,-0.5,-0.2,0.25,0.7,0.3,-0.824378569272241,-0.693833277075515,-0.192908235605452,0.37157018110504,0.623372122915781,0.145200839162493,NA,NA,NA,NA,NA,NA,0.122575001757722,0.104840195749115,0.069471489030097,0.157416473238772,0.0804256261873348,0.342099830412443
-1,-0.5,-0.2,0.25,0.7,0.3,-0.849393101019341,-0.61264726003502,-0.285998737681097,0.13956044617662,0.823846698156289,1.10850650818101,NA,NA,NA,NA,NA,NA,0.127531892839301,0.10317734383385,0.0553302599947914,0.180431725777068,0.0881501223595502,0.780814172846944
-1,-0.5,-0.2,0.25,0.7,0.3,-1.1152316663746,-0.461183934611667,-0.296288720855358,0.192971330754384,0.660937700326374,0.233832346909766,NA,NA,NA,NA,NA,NA,0.135245072883918,0.108987345687463,0.0667012248758572,0.152258798664149,0.0735710722590474,0.351533478430503
-1,-0.5,-0.2,0.25,0.7,0.3,-1.19120170612983,-0.302770909134289,-0.334776988821178,0.11622577350513,0.666585028320154,0.898041329646006,NA,NA,NA,NA,NA,NA,0.122131136371001,0.0995594170309281,0.0637164158932237,0.148357547272084,0.0786536054326271,0.552614321633396
-1,-0.5,-0.2,0.25,0.7,0.3,-0.880461542450081,-0.533406011278351,-0.194838369204066,0.338488866659003,0.656260789472899,0.545276063332717,NA,NA,NA,NA,NA,NA,0.101678496296092,0.0819639557889355,0.0514177440785521,0.151513362607963,0.071613062606327,0.440182929068237
-1,-0.5,-0.2,0.25,0.7,0.3,-0.848239642975111,-0.581549679929467,-0.202149626734393,0.39279622226843,0.746812865867297,0.207582713199269,NA,NA,NA,NA,NA,NA,0.112559425405883,0.0884068755669315,0.0546125670001777,0.161767497918583,0.0761797522979198,0.358155789163281
-1,-0.5,-0.2,0.25,0.7,0.3,-0.947226306584711,-0.5551383822567,-0.296203220858533,0.295265911920721,0.741708018644516,0.336176364860001,NA,NA,NA,NA,NA,NA,0.118953002042871,0.109875564105632,0.0594480735350505,0.154869580000657,0.0707416271269273,0.38583624861837
-1,-0.5,-0.2,0.25,0.7,0.3,-1.03199476871001,-0.490839030987148,-0.0711485106647584,0.168586714556481,0.847668731490558,0.792300501567397,NA,NA,NA,NA,NA,NA,0.138878967234812,0.104853572180709,0.055667718640841,0.1973931388567,0.0778960265917422,0.695499300167333
-1,-0.5,-0.2,0.25,0.7,0.3,-0.973905768552561,-0.560953245794788,-0.144349394468082,0.33018642822457,0.689318521798029,0.579425942368185,NA,NA,NA,NA,NA,NA,0.105612110949065,0.0811380917967884,0.0579533600585648,0.148220580811235,0.0766104542319003,0.424272916165472
-1,-0.5,-0.2,0.25,0.7,0.3,-0.800132627757358,-0.606332615490461,-0.25773451393401,0.126246179882683,0.631189889324122,0.660027369885523,NA,NA,NA,NA,NA,NA,0.129580840417017,0.101551115232181,0.0687166694278407,0.177097632004479,0.0823192196305064,0.55031889804762
-1,-0.5,-0.2,0.25,0.7,0.3,-1.16934861920195,-0.403506483272855,-0.223453155827287,0.0152913383385718,0.696019776313276,1.22235015915623,NA,NA,NA,NA,NA,NA,0.122829631134956,0.0952204883843449,0.0710781855969698,0.158773640825244,0.0749123557361038,0.757153314136735
-1,-0.5,-0.2,0.25,0.7,0.3,-1.05101324399666,-0.45564812594842,-0.273439629925459,0.260080797132915,0.755541886398395,0.202444180449213,NA,NA,NA,NA,NA,NA,0.134519812379943,0.106704354954797,0.0581646261543448,0.182396707202287,0.0798543764164697,0.40427354225527
-1,-0.5,-0.2,0.25,0.7,0.3,-0.867351081682494,-0.579555524661808,-0.117283202876395,0.51746740382016,0.589102080777905,0.0267631132566029,NA,NA,NA,NA,NA,NA,0.110017215431006,0.0916156073924636,0.0624487569783357,0.176976390561754,0.0840240781612978,0.377300212720638
-1,-0.5,-0.2,0.25,0.7,0.3,-1.07683950748922,-0.409631579265789,-0.15011668960973,0.0309268549962798,0.844740165997223,0.348010367938585,NA,NA,NA,NA,NA,NA,0.168591022832444,0.132420654164063,0.0659309074823309,0.19080704412439,0.0813752465786059,0.487831193594364
-1,-0.5,-0.2,0.25,0.7,0.3,-1.12834313043842,-0.40554394130832,-0.18454177332323,-0.104966493400876,0.665789022422792,1.14819762134958,NA,NA,NA,NA,NA,NA,0.134428484414113,0.110883040524676,0.0700290250634831,0.141488460161515,0.0740965232040842,0.604635915197552
-1,-0.5,-0.2,0.25,0.7,0.3,-0.745802687679778,-0.684512747432194,-0.338557440343292,0.184736944009696,0.657085957834601,0.832586201614158,NA,NA,NA,NA,NA,NA,0.119453750892991,0.0955151962739873,0.059855771982397,0.168893529398667,0.0761092414393933,0.601282979917113
-1,-0.5,-0.2,0.25,0.7,0.3,-1.21516352994794,-0.360550907672884,-0.197639529850139,0.058331695812543,0.736239808371341,0.695384428819623,NA,NA,NA,NA,NA,NA,0.139441575826631,0.10517857690018,0.0604482104104605,0.155311457246105,0.0785265385208929,0.486040785152195
-1,-0.5,-0.2,0.25,0.7,0.3,-1.01420016401539,-0.558761704280853,-0.207385635672608,-0.0848761647110126,0.830548933277594,1.30020024088189,NA,NA,NA,NA,NA,NA,0.136249638457875,0.107761866431232,0.0606906982462961,0.155589378692921,0.0751870316821337,0.794574231364074
-1,-0.5,-0.2,0.25,0.7,0.3,-0.931275709121885,-0.61220026099375,-0.0642187212730934,0.488096519781936,0.666303666785271,0.13148079073027,NA,NA,NA,NA,NA,NA,0.111076326780463,0.0879666673733697,0.0669927421382746,0.174110242384686,0.0791779640182189,0.401270573033469
-1,-0.5,-0.2,0.25,0.7,0.3,-1.02184875264277,-0.516084948839568,-0.0976744565566658,0.0284333313737613,0.782730395199913,1.2573964463943,NA,NA,NA,NA,NA,NA,0.11605313335017,0.0860194889988293,0.064400383268528,0.136061673679378,0.0753395545774345,0.655814411135514
-1,-0.5,-0.2,0.25,0.7,0.3,-0.723156275585821,-0.779386758365401,-0.342580022373185,0.129335365251278,0.636628056967814,0.847088366697022,NA,NA,NA,NA,NA,NA,0.119482936799733,0.0907975622459739,0.0762788638370094,0.159115417480068,0.0797262467638806,0.530345922677641
-1,-0.5,-0.2,0.25,0.7,0.3,-0.913187215273338,-0.637026227022076,-0.239455864083713,0.526639574930496,0.723489261580851,-0.164338882553448,NA,NA,NA,NA,NA,NA,0.121990863619893,0.0964059125147569,0.0490539062444268,0.166897886254566,0.083990494029948,0.308929692145537
-1,-0.5,-0.2,0.25,0.7,0.3,-0.980408164338514,-0.467737171112676,-0.234260435670366,0.314805780892348,0.739238983543071,-0.0867395808498166,NA,NA,NA,NA,NA,NA,0.148499523894314,0.107409093226838,0.0586866402105353,0.237616360564646,0.0821943213882165,0.439785628806462
-1,-0.5,-0.2,0.25,0.7,0.3,-1.00729898308309,-0.584888038518324,-0.151785863216029,0.442977236377664,0.717298792892243,-0.0680458596741327,NA,NA,NA,NA,NA,NA,0.125393876663721,0.104280610689322,0.0690723449659667,0.167402572075749,0.0836320878958227,0.31739826244692
-1,-0.5,-0.2,0.25,0.7,0.3,-1.03047991474341,-0.510154870485488,-0.121502078208455,0.247713685193601,0.786347583751062,0.331547138295176,NA,NA,NA,NA,NA,NA,0.12385673120231,0.0995499662742837,0.0519040154976672,0.143633840628079,0.0802161567336488,0.345341904229295
-1,-0.5,-0.2,0.25,0.7,0.3,-1.13174290450503,-0.257359867751458,-0.278685521627346,0.255870412904417,0.748541436476934,0.16054271905839,NA,NA,NA,NA,NA,NA,0.136409566249316,0.109557869538645,0.060512170738855,0.15441433919581,0.0762101214676085,0.341516173038528
-1,-0.5,-0.2,0.25,0.7,0.3,-1.21482522867726,-0.439587678111934,-0.261875104110247,-0.0710653445150904,0.64506028132777,1.40813896443156,NA,NA,NA,NA,NA,NA,0.127318171813833,0.105020514930717,0.0660352888864403,0.131400915815374,0.0714292442521481,0.71354979441734
-1,-0.5,-0.2,0.25,0.7,0.3,-0.961253685826659,-0.432232434747168,-0.305506174430054,0.0134814236854465,0.631124880551458,1.01067882238342,NA,NA,NA,NA,NA,NA,0.128743270939792,0.111636562525307,0.0731167799107889,0.157804138000619,0.0776230186725227,0.638153806544286
-1,-0.5,-0.2,0.25,0.7,0.3,-1.03595625061912,-0.433329743438679,-0.169591790020331,0.0621494604491745,0.778425675009489,0.975684583843993,NA,NA,NA,NA,NA,NA,0.126996752853321,0.0987146098365951,0.05908760015854,0.188029162631278,0.0723859238318111,0.771009789782315
-1,-0.5,-0.2,0.25,0.7,0.3,-0.854500380383107,-0.571124756508874,-0.229546699216393,0.428923358100554,0.700644481452677,0.214810109389445,NA,NA,NA,NA,NA,NA,0.114677307831817,0.0875565679632703,0.0490395417993361,0.172542511077968,0.0740642890805236,0.396194168959062
-1,-0.5,-0.2,0.25,0.7,0.3,-1.15332082544549,-0.353822519797112,-0.268106008937905,0.137080828445965,0.725524761147323,0.798807877037104,NA,NA,NA,NA,NA,NA,0.116478413489285,0.0936467771538261,0.0569276458396837,0.141380816399357,0.072610218471635,0.474171550983134
-1,-0.5,-0.2,0.25,0.7,0.3,-1.12581066802693,-0.471985905892219,-0.307482594890422,0.0805241992604812,0.736329865572169,0.789582892467913,NA,NA,NA,NA,NA,NA,0.129705675626572,0.111362539215545,0.0645331035044527,0.149724611538121,0.077662924043822,0.498038989761891
-1,-0.5,-0.2,0.25,0.7,0.3,-1.11015783257057,-0.382625780248472,-0.147256999674157,0.218417395021092,0.740497780947695,0.0496442249737571,NA,NA,NA,NA,NA,NA,0.143139171227185,0.118383599189794,0.0759051684780445,0.18043628722371,0.0732908938448954,0.378803419643712
-1,-0.5,-0.2,0.25,0.7,0.3,-0.915980054681205,-0.563381938256808,-0.135138055424152,0.222409513694869,0.756613591780884,0.277372420767259,NA,NA,NA,NA,NA,NA,0.131806615777886,0.105974513306181,0.0561384084732476,0.151460944414349,0.07957546915841,0.355805667137176
-1,-0.5,-0.2,0.25,0.7,0.3,-1.0396634155859,-0.511976935711414,-0.241610159776596,0.263501297550695,0.761059789632738,0.391220280179328,NA,NA,NA,NA,NA,NA,0.126301264841006,0.0973738720620881,0.0540497389462004,0.18099219330611,0.0784707373679393,0.460950615673882
-1,-0.5,-0.2,0.25,0.7,0.3,-0.962212273141897,-0.513109143335421,-0.186767240619675,0.191913406958082,0.819592561514057,0.316532634172515,NA,NA,NA,NA,NA,NA,0.131897860586043,0.103616012025498,0.0581507876933199,0.15811105223865,0.0772166330642228,0.362099277185928
-1,-0.5,-0.2,0.25,0.7,0.3,-0.807638472223739,-0.678495784596792,-0.276094136480633,0.0531233013938133,0.821248698471885,1.12081282876199,NA,NA,NA,NA,NA,NA,0.121951214741515,0.0909815909835383,0.0478135097595636,0.171695697461693,0.0907024743948817,0.724204771886002
-1,-0.5,-0.2,0.25,0.7,0.3,-1.10825665749924,-0.400049376085934,-0.0794230999040321,0.115509034318123,0.782043530583652,0.782463044985088,NA,NA,NA,NA,NA,NA,0.129970818360414,0.12282680806955,0.0618010107413949,0.149752116044204,0.0836006891391391,0.504745007188898
-1,-0.5,-0.2,0.25,0.7,0.3,-0.90631231945641,-0.53233585785571,-0.177418434623748,0.179581285060563,0.770327033708489,0.288932912985958,NA,NA,NA,NA,NA,NA,0.143672724171403,0.111459545073424,0.0597505676882458,0.201719865766161,0.0800516434146935,0.483098433159995
-1,-0.5,-0.2,0.25,0.7,0.3,-1.02150913364305,-0.419647348138423,-0.113210947421836,0.41880684714664,0.79149114769732,-0.0103701338382366,NA,NA,NA,NA,NA,NA,0.124841861551796,0.101317176883801,0.049650143943455,0.174928257037136,0.0793720673456356,0.347722439048509
-1,-0.5,-0.2,0.25,0.7,0.3,-0.87424371988842,-0.561161911134199,-0.109251478763313,0.423241479537886,0.69277954506434,-0.0875518735596009,NA,NA,NA,NA,NA,NA,0.131547249329369,0.101621200179014,0.0629579529370472,0.202771881558056,0.0796085396900035,0.386954099940112
-1,-0.5,-0.2,0.25,0.7,0.3,-0.736396969100576,-0.622249042818268,-0.0623872766751412,0.355071390504493,0.696896115572857,0.142049906811772,NA,NA,NA,NA,NA,NA,0.132004297570286,0.103063621988352,0.0656729145565245,0.208900252845751,0.0832791855316359,0.459396206806321
-1,-0.5,-0.2,0.25,0.7,0.3,-0.947497096053623,-0.502322873344236,-0.131864129034692,0.190117579195033,0.704612430585137,0.184114459734074,NA,NA,NA,NA,NA,NA,0.142507346390201,0.111212887131554,0.0605155654612085,0.187120272221381,0.0770766557734111,0.414116886683299
-1,-0.5,-0.2,0.25,0.7,0.3,-1.12211066558341,-0.411866080973473,-0.29724950734135,-0.0334041242335091,0.688735653966886,1.07472737771936,NA,NA,NA,NA,NA,NA,0.134560502201283,0.107729033439516,0.0768176097294746,0.167730040529814,0.0852306684544429,0.673361401115448
-1,-0.5,-0.2,0.25,0.7,0.3,-0.996169301160963,-0.486862852769225,-0.294518091526221,0.170651452823974,0.742103056523363,0.286369409965466,NA,NA,NA,NA,NA,NA,0.140182662858754,0.119420418653735,0.0765562781556476,0.163526950935855,0.0807382356385404,0.393673500659477
-1,-0.5,-0.2,0.25,0.7,0.3,-1.01915733731792,-0.529400710973442,-0.246406867291642,0.143473554243935,0.753854063328592,0.323341605098872,NA,NA,NA,NA,NA,NA,0.143411725531294,0.117296657749076,0.065471927536902,0.175329982562137,0.0799617746409584,0.422239805139417
-1,-0.5,-0.2,0.25,0.7,0.3,-0.924861339034394,-0.635630938058112,-0.21721800531857,0.362341594102868,0.641523524609874,-0.082587328121133,NA,NA,NA,NA,NA,NA,0.137992101922619,0.111090509566584,0.0653677651890871,0.174435845432507,0.0851563335327681,0.331599792752178
-1,-0.5,-0.2,0.25,0.7,0.3,-0.991499309063716,-0.383544834952645,-0.247051082620149,0.377184130625298,0.754379390831663,0.164325763624717,NA,NA,NA,NA,NA,NA,0.121397553552721,0.101724333457811,0.0609724393787931,0.167607096480381,0.0761725858010317,0.378636777701447
-1,-0.5,-0.2,0.25,0.7,0.3,-0.633603315812219,-0.682132450164764,-0.30217091537672,0.718717690592241,0.633758008012244,-0.363725305539716,NA,NA,NA,NA,NA,NA,0.110478086468702,0.0918098425722821,0.0574560926593569,0.202074350150919,0.0723148475140462,0.352782283236358
-1,-0.5,-0.2,0.25,0.7,0.3,-1.06669470726271,-0.419558166762114,-0.244662527043043,0.410454032762052,0.694576933786352,-0.104152528396458,NA,NA,NA,NA,NA,NA,0.126811200769994,0.108406618358515,0.0689486138321217,0.163734818453387,0.0746123028461666,0.312393589250955
-1,-0.5,-0.2,0.25,0.7,0.3,-1.04565336984824,-0.592892628007508,-0.188383519767578,0.167662068496627,0.703424885796314,0.785762618208912,NA,NA,NA,NA,NA,NA,0.121197606011536,0.10097521295539,0.0580497895450489,0.151455433412177,0.0757889890215665,0.528794006896841
-1,-0.5,-0.2,0.25,0.7,0.3,-1.17528437399771,-0.369560558552604,-0.190662289949732,0.0499713984965149,0.731079880255939,0.531562357409895,NA,NA,NA,NA,NA,NA,0.137524214787514,0.105888399209592,0.0659982385580872,0.147306434512456,0.0758486403709078,0.404909517452486
-1,-0.5,-0.2,0.25,0.7,0.3,-1.10375639474333,-0.39140250582249,-0.204249205214176,0.393369215534669,0.72928780191519,-0.00175141629601635,NA,NA,NA,NA,NA,NA,0.12623677456307,0.0975358208624733,0.0564928224402684,0.180865656945695,0.0680089161149221,0.381330188215448
-1,-0.5,-0.2,0.25,0.7,0.3,-0.947268697979501,-0.388968303527409,-0.220503590685122,0.289105742328654,0.764876457571914,0.385099801242962,NA,NA,NA,NA,NA,NA,0.115404391385941,0.0899117668144391,0.0585568504339485,0.15209742546874,0.0811490941640307,0.379984155475387
-1,-0.5,-0.2,0.25,0.7,0.3,-1.03143622284551,-0.465971361842718,-0.157492246610163,0.258362244186096,0.643766852125148,0.291180194245088,NA,NA,NA,NA,NA,NA,0.12808360524232,0.0995206456341843,0.0761689862468632,0.171034110792934,0.0809608004391581,0.413293590440696
-1,-0.5,-0.2,0.25,0.7,0.3,-1.11679503256145,-0.406070293830013,-0.315474261641191,0.705515275298173,0.69023604693101,-0.460712919154775,NA,NA,NA,NA,NA,NA,0.115010682523164,0.0889442891849466,0.0515569367774368,0.171200628692672,0.0699310177256188,0.286198573581639
-1,-0.5,-0.2,0.25,0.7,0.3,-1.13026591215369,-0.387647814853679,-0.285062853007261,0.172311328950514,0.713814544328017,0.444190414074942,NA,NA,NA,NA,NA,NA,0.133148337739725,0.0983464756569923,0.0701168512471137,0.214752076610395,0.0726531973207579,0.603531568862761
-1,-0.5,-0.2,0.25,0.7,0.3,-0.987728368098127,-0.464548959045108,-0.206938731679827,0.286223183304661,0.736088912115744,0.00126917757360397,NA,NA,NA,NA,NA,NA,0.144542278333927,0.110886215506986,0.0689706231263723,0.186607338774341,0.0838977995376465,0.365421314952875
-1,-0.5,-0.2,0.25,0.7,0.3,-0.96024801445648,-0.461954068905601,-0.235161702602197,0.306852245496352,0.772597560347859,0.0896808207120655,NA,NA,NA,NA,NA,NA,0.133266324277464,0.108384047454151,0.0626952231460761,0.158660739657848,0.0814639985467593,0.328176942135498
-1,-0.5,-0.2,0.25,0.7,0.3,-0.901686696395292,-0.521013733364912,-0.115768348998774,0.167800101968474,0.741517323102714,0.692441511378379,NA,NA,NA,NA,NA,NA,0.119998469346451,0.0939092980973536,0.060495260538441,0.160361774374019,0.074475371454958,0.497827171322222
-1,-0.5,-0.2,0.25,0.7,0.3,-0.813080072287562,-0.726827995378853,-0.250971177223831,0.109158846997027,0.662618197218126,0.496000293054719,NA,NA,NA,NA,NA,NA,0.137969837390862,0.121592405915653,0.0740642080645395,0.173600667616643,0.07976077463016,0.460978575169354
-1,-0.5,-0.2,0.25,0.7,0.3,-0.96754142875866,-0.559578688023551,-0.229695421252813,0.464415075454144,0.615866578142137,0.00724631699019441,NA,NA,NA,NA,NA,NA,0.108407553060797,0.090694439799179,0.0625041844017458,0.157942664086692,0.0666507184189436,0.330363638385019
-1,-0.5,-0.2,0.25,0.7,0.3,-1.25159493987494,-0.364897039855214,-0.0628778535027755,-0.0234757198980679,0.698497176326537,1.42674652960443,NA,NA,NA,NA,NA,NA,0.120189790221501,0.0977235154515837,0.0686157121684661,0.143808958822678,0.0707170012764155,0.821630933482686
-1,-0.5,-0.2,0.25,0.7,0.3,-0.987667295928967,-0.451709601323934,-0.118469140389716,0.515237158086328,0.879010300469911,-0.22303936486389,NA,NA,NA,NA,NA,NA,0.123813303687169,0.095095795807816,0.0446427620663859,0.191042969922631,0.0768088807702623,0.353291864807948
-1,-0.5,-0.2,0.25,0.7,0.3,-0.841951998693607,-0.549973775515677,-0.356944751176824,0.425698163573249,0.660433672060061,0.0680572556340397,NA,NA,NA,NA,NA,NA,0.117540796294909,0.0938995214265858,0.0680598128217936,0.167948109714294,0.0761560977520108,0.347025519845589
-1,-0.5,-0.2,0.25,0.7,0.3,-0.807437442694715,-0.676450297258466,-0.201983888373092,0.375618834316912,0.834233743056286,0.0310576076718589,NA,NA,NA,NA,NA,NA,0.131554411455158,0.0971802412161719,0.0439132473871027,0.173062101731742,0.0837153751378863,0.343368016799223
-1,-0.5,-0.2,0.25,0.7,0.3,-2.68088579281199,-1.89183463552402,11.4640493842478,-2.19703953518476,0.0247573353108661,0.386596529333449,NA,NA,NA,NA,NA,NA,1.10197980095261,1.07407338838653,NA,0.133423128887111,0.0749814414827948,0.374858156430706
-1,-0.5,-0.2,0.25,0.7,0.3,-1.1390992290447,-0.345889032475642,-0.225151934711367,0.0711950393610625,0.636045008942341,0.438310652319116,NA,NA,NA,NA,NA,NA,0.141606920951691,0.117933327421976,0.0843376850488339,0.163213302095159,0.0795520718648379,0.408509943879877
-1,-0.5,-0.2,0.25,0.7,0.3,-1.07189054304802,-0.425296088352343,-0.239066671840696,0.220152329423607,0.672567540073308,0.479034405059892,NA,NA,NA,NA,NA,NA,0.117125053320825,0.100036408231728,0.0567050995165696,0.134797142093508,0.0685835947266488,0.371656188429499
-1,-0.5,-0.2,0.25,0.7,0.3,-1.11214814527225,-0.409136773420119,-0.237457754619936,0.248420562356454,0.663663028174364,0.0128893346588416,NA,NA,NA,NA,NA,NA,0.136872618423532,0.104945379300143,0.0658872709935784,0.14583465998151,0.0694550443075217,0.297970185480294
-1,-0.5,-0.2,0.25,0.7,0.3,-0.700666456598663,-0.63972030286153,-0.168256457677278,0.309983162024718,0.713473066422295,0.7789267350541,NA,NA,NA,NA,NA,NA,0.102361195178959,0.0858030441962396,0.0557103740254004,0.150979523330803,0.0823666533325963,0.484887513226508
-1,-0.5,-0.2,0.25,0.7,0.3,-0.79667126503256,-0.557057339553914,-0.238851562091459,0.365122923757799,0.575855618070937,0.423059899920703,NA,NA,NA,NA,NA,NA,0.100987548815801,0.086802668954989,0.0638383664289399,0.1345246866909,0.0733853388954901,0.341947509430176
-1,-0.5,-0.2,0.25,0.7,0.3,-0.917861291311579,-0.561993098495589,-0.169207412872523,0.377501367117859,0.574729263176735,-0.0110003171900948,NA,NA,NA,NA,NA,NA,0.125729330657524,0.107229319055543,0.073447228278706,0.173344077674989,0.0764394157587637,0.339942195511668
-1,-0.5,-0.2,0.25,0.7,0.3,-0.869681078251609,-0.601557568385682,-0.221959576347533,0.232372857868977,0.683474597303719,0.6184676546258,NA,NA,NA,NA,NA,NA,0.114645653902056,0.0828994540080353,0.056249642249568,0.168178289582948,0.0753122767626912,0.522554492628127
-1,-0.5,-0.2,0.25,0.7,0.3,-0.816634837887063,-0.788717248106087,-0.269596553197965,0.55549863974024,0.59387160314306,-0.16874783891045,NA,NA,NA,NA,NA,NA,0.111220170782116,0.0938809356940166,0.0559339787959924,0.162195219420428,0.0700538322898068,0.304081739140043
-1,-0.5,-0.2,0.25,0.7,0.3,-0.897214291832804,-0.527105594492767,-0.0880615109109934,0.541515271243289,0.674768978126979,-0.224390821847646,NA,NA,NA,NA,NA,NA,0.130676450298254,0.101539918680218,0.0687816251047553,0.212297007467954,0.0777776577047007,0.386597946306248
-1,-0.5,-0.2,0.25,0.7,0.3,-0.894577884912361,-0.678581886236588,-0.214656481479373,0.063325343855928,0.6767323520155,1.01959830208186,NA,NA,NA,NA,NA,NA,0.12156381345246,0.0976330601560105,0.0659814028225554,0.175306028645141,0.0736297135947918,0.730366757197822
-1,-0.5,-0.2,0.25,0.7,0.3,-1.002257186972,-0.427641390234373,-0.288053882144772,0.426164328397737,0.675308176210936,0.114786205164407,NA,NA,NA,NA,NA,NA,0.114585849107087,0.101461315655698,0.068682860333874,0.148894215223738,0.0737828042560111,0.318777101034957
-1,-0.5,-0.2,0.25,0.7,0.3,-1.21944355128917,-0.345240369357893,-0.254935065106138,0.224047337262184,0.627403893550707,0.186512225953856,NA,NA,NA,NA,NA,NA,0.128264958199085,0.108458114387459,0.0723074190911793,0.13847114564559,0.0684914256348852,0.321738859486706
-1,-0.5,-0.2,0.25,0.7,0.3,-0.913975934099738,-0.534004530414842,-0.195004560695177,0.389779676429197,0.664254114698624,-0.197253889864866,NA,NA,NA,NA,NA,NA,0.142823332407796,0.122398195292146,0.0760618000646469,0.184832471881421,0.0792573056375973,0.33591458624974
-1,-0.5,-0.2,0.25,0.7,0.3,-0.943455623224831,-0.560416359723175,-0.341016088196821,0.383247056091626,0.69521669689816,0.152305913587502,NA,NA,NA,NA,NA,NA,0.11395605230448,0.0831136881384226,0.068627508288798,0.162123292839908,0.0720009910334481,0.364550107156689
-1,-0.5,-0.2,0.25,0.7,0.3,-1.14737232562767,-0.45750198107506,-0.182584170249852,0.0320754356414179,0.651931848575554,0.714569633434009,NA,NA,NA,NA,NA,NA,0.137308693322955,0.105083939589624,0.0777632151125412,0.190785288003648,0.0752919325367643,0.641572742623638
-1,-0.5,-0.2,0.25,0.7,0.3,-1.18451672147906,-0.381774199341255,-0.158957768279307,0.123093518019732,0.88784196139858,0.38641003836,NA,NA,NA,NA,NA,NA,0.147500936481079,0.126104029816968,0.0562693352428659,0.149833687677184,0.0869033349276228,0.368747362080264
-1,-0.5,-0.2,0.25,0.7,0.3,-0.956939895356438,-0.559494867036731,-0.144045528100398,0.270729501253483,0.521179981789215,0.190729270014702,NA,NA,NA,NA,NA,NA,0.124087968222141,0.101475735207249,0.0835538268206016,0.170244025227756,0.0758494896203739,0.382174008106623
-1,-0.5,-0.2,0.25,0.7,0.3,-1.00888702733845,-0.516962002729406,-0.108528089419032,0.342535390783268,0.646675106512403,-0.148386103102709,NA,NA,NA,NA,NA,NA,0.13788933980923,0.111270939143371,0.0698756384518517,0.16217252512499,0.0746451735229652,0.302154589896081
-1,-0.5,-0.2,0.25,0.7,0.3,-0.961757810702841,-0.488553102245097,-0.190820645115964,0.402773411594144,0.61519741161866,-0.083742070706762,NA,NA,NA,NA,NA,NA,0.12815212219745,0.120392936993179,0.0738876516906234,0.175781081873077,0.0793286703129125,0.349313306103481
-1,-0.5,-0.2,0.25,0.7,0.3,-1.0480926815958,-0.490470736619893,-0.192563872368418,0.195738928594678,0.75396597214829,1.04750314699493,NA,NA,NA,NA,NA,NA,0.108788097043932,0.0888920700571228,0.0511428584062178,0.134917096541867,0.0749353487417066,0.523382185487967
-1,-0.5,-0.2,0.25,0.7,0.3,-0.845558686806718,-0.563714443709758,-0.245047449452632,0.200612358006286,0.857479269235353,0.826698052383529,NA,NA,NA,NA,NA,NA,0.115433283183306,0.0860322664761678,0.0542797799936768,0.17407262533152,0.0823777958358897,0.602993603195284
-1,-0.5,-0.2,0.25,0.7,0.3,-0.909529764232658,-0.621073192193839,-0.278684185565214,0.230829897933337,0.740344053062093,0.429083163088097,NA,NA,NA,NA,NA,NA,0.133584906286849,0.105566972391657,0.0533938713528125,0.190575460383951,0.0792090094795546,0.507732584926464
-1,-0.5,-0.2,0.25,0.7,0.3,-0.795094206976295,-0.675335779859411,-0.110838863681739,0.0811481248518076,0.808782723075776,0.837543438451249,NA,NA,NA,NA,NA,NA,0.137328816783618,0.110343672684714,0.0554763617336547,0.181827892757696,0.0865433287023733,0.591084501299479
-1,-0.5,-0.2,0.25,0.7,0.3,-0.916635352687547,-0.530988608566184,-0.272937217655879,0.13206297116235,0.735698925090551,0.48714537533413,NA,NA,NA,NA,NA,NA,0.13087524106902,0.102221854569061,0.0622266454432643,0.165209772006812,0.0758539548942075,0.432752365836966
-1,-0.5,-0.2,0.25,0.7,0.3,-1.17488923137427,-0.514119798114611,-0.220661479951414,0.0936963171865683,0.694791172866668,0.623197254425512,NA,NA,NA,NA,NA,NA,0.129824272216644,0.104907925954904,0.0725350270473707,0.167266782248611,0.0724739592776769,0.514521850362037
-1,-0.5,-0.2,0.25,0.7,0.3,-0.861913673301631,-0.633128754503995,-0.276622867677127,0.338602591696557,0.544412106972887,0.206688849757953,NA,NA,NA,NA,NA,NA,0.118051536919883,0.0944145301145086,0.0820842407932528,0.145690657679331,0.0795221437372376,0.333349863990379
-1,-0.5,-0.2,0.25,0.7,0.3,-1.18365587762437,-0.353083917930672,-0.0475520399017571,0.079533970482107,0.718470082492996,1.10411283754018,NA,NA,NA,NA,NA,NA,0.113705346301362,0.0857043707477384,0.0558415168232346,0.139625647525843,0.0724432596608401,0.598596812886807
-1,-0.5,-0.2,0.25,0.7,0.3,-0.868329214242184,-0.504033142950058,-0.233514070199206,0.159723196952123,0.72270612753294,0.594112755957493,NA,NA,NA,NA,NA,NA,0.123073726397325,0.104145876657569,0.0676057115818617,0.159721065969613,0.0790392635834943,0.452067471710977
-1,-0.5,-0.2,0.25,0.7,0.3,-0.873620521688017,-0.449565583405554,-0.295891613754875,0.187231182254927,0.811374917801044,0.437039456496936,NA,NA,NA,NA,NA,NA,0.132728541743348,0.106085420785134,0.0579099739724954,0.174132306528665,0.0784015587416173,0.443549371449204
-1,-0.5,-0.2,0.25,0.7,0.3,-1.3516310856478,-0.157925900192023,-0.306956713515533,-0.0374845191204964,0.743440969395809,1.1379000611764,NA,NA,NA,NA,NA,NA,0.131792573237087,0.112258505667317,0.064473496452365,0.137045206589079,0.0758244838248399,0.59868738287541
-1,-0.5,-0.2,0.25,0.7,0.3,-0.946589672381273,-0.499000281025682,-0.185804270502572,0.22169673976002,0.725683008509814,0.362448257858264,NA,NA,NA,NA,NA,NA,0.121100032176958,0.098511342049017,0.0684152835220706,0.148298763948212,0.0715924692713304,0.361780083924706
-1,-0.5,-0.2,0.25,0.7,0.3,-1.10581045297975,-0.405051222882002,-0.169911964932711,0.292200079627649,0.72208614169613,0.0508165567698964,NA,NA,NA,NA,NA,NA,0.134208579941332,0.103654082736677,0.0639458738032626,0.18264832499221,0.0812361879494231,0.37960746099291
-1,-0.5,-0.2,0.25,0.7,0.3,-0.971352256894204,-0.486348316172368,-0.204459197465397,0.462809158318686,0.738830126846621,-0.0798148753011335,NA,NA,NA,NA,NA,NA,0.119566946434079,0.0849121616107861,0.0529265356301441,0.183587426726586,0.0772227795534326,0.356996436656794
-1,-0.5,-0.2,0.25,0.7,0.3,-0.988464369409161,-0.521487722162955,-0.146362488079892,0.162448402419168,0.782308126332459,0.803700238977481,NA,NA,NA,NA,NA,NA,0.113597243354919,0.092530197706208,0.0633183550417539,0.129359204418863,0.0746415976131456,0.404719834267169
-1,-0.5,-0.2,0.25,0.7,0.3,-0.799663848763646,-0.594577355251086,-0.03625110009773,0.40024926372741,0.640522242267917,0.204100128636112,NA,NA,NA,NA,NA,NA,0.111071478376614,0.0948782810850876,0.0668454116880295,0.174752864108571,0.071726212011823,0.41306982498651
-1,-0.5,-0.2,0.25,0.7,0.3,-0.961667894486799,-0.5672526726013,-0.143047723378557,0.348800322334632,0.815392460230615,0.155554787799194,NA,NA,NA,NA,NA,NA,0.121490889973579,0.094457006797954,0.047440514916888,0.163769655319007,0.0758994899584315,0.361005495185111
-1,-0.5,-0.2,0.25,0.7,0.3,-0.947734590108829,-0.454366101458301,-0.179833651650742,0.499773294075782,0.621696380465272,-0.203068677491891,NA,NA,NA,NA,NA,NA,0.118834781785268,0.0973543036797572,0.0591092864092699,0.154669539965809,0.069353417633689,0.283256890002826
-1,-0.5,-0.2,0.25,0.7,0.3,-0.843724920768687,-0.528176842514823,-0.205288313102511,0.224688596349967,0.775723579344657,0.625049619169706,NA,NA,NA,NA,NA,NA,0.118578168039467,0.0969196645531209,0.0557427075677319,0.132523196539115,0.0818956161886501,0.356198534827455
-1,-0.5,-0.2,0.25,0.7,0.3,-1.01862259688339,-0.483078352875208,-0.135927360800401,0.137633809909703,0.769790209973536,0.30481802056052,NA,NA,NA,NA,NA,NA,0.156544474023756,0.124449802177778,0.0673307373294922,0.220195805846123,0.0856274403138281,0.515954593259211
-1,-0.5,-0.2,0.25,0.7,0.3,-1.02092562846447,-0.435503329591193,-0.25205451627869,0.423827662526996,0.868006162104919,-0.0708328673243061,NA,NA,NA,NA,NA,NA,0.130382887410992,0.099484501573416,0.0450277644333072,0.205475567394806,0.0750795272549158,0.40659743891862
-1,-0.5,-0.2,0.25,0.7,0.3,-0.805950685086307,-0.677303450577832,-0.211225483191511,0.388692155219833,0.515789694335787,0.463133193740047,NA,NA,NA,NA,NA,NA,0.0972078554696361,0.079758315760719,0.0594595094645415,0.149071039330615,0.0729332735590794,0.388557580843716
-1,-0.5,-0.2,0.25,0.7,0.3,-0.807585640304849,-0.675968602721529,-0.0777362449874698,0.469221958605638,0.645078066537163,-0.0988233507311434,NA,NA,NA,NA,NA,NA,0.118559714586449,0.097679442701214,0.0653494403509419,0.170366106059788,0.0814145917954298,0.324210383664028
-1,-0.5,-0.2,0.25,0.7,0.3,-1.06273575316623,-0.372681547238304,-0.243850139045347,0.191754365358845,0.802937007763406,0.31997365347167,NA,NA,NA,NA,NA,NA,0.138068755553336,0.110964106904126,0.0710528579958092,0.183546911583098,0.0864403580252948,0.433536071581697
-1,-0.5,-0.2,0.25,0.7,0.3,-1.07629781716377,-0.487546843396942,-0.199301780294274,-0.000159975012821072,0.747488366391709,1.25153832291817,NA,NA,NA,NA,NA,NA,0.117875236549307,0.0901997971196543,0.0703157172341946,0.145980078193841,0.0744035258141584,0.670165917660971
-1,-0.5,-0.2,0.25,0.7,0.3,-0.860191767529147,-0.47740736770363,-0.241547661693716,0.206797099745543,0.745117526132523,0.560785379903183,NA,NA,NA,NA,NA,NA,0.127272001502286,0.0939800944365787,0.0574403328708848,0.191241591612516,0.082410479136186,0.542521574481631
-1,-0.5,-0.2,0.25,0.7,0.3,-0.966859197786084,-0.528551306713319,-0.185088300804478,0.191293776581105,0.78784058480826,0.591044143060249,NA,NA,NA,NA,NA,NA,0.130959743337216,0.101065313115457,0.0529585070565289,0.183645295045713,0.0802727000214771,0.544729241489339
-1,-0.5,-0.2,0.25,0.7,0.3,-0.885798827770339,-0.514155228809272,-0.122307096136722,0.0938786597712009,0.774689644846561,0.404777306568237,NA,NA,NA,NA,NA,NA,0.139092437388042,0.115468844673575,0.0720270532379651,0.167209462821586,0.0776047290017287,0.403745186828583
-1,-0.5,-0.2,0.25,0.7,0.3,-1.02003070353174,-0.420858119686412,-0.382839508327696,0.0856923626819998,0.727330640333049,0.934816557688036,NA,NA,NA,NA,NA,NA,0.122079339229102,0.104837481717228,0.0653948947267016,0.151068776171558,0.0743074601196387,0.52010465843978
-1,-0.5,-0.2,0.25,0.7,0.3,-0.9792236634659,-0.571649485256053,-0.275186601861946,0.336745962808524,0.689002267558039,0.0868585550634648,NA,NA,NA,NA,NA,NA,0.12438592544913,0.110157890573637,0.0676147196978416,0.159988868701938,0.0760330958182041,0.328517670132886
-1,-0.5,-0.2,0.25,0.7,0.3,-0.726855463940343,-0.753275276470797,-0.145888936497902,0.613335326374402,0.67958471279883,-0.455258513889799,NA,NA,NA,NA,NA,NA,0.138788045747794,0.10983469213458,0.0596095937166358,0.250992617287228,0.085420810002503,0.402053493669772
-1,-0.5,-0.2,0.25,0.7,0.3,-1.007089588798,-0.522341754959439,-0.180521228680563,0.357290818370197,0.749600570074633,-0.214608791542111,NA,NA,NA,NA,NA,NA,0.149743102779733,0.110077456576484,0.0625380861966208,0.230832496470509,0.0843258426166776,0.398120334442387
-1,-0.5,-0.2,0.25,0.7,0.3,-0.946641940697494,-0.543375777307514,-0.067687856451729,0.183715778511112,0.577092792745486,0.415046687585681,NA,NA,NA,NA,NA,NA,0.121496713153646,0.105198839656069,0.0883962966747991,0.149769861876418,0.0738043486743879,0.371341704679643
-1,-0.5,-0.2,0.25,0.7,0.3,-0.956570558461297,-0.364524293223451,-0.26143207087404,-0.0638735219698207,0.79879100769516,1.04556805569958,NA,NA,NA,NA,NA,NA,0.145483052805773,0.119655025789327,0.0860657562828014,0.177085078337261,0.0826261797218598,0.709207860183629
-1,-0.5,-0.2,0.25,0.7,0.3,-1.05500237327461,-0.543132879933569,-0.247825262034665,0.193065517952921,0.585775000910148,0.239502784636246,NA,NA,NA,NA,NA,NA,0.133026357664902,0.106637509798812,0.0842572491215318,0.150080600387616,0.0691140601723772,0.357770482391408
-1,-0.5,-0.2,0.25,0.7,0.3,-0.874111958170075,-0.650855455722989,-0.131429694869032,0.329629253653155,0.672610435106796,0.291316332495036,NA,NA,NA,NA,NA,NA,0.112937245655366,0.0877907772439713,0.0622491753972611,0.149057087142074,0.0702646037037665,0.352931617983818
-1,-0.5,-0.2,0.25,0.7,0.3,-0.92665049489382,-0.559934262634369,-0.249181453735634,0.213788424655107,0.858807653025201,0.5726981320711,NA,NA,NA,NA,NA,NA,0.121421255034088,0.0955269450419283,0.0546204470261789,0.157722453034299,0.0750976149233689,0.448176739777276
-1,-0.5,-0.2,0.25,0.7,0.3,-0.844295879513968,-0.557376173418645,-0.219523466432307,0.445904735959097,0.722404516766877,0.0224606501918455,NA,NA,NA,NA,NA,NA,0.116832916826953,0.0977912257438926,0.0567111958968284,0.16462997014568,0.0739070033852166,0.341001341970675
-1,-0.5,-0.2,0.25,0.7,0.3,-1.00115813834764,-0.51361719669953,-0.309558790652521,0.215876329334767,0.592023833305131,0.368151684096079,NA,NA,NA,NA,NA,NA,0.122416898442829,0.10191919348886,0.077523471139012,0.168404438692193,0.070963547221293,0.421199817321278
-1,-0.5,-0.2,0.25,0.7,0.3,-1.01859061835784,-0.502125031410509,-0.222092098425049,0.573102582165339,0.689467965339951,-0.422397426947416,NA,NA,NA,NA,NA,NA,0.127351420023971,0.0964058608261602,0.0569970528308535,0.159745090291833,0.0740996377019982,0.263985521684068
-1,-0.5,-0.2,0.25,0.7,0.3,-0.653500684728843,-0.662312928054084,-0.239085501603678,0.275895922881722,0.694985595393001,0.305361311433767,NA,NA,NA,NA,NA,NA,0.122395409006237,0.087325822198531,0.0624655149833902,0.176095415249203,0.0812155470447434,0.402624139153876
-1,-0.5,-0.2,0.25,0.7,0.3,-0.946746221457278,-0.48845905193136,-0.176076317350915,0.489514802336503,0.6480441925204,-0.0695921778290791,NA,NA,NA,NA,NA,NA,0.1124606520492,0.0914554925575714,0.0584809224230643,0.158186472962659,0.0702149608616207,0.31116255553547
-1,-0.5,-0.2,0.25,0.7,0.3,-1.02600472521909,-0.487974924600093,-0.220528739897124,0.129007677075042,0.749121594851127,0.526993609471894,NA,NA,NA,NA,NA,NA,0.131911570385785,0.100712117773985,0.070667585072203,0.149451880483266,0.0851312901422687,0.39827296652129
-1,-0.5,-0.2,0.25,0.7,0.3,-0.991167857381586,-0.619083692964281,-0.244934395556931,0.208509759543026,0.606505119638223,0.356498073133252,NA,NA,NA,NA,NA,NA,0.131588661439024,0.108024279331816,0.0758089634828883,0.213709226351545,0.0729028649075838,0.544907922437171
-1,-0.5,-0.2,0.25,0.7,0.3,-1.01965088122428,-0.494767414664049,-0.286683217619771,0.362346791208373,0.666388811461464,0.121696014235318,NA,NA,NA,NA,NA,NA,0.125675617827889,0.109677401370989,0.0713593567823829,0.158461315130514,0.0801991900760527,0.341959196312561
-1,-0.5,-0.2,0.25,0.7,0.3,-0.936426019068007,-0.660354594020273,-0.206421244597095,0.438389671828339,0.57829553191732,-0.0343240361523614,NA,NA,NA,NA,NA,NA,0.121368451685371,0.102118803564776,0.0657869008638058,0.176195235495117,0.0742181382851971,0.358601658592514
-1,-0.5,-0.2,0.25,0.7,0.3,-1.04491174590531,-0.468162901306156,-0.123085351634448,0.359287856355805,0.542548859775903,0.00277604148451841,NA,NA,NA,NA,NA,NA,0.120706227153052,0.0976279046450809,0.081717904031198,0.179700956175764,0.0721609960832337,0.362980779349765
-1,-0.5,-0.2,0.25,0.7,0.3,-0.844365165515674,-0.661722267816195,-0.262586793258817,0.468356753430157,0.69807617036226,-0.1990404223197,NA,NA,NA,NA,NA,NA,0.127919685495681,0.102048294207854,0.0602045241291498,0.179720231136259,0.0753989830779407,0.316496533561745
-1,-0.5,-0.2,0.25,0.7,0.3,-0.789790387545649,-0.606631431315322,-0.131589799350087,0.460770059901425,0.752853591815041,0.105880303117654,NA,NA,NA,NA,NA,NA,0.112657291283796,0.0866453634948413,0.0511357174627821,0.149728433557178,0.079285127164079,0.319854048434517
-1,-0.5,-0.2,0.25,0.7,0.3,-0.90099932121895,-0.538698478861231,-0.0805220386357593,0.526120557192089,0.599798417408151,-0.101318386499295,NA,NA,NA,NA,NA,NA,0.11259127455536,0.096328488609352,0.0696451856328543,0.177838664591552,0.0736178719411961,0.339101505962383
-1,-0.5,-0.2,0.25,0.7,0.3,-1.15975516935372,-0.490187204646181,-0.297062732005537,0.0888340118093527,0.635361023389129,0.922592237907569,NA,NA,NA,NA,NA,NA,0.127753958757068,0.103257671447184,0.0662353892850397,0.172262935121814,0.076402901532992,0.682184613086763
-1,-0.5,-0.2,0.25,0.7,0.3,-0.801066088914104,-0.630089820071094,-0.292356800825738,0.451145033504802,0.700157997020805,-0.0808014320783815,NA,NA,NA,NA,NA,NA,0.118496644460029,0.0932132961565336,0.0607324748417837,0.158608542569569,0.0793526227936567,0.301750630978136
-1,-0.5,-0.2,0.25,0.7,0.3,-0.835433482704267,-0.604658899606173,-0.118786361318838,0.04179561475126,0.882369553166068,1.13294799737899,NA,NA,NA,NA,NA,NA,0.115987636659616,0.0850290634325179,0.0556389593128086,0.156999837644294,0.075526767681911,0.659691719399526
-1,-0.5,-0.2,0.25,0.7,0.3,-1.13738303465163,-0.532476636804607,-0.0921030281029576,0.449531611650678,0.635868334088323,-0.257675860060574,NA,NA,NA,NA,NA,NA,0.133300924361982,0.111802413279785,0.0750517562268701,0.17264752265338,0.0823265995440136,0.306137404453754
-1,-0.5,-0.2,0.25,0.7,0.3,-0.79476456930845,-0.535043855909043,-0.164700349753777,0.302326979947582,0.762399285904593,0.185507230385275,NA,NA,NA,NA,NA,NA,0.129406002166391,0.10452540528927,0.0585143159798647,0.182188372720942,0.0827100065565987,0.39951193853797
-1,-0.5,-0.2,0.25,0.7,0.3,-1.11635087987586,-0.42522454242576,-0.164526020760241,0.2376148734485,0.633826083157872,0.271835227045868,NA,NA,NA,NA,NA,NA,0.127582577935452,0.103800933514558,0.0678944223624551,0.154770650284382,0.0769561894249718,0.358923310564315
-1,-0.5,-0.2,0.25,0.7,0.3,-0.963031834013263,-0.533674292912689,-0.143326307521771,0.308498476800568,0.688973094261636,0.349823116008475,NA,NA,NA,NA,NA,NA,0.116894987557421,0.0975969480268316,0.0651426188048555,0.15267085751957,0.0739878397678001,0.389318033830807
-1,-0.5,-0.2,0.25,0.7,0.3,-1.05025775782231,-0.426390764363076,-0.223427823977389,0.238250366006503,0.845041631421149,0.323089278043016,NA,NA,NA,NA,NA,NA,0.132207839782417,0.0998208896577873,0.0549039888812015,0.181463424592882,0.0832289916891875,0.442273624335972
-1,-0.5,-0.2,0.25,0.7,0.3,-0.799321894144548,-0.661841729112327,-0.259509208205145,0.594279520127753,0.633558068163714,-0.297001708173594,NA,NA,NA,NA,NA,NA,0.120395400028108,0.105567253800455,0.0612724775844779,0.181089256024047,0.075619387388366,0.315771414516695
-1,-0.5,-0.2,0.25,0.7,0.3,-0.804100132219469,-0.642336621162994,-0.272935969896331,0.467180226547426,0.764816274935843,-0.319605777242549,NA,NA,NA,NA,NA,NA,0.153683400446212,0.123525611718721,0.0628967102338652,0.221073540684742,0.0881221276841835,0.359893532282551
-1,-0.5,-0.2,0.25,0.7,0.3,-0.997323531240493,-0.503339363397727,-0.309708574140998,0.221681932805085,0.624851525853155,0.404257467550504,NA,NA,NA,NA,NA,NA,0.123080746635268,0.101773647818323,0.0701845104676679,0.161183846649114,0.0738328886156562,0.425939947408927
-1,-0.5,-0.2,0.25,0.7,0.3,-1.12279273790055,-0.393699725642102,-0.0841537873647971,0.271901537100647,0.786415595887312,0.273116917331861,NA,NA,NA,NA,NA,NA,0.133192642294119,0.120348741969818,0.0583645065596838,0.158782370621813,0.0807505895026199,0.378264164611849
-1,-0.5,-0.2,0.25,0.7,0.3,-0.983183452473761,-0.565872244130798,-0.120941318150707,0.210393505059597,0.575775508836301,0.672079561891626,NA,NA,NA,NA,NA,NA,0.111375642663337,0.0916599188691188,0.0719838230148579,0.150421260762493,0.0744091148948805,0.470562240339141
-1,-0.5,-0.2,0.25,0.7,0.3,-0.935695716096159,-0.541596776867171,-0.196411120746059,0.230727187503719,0.672431374479089,-0.0487284233489064,NA,NA,NA,NA,NA,NA,0.151936183576975,0.116250364268084,0.0694056974742146,0.218124106283319,0.0788640273740138,0.420530417806028
-1,-0.5,-0.2,0.25,0.7,0.3,-0.914047915093803,-0.5297051716222,-0.216890349498922,0.290298836183207,0.80613828821375,0.219322616764263,NA,NA,NA,NA,NA,NA,0.136518233816119,0.112688847070649,0.0580899249366648,0.167206852469722,0.0850453309695011,0.374150042221215
-1,-0.5,-0.2,0.25,0.7,0.3,-0.700516981797839,-0.639596616313642,-0.104124986903796,0.261892769944597,0.607571350020753,0.282442543093384,NA,NA,NA,NA,NA,NA,0.132849062591713,0.114862573392544,0.0762485266928609,0.217011679452645,0.0814840889429538,0.510554131880021
-1,-0.5,-0.2,0.25,0.7,0.3,-1.12528080537391,-0.451098188219361,-0.105965311790611,0.165049246558019,0.693798961037156,0.303903624906489,NA,NA,NA,NA,NA,NA,0.13741469648173,0.10836996299862,0.0699251036763475,0.170099237236695,0.0789520635229906,0.401040943378378
-1,-0.5,-0.2,0.25,0.7,0.3,-1.00253971207406,-0.455723551113011,-0.159046732405573,0.167091004222505,0.76882439224406,0.60728599247529,NA,NA,NA,NA,NA,NA,0.124428714141797,0.0957898385091347,0.0573147117920588,0.207142584976055,0.0810299843543555,0.639037765430914
-1,-0.5,-0.2,0.25,0.7,0.3,-0.900985265160207,-0.574501074720149,-0.214930213631404,0.519117128068817,0.621750736825337,-0.0421453650354157,NA,NA,NA,NA,NA,NA,0.110245122279245,0.0913869781731031,0.0522526789775724,0.152827534691966,0.0762139597529742,0.309594256040066
-1,-0.5,-0.2,0.25,0.7,0.3,-0.961009577160584,-0.483353266457174,-0.163947302850881,0.29450969063492,0.6446761693766,0.18277449042649,NA,NA,NA,NA,NA,NA,0.123709966667655,0.105295343446619,0.0715807913677073,0.161884442439998,0.0777068513873393,0.364606304750238
-1,-0.5,-0.2,0.25,0.7,0.3,-1.04593630760292,-0.496454906880339,-0.202201731766979,0.250298431768754,0.797294612818401,0.0360192199343143,NA,NA,NA,NA,NA,NA,0.156017161962599,0.114442050312696,0.0621443654859969,0.21543316822977,0.0802680494731524,0.456498271088609
-1,-0.5,-0.2,0.25,0.7,0.3,-0.960021826584,-0.480476491246982,-0.266824971994517,0.392470908344713,0.565962627718379,-0.0264788594018335,NA,NA,NA,NA,NA,NA,0.127800520655398,0.109216684697464,0.0686457811937018,0.193011102080986,0.0769616685028011,0.388276757991653
-1,-0.5,-0.2,0.25,0.7,0.3,-0.914993323825914,-0.626699366472109,-0.172457077350608,0.382498858019768,0.730613988013887,-0.0707047736877405,NA,NA,NA,NA,NA,NA,0.126394102747816,0.0981842711453063,0.0609138992022448,0.168605302175496,0.0815344258863937,0.315278409332578
-1,-0.5,-0.2,0.25,0.7,0.3,-1.08326372933191,-0.367448169626944,-0.182510934186587,0.12411806069552,0.719215549453266,0.558287749952863,NA,NA,NA,NA,NA,NA,0.125666159606313,0.113451868381554,0.0658278583335912,0.13584651705722,0.0746144341698593,0.361200711155185
-1,-0.5,-0.2,0.25,0.7,0.3,-0.673050598707762,-0.878144853627484,-0.229136623063327,0.449015583628052,0.634590086172861,-0.0835321821054387,NA,NA,NA,NA,NA,NA,0.128675103074689,0.100032153561985,0.0573491699746955,0.202087495859693,0.0810918126442109,0.394148938617069
-1,-0.5,-0.2,0.25,0.7,0.3,-1.02697691301659,-0.501417466746035,-0.208084603476268,0.271539717580203,0.58523753188783,0.343796326234509,NA,NA,NA,NA,NA,NA,0.115676038896879,0.103329224009297,0.0694882010080026,0.155505804904651,0.0690061175077712,0.396489933168325
-1,-0.5,-0.2,0.25,0.7,0.3,-1.11781888703873,-0.452004867062156,-0.156847483035491,0.407993667943356,0.547054575827418,-0.0204885933779502,NA,NA,NA,NA,NA,NA,0.119185579588465,0.0946317392326558,0.0699183798827264,0.170850918147076,0.0718513597508522,0.351285234842023
-1,-0.5,-0.2,0.25,0.7,0.3,-0.939818377663003,-0.474643320313506,-0.111608877873978,0.0719876131474111,0.830033619266159,0.50112304031194,NA,NA,NA,NA,NA,NA,0.14097139061678,0.106555477182927,0.074642119468277,0.186523830256139,0.0745338331888279,0.518369977896917
-1,-0.5,-0.2,0.25,0.7,0.3,-1.10176929997285,-0.443572363399248,-0.13671329990201,0.335732931709889,0.637270819110185,0.152124042690978,NA,NA,NA,NA,NA,NA,0.120906417875938,0.10118476524632,0.0657695423892049,0.159933953735863,0.0735280445634052,0.367254412938016
-1,-0.5,-0.2,0.25,0.7,0.3,-1.12607551289983,-0.445998502942252,-0.250760639821987,0.148683594340022,0.60876848446884,0.53602466902234,NA,NA,NA,NA,NA,NA,0.124232876061729,0.101230003876338,0.0751342542896936,0.171123596549519,0.0671228345053593,0.497448311151703
-1,-0.5,-0.2,0.25,0.7,0.3,-0.969090615482413,-0.53378662122177,-0.206867865624024,0.438139120534538,0.73291624298762,-0.297614765145303,NA,NA,NA,NA,NA,NA,0.143792169180592,0.11541501189852,0.0692060156412312,0.186772680750375,0.0828353365081419,0.314730344242081
-1,-0.5,-0.2,0.25,0.7,0.3,-1.09863077419476,-0.438620945929699,-0.227683895625243,0.101874028403109,0.858191459384492,0.83561083730767,NA,NA,NA,NA,NA,NA,0.121341976573839,0.1050609866701,0.0570542926122595,0.133355991375613,0.0722694661991883,0.448866162457736
-1,-0.5,-0.2,0.25,0.7,0.3,-0.939794780271712,-0.501620440189051,-0.16614185011196,0.328273068200035,0.684214169513942,-0.0570513174164026,NA,NA,NA,NA,NA,NA,0.131792022516582,0.105814667651242,0.0643776180129488,0.16095406008258,0.0777569915581636,0.302534663342867
-1,-0.5,-0.2,0.25,0.7,0.3,-0.856945625404507,-0.680367663961786,-0.230233731512254,0.31897620093487,0.804671701902618,0.147351185486048,NA,NA,NA,NA,NA,NA,0.128413350755718,0.106093198655525,0.0584326429687479,0.159020880004633,0.0841772065858354,0.335958108021696
-1,-0.5,-0.2,0.25,0.7,0.3,-1.22464498029524,-0.427032573082591,-0.17355722495933,-0.0330981971917019,0.687116101195723,1.43520216382133,NA,NA,NA,NA,NA,NA,0.129749437494678,0.10258064085313,0.0625374893852521,0.148778502698957,0.0722134477678551,0.909978022582281
-1,-0.5,-0.2,0.25,0.7,0.3,-0.996216842858877,-0.488465770110523,-0.261279718849817,0.216658156302776,0.889692312097955,0.243347997360037,NA,NA,NA,NA,NA,NA,0.141101780346472,0.102373737296104,0.0532742488999117,0.195831255636049,0.0827264222645435,0.464649354663987
-1,-0.5,-0.2,0.25,0.7,0.3,-1.18145644183867,-0.330467800973151,-0.113240449529606,0.315457420000828,0.685999912977693,0.315278019589,NA,NA,NA,NA,NA,NA,0.114536003315699,0.094756173829519,0.0600424479397661,0.134380670342621,0.0794548717836375,0.321950710777771
-1,-0.5,-0.2,0.25,0.7,0.3,-0.871580205229434,-0.541600405103107,-0.289046232273328,0.334190035966108,0.723451223514362,0.159483134145183,NA,NA,NA,NA,NA,NA,0.131682006629862,0.102673594113017,0.0698043722329615,0.213467508195901,0.0740297445027512,0.484944412490715
-1,-0.5,-0.2,0.25,0.7,0.3,-0.853194246802963,-0.598281393414817,-0.244499570742057,0.457804236059285,0.633949841323731,-0.0111465467126601,NA,NA,NA,NA,NA,NA,0.115503963088716,0.0943628211822815,0.0659296637999136,0.181593198529162,0.071429258805328,0.36986872432408
-1,-0.5,-0.2,0.25,0.7,0.3,-0.748852824115075,-0.764812400118079,-0.0943664457276966,0.291356835965382,0.697633376237662,0.439269109207365,NA,NA,NA,NA,NA,NA,0.115722938490731,0.0968821973717022,0.0680325949732619,0.145074433793103,0.0830382919901017,0.36911848511862
-1,-0.5,-0.2,0.25,0.7,0.3,-0.919812143192946,-0.512730709654075,-0.135308791085973,0.233548931104533,0.647001668707998,0.198461621087659,NA,NA,NA,NA,NA,NA,0.128430573211383,0.105357090987427,0.0698910507180126,0.166266248739304,0.0768313272561935,0.378500412078695
-1,-0.5,-0.2,0.25,0.7,0.3,-1.14075691502,-0.357922832270442,-0.330671828922764,0.362219939150112,0.809918966809072,-0.0281582364260976,NA,NA,NA,NA,NA,NA,0.140235848401605,0.10854001394149,0.0627386228707085,0.184329018646078,0.0772473762038068,0.372184379405776
-1,-0.5,-0.2,0.25,0.7,0.3,-0.877634071895364,-0.578617921870879,-0.186827233272989,0.442483507663371,0.628996059290814,-0.059223721544379,NA,NA,NA,NA,NA,NA,0.12557706164183,0.107805586536826,0.0628900984530649,0.186522820406581,0.077760110453131,0.361970881469849
-1,-0.5,-0.2,0.25,0.7,0.3,-0.909770217946171,-0.573917101844883,-0.202221336286516,0.396530188420992,0.569832120368454,0.112638147593082,NA,NA,NA,NA,NA,NA,0.119559885484073,0.102199183670005,0.0671801833169712,0.187318476862257,0.0774646827512839,0.419110373327635
-1,-0.5,-0.2,0.25,0.7,0.3,-1.09619378258416,-0.506438154789633,-0.338149823883712,0.332167675449355,0.648350126881159,-0.014413747432088,NA,NA,NA,NA,NA,NA,0.135324154163179,0.108377129564384,0.0720378992702135,0.193840086588795,0.077865560412573,0.397605434302101
-1,-0.5,-0.2,0.25,0.7,0.3,-0.990099268741329,-0.481282104312197,-0.186538134018516,0.0814409417943498,0.732413350630821,0.821154022921076,NA,NA,NA,NA,NA,NA,0.128762908722413,0.110162989999369,0.0656982822685485,0.175508905738015,0.0746792207940418,0.599456991860551
-1,-0.5,-0.2,0.25,0.7,0.3,-1.04516513517601,-0.459639569994449,-0.221828398278138,0.337827056346114,0.603976714438532,-0.058350750089386,NA,NA,NA,NA,NA,NA,0.13467857952929,0.111544152954213,0.0752121204646917,0.215791732696751,0.0742357529805898,0.41815194704464
-1,-0.5,-0.2,0.25,0.7,0.3,-0.923319535296942,-0.493027320047523,-0.123310862386697,0.271862444835836,0.73601999984221,0.36424036123192,NA,NA,NA,NA,NA,NA,0.118881352179923,0.097965421991365,0.0674782181929258,0.149331430261116,0.0756189802674558,0.36295784928059
-1,-0.5,-0.2,0.25,0.7,0.3,-1.10701533902642,-0.474976719759826,-0.244511602087632,-0.0594475722822806,0.703786105045998,1.25754113524032,NA,NA,NA,NA,NA,NA,0.133971019617937,0.112707127070176,0.0695470539849734,0.146754071968983,0.0747799690087006,0.698090205949096
-1,-0.5,-0.2,0.25,0.7,0.3,-1.29980448517166,-0.343864913769756,-0.184110766389267,0.138246342205663,0.812765669112474,0.868208849179367,NA,NA,NA,NA,NA,NA,0.130713661181566,0.102812543001805,0.05370233825287,0.183502639443168,0.0751407635372961,0.713500069674765
-1,-0.5,-0.2,0.25,0.7,0.3,-1.03640148155987,-0.458390410236252,-0.311279402062268,0.125418482885551,0.757471700370347,0.602108767406297,NA,NA,NA,NA,NA,NA,0.127673905688032,0.100022811760389,0.0701437157413787,0.160769537175054,0.0743747840940754,0.474015909470346
-1,-0.5,-0.2,0.25,0.7,0.3,-0.765441284704709,-0.561149398046512,-0.263346022083506,0.276379488143799,0.702315083808411,-0.0638597122592763,NA,NA,NA,NA,NA,NA,0.13776196531496,0.104717496941939,0.0625976939849513,0.181409209001879,0.078518812714531,0.341282037330796
-1,-0.5,-0.2,0.25,0.7,0.3,-0.945515496374833,-0.660125274708596,-0.152020536082217,0.231906494564377,0.743108768120442,0.758319466960653,NA,NA,NA,NA,NA,NA,0.111263830870917,0.0910516654062553,0.058285230348562,0.16382674980797,0.0734888837668387,0.548239216516269
-1,-0.5,-0.2,0.25,0.7,0.3,-1.21518426101056,-0.403190863128145,-0.152456912810752,0.29740937541917,0.736781719324496,0.010549290487138,NA,NA,NA,NA,NA,NA,0.130771244740361,0.104479953427604,0.0696204136859039,0.149779786337218,0.0700641258850611,0.306273750842323
-1,-0.5,-0.2,0.25,0.7,0.3,-1.12910708324916,-0.422629832486474,-0.226610754218952,0.263421259321943,0.751152665949367,0.0760489592421803,NA,NA,NA,NA,NA,NA,0.136471110910151,0.114671112121143,0.0635394557268727,0.181712409962544,0.0767431098145139,0.391945325368914
-1,-0.5,-0.2,0.25,0.7,0.3,-1.03308654887475,-0.622219832128729,-0.235181763831306,0.299362890340313,0.666204133446126,-0.0130880353311892,NA,NA,NA,NA,NA,NA,0.138063661553992,0.11476099044083,0.0718181767684116,0.184033153561888,0.0733791801656776,0.377395768518905
-1,-0.5,-0.2,0.25,0.7,0.3,-0.962023233465957,-0.511177726353301,-0.358095075799672,0.0857711723507175,0.722055805013282,1.94150981508241,NA,NA,NA,NA,NA,NA,0.101890625385742,0.0767723473954231,0.0524369728326269,0.137805883078896,0.0703433398424965,1.18899210464961
-1,-0.5,-0.2,0.25,0.7,0.3,-1.06061303653617,-0.382352307035044,-0.160635795782597,0.534208591450859,0.834770783676429,-0.291914095784036,NA,NA,NA,NA,NA,NA,0.12997691740889,0.0957606551771071,0.0629341480939937,0.221984549758995,0.0774451441983978,0.394706595821805
-1,-0.5,-0.2,0.25,0.7,0.3,-0.777173766876012,-0.56217857611732,-0.285397318425985,0.424525628805112,0.800454628859367,0.0823623719442404,NA,NA,NA,NA,NA,NA,0.117889870185509,0.0922275885613723,0.0598436207042711,0.174331539060815,0.0848147020340872,0.353287257447999
-1,-0.5,-0.2,0.25,0.7,0.3,-1.04171511208655,-0.503248887982406,-0.195394772477911,0.216791043902422,0.737927868433718,0.404496351726933,NA,NA,NA,NA,NA,NA,0.119842484047799,0.087371745563621,0.0498761953320875,0.147088110464449,0.0715088793781899,0.365354277824751
-1,-0.5,-0.2,0.25,0.7,0.3,-0.891233347606833,-0.58842028083444,-0.154354896138347,0.177419583940621,0.755352328364972,0.425743762439595,NA,NA,NA,NA,NA,NA,0.126203497677557,0.083207243412413,0.0711265133782227,0.161933491845585,0.0789711353197745,0.401908803009056
-1,-0.5,-0.2,0.25,0.7,0.3,-0.919541512480947,-0.554128241854702,-0.285115578487871,0.180093400625767,0.760786019592851,0.418976332367736,NA,NA,NA,NA,NA,NA,0.123123837534804,0.0897502254855066,0.0708039767370173,0.163666965617755,0.0748580449159955,0.417632565722297
-1,-0.5,-0.2,0.25,0.7,0.3,-1.02249980819932,-0.585989570874766,-0.305672978225209,-0.288670479595587,0.782024123800474,1.83410743793654,NA,NA,NA,NA,NA,NA,0.158726692815905,0.129871001990185,0.0646068552091865,0.168514889572015,0.0814272004220596,1.26619173813999
-1,-0.5,-0.2,0.25,0.7,0.3,-1.10752964038377,-0.43037869881502,-0.121033234778088,0.119905400064928,0.831885912401967,0.640715530321685,NA,NA,NA,NA,NA,NA,0.137894663280979,0.106446364724504,0.0685412625423379,0.163657608188643,0.0796674957319113,0.490766918494325
-1,-0.5,-0.2,0.25,0.7,0.3,-0.754472580700878,-0.618627433540031,-0.224239729419704,0.334694896187911,0.705998097737153,0.172341385387212,NA,NA,NA,NA,NA,NA,0.124580568111743,0.0970865946872716,0.0620457038093605,0.164368421758097,0.0816718496298264,0.347328857833477
-1,-0.5,-0.2,0.25,0.7,0.3,-1.10424866190672,-0.408461220955096,-0.15461745113448,0.23750761193121,0.655323344599823,0.567588869668965,NA,NA,NA,NA,NA,NA,0.113320347332503,0.0924759748221255,0.0497889687669466,0.127996145739635,0.0710359017120192,0.361362360997319
-1,-0.5,-0.2,0.25,0.7,0.3,-0.946062749026421,-0.531449821195418,-0.161210678700715,-0.0698736566092563,0.833327224414061,1.81132357447429,NA,NA,NA,NA,NA,NA,0.117725011365695,0.0860208772070578,0.0505997438937901,0.139709386156829,0.0736363473692127,1.01393289237356
-1,-0.5,-0.2,0.25,0.7,0.3,-0.952120388990629,-0.538199283309777,-0.184093283389847,0.379461769928538,0.761070087257391,0.215233984824236,NA,NA,NA,NA,NA,NA,0.117903098211565,0.0907317533854929,0.0493346373077968,0.167717946997859,0.0805026941990485,0.371507117286977
-1,-0.5,-0.2,0.25,0.7,0.3,-1.18108862020586,-0.422821531151485,-0.299305457472995,0.226196954642457,0.659528871735473,0.256385531290537,NA,NA,NA,NA,NA,NA,0.12514846975509,0.106871731526741,0.0783821347360239,0.143947536307293,0.0668717692442417,0.344832654210798
-1,-0.5,-0.2,0.25,0.7,0.3,-1.03073275347546,-0.432304864636779,-0.19201926763023,0.28015585341548,0.785175967936379,0.280470914350613,NA,NA,NA,NA,NA,NA,0.12597067801011,0.0949555669172931,0.0570622083198382,0.163891362739123,0.0784748267961866,0.383206222236267
-1,-0.5,-0.2,0.25,0.7,0.3,-1.08987452455132,-0.46324120936363,-0.196998075026855,0.0397938444463533,0.721268024669425,0.896660470373941,NA,NA,NA,NA,NA,NA,0.129265698187259,0.110302825807649,0.0558441188803144,0.173703688332603,0.0741087477754134,0.653493316565156
-1,-0.5,-0.2,0.25,0.7,0.3,-1.16670813725805,-0.280212754812557,-0.135571324682082,0.206939858785223,0.751330527885143,0.595996071659898,NA,NA,NA,NA,NA,NA,0.122073942732567,0.0947480142913458,0.0558561080834826,0.174957293862905,0.0742302782431955,0.525023063209714
-1,-0.5,-0.2,0.25,0.7,0.3,-0.789702832129656,-0.665331355801678,-0.0571619793499642,-0.0952883372928244,0.723047778723712,1.34711823428339,NA,NA,NA,NA,NA,NA,0.140053246039455,0.108299412288871,0.0877552533160643,0.189940699653972,0.0711216970252059,1.03471509639079
-1,-0.5,-0.2,0.25,0.7,0.3,-1.02986754437551,-0.567550011163593,-0.173637826091371,0.222983629587043,0.643040941955375,0.334656199564789,NA,NA,NA,NA,NA,NA,0.125520650523164,0.110925672628333,0.0700168008855087,0.160758369326718,0.0698945226365291,0.408921369624927
-1,-0.5,-0.2,0.25,0.7,0.3,-0.87462149978379,-0.62018980897825,-0.23427939788854,0.284139518381083,0.759730119345119,0.384500990507693,NA,NA,NA,NA,NA,NA,0.119225547621141,0.0881386218942315,0.0595080679763243,0.160334980481838,0.0871697479810919,0.402745366274564
-1,-0.5,-0.2,0.25,0.7,0.3,-1.08808534173498,-0.458242424832446,-0.29700399392251,-0.100918886302842,0.696897926737308,1.21778051741674,NA,NA,NA,NA,NA,NA,0.138306615900121,0.102806572611737,0.0754089864965953,0.161102586124706,0.0753721259852042,0.703569213961112
-1,-0.5,-0.2,0.25,0.7,0.3,-1.00689773932063,-0.431302791468305,-0.141776080672165,0.0591555030634316,0.73942038052842,0.690662250827461,NA,NA,NA,NA,NA,NA,0.142448363069606,0.10783186728597,0.0651952091312543,0.191513611303987,0.0764616658007793,0.628328385470577
-1,-0.5,-0.2,0.25,0.7,0.3,-0.928841857637065,-0.539754144299837,-0.186878119220856,0.360159579194929,0.679610104713206,0.250919923415765,NA,NA,NA,NA,NA,NA,0.114013593060954,0.094049874033571,0.0675429796018309,0.156134936274921,0.0732731614334499,0.363796795831509
-1,-0.5,-0.2,0.25,0.7,0.3,-0.907716788458275,-0.535617188138601,-0.279573051154008,0.457368339227844,0.62269667261803,0.130807943808302,NA,NA,NA,NA,NA,NA,0.107417654998988,0.0891837121113465,0.0587035246030887,0.163956431151374,0.0773885329413221,0.357652726103926
-1,-0.5,-0.2,0.25,0.7,0.3,-0.853906014664256,-0.569066745953299,-0.186757723207737,0.331501263301961,0.834910057628856,0.536883874981482,NA,NA,NA,NA,NA,NA,0.113606735912413,0.0887872854314941,0.0491062172553788,0.170167453796356,0.0771645362866682,0.494424944780396
-1,-0.5,-0.2,0.25,0.7,0.3,-1.04301950493144,-0.568840744789973,-0.231907350698444,0.0711586167863637,0.545477437749978,1.37145542101139,NA,NA,NA,NA,NA,NA,0.107365942167349,0.0908236905916229,0.0629181408910054,0.14123471017158,0.0682805060344623,0.797551017670348
-1,-0.5,-0.2,0.25,0.7,0.3,-0.920414826462605,-0.569748275730576,-0.134443785843077,0.401382061553665,0.843988614412244,-0.161508615137323,NA,NA,NA,NA,NA,NA,0.143215163187658,0.117140340236696,0.0571811948593376,0.211909605514043,0.0798633925517748,0.389551506942973
-1,-0.5,-0.2,0.25,0.7,0.3,-1.05716528944047,-0.503095358538499,-0.196681093582256,0.285670975127133,0.65404109525746,0.178045191997804,NA,NA,NA,NA,NA,NA,0.123437558316643,0.0939819096093833,0.077758112831494,0.169612020212625,0.0754807622463603,0.377187131820687
-1,-0.5,-0.2,0.25,0.7,0.3,-1.0809258567163,-0.471780473123196,-0.154654135706466,0.184428072361635,0.655250688918342,0.316485287568488,NA,NA,NA,NA,NA,NA,0.137698673274774,0.114673425539203,0.0767782334682606,0.156369002218772,0.0830584499808482,0.376882757083957
-1,-0.5,-0.2,0.25,0.7,0.3,-1.2065146059987,-0.328486372409039,-0.0982936313062809,0.0902903408054386,0.919538135261913,0.816704614552193,NA,NA,NA,NA,NA,NA,0.136471568453096,0.10758969088573,0.0520925165082192,0.170906983044963,0.080773136712786,0.582418187232684
-1,-0.5,-0.2,0.25,0.7,0.3,-0.717834285117186,-0.703343552286124,-0.078690245475544,0.265787350714658,0.650792705627488,0.416897477736735,NA,NA,NA,NA,NA,NA,0.117400817203493,0.0915670754975824,0.070732703107863,0.163910807828902,0.0833679065582968,0.402500288286647
-1,-0.5,-0.2,0.25,0.7,0.3,-1.11952914819296,-0.308206710538981,-0.149123135586867,0.19264502351089,0.778807121193526,0.343505768726828,NA,NA,NA,NA,NA,NA,0.145299862240079,0.112255625345707,0.0645902582128397,0.193822419238742,0.0788231108961769,0.498110383151837
-1,-0.5,-0.2,0.25,0.7,0.3,-0.962740744398858,-0.528042944655391,-0.215746522134106,0.102598424137765,0.816179462631683,0.752290827210727,NA,NA,NA,NA,NA,NA,0.129769973874095,0.0987781728306092,0.0771065178024816,0.154931966023006,0.0833257976852052,0.476170617788847
-1,-0.5,-0.2,0.25,0.7,0.3,-0.930329426520685,-0.592042681377789,-0.272771416963313,0.33167802241063,0.650925173546554,0.100529256393089,NA,NA,NA,NA,NA,NA,0.122417808564866,0.102781787464343,0.0623250286872733,0.133086234172388,0.0727976080317519,0.283037497915299
-1,-0.5,-0.2,0.25,0.7,0.3,-0.616031901355816,-0.742482814768055,-0.219629086556956,0.558843635834263,0.609706373121398,-0.237477181535791,NA,NA,NA,NA,NA,NA,0.129462123062351,0.106254745036581,0.0637596663985157,0.23924341428672,0.0806815507434861,0.430275991935681
-1,-0.5,-0.2,0.25,0.7,0.3,-0.927375144241446,-0.561233961033364,-0.246571984166501,0.143151763284277,0.665271824173571,0.726503853759695,NA,NA,NA,NA,NA,NA,0.121204122731196,0.0947691955669933,0.071839627318148,0.164224572655782,0.0787481216900302,0.509484004816574
-1,-0.5,-0.2,0.25,0.7,0.3,-0.974489266454664,-0.448607928653099,-0.182485726986056,0.297109146761203,0.780480270383664,0.443670476215682,NA,NA,NA,NA,NA,NA,0.117779335237307,0.0865434449645765,0.0500819840262176,0.16093629845126,0.0786756129247271,0.422780775817058
-1,-0.5,-0.2,0.25,0.7,0.3,-1.06116031378285,-0.54265924788771,-0.22366953081961,0.294209801215329,0.742005200005367,0.104651448179769,NA,NA,NA,NA,NA,NA,0.129028690639568,0.11772884259558,0.0690009621510926,0.163713181860806,0.073316003978088,0.356758405917062
-1,-0.5,-0.2,0.25,0.7,0.3,-1.15441314116516,-0.371665598834173,-0.31618018580097,-0.0816348253580469,0.675120917162252,2.06067089053175,NA,NA,NA,NA,NA,NA,0.119826495819759,0.0983639496532361,0.0640986625912401,0.140697135444468,0.0719656962359016,1.45484595197303
-1,-0.5,-0.2,0.25,0.7,0.3,-1.23847797256665,-0.380044398083014,-0.088394227880167,0.284971889496025,0.614818032470791,0.0697588522941099,NA,NA,NA,NA,NA,NA,0.136481021489011,0.113249872630964,0.0721121673674552,0.169295988062235,0.0803354060445802,0.364114825849245
-1,-0.5,-0.2,0.25,0.7,0.3,-1.00813647462568,-0.449370421353197,-0.129918309019481,0.416305968883392,0.641985372184187,-0.133687528272284,NA,NA,NA,NA,NA,NA,0.134657914040901,0.104708743220358,0.0741525762232645,0.229808250270857,0.0700750420428586,0.460886908683365
-1,-0.5,-0.2,0.25,0.7,0.3,-1.09817373253324,-0.532891900782936,-0.261957471458158,0.315584166156192,0.697966370034171,0.289029698594365,NA,NA,NA,NA,NA,NA,0.117823014988708,0.0985019664952338,0.0594752019508089,0.138104458566385,0.0764510100887457,0.33189231600661
-1,-0.5,-0.2,0.25,0.7,0.3,-1.12257447054936,-0.430268473759953,-0.0818535937339207,0.0415573814960356,0.657549169417848,0.903044834148183,NA,NA,NA,NA,NA,NA,0.12394935408885,0.101698295352925,0.077708040683915,0.143834573552803,0.0727548144454973,0.518847477087248
-1,-0.5,-0.2,0.25,0.7,0.3,-0.864787566145543,-0.669285945433759,-0.181469463985624,0.137109165497082,0.643676318718312,0.932272312648256,NA,NA,NA,NA,NA,NA,0.11561872466667,0.10151286479148,0.0648711173044231,0.128758239918122,0.0749462210450219,0.476517603045187
-1,-0.5,-0.2,0.25,0.7,0.3,-0.720561426104717,-0.683028665171355,-0.307052531331821,0.315143470294364,0.581438348886718,0.464203829292159,NA,NA,NA,NA,NA,NA,0.105878087389014,0.0875560067993006,0.0705829479917046,0.140021427631129,0.0736658763453885,0.377463152008568
-1,-0.5,-0.2,0.25,0.7,0.3,-1.15348954163002,-0.503941793242047,-0.259866506900935,0.174447663739561,0.653229650668913,0.284731692635886,NA,NA,NA,NA,NA,NA,0.140184107590117,0.123202191643495,0.0850317842428588,0.164575026564622,0.0741655077666915,0.401159533598291
-1,-0.5,-0.2,0.25,0.7,0.3,-1.0847903264027,-0.380180389733039,-0.264213797806065,0.193373828346226,0.723106495368101,0.367083498209097,NA,NA,NA,NA,NA,NA,0.127953480166133,0.102688671348799,0.0760911285386028,0.162514386882819,0.0688147814390983,0.41293535729227
-1,-0.5,-0.2,0.25,0.7,0.3,-1.00685747811185,-0.442999168985189,-0.149161775031456,0.198708406156293,0.726360874185758,0.637279970278892,NA,NA,NA,NA,NA,NA,0.125855959954009,0.100554779457521,0.0707640951748144,0.204015325599411,0.0797502952205725,0.625287479275542
-1,-0.5,-0.2,0.25,0.7,0.3,-0.977514995023997,-0.419075538997293,-0.173158262662645,0.385199309730438,0.673828191805601,0.155217111032224,NA,NA,NA,NA,NA,NA,0.117633682197113,0.105847590894222,0.0650387061746995,0.152019094679825,0.0772302663864092,0.327203343779558
-1,-0.5,-0.2,0.25,0.7,0.3,-0.931240571179414,-0.571399127172261,-0.253463054554431,0.125660172066765,0.813727527868638,0.541052602562089,NA,NA,NA,NA,NA,NA,0.130549201856509,0.0956808334509651,0.0530583085304489,0.144920724899173,0.0844927202479049,0.394854208554994
-1,-0.5,-0.2,0.25,0.7,0.3,-1.06180249722275,-0.439629458855704,-0.250650803328954,0.295747167668208,0.704362974064265,0.236715630002772,NA,NA,NA,NA,NA,NA,0.121461649060382,0.0982222416287019,0.0622434768771102,0.169583377113088,0.0737868666977696,0.393061876846678
-1,-0.5,-0.2,0.25,0.7,0.3,-0.875587863411375,-0.542989009494159,-0.345058619419965,0.222827242642832,0.775445507109293,0.5365988951561,NA,NA,NA,NA,NA,NA,0.123461703720527,0.103718484605746,0.060180896775767,0.156200227057991,0.0839465035071031,0.434297454786925
-1,-0.5,-0.2,0.25,0.7,0.3,-1.13236198211967,-0.455932814696819,-0.146858596477701,-0.0769480671144223,0.749378497785829,1.10493215505701,NA,NA,NA,NA,NA,NA,0.134675214541067,0.115718221648448,0.0721106494936946,0.152919295073013,0.0747805347700031,0.613424311232256
-1,-0.5,-0.2,0.25,0.7,0.3,-0.857465171742668,-0.581782976628117,-0.267722951058003,0.167493536023469,0.76387880974801,0.658067114181612,NA,NA,NA,NA,NA,NA,0.122430153309026,0.10036646426203,0.0618178614226549,0.164589601551792,0.0742666898304424,0.497086270033396
-1,-0.5,-0.2,0.25,0.7,0.3,-1.16638617570818,-0.42441115525636,-0.0502657711547935,0.0829072001948283,0.710901185572062,0.997579394237044,NA,NA,NA,NA,NA,NA,0.121679048957576,0.0948703673238893,0.0582421090681658,0.154345192512616,0.0731190249892869,0.631599352509159
-1,-0.5,-0.2,0.25,0.7,0.3,-0.967842513309494,-0.62106776256963,-0.317995241319116,0.361529067167334,0.672940599259728,0.0247330247926905,NA,NA,NA,NA,NA,NA,0.124903772171631,0.0999218271828115,0.0579804041646385,0.153529553909413,0.0769094766458933,0.30835642607236
-1,-0.5,-0.2,0.25,0.7,0.3,-0.785893765962469,-0.70244780955798,-0.212768695582415,0.179375384083994,0.714880570221548,0.507258600324426,NA,NA,NA,NA,NA,NA,0.128632092650952,0.10959589538658,0.0636917203705742,0.188794452103713,0.0768234078462199,0.530457109080667
-1,-0.5,-0.2,0.25,0.7,0.3,-1.23218604748154,-0.27003330215632,-0.172114197240681,0.15916888660991,0.846658235475981,0.638846854597289,NA,NA,NA,NA,NA,NA,0.124293692922893,0.101102863902909,0.0571183055711629,0.160358766525368,0.0740847924756182,0.493353128484071
-1,-0.5,-0.2,0.25,0.7,0.3,-0.970606279945852,-0.473629500532488,-0.222749820010066,0.0380104044246404,0.804713194547311,1.33212315993155,NA,NA,NA,NA,NA,NA,0.119945385860489,0.0892437892255,0.0602201046381846,0.154088522776515,0.0736341376123357,0.771621649063595
-1,-0.5,-0.2,0.25,0.7,0.3,-1.04668332872634,-0.499706282071688,-0.137034682191435,0.352238255233878,0.66137175192978,-0.132114254309872,NA,NA,NA,NA,NA,NA,0.133472470464815,0.109770867053388,0.065462755203446,0.181552471719582,0.0759885266343457,0.334652432977831
-1,-0.5,-0.2,0.25,0.7,0.3,-0.95433933811547,-0.576013896496229,-0.297200378229219,0.265876414335411,0.665568635757298,0.288067204827774,NA,NA,NA,NA,NA,NA,0.129094112108321,0.113812556015054,0.0688869104581206,0.176790604627785,0.0784703608229436,0.417335894247534
-1,-0.5,-0.2,0.25,0.7,0.3,-0.861505339977508,-0.514586618737049,-0.255257825806333,0.546604047134281,0.683061399987915,-0.352108929069832,NA,NA,NA,NA,NA,NA,0.129342356800869,0.100231307581743,0.0703612064837233,0.221259064652628,0.0779448077570485,0.368152175566787
-1,-0.5,-0.2,0.25,0.7,0.3,-0.897458165741325,-0.539925566673033,-0.156780036390342,0.141359044021967,0.653150801733844,0.624265981373705,NA,NA,NA,NA,NA,NA,0.133896810548039,0.118088301464457,0.0703066780675288,0.18911362582089,0.0898153897991886,0.530234428615163
-1,-0.5,-0.2,0.25,0.7,0.3,-0.730410579145398,-0.683516286808688,-0.186155402734423,0.758545631195164,0.667033194591814,-0.405050734539906,NA,NA,NA,NA,NA,NA,0.112091508259853,0.0913380842963516,0.051150789721937,0.189569082214829,0.0786700123942616,0.318901790352241
-1,-0.5,-0.2,0.25,0.7,0.3,-1.13454882867531,-0.329397283442073,-0.149056216307845,0.398538234660842,0.690004782368533,-0.00800235010150824,NA,NA,NA,NA,NA,NA,0.126549274514844,0.106567472161959,0.0653910383858822,0.163590173717798,0.0743060341373672,0.349476056633839
-1,-0.5,-0.2,0.25,0.7,0.3,-1.11014741270544,-0.456149579362108,-0.250785942560235,-0.13016920220519,0.828653284946819,1.22783833621589,NA,NA,NA,NA,NA,NA,0.144511169109541,0.110880558992148,0.0644129967482306,0.156779774559171,0.0708668088341249,0.724098593352684
-1,-0.5,-0.2,0.25,0.7,0.3,-0.874500943769891,-0.584182501041617,-0.205145470282163,0.45821051671608,0.740080931487646,0.0331339221817764,NA,NA,NA,NA,NA,NA,0.11753219288692,0.0927943510766295,0.0529371947827419,0.157019326684253,0.0792570168146289,0.31543055538796
-1,-0.5,-0.2,0.25,0.7,0.3,-1.06490906195353,-0.368532815538084,-0.249508003631876,0.399973660875055,0.709923030103193,0.0167142059891064,NA,NA,NA,NA,NA,NA,0.120547547858557,0.0917805440960564,0.0652452189436849,0.164886156914448,0.0774246807156517,0.340283919566707
-1,-0.5,-0.2,0.25,0.7,0.3,-1.04758202381601,-0.506149733782959,-0.307578676407583,0.39292306292897,0.626657210928457,0.0433026098583562,NA,NA,NA,NA,NA,NA,0.126406332731199,0.110075274100308,0.0668349067165403,0.1800712011668,0.0773283441934942,0.381931953500887
-1,-0.5,-0.2,0.25,0.7,0.3,-1.05844464741889,-0.494285058671473,-0.140384359861015,0.321169991111134,0.677361948797893,0.0639344484622307,NA,NA,NA,NA,NA,NA,0.128200920423991,0.106951138972437,0.0706017117160077,0.162711837359825,0.0725977991226318,0.345398953667174
-1,-0.5,-0.2,0.25,0.7,0.3,-1.09517888826685,-0.424443358731708,-0.121249697015987,0.407178226978911,0.747536681472856,0.168744516362332,NA,NA,NA,NA,NA,NA,0.113606886376215,0.0934378988554684,0.0583876116607118,0.151832735752437,0.0743107470378882,0.355258077099007
-1,-0.5,-0.2,0.25,0.7,0.3,-1.16874712712521,-0.433167520536589,-0.229932650888261,0.135566665210688,0.684502771299815,0.975760468862875,NA,NA,NA,NA,NA,NA,0.116397500576829,0.0940189381182767,0.0594716997624654,0.142919537068484,0.0696438024441169,0.573833187467894
-1,-0.5,-0.2,0.25,0.7,0.3,-1.04945985596064,-0.501904464030135,-0.153802424000244,0.0906620383673042,0.720376051065609,0.745379527592653,NA,NA,NA,NA,NA,NA,0.128126286182776,0.0995802520192068,0.0715059519205808,0.146595507285,0.0773345685620428,0.443010953247854
-1,-0.5,-0.2,0.25,0.7,0.3,-0.983834644861447,-0.40169781424294,-0.259597641461655,0.127860231158377,0.768965637077416,1.31046903647137,NA,NA,NA,NA,NA,NA,0.114838541043025,0.0880883835539422,0.0501942518222547,0.166013464202303,0.0751411250128789,0.894898132974874
-1,-0.5,-0.2,0.25,0.7,0.3,-0.820157313016056,-0.554560589079231,-0.220915395725268,0.50189347600022,0.600840671170665,-0.0462710269330678,NA,NA,NA,NA,NA,NA,0.118323959586221,0.101484662198707,0.0557535553600571,0.176477927218391,0.0765755417774159,0.353863384227969
-1,-0.5,-0.2,0.25,0.7,0.3,-0.717263731076442,-0.622393761259907,-0.201900720860796,0.555497506975363,0.674241456541241,0.0338977871278432,NA,NA,NA,NA,NA,NA,0.107224463843781,0.0910296069578352,0.0553986984241887,0.1743583893421,0.078786311699063,0.358217785140443
-1,-0.5,-0.2,0.25,0.7,0.3,-1.06904739873339,-0.461789423244752,-0.0964173237470719,0.243557297693124,0.69592574619873,0.624521963220794,NA,NA,NA,NA,NA,NA,0.112228495878939,0.086563845647012,0.0535021281305835,0.14400201974758,0.0700458718411804,0.450626846113779
-1,-0.5,-0.2,0.25,0.7,0.3,-0.994775617921598,-0.503012341909196,-0.240782782905646,0.178658845585417,0.725754004693079,0.155365669900522,NA,NA,NA,NA,NA,NA,0.150400814969265,0.117549437230294,0.0683994620894043,0.212162194051297,0.0747106844852188,0.482161972331558
-1,-0.5,-0.2,0.25,0.7,0.3,-1.17070219999472,-0.435052788033834,-0.337552768354169,0.0407017328992874,0.876005447581197,1.02609009738574,NA,NA,NA,NA,NA,NA,0.125600475428439,0.0925922458480223,0.0547192945468111,0.156727733415758,0.0751008531979857,0.640315712731318
-1,-0.5,-0.2,0.25,0.7,0.3,-1.12830645563657,-0.26749550355791,-0.296625800349215,0.293548601086889,0.776175627882246,0.526499941534188,NA,NA,NA,NA,NA,NA,0.110527151214533,0.089008882624482,0.0493754972022048,0.140780367382738,0.0671093332589085,0.402070550701859
-1,-0.5,-0.2,0.25,0.7,0.3,-1.03487331778444,-0.553849838658111,-0.146458303404738,0.021229870246138,0.667670076191913,0.592855384764195,NA,NA,NA,NA,NA,NA,0.150262179591169,0.121591037109556,0.0820982446454314,0.169406996366706,0.081923978073585,0.485400332211735
-1,-0.5,-0.2,0.25,0.7,0.3,-1.26735008003193,-0.344614821675708,-0.190802607430454,-0.0736950607834911,0.583066231577817,2.52748865397725,NA,NA,NA,NA,NA,NA,0.113350786656467,0.0914137186229062,0.0704207246565118,0.139899218029812,0.0679631577188067,2.35323821621518
-1,-0.5,-0.2,0.25,0.7,0.3,-1.1880427741648,-0.445890152304165,-0.195368890133129,0.109821126861955,0.740201358993854,0.431188960903032,NA,NA,NA,NA,NA,NA,0.149161468197515,0.121494737829144,0.0810687813719718,0.19032692448478,0.0845761259379972,0.518958640420451
-1,-0.5,-0.2,0.25,0.7,0.3,-0.852781178153637,-0.63301870057189,-0.186649210064845,0.213325410060657,0.578067549755192,0.477286704119285,NA,NA,NA,NA,NA,NA,0.12367179827084,0.107705065092843,0.068187466257669,0.181526199734328,0.0761192141623221,0.496209644995083
-1,-0.5,-0.2,0.25,0.7,0.3,-0.862108263166488,-0.570746831650645,-0.31647980398601,0.620874492942455,0.739232981268595,-0.304233835174691,NA,NA,NA,NA,NA,NA,0.11516743284082,0.091715339442918,0.0543287228638456,0.168451576332832,0.0724758890792537,0.288039811729242
-1,-0.5,-0.2,0.25,0.7,0.3,-1.11965037682783,-0.323053176752534,-0.2281590322,0.0761161468865631,0.691840161882026,0.738756622753286,NA,NA,NA,NA,NA,NA,0.133138441834755,0.103652386769697,0.0625253270508973,0.16115064248091,0.0759592919406966,0.522499175149178
-1,-0.5,-0.2,0.25,0.7,0.3,-1.2577569130541,-0.315482649937223,-0.102484160808951,0.0421566792967853,0.665838399439558,2.0857662357404,NA,NA,NA,NA,NA,NA,0.106994431155757,0.0939256131384641,0.0581264008418275,0.12211581204952,0.0667666505436442,1.26036931103176
-1,-0.5,-0.2,0.25,0.7,0.3,-0.901689270992871,-0.647821688112371,-0.316769178224839,0.336156734013396,0.650981130136688,0.037959485927758,NA,NA,NA,NA,NA,NA,0.129657488995621,0.102052613324358,0.0679717298807874,0.18210515712792,0.0752774482166344,0.367139646163033
-1,-0.5,-0.2,0.25,0.7,0.3,-1.21172114554544,-0.239297235634284,-0.219980863906884,0.232411055566647,0.873040535341186,0.270164535656935,NA,NA,NA,NA,NA,NA,0.136197244037366,0.115451788708611,0.0612193931345607,0.161017301983129,0.0782662110284087,0.396151953979952
-1,-0.5,-0.2,0.25,0.7,0.3,-1.00862255024078,-0.468394777643573,-0.146689119012964,-0.154409188889902,0.748872755917878,1.17862786741863,NA,NA,NA,NA,NA,NA,0.148127089534673,0.120839895129106,0.0746164014860399,0.160392106345889,0.0797607840896309,0.69338940791687
-1,-0.5,-0.2,0.25,0.7,0.3,-1.03562864582477,-0.54240047651626,-0.00187962838903916,0.132677489873138,0.652272462305324,0.472030492415542,NA,NA,NA,NA,NA,NA,0.135772552841738,0.0984646462606556,0.0748746494376034,0.195201684002894,0.0736431639429975,0.549339882825675
-1,-0.5,-0.2,0.25,0.7,0.3,-0.771370715323474,-0.715790630440066,-0.228095810503941,0.357352047903153,0.5949392837159,0.0758506353535176,NA,NA,NA,NA,NA,NA,0.121543902017415,0.102189870415083,0.0797294538387239,0.150298099792461,0.0763934805833053,0.297485520568569
-1,-0.5,-0.2,0.25,0.7,0.3,-1.01948050979479,-0.489091954733512,-0.181538957323814,0.0559498691300667,0.818520557874654,1.47245608299576,NA,NA,NA,NA,NA,NA,0.119291630818455,0.082056004178063,0.0553534614356876,0.172844646387187,0.0721003402750277,1.07355390845251
-1,-0.5,-0.2,0.25,0.7,0.3,-0.862719086965721,-0.756529527258067,-0.261027134766229,0.419058735395576,0.600336019839908,-0.0728548007017268,NA,NA,NA,NA,NA,NA,0.131266412486071,0.113353715943682,0.0782810397862415,0.184768384295,0.0858662889287285,0.349548826004147
-1,-0.5,-0.2,0.25,0.7,0.3,-0.902946934054092,-0.599147385557878,-0.313660663084191,0.462228767711512,0.604891407610805,-0.157115089210656,NA,NA,NA,NA,NA,NA,0.12236233298474,0.0963553504188956,0.0752287506707656,0.164576216995266,0.0778519443574932,0.299021392674389
-1,-0.5,-0.2,0.25,0.7,0.3,-0.972472318252351,-0.380454459153246,-0.253227671017351,0.311009843929896,0.860954646270012,0.268284982821769,NA,NA,NA,NA,NA,NA,0.130082416745059,0.103860494921995,0.056712510288492,0.173121538133067,0.0775419191015803,0.422442304826508
-1,-0.5,-0.2,0.25,0.7,0.3,-1.01079550176451,-0.567845815374744,-0.0740282643883631,0.234509359349408,0.674737974235835,0.412112371450023,NA,NA,NA,NA,NA,NA,0.127605519561546,0.0976580195219758,0.0606204289198737,0.17221984930305,0.0723782605823292,0.46487084362607
-1,-0.5,-0.2,0.25,0.7,0.3,-1.03678914129672,-0.480439578338547,-0.205535965701501,0.263299941989126,0.730111675990338,0.0315908404861254,NA,NA,NA,NA,NA,NA,0.14981094941646,0.130748325602155,0.0721657445766404,0.212751391247572,0.0854828804659605,0.432965240877335
-1,-0.5,-0.2,0.25,0.7,0.3,-0.837609685167911,-0.635345537625162,-0.046123821718061,0.160395152689743,0.667153090186695,1.15390128916746,NA,NA,NA,NA,NA,NA,0.110128190230773,0.0889504584312742,0.0578212890059369,0.138659610277035,0.0858434259831841,0.586066814929816
-1,-0.5,-0.2,0.25,0.7,0.3,-1.06056301732975,-0.436619895884325,-0.184794677339554,0.153597862515176,0.648418669949621,0.772310582618299,NA,NA,NA,NA,NA,NA,0.116265580282634,0.0928983305807574,0.0641160821191329,0.156324476981742,0.0702773330597558,0.528796886709953
-1,-0.5,-0.2,0.25,0.7,0.3,-1.00238739424765,-0.495059692904199,-0.204640799112838,0.368465294585631,0.659461109006692,0.0535163839495356,NA,NA,NA,NA,NA,NA,0.128690148017815,0.100828114239636,0.0745031049549167,0.20014355202009,0.0736875787707123,0.422579800896455
-1,-0.5,-0.2,0.25,0.7,0.3,-0.959659895444592,-0.500378841780071,-0.167452550632569,0.157889639654581,0.657928653343086,0.460642391328026,NA,NA,NA,NA,NA,NA,0.126461073354672,0.105426139774204,0.0684222616778659,0.150090577306677,0.0771145424151628,0.37756974571805
-1,-0.5,-0.2,0.25,0.7,0.3,-1.01295393302563,-0.45101016943372,-0.197643714683726,0.524797049148598,0.644427290302554,-0.328526425559794,NA,NA,NA,NA,NA,NA,0.125362503624205,0.0989155600502646,0.0706401359551681,0.190158841413241,0.067166559948286,0.326205011716724
-1,-0.5,-0.2,0.25,0.7,0.3,-0.916652001267668,-0.561392798938618,-0.170369451414003,0.292583638245635,0.630502645991687,0.180016021448921,NA,NA,NA,NA,NA,NA,0.124139223342642,0.0994135049694754,0.0692343864559582,0.160400073072759,0.0751731726200358,0.359788543645052
-1,-0.5,-0.2,0.25,0.7,0.3,-0.895900998810207,-0.589259492729244,-0.247096090985171,0.448991622780207,0.585856585842447,-0.0674233951394074,NA,NA,NA,NA,NA,NA,0.11811127020493,0.0907120119787006,0.0601483216564397,0.18479924598161,0.0726853218986951,0.362933015722225
-1,-0.5,-0.2,0.25,0.7,0.3,-1.1132555755774,-0.38835721199408,-0.20485964294184,-0.143559485224438,0.705904358010731,2.04670690744236,NA,NA,NA,NA,NA,NA,0.131969465287807,0.115023294301882,0.0774137572275118,0.146531697841077,0.0816449115126455,1.41096468169471
-1,-0.5,-0.2,0.25,0.7,0.3,-1.19501861687566,-0.335434523532495,-0.264792463838258,0.102857681745461,0.738858629442355,0.383640048666582,NA,NA,NA,NA,NA,NA,0.14268276835159,0.104775961853038,0.0742170372253068,0.175768693205524,0.0773926721435581,0.452798443375032
-1,-0.5,-0.2,0.25,0.7,0.3,-1.1663782221187,-0.390838765384506,-0.226356032462804,0.367581879458186,0.744175487386707,-0.211120003827961,NA,NA,NA,NA,NA,NA,0.14067525385298,0.117155597545148,0.0622057137429161,0.177597086052169,0.0740730454053296,0.319086997927246
-1,-0.5,-0.2,0.25,0.7,0.3,-0.911122901483592,-0.560147191096932,-0.223756076920644,0.248302908954797,0.665740923173952,0.279250596441576,NA,NA,NA,NA,NA,NA,0.133700021987005,0.110626365047867,0.0680723305046014,0.179480861174867,0.0767179202986285,0.420318561875191
-1,-0.5,-0.2,0.25,0.7,0.3,-1.14255856655554,-0.417474832734264,-0.210718381064715,0.187237041836826,0.685882244568933,0.594821975297349,NA,NA,NA,NA,NA,NA,0.125077904998259,0.103638804243655,0.0656091795850448,0.152697080748725,0.0755477031323702,0.469063345232546
-1,-0.5,-0.2,0.25,0.7,0.3,-1.14111191263433,-0.35793346954893,-0.215723666952203,0.274470523360845,0.68327222359401,0.0936413614927598,NA,NA,NA,NA,NA,NA,0.136646211887287,0.114382654972974,0.0670679931432599,0.159771333887752,0.0785072088121212,0.336687365496806
-1,-0.5,-0.2,0.25,0.7,0.3,-1.03655358459402,-0.412182025815106,-0.198199491031862,0.426736204484108,0.646242249979634,0.0272806152049182,NA,NA,NA,NA,NA,NA,0.117893702228179,0.0945086431929688,0.065997749581606,0.15227641458541,0.07618898586553,0.319605274298771
-1,-0.5,-0.2,0.25,0.7,0.3,-0.966024048415518,-0.526899353155156,-0.257891134398348,0.0264757043399213,0.753784322491543,0.93263744768132,NA,NA,NA,NA,NA,NA,0.129144170546251,0.093944663828752,0.0670885143084347,0.174221983766243,0.0741458098906081,0.645031916545231
-1,-0.5,-0.2,0.25,0.7,0.3,-1.0133718098772,-0.506745313285602,-0.198569347166943,0.306631638907242,0.74490748281812,0.533322658910757,NA,NA,NA,NA,NA,NA,0.110672883406979,0.0783181600235002,0.0553674289107531,0.16854589111539,0.0680254503884029,0.512991209794173
-1,-0.5,-0.2,0.25,0.7,0.3,-0.750108616776868,-0.738362795334548,-0.126807776846836,0.391527454245607,0.567531519914422,-0.0472642646399826,NA,NA,NA,NA,NA,NA,0.127703729172903,0.0977320959609887,0.0683322175067159,0.186795406543604,0.0788439780060851,0.363473931945
-1,-0.5,-0.2,0.25,0.7,0.3,-0.683550251824453,-0.690965958483398,-0.145999213789583,0.215453883526677,0.705053005362634,0.654423280940274,NA,NA,NA,NA,NA,NA,0.123659133530686,0.0930262876586898,0.0664638216301283,0.186375259093539,0.0820220372761673,0.562547890691424
-1,-0.5,-0.2,0.25,0.7,0.3,-0.982988325328329,-0.530583562182454,-0.266361514506122,0.451876873004709,0.633108231676223,-0.221380434875731,NA,NA,NA,NA,NA,NA,0.132888630270768,0.114470143674245,0.0628295520999127,0.179284613222205,0.0709926779151157,0.325884458019216
-1,-0.5,-0.2,0.25,0.7,0.3,-1.10052320291693,-0.498837959432437,-0.267294075624064,0.0291187161593549,0.710291738048359,1.01066692685046,NA,NA,NA,NA,NA,NA,0.121752343960218,0.101169579813676,0.0705862389963505,0.136772897607739,0.0754183098215467,0.509088288250209
-1,-0.5,-0.2,0.25,0.7,0.3,-1.1426344118121,-0.475866268082428,-0.210195844457901,0.278822493603283,0.761074848914451,0.241499207538194,NA,NA,NA,NA,NA,NA,0.122949472580093,0.108635883091606,0.0604469223798245,0.160128309709031,0.0731642492412103,0.372444447584673
-1,-0.5,-0.2,0.25,0.7,0.3,-0.945291683537344,-0.528797542628372,-0.314917149796951,0.219258292229167,0.612914587815465,0.571744479530754,NA,NA,NA,NA,NA,NA,0.112089276393208,0.0900786871046159,0.0681043810603671,0.145260820358971,0.0711902302425928,0.423445626668662
-1,-0.5,-0.2,0.25,0.7,0.3,-0.804687395043197,-0.580138029492521,-0.12143145878106,0.373070719134108,0.687952704370236,0.177807668569268,NA,NA,NA,NA,NA,NA,0.117910392702985,0.0933111313991288,0.0644698722603729,0.160720101964937,0.0784488235082041,0.347509680786549
-1,-0.5,-0.2,0.25,0.7,0.3,-1.07614779166458,-0.432198271578745,-0.319371778637578,0.376485966848033,0.680076479717404,0.177562609931162,NA,NA,NA,NA,NA,NA,0.118064472946888,0.0917026451534879,0.065953131646593,0.164353392433684,0.0799706662324977,0.381233922767978
-1,-0.5,-0.2,0.25,0.7,0.3,-0.848251702935121,-0.649436488928767,-0.185688251605274,0.294271534059778,0.768058646713412,0.326440860439077,NA,NA,NA,NA,NA,NA,0.121285493683501,0.0989488159762835,0.0678833819901093,0.176064097307867,0.0767706920424407,0.429991341434534
-1,-0.5,-0.2,0.25,0.7,0.3,-1.18222577487316,-0.325328213606359,-0.00996883193088545,0.330214983185671,0.726672962543603,0.11105620137432,NA,NA,NA,NA,NA,NA,0.121448792236167,0.100572608156082,0.0719647326960103,0.144803355403924,0.068848015330763,0.319902259679236
-1,-0.5,-0.2,0.25,0.7,0.3,-0.855348335429631,-0.567571152879539,-0.247847491524634,0.329604670272231,0.627511842811057,-0.0304359496170537,NA,NA,NA,NA,NA,NA,0.131808706412953,0.114958023308236,0.0784657850362587,0.17239356546214,0.0823236277413858,0.324726011567008
-1,-0.5,-0.2,0.25,0.7,0.3,-1.12392093795837,-0.550825185442495,-0.105292214936447,-0.131336647732438,0.741438406594532,4.07616795606607,NA,NA,NA,NA,NA,NA,0.114768255273127,0.100819002083043,0.0626334740438849,0.0936413785171103,0.0744426839257283,5.55472288496979
-1,-0.5,-0.2,0.25,0.7,0.3,4.14946368860293,-5.99040371814826,-5.60176740071859,-1.65092391944347,0.447342419084224,0.0256208433478181,NA,NA,NA,NA,NA,NA,NA,NA,NA,NA,NA,NA
-1,-0.5,-0.2,0.25,0.7,0.3,-0.751856118994108,-0.68359618731138,-0.167824081185723,0.0621141854824336,0.756256215200236,0.488250479622596,NA,NA,NA,NA,NA,NA,0.135503320081518,0.100454913998584,0.064234276661374,0.160063993333006,0.0751161347266844,0.413473758323734
-1,-0.5,-0.2,0.25,0.7,0.3,-0.913789556378037,-0.656379669603881,-0.328805790850473,-0.158116610388572,0.797930283844588,2.21248202693611,NA,NA,NA,NA,NA,NA,0.135318127200019,0.117678134511053,0.0577522876920541,0.136057094553665,0.0811828662101449,1.44231679820263
-1,-0.5,-0.2,0.25,0.7,0.3,-1.01979782788332,-0.41282064928895,-0.205158869797902,0.232166143539588,0.844726605714864,0.481853213573381,NA,NA,NA,NA,NA,NA,0.114471431684388,0.0811670400151487,0.0564473427783688,0.141242159777686,0.0771150886601222,0.385273869539746
-1,-0.5,-0.2,0.25,0.7,0.3,-1.10786764350623,-0.405330103241284,-0.192730462703745,0.143953202324536,0.702998309419567,0.493643326259326,NA,NA,NA,NA,NA,NA,0.134961433640311,0.104246758356474,0.0767113143896051,0.171588318524136,0.0780015765653245,0.460896277065076
-1,-0.5,-0.2,0.25,0.7,0.3,-0.985557701692894,-0.459766280731421,-0.26612311247589,0.043229152323278,0.90941262238194,0.89205097721776,NA,NA,NA,NA,NA,NA,0.136313289975683,0.0924838457117036,0.0588980532314273,0.188509284730459,0.0807018925092089,0.690983088556335
-1,-0.5,-0.2,0.25,0.7,0.3,-1.02192364849565,-0.430875919458176,-0.277533343952573,0.12785891268549,0.879492986614945,0.986249422756068,NA,NA,NA,NA,NA,NA,0.116235389933596,0.0887706973096628,0.0512238379064844,0.152318271208257,0.0745962715642527,0.591756535167998
-1,-0.5,-0.2,0.25,0.7,0.3,-0.88060044682316,-0.591452004978688,-0.247454988475757,0.191430220614986,0.682182112645733,0.483602761367911,NA,NA,NA,NA,NA,NA,0.127786090572508,0.100789555184849,0.0667177739332458,0.16082166035853,0.0761336456584506,0.436748369890529
-1,-0.5,-0.2,0.25,0.7,0.3,-0.940184931494987,-0.545494084015123,-0.132947458335419,0.0935432452174402,0.731078158129675,0.644858846026989,NA,NA,NA,NA,NA,NA,0.133792079691358,0.104560960735548,0.0675903771843777,0.180628657614685,0.0762929503936284,0.543518142049498
-1,-0.5,-0.2,0.25,0.7,0.3,-0.918663285992134,-0.415850452078896,-0.263111112717476,0.292983931372667,0.634149178698618,0.500835677168687,NA,NA,NA,NA,NA,NA,0.114478814773474,0.0982171794608452,0.0719396946615131,0.157121933813442,0.0771025243928046,0.46033031895047
-1,-0.5,-0.2,0.25,0.7,0.3,-1.0253093752656,-0.540243340325134,-0.286055755023621,0.245229286874987,0.640076926053847,0.316600911285462,NA,NA,NA,NA,NA,NA,0.127574550416778,0.102947603697478,0.0723965485625915,0.169640167948485,0.0710915396006012,0.43675815213872
-1,-0.5,-0.2,0.25,0.7,0.3,-0.731529814358592,-0.710672663933642,-0.120644486898769,0.498260986719092,0.654891687045729,-0.0724343884851482,NA,NA,NA,NA,NA,NA,0.122586638934217,0.103945685581227,0.0587375375584899,0.178309136799384,0.0772750089455829,0.347921197305941
-1,-0.5,-0.2,0.25,0.7,0.3,-0.765062271690879,-0.66314132568126,-0.0807045461453721,0.13345533621719,0.74699906059633,0.849058197040364,NA,NA,NA,NA,NA,NA,0.119541130058104,0.0930741558408116,0.0635575045491035,0.19346942505554,0.0754291561208249,0.6788750797353
-1,-0.5,-0.2,0.25,0.7,0.3,-0.888883960148277,-0.60584304705157,-0.0776793429232757,0.329342403610747,0.751295303919015,0.380888856623287,NA,NA,NA,NA,NA,NA,0.114823355930587,0.0883930832563057,0.0553549112580841,0.158530629103159,0.0758190523572674,0.393930968469511
-1,-0.5,-0.2,0.25,0.7,0.3,-1.00987462934258,-0.523930105351006,-0.218421080249277,0.442328972538788,0.636564186999468,-0.0553533531325528,NA,NA,NA,NA,NA,NA,0.123095755129226,0.0988100566831773,0.0740163433906779,0.177938657373949,0.0723929268189676,0.355809159410139
-1,-0.5,-0.2,0.25,0.7,0.3,-0.974452820899047,-0.580225176577152,-0.202422642265193,0.327079015777387,0.653583183252581,0.405305653381545,NA,NA,NA,NA,NA,NA,0.109913487302009,0.0966644303053386,0.0633124381498461,0.140707705732983,0.0706480255823759,0.353922528346487
-1,-0.5,-0.2,0.25,0.7,0.3,-0.833174841758235,-0.562572553375884,-0.197173393566881,0.0927945280404028,0.660859785932526,0.694673015356773,NA,NA,NA,NA,NA,NA,0.137513420967373,0.114412527611313,0.0739958267564919,0.197725339164695,0.0815610231859463,0.659430675977428
-1,-0.5,-0.2,0.25,0.7,0.3,-0.944432454669837,-0.518630468903794,-0.195582922801284,0.586758422758509,0.76965933105325,-0.224709909958415,NA,NA,NA,NA,NA,NA,0.120654202486449,0.0979084546516918,0.0461768638636793,0.157092104789209,0.0792549922972573,0.284231237873223
-1,-0.5,-0.2,0.25,0.7,0.3,-0.951033167446464,-0.488877965439635,-0.137101718581243,0.271867866330987,0.784071600545529,0.62536562324291,NA,NA,NA,NA,NA,NA,0.115729304620628,0.0991926165933423,0.0537723869624377,0.147633982517538,0.0833412652351256,0.426301484401696
-1,-0.5,-0.2,0.25,0.7,0.3,-0.890467520098186,-0.600779171565713,-0.238462232952384,0.185351821566643,0.650682949101375,0.315247638109357,NA,NA,NA,NA,NA,NA,0.138073466448798,0.123947131950475,0.075560796766279,0.178664355069316,0.0835028204854858,0.423114229254287
-1,-0.5,-0.2,0.25,0.7,0.3,-1.13894032176748,-0.358605497621767,-0.261884801448124,0.365324348138722,0.683277811774153,-0.100051795246855,NA,NA,NA,NA,NA,NA,0.133360101451168,0.11649131751009,0.0777267116504284,0.184939613129464,0.0769984638066942,0.357641875965347
-1,-0.5,-0.2,0.25,0.7,0.3,-1.02253159466552,-0.446740565054857,-0.284122730349639,0.203862074941178,0.792590789232771,0.271736911504415,NA,NA,NA,NA,NA,NA,0.134244335662779,0.108923040180723,0.0630542529244791,0.167584922042538,0.0752366999278591,0.39253666612128
-1,-0.5,-0.2,0.25,0.7,0.3,-1.01226577186292,-0.435928595562156,-0.138794547758038,0.11390947195313,0.704925527821213,1.03947102268486,NA,NA,NA,NA,NA,NA,0.113426773595342,0.0994534829223053,0.0715928475523321,0.147495232845155,0.0704048963880482,0.598636128049729
-1,-0.5,-0.2,0.25,0.7,0.3,-1.20403060438247,-0.372657966119586,-0.144040858150974,0.125385512640956,0.75437344170802,0.302464798906088,NA,NA,NA,NA,NA,NA,0.14934462877629,0.122103492885546,0.0597907091937155,0.170336267906382,0.0789932625572106,0.413538057029781
-1,-0.5,-0.2,0.25,0.7,0.3,-1.15789174605188,-0.392542080489343,-0.270498455390115,0.119088191360469,0.711999053229923,0.756638173631479,NA,NA,NA,NA,NA,NA,0.123203247785129,0.107716985170172,0.0712408301220992,0.154115203047424,0.0747090493479507,0.500848019822203
-1,-0.5,-0.2,0.25,0.7,0.3,-1.05680453153969,-0.406295744880632,-0.260229652966993,0.485415617216998,0.718298428777676,0.372757663446949,NA,NA,NA,NA,NA,NA,0.09895896623272,0.0790323785293683,0.0477951063098839,0.137941836736369,0.0744633463600945,0.344590014914084
-1,-0.5,-0.2,0.25,0.7,0.3,-1.00859307702105,-0.508143209061061,-0.203219564317904,0.231671936694958,0.680299808120791,0.150859910891882,NA,NA,NA,NA,NA,NA,0.143078597473684,0.121120067616021,0.0739705768299695,0.178327370346549,0.0823585537321024,0.397142328973482
-1,-0.5,-0.2,0.25,0.7,0.3,-1.05489269442444,-0.460916460534716,-0.259274708844305,0.0542212370324713,0.647522408947356,0.897015855492657,NA,NA,NA,NA,NA,NA,0.123821815436925,0.0981722642398227,0.0672324684459279,0.138705758122556,0.0741846670531477,0.498016975213326
-1,-0.5,-0.2,0.25,0.7,0.3,-1.12208315182524,-0.368358508802577,-0.164717068912961,0.149416601003894,0.828398732185122,0.391353257954403,NA,NA,NA,NA,NA,NA,0.137114517281794,0.111478319906805,0.0600631119984351,0.158066133972255,0.0762156870515341,0.394781350773263
-1,-0.5,-0.2,0.25,0.7,0.3,-0.958179545011053,-0.520451339792716,-0.227853170658724,0.475361176671892,0.751233912451832,-0.212551494294948,NA,NA,NA,NA,NA,NA,0.127212396057798,0.107561819486982,0.0643571871164131,0.172608299043016,0.0766530236793401,0.301446588436269
-1,-0.5,-0.2,0.25,0.7,0.3,-0.985893202677762,-0.577138768310406,-0.216348948430948,0.22930939535221,0.687928386195012,0.161708978349821,NA,NA,NA,NA,NA,NA,0.138995403331626,0.119521439150293,0.0830609289963872,0.179770160917265,0.0805988283669523,0.394203643481804
-1,-0.5,-0.2,0.25,0.7,0.3,-0.885905503313701,-0.538381060239055,-0.0982664788886437,0.210962480163541,0.813679316952544,0.443004176829626,NA,NA,NA,NA,NA,NA,0.133431572076927,0.0967334567040268,0.0522733350996487,0.194987696169803,0.0816453203801771,0.503755176466278
-1,-0.5,-0.2,0.25,0.7,0.3,-0.94046321297253,-0.527358516738594,-0.190349827184461,0.393735929596158,0.668670406569228,0.114880821177995,NA,NA,NA,NA,NA,NA,0.114554745462379,0.0949073123448083,0.0708778695832434,0.16357866408365,0.0770133361822125,0.347802010970274
-1,-0.5,-0.2,0.25,0.7,0.3,-0.886042461523869,-0.604103925501185,-0.13194547962979,0.382859777254831,0.785148517003183,0.0113594215102724,NA,NA,NA,NA,NA,NA,0.124684368053274,0.0961263624098853,0.0603365871365098,0.181920358863797,0.0756066871644608,0.366725792040524
-1,-0.5,-0.2,0.25,0.7,0.3,-0.945669589482848,-0.526926397088411,-0.12028552397541,0.412137889109377,0.791242294123204,0.126629564988184,NA,NA,NA,NA,NA,NA,0.119276166094871,0.0965525821597079,0.0575880468854482,0.149318039349627,0.078272909169047,0.326499722575211
-1,-0.5,-0.2,0.25,0.7,0.3,-0.966177524322185,-0.487336965455621,-0.177821634673408,0.35944425622626,0.840798720120329,0.199795525319238,NA,NA,NA,NA,NA,NA,0.118067527010605,0.0906498844173982,0.0470434823552176,0.154340083131794,0.0748475095611448,0.353352187405895
-1,-0.5,-0.2,0.25,0.7,0.3,-0.835285296613443,-0.625476671287944,-0.170729356311152,0.208468175980373,0.771278489266507,0.770244478073326,NA,NA,NA,NA,NA,NA,0.117963423306553,0.0932353827251322,0.0466734553985407,0.16354788595001,0.0763722131213622,0.546560045684598
-1,-0.5,-0.2,0.25,0.7,0.3,-1.01189965408874,-0.452716101233603,-0.234343091955571,0.224467967781069,0.625025762542262,0.603080645724473,NA,NA,NA,NA,NA,NA,0.109836474316123,0.0935494162875709,0.0649241039373825,0.140339895230025,0.0676999297501653,0.422515257187452
-1,-0.5,-0.2,0.25,0.7,0.3,-0.973736777299729,-0.519206686984088,-0.1052660844052,0.143896231156055,0.721905686636233,0.501299926935635,NA,NA,NA,NA,NA,NA,0.134383065590135,0.108554318104575,0.0588184915408549,0.157643362615176,0.0782865704382757,0.444730872017626
-1,-0.5,-0.2,0.25,0.7,0.3,-0.760341752075399,-0.633426115523941,-0.204972596219041,0.582610305042237,0.68471738733766,-0.216070278605933,NA,NA,NA,NA,NA,NA,0.119271679890962,0.101072868221241,0.0561307756672801,0.17989941479117,0.0836840843974373,0.323799304001312
-1,-0.5,-0.2,0.25,0.7,0.3,-0.798820221726627,-0.61689320958665,-0.333668535886977,0.234812011625059,0.675469525302183,0.621613558000869,NA,NA,NA,NA,NA,NA,0.115447930072184,0.0931202097503979,0.0733102448780772,0.142761814919273,0.0842784668611851,0.413302184516349
-1,-0.5,-0.2,0.25,0.7,0.3,-1.05541943725724,-0.463862336168737,-0.263034058133472,0.205854921157209,0.742422251737631,0.375955935570338,NA,NA,NA,NA,NA,NA,0.13223365302149,0.0953391169212373,0.0626833109497948,0.15549736119661,0.0861232455701838,0.383184739411519
-1,-0.5,-0.2,0.25,0.7,0.3,-0.86146512205155,-0.691319966678361,-0.0794681620249379,0.36481669371066,0.65570286291613,0.238640477346361,NA,NA,NA,NA,NA,NA,0.11998261577945,0.111037389650913,0.0642220881075959,0.17070063961106,0.0775334581238596,0.389323727842228
-1,-0.5,-0.2,0.25,0.7,0.3,-0.976475548044434,-0.499162414133323,-0.177460928359565,0.0394777656359524,0.877932780388386,1.43402328832243,NA,NA,NA,NA,NA,NA,0.129799996826512,0.114999197963382,0.0514441095360827,0.152196666273575,0.0885201647308892,0.848128788425931
-1,-0.5,-0.2,0.25,0.7,0.3,-0.959850350174739,-0.521881887212932,-0.20462611091338,0.365166389498156,0.69849496567659,0.0791743141640268,NA,NA,NA,NA,NA,NA,0.118539405547821,0.0966337830220487,0.0639453680781676,0.145091695852514,0.072351909391587,0.30766861213469
-1,-0.5,-0.2,0.25,0.7,0.3,-0.928906088271701,-0.521076344330596,-0.0489952970797019,0.369980204905359,0.752612578898794,0.260197802627822,NA,NA,NA,NA,NA,NA,0.113764398461324,0.0885698557388833,0.0555113278727718,0.141682809873668,0.077954437524753,0.324526247794738
-1,-0.5,-0.2,0.25,0.7,0.3,-1.20212712707919,-0.379648642352988,-0.122753489272308,-0.0446666650240084,0.697502541782504,0.931616975161418,NA,NA,NA,NA,NA,NA,0.134281156871664,0.104747917789272,0.0754750951311141,0.141381255745613,0.0758182005751025,0.498050058379852
-1,-0.5,-0.2,0.25,0.7,0.3,-1.06885454078882,-0.5341784902668,-0.120917579039714,0.243128896983937,0.5880327768725,0.287983947810001,NA,NA,NA,NA,NA,NA,0.123555149407012,0.0939824370554189,0.0684090851102328,0.166739606984673,0.0760827400198855,0.395784770737823
-1,-0.5,-0.2,0.25,0.7,0.3,-0.844530118545578,-0.592009834675946,-0.252981340672727,0.171457762208081,0.743414454450582,0.332486526765559,NA,NA,NA,NA,NA,NA,0.139165830624925,0.105271524009055,0.0611675993705757,0.169513934584436,0.0794118641204902,0.402415468182993
-1,-0.5,-0.2,0.25,0.7,0.3,-0.903503221473809,-0.53216178665111,-0.241446081781844,0.467812030800583,0.64444032655359,-0.0348951473455161,NA,NA,NA,NA,NA,NA,0.116224588587651,0.0857944417958207,0.0610771972514783,0.189753451773008,0.072245828125864,0.37516713602745
-1,-0.5,-0.2,0.25,0.7,0.3,-1.01506512377425,-0.58408572315928,-0.168483024871221,0.504821331837081,0.525992562254571,-0.315431137571538,NA,NA,NA,NA,NA,NA,0.133143715285921,0.116258264353088,0.0775053388236713,0.201627754381675,0.0814024494307229,0.363935911650203
-1,-0.5,-0.2,0.25,0.7,0.3,-0.675843492937214,-0.787330202445017,-0.0769255790046433,0.480373472987594,0.516750679240173,0.0688469583483902,NA,NA,NA,NA,NA,NA,0.104843092528853,0.0938195005031022,0.0672049353310508,0.151305338271731,0.0704823917029375,0.317328646678202
-1,-0.5,-0.2,0.25,0.7,0.3,-1.1434802771957,-0.374164243821601,-0.258553240607198,0.187092624741605,0.823835992026559,0.672561089710402,NA,NA,NA,NA,NA,NA,0.120033388457405,0.107180123361437,0.0636498025051112,0.144125081592541,0.0738664449119403,0.444728492614967
-1,-0.5,-0.2,0.25,0.7,0.3,-0.889787729675506,-0.516788460633108,-0.182368846957123,0.287336698106965,0.718483815389634,0.146610451197015,NA,NA,NA,NA,NA,NA,0.132397866473947,0.0997049021000394,0.0600985012482662,0.191949853816661,0.0727421218803469,0.42303243757078
-1,-0.5,-0.2,0.25,0.7,0.3,-1.01100995026557,-0.544990171638721,-0.167722661900305,0.0456761889362396,0.63745215111453,0.8101181450702,NA,NA,NA,NA,NA,NA,0.13454810782374,0.0990922115514579,0.0727355776386057,0.185173969062439,0.0755568682720973,0.654973655392285
-1,-0.5,-0.2,0.25,0.7,0.3,-0.911698214718868,-0.644996663357417,-0.162737574166074,0.133664929563685,0.649508717317031,0.821267877382391,NA,NA,NA,NA,NA,NA,0.119889678456627,0.102147112896481,0.06518494597822,0.150298025253862,0.0712969079974569,0.537107345982862
-1,-0.5,-0.2,0.25,0.7,0.3,-1.14222006323668,-0.362504708079058,-0.113091054374177,0.275733049496158,0.688524921942262,0.0784263772638526,NA,NA,NA,NA,NA,NA,0.136534395586156,0.112860395393485,0.0746053621407475,0.186671507698541,0.0727366620833919,0.412723400905864
-1,-0.5,-0.2,0.25,0.7,0.3,-0.98132172205256,-0.464622384636373,-0.0440479646870358,0.267477453226731,0.630132803408185,0.146381801289054,NA,NA,NA,NA,NA,NA,0.123873585497917,0.0922065700155353,0.0710624754568606,0.169969477535407,0.06809089341771,0.372691674353127
-1,-0.5,-0.2,0.25,0.7,0.3,-0.91355095980894,-0.551339253133858,-0.123272669402711,0.47171848463217,0.689888994349758,-0.246067283725989,NA,NA,NA,NA,NA,NA,0.131716141843377,0.0985042387389016,0.0605917101445169,0.187131246694615,0.0781869312583248,0.324766130037677
-1,-0.5,-0.2,0.25,0.7,0.3,-0.848593596179309,-0.648724354481851,-0.179842626916837,0.22515423002983,0.559990172247014,0.597440028820797,NA,NA,NA,NA,NA,NA,0.112654953706885,0.0960478383028878,0.0714309607776589,0.136787019675188,0.0744180046266234,0.393570855310243
-1,-0.5,-0.2,0.25,0.7,0.3,-0.966015104654559,-0.499778378963397,-0.0842824902605155,0.208874730143846,0.675089696659419,0.261442828548417,NA,NA,NA,NA,NA,NA,0.13337289405042,0.106290706918789,0.0708401817157061,0.167321574231526,0.0754781110252322,0.39219855232923
-1,-0.5,-0.2,0.25,0.7,0.3,-1.19297854350803,-0.338597295762997,-0.240736650578419,0.320655115434301,0.597807719808955,0.0107571835325985,NA,NA,NA,NA,NA,NA,0.127802958139652,0.112022452203389,0.0821585797714612,0.162307430267511,0.0687244423105464,0.341966921563045
-1,-0.5,-0.2,0.25,0.7,0.3,-1.04997369130628,-0.469385344425065,-0.362793216411311,0.0602177041974827,0.700659893962148,1.48332787040356,NA,NA,NA,NA,NA,NA,0.108619192449691,0.0781171353001351,0.0551422051911824,0.133391386017505,0.0757314806046643,0.787013607281039
-1,-0.5,-0.2,0.25,0.7,0.3,-0.97678979977683,-0.539294438481191,-0.170715159720039,0.320292693080971,0.715456030067743,0.181395272494664,NA,NA,NA,NA,NA,NA,0.122249757572942,0.101244010765059,0.0682176092431536,0.173650744185758,0.0752688706686968,0.393149841424225
-1,-0.5,-0.2,0.25,0.7,0.3,-1.11426293932043,-0.386648437421719,-0.161611294571432,0.075381316500295,0.680610040200757,0.508796046268629,NA,NA,NA,NA,NA,NA,0.139034481956749,0.106378720621654,0.0800711182122328,0.163325706381034,0.0767431042581434,0.438960175702302
-1,-0.5,-0.2,0.25,0.7,0.3,-1.15163158679023,-0.442864805443733,-0.252351805323469,0.134411912835551,0.652440755767115,0.367349475390685,NA,NA,NA,NA,NA,NA,0.130052178821032,0.109877437681949,0.0722600782305383,0.150040516704615,0.0734257278809979,0.382748973262018
-1,-0.5,-0.2,0.25,0.7,0.3,-1.15692706326401,-0.394108099863179,-0.229701095328645,0.052474141058122,0.734499277399148,0.938841884917739,NA,NA,NA,NA,NA,NA,0.12818901615197,0.10153443062119,0.0711651793902061,0.158710766375794,0.0709728267119076,0.620759918662684
-1,-0.5,-0.2,0.25,0.7,0.3,-1.21676016909289,-0.215209880873757,-0.203380436359885,0.391573803621948,0.795197605415788,-0.240310500708979,NA,NA,NA,NA,NA,NA,0.148529048134279,0.118159706189281,0.0670229025178102,0.173533090029672,0.0839669271403386,0.310056411220962
-1,-0.5,-0.2,0.25,0.7,0.3,-1.14571231864657,-0.456388693700503,-0.197019530111045,0.370730609488512,0.655653114388104,-0.0814258771597626,NA,NA,NA,NA,NA,NA,0.132254680404177,0.119550913169966,0.0822612662812841,0.170037068522375,0.0763933777264516,0.334066005421176
-1,-0.5,-0.2,0.25,0.7,0.3,-0.805838042195542,-0.691624628593803,-0.214941232587512,0.0758863137374727,0.674066702692874,0.525193192327677,NA,NA,NA,NA,NA,NA,0.144601877451919,0.115994952584201,0.0693137882168776,0.198639698396459,0.0887252169723077,0.530124873179652
-1,-0.5,-0.2,0.25,0.7,0.3,-0.835000696666273,-0.61935394404663,-0.250411562493364,0.397399474311452,0.783302940716805,0.210929958400424,NA,NA,NA,NA,NA,NA,0.117437765704142,0.099387424093001,0.0526243646224255,0.163509842381105,0.0791572620104122,0.363155838358559
-1,-0.5,-0.2,0.25,0.7,0.3,-1.01173230388601,-0.481197777693819,-0.0892342767917573,0.27201810599326,0.660178999811434,0.174398092746189,NA,NA,NA,NA,NA,NA,0.129769557934606,0.100806375538789,0.0618875104100501,0.172314840240027,0.0746577241389611,0.399498347037798
-1,-0.5,-0.2,0.25,0.7,0.3,-0.95846216877096,-0.490380808784672,-0.178797777925429,0.446290493904426,0.641075406003429,0.0400830367937452,NA,NA,NA,NA,NA,NA,0.115550094925267,0.0951595145838193,0.0596861708481532,0.149281288547983,0.0715619390257365,0.322237581459274
-1,-0.5,-0.2,0.25,0.7,0.3,-1.02423867825973,-0.524549176205497,-0.145870171771186,0.33382364722771,0.678369295313695,0.275157294925268,NA,NA,NA,NA,NA,NA,0.112871659083139,0.0889762286973056,0.0658883218352554,0.148067446059743,0.0718255421026842,0.356571318437953
-1,-0.5,-0.2,0.25,0.7,0.3,-0.75055341346661,-0.675719779948317,-0.201716833115696,0.377227975378459,0.67012908894199,0.127135245348582,NA,NA,NA,NA,NA,NA,0.121943401241109,0.096810559972653,0.061616679560558,0.173740848206356,0.0758927835059107,0.381659655954283
-1,-0.5,-0.2,0.25,0.7,0.3,-1.09205695364414,-0.486345891751579,-0.292876732992002,-0.185481295204615,0.78483055051265,1.77266926038989,NA,NA,NA,NA,NA,NA,0.135730175963717,0.0887465912625656,0.0562741550200094,0.171522136321736,0.0745710830282807,1.36831430104402
-1,-0.5,-0.2,0.25,0.7,0.3,-0.848802903131529,-0.571773538999218,-0.0973674422250318,0.0831000693875645,0.689700410288509,0.591486409182855,NA,NA,NA,NA,NA,NA,0.133491055256088,0.0978026872259353,0.0741002387177003,0.172829227623604,0.0792481685841023,0.49343319090609
-1,-0.5,-0.2,0.25,0.7,0.3,-0.952054968753887,-0.49708259246905,-0.251342104929854,-0.107124015922334,0.874940457329217,1.17262280392602,NA,NA,NA,NA,NA,NA,0.148036089913664,0.115331654408974,0.0650248100925532,0.185872094599241,0.0844374500618304,0.828327419367147
-1,-0.5,-0.2,0.25,0.7,0.3,-0.870013953010307,-0.487090709299143,-0.215375196745239,0.31659240557866,0.755732643714482,0.102437288207,NA,NA,NA,NA,NA,NA,0.128075395207458,0.109208067878916,0.0601818972780138,0.178820580147853,0.0724633873765104,0.382506151639346
-1,-0.5,-0.2,0.25,0.7,0.3,-1.03105699932573,-0.500884520833141,-0.221603414809749,0.283771770531907,0.748542693403568,0.163627963729986,NA,NA,NA,NA,NA,NA,0.131895194321172,0.10019358861019,0.069363043136855,0.155929146935987,0.0759418183963095,0.339936554999601
-1,-0.5,-0.2,0.25,0.7,0.3,-0.582244234033446,-0.693900599493926,-0.215492677729339,0.270723454419646,0.790528775673185,0.287190033566701,NA,NA,NA,NA,NA,NA,0.138457077962339,0.0969036737597034,0.0602733057719099,0.205643167273754,0.0856185971280008,0.471076288844601
-1,-0.5,-0.2,0.25,0.7,0.3,-0.946445927417731,-0.409641430849621,-0.12846744754939,0.0230747888396224,0.777378698916746,1.24875955475243,NA,NA,NA,NA,NA,NA,0.130687846258938,0.108676349368487,0.0572924293755646,0.159814038132499,0.0784630905554209,0.8092531073397
-1,-0.5,-0.2,0.25,0.7,0.3,-0.869709983155779,-0.46858050032339,-0.373212650926587,0.456450983954074,0.788598895113739,-0.113268322128731,NA,NA,NA,NA,NA,NA,0.130661475665629,0.103420434524896,0.061268916525453,0.198500104451482,0.0838896227029215,0.383403765438287
-1,-0.5,-0.2,0.25,0.7,0.3,-0.962832221779763,-0.465048607566737,-0.126588589525047,0.303135691767361,0.734477469517734,0.405844778282347,NA,NA,NA,NA,NA,NA,0.11651594044718,0.0914332413731079,0.0687996477548268,0.16644269464603,0.0748672975031235,0.447508808683663
-1,-0.5,-0.2,0.25,0.7,0.3,-0.891686935240505,-0.539685493043407,-0.209122537136613,0.35632290311934,0.664059502254243,0.190485439856872,NA,NA,NA,NA,NA,NA,0.12683383646858,0.100802701854645,0.064021176050488,0.199756491379402,0.081270824549647,0.453851453388692
-1,-0.5,-0.2,0.25,0.7,0.3,-0.870916781115228,-0.499985210887572,-0.189771867364329,0.199444760351933,0.82899330214694,0.894253902385707,NA,NA,NA,NA,NA,NA,0.122058755225313,0.0960340500434064,0.0479929108675997,0.183837717167489,0.0809982057020268,0.700185967395536
-1,-0.5,-0.2,0.25,0.7,0.3,-0.820766628848827,-0.603507901712716,-0.258763128844266,0.302725020980903,0.560734572649754,0.557929330255515,NA,NA,NA,NA,NA,NA,0.105727839138738,0.0856085802983688,0.0618600140071015,0.16212643547276,0.0703381901882887,0.47824708190432
-1,-0.5,-0.2,0.25,0.7,0.3,-0.898063070225896,-0.51556355127707,-0.18288466122742,0.288275359789612,0.830558911230786,0.217767012901243,NA,NA,NA,NA,NA,NA,0.136874677097706,0.112358681863828,0.0610698579432355,0.196473783021055,0.0844408814447713,0.449130793799484
-1,-0.5,-0.2,0.25,0.7,0.3,-1.05079259704652,-0.549876832315806,-0.164400693159447,-0.143985434806806,0.715602853355294,2.13286749496986,NA,NA,NA,NA,NA,NA,0.126856235577593,0.104554442087148,0.0639182688514887,0.143488195499918,0.0721779467869172,1.53115291506318
-1,-0.5,-0.2,0.25,0.7,0.3,-1.1271138419895,-0.372421394549165,-0.272122597549066,-0.0781463804055116,0.668412773466087,1.67704640393947,NA,NA,NA,NA,NA,NA,0.129504727214987,0.104323877935214,0.0708761011234949,0.162428963651099,0.0708414072740347,1.17691241439379
-1,-0.5,-0.2,0.25,0.7,0.3,-1.09268578139524,-0.485914530389937,-0.169136444704918,0.114497148971744,0.760612162347038,0.231043678646452,NA,NA,NA,NA,NA,NA,0.146835717394267,0.108910320386322,0.0617186567628415,0.167071821016599,0.0806383026507072,0.38930142302357
-1,-0.5,-0.2,0.25,0.7,0.3,-1.00922758186966,-0.473793217045101,-0.188735386552254,0.11854635197289,0.684762732696718,0.788381999560162,NA,NA,NA,NA,NA,NA,0.118642603870443,0.0951692667261825,0.0619179481182395,0.136052078362221,0.0735194033237438,0.438589370455161
-1,-0.5,-0.2,0.25,0.7,0.3,-0.820961415313658,-0.666673630017335,-0.206086535988184,0.410084249029462,0.553053658566312,-0.00305231101233694,NA,NA,NA,NA,NA,NA,0.121475115482517,0.0984071278887921,0.073025677866893,0.191401669229437,0.0740932160551766,0.376186503105787
-1,-0.5,-0.2,0.25,0.7,0.3,-1.07760662285886,-0.566314497163258,-0.247996772958103,-0.0596170803449402,0.72648375337228,1.03935380730956,NA,NA,NA,NA,NA,NA,0.138050535719241,0.106692417917626,0.0725378950132493,0.153719040571495,0.0781390869118597,0.622724616690889
-1,-0.5,-0.2,0.25,0.7,0.3,-0.839577236431549,-0.551913145274704,-0.253993673576743,0.373558950338228,0.666989825391634,0.203596222021548,NA,NA,NA,NA,NA,NA,0.123138969407405,0.0990227343645502,0.0648732323599753,0.184898368701746,0.0779912419963296,0.438233849278509
-1,-0.5,-0.2,0.25,0.7,0.3,-0.937745705077048,-0.413953480918937,-0.255288359188942,0.188882191820866,0.812355910352858,0.602241730744268,NA,NA,NA,NA,NA,NA,0.12538581152234,0.0966348182566711,0.0613017213033718,0.167182314329883,0.0797753200695564,0.492969724299211
-1,-0.5,-0.2,0.25,0.7,0.3,-1.18496300044774,-0.412265344080732,-0.221111586351309,0.19723921957068,0.669633228275485,0.578700354197102,NA,NA,NA,NA,NA,NA,0.122001767251528,0.0978458830752726,0.0685553014433115,0.166898443292636,0.0716440639481718,0.509043238336064
-1,-0.5,-0.2,0.25,0.7,0.3,-0.918434410116319,-0.433731273446093,-0.259975341711701,0.0386674851727525,0.774738068322123,0.886513351531574,NA,NA,NA,NA,NA,NA,0.1394100388969,0.107751768587938,0.0674393158398384,0.169297941703193,0.0747696439169774,0.626375948172065
-1,-0.5,-0.2,0.25,0.7,0.3,-1.11223530552117,-0.497761857414187,-0.209224800731044,0.0715117988751678,0.677423577374322,1.3100919142333,NA,NA,NA,NA,NA,NA,0.123780780695595,0.109421960091836,0.0581164543761428,0.165064083692729,0.0739225410588345,0.912666430142927
-1,-0.5,-0.2,0.25,0.7,0.3,-1.00019193186947,-0.450218593506237,-0.266719069323414,0.0696492831811051,0.737157713503046,0.649391455867776,NA,NA,NA,NA,NA,NA,0.140732661534531,0.119603527212104,0.0759416841347611,0.168245371988812,0.0829931938995722,0.486431255648059
-1,-0.5,-0.2,0.25,0.7,0.3,-1.01390791181873,-0.408285852601397,-0.176107452663814,0.0798609979874094,0.868122688500695,0.615225980798593,NA,NA,NA,NA,NA,NA,0.134155065895491,0.106440132567401,0.0755941855811215,0.17884699157923,0.0787372631586977,0.529141655287472
-1,-0.5,-0.2,0.25,0.7,0.3,-1.02895971704159,-0.524113473930052,-0.250023718758338,0.182945932707037,0.510179749461228,0.534728337790211,NA,NA,NA,NA,NA,NA,0.112730496465531,0.0944290436115413,0.0715455402649229,0.12687641655584,0.0711764796665756,0.342718088283598
-1,-0.5,-0.2,0.25,0.7,0.3,-0.874676241959395,-0.552566676485362,-0.152816333565658,0.316162763816731,0.838395090481259,0.371847013818251,NA,NA,NA,NA,NA,NA,0.120065935649507,0.095430086933386,0.0525371805302495,0.164654304292015,0.0781654729373053,0.425223934952848
-1,-0.5,-0.2,0.25,0.7,0.3,-0.765240781967144,-0.624063274055001,-0.170581165414349,0.450958933765323,0.727331815677309,-0.00238627326288686,NA,NA,NA,NA,NA,NA,0.113313872917001,0.0845845385529829,0.0582110748490843,0.187815620449203,0.0778452472772325,0.366815474434994
-1,-0.5,-0.2,0.25,0.7,0.3,-0.968604925290704,-0.503036207457141,-0.191356493071968,0.152156643805242,0.806499329739311,0.568996806734068,NA,NA,NA,NA,NA,NA,0.140221501014339,0.111455674821329,0.0581214490230662,0.20086527273363,0.0810120632641904,0.575028559318764
-1,-0.5,-0.2,0.25,0.7,0.3,-0.962282286373406,-0.437039649915714,-0.290100961998214,0.277247004425625,0.704289115629971,0.0278060763221678,NA,NA,NA,NA,NA,NA,0.142450499407733,0.110277567168444,0.0784598594184401,0.191946383639925,0.082144785810439,0.393494869454762
-1,-0.5,-0.2,0.25,0.7,0.3,-0.946619503869026,-0.51961194299349,-0.16676194667415,-0.109815995196895,0.829802459588911,1.3663510292902,NA,NA,NA,NA,NA,NA,0.157662409362622,0.118085928071595,0.0673456172556102,0.168625398117,0.0916477833679958,0.869310016723783
-1,-0.5,-0.2,0.25,0.7,0.3,-1.12535205942356,-0.421374807252906,-0.120118434067062,0.120589190465632,0.630575760611741,0.767165860043667,NA,NA,NA,NA,NA,NA,0.121129108587704,0.097880738691479,0.0705914806722538,0.139996332736534,0.0726885698059613,0.47437841544229
-1,-0.5,-0.2,0.25,0.7,0.3,-1.06222688582386,-0.484344286497467,-0.200832687887182,0.454838084400457,0.695251743559165,0.0749547519105028,NA,NA,NA,NA,NA,NA,0.111996206229205,0.0861862272440826,0.0603947805393774,0.164490514481092,0.0698554913956782,0.354617950504213
-1,-0.5,-0.2,0.25,0.7,0.3,-0.897422831023015,-0.573851740018565,-0.187018633108161,0.317049244098515,0.867982716777014,0.540839188728408,NA,NA,NA,NA,NA,NA,0.106750354942817,0.0831568373212185,0.0492249759096514,0.145260487811094,0.0776365149837466,0.392784244535537
-1,-0.5,-0.2,0.25,0.7,0.3,-0.91522316100354,-0.615207537225242,-0.236700653836662,0.328473288411824,0.757910358902424,0.355095546260077,NA,NA,NA,NA,NA,NA,0.119443917743277,0.0928145276989211,0.0575484278417294,0.17002318645445,0.0755832584215317,0.422704326034918
-1,-0.5,-0.2,0.25,0.7,0.3,-0.908431495440946,-0.614022511700977,-0.201266128083516,0.198203014615274,0.608745645577158,0.564861718022567,NA,NA,NA,NA,NA,NA,0.117113873235596,0.094063480696893,0.0672726738133619,0.16150846933538,0.0765393923652482,0.458678087316021
-1,-0.5,-0.2,0.25,0.7,0.3,-1.0707578434164,-0.461857578485227,-0.221349559183645,0.256583385367619,0.629220883465005,0.253016505733125,NA,NA,NA,NA,NA,NA,0.127421822965533,0.109786211786403,0.0788078095401659,0.178383311638607,0.070768358818429,0.430448409347689
-1,-0.5,-0.2,0.25,0.7,0.3,-1.02627346662036,-0.504337305417431,-0.265962893609154,0.232659629444119,0.701883539564422,0.371936207326188,NA,NA,NA,NA,NA,NA,0.124680092193465,0.100186311548026,0.0700236113422072,0.153119374894778,0.0738323447748659,0.383293516185695
-1,-0.5,-0.2,0.25,0.7,0.3,-1.06671661677955,-0.378318070748288,-0.164014123280649,0.227889657923482,0.696206105473325,0.40512827944781,NA,NA,NA,NA,NA,NA,0.128694647130409,0.104324972946276,0.0735355794383132,0.183245885135589,0.0787602405549786,0.483811352225598
-1,-0.5,-0.2,0.25,0.7,0.3,-0.724400298533773,-0.649222206199471,-0.110136143301756,0.577592399884051,0.661710313903378,-0.26566672644563,NA,NA,NA,NA,NA,NA,0.115960388893113,0.0966062798527734,0.0610448508922258,0.17932050339868,0.0742788724510481,0.31069528922501
-1,-0.5,-0.2,0.25,0.7,0.3,-0.944350956488502,-0.519713804982325,-0.190027211205582,0.324669458699854,0.696210968104226,-0.178382164462656,NA,NA,NA,NA,NA,NA,0.146499386173171,0.111750195774009,0.070285273891127,0.174919655978913,0.080765959812918,0.316617147581475
-1,-0.5,-0.2,0.25,0.7,0.3,-1.05078223758776,-0.356346048028288,-0.10230198966414,0.223782284741922,0.701696754657372,0.317426878625964,NA,NA,NA,NA,NA,NA,0.131218803632705,0.102626379932031,0.0602445758942758,0.1755816305406,0.0781277338912982,0.434225479356113
-1,-0.5,-0.2,0.25,0.7,0.3,-0.827669704363386,-0.647039591426479,-0.188544439289765,-0.0818891941295472,0.747232937953093,2.58145331146785,NA,NA,NA,NA,NA,NA,0.115589946485212,0.0864849756903982,0.0601319608365976,0.132736880787659,0.0848629890867533,1.87923872366033
-1,-0.5,-0.2,0.25,0.7,0.3,-1.03632605502198,-0.437186491489495,-0.330027340571754,0.246782768554701,0.839180000692697,0.0766188869951523,NA,NA,NA,NA,NA,NA,0.140317384665459,0.107450314038751,0.0641938412344016,0.193492048989758,0.0784895716559939,0.397582523922986
-1,-0.5,-0.2,0.25,0.7,0.3,-0.932442316008244,-0.48239148442891,-0.166824647571343,0.446868532325695,0.767619003046418,-0.363301581611275,NA,NA,NA,NA,NA,NA,0.148740393906145,0.125506323905891,0.0762975796032998,0.206390711098197,0.0842401268896842,0.338394516664882
-1,-0.5,-0.2,0.25,0.7,0.3,-0.922450327275873,-0.561449096853263,-0.081938455590234,0.325197091328796,0.546097059133873,0.205963632536094,NA,NA,NA,NA,NA,NA,0.117486712874872,0.100699508671343,0.0745749037658976,0.192580740947618,0.0730981054113362,0.443037835367278
-1,-0.5,-0.2,0.25,0.7,0.3,-0.762883307196963,-0.625443361538106,-0.238672956065382,0.449769948224448,0.69928782998646,0.00629539327794407,NA,NA,NA,NA,NA,NA,0.115759070009322,0.0807497894734642,0.0453469126650632,0.179835742573692,0.0780945710607052,0.366369246954494
-1,-0.5,-0.2,0.25,0.7,0.3,-1.16550533787117,-0.385533017180885,-0.173119536434909,-0.00340571012847717,0.818228879462083,0.742636659074487,NA,NA,NA,NA,NA,NA,0.151939969063909,0.115872449354516,0.0592478955165383,0.161394564019207,0.0833118206326312,0.540269057046378
-1,-0.5,-0.2,0.25,0.7,0.3,-0.887303635061583,-0.506198942206278,-0.224261067980723,0.719435211702762,0.628238722614598,-0.560542062612919,NA,NA,NA,NA,NA,NA,0.122802611048715,0.100304050547434,0.0746767996564346,0.202596945903283,0.0745261769614787,0.32577787029451
-1,-0.5,-0.2,0.25,0.7,0.3,-0.869985202363214,-0.604949083449137,-0.151648445661682,0.407824534130163,0.68119020238371,0.0246059587429995,NA,NA,NA,NA,NA,NA,0.119286363271815,0.091362157189822,0.0627530087805242,0.158385535188409,0.0760239417841566,0.33094798251169
-1,-0.5,-0.2,0.25,0.7,0.3,-0.99337558793907,-0.460679767004247,-0.206740760225491,0.448270765867452,0.587239570737648,-0.0228345313645,NA,NA,NA,NA,NA,NA,0.113753365454322,0.0905680835564427,0.0680076650315359,0.152559985319887,0.0710725207876603,0.310225014896407
-1,-0.5,-0.2,0.25,0.7,0.3,-0.9324835077938,-0.5624654123043,-0.251537967509641,0.296106446056797,0.587395468241484,-0.0346659453101901,NA,NA,NA,NA,NA,NA,0.139857599911273,0.126742928918202,0.0794357278447383,0.203239085332117,0.0803887666862575,0.392781535666055
-1,-0.5,-0.2,0.25,0.7,0.3,-1.05791038093454,-0.351758984629226,-0.213274579166779,0.383360423817203,0.708061628399003,-0.0496158276765985,NA,NA,NA,NA,NA,NA,0.130979213575241,0.112396156954822,0.0620274060241424,0.165631637267925,0.0760243942004545,0.323391665463321
-1,-0.5,-0.2,0.25,0.7,0.3,-0.914926943812589,-0.514941879380844,-0.150268621584055,0.142968110546808,0.687033054139308,0.587500132983395,NA,NA,NA,NA,NA,NA,0.140172316881333,0.114074791669811,0.0749906571078249,0.16710086381113,0.0872931489698697,0.490662470644217
-1,-0.5,-0.2,0.25,0.7,0.3,-1.11234223152952,-0.436718179440626,-0.160296374882072,0.198881462667724,0.67786643206459,0.747679961476733,NA,NA,NA,NA,NA,NA,0.118222212206074,0.0974374515439958,0.0578131065746814,0.14733663187119,0.0735929784280252,0.50003924794816
-1,-0.5,-0.2,0.25,0.7,0.3,-0.837401195408015,-0.581410878156011,-0.210417839424732,0.138100827826524,0.752293249080889,0.764008531676403,NA,NA,NA,NA,NA,NA,0.122755728293455,0.0937882172792858,0.0674656882629861,0.186377165131392,0.0733441960270271,0.629770411414397
-1,-0.5,-0.2,0.25,0.7,0.3,-0.88985551200392,-0.679586982697533,-0.129245235391449,0.089029064332973,0.745308889940298,0.472433686944392,NA,NA,NA,NA,NA,NA,0.141972772226789,0.12172994079955,0.0635995664347816,0.157651761202608,0.0788352925073289,0.416626101100334
-1,-0.5,-0.2,0.25,0.7,0.3,-1.00332404860739,-0.546412484014157,-0.127417893698765,0.215978824865027,0.619593951546747,0.428665643375613,NA,NA,NA,NA,NA,NA,0.118281627988592,0.0992037719122299,0.0762895234064922,0.153576971408742,0.0788257770522619,0.392930717494257
-1,-0.5,-0.2,0.25,0.7,0.3,-0.789204225964507,-0.609775114337526,-0.294916158292497,0.556158072942571,0.632555753185869,-0.280512779953472,NA,NA,NA,NA,NA,NA,0.119467306557851,0.0967326687329476,0.0658956623525485,0.187572368341935,0.067974465274838,0.340004176990143
-1,-0.5,-0.2,0.25,0.7,0.3,-0.923401701481538,-0.499514916073137,-0.213810108359994,0.104738027207867,0.621584774134734,1.13716555600661,NA,NA,NA,NA,NA,NA,0.110744371742558,0.090521213487154,0.066804140731069,0.15057460283585,0.075664332237646,0.665998626943153
-1,-0.5,-0.2,0.25,0.7,0.3,-0.995955754102596,-0.484781584537832,-0.174146647496491,0.236467761401856,0.731889655679972,0.0285064089364767,NA,NA,NA,NA,NA,NA,0.147190960154101,0.11679979572482,0.0662955742345773,0.177987285878522,0.0812291158619141,0.353304384446692
-1,-0.5,-0.2,0.25,0.7,0.3,-0.906992838863605,-0.525066767528697,-0.218002062105206,0.203451783326265,0.829079626266277,0.362246496017928,NA,NA,NA,NA,NA,NA,0.135486022604338,0.108269240273223,0.060445571840263,0.163288225217535,0.0823569377624446,0.406475223189949
-1,-0.5,-0.2,0.25,0.7,0.3,-0.8077424374276,-0.569660568959463,-0.250709896992467,0.480507060329752,0.491308171716682,-0.0798013625957709,NA,NA,NA,NA,NA,NA,0.114960009263653,0.0983357142853597,0.0709361762224311,0.175305094260396,0.0781357981518363,0.344336976289264
-1,-0.5,-0.2,0.25,0.7,0.3,-0.808186196182262,-0.589284561209943,-0.249474387036039,0.521301050960891,0.825212689454899,-0.291948249991552,NA,NA,NA,NA,NA,NA,0.130885566861446,0.0984693774238842,0.0422650583279939,0.178404873143865,0.0847894896314697,0.30121459736849
-1,-0.5,-0.2,0.25,0.7,0.3,-1.0751270467585,-0.445545113207562,-0.165721430028757,0.123390528530943,0.665317508394609,0.287536593697249,NA,NA,NA,NA,NA,NA,0.145425593240669,0.1212876422524,0.0726774011987324,0.187635509850482,0.0775471463892518,0.45095951463769
-1,-0.5,-0.2,0.25,0.7,0.3,-0.875458103073546,-0.616204259457636,-0.263343761929405,0.427704271203975,0.595002651887845,0.0754400231158763,NA,NA,NA,NA,NA,NA,0.113652765200012,0.0890130403683277,0.0634847267977311,0.160846508056465,0.0733280185497459,0.338286058628173
-1,-0.5,-0.2,0.25,0.7,0.3,-0.788698426848268,-0.73843713796429,-0.257223596159874,0.291633231070137,0.726232189430079,0.309789158422265,NA,NA,NA,NA,NA,NA,0.118483343540904,0.090918943033699,0.0642233563772889,0.197794172629032,0.0815450189789656,0.49444109488024
-1,-0.5,-0.2,0.25,0.7,0.3,-1.12134184852792,-0.446347881153771,-0.277692511338104,0.199130578213016,0.750316214804263,0.244373124315973,NA,NA,NA,NA,NA,NA,0.145006602608707,0.110904572345264,0.0558695424141038,0.193545090064924,0.08461996263741,0.454580843136797
-1,-0.5,-0.2,0.25,0.7,0.3,-1.16629191433773,-0.462058567321152,-0.247046240088247,-0.102585501440422,0.650966742343082,1.54693985576306,NA,NA,NA,NA,NA,NA,0.12944956157273,0.106236803755787,0.0656911646929856,0.148980034093812,0.0682675156751435,0.949491763673856
-1,-0.5,-0.2,0.25,0.7,0.3,-0.929470329536242,-0.470782619517165,-0.312726871155359,0.106377686750541,0.685354715449259,0.91008837893804,NA,NA,NA,NA,NA,NA,0.121493329958133,0.0979110062866321,0.0582794833476961,0.180785803045376,0.069202651762335,0.715023988412932
-1,-0.5,-0.2,0.25,0.7,0.3,-0.981987461542076,-0.410832737228171,-0.185930153625977,0.305609235961198,0.631272229224125,0.44834737848435,NA,NA,NA,NA,NA,NA,0.110905209826449,0.094686145968129,0.0647983489809887,0.161686601955002,0.0758841101982675,0.446792981957502
-1,-0.5,-0.2,0.25,0.7,0.3,-0.846097035784896,-0.567683544090604,-0.230494833200482,0.390934301428342,0.614358164693179,0.153867861810252,NA,NA,NA,NA,NA,NA,0.122271430767619,0.103142265781964,0.0751920921586318,0.18495017927023,0.0829289538734271,0.410028150984759
-1,-0.5,-0.2,0.25,0.7,0.3,-1.01700119415864,-0.520472918595329,-0.0936034667667264,0.381212471426807,0.686761670446566,0.283827704773306,NA,NA,NA,NA,NA,NA,0.109663664960198,0.0887621138632919,0.0609856901998422,0.153585958006135,0.0713756516030651,0.387601691162089
-1,-0.5,-0.2,0.25,0.7,0.3,-1.25835281922772,-0.337613279277934,-0.173444961366912,0.34717978591396,0.657848047118573,-0.0512719062708392,NA,NA,NA,NA,NA,NA,0.12712290028809,0.0988152771998213,0.0700591039167952,0.14540074744452,0.077906115456185,0.287692386763467
-1,-0.5,-0.2,0.25,0.7,0.3,-1.10315314870074,-0.367034861096522,-0.30864851019401,0.409250932541396,0.717525942200165,-0.126077147416074,NA,NA,NA,NA,NA,NA,0.132816720633143,0.114260319604414,0.0655850167700707,0.164499022502032,0.0748592641503836,0.321526665496051
-1,-0.5,-0.2,0.25,0.7,0.3,-0.97046250720883,-0.411575753072352,-0.306832658249872,0.449685001392198,0.684572035092379,-0.0932867845346001,NA,NA,NA,NA,NA,NA,0.127543319261347,0.107769653721582,0.0650568667506707,0.176300105703758,0.077485278198015,0.345929870033186
-1,-0.5,-0.2,0.25,0.7,0.3,-0.654384817665631,-0.759332011865162,-0.17598266985195,0.552094282256572,0.583845874003299,-0.326132019498592,NA,NA,NA,NA,NA,NA,0.127189325050863,0.106866251026607,0.0634942406192406,0.18070672605001,0.0841556207108501,0.302952941028749
-1,-0.5,-0.2,0.25,0.7,0.3,-1.00895186536992,-0.406710132973097,-0.152831225876497,0.144111189618205,0.827763221687444,0.588831470074352,NA,NA,NA,NA,NA,NA,0.124948947930238,0.106145884084355,0.0630988173590429,0.160757883875531,0.0730903924952285,0.482889962332347
-1,-0.5,-0.2,0.25,0.7,0.3,-0.926794797431343,-0.436160993662569,-0.190090455470387,0.563411526746439,0.748954203064071,-0.040631124793806,NA,NA,NA,NA,NA,NA,0.10993208907587,0.0916396738431627,0.0566891578776384,0.15557795438916,0.0765884286908721,0.298258022972705
-1,-0.5,-0.2,0.25,0.7,0.3,-0.801460234670663,-0.502458344580805,-0.297045963676417,0.227682588087591,0.683468606764212,1.64536909539171,NA,NA,NA,NA,NA,NA,0.0923061622689418,0.072176891506949,0.0533886897660981,0.112129276654875,0.0777386664354057,0.68750748530357
-1,-0.5,-0.2,0.25,0.7,0.3,-1.06329475751041,-0.369284083703729,-0.159290852794991,0.2184946323947,0.63814056287918,0.207009122467235,NA,NA,NA,NA,NA,NA,0.133524662363264,0.112618626221868,0.0655365942961985,0.173332340137973,0.0801921646266637,0.384649434960652
-1,-0.5,-0.2,0.25,0.7,0.3,-0.971929618666994,-0.452279994808459,-0.205397878755081,-0.0150662844080256,0.80697530399225,1.21085633074955,NA,NA,NA,NA,NA,NA,0.132458760623198,0.101251933311615,0.0547792009010189,0.15705516671929,0.0755961061470553,0.70045058768542
-1,-0.5,-0.2,0.25,0.7,0.3,-1.118635745717,-0.425638620773556,-0.217243739288688,0.0975607993045175,0.849686599675912,0.649946988926563,NA,NA,NA,NA,NA,NA,0.14033604911493,0.119656421476127,0.0563193770116798,0.152997563283584,0.0776179007841746,0.482037866348702
-1,-0.5,-0.2,0.25,0.7,0.3,-0.865421093824657,-0.539683140847833,-0.200600379773824,0.338723568891512,0.6263688157261,-0.0335924165819382,NA,NA,NA,NA,NA,NA,0.132964147133988,0.106938840107259,0.0779509589153585,0.169863302945827,0.0777803030362798,0.334473675032844
-1,-0.5,-0.2,0.25,0.7,0.3,-1.09069401743926,-0.452402491977852,-0.266046136442438,0.333020731612409,0.736669908227916,-0.0160296843510739,NA,NA,NA,NA,NA,NA,0.138021848634821,0.117196074750951,0.0655291772972642,0.185211061616447,0.0796871478934942,0.365332982344253
-1,-0.5,-0.2,0.25,0.7,0.3,-0.705191430913819,-0.752913596161989,-0.16209064146092,0.288282469065961,0.734240980404013,0.625370736463586,NA,NA,NA,NA,NA,NA,0.106642450006237,0.0753036489811731,0.0545027006283817,0.15845407745305,0.0738456731715109,0.466153302914863
-1,-0.5,-0.2,0.25,0.7,0.3,-1.00904043758445,-0.570780871870249,-0.229215130963483,0.0375014102047416,0.720204046069429,0.600801396168123,NA,NA,NA,NA,NA,NA,0.139042102845595,0.113803249737877,0.06719940916968,0.153375863709764,0.0776453582580579,0.442413583129522
-1,-0.5,-0.2,0.25,0.7,0.3,-1.1701664163236,-0.384327821059446,-0.184222771641367,0.172064818384748,0.810711784254751,0.390003970011874,NA,NA,NA,NA,NA,NA,0.132369459589829,0.0937888498234282,0.0570327918204268,0.160201761952174,0.0774621174800568,0.414745482128347
-1,-0.5,-0.2,0.25,0.7,0.3,-0.992713192701509,-0.407992341470949,-0.176775030391536,0.238942141845121,0.737974707371897,0.236202857379429,NA,NA,NA,NA,NA,NA,0.130554696360155,0.104064112361357,0.0733527291323738,0.142319702652058,0.0801233901157956,0.313492694817971
-1,-0.5,-0.2,0.25,0.7,0.3,-1.07602227146637,-0.471928714194245,-0.272750876923483,0.281304918075691,0.698987187561905,0.279426656651693,NA,NA,NA,NA,NA,NA,0.132038883537417,0.103431583320862,0.0611801360552033,0.199625314684789,0.0733955145466982,0.494621903835851
-1,-0.5,-0.2,0.25,0.7,0.3,-1.04864571326304,-0.545089182056542,-0.148865284193977,0.298442041964487,0.730249007417442,-0.0704226325413144,NA,NA,NA,NA,NA,NA,0.138741257907078,0.110249367488277,0.0724475010552244,0.188844435922824,0.0770212405311749,0.365504880520661
-1,-0.5,-0.2,0.25,0.7,0.3,-1.04788366497896,-0.564482598740941,-0.255854897552192,0.245031411757367,0.642289475445264,0.693438174861421,NA,NA,NA,NA,NA,NA,0.110303958115891,0.0836674674073645,0.0571923987332561,0.155231216630186,0.0749746376742874,0.493269973771067
-1,-0.5,-0.2,0.25,0.7,0.3,-0.96874894053199,-0.526097936405225,-0.181278110778381,0.350682832659935,0.658255831776121,0.0843842437780826,NA,NA,NA,NA,NA,NA,0.130675302033803,0.117185012335654,0.0688718569007378,0.187812278764097,0.0762761747730211,0.421439230126742
-1,-0.5,-0.2,0.25,0.7,0.3,-0.933534799185509,-0.535930111452934,-0.204620537624132,0.0085712941986632,0.822908773234351,1.45000213926935,NA,NA,NA,NA,NA,NA,0.123295829748972,0.0900884605025905,0.054539078937683,0.198532498451534,0.0827670656033378,1.17784963035204
-1,-0.5,-0.2,0.25,0.7,0.3,-0.706533644032468,-0.642693968879099,-0.192127335542374,0.781277487088583,0.549596216618001,-0.49719347373459,NA,NA,NA,NA,NA,NA,0.11071575302591,0.0870951030289365,0.0589514728723591,0.225586325877117,0.0735974296880523,0.352445918114554
-1,-0.5,-0.2,0.25,0.7,0.3,-1.16621558860299,-0.325589936826234,-0.125284930287866,0.326033885614172,0.721186366607974,0.113028019686505,NA,NA,NA,NA,NA,NA,0.127547487923594,0.111381727782583,0.0672298867674437,0.147736126512608,0.0726443655540024,0.322929731421579
-1,-0.5,-0.2,0.25,0.7,0.3,-0.741973448025617,-0.683180237942103,-0.235448259017296,0.810456207974083,0.701166257166644,-0.559144563575686,NA,NA,NA,NA,NA,NA,0.11295641635084,0.0970895691100286,0.0510313116602838,0.213570529728925,0.0836558398817894,0.325364410879674
-1,-0.5,-0.2,0.25,0.7,0.3,-1.05398739875897,-0.463404482758711,-0.111374246501974,0.32355727202017,0.680301922354592,0.208140735307833,NA,NA,NA,NA,NA,NA,0.124641016679791,0.101169552482383,0.0646744522079067,0.174533962818326,0.0702142451081263,0.404405025651791
-1,-0.5,-0.2,0.25,0.7,0.3,-0.845616515111457,-0.679504898894143,-0.187866777350244,0.317797725698236,0.668586237301389,0.185263819973464,NA,NA,NA,NA,NA,NA,0.132134658553971,0.115975249896758,0.0680926007607234,0.203572575769498,0.0836611148975667,0.479744287542061
-1,-0.5,-0.2,0.25,0.7,0.3,-0.93083223339712,-0.477048690610278,-0.159275536111036,0.311043641678007,0.76145714335635,0.336001366351673,NA,NA,NA,NA,NA,NA,0.125454476817751,0.0939950758834388,0.0633811866124795,0.191867706558195,0.0796650704770485,0.492417838593842
-1,-0.5,-0.2,0.25,0.7,0.3,-0.961036462095064,-0.511184510890596,-0.273516209148345,0.321875883051363,0.663463452409195,0.263760606831732,NA,NA,NA,NA,NA,NA,0.119862174767122,0.0972499058206681,0.0698179771375973,0.153723878593456,0.079518047683719,0.375213812075593
-1,-0.5,-0.2,0.25,0.7,0.3,-0.844176710674167,-0.579095043043493,-0.285861515528917,0.354973949047797,0.744149593005886,0.124323987146721,NA,NA,NA,NA,NA,NA,0.118987495705458,0.0975148026611153,0.0578686231032595,0.158916854223894,0.075469413581237,0.337369227004207
-1,-0.5,-0.2,0.25,0.7,0.3,-0.996604971599721,-0.484741445052962,-0.12425747678681,0.375370177557824,0.683690925001674,0.208161722270372,NA,NA,NA,NA,NA,NA,0.112009864719468,0.093104405188879,0.063030362166426,0.13390525168446,0.0747174789843207,0.309661836850939
-1,-0.5,-0.2,0.25,0.7,0.3,-1.07856361210609,-0.34876569658276,-0.221743105149544,0.229302969167168,0.67942587131359,0.51627900999313,NA,NA,NA,NA,NA,NA,0.119909943668134,0.102398899149193,0.0643536471297753,0.146819443418833,0.0752419415064781,0.418015779970014
-1,-0.5,-0.2,0.25,0.7,0.3,-0.968181429125454,-0.419763337812189,-0.230359228932794,0.540840531936156,0.806627225985054,-0.286927971697672,NA,NA,NA,NA,NA,NA,0.128220644570121,0.111490541222831,0.0587428948871218,0.181192325979744,0.0768788912426582,0.312686176480422
-1,-0.5,-0.2,0.25,0.7,0.3,-0.921675513516225,-0.677651468181072,-0.214731283343127,-0.0871986011080331,0.637259854008295,0.906847192928866,NA,NA,NA,NA,NA,NA,0.152155395204757,0.126799407560162,0.0800709648939117,0.186446222434406,0.0782167327779658,0.701082714722012
-1,-0.5,-0.2,0.25,0.7,0.3,-0.826790850986616,-0.767558652540912,-0.18689029510401,0.224981440467068,0.623121295736099,0.27271134763179,NA,NA,NA,NA,NA,NA,0.131976583428212,0.116686412934812,0.0751457789599432,0.160321796081671,0.0833606490019135,0.359188382987384
-1,-0.5,-0.2,0.25,0.7,0.3,-0.992564304556498,-0.454677670261159,-0.173979701229999,0.113818635876883,0.626137358039649,0.817144164195231,NA,NA,NA,NA,NA,NA,0.125110915109403,0.105149625025795,0.0716343497126711,0.166692801873033,0.0781976520816054,0.610509904223587
-1,-0.5,-0.2,0.25,0.7,0.3,-0.840142284674174,-0.717494495657641,-0.232532358020538,0.392583311167247,0.591243268996756,-0.174677675220725,NA,NA,NA,NA,NA,NA,0.137232586270553,0.119263222193637,0.0818282115758447,0.194650629709068,0.0785890925003678,0.36039204571797
-1,-0.5,-0.2,0.25,0.7,0.3,-0.981389053995612,-0.552112985391616,-0.236279178521762,0.220917352094192,0.720337862981856,0.51506369118427,NA,NA,NA,NA,NA,NA,0.130110357832314,0.111399179222799,0.0627265266848329,0.175640342621665,0.0861448012510925,0.499858041944595
-1,-0.5,-0.2,0.25,0.7,0.3,-0.999057943699614,-0.50386046255593,-0.170663917268099,0.115953756769219,0.694521880571394,0.60554668059931,NA,NA,NA,NA,NA,NA,0.127000182599071,0.10549040637578,0.062502792367252,0.126111773985439,0.0778407653693752,0.347987693340417
-1,-0.5,-0.2,0.25,0.7,0.3,-1.1272317670061,-0.379399718550062,-0.00111334715558017,0.34579670063906,0.583006426192185,0.0741607497798058,NA,NA,NA,NA,NA,NA,0.127335354389712,0.0944296782387425,0.0752252601305906,0.191832022853651,0.0756375890823943,0.424247092438141
-1,-0.5,-0.2,0.25,0.7,0.3,-0.922585088125772,-0.566433592036023,-0.201975124564098,0.164969821738816,0.755999178694031,0.378623614071092,NA,NA,NA,NA,NA,NA,0.133703807184882,0.10569595905099,0.0589759474984279,0.160254999451008,0.0788648432175593,0.395322990560153
-1,-0.5,-0.2,0.25,0.7,0.3,-0.971971406956742,-0.498662173183582,-0.332734640009835,0.449378908970426,0.573917281585716,-0.0942641986282149,NA,NA,NA,NA,NA,NA,0.120216842173059,0.104505571328336,0.0643763820400966,0.161504277741428,0.082656001901613,0.306009525113699
-1,-0.5,-0.2,0.25,0.7,0.3,-1.04322897942834,-0.473704597489338,-0.159557271295864,0.233483599092452,0.793765110173049,0.377329889063206,NA,NA,NA,NA,NA,NA,0.131082393968594,0.111515993883302,0.0627564040000412,0.158306070361299,0.0798295324551127,0.400178129078556
-1,-0.5,-0.2,0.25,0.7,0.3,-1.07804615464977,-0.444599817014151,-0.180163700191684,0.26696051876447,0.678538068905569,0.331952662284065,NA,NA,NA,NA,NA,NA,0.119056755317348,0.100035444376128,0.0703702922415709,0.154089949396524,0.0733492769808095,0.36891804332183
-1,-0.5,-0.2,0.25,0.7,0.3,-0.995106743261106,-0.467206134998147,-0.244249444653727,0.228422827601186,0.707225099528455,0.693942987767751,NA,NA,NA,NA,NA,NA,0.111473272811984,0.0851151710238313,0.0614426921354968,0.137332687471339,0.0736509758133018,0.428353505616623
-1,-0.5,-0.2,0.25,0.7,0.3,-1.03244356442764,-0.407695337468839,-0.136448355155172,0.227138812737189,0.825963076080756,0.188859635971719,NA,NA,NA,NA,NA,NA,0.139032410688831,0.107496511194763,0.0609584743769039,0.182191585950982,0.0879548036017414,0.399102259952694
-1,-0.5,-0.2,0.25,0.7,0.3,-1.05966780261959,-0.390670291505853,-0.268023223205904,-0.0366286016688446,0.961465582501481,1.29740103358143,NA,NA,NA,NA,NA,NA,0.130759716786196,0.100429270377565,0.0524746727690011,0.138779202959112,0.0753490992170956,0.629531815152237
-1,-0.5,-0.2,0.25,0.7,0.3,-0.994390258532331,-0.528050968866908,-0.157109090612128,0.227278052606701,0.705105772635906,0.543141160989732,NA,NA,NA,NA,NA,NA,0.13144369080162,0.106206290678339,0.0623857287626745,0.193175077575667,0.0812539400611652,0.542610206284572
-1,-0.5,-0.2,0.25,0.7,0.3,-0.879232292740009,-0.636287019218673,-0.24631975793713,0.39088630598895,0.688328197541287,0.13930850968874,NA,NA,NA,NA,NA,NA,0.112878294685054,0.0918028829792639,0.069404969317529,0.152408178535489,0.0741606303505957,0.322558473040512
-1,-0.5,-0.2,0.25,0.7,0.3,-0.895471378667078,-0.451304040043002,-0.127580235326858,0.357211430717746,0.735560027411352,0.273300369711328,NA,NA,NA,NA,NA,NA,0.120372504348114,0.0942425405368562,0.0551269231123156,0.169806734962877,0.0789006867945681,0.421207295455981
-1,-0.5,-0.2,0.25,0.7,0.3,-1.29170546931098,-0.367827521752071,-0.164704198073561,0.185147940496944,0.691089886499919,0.266142438006211,NA,NA,NA,NA,NA,NA,0.133291340421387,0.0998477412937642,0.0651850114700129,0.155744520320691,0.0760175614450387,0.363247825346986
-1,-0.5,-0.2,0.25,0.7,0.3,-0.997114785335195,-0.493792355002831,-0.160161001959553,0.19511318025964,0.751632344614181,0.398732073729149,NA,NA,NA,NA,NA,NA,0.128655134215005,0.112330801443425,0.0602241360750099,0.168242992032811,0.0718021817715871,0.448697807541316
-1,-0.5,-0.2,0.25,0.7,0.3,-1.05942269936189,-0.440882273536327,-0.210457488355371,0.311916244242358,0.801379889322211,0.317482136635743,NA,NA,NA,NA,NA,NA,0.12070882940458,0.100553544417349,0.0572829786381476,0.153090199431507,0.0753910599393786,0.371273041076014
-1,-0.5,-0.2,0.25,0.7,0.3,-0.793090510281763,-0.600942322961948,-0.198711471988639,0.533401481396357,0.621474770772874,-0.118463652698478,NA,NA,NA,NA,NA,NA,0.112369033540034,0.0921951907238348,0.0566066701873771,0.167988697382241,0.0735116036900579,0.327713496046553
-1,-0.5,-0.2,0.25,0.7,0.3,-0.906572543220787,-0.537640431493817,-0.143893766495594,0.317306607819605,0.781280337043032,0.00243832646618156,NA,NA,NA,NA,NA,NA,0.136860392950828,0.112157700563082,0.066868369809271,0.1735094389021,0.0755560666984715,0.35195286001906
-1,-0.5,-0.2,0.25,0.7,0.3,-1.11834229436861,-0.44522010761151,-0.0229591501745576,-0.0963214641050426,0.986959568779557,0.625213022378213,NA,NA,NA,NA,NA,NA,0.161339170629409,0.122793835007207,0.0532387858634239,0.144713670283897,0.0919897372047976,0.375577804533833
-1,-0.5,-0.2,0.25,0.7,0.3,-0.974516729768387,-0.528646867596855,-0.273190943404355,0.0864479370961247,0.851506811505868,0.495021279719925,NA,NA,NA,NA,NA,NA,0.148214530368097,0.114390517855894,0.0590628214735808,0.195712248046565,0.0832802573465741,0.522038650004982
-1,-0.5,-0.2,0.25,0.7,0.3,-1.01041164397435,-0.416961153734835,-0.251980909125306,0.204374749116543,0.662392101833738,0.190563141215527,NA,NA,NA,NA,NA,NA,0.136762525400486,0.121435579903084,0.0803695950158845,0.179114995307136,0.0723167029428262,0.411524844371884
-1,-0.5,-0.2,0.25,0.7,0.3,-0.773510899443496,-0.633029665103023,-0.19854255533702,0.565867012656473,0.676692881831523,-0.426484689915625,NA,NA,NA,NA,NA,NA,0.134354992739381,0.104289971469284,0.0614636670436386,0.245609499472422,0.0752901764043632,0.398871965538144
-1,-0.5,-0.2,0.25,0.7,0.3,-1.02527923759767,-0.517844769737797,-0.201513942589985,0.304331114561377,0.63929252380376,0.146575646603015,NA,NA,NA,NA,NA,NA,0.130351635125873,0.102267972921376,0.0871762476266978,0.193664390266816,0.0737047655935512,0.433181840748172
-1,-0.5,-0.2,0.25,0.7,0.3,-1.01940125110878,-0.497801845685627,-0.19019677289431,0.0256665217655955,0.673624846605874,0.882263244497645,NA,NA,NA,NA,NA,NA,0.130368609618532,0.109683219567808,0.0698192626402436,0.143007239333309,0.0803714311898747,0.490515376621059
-1,-0.5,-0.2,0.25,0.7,0.3,-1.1442896110832,-0.382749577719586,-0.174745625302118,0.151940613660437,0.762074113198888,0.470410680000175,NA,NA,NA,NA,NA,NA,0.129472771237064,0.116455818476707,0.0680127710463354,0.126964273475427,0.0780142810663981,0.323865229870248
-1,-0.5,-0.2,0.25,0.7,0.3,-0.774411781202573,-0.608489034681697,-0.124578498835413,0.265745057817497,0.823787141676315,0.421044663304858,NA,NA,NA,NA,NA,NA,0.129570831325665,0.103097469575944,0.0611229924859484,0.205611615381716,0.0768933685983588,0.536308601164307
-1,-0.5,-0.2,0.25,0.7,0.3,-1.02329939096616,-0.440757321207285,-0.16138484988707,0.146816863637444,0.774474982226128,0.402502151664513,NA,NA,NA,NA,NA,NA,0.136411726868494,0.0989683327573452,0.0641831962335988,0.169090297265356,0.0795351162780974,0.419837567625556
-1,-0.5,-0.2,0.25,0.7,0.3,-1.23590910347429,-0.281915039471532,-0.199480737989693,0.261860156253079,0.720319655802248,0.34824135318278,NA,NA,NA,NA,NA,NA,0.128320011896628,0.116668676751528,0.0731178402389289,0.162725253743029,0.0753046364810801,0.414796207316254
-1,-0.5,-0.2,0.25,0.7,0.3,-0.797030225127186,-0.611849078961911,-0.218610916802402,0.173594417707806,0.729072845337064,0.852557844531143,NA,NA,NA,NA,NA,NA,0.117789468769445,0.0871950622815594,0.0545170775399431,0.182170243256803,0.0763881308085878,0.658751039135061
-1,-0.5,-0.2,0.25,0.7,0.3,-1.06372906125832,-0.409517709311227,-0.240509418722236,0.138251013526558,0.64785109855935,0.632126641506986,NA,NA,NA,NA,NA,NA,0.123772499671919,0.101245142266064,0.070115056205338,0.162127182759516,0.0735979911648465,0.490910168828064
-1,-0.5,-0.2,0.25,0.7,0.3,-1.01688890907454,-0.449271534093249,-0.185420687904577,0.0854848800147251,0.777877537963072,1.30159544764303,NA,NA,NA,NA,NA,NA,0.113761377906044,0.0982502652006207,0.0572094706872134,0.133733012258772,0.076259832474433,0.66884996770953
-1,-0.5,-0.2,0.25,0.7,0.3,-1.00412385528108,-0.474033812677302,-0.223586732797712,0.17207006235787,0.840448618760438,0.384347810342333,NA,NA,NA,NA,NA,NA,0.138528622918884,0.107541459555099,0.0695835697096634,0.161600776436098,0.076990603455053,0.414679518205007
-1,-0.5,-0.2,0.25,0.7,0.3,-0.75674645928226,-0.578483356229727,-0.106678258854007,0.304779334754969,0.798452861901746,0.0097184653498565,NA,NA,NA,NA,NA,NA,0.1359808205475,0.115119859628775,0.0653980267975783,0.176746531125912,0.0822990911649943,0.334202841898203
-1,-0.5,-0.2,0.25,0.7,0.3,-0.96548206484431,-0.547348561531673,-0.193591886890441,0.178911033596843,0.625720198861727,0.876123160979162,NA,NA,NA,NA,NA,NA,0.105128875527092,0.0884833696458707,0.0647311545174797,0.127960287219337,0.0785340953829781,0.449526821399634
-1,-0.5,-0.2,0.25,0.7,0.3,-0.990971767146719,-0.58322931555716,-0.265702244913994,0.000192928401711481,0.747618699606514,0.812126836136003,NA,NA,NA,NA,NA,NA,0.141894213574767,0.107038057289121,0.0652640636133296,0.163137915177845,0.0791977277932703,0.543090214152299
-1,-0.5,-0.2,0.25,0.7,0.3,-0.974297209245464,-0.541966597846286,-0.148123466221705,0.229985370630401,0.634995929388675,0.505613899378257,NA,NA,NA,NA,NA,NA,0.120412175195004,0.102352365653397,0.0720480137196208,0.155300142004683,0.0809729291260293,0.420429709613867
-1,-0.5,-0.2,0.25,0.7,0.3,-0.958599671715819,-0.521130295202658,-0.248891647435574,0.359965668502778,0.671460109156627,0.0409300710186243,NA,NA,NA,NA,NA,NA,0.12225683871328,0.0960759661593426,0.0619302308101879,0.1734002902722,0.0767828685702483,0.355454452013264
-1,-0.5,-0.2,0.25,0.7,0.3,-1.03271885857067,-0.437689070555087,-0.19942643125776,0.397295317343447,0.657841328530072,-0.0627814836756743,NA,NA,NA,NA,NA,NA,0.124702536844479,0.0992200901460986,0.0711920847410202,0.182801872599903,0.0693999344602996,0.366845533128639
