"V1","V2","V3","V4","V5","V6","V7","V8","V9","V10","V11","V12","V13","V14","V15","V16","V17","V18"
-1,-0.5,-0.2,0.25,0.7,0.3,-1.1513833535994,-0.389018598572952,-0.192418977797374,0.373621791852467,0.705324005901524,0.0938859653347382,0.310124453594613,0.148107957307661,0.0345374331782793,0.0663018503557025,0.0370666841451961,0.166767342398724
-1,-0.5,-0.2,0.25,0.7,0.3,-0.970804366725222,-0.493882086302204,-0.174965589161936,0.212456499822303,0.669031287102172,0.368199740432071,0.321562332738748,0.154730134368014,0.0402448266080786,0.0619952905922748,0.0386508566744663,0.187202410487484
-1,-0.5,-0.2,0.25,0.7,0.3,-0.972012179898783,-0.488621343450347,-0.161905634832721,0.244942185408296,0.674509002408903,0.239393721582443,0.343164781138629,0.1601925966129,0.037783430450915,0.0664550666221986,0.0381374981780597,0.183460851424151
-1,-0.5,-0.2,0.25,0.7,0.3,-1.04862837243775,-0.441200524653289,-0.197667852188069,0.220468767891685,0.679707952575194,0.422434180707911,0.354073129260518,0.163128274245186,0.0364370173907092,0.060970629778665,0.0384259037301936,0.184869705767251
-1,-0.5,-0.2,0.25,0.7,0.3,-0.89924675317407,-0.565201394667465,-0.228844614105031,0.163582860560608,0.663482139486387,0.765117611584102,0.426262287165941,0.20541249637747,0.0349136999775223,0.0602199580748128,0.03420526516953,0.230983111782212
-1,-0.5,-0.2,0.25,0.7,0.3,-0.992695007700992,-0.4684799132506,-0.283925781772472,0.252267188865133,0.701284917836527,0.115916013554663,0.342917846964967,0.162677918318422,0.0396455086784334,0.0653573236730405,0.0372151409056654,0.166034700547183
-1,-0.5,-0.2,0.25,0.7,0.3,-1.24211848956818,-0.377645494716471,-0.162065605317683,0.332068791990458,0.756423246380152,0.310948618569234,0.291679529830408,0.150795978273895,0.0299925451154139,0.0638355755065106,0.0356192371291614,0.183084698046363
-1,-0.5,-0.2,0.25,0.7,0.3,-0.943856875240955,-0.529096844084473,-0.183948240148613,0.16907926139811,0.703551025045188,0.479274870464596,0.381655081278141,0.186018184609475,0.0357627799936012,0.0653381259838147,0.0365579700035015,0.211329117764553
-1,-0.5,-0.2,0.25,0.7,0.3,-0.93216007285907,-0.580473122898378,-0.150010238604522,0.290931414046358,0.711182458820608,0.254406549515411,0.346994120051576,0.176743003976756,0.0370114567772612,0.0631274127398768,0.0362796271975059,0.168311994651058
-1,-0.5,-0.2,0.25,0.7,0.3,-0.969734977178405,-0.543804785937703,-0.171876771660306,0.361807551560537,0.671466676805335,-0.0836976246453276,0.355909729113227,0.173632402665334,0.0371663601753299,0.0695727905539434,0.0398540299835459,0.158815900384252
-1,-0.5,-0.2,0.25,0.7,0.3,-1.08255022568816,-0.458271106901018,-0.176809640130638,0.334561712878416,0.694335027704577,0.0775615110354969,0.41036617476427,0.197199329615427,0.0362255768662665,0.0692705526689044,0.0368130166640618,0.173765028446336
-1,-0.5,-0.2,0.25,0.7,0.3,-1.04394076972925,-0.487826311833326,-0.184996581495987,0.280219649944668,0.684672808088364,0.305155329006717,0.322902461071236,0.157450846498693,0.0374871491365174,0.0663006910054285,0.0371578638749093,0.192809501032342
-1,-0.5,-0.2,0.25,0.7,0.3,-0.903349468201241,-0.541484566588626,-0.19397211610168,0.163641573583754,0.6934788321699,0.544203035367608,0.353892919216599,0.167847021683893,0.0382408776982316,0.0664791145534854,0.037369269433373,0.225759569779143
-1,-0.5,-0.2,0.25,0.7,0.3,-0.993141089024075,-0.501975095116196,-0.223862151924624,0.173216444914823,0.693835435247267,0.52739612065569,0.341419954306208,0.164881490172422,0.037449618803244,0.06162692878224,0.0356370702073513,0.204379249302915
-1,-0.5,-0.2,0.25,0.7,0.3,-0.934502812755804,-0.542055098040254,-0.171399528370973,0.265734484464887,0.756294876618444,0.364696995349763,0.285848244774642,0.136807514217286,0.0357953539720048,0.0676023915322344,0.0362329310937134,0.201916753388133
-1,-0.5,-0.2,0.25,0.7,0.3,-0.948760356463086,-0.567733830821305,-0.192231619035281,0.168336793166576,0.704114548025916,0.518966145885418,0.348421955861067,0.171659415385993,0.0380023398277008,0.0606204139533412,0.0370219611636159,0.198670016703176
-1,-0.5,-0.2,0.25,0.7,0.3,-0.844340885533251,-0.611595809369115,-0.181357510608434,0.252629399120988,0.68871687945863,0.256395627817562,0.330255538807155,0.16121720372346,0.0383545352186769,0.0637036578167761,0.0377784917217133,0.175034171000644
-1,-0.5,-0.2,0.25,0.7,0.3,-0.849129522467355,-0.648522502005144,-0.194366559938085,0.0792379182994587,0.761633725355118,0.910893283175851,0.356469943747474,0.181592020151965,0.0341080989056859,0.0605934818910455,0.0362835736772249,0.2580699167254
-1,-0.5,-0.2,0.25,0.7,0.3,-0.848254575166754,-0.567942944857429,-0.279736117765353,0.0808232834622269,0.693228733155376,0.668680634715833,0.371967340888996,0.177105170652324,0.0374231135785297,0.058017103788976,0.038190521664713,0.202679897273182
-1,-0.5,-0.2,0.25,0.7,0.3,-1.13671281567076,-0.441702250643238,-0.179712581732976,0.253650144170447,0.746606896103296,0.36973258529885,0.435921781069858,0.221430173574202,0.0329810058953329,0.0634025702008802,0.0361766763732378,0.180920736815261
-1,-0.5,-0.2,0.25,0.7,0.3,-1.00261109590063,-0.50215860868749,-0.177656639388278,0.187309215530037,0.68219968734739,0.382300158766212,0.379854677312241,0.183390665033499,0.0377712211553659,0.0629753488153373,0.0366404178128606,0.18770523702331
-1,-0.5,-0.2,0.25,0.7,0.3,-1.03601124006413,-0.481863941222361,-0.27434143555303,0.207680042863108,0.673690312378181,0.746358976390654,0.357896662583959,0.175800482459455,0.0354469728752181,0.0599480129981206,0.0364043618931017,0.224659746095301
-1,-0.5,-0.2,0.25,0.7,0.3,-0.907567387048406,-0.574232723332703,-0.220892648709679,0.223800907881683,0.684561758887341,0.54509200087431,0.344578007635331,0.166606147576628,0.0387219817324749,0.0643320488794487,0.0370399999418841,0.218007581253471
-1,-0.5,-0.2,0.25,0.7,0.3,-1.07766321238485,-0.418497356049684,-0.207124978006293,0.18553024422287,0.682419185085145,0.631296471851719,0.368328378252796,0.174951924191108,0.0349083790953473,0.0635232763026924,0.0373176282743994,0.221916911825406
-1,-0.5,-0.2,0.25,0.7,0.3,-0.960174585617313,-0.583461152274102,-0.21476026028288,0.387945989492381,0.694530190838149,0.120780200828806,0.328859025731806,0.159506673827285,0.0324802824916022,0.0662793336324836,0.0388630974344268,0.167631745332211
-1,-0.5,-0.2,0.25,0.7,0.3,-1.11870770036014,-0.418986164483816,-0.167790953437776,0.297687148646889,0.714147585869908,0.300029218257353,0.318138182116061,0.157505121286706,0.0344632948943408,0.0630342138417292,0.0373869541116039,0.176574302807278
-1,-0.5,-0.2,0.25,0.7,0.3,-0.910652360607198,-0.582564380988518,-0.196665724517412,0.210027001746864,0.748961543319963,0.321998080866563,0.295083016938888,0.149670721362598,0.0368199800273979,0.0649952776401422,0.0358921639558153,0.189156194994793
-1,-0.5,-0.2,0.25,0.7,0.3,-1.0154551151905,-0.555805105742584,-0.259657246120924,0.433219498448234,0.711561361441691,0.00965937895209082,0.337842604661122,0.1693987783959,0.0345459674240968,0.0683176300790577,0.0375506916600549,0.162842945914606
-1,-0.5,-0.2,0.25,0.7,0.3,-1.05989792762028,-0.395300602212774,-0.141699423216833,0.30865268104415,0.647613515092743,0.168863611091632,0.383088150487064,0.178624503366704,0.0373846747017199,0.0690896167187204,0.0378534522561167,0.184023861519202
-1,-0.5,-0.2,0.25,0.7,0.3,-1.0939651575419,-0.436476766400651,-0.195540058925752,0.243099264054246,0.686826126377147,0.41197681156534,0.335683084110682,0.163498361100832,0.0352132052010454,0.064111816340543,0.0363280761031842,0.193581480975255
-1,-0.5,-0.2,0.25,0.7,0.3,-1.06288006222317,-0.390602220858976,-0.225004995585366,0.301602223496023,0.69462234405077,0.0374252599025924,0.38349223239859,0.182647106291773,0.041140754526965,0.065015027669455,0.0365806013928715,0.155391690414694
-1,-0.5,-0.2,0.25,0.7,0.3,-0.92932272246229,-0.499296450165105,-0.143511399432371,0.223498763929903,0.630720267863225,0.271831755936726,0.415981454299048,0.200165350648293,0.0425676418839097,0.0666175323018718,0.0363477918909116,0.187644219843149
-1,-0.5,-0.2,0.25,0.7,0.3,-0.867819547649314,-0.592499115787755,-0.2327934241316,0.199811697468053,0.762185702253595,0.335310347361993,0.303224665473677,0.156325818529817,0.0356147454456075,0.0651071524335131,0.0367962012993732,0.192088114224726
-1,-0.5,-0.2,0.25,0.7,0.3,-0.92685985563584,-0.554798201294002,-0.207274556926458,0.281022203773184,0.710667402491757,0.0897832322429275,0.343627794058789,0.172308825569289,0.0362665054565944,0.0678279404460184,0.0377566105864202,0.17146458116231
-1,-0.5,-0.2,0.25,0.7,0.3,-1.06997601817107,-0.475287188076724,-0.153718392669223,0.299250435321661,0.742138252730075,0.378579042945736,0.297309655120388,0.147600251030798,0.0314886305141755,0.0654673428129072,0.0371619909719162,0.195810751816473
-1,-0.5,-0.2,0.25,0.7,0.3,-0.981697895982609,-0.497857021860521,-0.127135420984385,0.277506472425448,0.704003805674181,0.220636624282124,0.350638565957195,0.174805599551091,0.0356894657938735,0.0648456801010452,0.0363497128843557,0.173412424164085
-1,-0.5,-0.2,0.25,0.7,0.3,-0.939607739138433,-0.576095881039197,-0.179001325008112,0.344293925222278,0.736220808707248,0.0540128527843964,0.314030159684987,0.153349966192903,0.0316883850951406,0.0685923440968269,0.0382463323691372,0.166884640582058
-1,-0.5,-0.2,0.25,0.7,0.3,-0.857956829795968,-0.568901964394804,-0.231458861733844,0.171058259945546,0.6690646100732,0.467495865144759,0.335413111170477,0.159784330469401,0.0387561204433399,0.0623006943646619,0.0368155090431392,0.196908278267362
-1,-0.5,-0.2,0.25,0.7,0.3,-1.07252452362356,-0.480898767176971,-0.269327409913003,0.243963785565652,0.714442397547935,0.259104037756397,0.423375497499553,0.216713640352335,0.0372022179504626,0.0669447935057724,0.0355744357554468,0.188226202797795
-1,-0.5,-0.2,0.25,0.7,0.3,-0.961712763773574,-0.49683291678294,-0.214109968922456,0.242913606521001,0.697381830810642,0.283619234595249,0.373870948744752,0.186908812916385,0.0418072109582047,0.0689936086057531,0.0362102350719215,0.199375325905271
-1,-0.5,-0.2,0.25,0.7,0.3,-1.21806619653865,-0.300824127538465,-0.135502779356345,0.367106575089182,0.664810348750633,0.104354301622097,0.355406008073601,0.168974908656487,0.0373158791674702,0.073989539766298,0.0362232075968338,0.194935147643699
-1,-0.5,-0.2,0.25,0.7,0.3,-1.10779873409439,-0.413761249071048,-0.15552051381126,0.295115765284365,0.679750827830955,0.144792734526745,0.352597492581064,0.175501566248349,0.0364990637456773,0.0673652990819938,0.0377294839906168,0.176131204580533
-1,-0.5,-0.2,0.25,0.7,0.3,-0.826912329055843,-0.575364999389817,-0.20055559614994,0.174697057651579,0.73286939250262,0.596266072057065,0.297631826151657,0.146477330571588,0.0331255567803349,0.0651932309080726,0.0367696134517881,0.23326766561466
-1,-0.5,-0.2,0.25,0.7,0.3,-1.10122073729103,-0.486176423485057,-0.179187633261344,0.381162959101223,0.737311506681416,0.097299757225265,0.286844016455051,0.142840301445784,0.0333465194103082,0.0658896601466997,0.0370734215862159,0.167145976283476
-1,-0.5,-0.2,0.25,0.7,0.3,-1.02998884548151,-0.494137081880594,-0.159246946718641,0.341138072486957,0.714968105099423,0.278378797956834,0.294921107118758,0.143429407990984,0.031751964450466,0.0657253224889565,0.037395179618757,0.183219634019645
-1,-0.5,-0.2,0.25,0.7,0.3,-0.965878208162924,-0.566719791170183,-0.21326655115348,0.207060825035063,0.755869099658058,0.593100575662273,0.290583220606456,0.149956163978465,0.0327185583467101,0.0643639706925741,0.0351305136402405,0.22368386129239
-1,-0.5,-0.2,0.25,0.7,0.3,-1.08970265156995,-0.445315307193936,-0.238202017326905,0.276726989521614,0.713741786928952,0.139063401091801,0.336021206646547,0.166736352692225,0.0388112777467528,0.0668520372364552,0.0378538071261121,0.17064518309583
-1,-0.5,-0.2,0.25,0.7,0.3,-1.05302684876829,-0.487162303259689,-0.209288744266313,0.241536498523582,0.77271786852932,0.612138177832375,0.272305555739058,0.13545074295667,0.0319364727271422,0.0629782537376554,0.0375212245476989,0.223908569050447
-1,-0.5,-0.2,0.25,0.7,0.3,-1.10361149278847,-0.419420695373167,-0.222470616507788,0.231676562532529,0.685500604926012,0.354920056527333,0.377683528173662,0.183573129980586,0.038457709367512,0.0628507766316084,0.0367160549979956,0.180673354615814
-1,-0.5,-0.2,0.25,0.7,0.3,-1.13334859247649,-0.395461333871756,-0.180389801253099,0.25906591377828,0.645523071659788,0.445022401006376,0.371227005347519,0.176311046378809,0.0375638273427275,0.0632810175706769,0.0358014840513085,0.200019321096025
-1,-0.5,-0.2,0.25,0.7,0.3,-0.982977521818857,-0.507420293288287,-0.19275854775367,0.252010338976248,0.706383645360752,0.412232717912951,0.324312676753848,0.153875385469984,0.0323475228535283,0.0633712290111199,0.0367260361626626,0.192482652937114
-1,-0.5,-0.2,0.25,0.7,0.3,-0.939248422228596,-0.5013149044251,-0.203893360812113,0.210206171896316,0.669438127996481,0.2587832591422,0.387911630677822,0.184460085500688,0.0413532139744686,0.0706417932351437,0.0399486109043837,0.200061549620253
-1,-0.5,-0.2,0.25,0.7,0.3,-0.940867957113392,-0.505520060008839,-0.210527056222576,0.253288500472287,0.718612985507147,0.240560574211629,0.342186272964455,0.174282641784542,0.0346845191970481,0.0664037387959748,0.0376425482456726,0.181479729359019
-1,-0.5,-0.2,0.25,0.7,0.3,-1.09121362412035,-0.425125510546733,-0.145233082807905,0.2309907753328,0.701380655997855,0.342654126358076,0.327774654994012,0.160862122595,0.0375009796122083,0.066554949056847,0.0373388580682047,0.196682596566664
-1,-0.5,-0.2,0.25,0.7,0.3,-0.945587163983939,-0.491127237190753,-0.178687086150745,0.340921467464813,0.729816212700724,0.0738811795075315,0.316194821187761,0.157730468118,0.0342415120458435,0.0679362581044278,0.0367656327995846,0.171792243446894
-1,-0.5,-0.2,0.25,0.7,0.3,-1.07575390718185,-0.549857306723496,-0.18352753255102,0.197352418151169,0.731971443993947,0.638580105066842,0.287468926248228,0.145756043902702,0.0339623594265957,0.0601173844738517,0.0364533388233002,0.215769277087713
-1,-0.5,-0.2,0.25,0.7,0.3,-1.04134566738261,-0.442031985096435,-0.201845299428877,0.170110140738574,0.697555875319833,0.41690362254186,0.3935737609981,0.199163607022641,0.0406034251517277,0.0654975903950295,0.0364336996178785,0.202581743051409
-1,-0.5,-0.2,0.25,0.7,0.3,-0.817982823463364,-0.67271700852358,-0.170214010446933,0.261537508791636,0.791514822557611,0.222348252083259,0.286852149233308,0.148551246430537,0.0365887412653262,0.0708097370652359,0.0374846484334251,0.196856259874858
-1,-0.5,-0.2,0.25,0.7,0.3,-0.969716218253777,-0.546519637023643,-0.218129771564397,0.243288924756386,0.727518102695621,0.435844965094405,0.292938132113466,0.142710587812018,0.0365822330128421,0.0634913714931923,0.0372081074362216,0.194231038075606
-1,-0.5,-0.2,0.25,0.7,0.3,-1.10023176815174,-0.429100508465311,-0.159515770977444,0.296959375648195,0.681593356738572,0.252096906555747,0.380003687317649,0.189280963111893,0.0342983179574223,0.0667071127959079,0.0366539940107555,0.186718084099303
-1,-0.5,-0.2,0.25,0.7,0.3,-1.00919093004745,-0.431576993134439,-0.171762935700391,0.292880339885108,0.638042276019489,0.220100021178703,0.356419907828921,0.169239289360196,0.0394050297498792,0.0636511736172627,0.0387623701425289,0.17062804732868
-1,-0.5,-0.2,0.25,0.7,0.3,-1.08475440496627,-0.449550619164335,-0.206694777010315,0.375910089171673,0.719177127304331,-0.122035991092992,0.311785972682725,0.157309836419658,0.0363934916312162,0.0737066090293943,0.0369797292862893,0.165586039002628
-1,-0.5,-0.2,0.25,0.7,0.3,-0.978021515534002,-0.522679368546057,-0.209271023454268,0.149739618868489,0.734449322396047,0.530524889427489,0.352059010977815,0.177155328276299,0.0372174690448399,0.061845402664411,0.0365190485077634,0.199529781955694
-1,-0.5,-0.2,0.25,0.7,0.3,-0.907439888540414,-0.522738205103243,-0.23609838733902,0.19602316657647,0.678477214091823,0.515682388872263,0.342868691849012,0.168254162161861,0.0362735825338538,0.0600300566364038,0.0378896851660784,0.194560032796978
-1,-0.5,-0.2,0.25,0.7,0.3,-0.942149049327711,-0.548517706337349,-0.211872379428826,0.326651488545823,0.756150876680823,0.10199138551995,0.297343744195987,0.158166078431171,0.0332493826550357,0.0702803485271887,0.0370507841471847,0.177550476548387
-1,-0.5,-0.2,0.25,0.7,0.3,-0.995705728298405,-0.470527081001997,-0.191405864858603,0.265724494289258,0.626452736239218,0.321316235735336,0.378785835819341,0.172914224358287,0.0399428825791692,0.0658557496684371,0.0369916375031475,0.192686938873974
-1,-0.5,-0.2,0.25,0.7,0.3,-1.00068046601237,-0.533148742811583,-0.168232246453589,0.280528809518458,0.729364369141045,0.330232287628476,0.334163230575613,0.173390477241179,0.0341908699656442,0.0710086730978847,0.0374434200662698,0.213008497573131
-1,-0.5,-0.2,0.25,0.7,0.3,-1.03766243268401,-0.448660415985778,-0.278205364370087,0.292605796342399,0.690019002790854,0.116098103258923,0.426150263059966,0.207399856887818,0.0366593562668816,0.0672041515458487,0.0378766359129422,0.169805588463643
-1,-0.5,-0.2,0.25,0.7,0.3,-1.03127337997182,-0.440235102003551,-0.247191797164241,0.104534407511614,0.701061424633911,0.822483791242808,0.361799142749402,0.176910914555318,0.0348637853153511,0.0582366991591883,0.0355657796514562,0.229687054526671
-1,-0.5,-0.2,0.25,0.7,0.3,-1.02106171394047,-0.4709956132362,-0.183840900188974,0.242800728822557,0.718638806446324,0.336210375842746,0.391451681311321,0.197236381524124,0.0345673673571727,0.0687745028586276,0.0354491927025469,0.204007747490101
-1,-0.5,-0.2,0.25,0.7,0.3,-1.00960003958633,-0.503045391627749,-0.147986390169865,0.303673216252211,0.739359174737277,0.0802416658011521,0.326603277126352,0.160702419767249,0.034947698274572,0.0679145685536751,0.0370674390998758,0.171001653171873
-1,-0.5,-0.2,0.25,0.7,0.3,-1.16250212969633,-0.391204861274169,-0.232497292591617,0.275183938944697,0.67836821755042,0.424883995522327,0.324225980700824,0.153690233474828,0.0346633827168011,0.0648925072381148,0.0354975805050023,0.202709491103111
-1,-0.5,-0.2,0.25,0.7,0.3,-1.02041181141756,-0.477917749362769,-0.232660199583127,0.327093613457035,0.664292017564136,0.173609446529564,0.367796066646165,0.177915952287517,0.0379883902272479,0.0657070526362217,0.0376253648478607,0.169789621762449
-1,-0.5,-0.2,0.25,0.7,0.3,-0.923130155010506,-0.568975636459945,-0.21318767169605,0.209614366576367,0.74001120681833,0.416687177151249,0.332349859957534,0.16710105055408,0.0359614183484369,0.0635309172363044,0.0366291927596918,0.193477954379552
-1,-0.5,-0.2,0.25,0.7,0.3,-0.950670683816318,-0.51280426110025,-0.162501788506908,0.167296792625967,0.690774268062994,0.670633266899042,0.314354864529334,0.143942894879583,0.0347799242388011,0.0639557596176611,0.0374843092564286,0.234020128243694
-1,-0.5,-0.2,0.25,0.7,0.3,-1.03236953727776,-0.434855083034516,-0.160012431282344,0.187065472059068,0.66095737911655,0.415352393758095,0.376550146993882,0.17518233766129,0.0379637245495412,0.0623698223117559,0.0369379595868108,0.191828178501865
-1,-0.5,-0.2,0.25,0.7,0.3,-1.00154564763848,-0.47039624393428,-0.195773804373852,0.253603060563685,0.671971652912248,0.464320360135744,0.306981797226014,0.141659680135219,0.0369391809064502,0.0675800552750266,0.0375293903609804,0.220141464469605
-1,-0.5,-0.2,0.25,0.7,0.3,-0.901618501041876,-0.557413547468598,-0.211148548774746,0.235031509099433,0.660549754062229,0.388158762123025,0.397061918914448,0.19558670447846,0.0377751494376472,0.0665587827164118,0.0366355140186982,0.202687145463296
-1,-0.5,-0.2,0.25,0.7,0.3,-0.936396629750465,-0.477249819062139,-0.228446708944558,0.318457391086877,0.687615572027968,0.072463472657946,0.350322021249465,0.172291800261965,0.0399101633087991,0.0675785658453642,0.0371039767976761,0.169567742195917
-1,-0.5,-0.2,0.25,0.7,0.3,-1.15252692395542,-0.38169581225049,-0.180617057369439,0.30757813812737,0.65495338023705,0.163736044938931,0.409831186737094,0.196142228274568,0.0347123013989613,0.0641632861887506,0.0361505857814896,0.166622069071165
-1,-0.5,-0.2,0.25,0.7,0.3,-0.861313610266303,-0.683056429601218,-0.153259926355453,0.2565309104869,0.744861627250866,0.238408165380724,0.329186874888545,0.171878408127183,0.0332780795292016,0.0654079794480962,0.0370980210418577,0.181064432882608
-1,-0.5,-0.2,0.25,0.7,0.3,-1.067840952464,-0.473227791934076,-0.175985788923882,0.291278907125361,0.752001902398749,0.282056280949856,0.28660858699232,0.142152099718322,0.0341592757671565,0.0619799516284755,0.0373312159770825,0.170056799646438
-1,-0.5,-0.2,0.25,0.7,0.3,-1.0122010612606,-0.552374384279715,-0.229747393881751,0.215421646454944,0.783141016410127,0.427191781151928,0.311806574334222,0.164979193392453,0.0331164617874397,0.0642827611554413,0.0372775820590173,0.201944908819407
-1,-0.5,-0.2,0.25,0.7,0.3,-1.02359559464764,-0.501787282259798,-0.160636746830528,0.253590547520307,0.693870293804196,0.184060309831754,0.356511019118941,0.168333233639002,0.0362013689655213,0.0640896318120489,0.0379574510064179,0.167021555583837
-1,-0.5,-0.2,0.25,0.7,0.3,-1.07426056345073,-0.474585551694844,-0.156176243079344,0.262972618875742,0.696977176377978,0.325106215399455,0.360766490022217,0.171732601882704,0.0355107369239169,0.0653279370479347,0.0358371972779179,0.187394027645368
-1,-0.5,-0.2,0.25,0.7,0.3,-0.968770740577297,-0.534662506728951,-0.163925625761631,0.257005311255631,0.741277868706002,0.167804477819207,0.331588695902567,0.161805463801934,0.0343480338662425,0.065387669578447,0.0366400982228665,0.17202647556405
-1,-0.5,-0.2,0.25,0.7,0.3,-1.10008868252643,-0.444493138149506,-0.280990090894225,0.407742602176183,0.675761186723675,0.0153764459067355,0.351807568142747,0.17224799918379,0.037557593940742,0.0714818796060853,0.0365577915311671,0.177449479280774
-1,-0.5,-0.2,0.25,0.7,0.3,-1.04039876739669,-0.437341748907882,-0.239748607820115,0.158489677694998,0.644749139473238,0.541856974007164,0.457049728171957,0.222729663206966,0.0419159714809196,0.064388465707171,0.0352858690002303,0.217393278234455
-1,-0.5,-0.2,0.25,0.7,0.3,-0.920847559411453,-0.604674919572921,-0.297587339533425,0.29617637123477,0.77162244662156,0.334200059473899,0.284881076087285,0.148694913329783,0.029501434760378,0.0669702040799856,0.0370574982198058,0.196191215170612
-1,-0.5,-0.2,0.25,0.7,0.3,-1.11955882430659,-0.424820248181044,-0.205469415726634,0.392354637673208,0.724623495765701,0.0547883270743252,0.309520726591629,0.162009988370211,0.0351807118223351,0.0702406459847972,0.037935180844917,0.178146729584276
-1,-0.5,-0.2,0.25,0.7,0.3,-1.1031881858774,-0.509405419043515,-0.210755063183879,0.246137128450069,0.720950461341393,0.214873937383941,0.407068684497062,0.201581645479294,0.0357557944881305,0.0638489781688582,0.0371715952749457,0.168494317686023
-1,-0.5,-0.2,0.25,0.7,0.3,-1.08280744835231,-0.525766735767387,-0.208636916300294,0.309764375653476,0.745780773060313,0.116512221445476,0.289939864729951,0.14525022516999,0.0364585890844503,0.0653166587078991,0.0389187450573369,0.165934331011131
-1,-0.5,-0.2,0.25,0.7,0.3,-1.15508066730475,-0.428411791691154,-0.199070280416833,0.270565115695776,0.703720523517624,0.44395804324488,0.348183423907126,0.174604403569204,0.0305895635910598,0.0669717341474052,0.0371291719571878,0.213655696692819
-1,-0.5,-0.2,0.25,0.7,0.3,-0.947326324171551,-0.531998652299029,-0.181517252144475,0.285798797218018,0.716450378704463,0.20787166402468,0.364162779781416,0.182846679172234,0.0364000436196672,0.0664856566795844,0.0365863109920863,0.179386680498077
-1,-0.5,-0.2,0.25,0.7,0.3,-0.936126910115552,-0.592877115859983,-0.20312733978122,0.137801147810319,0.763870208144342,0.617374004653836,0.326630844279039,0.166353192278769,0.0364740176932994,0.059813446741701,0.0363460711296551,0.210529230111151
-1,-0.5,-0.2,0.25,0.7,0.3,-1.13738822300183,-0.44257212403472,-0.151058714401428,0.337897480184101,0.643600130382972,0.241241877599216,0.386350108864361,0.187187860527616,0.0361911682269433,0.0637597277632528,0.0378504821358551,0.172335915398794
-1,-0.5,-0.2,0.25,0.7,0.3,-0.874177998773741,-0.599220561437696,-0.186912707087716,0.246645712606753,0.710009067988372,0.409210811136237,0.356152065974563,0.17824608480682,0.0372284576774222,0.067165761470427,0.0363553503062789,0.207781635079873
-1,-0.5,-0.2,0.25,0.7,0.3,-0.971816247502858,-0.55785803574824,-0.211915909224485,0.211781540310961,0.75056822453178,0.563993688254552,0.325793934051174,0.164465818487154,0.0328549586598989,0.0665131234956714,0.0357759119393423,0.231704645858284
-1,-0.5,-0.2,0.25,0.7,0.3,-1.1604259906611,-0.46234039683556,-0.135689278457451,0.281086272383097,0.721446957255826,0.304648345029051,0.287630337720819,0.144723657531452,0.0335788064469179,0.0653251455749864,0.0375082488137591,0.190515306817103
-1,-0.5,-0.2,0.25,0.7,0.3,-1.10843309179053,-0.390121852744942,-0.273022204443967,0.225117730490779,0.683630839591645,0.511986996746003,0.388879361131697,0.189948114245452,0.033041168369756,0.0664034645279322,0.0347027345200017,0.226661615483279
-1,-0.5,-0.2,0.25,0.7,0.3,-1.04081038976932,-0.443846344654802,-0.195744149142635,0.294211901653683,0.660245632047776,0.191712780621522,0.489005871119477,0.238479361547641,0.036841438712681,0.0698194691439885,0.0371104673619914,0.188542306143296
-1,-0.5,-0.2,0.25,0.7,0.3,-1.05322728175712,-0.481677997292258,-0.263505674276077,0.337240616978622,0.731530320487116,0.0519830328496399,0.319821499169021,0.164148570844214,0.0360491768275135,0.0744745208271543,0.03746910494029,0.188958341308196
-1,-0.5,-0.2,0.25,0.7,0.3,-1.09412302074181,-0.438358900466842,-0.179660876392405,0.290315966530822,0.699537750830559,0.294615719032799,0.318215256204465,0.150855889532184,0.0324363737383124,0.0652424691159765,0.0369615344798558,0.183829186339453
-1,-0.5,-0.2,0.25,0.7,0.3,-0.949041617182018,-0.513328785609164,-0.147071257143307,0.239768785865582,0.698518782552315,0.326436717831281,0.353964398973317,0.171809624441439,0.0366082075155882,0.064190041771214,0.0369427360494671,0.186502663559276
-1,-0.5,-0.2,0.25,0.7,0.3,-0.971688759803862,-0.502765356864361,-0.225684162952188,0.240430120080664,0.670776048808525,0.38846191506739,0.327970713434487,0.154888454108921,0.0376200228262184,0.0616233233739832,0.0379683067703347,0.17915732974066
-1,-0.5,-0.2,0.25,0.7,0.3,-1.13864751167135,-0.393746284409707,-0.162159424024667,0.397758427480321,0.685775074925161,0.0227824083421428,0.343512782051287,0.168132694944537,0.0350258093818194,0.0695809419045586,0.0378695890287478,0.168712194476381
-1,-0.5,-0.2,0.25,0.7,0.3,-1.15504056338957,-0.379533764740319,-0.162359509271847,0.272258390372033,0.685526381354127,0.331613196311584,0.339491615992214,0.158588697073826,0.0347514344491198,0.0613290823870387,0.0373313199338822,0.175236459940162
-1,-0.5,-0.2,0.25,0.7,0.3,-0.91244675120079,-0.574510549314198,-0.237993186201815,0.159065025680845,0.750375901157386,0.4530427218723,0.334354418435008,0.172944046060056,0.0384374042660435,0.0614961588924755,0.0366662902023498,0.188302544140629
-1,-0.5,-0.2,0.25,0.7,0.3,-1.02982611618078,-0.486498238575998,-0.248064523077845,0.297685353132439,0.722636064531984,0.210871735995531,0.31279358060693,0.161007492705347,0.0367811192164559,0.0675082070992399,0.0375814619656953,0.186190692889698
-1,-0.5,-0.2,0.25,0.7,0.3,-0.990898313957006,-0.51766287251853,-0.18090582400309,0.253906298403168,0.72174536748347,0.386689755094916,0.322942252671054,0.167861717549361,0.035161228004895,0.0624674310634813,0.0371035743904168,0.18420848530682
-1,-0.5,-0.2,0.25,0.7,0.3,-1.06400901794674,-0.438160236982055,-0.226324185277202,0.321412025416305,0.659747145824208,0.164515142599979,0.381090727718215,0.184934882123133,0.0376106828373309,0.0700544761304284,0.0364704931243945,0.189636503141098
-1,-0.5,-0.2,0.25,0.7,0.3,-0.95599282445533,-0.538021960111875,-0.19806839655655,0.121262267285378,0.696641865090249,0.619975686259913,0.35241477789566,0.173164251620029,0.0381906274294657,0.0614111543214248,0.0363664626586448,0.218177975959133
-1,-0.5,-0.2,0.25,0.7,0.3,-0.906091809340007,-0.571621974177755,-0.242434812331988,0.2126328438319,0.733748291399842,0.38050479642708,0.346395445256269,0.171282635548873,0.0383588713626074,0.0696615706397894,0.0364004292445029,0.21514868993769
-1,-0.5,-0.2,0.25,0.7,0.3,-0.999398047373103,-0.534083463946817,-0.236254301107716,0.37354470466987,0.745382106205526,0.107104980952362,0.297899786144531,0.14706495687444,0.0312405365901517,0.0713906525140616,0.0369754169271226,0.181583032543985
-1,-0.5,-0.2,0.25,0.7,0.3,-0.875005737014307,-0.612221318323123,-0.184125746780613,0.223287470798284,0.742112452414642,0.321754187516265,0.400879651888321,0.207773331353988,0.0357796561006118,0.0673505587299541,0.0351891188207602,0.196541692509732
-1,-0.5,-0.2,0.25,0.7,0.3,-0.863897460090768,-0.608652409416326,-0.280817326998508,0.205631953803214,0.729673342935388,0.392160346820057,0.327127124370387,0.165160370859591,0.0372526589899436,0.0619296258679461,0.0373538871364769,0.186277714707932
-1,-0.5,-0.2,0.25,0.7,0.3,-1.05443612225046,-0.473994164591501,-0.228261637064046,0.25111174473692,0.734399544091734,0.329554961105417,0.345305975561111,0.174035430392965,0.0340726941391498,0.0622871734627669,0.0367900740233507,0.178745139177657
-1,-0.5,-0.2,0.25,0.7,0.3,-1.04590531592245,-0.456900705864959,-0.160388516861387,0.244081813949735,0.654360798513035,0.420596609454161,0.403128511163127,0.192435253437466,0.0368912567157329,0.0670344178247692,0.0367291050599603,0.210257280806947
-1,-0.5,-0.2,0.25,0.7,0.3,-1.01694045922374,-0.472539671880813,-0.149949936413055,0.313462650245638,0.655535124002103,0.10528264860913,0.45383427304553,0.218289366626017,0.0398290157906594,0.0695444323387467,0.0378454371209506,0.175376437849624
-1,-0.5,-0.2,0.25,0.7,0.3,-1.02883465883203,-0.501593540930079,-0.218255604309494,0.293766934910658,0.656149007679576,0.124288082417045,0.398190282060219,0.195501381498864,0.0385693007920315,0.0645094010001044,0.0363303107522542,0.162816564979743
-1,-0.5,-0.2,0.25,0.7,0.3,-0.970026352061156,-0.541051312599858,-0.17495779944704,0.245428626480361,0.721099118581646,0.374684288882344,0.332063082827702,0.163082214435117,0.0312841615931397,0.0676464936963196,0.0363527112664174,0.205637270104304
-1,-0.5,-0.2,0.25,0.7,0.3,-0.931340836198111,-0.562178334456248,-0.182335830064452,0.0540396360594822,0.660669307963733,0.898474533689135,0.414207332239361,0.195509810039711,0.0399152586913131,0.0623409573875616,0.035919493506636,0.264587386978043
-1,-0.5,-0.2,0.25,0.7,0.3,-1.04293818494547,-0.459958320794144,-0.251849404909742,0.157902146352318,0.687640347370828,0.660195970698589,0.344927461148448,0.168299530809708,0.0393880510456365,0.0653196666365268,0.0363646971602761,0.243182687438176
-1,-0.5,-0.2,0.25,0.7,0.3,-0.93386308131034,-0.540951776185423,-0.209379179114256,0.282048594788917,0.728326510171528,0.23019701887867,0.293162736995646,0.147911761870981,0.0352649351456581,0.0647524858414426,0.0373767396113905,0.173160866271939
-1,-0.5,-0.2,0.25,0.7,0.3,-1.10056154978075,-0.40770833012611,-0.149130545311205,0.115183909584466,0.682793408398946,0.724133000668258,0.393231666523535,0.18820511468848,0.0386533858497437,0.0619314899186868,0.0370031246284604,0.240056874628423
-1,-0.5,-0.2,0.25,0.7,0.3,-0.76765023896513,-0.695132365222379,-0.177362201729763,0.221684099381853,0.724722112959065,0.355566924275952,0.35068330408578,0.176200548789813,0.0360302952973908,0.0650225632223326,0.0364292624693257,0.191337482602727
-1,-0.5,-0.2,0.25,0.7,0.3,-1.13264458141881,-0.406568865277401,-0.216239331094063,0.323896197164927,0.747079270779354,0.181231336905213,0.263772680284924,0.134699105007744,0.0315034073632759,0.0650723802323224,0.0376383357938913,0.172026709397703
-1,-0.5,-0.2,0.25,0.7,0.3,-0.995911688551822,-0.48184731680011,-0.265379256312314,0.304027846852452,0.675540793197216,0.0922876617451,0.410147673058477,0.201860379237409,0.0395411614166045,0.0698901850648325,0.0362095739374504,0.179936769015595
-1,-0.5,-0.2,0.25,0.7,0.3,-1.02085394535553,-0.541299329303281,-0.189932920004807,0.339628950173201,0.763062778044233,0.213862617636466,0.285953446759954,0.146295595981069,0.0319011369369471,0.0671407098218731,0.0376812847410195,0.182989548255376
-1,-0.5,-0.2,0.25,0.7,0.3,-0.893105416542799,-0.565852534934347,-0.198075624972129,0.241774829625422,0.755690837154153,0.238384919181304,0.331891697273473,0.163822194857995,0.0322980911921331,0.0680459321289636,0.0371163364721626,0.188966468531088
-1,-0.5,-0.2,0.25,0.7,0.3,-1.1490813153097,-0.438287839903421,-0.143771638871522,0.259838097707972,0.634156648701168,0.425528648603998,0.379537761555822,0.173989940475177,0.0358584398800798,0.0644624069883345,0.0370602233551463,0.201760487759111
-1,-0.5,-0.2,0.25,0.7,0.3,-0.876081873246789,-0.614724568662635,-0.154898830024782,0.218325483272123,0.782560809296156,0.268643826176255,0.344132752503579,0.17948237087445,0.0367896247220985,0.0628411995513776,0.0358044180572274,0.173716231773777
-1,-0.5,-0.2,0.25,0.7,0.3,-0.90663115262147,-0.58166879634881,-0.259311762461692,0.277164558482127,0.720967712304347,0.30579030674621,0.292640531855642,0.142140520108361,0.0352731716156386,0.0671750420353153,0.0378184537546467,0.196168502064103
-1,-0.5,-0.2,0.25,0.7,0.3,-0.9922088160267,-0.511812479354266,-0.173053226942287,0.298004979071725,0.680623763169897,0.255757887945061,0.328963813047903,0.157824326613234,0.0346194217200144,0.0641497806206383,0.038154668069197,0.175287002830261
-1,-0.5,-0.2,0.25,0.7,0.3,-1.03769006792686,-0.466196994817744,-0.237996209490199,0.301126410716405,0.731698083008521,0.30282496732564,0.278636525335858,0.137113209897989,0.0321143901258682,0.068238258299489,0.0393616064176153,0.197817567731818
-1,-0.5,-0.2,0.25,0.7,0.3,-1.13817340532612,-0.483958695095605,-0.243387088697974,0.38395011612143,0.809203775982183,0.123191396303179,0.239219101762429,0.12395177761442,0.0310850531279658,0.0659217186283889,0.0379726471738049,0.166784654023859
-1,-0.5,-0.2,0.25,0.7,0.3,-1.06505418729252,-0.480217834322857,-0.170545915797282,0.278925477921036,0.714825462792831,0.501034744482423,0.297892956647243,0.149695711733087,0.0361152077167995,0.0659044980631984,0.0362830461523459,0.221002016198281
-1,-0.5,-0.2,0.25,0.7,0.3,-0.982528941204197,-0.482945829569029,-0.210222488713482,0.214154277428549,0.657317760622511,0.327961520604919,0.405735296539866,0.187834438863617,0.0380652828788009,0.0681937861288626,0.0360582667827795,0.1998684797001
-1,-0.5,-0.2,0.25,0.7,0.3,-1.05047440606189,-0.454945683514539,-0.196873118838154,0.187283184991399,0.697307483171907,0.508077161162035,0.39992105605408,0.188644325029119,0.0354125694804139,0.0641844724657922,0.0360037127182527,0.210669159408346
-1,-0.5,-0.2,0.25,0.7,0.3,-0.977321760067692,-0.545753874870043,-0.155663923029039,0.232826042174145,0.688240016881698,0.293202408287112,0.357510862008668,0.176869697559109,0.0387166739074343,0.0656877571211172,0.0370431399040451,0.186844440571889
-1,-0.5,-0.2,0.25,0.7,0.3,-1.10166640350995,-0.405644237887835,-0.260103366442135,0.278180580457711,0.693820610184381,0.354940975835373,0.300821536037761,0.14564629395187,0.0357518817461807,0.0672359822424315,0.0381093976223701,0.205457499568313
-1,-0.5,-0.2,0.25,0.7,0.3,-1.02777718107863,-0.466893839135193,-0.218640329446041,0.273681666378264,0.678837437939518,0.364301879359443,0.34133693719623,0.169927918666179,0.0357127406816331,0.0675767953475747,0.0370181137259017,0.204660458798766
-1,-0.5,-0.2,0.25,0.7,0.3,-1.14600110640049,-0.341590665656731,-0.136299675157667,0.324052111519958,0.749015691378815,0.164216144672375,0.311735977444196,0.163265279414126,0.0353676713464757,0.0641950883860449,0.0372849565456363,0.166435958819111
-1,-0.5,-0.2,0.25,0.7,0.3,-1.01473782609583,-0.477142344568258,-0.19963671013802,0.280037057647712,0.676999897734952,0.15947206541586,0.379324693201589,0.183277740993368,0.034985479383614,0.0654396970843073,0.0382186179268636,0.169504033006849
-1,-0.5,-0.2,0.25,0.7,0.3,-0.983198085286061,-0.512731225375528,-0.241135077038678,0.360436186405947,0.68899038836378,0.0422036894876704,0.313856044500678,0.154314470282025,0.0332097454292002,0.0681650540930608,0.0384256275042129,0.169855026828612
-1,-0.5,-0.2,0.25,0.7,0.3,-1.00907868721491,-0.481612664930705,-0.196718247650774,0.260539525357881,0.728880420753044,0.351109807199825,0.398734476400136,0.200063953035548,0.0324056782927447,0.0648775097902706,0.0353443177462321,0.191142571381441
-1,-0.5,-0.2,0.25,0.7,0.3,-0.939016257708833,-0.579512744461311,-0.241678265602293,0.252475998998304,0.723982395446559,0.172036055214988,0.37576843818979,0.186757726974659,0.0356939314714138,0.071523155514424,0.0382594430763786,0.193399183985353
-1,-0.5,-0.2,0.25,0.7,0.3,-0.904757405259367,-0.591606882385392,-0.212505061772842,0.110012718615421,0.731991529640216,0.817821525092689,0.307850700702798,0.146058804721046,0.0384495330495709,0.061110837521372,0.0358746851287563,0.247332414920849
-1,-0.5,-0.2,0.25,0.7,0.3,-1.17792991977289,-0.362841723448006,-0.153577588250554,0.407438276383637,0.659299567740688,0.148435096011851,0.31852171354588,0.149735648171779,0.0333000063351811,0.0625889221365197,0.0367824747922128,0.16025498339691
-1,-0.5,-0.2,0.25,0.7,0.3,-1.09822014795285,-0.465529323269107,-0.144982492216542,0.151891915839042,0.712462424414719,0.646052512569533,0.371714856292378,0.183727216550036,0.0363170794606191,0.0635719114875529,0.0378165011066461,0.226257002014155
-1,-0.5,-0.2,0.25,0.7,0.3,-0.994257471837812,-0.460912523293004,-0.184731409308955,0.293176450094193,0.723721254446159,0.176143713032773,0.306389350405251,0.153348840994013,0.0387836660227318,0.0688122075899217,0.036692738073363,0.179609292236078
-1,-0.5,-0.2,0.25,0.7,0.3,-0.969986982016313,-0.558651946836606,-0.22089820593569,0.166367934310616,0.749660340811823,0.793357631518602,0.31167631140227,0.15467283334279,0.0318233332842512,0.0623019543325748,0.0359654930469227,0.24760756846815
-1,-0.5,-0.2,0.25,0.7,0.3,-1.11411728469092,-0.34019198867848,-0.224469537264664,0.129626036538652,0.655986320297972,0.74588261030071,0.386377766268295,0.181578152588391,0.0379110851806605,0.0617307784959342,0.0383510521876481,0.235572769694391
-1,-0.5,-0.2,0.25,0.7,0.3,-0.998590461973026,-0.520297903191883,-0.2057752406995,0.247359777648131,0.69185596656586,0.550024110143355,0.355793741324702,0.17867295289439,0.0353414840638386,0.0663180383970677,0.0348550165734935,0.231896080717056
-1,-0.5,-0.2,0.25,0.7,0.3,-1.02776555373573,-0.468392622494285,-0.208898004667738,0.35880072638909,0.709022617127889,0.0736423775716576,0.323694989625238,0.160929405681505,0.0343246605277702,0.0675348075735153,0.0379717698699143,0.170565820186515
-1,-0.5,-0.2,0.25,0.7,0.3,-1.04807391624766,-0.515583359634693,-0.220020728501676,0.316259468563535,0.702591992568551,0.107149908779735,0.294553923740085,0.146463386515164,0.0365602338453192,0.0668477386550722,0.0389955907356712,0.171163263922767
-1,-0.5,-0.2,0.25,0.7,0.3,-0.947596646216084,-0.554576165672471,-0.197822020299303,0.193466990589092,0.743921859882624,0.555250721694511,0.34001518351833,0.164170029093528,0.0345990389115871,0.063555432586826,0.0354866972289372,0.213388861475797
-1,-0.5,-0.2,0.25,0.7,0.3,-0.869424667320928,-0.568950866005483,-0.208702930323914,0.1998999885698,0.678729526015919,0.376379346082367,0.330130470847472,0.152307931253319,0.0363904119757322,0.0635994353133614,0.0378876928244354,0.192004519850653
-1,-0.5,-0.2,0.25,0.7,0.3,-1.03595132749627,-0.494656864045268,-0.20307962484757,0.278865951463838,0.651311541242313,0.197833049468293,0.426677779168941,0.201930621415118,0.03824459650602,0.0647260564266842,0.038456428585924,0.169808872197887
-1,-0.5,-0.2,0.25,0.7,0.3,-1.16132354404015,-0.423823802503202,-0.196203727249564,0.31189430058525,0.696469811258925,0.23705063435674,0.321985449492206,0.159477097136407,0.0344516606136966,0.0682642037100723,0.0363528073565906,0.187943645021594
-1,-0.5,-0.2,0.25,0.7,0.3,-1.01316131548087,-0.450702396498001,-0.16236669278524,0.314317960043972,0.737362891112368,-0.0010481497349341,0.33183791640741,0.170477634883952,0.0355193313767009,0.0690666297269284,0.0374821915510447,0.165222857161871
-1,-0.5,-0.2,0.25,0.7,0.3,-0.898701518476796,-0.646454669562002,-0.215558541670388,0.164972968939993,0.719447093472533,0.511840434052265,0.390259095960322,0.19885999789961,0.036160855421819,0.0641862261336984,0.0367316434628234,0.205293035264905
-1,-0.5,-0.2,0.25,0.7,0.3,-1.10176711823895,-0.431195397854309,-0.209816475641969,0.310483835639708,0.692615953921023,0.351347224528628,0.346992749608556,0.168304719080689,0.0334305186168072,0.0657838994611575,0.0368546381907355,0.194485442801546
-1,-0.5,-0.2,0.25,0.7,0.3,-1.04892937038462,-0.48133056287392,-0.135056300567355,0.342739249699401,0.668053394204593,-0.00374327972341849,0.402566019992107,0.188858306502104,0.0401759371258908,0.0668428163368796,0.0380525457737952,0.15687504519866
-1,-0.5,-0.2,0.25,0.7,0.3,-0.910384981031667,-0.59255358987759,-0.199320410012509,0.319353680444774,0.661258128907588,0.219340705637986,0.336955847438697,0.158111784744413,0.0364914569568497,0.0626368164822837,0.0388455522086333,0.168569548802381
-1,-0.5,-0.2,0.25,0.7,0.3,-1.06412220912736,-0.462514715932952,-0.119943057960885,0.294448163691478,0.731803007283135,0.0481248125311082,0.315581713497211,0.158029334669527,0.0381092094652314,0.0665829340126354,0.0381433892693195,0.165332721392589
-1,-0.5,-0.2,0.25,0.7,0.3,-1.01309252930996,-0.469296407270842,-0.215616183198273,0.323520357367379,0.700812838166785,0.183973272580971,0.328588451704508,0.159189478871344,0.0358400535800588,0.0651152371709156,0.0367853895387739,0.171296580657014
-1,-0.5,-0.2,0.25,0.7,0.3,-0.989750813563317,-0.471886584611789,-0.187757996016345,0.292160051161149,0.695286922075858,0.227576438275122,0.33154046803355,0.166913966332483,0.0382076036521319,0.068676525909056,0.0367463444917501,0.187878264276422
-1,-0.5,-0.2,0.25,0.7,0.3,-1.11306910514335,-0.451225021399231,-0.289308459290691,0.238851237980505,0.668043517951319,0.225134561263018,0.394362116096478,0.186207772426922,0.0402377020810775,0.0634569222136569,0.0362667552878008,0.170876255402035
-1,-0.5,-0.2,0.25,0.7,0.3,-1.07057432279027,-0.432076709644316,-0.153856551508146,0.252404427411791,0.678809534048363,0.340991773551675,0.36492824118552,0.17719226822451,0.037387708473207,0.0651474992135492,0.0363268698832919,0.190967138126137
-1,-0.5,-0.2,0.25,0.7,0.3,-0.987697581563486,-0.56901039380685,-0.256192167627858,0.341895309711328,0.672856775983887,0.0793294892850982,0.450058459659629,0.211419113232206,0.0372019601909447,0.0714330838123249,0.0381325141034412,0.178064050606406
-1,-0.5,-0.2,0.25,0.7,0.3,-0.984091024040115,-0.509791694153249,-0.124714243189583,0.259316718080614,0.703464165607406,0.398636168723855,0.359680635268668,0.176484739444749,0.0357715249726762,0.0634957706675802,0.036602109509615,0.1916454586725
-1,-0.5,-0.2,0.25,0.7,0.3,-1.018762360087,-0.472825975966746,-0.216393173812469,0.244529362743377,0.687082170207319,0.299559664477053,0.322503465536891,0.155910668796223,0.0374345876012324,0.0616338461974717,0.0366157400394974,0.172890310481873
-1,-0.5,-0.2,0.25,0.7,0.3,-0.977785188456235,-0.494748110041336,-0.183129063960963,0.241978866076482,0.693758257114409,0.27438534312146,0.385979584744493,0.190527536447558,0.0398727676251356,0.0674068174037863,0.0367592344270847,0.192872539685794
-1,-0.5,-0.2,0.25,0.7,0.3,-0.93754188839694,-0.506390525377852,-0.158917795194015,0.279332389441836,0.699340100425095,0.249956659708641,0.326495774451098,0.160919879181044,0.0376825674295689,0.0701202473200966,0.0380680132053824,0.196672457409163
-1,-0.5,-0.2,0.25,0.7,0.3,-0.959010061139197,-0.539532985823583,-0.162951654689794,0.165514447615777,0.651206404762101,0.758774412549291,0.342725859585917,0.160696245129368,0.0370846830681803,0.0670182535183125,0.0359806514851852,0.272062124353436
-1,-0.5,-0.2,0.25,0.7,0.3,-0.992451214266074,-0.411764244285482,-0.27750757698269,0.23215557969755,0.679578820031734,0.211234888765859,0.378343021190859,0.185951224898862,0.0373662953734324,0.0633924101904514,0.0372351606377448,0.170166439626662
-1,-0.5,-0.2,0.25,0.7,0.3,-1.00060434537336,-0.504936446729831,-0.202530682583327,0.215778727106292,0.677202975485781,0.248988074325725,0.384491533819902,0.186038587663529,0.0360017612826109,0.0604802214913004,0.0372132242717241,0.160648241265925
-1,-0.5,-0.2,0.25,0.7,0.3,-1.126840160752,-0.427696877191719,-0.156518492117466,0.278132269683832,0.730180776198107,0.449738195810143,0.369231314462164,0.188309022290453,0.0312876356145091,0.0655159114070942,0.0353167046387462,0.211088881795156
-1,-0.5,-0.2,0.25,0.7,0.3,-0.91159912369802,-0.543659647029761,-0.245740977684103,0.169724590286765,0.633523681311785,0.392789621682104,0.424927140647321,0.198645295409251,0.0421536739257576,0.0652567037950614,0.0358034835392876,0.201439792262005
-1,-0.5,-0.2,0.25,0.7,0.3,-0.951278532841945,-0.536172222817801,-0.208086086274045,0.251995860380247,0.706478069539046,0.391372869715816,0.286298316854478,0.138249027845709,0.0314574891652938,0.0665629470527286,0.0381249045883401,0.211402811630767
-1,-0.5,-0.2,0.25,0.7,0.3,-0.909960339764073,-0.625773259936212,-0.179715109664682,0.286773948966831,0.746766009010571,0.221049060737971,0.289446831833254,0.142285420257737,0.0326984308168379,0.0653049789048094,0.0367427351519265,0.176830087683702
-1,-0.5,-0.2,0.25,0.7,0.3,-0.881644887210413,-0.607954726678994,-0.134593672601409,0.206467206324025,0.729383423067151,0.256319240563458,0.331175196705568,0.171076368932297,0.0379817461556972,0.064326009186313,0.037604314904771,0.17624193815715
-1,-0.5,-0.2,0.25,0.7,0.3,-1.08644109784343,-0.42923761677166,-0.205615300077254,0.351125236284937,0.728252545400595,0.00598838252294769,0.317555340542013,0.159344450922674,0.0336547768851381,0.0694105060076521,0.0374202171357729,0.165681381234112
-1,-0.5,-0.2,0.25,0.7,0.3,-1.07532172443712,-0.456935029021836,-0.262127940247003,0.21735814589912,0.689047859063278,0.482538537960659,0.372468593579744,0.17844991663207,0.0339537602843654,0.0659668015668298,0.0348652457335468,0.215405097847271
-1,-0.5,-0.2,0.25,0.7,0.3,-0.971948901582846,-0.49722758818261,-0.203189382772072,0.260041835956297,0.718958959116727,0.139416501257297,0.301737342432619,0.150400047542302,0.038178641942993,0.068088655158966,0.0397712560684404,0.181401317885049
-1,-0.5,-0.2,0.25,0.7,0.3,-0.964701731209931,-0.542666117031074,-0.147572015066913,0.223081690977049,0.731920626823533,0.414951665419518,0.289584673999288,0.145272452736418,0.0365467650875709,0.0581687537083611,0.0370093330524711,0.175574784939818
-1,-0.5,-0.2,0.25,0.7,0.3,-1.00193573479932,-0.466619206611614,-0.142620502205303,0.241233018918645,0.688227518289292,0.319563864672142,0.370071033774586,0.179455248252348,0.0377944621718454,0.0630784689753285,0.0374856017611415,0.17797014989169
-1,-0.5,-0.2,0.25,0.7,0.3,-1.0876093631111,-0.42430202528079,-0.196855984689998,0.232409817128666,0.698398650206664,0.446728222826325,0.393110887645694,0.193056272826233,0.0356970983898213,0.0663020173791859,0.0373034777813517,0.211764834148758
-1,-0.5,-0.2,0.25,0.7,0.3,-0.963612045474941,-0.524323416196847,-0.220280999996512,0.151904345151312,0.713439082715938,0.802571319096693,0.306958117557444,0.142122301178373,0.0348148054085321,0.066944407788221,0.0368114938736888,0.279524901223263
-1,-0.5,-0.2,0.25,0.7,0.3,-1.0609528994497,-0.454178131075604,-0.185468768202479,0.416525340613762,0.627492939816692,-0.12373613054571,0.367654505286272,0.174139972756766,0.0396931021382008,0.0677172552264693,0.0382050269119456,0.151721245379516
-1,-0.5,-0.2,0.25,0.7,0.3,-0.941084575427071,-0.553968816099975,-0.227997441942024,0.246318232412975,0.722322844169295,0.302028119961817,0.330531129579008,0.166941670822943,0.0347488298663019,0.0662629530871567,0.0374389315102648,0.18758980256343
-1,-0.5,-0.2,0.25,0.7,0.3,-1.04166118036598,-0.468014699670371,-0.17931417445691,0.178053364946399,0.74185435136018,0.609527733824784,0.317621050860856,0.160882843331152,0.0336316355386863,0.0640752586407916,0.0366271611472862,0.22668471428634
-1,-0.5,-0.2,0.25,0.7,0.3,-0.955375273234082,-0.511499171992148,-0.198727581581359,0.304052260522837,0.748617681539735,0.0698140933048535,0.310892023053591,0.15992328780909,0.0351829624772499,0.0657457248529363,0.0390340812223844,0.161117460090837
-1,-0.5,-0.2,0.25,0.7,0.3,-0.980952344912249,-0.551777108461043,-0.15259220080852,0.212539702125598,0.719099412717884,0.543886427023155,0.317802231421445,0.157103878025326,0.034700490726453,0.0654013356662183,0.0373743218302075,0.224335301823463
-1,-0.5,-0.2,0.25,0.7,0.3,-0.929985215647544,-0.52873303333115,-0.20387172260642,0.0983563280573843,0.651279308470839,0.725841356615801,0.409658234930173,0.186193226945492,0.0368099762587911,0.066418906867269,0.0371452234786973,0.261168024839845
-1,-0.5,-0.2,0.25,0.7,0.3,-0.974746310839753,-0.535949980842258,-0.22257077227392,0.153416896579844,0.710186135892207,0.557878049403483,0.301706248916171,0.14600351536586,0.0380783836977584,0.0649266024391059,0.0365029880023403,0.223413622539458
-1,-0.5,-0.2,0.25,0.7,0.3,-0.963703959849128,-0.534002976572341,-0.271353867231997,0.161058146360819,0.673716578772344,0.497339973183755,0.328424489279135,0.157110346642432,0.0374465803546275,0.0629659182261736,0.0377346964486408,0.201788870793905
-1,-0.5,-0.2,0.25,0.7,0.3,-0.847846441321372,-0.578261940267947,-0.226601659577359,0.147731516639,0.718673858746895,0.412451450350309,0.370418876289788,0.183356627629359,0.0407163325453017,0.0622672058181084,0.0377412353428211,0.186423504134702
-1,-0.5,-0.2,0.25,0.7,0.3,-0.919502265687195,-0.641885819317043,-0.211479935715434,0.299664125566816,0.799984763743024,0.307009670378992,0.274900125551354,0.142529101172842,0.033012413929919,0.0666365882592233,0.0363021328046489,0.189689683336948
-1,-0.5,-0.2,0.25,0.7,0.3,-1.05920264751047,-0.460122505773786,-0.212810570608257,0.360375637416164,0.703471670797231,0.0644854347020729,0.317737042830397,0.162445579029762,0.0360284959912553,0.0746762658130635,0.0375756278481725,0.191696569481571
-1,-0.5,-0.2,0.25,0.7,0.3,-0.921897252112853,-0.593207242813496,-0.152004285774093,0.368636810974532,0.710660909946908,-0.0556335002088729,0.306916276249646,0.153770572456387,0.0369459406466406,0.0655258011784524,0.0379893363979097,0.151746038305368
-1,-0.5,-0.2,0.25,0.7,0.3,-0.908409562616096,-0.5585115516515,-0.17721400670306,0.184340640647702,0.70461518557991,0.501216443037202,0.317108071934609,0.15407860754519,0.0392299764746435,0.0643444929778406,0.0371127281353846,0.209863726663502
-1,-0.5,-0.2,0.25,0.7,0.3,-0.842234856812418,-0.608287299907265,-0.162334701871082,0.302671361324705,0.653454330097208,0.194501972940135,0.341252981296863,0.163281016083397,0.0378502979727251,0.0690441440878421,0.0361804248940868,0.190811453958619
-1,-0.5,-0.2,0.25,0.7,0.3,-1.02269671790941,-0.486488197419071,-0.172505555295094,0.269214942924432,0.681124125963415,0.140455700468968,0.418576570569107,0.207084236648671,0.0383530147143159,0.0678224707083263,0.0365183821032692,0.174837567184906
-1,-0.5,-0.2,0.25,0.7,0.3,-0.975645332905943,-0.485575422628354,-0.207915760387021,0.250868407219529,0.717413444154106,0.32936869937682,0.364946436330422,0.182778388976567,0.0371567879733558,0.0643608311814368,0.0361221472810168,0.187832774168654
-1,-0.5,-0.2,0.25,0.7,0.3,-1.00869463280351,-0.533897755298775,-0.17426993014846,0.35466662236235,0.817172919532803,0.232309686030399,0.220608073983998,0.110577895515176,0.0277136671325699,0.0649010725344742,0.0375275700335383,0.180500696945205
-1,-0.5,-0.2,0.25,0.7,0.3,-1.08795101415232,-0.477737840117937,-0.171505064911507,0.246867386950595,0.706520618183252,0.341437110828849,0.335344176975079,0.169627700078119,0.038330778279848,0.0655076834503191,0.037633476168417,0.195438820475713
-1,-0.5,-0.2,0.25,0.7,0.3,-1.11024379403516,-0.475603797333055,-0.198035651701337,0.336088784539752,0.691674081715972,0.245012749508399,0.323098469299388,0.159341296120797,0.0353661410885341,0.0696396277409302,0.038001542768208,0.196040032205025
-1,-0.5,-0.2,0.25,0.7,0.3,-1.03035990450625,-0.482065959592499,-0.185093606566965,0.309104748111662,0.719378594158026,0.194366409175227,0.304676058554115,0.150364438829034,0.0377840607744688,0.0732772272988711,0.0368061953422159,0.201725019427589
-1,-0.5,-0.2,0.25,0.7,0.3,-1.00614450500184,-0.510964645114684,-0.288384116000109,0.194952511112689,0.677371345560072,0.374190945696066,0.374208662364807,0.176796962235298,0.038496804367479,0.0658786896690484,0.0359835021266714,0.199601159527345
-1,-0.5,-0.2,0.25,0.7,0.3,-0.932972171717074,-0.545585147327011,-0.175130745411029,0.237012360540333,0.718400307086355,0.193418611141524,0.318293139761263,0.154622752506664,0.038140987521611,0.0709147336570308,0.0387338853493126,0.189069531598824
-1,-0.5,-0.2,0.25,0.7,0.3,-1.10582547958887,-0.449986214532773,-0.200966468450645,0.42783669793299,0.746796938288391,-0.0851160697140327,0.25877050789234,0.13029965203569,0.0345565015068852,0.0700074782405352,0.0384114039696087,0.161500665308823
-1,-0.5,-0.2,0.25,0.7,0.3,-0.929307453534229,-0.575436523576034,-0.241659040554893,0.213375267653728,0.720070392387072,0.361434815670521,0.341677738451042,0.170541642260097,0.0361443553082926,0.0678918660773324,0.0371066371058228,0.205711427311374
-1,-0.5,-0.2,0.25,0.7,0.3,-1.00854858025521,-0.531108693273996,-0.248448493672761,0.219787880431342,0.750693862979273,0.55966817728598,0.274092886077718,0.134624335831571,0.031665404415516,0.0619323804303299,0.0373645542162839,0.208020740178488
-1,-0.5,-0.2,0.25,0.7,0.3,-0.972791368438425,-0.552815331823411,-0.164006601175517,0.319873871089578,0.714265884805999,0.192616200912009,0.351505600745318,0.169811073957251,0.0330319864332194,0.0672668793961855,0.0381749116215535,0.178787518815137
-1,-0.5,-0.2,0.25,0.7,0.3,-1.02305950647886,-0.539167933062081,-0.178484595749039,0.241417020808461,0.721891388924426,0.359476256462545,0.347142514607251,0.178100549176426,0.0360572516364998,0.0630312064705706,0.0377477795650353,0.183635808397915
-1,-0.5,-0.2,0.25,0.7,0.3,-1.12467628767344,-0.434107082639904,-0.254339360657271,0.213263802556971,0.667629356453302,0.672946634568885,0.357920585199117,0.161370473689185,0.0366087706358773,0.0633244426092774,0.0361567194988291,0.234578869990502
-1,-0.5,-0.2,0.25,0.7,0.3,-1.08058889434024,-0.462604882537127,-0.170900819575119,0.297645360468756,0.690001296173336,0.251297608039701,0.366047300158554,0.175101316935472,0.0329002544438282,0.0619793525305442,0.0386057974485525,0.16424031272727
-1,-0.5,-0.2,0.25,0.7,0.3,-1.0677186768969,-0.431352792290032,-0.200807572026134,0.285900197116147,0.753076752953994,0.213000855653024,0.312162858962562,0.157197572910187,0.0349113301267842,0.0646614958421589,0.0376670744385751,0.172887340461366
-1,-0.5,-0.2,0.25,0.7,0.3,-0.780656410284197,-0.63788671402634,-0.20623909090408,0.0271034769892593,0.713544812060078,1.03218274233604,0.344095914772528,0.162806160623952,0.037284727122611,0.0648209925710056,0.0350529793253434,0.324935411907849
-1,-0.5,-0.2,0.25,0.7,0.3,-1.07541287977011,-0.49645782936806,-0.230930921604858,0.335176158856204,0.711852861120381,0.360807435297501,0.301152439601608,0.151711160879367,0.03351139035375,0.0646376251259486,0.0372693341324178,0.193044045513954
-1,-0.5,-0.2,0.25,0.7,0.3,-1.05108392717639,-0.390269525718646,-0.210610467862041,0.243899091535431,0.661335201821308,0.386267399194004,0.385236149779685,0.178138111024913,0.0351236127045035,0.0665346665578509,0.0361345004809072,0.201463686390931
-1,-0.5,-0.2,0.25,0.7,0.3,-0.986235959118788,-0.534769762844202,-0.286351643282426,0.22686266333878,0.750798294017255,0.44401988212972,0.311181883659918,0.157187566435141,0.0345421501959872,0.0633852557984599,0.0370920000884003,0.197791747028899
-1,-0.5,-0.2,0.25,0.7,0.3,-0.988368149807069,-0.521396543547293,-0.178929712605967,0.36343753045789,0.653849444628821,0.128147861469425,0.369200458539136,0.174170781576492,0.0348276570732612,0.0665332834956282,0.0377792319062181,0.168612826322276
-1,-0.5,-0.2,0.25,0.7,0.3,-1.1258328080043,-0.365680253986179,-0.241591019710714,0.311957774609923,0.657117379001821,0.10311861401658,0.33946895865979,0.169492631913278,0.0369947324978814,0.0705385940641296,0.0381381290349661,0.184257543938256
-1,-0.5,-0.2,0.25,0.7,0.3,-1.13557735306428,-0.46723012342861,-0.24265852420414,0.339281987800347,0.701029417314574,0.224847571560914,0.318492273986066,0.156061821214519,0.0327781520907778,0.0645401758923633,0.0363360597935597,0.175559572488667
-1,-0.5,-0.2,0.25,0.7,0.3,-0.994847242455467,-0.520651755928568,-0.229060698884503,0.157943902097188,0.703743348185761,0.497889361419235,0.322363257617144,0.151853744744026,0.0358711901469555,0.0672945716351095,0.0368447324094109,0.223993199230109
-1,-0.5,-0.2,0.25,0.7,0.3,-0.928428441634392,-0.538076031348319,-0.267092533930374,0.26622709079893,0.661720078740801,0.238540887594825,0.407129222483078,0.200968328743357,0.0384130537069737,0.067222204047901,0.0364098915268868,0.185031408857195
-1,-0.5,-0.2,0.25,0.7,0.3,-1.03878474903819,-0.467122305658059,-0.194518132133088,0.204429487956882,0.77113566082686,0.431241076476973,0.279809922618725,0.144231658958301,0.0325730791827206,0.0651155162543943,0.0385619157475471,0.206063523959654
-1,-0.5,-0.2,0.25,0.7,0.3,-0.982146281657809,-0.479458684675348,-0.183620670301878,0.22483486227006,0.636899920641832,0.411925356137359,0.352879837471556,0.168055063075115,0.0395333220904579,0.0678462037752907,0.037769749741963,0.213139941012526
-1,-0.5,-0.2,0.25,0.7,0.3,-1.03119332075915,-0.495894222440547,-0.213227193497573,0.35936816844571,0.738221942398139,0.0873755179463479,0.276488955404839,0.137525429872593,0.0319341649581519,0.066940480584112,0.0386319864619779,0.165138793186492
-1,-0.5,-0.2,0.25,0.7,0.3,-1.03007550800722,-0.442512309114546,-0.179752759637592,0.203003848396464,0.699657791719547,0.627249065073552,0.309947254484946,0.146747039423813,0.0340155232980442,0.0623419793555186,0.0370925612590836,0.222917703709386
-1,-0.5,-0.2,0.25,0.7,0.3,-1.11872202139213,-0.363968135675105,-0.194572982476304,0.139757032158831,0.69589520091113,0.771455311761626,0.376166796501502,0.183620875311794,0.0348691909947014,0.0661077704154642,0.0356849121835717,0.269419412919007
-1,-0.5,-0.2,0.25,0.7,0.3,-0.967221660802451,-0.520779529400609,-0.216241598322317,0.252006790891219,0.741244068303393,0.297046571439439,0.307627971872753,0.152359944206013,0.0327608070607408,0.066886758048892,0.0372699588345993,0.19164630787084
-1,-0.5,-0.2,0.25,0.7,0.3,-0.977667667095515,-0.551831230137022,-0.235616451144427,0.318738941410942,0.742015211491861,0.117578492152689,0.323431042533062,0.16005356647254,0.0336131768587021,0.0665484163863238,0.0371844888478892,0.168815758760063
-1,-0.5,-0.2,0.25,0.7,0.3,-1.07471544971882,-0.495978707386314,-0.217069168507614,0.429916019247266,0.732349052529246,0.0407270313489826,0.32775868278353,0.171112033088652,0.0321813429028857,0.0689766408424322,0.0367603995065504,0.16828373077304
-1,-0.5,-0.2,0.25,0.7,0.3,-0.934022424504957,-0.492552834044284,-0.267545275633996,0.247331311126104,0.690831327731792,0.155452776438959,0.385268291582259,0.193019533746991,0.0394783356865931,0.0647208160506681,0.0367333608958905,0.168404988107217
-1,-0.5,-0.2,0.25,0.7,0.3,-0.960585304972115,-0.500201337104544,-0.205189902129901,0.262484305328103,0.740808440994868,0.321009572903249,0.368764359696928,0.183093286972748,0.0347021810868453,0.0658611377096368,0.0358399292022705,0.188150188302728
-1,-0.5,-0.2,0.25,0.7,0.3,-0.994082468750706,-0.524990844232885,-0.228057201826936,0.303666738824753,0.664387991050973,0.30718726006088,0.356439659581908,0.167858409816664,0.0342224162652296,0.0675246350863554,0.0365895926683522,0.19490071026296
-1,-0.5,-0.2,0.25,0.7,0.3,-0.98191240762892,-0.462928556857848,-0.201243401414543,0.281466971282511,0.716395017140248,0.395246345059928,0.316814238101604,0.15991558372095,0.0330475202958002,0.0677262224435237,0.0367135266393474,0.208425157160393
-1,-0.5,-0.2,0.25,0.7,0.3,-1.02970461622316,-0.465995840520439,-0.264887342436974,0.0920724911222914,0.655354456469536,0.651157709471927,0.385660169121969,0.181216971149738,0.0415678245535179,0.0635182224103804,0.0389406396277028,0.232548960091223
-1,-0.5,-0.2,0.25,0.7,0.3,-0.985366395162354,-0.463830846804527,-0.189564390410572,0.311110472167223,0.660401167904937,0.14736634954346,0.339217085461843,0.16406149916638,0.0384857983470921,0.0677494291423615,0.0372836038268828,0.174091151502891
-1,-0.5,-0.2,0.25,0.7,0.3,-0.969399887671506,-0.492705654321476,-0.213283329021967,0.165477236604293,0.706291040553436,0.369352499835786,0.397080700723993,0.195348858658696,0.0374489521888667,0.0649566858668203,0.0387574789819385,0.194621929997263
-1,-0.5,-0.2,0.25,0.7,0.3,-0.887043045143766,-0.580150110793023,-0.24734596890233,0.300686752979695,0.734638157860123,0.137181310118292,0.284131713230771,0.139923542947681,0.0371083960652166,0.0670847317954431,0.0379702623207602,0.173205303312315
-1,-0.5,-0.2,0.25,0.7,0.3,-0.855738151807709,-0.561654389066367,-0.16517687222602,0.157948641478929,0.682176743518467,0.611068831609001,0.401106796351811,0.191378700236242,0.035472386888082,0.0675331913782758,0.037613402552066,0.240227960699156
-1,-0.5,-0.2,0.25,0.7,0.3,-1.06453362823558,-0.406148796149849,-0.225811904591848,0.169604618084922,0.632905715697166,0.539204475718096,0.477040355962803,0.224621012093596,0.0403328896419029,0.0591173300705555,0.0358987827504158,0.193705469587526
-1,-0.5,-0.2,0.25,0.7,0.3,-1.04585224899913,-0.476459999331154,-0.203711742098617,0.288244172259411,0.716405483078828,0.0246476540875028,0.318348620052577,0.152939061455132,0.0387127953217377,0.0690629255731343,0.0378298358359876,0.168618607096215
-1,-0.5,-0.2,0.25,0.7,0.3,-0.994837387814557,-0.455080200856537,-0.204383890073935,0.235592674016582,0.712834082792712,0.351101728619919,0.335653206250966,0.163695826659148,0.036060365177415,0.0648719103426849,0.0366748643825437,0.192932110238906
-1,-0.5,-0.2,0.25,0.7,0.3,-0.893817446997641,-0.563032815498894,-0.171432045325162,0.183640483354247,0.699263083257253,0.687180164788031,0.363515362652737,0.180755390555342,0.0339979772147077,0.0623322900640757,0.036503723465277,0.22543891134405
-1,-0.5,-0.2,0.25,0.7,0.3,-0.983493831162978,-0.45030365050815,-0.0928330754609109,0.28049900244026,0.644033041186243,0.132480076440805,0.367408639763117,0.173390106146962,0.0373587667537876,0.067581288990607,0.0383056198669024,0.17310043413577
-1,-0.5,-0.2,0.25,0.7,0.3,-1.02529541125391,-0.496534667239469,-0.224363954673184,0.242844840698294,0.714402349613747,0.280325808558418,0.390963039840127,0.192091759355361,0.0348901267032127,0.07038635743303,0.0366141439164009,0.202108057280679
-1,-0.5,-0.2,0.25,0.7,0.3,-1.02772339337073,-0.455921202226857,-0.2099836586994,0.280848291666292,0.735077604300341,0.272288283249593,0.320748286355066,0.167292774498419,0.034577956014989,0.0645340816588279,0.0363772668797046,0.179515790808598
-1,-0.5,-0.2,0.25,0.7,0.3,-1.01532755182506,-0.495919954266227,-0.184424629424838,0.325695691866395,0.729424771835968,0.110422232735426,0.298689905232233,0.149235258645,0.0351222077749386,0.069102817947775,0.0368317272138782,0.179300600288075
-1,-0.5,-0.2,0.25,0.7,0.3,-1.0157203489702,-0.479943653186518,-0.239129825818904,0.240058341110597,0.710435046890047,0.384691744494561,0.344175123932698,0.167172918674903,0.0351595110590175,0.0648155238668177,0.0367431064587229,0.197237924230942
-1,-0.5,-0.2,0.25,0.7,0.3,-0.927436645351857,-0.56611831395378,-0.250603859131645,0.203696120704112,0.692175967759299,0.564425185613529,0.377934400947366,0.184642843281324,0.0324775185175589,0.0617041938285884,0.0361805656583904,0.207569767789308
-1,-0.5,-0.2,0.25,0.7,0.3,-1.15963929343832,-0.399290679235122,-0.195143436233967,0.229478969738917,0.702443971515202,0.609543404716675,0.316676683038446,0.151241291727617,0.0343508472790358,0.0612793487149316,0.0371479909222758,0.217160772082789
-1,-0.5,-0.2,0.25,0.7,0.3,-0.979669697184259,-0.45764022255192,-0.159012166905526,0.33361682720447,0.681575425088723,-0.104505817401731,0.356579683536409,0.173672665278698,0.0373578721843325,0.067075523258113,0.0385169427627697,0.152044640274818
-1,-0.5,-0.2,0.25,0.7,0.3,-1.00935574157951,-0.448956529036536,-0.19582546117308,0.233053934638497,0.694099967433135,0.30563173167103,0.3497831206611,0.166773250175805,0.0354788122995031,0.0647060645962408,0.0367214168546719,0.185334208768339
-1,-0.5,-0.2,0.25,0.7,0.3,-0.872983909493112,-0.565962134821773,-0.224482790712149,0.188043274403672,0.680239615030233,0.312785170848159,0.371380769409942,0.180548744089615,0.0360215446282762,0.0656723570691746,0.036729119665655,0.189220414292836
-1,-0.5,-0.2,0.25,0.7,0.3,-1.15898093858502,-0.411249423648616,-0.165274335054648,0.259471729614349,0.718970006974137,0.530789676244868,0.404238623551406,0.204514062248549,0.0333440228160392,0.0662801201973418,0.0349031676169528,0.223220566737483
-1,-0.5,-0.2,0.25,0.7,0.3,-1.00110881068941,-0.496354809469839,-0.176443230030121,0.335533370453782,0.71506685577092,0.0886632089625072,0.354580562391714,0.180786999023469,0.035514004298709,0.071232693821068,0.0358716424432403,0.181670276656682
-1,-0.5,-0.2,0.25,0.7,0.3,-1.01930730330825,-0.513161584948927,-0.204770737225283,0.258443788205165,0.691629388390305,0.360637205976557,0.319931199681169,0.15236584761152,0.0352801584533552,0.0649123212749285,0.0359418578756927,0.192234096418934
-1,-0.5,-0.2,0.25,0.7,0.3,-1.1656474122233,-0.431562651873325,-0.190090811474495,0.258312272032212,0.692578562389971,0.373962210375701,0.328808848898857,0.162278083794233,0.0336091566276305,0.0665086504582711,0.0375546010542822,0.206633718102905
-1,-0.5,-0.2,0.25,0.7,0.3,-1.12399170409696,-0.41007505750309,-0.184933954040322,0.215675149817245,0.676024583436931,0.348563294427246,0.422972729824925,0.197734416451691,0.0415342895654533,0.0639524785050454,0.037344312217589,0.184350834069857
-1,-0.5,-0.2,0.25,0.7,0.3,-0.95435336253815,-0.466945480661037,-0.215205023774851,0.1992802521134,0.686219333611924,0.489038475512214,0.313327209479792,0.150628723497542,0.0369117663158369,0.0662652750189821,0.0387523505424477,0.2181478472268
-1,-0.5,-0.2,0.25,0.7,0.3,-0.92586416995295,-0.566234274036488,-0.150515267189497,0.148386380323333,0.746725954416354,0.564428248123823,0.321069220828231,0.158665257386321,0.0385656420815789,0.0663300933195105,0.0368483972382572,0.230115875090106
-1,-0.5,-0.2,0.25,0.7,0.3,-1.0237901308103,-0.50065749805917,-0.202055842920084,0.227774588023662,0.700662198043658,0.39683191819615,0.338281387772234,0.16482565992719,0.0353918138464063,0.062456582564908,0.0370105947458119,0.190194054637808
-1,-0.5,-0.2,0.25,0.7,0.3,-1.13497128032517,-0.398076457510606,-0.212430750218326,0.244818573931008,0.746582256513591,0.385703379187025,0.288263683757232,0.142118883984101,0.0329298251986212,0.0655332564564445,0.0361002364712662,0.199519573748912
-1,-0.5,-0.2,0.25,0.7,0.3,-1.13558183032091,-0.419122531368921,-0.158933447364692,0.214858082707331,0.670039562810926,0.489181693845425,0.333297280498531,0.153886917237816,0.0341066877795075,0.0617792691183141,0.0380967500010874,0.194569965710116
-1,-0.5,-0.2,0.25,0.7,0.3,-0.962961426783015,-0.522910404321748,-0.192217608420051,0.205187147528666,0.702510544994979,0.225151988717248,0.318158388621025,0.150758609976281,0.0379303621285525,0.0604506483579322,0.0393633699722243,0.161137183170049
-1,-0.5,-0.2,0.25,0.7,0.3,-1.01553082521503,-0.507463038866,-0.212219330475789,0.242809179500643,0.668388188979597,0.217097248687132,0.410381602313022,0.202423782674955,0.0406731903297956,0.0667375877451542,0.0367776223466017,0.182212557394993
-1,-0.5,-0.2,0.25,0.7,0.3,-0.936079369222824,-0.516732698489477,-0.201840104946173,0.259891278929377,0.698079879956492,0.135468306881577,0.346505463271618,0.174211464221156,0.0367750075614153,0.0693964543035645,0.0379916721312694,0.182933362046357
-1,-0.5,-0.2,0.25,0.7,0.3,-0.967522924699882,-0.473117984676692,-0.243819721052564,0.262529496048351,0.664661467944992,0.198516000699448,0.366499823812598,0.175861383831422,0.0394390461154649,0.0611338729847822,0.036481451780845,0.158532625908309
-1,-0.5,-0.2,0.25,0.7,0.3,-0.974081428777205,-0.497648362092874,-0.234898645388149,0.247796472812483,0.663320719512748,0.310708373899873,0.401817706729297,0.188247519363325,0.0372092280110275,0.0647951445136599,0.0374005755076782,0.183354619767999
-1,-0.5,-0.2,0.25,0.7,0.3,-1.06839523663764,-0.51428310010344,-0.235697969513502,0.407495810093835,0.768313553264318,0.0287611362218159,0.302142419834178,0.152325377774103,0.030435398647004,0.0699770174661335,0.0377036056562816,0.169541069533551
-1,-0.5,-0.2,0.25,0.7,0.3,-1.10548213018638,-0.447938435049988,-0.182603236200049,0.217711472488486,0.700430468834194,0.402092082223301,0.368761108511458,0.183746952525843,0.0357374279596547,0.0677424298465791,0.0359824215461798,0.210347275779497
-1,-0.5,-0.2,0.25,0.7,0.3,-0.997570935551806,-0.533463266917259,-0.162428714092013,0.128562251959239,0.689149553749457,0.612051594423369,0.400076808302052,0.196537454613368,0.0378984901646233,0.06577162671886,0.0362607723949639,0.233231171453752
-1,-0.5,-0.2,0.25,0.7,0.3,-1.00477835695349,-0.454445864579573,-0.214548478643809,0.215901531959934,0.704078936616094,0.209027424885113,0.393423490911515,0.192158355714928,0.0363570706228756,0.0652572317395308,0.0368650050371243,0.174254268495539
-1,-0.5,-0.2,0.25,0.7,0.3,-0.978986720306612,-0.490803754873127,-0.178892343502349,0.361210487173379,0.723045041711795,0.204294279851704,0.309893706331836,0.157894669335153,0.0340709339533629,0.0723284871692207,0.0360604911269879,0.201610416766309
-1,-0.5,-0.2,0.25,0.7,0.3,-0.976699286070942,-0.532971452908409,-0.261766952243196,0.20115739711621,0.663837421428625,0.453958037197048,0.36233607369195,0.171099594170322,0.0361969344249598,0.0658481059205344,0.0391235917585433,0.210721451798689
-1,-0.5,-0.2,0.25,0.7,0.3,-1.09310388197654,-0.424511796701164,-0.218340269031768,0.271888339404867,0.640322609392981,0.477209235630856,0.340064863661047,0.161978236223066,0.0381396244682273,0.0634244997033243,0.0370291604939697,0.203374548937988
-1,-0.5,-0.2,0.25,0.7,0.3,-0.906114786509164,-0.61452437262505,-0.195429865631675,0.261945549495053,0.73476907186009,0.165475365086025,0.336674190303386,0.16330430860786,0.0369270889668128,0.0644404616731094,0.0362097009441664,0.169302821382383
-1,-0.5,-0.2,0.25,0.7,0.3,-1.08760197760148,-0.408568292976577,-0.188778139887305,0.424015550002468,0.63855059810795,-0.103368206763621,0.394060404515681,0.179064043264555,0.0377089300618581,0.068097449388379,0.0377228858910426,0.154860595436753
-1,-0.5,-0.2,0.25,0.7,0.3,-1.01515639485411,-0.491439006541337,-0.178643298972348,0.204154421679885,0.700203843256533,0.694010295268726,0.34670913995083,0.163720030224262,0.0345739109142392,0.0596594380464031,0.0356850721533482,0.216795167148533
-1,-0.5,-0.2,0.25,0.7,0.3,-0.976802262409515,-0.505729821532269,-0.221632402346351,0.0986958320572752,0.693489781072922,0.733891778365949,0.337364543343966,0.164890957414397,0.0371322966173084,0.0654827879650253,0.0376573555038449,0.263253177956658
-1,-0.5,-0.2,0.25,0.7,0.3,-0.933199925572741,-0.553350430034842,-0.242225798093222,0.264045097031765,0.748655181941094,0.262776518858877,0.301232396458977,0.149146994739709,0.0343569931033043,0.0642111968079786,0.0362137483720708,0.178162629877095
-1,-0.5,-0.2,0.25,0.7,0.3,-0.932092422146103,-0.50069850298652,-0.21372175757904,0.195112523703957,0.721481750608945,0.221746811391887,0.343504123678034,0.17391136071073,0.0386657083588301,0.0713456638566866,0.0371960838275528,0.198691089019804
-1,-0.5,-0.2,0.25,0.7,0.3,-1.02015363916568,-0.459952828911047,-0.19717975795678,0.372790937562414,0.693557090644235,0.188626369275143,0.292851707369215,0.142514504668149,0.0335417907209357,0.0698646961270467,0.0390068983840824,0.190565787963677
-1,-0.5,-0.2,0.25,0.7,0.3,-1.12917916387738,-0.442999673448843,-0.265628810549919,0.285675198708476,0.693811655253641,0.19989288082368,0.335455125463015,0.162997095644738,0.0356451075029756,0.0648802202582913,0.0384691535664084,0.175245841055939
-1,-0.5,-0.2,0.25,0.7,0.3,-1.04639915119304,-0.508067164143364,-0.227460733849511,0.281533493011114,0.717784816972083,0.238249789621747,0.307515793669876,0.151555948096553,0.0342231254903117,0.0646689439516801,0.0365607878760488,0.178034558077097
-1,-0.5,-0.2,0.25,0.7,0.3,-0.975524742724245,-0.511109176837849,-0.204095633299278,0.263022357911941,0.688381452005253,0.20131518521599,0.345305539412376,0.168191343126252,0.0381243659275546,0.0624686258955562,0.037936216771479,0.16632365226594
-1,-0.5,-0.2,0.25,0.7,0.3,-1.05273209128906,-0.529978015243727,-0.191697787381376,0.32894660228522,0.718794868957075,0.172828602786118,0.276644101581793,0.128260779866893,0.0347357635748068,0.071171929146763,0.0385335072220004,0.193622261981433
-1,-0.5,-0.2,0.25,0.7,0.3,-1.01216884696393,-0.494752524122328,-0.235356340384589,0.225124302045033,0.682539997850598,0.3665454763829,0.414510012037242,0.198137674628634,0.0397305119552101,0.0630552346206341,0.0374838128945052,0.185575631920061
-1,-0.5,-0.2,0.25,0.7,0.3,-1.03780397708492,-0.547182135712308,-0.223149094208295,0.316349293062212,0.773723917273124,0.312298619566341,0.262391144974877,0.133540013734927,0.0297502603503904,0.0603765478527536,0.0382430624101584,0.170392481225701
-1,-0.5,-0.2,0.25,0.7,0.3,-0.93859320293187,-0.519119240609951,-0.206273904395506,0.239620910009497,0.692964723128263,0.204802410005818,0.354115019395607,0.1702340284288,0.0383341549368258,0.0665650764650386,0.0381608300193043,0.18279171113715
-1,-0.5,-0.2,0.25,0.7,0.3,-0.929966856106582,-0.595424753174466,-0.248798724606112,0.243142619174443,0.719221990979056,0.386683718940784,0.297090296673656,0.146392264121604,0.0339981196260407,0.0630866226754853,0.0363681112906195,0.19053179195955
-1,-0.5,-0.2,0.25,0.7,0.3,-1.0535427913755,-0.481261900786276,-0.14340484740386,0.235528053420276,0.722804989461753,0.364183426904603,0.320588358336792,0.158394791388778,0.0356729867487099,0.0655918390074259,0.036029947682688,0.19545454711485
-1,-0.5,-0.2,0.25,0.7,0.3,-0.962952964829397,-0.484445101525436,-0.200425345836775,0.309345627991796,0.623729280230806,-0.0552656000918512,0.479166089592962,0.221731755572109,0.0399745394190987,0.0679489582313701,0.0376654699400827,0.154297281510915
-1,-0.5,-0.2,0.25,0.7,0.3,-1.0616273791469,-0.47913196411809,-0.202341468872915,0.183120756509437,0.723403500297325,0.508234908283686,0.324693873097905,0.157347052275839,0.0328521230451211,0.0631832344552709,0.0374864881565434,0.210636353176341
-1,-0.5,-0.2,0.25,0.7,0.3,-0.947863095785536,-0.524925636174845,-0.254530705735653,0.301554302033226,0.670390854206155,0.0296984427484106,0.460445408268725,0.227726477872991,0.0389557485553082,0.0656976613265174,0.036576748597316,0.157079191778122
-1,-0.5,-0.2,0.25,0.7,0.3,-0.959417100606699,-0.500176735855477,-0.2267852899793,0.289454339968062,0.652222146726681,0.18254367937583,0.352521692496118,0.166256588625408,0.0394476772903634,0.0672487205065132,0.0364090125920431,0.181569348678719
-1,-0.5,-0.2,0.25,0.7,0.3,-0.9669530836991,-0.498085135665838,-0.211366891138837,0.160960416967014,0.725708745522866,0.697318010403246,0.359843151958195,0.175363416057848,0.0343380000676616,0.0695500314126804,0.0351838527174667,0.269659127870571
-1,-0.5,-0.2,0.25,0.7,0.3,-0.941105661346859,-0.582150974357347,-0.200483404661202,0.194558641413163,0.735757895123421,0.422256531728847,0.316355363259123,0.161720053128398,0.0386978817803591,0.0617202626700546,0.0359280216934727,0.184139528468972
-1,-0.5,-0.2,0.25,0.7,0.3,-0.976748819610109,-0.499172708233408,-0.255532498300136,0.266847482100923,0.732328465573938,0.355101930448247,0.288541201542099,0.141591508925076,0.0328046365063351,0.0641429762408149,0.0378658518486283,0.189051082350641
-1,-0.5,-0.2,0.25,0.7,0.3,-1.08028977213762,-0.439363126446633,-0.202152017304284,0.16545107821343,0.607559611317431,0.540856127374598,0.505785805194253,0.233656348259253,0.0401949340111581,0.0641450273362417,0.0364729920476542,0.217326367886569
-1,-0.5,-0.2,0.25,0.7,0.3,-0.979925317625166,-0.513895950172021,-0.157350622828636,0.228143940597784,0.74591068415662,0.393860593693958,0.323487456889447,0.164440053154767,0.0332887538726822,0.0674700878569114,0.0389691726687839,0.209598443672269
-1,-0.5,-0.2,0.25,0.7,0.3,-0.989132476931975,-0.47290846441709,-0.116951719003472,0.274402802603908,0.738489840622105,0.211002529447477,0.278619515687079,0.139065241920544,0.035529556432514,0.0679829344273661,0.0376202187745808,0.188790628491939
-1,-0.5,-0.2,0.25,0.7,0.3,-0.882708755845715,-0.605581962042321,-0.197502375522232,0.250189334298174,0.784079511033899,0.163359440191064,0.314024094454262,0.161456547675219,0.0328780909326766,0.0661920455067908,0.0373754883791542,0.171710732509518
-1,-0.5,-0.2,0.25,0.7,0.3,-1.01104416052157,-0.449531957690533,-0.193965427162287,0.166131876049647,0.687946597377589,0.484998279460058,0.352949677398435,0.174435448200571,0.0382306204689538,0.0646187282708107,0.0377150818470438,0.210164501035638
-1,-0.5,-0.2,0.25,0.7,0.3,-1.05316644359068,-0.437467556529495,-0.208077068517387,0.254326891742946,0.686124710818099,0.41688730567301,0.424374914630479,0.204427839699922,0.038285388932354,0.0640354139224524,0.0360149049255432,0.194207072399533
-1,-0.5,-0.2,0.25,0.7,0.3,-1.15879802155947,-0.412780523369653,-0.134675685268861,0.329449731460192,0.693656653258169,0.162424653984532,0.37230842841741,0.183174678204681,0.0379547216336602,0.0686496449193349,0.0375379444957307,0.180300524759465
-1,-0.5,-0.2,0.25,0.7,0.3,-0.951300644548847,-0.510670412090295,-0.199095474517054,0.286934769023189,0.689106009444425,0.0894780712906929,0.375869449242616,0.187489329879731,0.034489703383329,0.0681248577647432,0.0379378595415428,0.171710795283327
-1,-0.5,-0.2,0.25,0.7,0.3,-1.00506277804343,-0.466461636940932,-0.164521485122384,0.107778439292111,0.67371383226156,0.717636892513021,0.36749275743191,0.174510675662905,0.0377760223871868,0.0669844816461455,0.03871160631692,0.263841365104356
-1,-0.5,-0.2,0.25,0.7,0.3,-0.952390531635875,-0.524174184029111,-0.0844819288724834,0.184129289188067,0.713065943395774,0.463259788680342,0.314129717888144,0.157865372992468,0.0383351047366241,0.064328929430936,0.0364394881321463,0.204366064350969
-1,-0.5,-0.2,0.25,0.7,0.3,-0.975535238650908,-0.562789996263197,-0.205083875795519,0.133211799957144,0.771889881263534,0.695241987835929,0.328921641400891,0.167615656957127,0.0368093152610878,0.0582347508299218,0.0364252809317757,0.208419088446078
-1,-0.5,-0.2,0.25,0.7,0.3,-1.08380460406005,-0.45442520541251,-0.273623656006093,0.196108111812421,0.723580629326877,0.621998195267989,0.294457376242039,0.148974225628362,0.0349039949629319,0.0639242280204502,0.037973786738404,0.229976680522507
-1,-0.5,-0.2,0.25,0.7,0.3,-1.05339181028938,-0.461028012113019,-0.145413638031847,0.212700594264774,0.693790161470504,0.413118680509801,0.349718651749109,0.164794030000712,0.0376905943498029,0.0609032484727477,0.0377297545141726,0.17975965393376
-1,-0.5,-0.2,0.25,0.7,0.3,-0.981246783389993,-0.55958273074461,-0.246567741385327,0.261670361426375,0.729086235296127,0.10736995428163,0.29512751565383,0.153784619675893,0.0372529151737932,0.0730750051699744,0.039538454244171,0.196523099385377
-1,-0.5,-0.2,0.25,0.7,0.3,-0.868814071077241,-0.632355559963972,-0.167151520832541,0.238789558256806,0.704080480764902,0.245182886718529,0.408339665451509,0.206766929020096,0.0380729894869593,0.0681668086379278,0.0370397992808816,0.191604926677538
-1,-0.5,-0.2,0.25,0.7,0.3,-0.939764742931314,-0.538060013484839,-0.274251934709893,0.251019307984669,0.693086797183277,0.234681251948021,0.322091133299962,0.157156719542965,0.0389735916154494,0.066583095436481,0.0383644022368205,0.18252009075466
-1,-0.5,-0.2,0.25,0.7,0.3,-0.941626147760256,-0.581799849904405,-0.216854784763925,0.311848327131974,0.719487449993397,0.230302985917351,0.327997561473587,0.163255723440402,0.0338126050951425,0.0675216870773278,0.036923716439184,0.185322026914449
-1,-0.5,-0.2,0.25,0.7,0.3,-0.932670612600746,-0.525634225995398,-0.211190993282596,0.190897362496004,0.681834906141632,0.380491183360126,0.347090884157529,0.166608872055708,0.0390038540819776,0.0668130073682126,0.038349651222207,0.208114299810754
-1,-0.5,-0.2,0.25,0.7,0.3,-1.04568955729763,-0.436786575666434,-0.184166864943172,0.201644686445458,0.692499636443312,0.548204074605601,0.337038724989109,0.162582753641165,0.032397226614005,0.0689496328395302,0.0371052892185419,0.23924038990671
-1,-0.5,-0.2,0.25,0.7,0.3,-1.12353826826663,-0.451050371001061,-0.144864681475589,0.333958329813682,0.700404427586116,0.257086752180704,0.274871641379489,0.13441035781476,0.0348902287653486,0.0654063219130298,0.0388579081132937,0.179780197184645
-1,-0.5,-0.2,0.25,0.7,0.3,-0.99995539097629,-0.518344098269646,-0.222019212275426,0.261662001721186,0.689020425521206,0.367812153034751,0.361594644422477,0.181174303855299,0.0362246544306446,0.0624888601566369,0.0364591910346735,0.183462198480026
-1,-0.5,-0.2,0.25,0.7,0.3,-1.01283919357447,-0.505157191136407,-0.267609847028132,0.277512852568309,0.674454265118324,0.148958799764212,0.338055629012366,0.163768166945705,0.0389379207109648,0.06502627740087,0.0389211955973779,0.169603960822384
-1,-0.5,-0.2,0.25,0.7,0.3,-1.13276342104699,-0.452058403195362,-0.259511892497358,0.30305842107345,0.700943697470588,0.465578217492674,0.301913307371209,0.146492319293036,0.0320001917842817,0.0650633970765063,0.0357672673307116,0.20840397422546
-1,-0.5,-0.2,0.25,0.7,0.3,-1.03396438312735,-0.483551614523152,-0.171520927298513,0.286215759753745,0.741800507616237,0.259232936690269,0.33398408322264,0.168536958730771,0.0341028246463106,0.0682590361978213,0.0359532933391777,0.194657805716112
-1,-0.5,-0.2,0.25,0.7,0.3,-1.03791784298484,-0.501131218818804,-0.125554697792014,0.278161858730976,0.704435257059182,0.396717913784365,0.286502775384197,0.139526836460374,0.0335418929851631,0.0647972413210735,0.0380158848264873,0.200282887366804
-1,-0.5,-0.2,0.25,0.7,0.3,-1.05167892830002,-0.47540080813399,-0.191999863044715,0.286536454223046,0.700291419710376,0.184348766767943,0.344304118034147,0.167585871209334,0.0376847188399677,0.0640003319539246,0.0372353448147829,0.16839308691726
-1,-0.5,-0.2,0.25,0.7,0.3,-0.910523773019013,-0.483130070058144,-0.27416764870444,0.246929082978382,0.644514644519994,0.258095695571864,0.396228103535631,0.186118020351822,0.0384467240839048,0.067003516717497,0.0379830510477804,0.190060628372356
-1,-0.5,-0.2,0.25,0.7,0.3,-0.993425129487446,-0.494950973772743,-0.166914714422037,0.272090711629084,0.699452739910165,0.145847400179433,0.36334730264898,0.177038131006439,0.0379817121609998,0.064602815412389,0.0372250912847523,0.165974454435662
-1,-0.5,-0.2,0.25,0.7,0.3,-0.940285696007161,-0.506375675604522,-0.149905622109845,0.265912267036079,0.679480480833333,0.300651973736441,0.330200814576126,0.162063580575695,0.0375711218012976,0.0651474462160536,0.0375417512289109,0.186850785438196
-1,-0.5,-0.2,0.25,0.7,0.3,-1.05670241692146,-0.495651579541656,-0.179465306021192,0.2680885699623,0.681472678563148,0.383378991108604,0.347844258439375,0.166208143016317,0.0352989829123195,0.0655125611028048,0.0368896366333262,0.199796850177222
-1,-0.5,-0.2,0.25,0.7,0.3,-0.937456474174809,-0.55534149473906,-0.192976794467737,0.199480319533148,0.666068019195548,0.508856124178528,0.317973601694335,0.151851548781441,0.0382352389218338,0.0650520200957619,0.0388893760586774,0.215177518963243
-1,-0.5,-0.2,0.25,0.7,0.3,-1.04626166128035,-0.478259544162049,-0.256286938159373,0.185786127904495,0.658362404747765,0.578180969503743,0.394596344849484,0.187715949265791,0.0378953807279095,0.0667868782472737,0.0370032378305059,0.234393111476799
-1,-0.5,-0.2,0.25,0.7,0.3,-1.08107808278354,-0.421098796386882,-0.193491116795267,0.292857982286492,0.666790228238762,0.0698691045478012,0.308473768307006,0.14826535137513,0.0391366865920895,0.0664295875874273,0.0408013116522186,0.16689542075985
-1,-0.5,-0.2,0.25,0.7,0.3,-0.985463855040129,-0.501883072696442,-0.215721839565258,0.188795396807036,0.717303336093721,0.471246779050767,0.319510104570428,0.155112042099301,0.0343704415768209,0.0711279918681525,0.0365088690581433,0.237117000404077
-1,-0.5,-0.2,0.25,0.7,0.3,-0.902397868274014,-0.582496485366588,-0.203374947165975,0.187420198796219,0.751959911520035,0.490912624883411,0.314850500999459,0.162354650871154,0.0354787229437876,0.0763299776056761,0.0353607446561757,0.263127111251149
-1,-0.5,-0.2,0.25,0.7,0.3,-1.23028080623056,-0.37956838881988,-0.232517301542229,0.285701652305872,0.704290359504513,0.423961595317072,0.321127152508468,0.160214865433366,0.0353919985173513,0.0630021026041169,0.0352180050152066,0.193261215991448
-1,-0.5,-0.2,0.25,0.7,0.3,-0.830160977105405,-0.613100726653555,-0.244813947226658,0.244944969061101,0.720024382887961,0.262666856236052,0.330120421059305,0.167547998376634,0.0371516818718234,0.0637369960380345,0.037090778898103,0.176145487649944
-1,-0.5,-0.2,0.25,0.7,0.3,-0.982509163166142,-0.502553452654733,-0.2723468615467,0.19696232341193,0.671184236473135,0.32949325247024,0.329897351723442,0.154920044019718,0.041416696118961,0.0648214973211534,0.0379332288672266,0.192354013527157
-1,-0.5,-0.2,0.25,0.7,0.3,-1.06324232138949,-0.407673118839829,-0.208327584441398,0.180160435455372,0.698906515293684,0.432550796486719,0.351479413899842,0.169032890688516,0.0358997896909093,0.0616697368607432,0.0362513770506354,0.188615216799522
-1,-0.5,-0.2,0.25,0.7,0.3,-1.06444098034422,-0.437340084571862,-0.233874992097208,0.283647571115605,0.697125018351386,0.19342931706503,0.352561385290065,0.168705267751621,0.0322365551981312,0.0649998768728569,0.037587608692187,0.172198993363688
-1,-0.5,-0.2,0.25,0.7,0.3,-1.04340099764017,-0.488060846787836,-0.178455765606223,0.316379168481401,0.76739583003615,0.217136617516573,0.309678917082413,0.159511081493361,0.032524865253827,0.0679324025604737,0.036643675235788,0.184854045008195
-1,-0.5,-0.2,0.25,0.7,0.3,-0.918778990142867,-0.567021253664805,-0.221953486398006,0.15425722880437,0.69193175027802,0.564944335041081,0.335219705914891,0.170387936613189,0.0369180814269008,0.0641215414556958,0.0365308372137448,0.217652596003113
-1,-0.5,-0.2,0.25,0.7,0.3,-0.934297799992346,-0.529533623612259,-0.229776269893091,0.233727845473981,0.708961463847114,0.173784607966561,0.307990949883452,0.151939749293977,0.0369386512832652,0.0682278394859525,0.037740143133859,0.182959628716224
-1,-0.5,-0.2,0.25,0.7,0.3,-1.03131118961875,-0.486611434407045,-0.22367444711946,0.304763991299356,0.687431734917484,0.08258343660615,0.383393446943843,0.186924251477195,0.0378792273586306,0.066133716388153,0.0376062941448328,0.165695466951732
-1,-0.5,-0.2,0.25,0.7,0.3,-0.992191844008101,-0.543323092911228,-0.219179429163181,0.249429177419312,0.723785122946132,0.229021305337135,0.363726402608489,0.187828995606664,0.0371698722322595,0.0660351287980133,0.0377378827587675,0.180915402557158
-1,-0.5,-0.2,0.25,0.7,0.3,-0.949010939503051,-0.50477073248581,-0.236856706375475,0.247242940960386,0.703855037309787,0.327889993491413,0.35361833423585,0.172773530767923,0.0358878076567083,0.0707188622880855,0.0359154456679834,0.210085899999531
-1,-0.5,-0.2,0.25,0.7,0.3,-1.04501017097678,-0.460993832368855,-0.16458492751287,0.281753303805538,0.674198262037207,0.285355987756317,0.328996830394989,0.157513519231931,0.0360018269098795,0.0659414774183703,0.0359394600959343,0.187432726979255
-1,-0.5,-0.2,0.25,0.7,0.3,-1.02683534001488,-0.5031963326975,-0.220470951194737,0.306653744946282,0.67724173075499,0.100371172119833,0.433205381565834,0.208207076395948,0.0378255716343083,0.0645480002843899,0.0368875417269472,0.160373807373138
-1,-0.5,-0.2,0.25,0.7,0.3,-1.04470782813343,-0.443339209719298,-0.230815985747779,0.441179849782058,0.68924991719546,-0.133905376728548,0.326662459594951,0.158851511014276,0.0351930640822316,0.0712203371251405,0.0383462103997326,0.156485834925402
-1,-0.5,-0.2,0.25,0.7,0.3,-1.04210934566123,-0.482884638404465,-0.20586787346289,0.200660022498308,0.727762200424798,0.508309484216363,0.315529295603203,0.150973809569307,0.0362715025371051,0.0678883052518511,0.0354650908952316,0.22690655515122
-1,-0.5,-0.2,0.25,0.7,0.3,-1.05443567933575,-0.464666975810332,-0.16174139274441,0.252016665857201,0.699297024005864,0.453359140034355,0.294505507636952,0.143832330489315,0.0367929521793866,0.0636714503580824,0.0367933194508886,0.202429784451933
-1,-0.5,-0.2,0.25,0.7,0.3,-0.893444646162538,-0.570203196444174,-0.275284836054792,0.238681177374264,0.653821052237954,0.26217408780311,0.420380691439086,0.201097500803751,0.0395014595152201,0.0735570393587774,0.0358662276475162,0.213737545721229
-1,-0.5,-0.2,0.25,0.7,0.3,-0.926828910837889,-0.535761010218295,-0.227152773669157,0.286810399928433,0.679228327914622,0.149567699654374,0.383830929074933,0.181379678886192,0.0398021204889999,0.064350964942656,0.0368409405021045,0.163674532015454
-1,-0.5,-0.2,0.25,0.7,0.3,-0.851290224224342,-0.53736590237281,-0.201861054505721,0.226743273873988,0.68120396111604,0.352880721942733,0.365656123825544,0.173580102223244,0.0370761296399426,0.0642094987867705,0.0382195368223004,0.189554742690131
-1,-0.5,-0.2,0.25,0.7,0.3,-0.940640263169523,-0.487462566017251,-0.220400075522249,0.232384819170402,0.674460848808195,0.240448713726806,0.399273582247504,0.190374635259431,0.0364646767731304,0.0682059895036148,0.0364326667265148,0.186351210404078
-1,-0.5,-0.2,0.25,0.7,0.3,-0.89172616502672,-0.572859426884564,-0.212917173125472,0.242113716523231,0.702069402953538,0.248181535928422,0.319233091842884,0.156512016609416,0.0376864033306734,0.0644034236915304,0.0370421396001326,0.177665689115352
-1,-0.5,-0.2,0.25,0.7,0.3,-0.887929644980425,-0.557910010047852,-0.156494585547603,0.20491677743296,0.638160088987189,0.395935274913136,0.392206952920383,0.1819618807514,0.0371980752413636,0.0591343383554944,0.0376760460014457,0.172313838742827
-1,-0.5,-0.2,0.25,0.7,0.3,-0.902642336655289,-0.516004173064532,-0.250782572744549,0.223807393863755,0.708641941416013,0.278381151254694,0.315989552194108,0.153703959605266,0.0374429644924096,0.064610383194397,0.0376052077274645,0.180943796370442
-1,-0.5,-0.2,0.25,0.7,0.3,-0.974620407489409,-0.503405911775574,-0.251947275012643,0.281661506217871,0.670573735590023,0.428779130835754,0.31265235782291,0.150082209676515,0.035854124114184,0.064584291471425,0.0364354359573869,0.201720944347152
-1,-0.5,-0.2,0.25,0.7,0.3,-0.93624990215392,-0.49030333213546,-0.202603837387266,0.231534416343083,0.682837057103947,0.196344241666899,0.427898027591798,0.202353756276494,0.0376118763079436,0.0658595475235212,0.0362238130660922,0.175864609218761
-1,-0.5,-0.2,0.25,0.7,0.3,-0.785165946678123,-0.623326253587835,-0.175088361443604,0.174344470511459,0.722983838350824,0.217339952135723,0.358424642629413,0.18177625211837,0.0401807464392618,0.0680204729408577,0.0364258780980163,0.188049046586606
-1,-0.5,-0.2,0.25,0.7,0.3,-1.00041088356089,-0.497333882795087,-0.212837427535168,0.231295670710153,0.703775307323319,0.292751249996685,0.451484686239233,0.221423216309023,0.0378864866601264,0.0719435759321145,0.0350562601738075,0.212701033999421
-1,-0.5,-0.2,0.25,0.7,0.3,-0.957702281758746,-0.528764167518819,-0.252215890780506,0.152887478055527,0.709747812019051,0.429816125679842,0.405765912790226,0.199202499858245,0.037419059099784,0.0638456238744633,0.0361762827863912,0.195717764904755
-1,-0.5,-0.2,0.25,0.7,0.3,-1.06911765912425,-0.488920918004448,-0.137388098263987,0.298883831657375,0.728041011295703,0.146437908975368,0.277782144692712,0.142555193890244,0.0392417497131121,0.0650298467506374,0.0391527323117263,0.170922332078794
-1,-0.5,-0.2,0.25,0.7,0.3,-0.841709262101376,-0.605763919504318,-0.198644467996929,0.297435246591108,0.749791824227361,0.166256788842828,0.302388504124253,0.151861185812449,0.0333928669481769,0.0677451259808868,0.0368523773180343,0.182224354928358
-1,-0.5,-0.2,0.25,0.7,0.3,-1.14285475781078,-0.392817687715118,-0.194500359334346,0.332592999906947,0.714674363743296,0.320150349099375,0.336424972299319,0.168848798825421,0.033703882385807,0.0621556023271409,0.0364419989496546,0.172542590495435
-1,-0.5,-0.2,0.25,0.7,0.3,-0.988905080983533,-0.53059196134908,-0.208869702270944,0.219428350054291,0.742716711496614,0.344277164781623,0.358289829998022,0.182039764192126,0.0388126411823524,0.0663374412100901,0.0372422864037192,0.192617381251977
-1,-0.5,-0.2,0.25,0.7,0.3,-1.09870231194841,-0.475150604955057,-0.144841249962268,0.284819081488831,0.708641281816485,0.290264961904478,0.367021637693825,0.182789224896161,0.0337315670673524,0.0688602035572637,0.0371416963811654,0.197305934634008
-1,-0.5,-0.2,0.25,0.7,0.3,-1.07591691846248,-0.426409030576971,-0.262914398587345,0.310222530079614,0.691506307310842,0.139382563310317,0.356041685411371,0.173239231389337,0.0365263404273809,0.0719079158859369,0.0366564101946321,0.188462432305606
-1,-0.5,-0.2,0.25,0.7,0.3,-0.89951154292217,-0.582978184655395,-0.11400782975219,0.205061183648774,0.747343359498758,0.463860992604354,0.321134080043086,0.162692811526398,0.0349944679133167,0.061915988956695,0.035024918976588,0.192027878101141
-1,-0.5,-0.2,0.25,0.7,0.3,-0.902489724169363,-0.557445139317313,-0.285019805371299,0.222631516118428,0.67162265536563,0.367806833972699,0.393776487644773,0.184351279601247,0.0353786136824546,0.0636020492651478,0.03630183918328,0.18640651616578
-1,-0.5,-0.2,0.25,0.7,0.3,-0.961078582742606,-0.511091035395219,-0.203736531944156,0.189047372568465,0.743757705697446,0.425436030894328,0.326715280486732,0.163247008478206,0.0370726665779641,0.0664283411084206,0.0351384210611554,0.20882298395005
-1,-0.5,-0.2,0.25,0.7,0.3,-1.02839490320924,-0.470993058602372,-0.207786825824764,0.314300027785977,0.699684971292837,0.00928204760330463,0.318339212492467,0.149453350287971,0.0382404200832249,0.0699134152581667,0.0389379733669657,0.169912757456121
-1,-0.5,-0.2,0.25,0.7,0.3,-1.06238535925698,-0.479866470216118,-0.308513197975007,0.243690329743655,0.696642697400978,0.277821349018427,0.345697808227198,0.168867758242348,0.041597023078073,0.0660074521023784,0.0369498829516875,0.187218288908985
-1,-0.5,-0.2,0.25,0.7,0.3,-1.15749470325531,-0.405037252246244,-0.137943980833258,0.286127024959764,0.623090063295021,0.380911638970536,0.353538387212304,0.163872399707954,0.0371516304576005,0.0601902623167863,0.0378534494893203,0.178014067925095
-1,-0.5,-0.2,0.25,0.7,0.3,-1.02560207926026,-0.458206856510898,-0.247407576087925,0.24050443038239,0.678615825238977,0.295086947723443,0.353416114201256,0.168747798195937,0.037634815255546,0.0635317291631975,0.0373252741484756,0.176943607740794
-1,-0.5,-0.2,0.25,0.7,0.3,-0.992003803028493,-0.471260081599822,-0.173548448094002,0.307905819924047,0.738005577394637,0.21690446215364,0.32751498069574,0.163064021019602,0.034176182378934,0.0636930686591005,0.0364311877276318,0.168470823596593
-1,-0.5,-0.2,0.25,0.7,0.3,-0.975257209053035,-0.514673007615315,-0.138813491437592,0.343792560648051,0.79059699425935,0.0219439743979891,0.278743113337621,0.145172208799109,0.0308771087078489,0.0688162990746418,0.038902602007425,0.166435705863427
-1,-0.5,-0.2,0.25,0.7,0.3,-0.985891080344381,-0.449171622633531,-0.202577719425357,0.213235872020284,0.698115995269497,0.384158945501125,0.370989936848763,0.187200926543712,0.0365755860477919,0.0646148433721797,0.0363497263648693,0.194831189302494
-1,-0.5,-0.2,0.25,0.7,0.3,-1.08298660436586,-0.368989493702334,-0.210245353389264,0.186521257480676,0.699276602344359,0.463453878581205,0.375358603535288,0.187676510072653,0.0381134640771084,0.0624064330624398,0.0357393450490083,0.200006458763072
-1,-0.5,-0.2,0.25,0.7,0.3,-0.949616287218316,-0.507499815480509,-0.131552069177223,0.209160472622527,0.749222239732548,0.349991212879631,0.317199868652147,0.159933412493246,0.035210375432062,0.0681465509207061,0.0371717910928871,0.204051013676939
-1,-0.5,-0.2,0.25,0.7,0.3,-1.01074307785137,-0.483461990907943,-0.176424090863314,0.251953880426681,0.650955435041264,0.249816918909583,0.460903636223997,0.218800130842953,0.0414911311027935,0.0641352593426221,0.0360393186386087,0.17887518722711
-1,-0.5,-0.2,0.25,0.7,0.3,-0.97911962706715,-0.493775716686855,-0.205915475193343,0.237726774352996,0.713607575064342,0.206026985205668,0.325177940801986,0.155529928433592,0.0379211156881168,0.0642439721783822,0.0369761437370178,0.170325797903647
-1,-0.5,-0.2,0.25,0.7,0.3,-1.03780864291181,-0.460475901316752,-0.269190905614506,0.199178015883671,0.732965789512436,0.419180526742777,0.333737924312915,0.156890583322168,0.0353951637468851,0.0688655853080463,0.035157066347658,0.215125755021294
-1,-0.5,-0.2,0.25,0.7,0.3,-0.954969563153966,-0.538273879872103,-0.18105982167637,0.214471379433676,0.698351979432638,0.432001852801057,0.406367860693235,0.198234754638784,0.0367436204136249,0.0677555890434105,0.0349557066098429,0.214387502384305
-1,-0.5,-0.2,0.25,0.7,0.3,-1.11850325393096,-0.416360135968701,-0.180239679602604,0.406973247782067,0.664025374375761,-0.0657979235186183,0.371708675368598,0.179283481583177,0.0387994894140338,0.0701129736261622,0.0389195838221303,0.161190953599482
-1,-0.5,-0.2,0.25,0.7,0.3,-1.01809876208552,-0.447410477744861,-0.209283999802019,0.34035178096473,0.712404049582917,0.011510685478696,0.330528501051383,0.16322415011551,0.0359865701570225,0.067944532073969,0.0364702424518297,0.163071879052476
-1,-0.5,-0.2,0.25,0.7,0.3,-1.02381881702595,-0.449639674403021,-0.177693685884292,0.139991601783871,0.670659535050073,0.89179905178383,0.366433757960837,0.170609426304387,0.0377384113678896,0.0624860038005314,0.0358483627413767,0.271333710192614
-1,-0.5,-0.2,0.25,0.7,0.3,-0.954056842728272,-0.546757179266429,-0.270899429350186,0.17096667709068,0.724676252057881,0.736364870061467,0.376651162584252,0.19005919613153,0.0381605917841839,0.071822895354013,0.0340903399747785,0.298926717674249
-1,-0.5,-0.2,0.25,0.7,0.3,-0.898262964182731,-0.555340101185669,-0.235045586382547,0.159516648412548,0.704922524374078,0.78292551046382,0.350394624026256,0.175127432220039,0.0338236525350663,0.0650376801536135,0.0361006966362537,0.266961121314879
-1,-0.5,-0.2,0.25,0.7,0.3,-0.953523998188169,-0.533169108861985,-0.136568891846596,0.337940681604493,0.751141677898663,-0.0887002693263009,0.296674769617521,0.14959683689189,0.0324458300494371,0.0700170651585071,0.0386765357091964,0.158453760186769
-1,-0.5,-0.2,0.25,0.7,0.3,-1.02016531065063,-0.526450658708058,-0.211923528901433,0.29484361900104,0.71363810865809,0.0441118184115974,0.328730303522857,0.160826615593024,0.0349473378896142,0.0681374846914165,0.0372286988546019,0.16966029538724
-1,-0.5,-0.2,0.25,0.7,0.3,-1.1069138880736,-0.443019469518904,-0.243884539733896,0.37404897834975,0.649572307236927,0.115270833948729,0.404450564255749,0.193688566737828,0.0369583430925565,0.0682133681327737,0.0366319148781679,0.17185243096691
-1,-0.5,-0.2,0.25,0.7,0.3,-0.859182603790763,-0.606346791890484,-0.12261197570797,0.257668217512986,0.727699360908,0.10792851325077,0.314358078970014,0.160432463299458,0.0349168206464892,0.0649683748892942,0.0384577739600879,0.161370195399958
-1,-0.5,-0.2,0.25,0.7,0.3,-1.10481478872893,-0.44314944695607,-0.181610195499309,0.340670114152354,0.659506850286894,0.145658259586103,0.363710823517133,0.168040991539815,0.0337671803593107,0.065498161479864,0.0374723926572383,0.170732004053079
-1,-0.5,-0.2,0.25,0.7,0.3,-1.00321529710906,-0.507419980225617,-0.21134362771641,0.272968881297816,0.707119705316796,0.191734222986213,0.321588633942059,0.149733666119173,0.0353676011336792,0.0655854126761539,0.0366350574525555,0.17483251898642
-1,-0.5,-0.2,0.25,0.7,0.3,-0.977578799069411,-0.499606995264362,-0.253306311944644,0.204578197528422,0.642456019965699,0.448618432282312,0.37504550912235,0.174625692631855,0.0352979973454118,0.0633735758313936,0.0365741233113298,0.197155075755961
-1,-0.5,-0.2,0.25,0.7,0.3,-0.997177120144373,-0.485593498137681,-0.183636133465053,0.117331659363392,0.655115424603866,0.561758963715137,0.407911150559026,0.193636183191382,0.040776698811637,0.0606558182930233,0.0366433751470955,0.199844850099629
-1,-0.5,-0.2,0.25,0.7,0.3,-0.982235870481593,-0.529133727902957,-0.167008115716738,0.204953048199031,0.699221580354452,0.361188069768476,0.323161493543969,0.159768094450378,0.0373705470960392,0.0606014940585896,0.0378870872819924,0.174297763870034
-1,-0.5,-0.2,0.25,0.7,0.3,-1.16713446530004,-0.452461222709903,-0.255860821610198,0.373814326243532,0.727053771643747,0.0373672023217905,0.32354174134662,0.163241413832328,0.033105850812556,0.0728927280638962,0.0372829107166954,0.181267608196559
-1,-0.5,-0.2,0.25,0.7,0.3,-0.99295869407843,-0.552490588480479,-0.245994032532746,0.224649234682604,0.763035281320898,0.259882404011657,0.28507196932535,0.145643591766677,0.0360337222913628,0.0677277490749142,0.0371930973990444,0.191784504689615
-1,-0.5,-0.2,0.25,0.7,0.3,-1.05442084962991,-0.435438456798398,-0.23639076893674,0.258653421655644,0.730583502663386,0.136656840249319,0.358808703856464,0.184995406514029,0.0416020881318952,0.0667688604524323,0.0368159623976567,0.171003573527068
-1,-0.5,-0.2,0.25,0.7,0.3,-0.851274212569379,-0.610432416854483,-0.22163670993289,0.248935505606862,0.757010207280574,0.388321990471822,0.299412219234207,0.151492340822239,0.032799398600324,0.0653284145567239,0.0365431697799678,0.199529830139281
-1,-0.5,-0.2,0.25,0.7,0.3,-1.00086595131699,-0.510436262754543,-0.170518454743552,0.303557849270528,0.719070419490796,0.0644186725468565,0.325679136093261,0.159827326194439,0.0363890213661569,0.071237376940643,0.0373819953875338,0.181477087703473
-1,-0.5,-0.2,0.25,0.7,0.3,-1.08778408371454,-0.491773806416424,-0.180689644654883,0.32665833200532,0.725018177317043,0.281272105118885,0.290140541648995,0.142961729510863,0.032675208531983,0.0672028941433144,0.0380421266997636,0.194803368869002
-1,-0.5,-0.2,0.25,0.7,0.3,-0.98689718764458,-0.485946909029042,-0.195385718051556,0.248714036312975,0.721114992848283,0.314287225246161,0.292033249164182,0.141648457521519,0.0365565318189839,0.0640291763055692,0.0376686749999801,0.183522927594381
-1,-0.5,-0.2,0.25,0.7,0.3,-0.88594560044132,-0.592279600453,-0.237862195646064,0.187038462261474,0.715907123546448,0.502577092428509,0.378385280302652,0.191830379136773,0.0376520625443502,0.0611524019128516,0.0358316699705463,0.19468769242752
-1,-0.5,-0.2,0.25,0.7,0.3,-1.04615678957553,-0.521599298228884,-0.212945343536207,0.19976648579026,0.693609053688103,0.54566744555367,0.32655602525591,0.156315487138533,0.0372660190006764,0.0612936931481147,0.0360787165746207,0.201622544457724
-1,-0.5,-0.2,0.25,0.7,0.3,-0.952075574607046,-0.518573037142626,-0.224972873008978,0.188839176217485,0.665960545525223,0.392615783772594,0.386880909766398,0.18284633530496,0.0382161783097206,0.0650238119940705,0.0373878379066541,0.198581988009617
-1,-0.5,-0.2,0.25,0.7,0.3,-0.980967825856185,-0.520426180903455,-0.207529056393429,0.267597962588893,0.740455342191821,0.229538651466363,0.338593386494858,0.172929923260875,0.0361723374341455,0.0658423456525545,0.0361266184153494,0.180031452333693
-1,-0.5,-0.2,0.25,0.7,0.3,-1.01148937452626,-0.52070267037937,-0.22144247153469,0.197188872654422,0.74176947962449,0.608835104850297,0.299946596930639,0.150979633988699,0.0316615741795694,0.0645011661147602,0.0368462090606227,0.231513076028459
-1,-0.5,-0.2,0.25,0.7,0.3,-0.989470753255974,-0.481139079108973,-0.224542842574376,0.249862412014259,0.691828861445847,0.268295149529337,0.360909606027279,0.173576843828336,0.0399898582604655,0.0695644661724864,0.0363243707600913,0.200735880406784
-1,-0.5,-0.2,0.25,0.7,0.3,-0.962640324429218,-0.516953264824562,-0.247681820494525,0.323990204221107,0.742105272514609,0.129375973694878,0.324265764525498,0.164223190822454,0.0339595188137101,0.0645489824165938,0.0368945998374415,0.162054009516707
-1,-0.5,-0.2,0.25,0.7,0.3,-1.11713128215405,-0.407280934657546,-0.209292463491157,0.224273672399523,0.689912214329932,0.414621269446059,0.317794098389973,0.155702554008859,0.0350725634776882,0.0658117021807648,0.037391780577776,0.204865977467984
-1,-0.5,-0.2,0.25,0.7,0.3,-0.99275975563274,-0.529840183557833,-0.245773702025399,0.180098700739792,0.729301074402689,0.361632574346461,0.439469574356099,0.220554567638174,0.037919929258211,0.066887989905636,0.0367770754127166,0.196163662184558
-1,-0.5,-0.2,0.25,0.7,0.3,-1.03613670236413,-0.460807717600403,-0.210270673375984,0.184842619427511,0.675000483144207,0.325369003582832,0.385906352586488,0.184117162718084,0.0404073429210822,0.0613431278718262,0.0370366116317417,0.173161383141584
-1,-0.5,-0.2,0.25,0.7,0.3,-0.960581516474205,-0.547437362460239,-0.146832418325345,0.268836619961891,0.762220982478393,0.403070740456463,0.297545121280745,0.146535570956921,0.0341281282824639,0.0682054985196277,0.0380723080573387,0.21413583027195
-1,-0.5,-0.2,0.25,0.7,0.3,-1.14334952153359,-0.445602858828904,-0.20639233593596,0.362182182032186,0.740648334070792,0.040539863639346,0.306720783247383,0.156050222672291,0.0319932842118105,0.0685698554206917,0.0376999093257994,0.167560383850364
-1,-0.5,-0.2,0.25,0.7,0.3,-1.04095757826707,-0.48504814426628,-0.192995262288925,0.237329333527551,0.66887636013719,0.160294662691161,0.369877104406465,0.173635792542463,0.036791070275238,0.0686703132432725,0.0376335417347553,0.181762219342344
-1,-0.5,-0.2,0.25,0.7,0.3,-0.96927375702172,-0.504353942085972,-0.216428006076552,0.273900382480164,0.671660385984432,0.318297104670523,0.351388919757295,0.175908346233702,0.0354092959645075,0.064422345224704,0.0380583062584806,0.183835317653287
-1,-0.5,-0.2,0.25,0.7,0.3,-0.890794903035894,-0.533352936802916,-0.219823692030302,0.276101639759975,0.690712585056876,0.244362171677862,0.375768340916569,0.178579480773887,0.0366871423285148,0.0675315919742608,0.0366899005159311,0.187427720271724
-1,-0.5,-0.2,0.25,0.7,0.3,-1.0239492331137,-0.429033786422524,-0.23603265078389,0.307148135995658,0.704543350646471,0.262624682871217,0.32027246015806,0.158445345415158,0.032513897921132,0.0702555101834057,0.0374821151135853,0.202383961988875
-1,-0.5,-0.2,0.25,0.7,0.3,-0.9035003087495,-0.604057964725669,-0.147675305872379,0.267455026218658,0.689030132287548,0.252193709366369,0.33640036609144,0.161399086479532,0.0349839619547884,0.0698716214203202,0.0360647816227574,0.195487942468218
-1,-0.5,-0.2,0.25,0.7,0.3,-1.0373656237827,-0.475115863727163,-0.20772617889617,0.18505727418109,0.731613947710149,0.522869191857946,0.316635702962785,0.1585025463239,0.0357766790947503,0.0627858189463765,0.0367650070913441,0.203805931645484
-1,-0.5,-0.2,0.25,0.7,0.3,-0.956062877524048,-0.53926682171309,-0.211844308877514,0.222504458353852,0.716011702539811,0.41330095999818,0.363493041799246,0.177348772965846,0.0356316315363454,0.0620765902290326,0.0370157680481835,0.185389788699504
-1,-0.5,-0.2,0.25,0.7,0.3,-0.957550270385368,-0.525846845131789,-0.148284864642849,0.245485474898877,0.691256747195862,0.275144577511512,0.381519257991037,0.181629784435911,0.0386262228679755,0.0690790379546252,0.0354523687942962,0.198123055785434
-1,-0.5,-0.2,0.25,0.7,0.3,-0.995560624011307,-0.488321250891962,-0.160628630997975,0.232372750275401,0.692649696540247,0.286828265533033,0.33024868529851,0.160638901284292,0.0354740554508519,0.0655448348123851,0.0383738871652603,0.186615309779966
-1,-0.5,-0.2,0.25,0.7,0.3,-0.876440745599189,-0.64343049126863,-0.223110326668502,0.200197259106242,0.73314059352153,0.289811060916039,0.36414298111709,0.18279317295371,0.0379759486885931,0.062093418800257,0.0356702115369745,0.172632017471276
-1,-0.5,-0.2,0.25,0.7,0.3,-1.06903124232942,-0.374591529855958,-0.176112506860912,0.2060407799097,0.642969975153535,0.281428770279747,0.390349236944775,0.185515552570857,0.0456510918788233,0.0666224776077091,0.0371121654010449,0.188883881364535
-1,-0.5,-0.2,0.25,0.7,0.3,-1.04794617614142,-0.47133643483793,-0.188753598924308,0.173452257902797,0.664959564909572,0.604975330838,0.35827905048499,0.177298562650733,0.0365581896755327,0.0588068356059469,0.0370933128518885,0.200793373563453
-1,-0.5,-0.2,0.25,0.7,0.3,-0.865671009871765,-0.627615216202489,-0.176632010734826,0.293203805487552,0.799644708269448,0.226030720652904,0.340154643240746,0.179101436193509,0.0350656369391317,0.0667401120871974,0.0349105534069607,0.183194289802949
-1,-0.5,-0.2,0.25,0.7,0.3,-1.07851882191447,-0.385770260082295,-0.187193362979098,0.289125881904885,0.699284270035449,0.492930895078224,0.27217661263414,0.130424180605795,0.0297374845124012,0.0641436640021107,0.0378229917665085,0.210303117756722
-1,-0.5,-0.2,0.25,0.7,0.3,-1.04547329735414,-0.478947847192862,-0.212047643702618,0.221906470132059,0.730436512040304,0.366650490224707,0.281209043456641,0.139964488857903,0.0364624641023908,0.0679055084498474,0.0365490775231645,0.206681214541608
-1,-0.5,-0.2,0.25,0.7,0.3,-0.941205429397983,-0.534517043834802,-0.151633494898373,0.27772914027376,0.767231654546109,0.252121843133762,0.318352378086648,0.158927604330431,0.0342668033025828,0.0672380812722495,0.037541291860892,0.186721660068332
-1,-0.5,-0.2,0.25,0.7,0.3,-0.930108757227829,-0.600483255219725,-0.208520949364083,0.286273141076709,0.680292093196598,0.142968291682453,0.369966832418038,0.17653575210992,0.0384002226385823,0.0669541489015401,0.0371564753148896,0.171182097560786
-1,-0.5,-0.2,0.25,0.7,0.3,-0.875270555003703,-0.571336204233508,-0.199674285968618,0.282183918264235,0.654418957455651,0.275660792339093,0.346040628133379,0.159732556404982,0.0375684534637867,0.0650312047443655,0.0395823197062737,0.180960402842868
-1,-0.5,-0.2,0.25,0.7,0.3,-0.917945908948342,-0.522981348013181,-0.183645975787248,0.182212217971605,0.690742437684614,0.40178396061013,0.339680665111837,0.163749790227644,0.040136359707321,0.0659453681281515,0.0390250406309739,0.203263136332545
-1,-0.5,-0.2,0.25,0.7,0.3,-1.01019930267351,-0.476305943711708,-0.222051226861104,0.29107342702022,0.707735085837512,0.311317010684011,0.358382564446489,0.178647872866661,0.0325892106526238,0.0666813503184617,0.0364720733455644,0.194389852005459
-1,-0.5,-0.2,0.25,0.7,0.3,-1.09079915815059,-0.475136865714038,-0.210435993758306,0.367991955677942,0.708361779045437,0.164612443198982,0.315019830278637,0.154561125866489,0.0326107469992184,0.0679057078561799,0.0374570558577255,0.178286912066318
-1,-0.5,-0.2,0.25,0.7,0.3,-1.04045110238207,-0.490966391341705,-0.252424346591694,0.312299923143919,0.738309606383453,0.192959211188131,0.299487572278317,0.1507196345858,0.0322069426686431,0.0635854765170988,0.0371178538761243,0.168043602041577
-1,-0.5,-0.2,0.25,0.7,0.3,-1.1234707220812,-0.447615103214818,-0.17676329798969,0.286370261457313,0.687293076259303,0.370807276838985,0.344960524713256,0.168417627902773,0.0374401606391462,0.0683608936208785,0.0361552845628481,0.206202571249889
-1,-0.5,-0.2,0.25,0.7,0.3,-0.998046229522585,-0.51812643900414,-0.206993829824429,0.280174589872398,0.730479791980298,0.343188147439706,0.282613060863237,0.144063460038628,0.0352602570702238,0.0649883185068353,0.0376608142517662,0.192694786186027
-1,-0.5,-0.2,0.25,0.7,0.3,-0.906421789029691,-0.594777231099837,-0.195499959074881,0.183195162117837,0.77891061725408,0.29255868263373,0.297581561242877,0.150507130289068,0.0333685258341483,0.0655793403841246,0.0377313911616612,0.185551193050081
-1,-0.5,-0.2,0.25,0.7,0.3,-1.14876341573495,-0.384022672967302,-0.234494454010809,0.269453870198426,0.638090915713509,0.419571613660281,0.385425133545255,0.178920497843317,0.038525940368273,0.0635438885367431,0.0368744808807407,0.192932824432981
-1,-0.5,-0.2,0.25,0.7,0.3,-0.993288140439008,-0.532614263142858,-0.228265264028628,0.262835700852404,0.721112007690021,0.255694803860155,0.316494655467608,0.157287476223054,0.0368003420598664,0.0668949195913724,0.0394844990659981,0.186116666273185
-1,-0.5,-0.2,0.25,0.7,0.3,-0.976599674709803,-0.596482280079117,-0.180918529267656,0.230376980951717,0.736045221504517,0.435281962174131,0.327680756842677,0.166309869279767,0.0367788946414584,0.0691439005740554,0.0345315324048061,0.221830059537935
-1,-0.5,-0.2,0.25,0.7,0.3,-1.01444841400138,-0.497498544179017,-0.200532509797826,0.329059591424193,0.714248350530548,0.0227960477315821,0.322283830841281,0.156643774754348,0.0353685640408288,0.0626521497979654,0.0383171965029839,0.146974539446826
-1,-0.5,-0.2,0.25,0.7,0.3,-0.867508067566418,-0.56053917392932,-0.253190455333661,0.188015801179767,0.723285427013191,0.487847451244124,0.341285375053616,0.166751764126314,0.0322568079931633,0.0607137430858007,0.0366431417522811,0.192891807696534
-1,-0.5,-0.2,0.25,0.7,0.3,-1.11425380786509,-0.43325340477738,-0.204542245597302,0.20929894023567,0.738690112703102,0.486847345409606,0.298887722037423,0.152182993236543,0.0368879205812772,0.063794251025712,0.0364398284030677,0.205889703561645
-1,-0.5,-0.2,0.25,0.7,0.3,-1.00895110245191,-0.549695450361121,-0.133323053770416,0.276228949072777,0.719850433429346,0.245996161909458,0.302257152616217,0.153623153391129,0.034783950044686,0.0629940750257048,0.0376845325821617,0.172159620723687
-1,-0.5,-0.2,0.25,0.7,0.3,-0.876542343555933,-0.56381252746469,-0.219787995810966,0.252876696246806,0.680117040750653,0.158399625283273,0.36240634643999,0.172276947279906,0.0390647958747714,0.0647833842261227,0.0375750524808759,0.167474761247014
-1,-0.5,-0.2,0.25,0.7,0.3,-1.06181005599786,-0.457227919381779,-0.20474892682568,0.256907467864344,0.660757678737345,0.319964939523873,0.460778167755186,0.219583749933472,0.0403155875549344,0.0665364220491677,0.035692016882629,0.191300199241617
-1,-0.5,-0.2,0.25,0.7,0.3,-1.04046553206304,-0.443276881016536,-0.171082911263802,0.174870828203718,0.653255329939108,0.468217090658259,0.451601118158588,0.214174295669,0.038788748299502,0.0610045398947407,0.0361219329748489,0.187533676964077
-1,-0.5,-0.2,0.25,0.7,0.3,-0.838227543787195,-0.599191872289728,-0.174066645483763,0.234152245346629,0.705867315348805,0.250810501260808,0.34030376786901,0.167358391260252,0.0367947566255982,0.0677879753801937,0.0386331827463014,0.191696070619824
-1,-0.5,-0.2,0.25,0.7,0.3,-1.03316730214295,-0.442089683057288,-0.208986390963015,0.321111644195752,0.746316456380866,0.131263643323204,0.289495341670109,0.14146120869148,0.0331869161633283,0.0690448792205548,0.0375526501357458,0.179975668958372
-1,-0.5,-0.2,0.25,0.7,0.3,-1.03931716469588,-0.537494016049687,-0.251612180946592,0.280725357490365,0.717283669815873,0.48147937855504,0.317784602652131,0.161700730200794,0.0323505956825729,0.0634430779256511,0.0352013467959804,0.200857022107043
-1,-0.5,-0.2,0.25,0.7,0.3,-0.860687749276338,-0.587340692521515,-0.197846734683232,0.17128003653061,0.675340353256532,0.382733005798672,0.428327868781747,0.206063019408987,0.0396646221065594,0.0645936628639205,0.0376650261299397,0.192939776380695
-1,-0.5,-0.2,0.25,0.7,0.3,-0.992050712587701,-0.443245412381649,-0.127927652740059,0.255232513510267,0.644752675198788,0.194284534778713,0.425602306523243,0.199598062927471,0.0385617729180429,0.0657730016778816,0.0375292523422554,0.175508618183709
-1,-0.5,-0.2,0.25,0.7,0.3,-0.970673220136889,-0.521177695218461,-0.16369091057614,0.181708412948172,0.648634432936233,0.486163421223103,0.427404255246702,0.192954176019028,0.0397845740209634,0.0685454607100614,0.0357482944339581,0.22748453000598
-1,-0.5,-0.2,0.25,0.7,0.3,-0.90725615179807,-0.633502259530923,-0.171991108679049,0.169650364812235,0.719731530844276,0.428891395890982,0.37872318111644,0.192262798108611,0.0391029875554083,0.0633156289141307,0.0356021754311572,0.194752911938306
-1,-0.5,-0.2,0.25,0.7,0.3,-1.08398074512241,-0.452378486469723,-0.170979816429529,0.309458406533909,0.656800089377156,0.268409102174334,0.449365097715523,0.213263277767795,0.0370864091579469,0.0675664797594733,0.0364321251697045,0.189745424339987
-1,-0.5,-0.2,0.25,0.7,0.3,-0.863241378992404,-0.617000403614641,-0.210756728993958,0.178472300931615,0.719899428418266,0.392955736806185,0.345583551414012,0.173763593656485,0.0371106685067539,0.0637555351517586,0.0367978187734218,0.196023518331129
-1,-0.5,-0.2,0.25,0.7,0.3,-1.0801402845254,-0.495539240058809,-0.130421259631801,0.336120293422668,0.759603396921758,-0.00608829969113339,0.29788450593601,0.153890939396797,0.0335890420624044,0.0696770008509234,0.0374438663093088,0.167242023011903
-1,-0.5,-0.2,0.25,0.7,0.3,-1.15205468071984,-0.379055566150705,-0.215073960770767,0.32981026161459,0.718633454321616,0.261775198808476,0.309225190824582,0.155650375602545,0.0333781236663961,0.0692651281830286,0.0372140487170731,0.194654622163469
-1,-0.5,-0.2,0.25,0.7,0.3,-0.897184402319463,-0.546467333242749,-0.166634859134025,0.100639939260894,0.715583758809333,0.641933654532393,0.342037135612442,0.170486802197346,0.0405661509456673,0.0605218439727231,0.0365144896651653,0.21250872674947
-1,-0.5,-0.2,0.25,0.7,0.3,-1.00747353297445,-0.473284302471734,-0.282300694126886,0.236033016445945,0.705977051041911,0.313850039853169,0.321694870797196,0.153628060956364,0.0363683807377034,0.0662370110066731,0.0358054744330626,0.189778808746668
-1,-0.5,-0.2,0.25,0.7,0.3,-1.02875621997139,-0.482972726155748,-0.159571760462859,0.349058547094062,0.699124552135915,0.0777483097288152,0.337292618216724,0.167633002563024,0.0360290463096764,0.0660259100237417,0.0379941850697683,0.165654278282858
-1,-0.5,-0.2,0.25,0.7,0.3,-1.02981375524142,-0.47761402079807,-0.188947889796322,0.255345650628911,0.70185336264218,0.291918099575664,0.353606372738483,0.174747291735395,0.0384171833388759,0.0627601655373871,0.0365076577906935,0.178035379510391
-1,-0.5,-0.2,0.25,0.7,0.3,-0.962838185971632,-0.473813949943297,-0.193447293651363,0.225292970184761,0.655474509467868,0.275482864641306,0.368504872458355,0.173868744764585,0.0388481215335885,0.0653552416024496,0.0367278014558864,0.18352817485925
-1,-0.5,-0.2,0.25,0.7,0.3,-1.01388784715489,-0.444106231854893,-0.241033472725656,0.120752501017874,0.678159610611027,0.782519023295374,0.486158963130376,0.22807838152152,0.0353479102526924,0.0622924579151109,0.036415773305558,0.247203836067778
-1,-0.5,-0.2,0.25,0.7,0.3,-0.950253821521249,-0.511460947215611,-0.177862739948244,0.328038568687746,0.743236734773211,0.112041958785078,0.299012222268439,0.153001643253481,0.032991103345537,0.0681087795797237,0.0374187152524955,0.175624820346463
-1,-0.5,-0.2,0.25,0.7,0.3,-0.92484826850969,-0.542140816654227,-0.238050247373787,0.299731279287396,0.739775838402676,0.172885770930797,0.343360998879807,0.173419139110407,0.0349572341711495,0.0640652048571858,0.0372855433571787,0.163896212677207
-1,-0.5,-0.2,0.25,0.7,0.3,-0.998432573188273,-0.502175177253994,-0.227100219794698,0.22517906239725,0.657753088805805,0.368907654593333,0.397747122830712,0.18463195397739,0.0343948787709213,0.0671482276710684,0.0358701685684946,0.205247801779391
-1,-0.5,-0.2,0.25,0.7,0.3,-0.956702157030513,-0.481743836699814,-0.155861533003954,0.255533516431328,0.691795351473886,0.179197867902209,0.359639990310715,0.174241822156618,0.0384694856053767,0.0714385375337755,0.0364972629549197,0.192817264337944
-1,-0.5,-0.2,0.25,0.7,0.3,-0.97760992881984,-0.45109191668942,-0.182174348114601,0.212532332128919,0.708262432252852,0.353118774558218,0.353143567229792,0.174489317694072,0.0374522913725888,0.0624027516830723,0.0359770330374942,0.179875856414732
-1,-0.5,-0.2,0.25,0.7,0.3,-1.05075292198438,-0.448812411624522,-0.27192224327237,0.285294573828272,0.713817561442018,0.393800427089509,0.318494297563045,0.160731595062328,0.0326879007929071,0.0622920273201837,0.03686592509834,0.190721545771046
-1,-0.5,-0.2,0.25,0.7,0.3,-0.92190644330365,-0.505344184261987,-0.209645197589799,0.30392746173147,0.661754629091434,0.012042848883642,0.380053155665663,0.185306478950389,0.0392764921426069,0.0696671414312127,0.0375488297389381,0.167722912639376
-1,-0.5,-0.2,0.25,0.7,0.3,-1.00199681545616,-0.512442240179821,-0.196819321073148,0.266979639070517,0.69385690695405,0.305766307891883,0.320900999594626,0.155555149048838,0.034971188356537,0.0645680632403824,0.0364723690994657,0.184909632112016
-1,-0.5,-0.2,0.25,0.7,0.3,-1.07002009213388,-0.461378611600813,-0.175261520024582,0.194413380188226,0.689610038097801,0.461560385329293,0.365326464675511,0.177962105618103,0.0383498486621907,0.0648954075096877,0.0361508462118944,0.206307413738523
-1,-0.5,-0.2,0.25,0.7,0.3,-0.975366615064063,-0.465335547237583,-0.243188759555275,0.264939912506547,0.697913092338524,0.0961718950140106,0.367483260740413,0.18777241023512,0.0395068122544205,0.0682160902114156,0.0374440198025242,0.171788415333399
-1,-0.5,-0.2,0.25,0.7,0.3,-1.01297163010968,-0.532344250775054,-0.151346996577759,0.318982013161748,0.764931781186774,0.125749826986746,0.303679011355929,0.153722612693494,0.0303181607853775,0.0655501840908304,0.0373350449377388,0.166129829281913
-1,-0.5,-0.2,0.25,0.7,0.3,-1.2098145469737,-0.3283004408814,-0.287026150441819,0.216016811740436,0.674242223677539,0.460928718093077,0.385518111281843,0.187218181585311,0.0367566111728412,0.0647448552967931,0.0361123193363733,0.208954878402358
-1,-0.5,-0.2,0.25,0.7,0.3,-0.920316349552136,-0.536804445118924,-0.237108771216081,0.239780560845895,0.710225643575996,0.252997350381667,0.364226453621549,0.183408955940983,0.0385721932173071,0.0716486220485462,0.0364056218021643,0.202416347262938
-1,-0.5,-0.2,0.25,0.7,0.3,-0.996868483150072,-0.550187454344878,-0.169632420289191,0.276785152388116,0.708822960555675,0.0981390339394163,0.385689582493281,0.198087937086935,0.0375251699340409,0.0718613965058625,0.0365825977252218,0.184671394594299
-1,-0.5,-0.2,0.25,0.7,0.3,-1.01830018248821,-0.501599026032689,-0.133559394577244,0.245258907151407,0.675461685087678,0.404074204576597,0.363771216646459,0.175935316336696,0.0382946682433772,0.064921263376345,0.036836513453584,0.202903123715503
-1,-0.5,-0.2,0.25,0.7,0.3,-0.909805913554367,-0.550668649633508,-0.169860775109733,0.2017318428118,0.725838365272772,0.283545903914865,0.360826185079635,0.175853479940489,0.0372217077612875,0.0633161840790534,0.0381731667742156,0.176003031505299
-1,-0.5,-0.2,0.25,0.7,0.3,-0.915705381752591,-0.571342902227497,-0.183777181731756,0.248728360442302,0.747691259983388,0.212707214965314,0.310256871131053,0.160472708697771,0.0371260154733942,0.0626531455292817,0.0381559598862987,0.167378143673168
-1,-0.5,-0.2,0.25,0.7,0.3,-0.868968961798683,-0.60862524894509,-0.176125181448787,0.205163589578746,0.733157816007346,0.354956917084325,0.363052742064117,0.18376004794479,0.0364204755542994,0.0647492538298276,0.0375156778745239,0.1933079396828
-1,-0.5,-0.2,0.25,0.7,0.3,-0.928026935259554,-0.499752169016799,-0.164003109538588,0.0924127311899973,0.694134733468341,0.653529253941431,0.38614873143219,0.18498981656275,0.0388399378931888,0.0641044888862464,0.0355109263669445,0.235049309696107
-1,-0.5,-0.2,0.25,0.7,0.3,-0.879938618315592,-0.611072671182793,-0.209121991798945,0.0899005428749002,0.737328186117871,0.640138333066837,0.326495134681853,0.154520437546602,0.0341215508999734,0.0614550225655641,0.0374455484910869,0.216534764057434
-1,-0.5,-0.2,0.25,0.7,0.3,-1.10951401571694,-0.397488135268891,-0.209500385033955,0.262968239797838,0.691720195760681,0.332013353102408,0.3748654614228,0.172934918312884,0.0367924357573779,0.0644924097043377,0.0365006396442469,0.186817786950554
-1,-0.5,-0.2,0.25,0.7,0.3,-0.859526561190491,-0.619865459763444,-0.235201986403479,0.1919366103631,0.725201892428905,0.233475083727759,0.381221414208211,0.181846797151776,0.0374846766715985,0.0681672097263402,0.0370928530842116,0.188698375209824
-1,-0.5,-0.2,0.25,0.7,0.3,-0.90972353885075,-0.564683871118972,-0.189319220467439,0.0889227146992369,0.68470920064912,0.743970151569953,0.39227306802338,0.191235389934174,0.0360607594836495,0.0678184463628116,0.0359310981872696,0.27643084472687
-1,-0.5,-0.2,0.25,0.7,0.3,-0.975141680166399,-0.576778291447457,-0.217810178851094,0.393453378282356,0.732469211517708,0.00767337443262018,0.29298292390472,0.150066058818225,0.0348490256941191,0.0677170692918514,0.0374455212628013,0.163709420218555
-1,-0.5,-0.2,0.25,0.7,0.3,-0.912235197270302,-0.561563703190945,-0.194482084529848,0.168531992058009,0.712469543491681,0.657261224742374,0.352174728866299,0.176138161805102,0.0356401097648465,0.0620983813003801,0.0359469939319816,0.222632410143358
-1,-0.5,-0.2,0.25,0.7,0.3,-1.03842610317601,-0.485871867492719,-0.264195748588961,0.211021593240672,0.684603419606983,0.481096639533839,0.399435546933319,0.192865383864686,0.0345277011075715,0.0627274155707762,0.0367521471326206,0.196604854046436
-1,-0.5,-0.2,0.25,0.7,0.3,-0.971861162890253,-0.487407263430442,-0.158717003499988,0.374890040584358,0.696921362307733,-0.110703305323983,0.334476319732958,0.165886368464349,0.0356468763104378,0.0712894254306153,0.0391003482146734,0.162809364506287
-1,-0.5,-0.2,0.25,0.7,0.3,-1.02650599336856,-0.520351555307076,-0.171820280854065,0.320620590142123,0.690327642545531,0.225398949438913,0.351366441762702,0.169088958385297,0.035843237598194,0.0619139399575555,0.0380749645085698,0.165537449977901
-1,-0.5,-0.2,0.25,0.7,0.3,-1.01801235343978,-0.504244678288162,-0.246119230567674,0.213407096329627,0.755818384914504,0.718632995273111,0.275495712470171,0.135179314285222,0.0313830361327953,0.06371947465432,0.0373577129109897,0.24346790606127
-1,-0.5,-0.2,0.25,0.7,0.3,-1.07905974434637,-0.368043862751287,-0.202752413439704,0.290890298765682,0.652320796730704,0.271063850985028,0.418654427576384,0.196355702876954,0.0373331284388483,0.0668640278646836,0.0379477211919386,0.186849675781782
-1,-0.5,-0.2,0.25,0.7,0.3,-0.918226124547807,-0.516798095313122,-0.275482591207061,0.254170745285467,0.667067915794845,0.109444030662163,0.346171069310723,0.165208919259145,0.0392944173000857,0.0660276512553279,0.0373963771696209,0.167549378968567
-1,-0.5,-0.2,0.25,0.7,0.3,-1.06152754400432,-0.423900288065452,-0.173038649446966,0.186221538194644,0.669249202560037,0.469054356743383,0.369357184973083,0.172982906621338,0.0372662413042466,0.0656490094406887,0.0361145953359031,0.216388166431229
-1,-0.5,-0.2,0.25,0.7,0.3,-0.967019386639159,-0.56263512548977,-0.158162635107065,0.308246707395458,0.677454677838253,0.164107509235365,0.41589289721579,0.202427150122269,0.0381551497202823,0.0654880919187687,0.0369271520524022,0.170707553407693
-1,-0.5,-0.2,0.25,0.7,0.3,-1.08483448014584,-0.457661238411277,-0.198996918947479,0.227719708690308,0.663918958465285,0.586269291420071,0.348941550501307,0.165090705858729,0.0358856517964706,0.0633781298458103,0.0354047138860378,0.22004260725729
-1,-0.5,-0.2,0.25,0.7,0.3,-1.04776254839221,-0.512834240636076,-0.230501554035861,0.211094258203423,0.724070756590976,0.560116140668747,0.313667914068737,0.155819304439693,0.0337284802165186,0.0666654047451189,0.0362677358235599,0.226706141518489
-1,-0.5,-0.2,0.25,0.7,0.3,-1.11229825559799,-0.370995338985444,-0.178440348874448,0.293871201310964,0.601367617706949,0.211609885141966,0.535789284561958,0.240144285127703,0.0393264002968613,0.0704025077125914,0.0361881279071036,0.194531516505139
-1,-0.5,-0.2,0.25,0.7,0.3,-1.13216413099031,-0.381182086050466,-0.20590636780239,0.250610143640242,0.706827878721096,0.486809869374041,0.315230788057481,0.153822825554411,0.0330348958473446,0.066550411179238,0.0380201242194323,0.21793422221727
-1,-0.5,-0.2,0.25,0.7,0.3,-0.977975087220482,-0.524036058721472,-0.209115358126349,0.232705686326494,0.693556046732745,0.332724725253552,0.340301475799764,0.168265523687804,0.0398504341251868,0.0696272358738947,0.0382657010152648,0.211147576949185
-1,-0.5,-0.2,0.25,0.7,0.3,-1.00528638772726,-0.551792624727319,-0.173128615034921,0.254423497751353,0.737668782286738,0.498883337950591,0.304974517392263,0.149899360615328,0.0325265136407997,0.0637406380382207,0.0368165822745728,0.20646891718399
-1,-0.5,-0.2,0.25,0.7,0.3,-0.965688205889261,-0.485870041437876,-0.209595833162707,0.179851265034017,0.704140391072582,0.485200053868181,0.352805729743332,0.169330232432749,0.0384831554193792,0.0631499739805176,0.0362445321826923,0.201214030944997
-1,-0.5,-0.2,0.25,0.7,0.3,-1.14579937174447,-0.426001329751434,-0.191971245165955,0.329273165464281,0.682653445939782,0.341257663911853,0.385441711010264,0.190334518923456,0.0343736148665736,0.0656544014016711,0.0364428721990252,0.192348361516386
-1,-0.5,-0.2,0.25,0.7,0.3,-0.877279216643019,-0.557390693597493,-0.215476322566372,0.224420628702686,0.675554326455124,0.586905331971615,0.393514367371734,0.199829285875228,0.0344737561879586,0.0631262267807272,0.0360147869162292,0.216127210103134
-1,-0.5,-0.2,0.25,0.7,0.3,-0.947847830845144,-0.588730851859748,-0.255551523911753,0.167576009786323,0.726230464688839,0.519329090151956,0.291811780341507,0.1449015768406,0.0343343707138793,0.0633552361300965,0.0376143720830191,0.205429808266114
-1,-0.5,-0.2,0.25,0.7,0.3,-1.12736665160197,-0.420591602743659,-0.207205749138187,0.297277557558087,0.653550189682949,0.175469937348013,0.399579006478922,0.195950347151876,0.040105264058078,0.0656345927209771,0.0371472265050663,0.170949035990067
-1,-0.5,-0.2,0.25,0.7,0.3,-1.11827522696179,-0.447784671271368,-0.219151543991089,0.392787026889053,0.696384389814146,0.00906882482234361,0.300601136420056,0.145344494632225,0.0353934559027468,0.0691606274578317,0.0387558741767249,0.168372977762739
-1,-0.5,-0.2,0.25,0.7,0.3,-0.750407400819432,-0.662128576758714,-0.194909533388675,0.114375270377837,0.684103646258197,0.612206752660036,0.416953154555539,0.200500287522512,0.0385320404151838,0.06646294699362,0.0355274715126605,0.234933141922275
-1,-0.5,-0.2,0.25,0.7,0.3,-0.86139517873107,-0.542960684100888,-0.205741595595657,0.245955910426303,0.705624544450965,0.274730979804525,0.37499889027132,0.186246339549789,0.0366005004042914,0.0655723302580634,0.0371538824334361,0.184108098787863
-1,-0.5,-0.2,0.25,0.7,0.3,-0.966841442696722,-0.5234328964598,-0.170569653261276,0.201761965425327,0.691217103090381,0.583565670232436,0.386699781140275,0.185873522071465,0.036782362133636,0.0693668195573629,0.0376711010696747,0.246551244185976
-1,-0.5,-0.2,0.25,0.7,0.3,-1.0414606702343,-0.497359477901494,-0.237659529432322,0.271845149928679,0.672995068827251,0.359731932144122,0.338146383128003,0.166480189397215,0.0351085573778789,0.0610395605236979,0.0375640870406711,0.173469701097973
-1,-0.5,-0.2,0.25,0.7,0.3,-1.07878784197199,-0.477149042665209,-0.138878665322417,0.339405312454798,0.6833376061232,0.105962125208742,0.346077836137799,0.164152843074172,0.0370469836356012,0.0633806637723553,0.0373160548608714,0.156610665754638
-1,-0.5,-0.2,0.25,0.7,0.3,-0.941142269579866,-0.537585597027422,-0.20074044397304,0.322522786963593,0.725401559363188,0.0361177156033162,0.325548059303336,0.168574090066535,0.0377036955742903,0.0647252348280757,0.0365947450078313,0.155771185312694
-1,-0.5,-0.2,0.25,0.7,0.3,-0.89160931923408,-0.561610662831328,-0.258578689239881,0.399196799401561,0.74448922501482,-0.185774385901836,0.340759421115842,0.172618796419546,0.0377677372160728,0.0760077835086958,0.036908697986858,0.168439140426218
-1,-0.5,-0.2,0.25,0.7,0.3,-0.835593345599812,-0.598244302646506,-0.190269197697848,0.2897799787787,0.727313282539367,0.13243041586696,0.282739759289116,0.138573092660593,0.0367489937333352,0.0667667566744073,0.0391721496984289,0.173543716861011
-1,-0.5,-0.2,0.25,0.7,0.3,-1.13767547960404,-0.454850553601882,-0.191134685729365,0.249660775367656,0.758197700895605,0.498731726222953,0.266377683063372,0.129411142751896,0.032725735698435,0.0624577496499129,0.0371587394716297,0.202577419970699
-1,-0.5,-0.2,0.25,0.7,0.3,-1.03088127827854,-0.469175385165966,-0.167882930577439,0.332225140793349,0.731229767135249,0.039788377440623,0.306206363714561,0.149393037797806,0.0379604884007298,0.0693339922045385,0.0379238774578722,0.169196962196682
-1,-0.5,-0.2,0.25,0.7,0.3,-0.990592840114395,-0.53723543683537,-0.213572571818791,0.258071681235309,0.789376143018089,0.294024487782581,0.269719003397146,0.138579337241225,0.0331472645136113,0.0691366458770745,0.0373556936109554,0.198003488815699
-1,-0.5,-0.2,0.25,0.7,0.3,-1.06790633770269,-0.422097200759641,-0.145817792551773,0.254906162384764,0.646372001781876,0.370870032991988,0.390710054105991,0.185718118994322,0.0382237083063518,0.0668072494307766,0.0376296174842018,0.201484289233216
-1,-0.5,-0.2,0.25,0.7,0.3,-0.951359971532092,-0.554546890357395,-0.211393110665223,0.187125988542854,0.748005115220094,0.339075534497629,0.320691765974269,0.162675731338533,0.032830802983026,0.0673145851240289,0.0379442223125224,0.19778608935125
-1,-0.5,-0.2,0.25,0.7,0.3,-1.02323483104157,-0.490160512422964,-0.223536447498834,0.37370062935075,0.667961425448014,-0.0889727504940257,0.383985313144905,0.191357796749875,0.0370204682795471,0.071417498563843,0.0382622528585758,0.164416671387031
-1,-0.5,-0.2,0.25,0.7,0.3,-0.97355525479317,-0.482891159764418,-0.206444129888565,0.210567475648153,0.693213855345897,0.205649441504713,0.376236967824853,0.184931461117846,0.0401588136642564,0.0651677260621666,0.0376683578196663,0.172008462855735
-1,-0.5,-0.2,0.25,0.7,0.3,-0.913326595930118,-0.593335588559329,-0.15603570657906,0.293346128346828,0.721824468928896,0.134830472880826,0.333900040884795,0.166270219010237,0.0369676065428301,0.0670595229116887,0.0366147800904985,0.172066180775042
-1,-0.5,-0.2,0.25,0.7,0.3,-1.08032270906437,-0.413301590675071,-0.188817943291263,0.354130245728935,0.736141097883821,0.11124077177616,0.32978794187487,0.16311512741509,0.0321800628998119,0.067192897366809,0.036823493934401,0.172100703587871
-1,-0.5,-0.2,0.25,0.7,0.3,-1.07050119483333,-0.489583220463923,-0.187979198542547,0.241211172913601,0.733955560471147,0.370420355836489,0.341949990871442,0.167548097855382,0.0350409819248582,0.0667631925976071,0.0376089995489664,0.204262694780018
-1,-0.5,-0.2,0.25,0.7,0.3,-1.01326440582708,-0.479062825404015,-0.220297051688275,0.306803818724492,0.680847982847376,0.32813489913449,0.338030264202131,0.162417252081424,0.0388412662014319,0.0644578727091876,0.0369007582564888,0.185901844225012
-1,-0.5,-0.2,0.25,0.7,0.3,-0.946306773818638,-0.587168076834361,-0.191693419167282,0.249943088604036,0.765530380627827,0.243680305305012,0.398967930079396,0.206843785193848,0.0361942734287331,0.0648991889044507,0.037405478527767,0.172752652414557
-1,-0.5,-0.2,0.25,0.7,0.3,-1.03680988415847,-0.444776385880811,-0.215358018615157,0.19573500608555,0.599048881936045,0.486574757777553,0.442181130474385,0.198294732060762,0.039442316767628,0.0593827187927978,0.0374990614995596,0.186765692301784
-1,-0.5,-0.2,0.25,0.7,0.3,-0.966417210730641,-0.52949118894495,-0.191419219671174,0.234797250115373,0.674538973773707,0.398376647823082,0.37419581436049,0.174795428585408,0.0360347770846002,0.0628313144427534,0.0362008610509297,0.190641378859294
-1,-0.5,-0.2,0.25,0.7,0.3,-0.887371005791606,-0.602253553485355,-0.219735748368541,0.230710761832897,0.714125548277707,0.166380333132999,0.334820586483129,0.166649008122465,0.0378165626867846,0.0694871226469942,0.0389395123802269,0.184894491833214
-1,-0.5,-0.2,0.25,0.7,0.3,-0.955418110991342,-0.600019450082299,-0.233364687342238,0.180010370741563,0.756279050676615,0.391996232854887,0.303596030831483,0.155332469456209,0.0346256889611474,0.0680217356172176,0.0378769690390563,0.211470120380601
-1,-0.5,-0.2,0.25,0.7,0.3,-1.05849854110279,-0.414622700218042,-0.227089997068661,0.275059231599233,0.709003938321148,0.219370586077621,0.330177038497483,0.157270581959467,0.036537428366224,0.0689293316876466,0.0374541710827456,0.189452758513262
-1,-0.5,-0.2,0.25,0.7,0.3,-1.13453007334231,-0.415376963953648,-0.194946868726596,0.29058068566055,0.680411756760141,0.327596440562105,0.334474039300089,0.171980574490911,0.0367881649475711,0.0684661182625082,0.036534696709526,0.203580595269295
-1,-0.5,-0.2,0.25,0.7,0.3,-0.961717352835564,-0.5048190649583,-0.147498986578833,0.288534129430504,0.645897848387547,0.207857920114054,0.432630375637841,0.20780433826914,0.036576156422107,0.066926324512285,0.0380183689690719,0.180521664570383
-1,-0.5,-0.2,0.25,0.7,0.3,-1.0369022728204,-0.439231356977417,-0.205806212925283,0.210364729723802,0.669117265141001,0.540733304856994,0.346524917055178,0.165564970909485,0.0357614470594271,0.063384644042606,0.0387738264108044,0.210661911795901
-1,-0.5,-0.2,0.25,0.7,0.3,-0.845366294846015,-0.604418552917337,-0.133415814628741,0.170183678916321,0.652179723210628,0.53309131254853,0.382082790816533,0.174846735901909,0.0393217109305144,0.0630204260540667,0.0363791840889516,0.208175283082189
-1,-0.5,-0.2,0.25,0.7,0.3,-0.873116542325456,-0.57280964118263,-0.228641277075904,0.275936794064269,0.689569596660904,0.139070265912285,0.364322727090451,0.17757292657356,0.0385094756434329,0.0731672125314242,0.0364607127148996,0.195991054005482
-1,-0.5,-0.2,0.25,0.7,0.3,-1.10797278593759,-0.450253723428122,-0.207091599227605,0.422465384731741,0.71732223171985,-0.112290745221999,0.314535989450618,0.15846149157618,0.0339339164536879,0.0694075123649553,0.0368497327789832,0.155560368918843
-1,-0.5,-0.2,0.25,0.7,0.3,-1.04598834127611,-0.425610954972767,-0.14975639761649,0.232172243908835,0.692616987957149,0.337241570482021,0.335853441047151,0.164628164912744,0.0356881900796238,0.0660277920590001,0.0374101901353745,0.193683769006188
-1,-0.5,-0.2,0.25,0.7,0.3,-0.991730694083763,-0.495884642774811,-0.229270673689374,0.277429031603405,0.733669305938645,0.292340666174748,0.267656039534512,0.129515789143679,0.0344077561797943,0.06376052205487,0.0399258788355044,0.184095488520884
-1,-0.5,-0.2,0.25,0.7,0.3,-1.03855176027406,-0.507046171708454,-0.230728541284069,0.194201430392669,0.706953818627457,0.441094297131645,0.366479028400112,0.181557559857853,0.0357062344733909,0.0663607955358963,0.0355893933955026,0.210132395406575
-1,-0.5,-0.2,0.25,0.7,0.3,-1.08713071527038,-0.434369291872424,-0.215256539292165,0.184765575279239,0.695613865008075,0.395765649556648,0.387470312435658,0.186443692724756,0.0398273231291566,0.0683453665621481,0.0359743426031559,0.215457250595977
-1,-0.5,-0.2,0.25,0.7,0.3,-1.11132933488735,-0.408905721260548,-0.224711056830958,0.287559429126433,0.701392821852448,0.128466323195574,0.335022994720275,0.162976650085552,0.034632115565375,0.0674665063442472,0.0372114103504786,0.172892130807901
-1,-0.5,-0.2,0.25,0.7,0.3,-0.942791343056151,-0.568716046028091,-0.215375369907913,0.24453048764176,0.72010743402109,0.245750765134095,0.349912162933495,0.173167422333069,0.034158477942818,0.0632526108265551,0.0378450358091864,0.170323191225166
-1,-0.5,-0.2,0.25,0.7,0.3,-1.02059994742253,-0.547345839585103,-0.230842604790029,0.260200283495667,0.741124621546013,0.332888008408203,0.331434630391721,0.165839896230356,0.0341768713475979,0.0645173746366274,0.0366289031116,0.186549873286317
-1,-0.5,-0.2,0.25,0.7,0.3,-0.934700787918154,-0.551529180522001,-0.19796743054019,0.242144996753961,0.674662832517487,0.221443378547049,0.349572500011372,0.16727688393654,0.0372004177188222,0.0671000974010808,0.0395709644586697,0.18348828822106
-1,-0.5,-0.2,0.25,0.7,0.3,-1.0938933481412,-0.439840525559451,-0.149198782654427,0.214138799438001,0.669722313803281,0.445298211294142,0.362014265298172,0.167381824268614,0.0355359986964317,0.0649543798087298,0.0364550470165454,0.204173905725507
-1,-0.5,-0.2,0.25,0.7,0.3,-1.03880482165124,-0.482162753610222,-0.171679868940883,0.277551474790342,0.693233807508066,0.203032949050105,0.342722943370225,0.168325460723132,0.0383978390738908,0.0643755572619692,0.037600758492182,0.170368942471564
-1,-0.5,-0.2,0.25,0.7,0.3,-0.949903206224998,-0.522978001089802,-0.211735642354284,0.14279940822063,0.720078018209977,0.580028189775536,0.356324102574006,0.170172443453622,0.0371116405268717,0.0630205953984661,0.036979366664016,0.216983370603893
-1,-0.5,-0.2,0.25,0.7,0.3,-1.0582890550544,-0.468522210675488,-0.219034563228779,0.234236036726306,0.73839041102553,0.385225150992722,0.332914310272371,0.161128554677091,0.0333804264842702,0.0675654758628688,0.0358484772444819,0.20686505755671
-1,-0.5,-0.2,0.25,0.7,0.3,-1.0805750224592,-0.44471669235108,-0.224241980440501,0.278293457157281,0.680659895732661,0.319510394675217,0.315398056621752,0.152141058018663,0.0339789945810634,0.0660843025461297,0.0367956570875066,0.194305145232039
-1,-0.5,-0.2,0.25,0.7,0.3,-0.908088193079927,-0.562306930891225,-0.289052838270071,0.253216840024155,0.624978313449941,0.29615922065745,0.396177023378061,0.180417696419694,0.0372139494321117,0.0678395204510147,0.0382565264569947,0.193893213560618
-1,-0.5,-0.2,0.25,0.7,0.3,-0.931058726709872,-0.523446458692071,-0.210743702158011,0.128031221636832,0.680864190384856,0.595301333349398,0.389853513395584,0.182391387926564,0.0393560290968044,0.0666109148134361,0.036791543968195,0.232159992415429
-1,-0.5,-0.2,0.25,0.7,0.3,-1.1698969097467,-0.345818175526793,-0.206698122079664,0.343571356760006,0.623605275100764,0.0506065793509666,0.582184002508081,0.272956123001411,0.038493271629498,0.0724215688181712,0.0359331577680297,0.17872521810698
-1,-0.5,-0.2,0.25,0.7,0.3,-0.989250800982173,-0.527153991924936,-0.216689128922669,0.190741783759372,0.732200399276246,0.39313542315608,0.318534577804276,0.157962486120541,0.0352541152764632,0.0649653289627602,0.0383796357976544,0.198533729813127
-1,-0.5,-0.2,0.25,0.7,0.3,-1.04166201169578,-0.491715717664426,-0.204318218996437,0.419317221993472,0.711962292177687,-0.150059455476512,0.299264120751978,0.149919627722362,0.0341340838642876,0.0688355774622878,0.0382229402019112,0.151109283044412
-1,-0.5,-0.2,0.25,0.7,0.3,-1.07991388431174,-0.446089373121823,-0.187678667562449,0.366392966296907,0.722324782515705,-0.00390314400486557,0.296146050764479,0.147119552431795,0.0357198334703024,0.0730073128782096,0.0387634517361482,0.175899011350591
-1,-0.5,-0.2,0.25,0.7,0.3,-1.04694515453814,-0.477253921185998,-0.125743977409598,0.221565849649928,0.655088730742059,0.508467581392885,0.370640762590175,0.167468588160929,0.0347478858313108,0.0617725893591959,0.035142282568835,0.198718930849707
-1,-0.5,-0.2,0.25,0.7,0.3,-0.915409938911809,-0.543374572865635,-0.217621845805245,0.222798529036444,0.670438276589482,0.477693622690513,0.361664387323807,0.170020427795767,0.0378844296503016,0.0735058578318181,0.0371925816304239,0.250839923325167
-1,-0.5,-0.2,0.25,0.7,0.3,-0.972778632022083,-0.505251791618152,-0.213487068499464,0.346325122547128,0.705395144618323,0.031946379015462,0.307730142155446,0.154577534335413,0.0385473084852629,0.0662624105302969,0.0382631766093384,0.158948227009634
-1,-0.5,-0.2,0.25,0.7,0.3,-1.02951514728335,-0.461496817101135,-0.241825981912828,0.241951771366843,0.684230163873322,0.371765501280612,0.335592720113348,0.15815597633534,0.0346485955397966,0.0614790690757735,0.0378626363670841,0.181971077991496
-1,-0.5,-0.2,0.25,0.7,0.3,-1.01999636841984,-0.561575732975724,-0.156404334198185,0.314810271431089,0.784478832931485,0.322121174386672,0.296370511641617,0.152500498892335,0.0334168174713416,0.0685547589832705,0.0370388535330983,0.200040436267901
-1,-0.5,-0.2,0.25,0.7,0.3,-1.07110669832475,-0.473409374769871,-0.157908746348258,0.316033157760948,0.677759511262596,0.178663811354281,0.367043671607279,0.183192831833196,0.034277354084094,0.0643073590985217,0.0371457356869799,0.164261648414868
-1,-0.5,-0.2,0.25,0.7,0.3,-0.997076909665542,-0.550980838454963,-0.167422073288076,0.188754253287083,0.702483844028976,0.531658238451925,0.391763396841896,0.189986497939976,0.0342653806002911,0.0633760483911766,0.0356673882256923,0.206096174842942
-1,-0.5,-0.2,0.25,0.7,0.3,-1.03700386048563,-0.455525968539696,-0.145093520249197,0.265211549131577,0.654180342887706,0.191851702523376,0.340906517122771,0.162116258863192,0.0399773394145493,0.0693848326923127,0.0376172997418622,0.190336802312002
-1,-0.5,-0.2,0.25,0.7,0.3,-0.795050265165936,-0.63609220003127,-0.246482839234306,0.169519836888278,0.691298385042606,0.489638582968523,0.325975543719419,0.154550311375412,0.0358700268623019,0.0673912119666604,0.0375986799415295,0.222060348215005
-1,-0.5,-0.2,0.25,0.7,0.3,-0.955330055944104,-0.518609239909623,-0.232931854266245,0.236173710539884,0.732582015800856,0.33639403089741,0.294971713114259,0.148231850535234,0.035037211982276,0.0639988876105322,0.0384078125626517,0.18448541862008
-1,-0.5,-0.2,0.25,0.7,0.3,-0.889845267784852,-0.58476142650674,-0.200979112114849,0.364345482062068,0.709497975425077,-0.0267622102852506,0.285558691071556,0.137190875444435,0.0333576066031983,0.066411751148584,0.0386286255109116,0.155041756290386
-1,-0.5,-0.2,0.25,0.7,0.3,-1.02124082527893,-0.469897460031633,-0.206908366269174,0.197542021787102,0.677673539536607,0.467990149940278,0.367708337816233,0.172971026592358,0.0367569153553406,0.066628314535105,0.0360911729875633,0.215442455763125
-1,-0.5,-0.2,0.25,0.7,0.3,-1.01527065792385,-0.463431610267753,-0.177785645410365,0.245774351317329,0.745196582062371,0.169443410854272,0.32102594957678,0.164031900951524,0.0370670121141908,0.0718681271993816,0.0373085909508909,0.195035434118696
-1,-0.5,-0.2,0.25,0.7,0.3,-1.14619362365027,-0.385936625543208,-0.256709826243825,0.340659111595292,0.710849269853793,0.18213473406517,0.313740188439769,0.150232285900465,0.0319757464108415,0.0677428393366988,0.0365198715896038,0.180382522098733
-1,-0.5,-0.2,0.25,0.7,0.3,-0.844416899740888,-0.652635630057561,-0.179819849103619,0.247662226487511,0.736380507110889,0.19823205193127,0.304355652705585,0.150144864622869,0.0378217838274723,0.070069524300184,0.0363037448454681,0.193361387836459
-1,-0.5,-0.2,0.25,0.7,0.3,-1.17203188776416,-0.357018414958471,-0.189094846387352,0.251996556517941,0.669388821925499,0.382836910567233,0.335497699864906,0.153435740708982,0.0354645229389719,0.0642094457589168,0.0370193846400639,0.194657656116549
-1,-0.5,-0.2,0.25,0.7,0.3,-1.10563114228605,-0.412499883405965,-0.221794972342029,0.197098909355314,0.7519283510107,0.529722819696817,0.300673702898972,0.149351534961027,0.0370633569003626,0.0633462745384983,0.0365192503790189,0.209808411524884
-1,-0.5,-0.2,0.25,0.7,0.3,-1.12977830465222,-0.434893136522602,-0.310058967765922,0.366717835444764,0.74005494978685,0.148898971841409,0.303713768463931,0.153687694293878,0.0334577851105722,0.073334605156684,0.0364634318995136,0.19571687543237
-1,-0.5,-0.2,0.25,0.7,0.3,-1.15451407452273,-0.359007985230868,-0.174201041103446,0.189893163976212,0.665644963837533,0.400282761077884,0.355612886344516,0.170252135067024,0.0387148374562173,0.0602044494931168,0.0374349876433255,0.17845602365216
-1,-0.5,-0.2,0.25,0.7,0.3,-0.968745011273016,-0.471678336082337,-0.149334743486687,0.235409888944109,0.732361862638586,0.496805538072016,0.332891965141931,0.163140527442262,0.036212227756485,0.0639863482976458,0.0360620885439,0.204669662768333
-1,-0.5,-0.2,0.25,0.7,0.3,-0.986342686677606,-0.524594183553907,-0.210463870350922,0.213369621142229,0.6515583585211,0.437574459255862,0.448565395390061,0.215783011906154,0.038189247341047,0.0651830207104424,0.035306931544878,0.204030597835256
-1,-0.5,-0.2,0.25,0.7,0.3,-1.07185249029146,-0.446140832482699,-0.224155256786433,0.286980810337397,0.665582725781968,0.228932226425532,0.351385904052068,0.166142475284845,0.0360971396040259,0.0676462889020731,0.0379202024466955,0.186665044456808
-1,-0.5,-0.2,0.25,0.7,0.3,-0.983110338134193,-0.474425907970807,-0.260001690798617,0.214260296646528,0.674805519342375,0.436539201316529,0.367450468179958,0.178718895737439,0.0399985977340402,0.0676300406011808,0.0363954958083124,0.214676685119678
-1,-0.5,-0.2,0.25,0.7,0.3,-1.07393196618061,-0.47140170446678,-0.19436342298634,0.293690297988325,0.661359314332965,0.17746437307215,0.395381108199019,0.190007291049548,0.038562153536427,0.0658277026999608,0.0367112522517067,0.170964105508864
-1,-0.5,-0.2,0.25,0.7,0.3,-1.09827032672241,-0.432919004346539,-0.165579146095104,0.211484504693491,0.70432778942292,0.507797024381216,0.384156661454452,0.185899442855844,0.0365726266809006,0.0692390127333445,0.0360959439812712,0.237455725898264
-1,-0.5,-0.2,0.25,0.7,0.3,-1.04322120736206,-0.472942086416981,-0.262658974924795,0.302374927356323,0.699020918581921,0.215000575298697,0.354984951379147,0.175565816256715,0.0352496045143651,0.0685251802543982,0.0358217781689365,0.187015040479278
-1,-0.5,-0.2,0.25,0.7,0.3,-1.01527028142989,-0.465863665599825,-0.180288900587465,0.239106214305382,0.672599058591625,0.38619551515455,0.411359823143289,0.202663056820703,0.0363851710219624,0.065716752991844,0.0368577628024708,0.201024701085375
-1,-0.5,-0.2,0.25,0.7,0.3,-0.840114748737362,-0.546233217271431,-0.182814769981318,0.224766526293783,0.759287725001336,0.146080290560154,0.34341888508115,0.179574428437118,0.0381368882923352,0.0696668490411871,0.0373287638424671,0.183993038871262
-1,-0.5,-0.2,0.25,0.7,0.3,-1.09091417164547,-0.438378361378419,-0.222058763279446,0.236097459044647,0.64836978469143,0.324573025888175,0.33855411919736,0.159936085003118,0.0398536768642708,0.0661650728149813,0.0375446014498942,0.195747029958398
-1,-0.5,-0.2,0.25,0.7,0.3,-0.964936842050529,-0.484274560447326,-0.208494714887075,0.189594199654511,0.697869078911699,0.579948026435756,0.361599570306528,0.171672265911456,0.0356306386945975,0.0643271744784615,0.0363678921170447,0.221914563565986
-1,-0.5,-0.2,0.25,0.7,0.3,-0.978537632105111,-0.497393417207697,-0.241802166355339,0.176662379551981,0.706298385509289,0.563301862391459,0.394830632003242,0.190920693303228,0.037512717660298,0.0669760409102653,0.0350000701367488,0.236898742817451
-1,-0.5,-0.2,0.25,0.7,0.3,-1.0051558586556,-0.475848574031032,-0.248164885020492,0.324877435930742,0.681349227691739,0.131437672566412,0.385431364977659,0.184652786714961,0.0335333569534902,0.0704391283455635,0.036571846597113,0.181760327803443
-1,-0.5,-0.2,0.25,0.7,0.3,-0.956724378400433,-0.517867347216359,-0.212567070232362,0.126924126108459,0.692516226835347,0.370521231012425,0.378010802134081,0.191040108787549,0.0410227495165362,0.0657109102430492,0.0354116812203401,0.200224278204034
-1,-0.5,-0.2,0.25,0.7,0.3,-1.00006817168287,-0.47343217280427,-0.188844237966862,0.178652617332828,0.694659672305784,0.468226783096265,0.354795900282797,0.17030642445981,0.0360520876413229,0.0698397729121697,0.0383394833438423,0.232751503363142
-1,-0.5,-0.2,0.25,0.7,0.3,-1.07641204413832,-0.451769580823278,-0.180943449843944,0.306591728199562,0.704682194805445,0.305491360079933,0.313923475799295,0.153666511232775,0.0354550607721347,0.0704010510084945,0.0375592965425979,0.210921636542509
-1,-0.5,-0.2,0.25,0.7,0.3,-1.00362731438261,-0.480319014401118,-0.160755699547642,0.308994814562526,0.696826766881005,0.177385079617115,0.455171009085452,0.226734027974648,0.0369091913273095,0.0672879408472947,0.0363564285432894,0.179837181228835
-1,-0.5,-0.2,0.25,0.7,0.3,-1.08286159852142,-0.463269608989166,-0.172339427478182,0.3984856320941,0.746588133287323,0.0461478753462403,0.300537074454192,0.154510110938464,0.0330901805798755,0.0714032172609033,0.0379764340298002,0.175533919288598
-1,-0.5,-0.2,0.25,0.7,0.3,-1.12262755190527,-0.395364945497911,-0.228801477006816,0.358655578927998,0.688422856776015,0.277005789953376,0.292131592997427,0.141920022670144,0.0323502945965501,0.0678172844484021,0.0384288815346693,0.197850073534613
-1,-0.5,-0.2,0.25,0.7,0.3,-0.966452439335851,-0.507694212040057,-0.177477470898843,0.279508874803479,0.700622517640288,0.173613556162269,0.448268498951029,0.226661992248591,0.0392559359206564,0.0694956579078345,0.0357196359365019,0.186066820744726
-1,-0.5,-0.2,0.25,0.7,0.3,-0.983261281549345,-0.511565927862186,-0.221446430419283,0.427310565817125,0.695988633618082,-0.111269935565667,0.286625015972298,0.139182528076389,0.0351611748947608,0.0655321927280406,0.0385176750867067,0.144831614785698
-1,-0.5,-0.2,0.25,0.7,0.3,-0.987685409194941,-0.523420503417002,-0.200503227280219,0.299632291196381,0.699990969598631,0.199951161456474,0.445310650630139,0.219779426329634,0.0347559443227082,0.0727796830682575,0.0364352532850114,0.197030128049617
-1,-0.5,-0.2,0.25,0.7,0.3,-1.12625233737764,-0.490439390516772,-0.197352716411082,0.282798095002704,0.723659947810687,0.396016610892408,0.29843970977402,0.148601879850199,0.0314724113281018,0.065422682098534,0.0384402687833831,0.201408636232409
-1,-0.5,-0.2,0.25,0.7,0.3,-0.919921296171411,-0.566380724929494,-0.197085475533506,0.209860841184413,0.713219054046361,0.4080666136174,0.306112795301964,0.149497976261537,0.0340073238020984,0.0647091581551065,0.0369177230000015,0.199367116893871
-1,-0.5,-0.2,0.25,0.7,0.3,-0.846094256693418,-0.589701404242988,-0.155005178696322,0.223376974564755,0.681393054084342,0.257253413100064,0.402307156449561,0.192451535391642,0.0384128890970821,0.0676376155916733,0.036202168408648,0.190773357201171
-1,-0.5,-0.2,0.25,0.7,0.3,-0.939067271944326,-0.555816701180697,-0.267922487349511,0.174054516906756,0.698733733554679,0.466269149737211,0.421275158211495,0.206610769293492,0.0381823691734698,0.0628117641110093,0.0356945815363286,0.197586512265422
-1,-0.5,-0.2,0.25,0.7,0.3,-0.964973144156899,-0.517351168523791,-0.194957628085345,0.267172473432259,0.666785545165809,0.0882935624561091,0.416720678300549,0.203539181995726,0.0414290017706397,0.0683172090953484,0.0373701129623625,0.170835583102159
-1,-0.5,-0.2,0.25,0.7,0.3,-0.936131132193885,-0.5113467309493,-0.224706752993197,0.235844874704651,0.655339391957394,0.388777521816668,0.371788517543311,0.175108691185999,0.035321113371871,0.0640935407472968,0.0376858863232706,0.192655686800985
-1,-0.5,-0.2,0.25,0.7,0.3,-0.89137916768527,-0.590470387171647,-0.201566964399401,0.132925413958951,0.69741562926713,0.70828071576351,0.381629361402778,0.182399961757085,0.0339771686847345,0.0588254053779155,0.0358088328499839,0.216336389320273
-1,-0.5,-0.2,0.25,0.7,0.3,-0.917748713973447,-0.570845966167809,-0.287273161158712,0.297715074121995,0.707812619715864,0.106012012692237,0.355389474823706,0.177308589598154,0.0382109779967802,0.0659418853111651,0.0373251234229056,0.164467940355453
-1,-0.5,-0.2,0.25,0.7,0.3,-0.861290651070464,-0.583199243922911,-0.165618571611353,0.16440434310296,0.670979630133076,0.362027204670831,0.36575359471676,0.175246997533745,0.0420207155837108,0.0640862190031333,0.036197871086134,0.192258389169836
-1,-0.5,-0.2,0.25,0.7,0.3,-1.00636500944286,-0.486078681119257,-0.222178775586655,0.239937402707135,0.720264283013957,0.450092708552212,0.326097089241077,0.165471944805804,0.032155251515679,0.064414729168616,0.0372491120976298,0.202523148827405
-1,-0.5,-0.2,0.25,0.7,0.3,-0.915541047212275,-0.524796188554623,-0.251789497851735,0.260369554173785,0.732973760570977,0.121885368897615,0.333329677159847,0.169232249577517,0.0360787234081067,0.0652649290203555,0.039653885040773,0.163493818448025
-1,-0.5,-0.2,0.25,0.7,0.3,-1.00804539884519,-0.490521864809186,-0.21936710024017,0.101225629357481,0.742479104501143,0.799796347425849,0.331943401632044,0.165039089678182,0.0327609862775176,0.0633447540167774,0.0358451423595738,0.257433547234296
-1,-0.5,-0.2,0.25,0.7,0.3,-1.11888715553014,-0.401017347826947,-0.189083194379823,0.266335015871083,0.678921286790334,0.327997605420894,0.33292064325616,0.160257061813464,0.0365053228675585,0.0578293360641823,0.0395818841506146,0.160746322453419
-1,-0.5,-0.2,0.25,0.7,0.3,-1.02301803926932,-0.480141733334635,-0.162576374620242,0.264175541238479,0.701463001145692,0.352759143680088,0.336093161913923,0.172817229218642,0.0346666765191574,0.0650712624838582,0.0354371312312349,0.192124170930412
-1,-0.5,-0.2,0.25,0.7,0.3,-1.00402160076397,-0.513446404372764,-0.252729157725669,0.344986349054916,0.665100972751283,0.0514429788385294,0.334704956535024,0.161036561439352,0.0342633178759177,0.0722099598972825,0.0373679601003684,0.179056525640358
-1,-0.5,-0.2,0.25,0.7,0.3,-0.964605557346209,-0.556003457926897,-0.23007291945211,0.234207343085959,0.715637365803482,0.37750045019141,0.324123037112854,0.161827362456576,0.0382173176411683,0.0658456089476327,0.0369358237618886,0.198292372826383
-1,-0.5,-0.2,0.25,0.7,0.3,-1.00647457164771,-0.514987768127668,-0.176628566680186,0.293549001728323,0.696145406719121,0.235189578207418,0.359329733992976,0.179153005426066,0.0370239311270008,0.065962457235623,0.0356981832225763,0.183053843767099
-1,-0.5,-0.2,0.25,0.7,0.3,-0.969498923128869,-0.558034475405274,-0.120148737100785,0.196072384730262,0.689241878255632,0.370962160227863,0.309282120522705,0.144611921683751,0.0402727931116969,0.0645446266382815,0.0387993444557422,0.192845231147573
-1,-0.5,-0.2,0.25,0.7,0.3,-0.904730232756729,-0.534811830479059,-0.213313321433818,0.224410188064067,0.647668747187608,0.598265261833045,0.397806850837056,0.189921146901967,0.037433827764524,0.0660143477477747,0.0365832799072062,0.231343518842069
-1,-0.5,-0.2,0.25,0.7,0.3,-1.03212446644296,-0.453905443373681,-0.115283331485282,0.185166029866356,0.722383934666545,0.470975620986007,0.347619705649482,0.171244858601564,0.0388224028841888,0.0625745613798285,0.0371359952499391,0.197426529189545
-1,-0.5,-0.2,0.25,0.7,0.3,-1.04520002140674,-0.476266874387129,-0.184188054891621,0.250511749542002,0.645617306817995,0.407463063795962,0.358516341346988,0.163475664412628,0.0359817370268805,0.0643042474993641,0.0375052558913369,0.191451895753044
-1,-0.5,-0.2,0.25,0.7,0.3,-0.997750989536563,-0.520844193190912,-0.24589302098764,0.170256972297136,0.708010661545339,0.798100077934825,0.358184279637793,0.173304673777098,0.0321771778667164,0.0565358323685774,0.0372948087003673,0.213322026084306
-1,-0.5,-0.2,0.25,0.7,0.3,-0.967816001172159,-0.541028556611947,-0.189842128230816,0.18964642533583,0.709965434183504,0.314110508511004,0.387430429721343,0.192908493343399,0.0387656832714266,0.0658473070012661,0.0369105899870387,0.189827145656255
-1,-0.5,-0.2,0.25,0.7,0.3,-0.96803260536433,-0.563507179795792,-0.213770223638899,0.233268336272659,0.691895797215096,0.467658162965047,0.338965659165909,0.167526232592751,0.0360671914879444,0.065363897940991,0.0372408293700844,0.208832760385147
-1,-0.5,-0.2,0.25,0.7,0.3,-0.927549866361227,-0.583935785569048,-0.124700328397481,0.270199520542468,0.672332799601533,0.136988648017839,0.363072703636046,0.175477627920127,0.0390304945819972,0.0688896768418345,0.037806437684556,0.182408233982801
-1,-0.5,-0.2,0.25,0.7,0.3,-1.04226128373595,-0.366944857628458,-0.254881281456911,0.281890841032108,0.687655319712909,0.198986362268983,0.358940976116778,0.178628550240717,0.0391071776697144,0.0674892216474609,0.0370344200226701,0.182667885689027
-1,-0.5,-0.2,0.25,0.7,0.3,-1.08385582128189,-0.480689693545787,-0.250403193268263,0.32190000125407,0.641591717675517,0.220565365293825,0.355645075202198,0.159069920167928,0.0390111843845546,0.0665348471683669,0.0371193424036781,0.181759785520149
-1,-0.5,-0.2,0.25,0.7,0.3,-0.98066728847777,-0.561554730261265,-0.212209475796035,0.238380650942544,0.749326836563862,0.543959147992679,0.302088645673263,0.147283157543828,0.0299189074133947,0.062696658383878,0.0362955550971963,0.209552842164858
-1,-0.5,-0.2,0.25,0.7,0.3,-0.898694017342835,-0.559528781395509,-0.181869302959688,0.141693051870103,0.70925082368753,0.619424634050758,0.318357619432713,0.155608282962617,0.0365996092208075,0.064118814998285,0.037257394301665,0.22987170303404
-1,-0.5,-0.2,0.25,0.7,0.3,-1.0177912859174,-0.48963745991924,-0.197232830077366,0.250021065782337,0.677664346096274,0.333261852837257,0.354113144099628,0.17020549492893,0.035568518878573,0.0631993782339426,0.0370031920960712,0.179290881627921
-1,-0.5,-0.2,0.25,0.7,0.3,-1.0265242698069,-0.47535069765775,-0.221658488829634,0.250356463299709,0.756839348145923,0.329615964944185,0.337411456313247,0.172242609318506,0.0337757162618517,0.0615994279381523,0.0359236819811753,0.177336260699368
-1,-0.5,-0.2,0.25,0.7,0.3,-1.13810342211916,-0.438893409306539,-0.182703665930937,0.286236063694952,0.738871112235149,0.412379901448352,0.307888869213163,0.158581709341228,0.0350501281857315,0.0660292723265665,0.036841991443122,0.208661278986428
-1,-0.5,-0.2,0.25,0.7,0.3,-0.999371454347738,-0.496441310430874,-0.188904102850048,0.218628269869729,0.690084807701494,0.340747990095333,0.375072688012054,0.181825183920548,0.0402270218274305,0.0653774655503079,0.0362443662945148,0.189662281782084
-1,-0.5,-0.2,0.25,0.7,0.3,-0.910252891933857,-0.550834873258346,-0.157849574147733,0.208653514774141,0.70885636660511,0.366846241073751,0.322321454085651,0.159372691809415,0.0368435251422646,0.0632268741765798,0.0368093486304662,0.185265666873362
-1,-0.5,-0.2,0.25,0.7,0.3,-0.957899048580599,-0.496279154153482,-0.218138086619989,0.26166567060479,0.724223035780812,0.210819377008888,0.339112259676453,0.171688826208894,0.0353201711194836,0.0642267048436439,0.037707403659554,0.171043244254479
-1,-0.5,-0.2,0.25,0.7,0.3,-1.07405926648085,-0.42471413608566,-0.224140360110325,0.20836153057573,0.671192858284685,0.542575935947823,0.354825996752415,0.168874569608801,0.0376989108217986,0.064825158200241,0.0369814607467399,0.220772319158241
-1,-0.5,-0.2,0.25,0.7,0.3,-1.13980856031764,-0.451745966198895,-0.269579276668418,0.355021409229619,0.675891402502093,0.164372020092179,0.280814884030471,0.133458377262369,0.0361881416233979,0.0633403084706882,0.0379305597026525,0.165028550155682
-1,-0.5,-0.2,0.25,0.7,0.3,-0.991480202875537,-0.5469955770217,-0.15722960032903,0.315379138887049,0.639263031263908,0.17721009014261,0.382058696303752,0.180110744890435,0.0375915484186636,0.068983800913306,0.0369607859379852,0.184335677504614
-1,-0.5,-0.2,0.25,0.7,0.3,-1.11137286084989,-0.376282361214181,-0.198222668129082,0.33622185702608,0.673066199848599,0.221775215985372,0.353616691750703,0.171081248774477,0.0367494860438151,0.0680305300266735,0.0380024252471077,0.186489147454378
-1,-0.5,-0.2,0.25,0.7,0.3,-1.00647534181007,-0.505633803678639,-0.211187751606491,0.252713787574008,0.711581339761307,0.245792810557099,0.309243310250749,0.154785278232021,0.039486848193909,0.068838579145021,0.0380752657855958,0.195648696497554
-1,-0.5,-0.2,0.25,0.7,0.3,-1.0504407538692,-0.444435598642723,-0.251718183888123,0.380327384287471,0.68971693529498,0.0658561784679493,0.33415705518682,0.161200977031707,0.0358316738732694,0.0721936756731789,0.0363581266458023,0.184545147088654
-1,-0.5,-0.2,0.25,0.7,0.3,-1.17707351483727,-0.359328562727638,-0.169379411107725,0.223363767765138,0.745147812450457,0.446514551024035,0.291416620286265,0.143787801497234,0.0338850647094885,0.0665658244926449,0.0365138389280339,0.21630112737013
-1,-0.5,-0.2,0.25,0.7,0.3,-1.11522806241649,-0.442037410058479,-0.236558478621007,0.234083092480721,0.7658835932496,0.449145647569746,0.287771400979251,0.149017360566324,0.0317087698524882,0.0631249145030604,0.0379451014628363,0.202372786308716
-1,-0.5,-0.2,0.25,0.7,0.3,-0.896159218677763,-0.612400734622806,-0.234543782166297,0.253287081342128,0.695486933783591,0.282533215131402,0.318617728312037,0.156647055881206,0.0352064145562256,0.0643449575935472,0.0385969712077323,0.17958775370435
-1,-0.5,-0.2,0.25,0.7,0.3,-1.14522716934986,-0.412582268241531,-0.233900374956008,0.337427424514162,0.670521503795997,0.190205746700143,0.318888996470312,0.151705998263808,0.0363049928197795,0.0654730311482994,0.0386035856205282,0.172926143418174
-1,-0.5,-0.2,0.25,0.7,0.3,-1.02741794430569,-0.57671560732437,-0.169599649164915,0.303138662636984,0.731195985981565,0.276155252641608,0.288102569575671,0.14283796272775,0.0352031375151964,0.0632613508846596,0.0378862932556333,0.17632212332635
-1,-0.5,-0.2,0.25,0.7,0.3,-0.95494122354133,-0.521427429265233,-0.179753599179076,0.288183652837378,0.691071817673802,0.32814705121157,0.296641351027773,0.143950131926986,0.0367441104299195,0.0628883991780808,0.0375715113570026,0.182940787978592
-1,-0.5,-0.2,0.25,0.7,0.3,-0.938106042958228,-0.58140151592657,-0.260388169250191,0.153448855477777,0.71873579438903,0.694571908591184,0.320015988469838,0.159677022492401,0.0348613337806743,0.0586454558643858,0.0361987453085457,0.211643954870659
-1,-0.5,-0.2,0.25,0.7,0.3,-1.0959698633184,-0.421272540525193,-0.197711579226552,0.329166427173245,0.65573306608932,0.281637515439686,0.340148125105773,0.159472390818738,0.0354971773743295,0.0616359480037824,0.040102192326621,0.167471964840042
-1,-0.5,-0.2,0.25,0.7,0.3,-1.06570117895586,-0.420913659381918,-0.170281337149538,0.282198010175952,0.673460734798648,0.412456860413165,0.346084294294603,0.161289001703147,0.0348030775128904,0.0689114153781337,0.0369283527848368,0.215707882979206
-1,-0.5,-0.2,0.25,0.7,0.3,-1.03581965054,-0.52221694371904,-0.205415965895899,0.205555737010173,0.714391193653048,0.522112708365335,0.323592481687161,0.158315996999266,0.035443558383813,0.0587710627895722,0.036764630224495,0.190064934505235
-1,-0.5,-0.2,0.25,0.7,0.3,-1.04356767203436,-0.442694264463511,-0.292500805432259,0.193453305235701,0.721805408847068,0.531106677697258,0.346783953145736,0.168766842970575,0.0363556694060575,0.0655638906314776,0.035094395723876,0.220618288414487
-1,-0.5,-0.2,0.25,0.7,0.3,-1.05836711063145,-0.491326644038451,-0.195695768737801,0.319196816983202,0.703440574449989,0.245160062361822,0.309325633653975,0.151013361759748,0.0346138692353234,0.0642620624298297,0.0385293327408633,0.177162016793781
-1,-0.5,-0.2,0.25,0.7,0.3,-0.969800086097139,-0.492879615159637,-0.144357945358242,0.202382943987613,0.672887850623165,0.455372489123988,0.35904665816666,0.171322446226125,0.0380819995834223,0.0652775018387079,0.0365537308623319,0.210749274687357
-1,-0.5,-0.2,0.25,0.7,0.3,-1.03245378446767,-0.488002151214356,-0.200622156681713,0.304809867546983,0.743192762803513,0.243441663422983,0.319544192431651,0.163432918784336,0.0340647940217458,0.0682562634395854,0.0361708163938148,0.193338080339924
-1,-0.5,-0.2,0.25,0.7,0.3,-1.08609161180404,-0.431033590999434,-0.215996641945567,0.214970734907301,0.657158804008529,0.305943105155373,0.345629114991105,0.157273199671697,0.0370838480845019,0.0700722729261454,0.0374712894784139,0.206713382629962
-1,-0.5,-0.2,0.25,0.7,0.3,-0.86566484161308,-0.542632977994483,-0.198534622288709,0.218802378446442,0.676411742155378,0.285733789798585,0.342840184435605,0.169641722303845,0.036090785795489,0.0669945660711031,0.0381122395036013,0.19189197797663
-1,-0.5,-0.2,0.25,0.7,0.3,-1.11855192757238,-0.463959836857495,-0.25559446269634,0.314251374103104,0.744603461368765,0.298570114357831,0.276252741330149,0.138761416387539,0.0329573020956261,0.0659434945906002,0.0361781159880895,0.189232660011768
-1,-0.5,-0.2,0.25,0.7,0.3,-1.04213311277687,-0.473654392700089,-0.25541957182469,0.204648304760598,0.689472613198385,0.41733796763108,0.354794831452572,0.169950429075404,0.0358750360650688,0.0656448725156024,0.0378805596406708,0.201899385559445
-1,-0.5,-0.2,0.25,0.7,0.3,-1.07122275491407,-0.492667886873259,-0.221229966890594,0.292639791169201,0.665776131087056,0.371477961468075,0.351116140818657,0.171361892451991,0.0336674156297188,0.0648818014538449,0.0365181978257723,0.19517996249075
-1,-0.5,-0.2,0.25,0.7,0.3,-0.988461848367114,-0.451200475546673,-0.205888862444448,0.264104237651178,0.646759862589113,0.210842956420779,0.450933684894898,0.22098394679779,0.0400784308164373,0.0652178465006873,0.0372426841583032,0.171673658623831
-1,-0.5,-0.2,0.25,0.7,0.3,-0.974303167440555,-0.493348833403048,-0.202464723214099,0.238452695585373,0.691691847175768,0.338613665056112,0.318811441238055,0.155126096951338,0.0366038904788066,0.0626389108815729,0.0382647382316702,0.184212564869174
-1,-0.5,-0.2,0.25,0.7,0.3,-1.08751131861507,-0.449766273923845,-0.206333805349139,0.169361748579985,0.699040109771057,0.563976847073763,0.360691505660299,0.170493220394875,0.0377161493061821,0.0632638941845211,0.0367651532244472,0.214615318197838
-1,-0.5,-0.2,0.25,0.7,0.3,-1.07435738871523,-0.436977773714691,-0.192268973911643,0.140409243058631,0.670063526025434,0.980494861106443,0.325138622719683,0.154070723879445,0.0346482444323241,0.0659204918332844,0.0356948522465963,0.318820951207565
-1,-0.5,-0.2,0.25,0.7,0.3,-0.95209371570025,-0.520302876028613,-0.19684397702525,0.252628600240411,0.696784989330169,0.378999871053607,0.311546587001811,0.145424603657896,0.0352602030083299,0.065240011383192,0.0376380711561095,0.193556719990154
-1,-0.5,-0.2,0.25,0.7,0.3,-1.08120427712033,-0.473740029593088,-0.167863897795253,0.340271956436082,0.673503859670475,0.122607676896024,0.434095738174983,0.214367598625537,0.0371482262986473,0.0726528630192629,0.036242244246,0.192240861279377
-1,-0.5,-0.2,0.25,0.7,0.3,-0.946280234888295,-0.528351522471578,-0.23276086783169,0.206813173029133,0.671505163977055,0.436046018620388,0.436016874094099,0.203032640402048,0.0342848394398236,0.0629132676341047,0.0365186361644551,0.193142248926212
-1,-0.5,-0.2,0.25,0.7,0.3,-0.962639391378477,-0.554763770141941,-0.227435395825462,0.215319075064857,0.718677087281345,0.303674431120285,0.343424122917574,0.167206100802725,0.0356326285222808,0.0761587660637447,0.0365679769982197,0.229158831076873
-1,-0.5,-0.2,0.25,0.7,0.3,-0.933839993820301,-0.556895247732259,-0.236087812186318,0.147293169218561,0.737508163337967,0.692611702016223,0.303882988564448,0.152315403347278,0.0356619207029349,0.0660730981119723,0.0377574666047777,0.253783138401283
-1,-0.5,-0.2,0.25,0.7,0.3,-0.901005670561994,-0.559373338435324,-0.249368714936506,0.348854863383929,0.697477187983278,0.055733377658153,0.404975677558285,0.19634306511244,0.0312952413743073,0.0658631883085746,0.0395522767034653,0.158544387522774
-1,-0.5,-0.2,0.25,0.7,0.3,-1.10656619026136,-0.440760269909479,-0.188265829236755,0.239533721555817,0.681357278353608,0.360596845208954,0.370294403883185,0.178466562412663,0.0374442696801672,0.0639965572485216,0.0365130612967465,0.189889637817814
-1,-0.5,-0.2,0.25,0.7,0.3,-0.954263595927053,-0.5227561394592,-0.189932594273577,0.188527435611552,0.71990433355509,0.279017754578436,0.363537707960998,0.180378127607289,0.0374640952900685,0.0635863807837537,0.0362841553437214,0.178694599590645
-1,-0.5,-0.2,0.25,0.7,0.3,-0.899954741906559,-0.588304577295,-0.174788765248773,0.268202534826945,0.695617558562825,0.284290604232659,0.356216115152008,0.175099264989212,0.0376171778675324,0.0665163133173892,0.0372648799406508,0.190124404458533
-1,-0.5,-0.2,0.25,0.7,0.3,-1.1160104790697,-0.397904482737066,-0.249506292759549,0.324561472263109,0.680422261246471,0.0976769719567253,0.384252849483887,0.186170904761938,0.0361291414168992,0.0711831333287335,0.036853524960834,0.183198540693577
-1,-0.5,-0.2,0.25,0.7,0.3,-1.0325012834397,-0.546916702723697,-0.20091490615542,0.270511823049754,0.782593615382646,0.177097255493352,0.285635606993873,0.153037531394568,0.0332485277859494,0.0676167910457805,0.0394584642535062,0.177335348618724
-1,-0.5,-0.2,0.25,0.7,0.3,-1.06372155019458,-0.463751428735881,-0.21102571658033,0.301434707959741,0.643095649246589,0.123776379547155,0.398259990677608,0.188716926526346,0.0400217144319976,0.0693015326692234,0.0363924189410619,0.180253995251596
-1,-0.5,-0.2,0.25,0.7,0.3,-0.918066566971728,-0.545646093261839,-0.225731525707154,0.250801143293578,0.697818309330995,0.269933832315481,0.324986412305274,0.155617418469887,0.0369419763720448,0.063239901136152,0.0393606777852716,0.174952004886796
-1,-0.5,-0.2,0.25,0.7,0.3,-1.07465428648778,-0.442700897199273,-0.212206257621902,0.341950251274929,0.662667769603427,0.111916096422203,0.389270347609808,0.185593123896156,0.034780792351,0.0620196793057693,0.0366297436084899,0.152930527490553
-1,-0.5,-0.2,0.25,0.7,0.3,-0.950360270715901,-0.527926910169203,-0.224468371000849,0.262262560794476,0.726160425769875,0.288516402451843,0.301473149634376,0.148922740216946,0.0356371292364511,0.0653714931669107,0.0368674167166812,0.188703479259587
-1,-0.5,-0.2,0.25,0.7,0.3,-0.986723465954744,-0.553241220654671,-0.236571287346038,0.179979562732967,0.756065200009413,0.450282998186026,0.284419120119612,0.143162074056051,0.0367069749343135,0.0657089585108565,0.0371243881005189,0.2085046786366
-1,-0.5,-0.2,0.25,0.7,0.3,-0.930544941346107,-0.538077537173131,-0.201895142920499,0.213894541971109,0.651425228406596,0.418511339053619,0.359385019393591,0.170701700494996,0.0376272269262282,0.0663398720774077,0.0378271114542315,0.206544066465203
-1,-0.5,-0.2,0.25,0.7,0.3,-1.06617505342482,-0.436303009392873,-0.221912449544015,0.252564193638079,0.668901596994988,0.188291499664198,0.337919121857512,0.158909247559889,0.0364502533515156,0.0658759333295698,0.0378687693252103,0.17532893901872
-1,-0.5,-0.2,0.25,0.7,0.3,-1.06206292762481,-0.48466413788253,-0.249590499524819,0.318660507328323,0.730699187919718,0.223906219111505,0.340739461168516,0.170241147711082,0.0364337870761289,0.0690558708165869,0.0353005894148766,0.189928193549293
-1,-0.5,-0.2,0.25,0.7,0.3,-0.986587051284149,-0.532767170396592,-0.190788153057244,0.275339308897803,0.679810378915496,0.152712154686414,0.356224067117874,0.170704329310041,0.0371756033424171,0.0652750965958833,0.0371384476248074,0.170529321162625
-1,-0.5,-0.2,0.25,0.7,0.3,-0.959811769034826,-0.520436983242076,-0.16382704884705,0.202295034372212,0.696745697052514,0.452083302610523,0.325546424992655,0.16149371578906,0.0373122827396719,0.064854479177586,0.0365446437102939,0.205779101289535
-1,-0.5,-0.2,0.25,0.7,0.3,-0.952809521725861,-0.554417926390292,-0.22592485000692,0.16740704829493,0.672521399877823,0.609003569637366,0.443354109205262,0.21435827389659,0.0362919975551338,0.0653672193417366,0.035788688989583,0.227234709017763
-1,-0.5,-0.2,0.25,0.7,0.3,-1.11593493813249,-0.473385389431426,-0.262740059114731,0.255233514308422,0.722788350021291,0.451255167305078,0.311202218518692,0.155892869375177,0.0345102080080527,0.0630077207990131,0.0364353378491249,0.197893052958318
-1,-0.5,-0.2,0.25,0.7,0.3,-0.990685578243761,-0.51823548294183,-0.204872772019275,0.204819571879306,0.742988523994362,0.401273529572539,0.311707472924929,0.155398603509397,0.0316883732295072,0.0624871654875812,0.0370746783623365,0.186124876582671
-1,-0.5,-0.2,0.25,0.7,0.3,-1.05276615769932,-0.454313152626798,-0.175831559504461,0.232695952085533,0.709275242240383,0.564871212822729,0.291654002250374,0.141636623470139,0.0334454364990038,0.0661739442593322,0.0370800775828008,0.237334852339493
-1,-0.5,-0.2,0.25,0.7,0.3,-1.13326419827295,-0.392528085646654,-0.268636262863372,0.270864973718062,0.745714192682482,0.167844298844138,0.358646451419668,0.182399652544873,0.0341773068933671,0.0665780564959074,0.0376832679080356,0.17451391872562
-1,-0.5,-0.2,0.25,0.7,0.3,-1.0468846028093,-0.438267122915171,-0.115361816126536,0.322683918507222,0.672314702603028,0.0960684746913412,0.313667364277519,0.152533281332471,0.0401785132597022,0.067944670215244,0.0387035555455302,0.169493001393508
-1,-0.5,-0.2,0.25,0.7,0.3,-1.01850114221806,-0.505542327906536,-0.209147963313259,0.322514951098803,0.667239458994325,0.126052678751484,0.317107088169711,0.149704641119764,0.0378893945457986,0.0651664129288986,0.0391691600753278,0.165755958494295
-1,-0.5,-0.2,0.25,0.7,0.3,-0.971096401463601,-0.484986418530905,-0.174207493660619,0.134822461918658,0.695972923861748,0.615817387336694,0.326231790581526,0.157931078336601,0.0361224499973905,0.0653416178671088,0.037335858240474,0.235732579126219
-1,-0.5,-0.2,0.25,0.7,0.3,-0.877194078784438,-0.639251169062923,-0.217529127986099,0.298718201484589,0.741558730884612,0.137278960279505,0.344052316057799,0.179594382543414,0.0345240652490926,0.071418753631687,0.0355631539367831,0.187899555532386
-1,-0.5,-0.2,0.25,0.7,0.3,-1.03876975182382,-0.483127630030389,-0.172451704067823,0.237602757542712,0.68317274672132,0.557626586626279,0.323631876361856,0.155709635403591,0.0361596706356086,0.063837582396525,0.0378281861860598,0.220048902271777
-1,-0.5,-0.2,0.25,0.7,0.3,-0.936433333282687,-0.514932836781563,-0.248450985297683,0.266076793242167,0.623573353014013,0.552465551798959,0.451334879870256,0.20902906019223,0.036519959801148,0.0667753020218052,0.0364906537982581,0.233675487518041
-1,-0.5,-0.2,0.25,0.7,0.3,-1.18830211001528,-0.382369121452152,-0.223202202643144,0.358608792194813,0.756313629081115,0.0171714610269167,0.287597358099529,0.145849068618587,0.0317455728357331,0.0671729587826282,0.0375414442134005,0.161798063461102
-1,-0.5,-0.2,0.25,0.7,0.3,-0.883078761371609,-0.634296698869656,-0.222255280847244,0.35852213586271,0.729496911567561,0.0200158554696516,0.355495795596973,0.17895353860949,0.0380014501070013,0.078089740198676,0.0367365982372774,0.199008815333002
-1,-0.5,-0.2,0.25,0.7,0.3,-1.01356507029056,-0.498055872083706,-0.224007542749654,0.173218250151481,0.751121285426558,0.766804015251095,0.313653999088244,0.156873680354046,0.0329009099407791,0.0642256751319601,0.0350297056541279,0.255935306460704
-1,-0.5,-0.2,0.25,0.7,0.3,-1.0014161823686,-0.529714478230833,-0.221928472828071,0.265628347230863,0.692499582842492,0.206373870533648,0.341331126025924,0.160491151933625,0.0368533434568503,0.0683995258889162,0.0376412509959512,0.18642556086283
-1,-0.5,-0.2,0.25,0.7,0.3,-1.06186750994544,-0.483153373187524,-0.180157659802477,0.353370627960704,0.637349288048021,0.192805855663065,0.338692724912138,0.157052680341968,0.0358503996532379,0.0680943236314708,0.0382267699046118,0.18483231495229
-1,-0.5,-0.2,0.25,0.7,0.3,-0.866575869822715,-0.549231583572681,-0.239691202835128,0.161257055156001,0.700387953120657,0.434680233029338,0.349330448261903,0.174182506585275,0.0377416423841425,0.0669815025232281,0.0365949224709207,0.21601983673702
-1,-0.5,-0.2,0.25,0.7,0.3,-0.809770228885706,-0.608529952583485,-0.228517777782561,0.129998647699157,0.705590894006773,0.560381978652646,0.347289193203923,0.171127554536404,0.037950694457907,0.0632954317612865,0.0364731194897937,0.215361060640614
-1,-0.5,-0.2,0.25,0.7,0.3,-0.980716485264912,-0.573639751960019,-0.141615379171297,0.191584020869389,0.698244944004502,0.458371405559286,0.335014694989571,0.167577642260492,0.0358082166157924,0.0649508813110274,0.0365077074343306,0.203032938122108
-1,-0.5,-0.2,0.25,0.7,0.3,-0.914126588502189,-0.637736024759433,-0.215674978775783,0.156729272447094,0.74339007778941,0.384415920041777,0.324161395127568,0.16548531300862,0.0381758271792954,0.063470995238489,0.0374660185206758,0.190975656075983
-1,-0.5,-0.2,0.25,0.7,0.3,-0.913027072548044,-0.619027909082253,-0.256713891812686,0.270657025180484,0.785352775677348,0.301406743578172,0.263658696486625,0.136739382097189,0.0333597914891549,0.0652149314539354,0.0367156596255886,0.186244601230131
-1,-0.5,-0.2,0.25,0.7,0.3,-1.15037182992164,-0.393244075372558,-0.175874425391542,0.369786124515381,0.735281474218737,0.0112785124825251,0.289846443990805,0.14698690230997,0.0379219328654996,0.0685071859441916,0.0390611730588526,0.166347401749699
-1,-0.5,-0.2,0.25,0.7,0.3,-0.971807055078664,-0.547324612261458,-0.245286543324936,0.236529741261292,0.684740220752691,0.194043133793699,0.340023866556789,0.164617882871596,0.0411597107152431,0.0696900135910593,0.0388875698652937,0.189479685966917
-1,-0.5,-0.2,0.25,0.7,0.3,-0.920918252708102,-0.581850681017451,-0.233331562178595,0.208307589033646,0.711822852838526,0.271382965587098,0.398554066391862,0.204172742486173,0.038974461482443,0.0650218433951381,0.0368656439056658,0.180095121810184
-1,-0.5,-0.2,0.25,0.7,0.3,-0.879387275053045,-0.58221236756494,-0.247378240191968,0.185865302924299,0.743229973213237,0.41036443749601,0.318176125791722,0.155504473405843,0.0369097712715341,0.0670059535772231,0.0362555826568415,0.206231372141707
-1,-0.5,-0.2,0.25,0.7,0.3,-0.904160913312596,-0.537639895958365,-0.137394521381866,0.204327057933737,0.727220115284947,0.422160007371262,0.312216992558799,0.159641517978515,0.0356323674157659,0.0640091053770805,0.0363062975922456,0.196981083753013
-1,-0.5,-0.2,0.25,0.7,0.3,-0.999914346819493,-0.461285535910873,-0.256128917626765,0.260948634285976,0.651787713628625,0.254660305413135,0.376392767007682,0.182201116319902,0.0392476463651876,0.0689285347179327,0.0381666536143294,0.197206429862744
-1,-0.5,-0.2,0.25,0.7,0.3,-0.965779748341245,-0.480227473254057,-0.219601278979689,0.262188333710763,0.723960301699815,0.291392614348749,0.299845497127385,0.149250852878137,0.0370195392160285,0.0661005604769684,0.0367984023314326,0.187782831303485
-1,-0.5,-0.2,0.25,0.7,0.3,-0.946550320378682,-0.502830105277708,-0.272364158754523,0.177194447838777,0.655749268355556,0.568714844547155,0.385373810785015,0.186126120130983,0.0369408229023914,0.063476880094313,0.0354213298606465,0.221932494580928
-1,-0.5,-0.2,0.25,0.7,0.3,-1.06047031340779,-0.515105538116249,-0.293108781874871,0.410199213663938,0.754171838281243,0.058675190163666,0.271268194721,0.137176804471427,0.0317183480968739,0.0679301343041032,0.0382321979326815,0.16880780981509
-1,-0.5,-0.2,0.25,0.7,0.3,-0.900909151414514,-0.543498503368684,-0.222167342640274,0.251161550865077,0.685358033379204,0.285445800764925,0.359992172889888,0.170178990948398,0.0362674952874713,0.0653793829811242,0.0366956891088511,0.182729484598712
-1,-0.5,-0.2,0.25,0.7,0.3,-0.857843548504156,-0.568144662894236,-0.245772997361073,0.207046241035913,0.649640289141556,0.304204690733353,0.500431683836047,0.230112366024164,0.0405619632026388,0.064044250954971,0.0373008749034682,0.180153593893937
-1,-0.5,-0.2,0.25,0.7,0.3,-1.08056867752054,-0.502799205490483,-0.21570727769739,0.263573837443711,0.741557814217385,0.261973001561163,0.299057330720722,0.150080360163023,0.0355957912246978,0.0640550338732428,0.0374159746627031,0.181261767261554
-1,-0.5,-0.2,0.25,0.7,0.3,-0.944362042823806,-0.568175786939345,-0.190172558740361,0.162647541776759,0.711009821437869,0.433555945784153,0.346051966966557,0.177738133520295,0.039102127719583,0.0639048640465151,0.0376493089099493,0.195860173794132
-1,-0.5,-0.2,0.25,0.7,0.3,-1.01751214093236,-0.4516484448864,-0.181436990895599,0.303096143959715,0.677287044635791,0.218076095410848,0.417985149254466,0.195935452465015,0.0347819963645078,0.06551776567344,0.0369263349777056,0.174496427184327
-1,-0.5,-0.2,0.25,0.7,0.3,-1.06199032104648,-0.407109503834939,-0.18173299175173,0.23289126793565,0.653204504415711,0.50551828258306,0.354974462722379,0.168572736514125,0.0361915201848726,0.0627919498402732,0.0377950653005595,0.209564265591072
-1,-0.5,-0.2,0.25,0.7,0.3,-1.02148340830681,-0.51746405869216,-0.199918156170536,0.342582827108936,0.659051400461168,0.098517641790277,0.454893267590066,0.222755599531438,0.0369687683400065,0.0682426578474775,0.0354216251988199,0.175228400170348
-1,-0.5,-0.2,0.25,0.7,0.3,-1.11084630460429,-0.490436595250909,-0.209190155037811,0.122518599634577,0.708277381731532,0.770463855714391,0.334716088326217,0.161198927583993,0.0355528621088067,0.0616861129574255,0.0360125956329384,0.236982785543695
-1,-0.5,-0.2,0.25,0.7,0.3,-0.921655786126801,-0.572422443350381,-0.181595910079798,0.254751329278385,0.742843031053965,0.373509830631316,0.285282065005533,0.14666425522787,0.0362558882204934,0.0651181444444421,0.0376363363005727,0.196895904098858
-1,-0.5,-0.2,0.25,0.7,0.3,-1.10318956969297,-0.422670152983984,-0.182418062656081,0.158472397722699,0.764545219117037,0.651924084565846,0.303240215106458,0.153557350091031,0.0339643456656018,0.0643514019468415,0.0354237382464154,0.237484766090883
-1,-0.5,-0.2,0.25,0.7,0.3,-1.04043270680997,-0.468351398263479,-0.211172901772935,0.194624267068267,0.699422959997108,0.623244917609226,0.31332320485925,0.149147473539138,0.0354091923424965,0.0617710921616573,0.0381935358102426,0.21893566544932
-1,-0.5,-0.2,0.25,0.7,0.3,-1.09148926196433,-0.429529364073897,-0.227845954534066,0.247531214193383,0.696615770695108,0.357837896295205,0.318008505694126,0.150916951347596,0.0340829670657881,0.0678037471903064,0.0369997513426276,0.205969586292425
-1,-0.5,-0.2,0.25,0.7,0.3,-1.04103703229628,-0.466845615572258,-0.208862988902273,0.229338819399779,0.711257697487798,0.426185490714164,0.317604876122149,0.153608294358473,0.034770702334775,0.0608966074792935,0.0367655869511139,0.184810370750367
-1,-0.5,-0.2,0.25,0.7,0.3,-1.10535700574846,-0.448937166189069,-0.1770937522993,0.368048757622281,0.707687025972913,0.0306928221456259,0.302379805135682,0.152104772298021,0.0357429241883176,0.0705320696396975,0.0398418483208413,0.173237472360059
-1,-0.5,-0.2,0.25,0.7,0.3,-0.841537213225703,-0.592449112336528,-0.164992185456167,0.136884059597575,0.698692366039418,0.56083168641441,0.361661777629884,0.167936967934439,0.0354015841453701,0.0623693705922851,0.0373280930239624,0.206166351009537
-1,-0.5,-0.2,0.25,0.7,0.3,-0.928376996455093,-0.577736664065703,-0.236248449754791,0.222794758238464,0.693453946683741,0.449467455520508,0.329913570166153,0.153293979056676,0.0386070642920424,0.06566060607708,0.0379965933050226,0.210410679248635
-1,-0.5,-0.2,0.25,0.7,0.3,-0.873927816293547,-0.577061940793389,-0.267418047535872,0.196444697064869,0.725752975669071,0.339055754824073,0.327097457952211,0.166088821640178,0.035723500465346,0.0638297883974226,0.0383452467046668,0.189280759615694
-1,-0.5,-0.2,0.25,0.7,0.3,-1.05950700964046,-0.43921037403302,-0.184314865830053,0.251920787891464,0.668519219027313,0.294707760653873,0.371382339604548,0.178088897373017,0.037401234121036,0.0658780098446514,0.0377200771366558,0.188371865690115
-1,-0.5,-0.2,0.25,0.7,0.3,-1.14355762146652,-0.375452104364211,-0.207348899241881,0.211244963233253,0.641035008299092,0.605421294642122,0.439582068434955,0.208330740821519,0.0360012193786279,0.0654670581321577,0.0346186943798645,0.230816816889218
-1,-0.5,-0.2,0.25,0.7,0.3,-0.986701605038362,-0.510756948588438,-0.202349919934944,0.213691977542968,0.676616581361922,0.478022617810182,0.420246776423698,0.203820530089293,0.0393365095350866,0.0645952050226809,0.0380025114207495,0.207646306472502
-1,-0.5,-0.2,0.25,0.7,0.3,-1.0293102546835,-0.459467954823391,-0.217159085280252,0.268327264362405,0.675613081367012,0.249813974829541,0.395731463968817,0.190245055860166,0.0383243637894097,0.0638092822569962,0.0377463765406456,0.174980760873589
-1,-0.5,-0.2,0.25,0.7,0.3,-0.92626495767311,-0.590701720124991,-0.260046159602727,0.162329113996081,0.663903022583478,0.385839754194662,0.4399972332137,0.211639650580733,0.0415650380980943,0.063907502479682,0.0353641981875492,0.193153235920935
-1,-0.5,-0.2,0.25,0.7,0.3,-0.90682162002677,-0.562091727479562,-0.156334016518801,0.180150673686153,0.672352657927931,0.543552352233361,0.422594989911788,0.203549600986122,0.037872389385553,0.0632264918003584,0.036907817440045,0.20532775936223
-1,-0.5,-0.2,0.25,0.7,0.3,-0.928848497091568,-0.579522814003863,-0.173174166248739,0.186977802702185,0.805550182609811,0.585835508581245,0.276012158125127,0.141294424836322,0.0332575950282109,0.0628825874038989,0.0369620625199132,0.215507326927643
-1,-0.5,-0.2,0.25,0.7,0.3,-1.13191088763714,-0.390112575477566,-0.166849683492104,0.270251099246577,0.719308291416857,0.446696765746876,0.312623813801373,0.155982990928104,0.032817194817213,0.0624997703429079,0.0372839609083975,0.194978117203907
-1,-0.5,-0.2,0.25,0.7,0.3,-1.08813638383768,-0.459820178599789,-0.197300996582117,0.339975284164145,0.718381859508625,0.193529363073697,0.310868266948984,0.155490506984695,0.0330488233157893,0.0637272009222829,0.0380219871994188,0.166505805521345
-1,-0.5,-0.2,0.25,0.7,0.3,-1.04879661875933,-0.459669461328104,-0.216733999565808,0.248552801758314,0.705314737037571,0.34577306226942,0.323624580866438,0.16245833504626,0.0356037012859405,0.0647942325781322,0.0372304330729018,0.192538038138511
-1,-0.5,-0.2,0.25,0.7,0.3,-0.982708213997963,-0.4716390688731,-0.259871986813216,0.247916199615909,0.732954897204302,0.379553919758284,0.281980960714742,0.14212259001025,0.0354951329093641,0.0638761865309945,0.0370395785698577,0.192377023008713
-1,-0.5,-0.2,0.25,0.7,0.3,-0.995695270540646,-0.477274846591738,-0.195943752172484,0.189926442443456,0.669724470512365,0.578822853250281,0.452102700893126,0.221522775663965,0.0362319054415549,0.0666932916768288,0.0353809864207625,0.230933229914307
-1,-0.5,-0.2,0.25,0.7,0.3,-0.973034358583732,-0.444557732683121,-0.191739585511476,0.21882177551043,0.599949657630164,0.370611938587325,0.449621875307432,0.201777587515015,0.0418762001572713,0.064166471520615,0.0372485847147973,0.190288380735638
-1,-0.5,-0.2,0.25,0.7,0.3,-1.03291418709698,-0.472001457497692,-0.202961570657744,0.28099794932702,0.672211656041973,0.285070018858508,0.347575048110819,0.162873753490161,0.0342986294373159,0.0655018202214151,0.0365338296890543,0.187959376900412
-1,-0.5,-0.2,0.25,0.7,0.3,-1.06584149855412,-0.446339398313575,-0.209378725989786,0.279720957297099,0.72260856914358,0.299496699795473,0.344454534477743,0.175773282499714,0.029308518078592,0.0643657402341944,0.0356709252482012,0.180441411720783
-1,-0.5,-0.2,0.25,0.7,0.3,-1.03959601519512,-0.463157616821011,-0.233389218505816,0.232870639369866,0.7073843811712,0.471911409523947,0.316423837581067,0.154314966877412,0.0376690102568188,0.0642551709807029,0.0363827261586322,0.205175873403475
-1,-0.5,-0.2,0.25,0.7,0.3,-0.847026269939033,-0.584629534206768,-0.240018600150219,0.242898703644048,0.657672166441501,0.238926488611091,0.389614484967233,0.188003371273164,0.0387136578319106,0.0685759042272072,0.0370969728390831,0.18943658788626
-1,-0.5,-0.2,0.25,0.7,0.3,-1.05803288835765,-0.417922598828813,-0.180207187751197,0.165665281908857,0.688229651779299,0.604524960556613,0.405897297366693,0.19743618076906,0.0367819650852884,0.0622722179516828,0.0359917149696033,0.213565609754768
-1,-0.5,-0.2,0.25,0.7,0.3,-0.91248660732257,-0.613938859023619,-0.138336349026908,0.157935744215715,0.69947315192717,0.471821970006379,0.366981905211229,0.18479629172196,0.0351807796161861,0.0659008559430418,0.0364303330863486,0.217884899103678
-1,-0.5,-0.2,0.25,0.7,0.3,-1.02579975861662,-0.49560995659717,-0.214801729513057,0.28259416753262,0.71596608551391,0.294535379186468,0.302089844607813,0.145733695928598,0.0347535519801836,0.0661359721732945,0.0365486322828553,0.187225655946327
-1,-0.5,-0.2,0.25,0.7,0.3,-1.0488259118692,-0.426459293479997,-0.242240736380908,0.360351866757002,0.674800189927119,0.0445920293581022,0.334788967538289,0.163649718195536,0.0375516996839141,0.0610640240102567,0.0385578260987786,0.144747107152592
-1,-0.5,-0.2,0.25,0.7,0.3,-1.04651445052274,-0.516121174913001,-0.247979221304803,0.182366059211298,0.722693870840432,0.550360792043572,0.344473082477669,0.168852637938808,0.0383312237511855,0.063873355424489,0.0363443595416087,0.216305027022422
-1,-0.5,-0.2,0.25,0.7,0.3,-1.06537854640789,-0.457809642244061,-0.253600368950158,0.167377727813091,0.749581611781953,0.567361152373151,0.291868151466712,0.149439836969152,0.0364408525261354,0.064973713284084,0.0374070234027803,0.226113182689498
-1,-0.5,-0.2,0.25,0.7,0.3,-0.896885009359522,-0.575446578047962,-0.184227428477167,0.297529640902144,0.722046158798687,0.087227693279517,0.447038320763838,0.224649612821897,0.0361849317688747,0.0710930565573567,0.0356857756050778,0.182979311374652
-1,-0.5,-0.2,0.25,0.7,0.3,-0.972590600407943,-0.509846644840228,-0.213738103927988,0.234772085740617,0.710528912203848,0.372269768238895,0.375298167759881,0.185853880152473,0.0357285666792169,0.0699601884389166,0.0357428898757832,0.213019901267293
-1,-0.5,-0.2,0.25,0.7,0.3,-1.02865205001901,-0.479387188341697,-0.235406206451671,0.297620397927898,0.750838881495032,0.0921111100205276,0.344900996267304,0.179425604568678,0.0341674437974853,0.0650124728748819,0.037088667924135,0.161116549580307
-1,-0.5,-0.2,0.25,0.7,0.3,-1.09923166193515,-0.383201634480253,-0.249736751002696,0.228755092444474,0.710225703544006,0.302957845450464,0.333040984839455,0.169385230444491,0.0382996312331582,0.0640096908334065,0.036997017114103,0.178068519782864
-1,-0.5,-0.2,0.25,0.7,0.3,-0.922309497243308,-0.537868029933539,-0.162429876618945,0.166951743866598,0.641008036650579,0.552887787930054,0.373639646339273,0.174167827546759,0.0395749384202714,0.0626310344653002,0.0378254290764392,0.209494498095855
-1,-0.5,-0.2,0.25,0.7,0.3,-1.07078462156624,-0.438245499679443,-0.289447509516751,0.199975065134405,0.690303186301432,0.623769694464454,0.311529667841416,0.153401077429221,0.0354188648130541,0.0636608235887668,0.0357451954706492,0.224425002230686
-1,-0.5,-0.2,0.25,0.7,0.3,-1.03160387978078,-0.53739065472138,-0.217238830367831,0.321301146844474,0.735889662501369,0.25495509260771,0.300875652532848,0.14840235678691,0.0345809484151339,0.0672110136334049,0.0357875331008878,0.188461504671663
-1,-0.5,-0.2,0.25,0.7,0.3,-0.883463222901363,-0.549531047390745,-0.230927476928129,0.22790555932984,0.736416818824853,0.308068529291964,0.34082745983944,0.171835381632606,0.0362080361642798,0.0641471364773012,0.0360307489930738,0.184993115957754
-1,-0.5,-0.2,0.25,0.7,0.3,-0.912341338097105,-0.597149140591255,-0.22901822169473,0.146899231480986,0.758006200487153,0.487064654810869,0.285340777893002,0.144421474593226,0.0372190085751516,0.0609739169934495,0.0375434660228597,0.191032371834274
-1,-0.5,-0.2,0.25,0.7,0.3,-0.934373968790505,-0.553944173882033,-0.202518857806588,0.200560307410432,0.725642001749847,0.376960897453026,0.403693893665543,0.202808172649563,0.0363296723527716,0.0640474596266125,0.0366306642745422,0.1899588442298
-1,-0.5,-0.2,0.25,0.7,0.3,-0.993919150641795,-0.607688368753298,-0.189108396281285,0.260277742377964,0.783113148355175,0.424019043469039,0.26848842486293,0.136779035753582,0.0318555374510971,0.0663164078322451,0.0358778289570726,0.207703916987878
-1,-0.5,-0.2,0.25,0.7,0.3,-0.993138239936292,-0.542046435093618,-0.178392101517985,0.26141495686982,0.71787540342414,0.456252045990595,0.271552902994553,0.131603667969218,0.0335131614577465,0.064601441142731,0.0375067382243525,0.209183855511024
-1,-0.5,-0.2,0.25,0.7,0.3,-1.08454514118261,-0.47758073582846,-0.20314313328802,0.309783770856019,0.719155765653005,0.49512878333356,0.343569915236527,0.171426760065154,0.0303230108464983,0.0662228175133144,0.0353061767192108,0.219191648018345
-1,-0.5,-0.2,0.25,0.7,0.3,-1.03512173094149,-0.421578347461522,-0.284776121639771,0.302044514376081,0.648126189720499,0.106813485048284,0.380679654399972,0.184021202724569,0.0425397146130194,0.0675748660501618,0.0377820642722614,0.173039199920412
-1,-0.5,-0.2,0.25,0.7,0.3,-0.983654972674455,-0.495483571956604,-0.15737058072642,0.251878782781794,0.672465833668961,0.274784377174337,0.391566683582773,0.191022830549113,0.0362096184561029,0.0652183984278004,0.0369287350424436,0.182925732763921
-1,-0.5,-0.2,0.25,0.7,0.3,-1.03096604352631,-0.494331738840307,-0.27165869660305,0.154118952854776,0.713459549818475,0.523175124412336,0.35907440378382,0.171181382486075,0.0370541884094055,0.0637233362021135,0.0364332648706799,0.209488825982804
-1,-0.5,-0.2,0.25,0.7,0.3,-1.00994606010971,-0.529082548593004,-0.067054741001157,0.208858979032874,0.714576951078508,0.485532586712866,0.329983263893475,0.160537102141731,0.0383604356045597,0.0628344725025532,0.0366898837564179,0.198287789995196
-1,-0.5,-0.2,0.25,0.7,0.3,-0.982575317286635,-0.507756532715086,-0.206532520037928,0.337271144544341,0.65925315693426,0.12579695797722,0.346326198537679,0.162529939891521,0.0379331761214067,0.0669156549595204,0.0370807691338031,0.17260757796098
-1,-0.5,-0.2,0.25,0.7,0.3,-1.03504389586537,-0.414232209821174,-0.16906273007409,0.191625486239125,0.671447821448009,0.623661418738554,0.383332547257414,0.182466951445993,0.0371779922093154,0.0635783084403835,0.0357147473395826,0.224304413370363
-1,-0.5,-0.2,0.25,0.7,0.3,-1.05485765565954,-0.476876210399869,-0.206886666200002,0.240311566019524,0.665786552208537,0.509291591242791,0.325383667502183,0.151170254938518,0.036242330101722,0.063172078637422,0.038075983593504,0.206196510601764
-1,-0.5,-0.2,0.25,0.7,0.3,-1.07614831331603,-0.403428518504197,-0.242568364825805,0.294796391259097,0.658522435749421,0.202530759377556,0.362927534912992,0.178949640883453,0.0392132398291279,0.0712822575982837,0.0367283162310335,0.198869617879071
-1,-0.5,-0.2,0.25,0.7,0.3,-1.01665479366259,-0.482781586594686,-0.183073056559112,0.219023234120677,0.725199091473679,0.423447880541893,0.309986155292959,0.151914788302852,0.03374130962055,0.0687701746731574,0.0366300285596618,0.219077403108873
-1,-0.5,-0.2,0.25,0.7,0.3,-0.899973601978572,-0.563773851803194,-0.186911634254311,0.274380700124591,0.701044944354312,0.147417416557254,0.379283990124849,0.187028280008781,0.0377794206763542,0.0657987292185023,0.0373305070728947,0.170294663679268
-1,-0.5,-0.2,0.25,0.7,0.3,-0.871281676401714,-0.613550759246163,-0.239937468769804,0.250932551913911,0.734849223457529,0.334686477966471,0.340043667137047,0.172820890976014,0.0341237753043638,0.0680089491182475,0.0370270026743543,0.199516748465669
-1,-0.5,-0.2,0.25,0.7,0.3,-1.13371853322737,-0.41904656085829,-0.166329059842392,0.24582965105334,0.771780664644929,0.399982053538656,0.274884935090742,0.143276821198956,0.0343384264822335,0.0626118574640212,0.0366928848294366,0.190645113043998
-1,-0.5,-0.2,0.25,0.7,0.3,-0.873736566652196,-0.579864164674021,-0.241973954996842,0.328601794794531,0.683274240553327,0.0935557022497939,0.340675947550662,0.161575781556709,0.0354305154602892,0.0728076061702633,0.0384246151344696,0.18525353926454
-1,-0.5,-0.2,0.25,0.7,0.3,-1.15801243341656,-0.447377458593083,-0.192713516098634,0.3348133738502,0.758212455507935,0.202586029162337,0.283818990042062,0.143260942708047,0.0329849967633163,0.0683079175836338,0.0368482638928336,0.188171398932819
-1,-0.5,-0.2,0.25,0.7,0.3,-0.926910342586945,-0.560382046339351,-0.218704321604473,0.270102320896175,0.688470616272605,0.193380244911857,0.343867627586603,0.170825385581194,0.0376687372909091,0.0627055767918374,0.0375013303642539,0.166286538880535
-1,-0.5,-0.2,0.25,0.7,0.3,-0.954993920736509,-0.499918466768483,-0.185951216098151,0.177422963902335,0.750566756364465,0.721476371832662,0.290123379722369,0.145782407573862,0.0333268539844317,0.0647676342335525,0.0369945378796807,0.256608735684425
-1,-0.5,-0.2,0.25,0.7,0.3,-1.08663603978274,-0.487424169270905,-0.166789512496462,0.221315695582403,0.734222192619229,0.489627604572335,0.314862780459992,0.154670044300855,0.0340383351478003,0.062444816370195,0.0358973859650728,0.199760793063096
-1,-0.5,-0.2,0.25,0.7,0.3,-1.03430184615557,-0.471243372863692,-0.143075606146173,0.323982996260861,0.731528239752395,0.392976298714889,0.306656881790666,0.148342840958664,0.0304337376188907,0.0627135208888404,0.0372029018065019,0.187797899243415
-1,-0.5,-0.2,0.25,0.7,0.3,-0.98018459973447,-0.577676081016295,-0.178477709630168,0.341068477079912,0.726431593612578,0.0106368885329282,0.330023620672901,0.170015175694255,0.0365214311578096,0.0761620104711685,0.0368371209452339,0.186913336767246
-1,-0.5,-0.2,0.25,0.7,0.3,-1.12199985030542,-0.388046888090381,-0.157522058139115,0.250566437452644,0.689491724303651,0.289966895733329,0.42034667096631,0.206345498596861,0.0362928771832325,0.06775766192627,0.0355576587234574,0.194385585995701
-1,-0.5,-0.2,0.25,0.7,0.3,-1.00068766465099,-0.466678001584477,-0.209560935112925,0.214685277542249,0.646548016014873,0.426942111493562,0.328173848935492,0.157548425871799,0.0366125128928938,0.0654837889978077,0.0385812051793498,0.204824264670133
-1,-0.5,-0.2,0.25,0.7,0.3,-1.06298275219666,-0.389735437329557,-0.204238076990092,0.107576186304066,0.667416640241243,0.90002519929104,0.339066187795603,0.161607472707268,0.0347804679698962,0.0599681024625116,0.0379019225323128,0.25536770416277
-1,-0.5,-0.2,0.25,0.7,0.3,-0.963274600933843,-0.585984697500644,-0.197563721786556,0.304367373313437,0.755482112020711,0.17641390360584,0.316013309056797,0.157825305337152,0.0360013752964955,0.0667526810325976,0.0359574693883055,0.174676783699832
-1,-0.5,-0.2,0.25,0.7,0.3,-0.99607061493041,-0.534008915058829,-0.1626107910993,0.210219278910664,0.749698076039608,0.458807124398095,0.29568109245329,0.148813987354072,0.0372873740292106,0.0634721172400362,0.0375423933693692,0.203529314532209
-1,-0.5,-0.2,0.25,0.7,0.3,-1.06088781898851,-0.494706067120668,-0.169208889035376,0.220261571976389,0.733574265641975,0.422876724945743,0.34920792373031,0.175736202063385,0.0326198871041201,0.0679038651174661,0.0349967246056621,0.216597581444081
-1,-0.5,-0.2,0.25,0.7,0.3,-0.89042175029358,-0.530619522672687,-0.159805533436318,0.23783965359423,0.662620512727107,0.182120310381846,0.376486403567623,0.176638998540761,0.0440080461364668,0.0678667659608007,0.0376191303150905,0.1824316823708
-1,-0.5,-0.2,0.25,0.7,0.3,-0.946407970827856,-0.507238683107939,-0.213294499869384,0.176973362818426,0.71455498191328,0.543511641398063,0.34921254441768,0.172111163712158,0.0388890028005608,0.0601994292204036,0.0364783491705095,0.19286023182717
-1,-0.5,-0.2,0.25,0.7,0.3,-0.864618045956482,-0.634013381351473,-0.21837937372276,0.22710214089648,0.784801345801383,0.546267046084995,0.27291048059061,0.139455800944424,0.0285283994753755,0.0679276817620763,0.0359280587958537,0.236251412459608
-1,-0.5,-0.2,0.25,0.7,0.3,-1.02617915735918,-0.497674919095061,-0.140074053301576,0.280476264853465,0.715536837454815,0.258533704874503,0.339443840950014,0.169804283345577,0.0377380464043825,0.0678370331734184,0.0356404440511324,0.194900079310321
-1,-0.5,-0.2,0.25,0.7,0.3,-1.00125360375625,-0.510758328358534,-0.137215316865054,0.311744554230458,0.707388530632766,0.166869480375024,0.361878693297685,0.183156017770822,0.0390399770690527,0.0696318645709519,0.0365910673904652,0.185224238804897
-1,-0.5,-0.2,0.25,0.7,0.3,-1.02584757648665,-0.502158177351653,-0.190610684342899,0.212498819781981,0.684988193846901,0.319533882921816,0.377814207308711,0.179125968270061,0.0351956032664318,0.0652983007691445,0.035846131051737,0.187295001290606
-1,-0.5,-0.2,0.25,0.7,0.3,-1.030975829717,-0.46880248712256,-0.211745962437181,0.292608573957344,0.710870903404461,0.289219344237552,0.272929551830837,0.135817857765209,0.0357143730567873,0.0630894276844902,0.0362868616500115,0.181663812515843
-1,-0.5,-0.2,0.25,0.7,0.3,-0.854795150467209,-0.583585174172831,-0.175694805626228,0.164542737730391,0.716165528573527,0.642086933362231,0.341483005039682,0.166806860432947,0.0341686367571658,0.0633735840295455,0.0362611448842917,0.228816514600686
-1,-0.5,-0.2,0.25,0.7,0.3,-1.06580344440555,-0.479482979147881,-0.153765309803593,0.1686846831742,0.745748101003212,0.478231290192393,0.314215540030875,0.157362949773518,0.0347656923178478,0.0609317503194203,0.0370992379637512,0.193517757217504
-1,-0.5,-0.2,0.25,0.7,0.3,-0.928868845750233,-0.580458878648849,-0.210847522268715,0.261369707259183,0.713979516945474,0.515272523448091,0.29399265855478,0.143963935985961,0.0355629095681866,0.0673067854371228,0.0361596931487205,0.231032616906118
-1,-0.5,-0.2,0.25,0.7,0.3,-1.07615961481629,-0.434094882288279,-0.215860871999835,0.317127914380912,0.690697440190019,0.0600923098415182,0.332379914424107,0.162594697788556,0.0369707969203084,0.0658435758215361,0.0374193784983606,0.160305914110774
-1,-0.5,-0.2,0.25,0.7,0.3,-1.09001366735323,-0.376872798438834,-0.147730757719376,0.31184155560928,0.649137974799466,0.125240174620306,0.357225989348952,0.168404759899153,0.0363954626436357,0.0698616829953405,0.0370550278134446,0.182710268083349
-1,-0.5,-0.2,0.25,0.7,0.3,-0.982877252175347,-0.529315379022707,-0.174763810141365,0.390920674315675,0.722011719410392,-0.0490010247478519,0.313591947929502,0.164350688553904,0.0385539720774308,0.0692655291374613,0.0374300026039149,0.163449086345457
-1,-0.5,-0.2,0.25,0.7,0.3,-0.899786635874505,-0.560941068819638,-0.166469749530543,0.272327952117063,0.673717052287443,0.273121945690689,0.336895518457669,0.160956402551447,0.033801772950395,0.0634453820449232,0.0372545500697891,0.177648004004599
-1,-0.5,-0.2,0.25,0.7,0.3,-0.973902247689838,-0.557026647421169,-0.199704935293359,0.278169634965301,0.689647378909441,0.0888529820096454,0.364874654077705,0.177969153344304,0.0375038421295382,0.066101332109657,0.0375522123812241,0.165634381061584
-1,-0.5,-0.2,0.25,0.7,0.3,-0.928260379200651,-0.525413085372563,-0.156592673613026,0.227041666971529,0.660131353348273,0.464019188137556,0.403429606422638,0.188445719250889,0.0385605418377266,0.0643069536217698,0.0359706029199143,0.206478120257936
-1,-0.5,-0.2,0.25,0.7,0.3,-1.12590392382713,-0.476173707822576,-0.12697488517479,0.293876043832459,0.748006162164596,0.347416277055584,0.258875375479557,0.13021507185412,0.0310390678137322,0.0650586976414419,0.0396653027199449,0.191642359857689
-1,-0.5,-0.2,0.25,0.7,0.3,-1.12042862328817,-0.413403660272196,-0.115054581239238,0.262936285262748,0.709734050726497,0.386295626573106,0.333092225485067,0.163600522737688,0.0352418436012856,0.0636838539299239,0.0374523184893361,0.19007842294195
-1,-0.5,-0.2,0.25,0.7,0.3,-1.08242779936227,-0.512915059981679,-0.155359473869729,0.357160275587938,0.761614894309291,0.0940072360683512,0.287343132384267,0.148146094943045,0.0326489151151787,0.0692202253084457,0.0371088355618289,0.176787943159052
-1,-0.5,-0.2,0.25,0.7,0.3,-0.893213658796288,-0.534650569114292,-0.207309716360805,0.169838737267305,0.644568153914594,0.437939766642464,0.459069781888129,0.217924599520295,0.0361605030932207,0.0637362197937231,0.0362985976686,0.200438184840299
-1,-0.5,-0.2,0.25,0.7,0.3,-0.926302656115655,-0.517143102273708,-0.240471139582942,0.330724746609779,0.687070864896728,0.139697563038334,0.488666343393923,0.238399349628699,0.0378712483526763,0.0725504546617473,0.0356561120746348,0.19446217714763
-1,-0.5,-0.2,0.25,0.7,0.3,-1.02794582451982,-0.460427118501305,-0.116168633909681,0.296121585299559,0.708790377744707,0.241454008646626,0.370755892314374,0.181912393004548,0.0351301410898255,0.0668954234106361,0.0353153862839412,0.184628144052086
-1,-0.5,-0.2,0.25,0.7,0.3,-1.00205337554427,-0.485904277902428,-0.241303420174628,0.192520924743324,0.659937844324241,0.648378666392119,0.378712604245982,0.170871976945056,0.0379952868427228,0.0592383963005202,0.0365262777101824,0.204929290891679
-1,-0.5,-0.2,0.25,0.7,0.3,-1.04546703864814,-0.480058244714866,-0.209318384032653,0.327433685758238,0.703676764497108,0.22925283179444,0.315761864572826,0.157278472629896,0.0317172150133482,0.0653677512896143,0.0381343927561853,0.18036736697174
-1,-0.5,-0.2,0.25,0.7,0.3,-1.03178935220968,-0.508837657121369,-0.229105475591534,0.147795514338589,0.687746674079637,0.714539068176242,0.372017117372663,0.184210767906328,0.0395054972449205,0.0617187841596129,0.035943620781061,0.230346864922238
-1,-0.5,-0.2,0.25,0.7,0.3,-1.03179407627378,-0.486155294943452,-0.228732984835715,0.305431924402257,0.707875188290742,0.106160981492522,0.311872511861066,0.146230002235695,0.0348812709639939,0.0651896754346342,0.0369999696658691,0.161768326741557
-1,-0.5,-0.2,0.25,0.7,0.3,-1.01727395039279,-0.554477113757102,-0.169596715917025,0.172409344858051,0.687779467758576,0.723598894661888,0.364829286236868,0.176153642693532,0.0367763302045752,0.0684670091253645,0.0348079997482652,0.274827828614936
-1,-0.5,-0.2,0.25,0.7,0.3,-0.91925064429739,-0.570438727079104,-0.132610953164668,0.178624458684328,0.704470060444747,0.491449483559089,0.310789920510108,0.152555274698232,0.0380202223350615,0.0590170987708754,0.0382368971592941,0.184497860572175
-1,-0.5,-0.2,0.25,0.7,0.3,-0.918754237332581,-0.544759281338275,-0.157853261853666,0.198178704583486,0.692518932546048,0.440395452496102,0.343795349226708,0.164645991771005,0.0387963311452938,0.0642891170736674,0.0367349277934458,0.202568488195654
-1,-0.5,-0.2,0.25,0.7,0.3,-0.979557287473078,-0.49812563244588,-0.149015582693066,0.167128464061714,0.703974969691877,0.729834862495029,0.318694330874136,0.155481276537171,0.0346917816897685,0.066061173162098,0.0373000128636995,0.258274509811421
-1,-0.5,-0.2,0.25,0.7,0.3,-0.925860553611793,-0.539032423735669,-0.189758490968835,0.181757590400799,0.687750117817275,0.625296698292467,0.36201506093487,0.174607154401743,0.0365106400546942,0.0598345704092339,0.0359894642408995,0.206291153405842
-1,-0.5,-0.2,0.25,0.7,0.3,-1.03221653271452,-0.490522471092699,-0.146437337480635,0.173104644489336,0.703244354663508,0.503200066183098,0.312868956077998,0.155455774989048,0.0376504833374543,0.0610230394389542,0.0378688800302386,0.196099566993894
-1,-0.5,-0.2,0.25,0.7,0.3,-1.16500255870478,-0.376181590144533,-0.205416842276487,0.2894345002029,0.69417217299935,0.388435665245821,0.351431467530736,0.172315301649656,0.0340312606726045,0.0646684893814637,0.0365053334720721,0.19085792395788
-1,-0.5,-0.2,0.25,0.7,0.3,-1.01258368951696,-0.494948173624619,-0.227728474134806,0.24062542708367,0.700290052523532,0.406871499852372,0.308356906970508,0.15060789536505,0.0356183027459765,0.0641955630394061,0.0366725224342294,0.197031175150047
-1,-0.5,-0.2,0.25,0.7,0.3,-0.873208396991789,-0.579055849882128,-0.227841754239662,0.246003786204344,0.764903427774504,0.23278719596266,0.272764629725438,0.1363277034277,0.035760926818927,0.0675304701994726,0.0378568089447929,0.188597862330235
-1,-0.5,-0.2,0.25,0.7,0.3,-0.888794863773521,-0.564225235123157,-0.231283997534821,0.218095851187732,0.662459720670712,0.369165513186113,0.375563464581729,0.177553903017542,0.0388351980688697,0.066564359105332,0.0370539387183043,0.204598766731588
-1,-0.5,-0.2,0.25,0.7,0.3,-1.0975562146603,-0.360503745675597,-0.231552724350715,0.236336029239437,0.639259133315489,0.236110706359766,0.415718616179508,0.197281385377753,0.0407880606797479,0.0655548747684581,0.0366591110445164,0.179810409652529
-1,-0.5,-0.2,0.25,0.7,0.3,-1.0166578802001,-0.461841144650959,-0.192954629804094,0.325419881494163,0.733095990855943,0.260182833208886,0.285918541881923,0.143064378523143,0.031950124870223,0.0670206933404787,0.0390819810549243,0.187734047534563
-1,-0.5,-0.2,0.25,0.7,0.3,-1.04985350553538,-0.507997243426485,-0.142846817379138,0.32072507388054,0.685398723400821,0.0779112406726645,0.354622614702337,0.17050356256416,0.0359261088452609,0.0669086682596786,0.0379141096812069,0.166666023121765
-1,-0.5,-0.2,0.25,0.7,0.3,-1.00453440886545,-0.559843161065002,-0.188217546185234,0.272413493096906,0.710169057032968,0.220944385841118,0.292009609642769,0.141044565432938,0.0354104383593279,0.0676546131088787,0.0393705736726677,0.185820889603267
-1,-0.5,-0.2,0.25,0.7,0.3,-1.11983875657478,-0.400624873385696,-0.190605092972923,0.269941956112716,0.693098128168197,0.237839211092973,0.365600567904019,0.18110368599364,0.0376684273626528,0.070736440139342,0.0367582839902639,0.196853325770693
-1,-0.5,-0.2,0.25,0.7,0.3,-1.07672905425323,-0.450326239948337,-0.197369305561245,0.315683230449616,0.710584483249724,0.0688174891942713,0.361061836332345,0.181864197189127,0.0338208605869994,0.0649853612007494,0.0376992922757218,0.158877150687378
-1,-0.5,-0.2,0.25,0.7,0.3,-1.09819613959983,-0.412555326605494,-0.200984047968756,0.384972395407419,0.667326500404609,-0.0340441037011303,0.369505304576385,0.178644929042226,0.0346573163258649,0.0691690838021983,0.0386289764075578,0.16366974883951
-1,-0.5,-0.2,0.25,0.7,0.3,-1.05375067177317,-0.478210800575164,-0.20696624025156,0.268860122051421,0.759579266770815,0.281607900928798,0.29267224284714,0.152868405947774,0.0330895884271518,0.0650927510910074,0.0370171495641616,0.190152972818469
-1,-0.5,-0.2,0.25,0.7,0.3,-0.896263039434873,-0.611439164855158,-0.141741005702684,0.19318190663608,0.725651645570791,0.674257209427084,0.307309168163328,0.148323430175103,0.0342895587439362,0.0628950563210564,0.0366910497529227,0.230393401006242
-1,-0.5,-0.2,0.25,0.7,0.3,-0.929714003179687,-0.547533025562953,-0.26792060589066,0.170138687479035,0.713321815658736,0.523612960090583,0.405940350421963,0.19595456405623,0.0381375351710057,0.0725651964355113,0.0349186910589885,0.253830041928039
-1,-0.5,-0.2,0.25,0.7,0.3,-0.980524490607843,-0.537142076393352,-0.156407625024952,0.269636666357479,0.682417750883631,0.257114855798318,0.394639710961285,0.189716087208008,0.037172264358629,0.0675408271810677,0.0374981791423781,0.192575226812811
-1,-0.5,-0.2,0.25,0.7,0.3,-1.15974555174702,-0.47713732436252,-0.244358513519018,0.351684151430921,0.748591870841359,0.311469123120014,0.279774583510899,0.1413834259373,0.0324134481748518,0.0666132039730914,0.0397011642509279,0.196048655042695
-1,-0.5,-0.2,0.25,0.7,0.3,-1.01012318455964,-0.528774353117293,-0.176706895478712,0.297310300377897,0.72672209361397,0.408348619803651,0.276616466986154,0.140427386133433,0.0313105094605249,0.0646977112643999,0.0369936121232413,0.199982501425929
-1,-0.5,-0.2,0.25,0.7,0.3,-1.07138449144909,-0.473653358462017,-0.171583259881888,0.260485390068338,0.713099318130055,0.21505770614051,0.580098527597829,0.289172991523812,0.0343822684649156,0.0701390749508425,0.0363788224215564,0.191524126241895
-1,-0.5,-0.2,0.25,0.7,0.3,-0.976421952216645,-0.588940397511347,-0.203880598957382,0.246418304512268,0.716475195511693,0.452850931565188,0.316802495994552,0.159139116534946,0.036624558881459,0.0659286823674346,0.0369196319180022,0.214009146132843
-1,-0.5,-0.2,0.25,0.7,0.3,-0.864295013898621,-0.566840073340605,-0.296256088266131,0.277726259216498,0.696350592579318,0.20774675993918,0.333736511241382,0.160077570202516,0.0364082288701224,0.070271359906179,0.0385053554500713,0.193402685647064
-1,-0.5,-0.2,0.25,0.7,0.3,-0.998172617388023,-0.512754254984473,-0.212943051647846,0.197971975116294,0.683235507700741,0.299984578242003,0.360206519163357,0.173667648727539,0.0393700255126708,0.0695566960297601,0.0376298623947121,0.205867603909078
-1,-0.5,-0.2,0.25,0.7,0.3,-1.03501256638571,-0.473723942765135,-0.114888915577513,0.268680559800177,0.726648300553328,0.341731614793503,0.307793232631747,0.156017530488449,0.0357975236854252,0.0625768169273693,0.0375530039772343,0.181803478479234
-1,-0.5,-0.2,0.25,0.7,0.3,-1.04693486982556,-0.452259317692854,-0.213673373586648,0.247101470003595,0.751592840849823,0.430092649880217,0.29640906830431,0.149883003528497,0.0343917704565549,0.0651185722610745,0.0375503818410421,0.202694239611548
-1,-0.5,-0.2,0.25,0.7,0.3,-0.964116232907821,-0.523864767685984,-0.195929909822331,0.233483406534899,0.68789585260755,0.252895795208708,0.338392138431902,0.160602391941547,0.0373670724797131,0.0657563208376297,0.0379802282224406,0.182733213049124
-1,-0.5,-0.2,0.25,0.7,0.3,-1.18950609748644,-0.35948924957322,-0.173695855591159,0.323836321571352,0.71342053311944,0.129620029248133,0.365084739098024,0.173195683659016,0.0336217380730089,0.0664479269595869,0.0374166666704008,0.167712243565247
-1,-0.5,-0.2,0.25,0.7,0.3,-1.05344716102423,-0.500207980585759,-0.234082275734444,0.312667737651278,0.741433788986125,0.297512995387262,0.288291065819041,0.140943399406397,0.0294073472441558,0.0655958706686658,0.0362602887027961,0.187164671786653
-1,-0.5,-0.2,0.25,0.7,0.3,-0.999351293160485,-0.490876055495712,-0.204919973693078,0.189188575446734,0.687286300445829,0.619502239273209,0.385854586555503,0.187230442998013,0.03461614557227,0.0640176799633712,0.0369457946269301,0.226642099918209
-1,-0.5,-0.2,0.25,0.7,0.3,-1.00775898139624,-0.53137363607022,-0.237721188896,0.24443249451675,0.726129836047147,0.464644939626851,0.282141137901832,0.13612810312446,0.0357944149538704,0.0649999902842546,0.0374729332252128,0.212003184833986
-1,-0.5,-0.2,0.25,0.7,0.3,-0.951822830183054,-0.560096596624333,-0.204802183467756,0.252839948443633,0.726420056388825,0.286153865981557,0.311178440214039,0.149291252154051,0.03267608821385,0.0679351296804879,0.0379712460856897,0.194736003921354
-1,-0.5,-0.2,0.25,0.7,0.3,-0.920729401996459,-0.548903298396761,-0.15897573573095,0.295207079408013,0.704087530971451,0.185362867077144,0.333619440543944,0.163270041598447,0.0365081119461076,0.0689295954899903,0.0361147518980494,0.185882679749119
-1,-0.5,-0.2,0.25,0.7,0.3,-1.0914894576454,-0.368666792531652,-0.199479034070355,0.151149827449289,0.633709988621988,0.726971316214082,0.408239860284827,0.187953089176108,0.0378299000287158,0.0645674778748931,0.0372494542842139,0.250479773913896
-1,-0.5,-0.2,0.25,0.7,0.3,-1.11028989563641,-0.459447554618848,-0.177359216327941,0.200272370491433,0.739862477216224,0.733480005031108,0.308932447455927,0.158675269123443,0.03061359070768,0.0625467783217893,0.0364662478216428,0.242104194133561
-1,-0.5,-0.2,0.25,0.7,0.3,-1.16183956780128,-0.373192234869812,-0.206396008312236,0.26566871080879,0.715747799073537,0.26283561379715,0.3160884659436,0.158430384756329,0.0377785269370579,0.063153584642232,0.0367832099630655,0.174624386316457
-1,-0.5,-0.2,0.25,0.7,0.3,-1.11334781591293,-0.364933094193564,-0.255970307511791,0.239704267300026,0.673154323068563,0.245084568023282,0.353711772257876,0.172299026540098,0.0393421893910762,0.061141934262343,0.038869887504906,0.169822632668601
-1,-0.5,-0.2,0.25,0.7,0.3,-1.00369075559265,-0.500402404519439,-0.179147999914178,0.343729542231408,0.663839735158035,0.0244673246540988,0.397649105806851,0.195621160291972,0.0377191766869463,0.0774719270783478,0.0374174854962121,0.197413782190994
-1,-0.5,-0.2,0.25,0.7,0.3,-1.07474956892696,-0.449624215251656,-0.123065242437662,0.217768891244825,0.613582058225434,0.646049843331758,0.41809063676085,0.195364981474507,0.0368948494651478,0.0632925958535582,0.0365556709223083,0.22734287972626
-1,-0.5,-0.2,0.25,0.7,0.3,-1.01879630220443,-0.50284537062597,-0.203690609343128,0.235202155062098,0.675934625515822,0.25794577228349,0.396323110665151,0.188538193589945,0.0402548430492579,0.0669250233533728,0.0371182450368888,0.189237310389503
-1,-0.5,-0.2,0.25,0.7,0.3,-0.991830027935426,-0.51610227405201,-0.274699054938249,0.331023110507244,0.699289331747131,-0.00148616033338135,0.325596537865021,0.161998658962296,0.0378119011359918,0.0693031877558544,0.0368407028947805,0.166430238850241
-1,-0.5,-0.2,0.25,0.7,0.3,-0.950335015106484,-0.512476585592967,-0.228011868482868,0.19258525615453,0.726018803932758,0.387459770944409,0.357197380106107,0.178019076860241,0.0346825635690633,0.0652219068229157,0.0366596905919232,0.198839996622015
-1,-0.5,-0.2,0.25,0.7,0.3,-0.957072413825589,-0.479933471729966,-0.214636363417293,0.164596318671735,0.653624943692758,0.510561998928728,0.548913181836061,0.261146204300474,0.041103590776941,0.0652903207116728,0.0357099804278021,0.215513954728406
-1,-0.5,-0.2,0.25,0.7,0.3,-0.91617677353246,-0.557314094362882,-0.157926658614322,0.201230181311232,0.690227389500456,0.348544026281193,0.388218978481844,0.192002402905226,0.0406863406670048,0.0642898171678998,0.0366100822643273,0.188131920437095
-1,-0.5,-0.2,0.25,0.7,0.3,-1.01353991463444,-0.504939194341279,-0.189550694867299,0.201169164978333,0.711303668459399,0.410799512968211,0.364117313729943,0.174473797064894,0.0349569951741959,0.0629943387171204,0.0352383798520163,0.192126112057565
-1,-0.5,-0.2,0.25,0.7,0.3,-0.996191213855081,-0.462158458715251,-0.216051272389535,0.305700612299958,0.684506063208335,0.165430115719784,0.332994965247241,0.163959925506738,0.0368640450179437,0.0649826912152431,0.0385919064642892,0.171389258205079
-1,-0.5,-0.2,0.25,0.7,0.3,-0.989405759479989,-0.509733809223635,-0.150807951402828,0.258556950521323,0.688053373683691,0.318907845343829,0.465266460635055,0.232342249769185,0.036116858723576,0.0668571059397471,0.0357275383702663,0.193678051280133
-1,-0.5,-0.2,0.25,0.7,0.3,-0.985973339046729,-0.493015955378683,-0.172227870493326,0.222226514880389,0.69296743634113,0.470951416176537,0.37330916454515,0.187243735444751,0.0358789470637966,0.0638299749212856,0.0359739945960932,0.204625926625055
-1,-0.5,-0.2,0.25,0.7,0.3,-1.05303364637176,-0.428957051221906,-0.226640401763319,0.347528559855453,0.727389089726936,0.14092314301931,0.284422998575283,0.142027404035341,0.0318155363421058,0.0646153194957614,0.0377035787333502,0.171422509967717
-1,-0.5,-0.2,0.25,0.7,0.3,-0.895533316953958,-0.561265965176736,-0.223500943662306,0.23241111600977,0.7712616196442,0.167983176572455,0.354105300272162,0.187282341574023,0.0357171592901155,0.0684067074921126,0.0364457159089757,0.177143547898495
-1,-0.5,-0.2,0.25,0.7,0.3,-1.1182848861565,-0.414595691731458,-0.277007132506803,0.2605703575395,0.716424575655347,0.391089519372161,0.324347770494861,0.155100689577828,0.0367088551712015,0.0693694409345555,0.0361668031851052,0.217198415342518
-1,-0.5,-0.2,0.25,0.7,0.3,-0.9591989944884,-0.503768544628088,-0.164347748440905,0.223671480147932,0.676044936410677,0.456677971309872,0.395935669897422,0.189296097543064,0.0383073335429367,0.064143813983019,0.0355415565809866,0.203158869212103
-1,-0.5,-0.2,0.25,0.7,0.3,-0.997561539402778,-0.493796409449974,-0.105636899452898,0.288474804214651,0.712459729294014,0.238931106712725,0.312215926682891,0.154641459517081,0.0391124712874956,0.0671875758326719,0.037715620556226,0.187425503758891
-1,-0.5,-0.2,0.25,0.7,0.3,-1.13721629863463,-0.494858099761919,-0.239829216206223,0.337707945674819,0.7290785686186,0.352415089590287,0.283457329727088,0.139445030833415,0.0301776623781693,0.0681722115915204,0.037546624297032,0.20533228844497
-1,-0.5,-0.2,0.25,0.7,0.3,-1.07796054800342,-0.45485439262244,-0.206532911845785,0.314996495108395,0.751605119061248,0.0805358987716555,0.335925321400717,0.172785840304279,0.0335253777166905,0.0691972464563277,0.0355937154656073,0.17652326002218
-1,-0.5,-0.2,0.25,0.7,0.3,-1.08348556856885,-0.438365125734755,-0.177849123048433,0.352940158730557,0.730975683453125,0.0465104948679532,0.304963867142085,0.150342705752199,0.032645245855588,0.0674430565093871,0.0390267440469151,0.163626841563882
-1,-0.5,-0.2,0.25,0.7,0.3,-0.909803814005738,-0.558271712207004,-0.163755017847771,0.221501514362467,0.720356269314804,0.497969734720835,0.337281491783624,0.171988278431647,0.0344131144510361,0.0652477019117189,0.0364386199503552,0.21569467201788
-1,-0.5,-0.2,0.25,0.7,0.3,-0.969067233533471,-0.519000246927693,-0.160971892730285,0.186463961939321,0.662703544762001,0.632320262786979,0.350945584113911,0.159733373570666,0.0377291035910926,0.0672369872734608,0.0361228808660954,0.245135326357669
-1,-0.5,-0.2,0.25,0.7,0.3,-1.0010333714433,-0.52378527236974,-0.1989037929728,0.15035694334738,0.678545130598613,0.721553939443444,0.354206945740512,0.168600090214216,0.03464014362491,0.0621713313249051,0.0363728417420589,0.231105963737657
-1,-0.5,-0.2,0.25,0.7,0.3,-0.9851965167192,-0.479449491827257,-0.14586249983788,0.324243134327,0.719741035360818,0.0743116319311034,0.325211466580634,0.161697135922693,0.0357496815185417,0.0671433487226296,0.0374239721910355,0.166873965385285
-1,-0.5,-0.2,0.25,0.7,0.3,-1.03965907557003,-0.463105867030702,-0.234681137986094,0.28380971081804,0.710503075603543,0.19023556114555,0.332969777147117,0.171482576846431,0.0351682003790355,0.0627954227738468,0.0389022813393722,0.16681627735835
-1,-0.5,-0.2,0.25,0.7,0.3,-1.10920837061109,-0.430967217713847,-0.215577087946141,0.336460440167535,0.674159094914149,0.18429792174869,0.408374721178359,0.191720260916436,0.0340865169666698,0.0704044418349398,0.036928062782315,0.18963964709952
-1,-0.5,-0.2,0.25,0.7,0.3,-0.975572981405858,-0.517107139775347,-0.208627732649691,0.158793522791588,0.700525128455634,0.566956221461161,0.349785587282521,0.167253092286552,0.0324397960984413,0.0654524116952582,0.0375357419110832,0.230361875013134
-1,-0.5,-0.2,0.25,0.7,0.3,-0.971308615369464,-0.453669103568425,-0.157745745095628,0.131733615674312,0.633973437347095,0.622375703613765,0.351456173472027,0.158397036398121,0.0394633555103435,0.0647144421967352,0.0373507314141449,0.233184716498907
-1,-0.5,-0.2,0.25,0.7,0.3,-0.908720811823948,-0.585506563095808,-0.1875159744974,0.145976365283525,0.781648581131047,0.414707252713432,0.305610506887273,0.153736332592705,0.0351850409397736,0.0673837738813834,0.0376839574039841,0.212302623799371
-1,-0.5,-0.2,0.25,0.7,0.3,-1.00384219319367,-0.451396273717647,-0.193945815239477,0.142874956466651,0.706315825399017,0.572674370434932,0.31856713289105,0.155873355592318,0.0382768382086382,0.0637833076366798,0.0379843843044118,0.221764936703829
-1,-0.5,-0.2,0.25,0.7,0.3,-1.06125299077967,-0.470518658366726,-0.210357411248947,0.276071889581106,0.732929892441304,0.462552882621869,0.305588365999743,0.152849595636167,0.0325475384766521,0.063368080636808,0.0364143773186396,0.200981989154939
-1,-0.5,-0.2,0.25,0.7,0.3,-0.843517008792616,-0.594167584336407,-0.227675473236071,0.223054775817487,0.703209808857437,0.198504168905395,0.325482995703633,0.160368609168167,0.0393660634042922,0.068020658589646,0.0383838030520425,0.184058297787621
-1,-0.5,-0.2,0.25,0.7,0.3,-1.03485976073449,-0.440490880985592,-0.290466638738944,0.28428210147944,0.691398766687828,0.248562489383821,0.371767125416732,0.182960651738202,0.0374463251765507,0.0675405830593143,0.036803091330539,0.185976022525984
-1,-0.5,-0.2,0.25,0.7,0.3,-1.12089014271673,-0.398039395022399,-0.161924993762591,0.299788019218347,0.722761781120709,0.158070021566148,0.293459539640579,0.147249337092602,0.0343348544257319,0.0669983116716709,0.0392211146287881,0.176032461772752
-1,-0.5,-0.2,0.25,0.7,0.3,-0.92033062196182,-0.592840562639872,-0.147844368672957,0.393921358970987,0.705780765564591,-0.123413030135995,0.30592263955836,0.155844417326342,0.0371007102023437,0.0693800249345543,0.0390304226362563,0.155510569995885
-1,-0.5,-0.2,0.25,0.7,0.3,-0.965167196047596,-0.511767604114282,-0.208714694430943,0.294042096375524,0.749813430178599,0.11532916587741,0.301858783831363,0.151832985495618,0.0351632509291009,0.0685870635766055,0.0364147360521577,0.176431521986789
-1,-0.5,-0.2,0.25,0.7,0.3,-0.989143121687373,-0.537820584892231,-0.209626640968948,0.311504772217889,0.753708915361778,0.289687579959171,0.294486342037393,0.152882526791277,0.033527703703965,0.0670525560559256,0.0370447863183346,0.19404529539704
-1,-0.5,-0.2,0.25,0.7,0.3,-0.891920828767311,-0.563196748562419,-0.19665765387069,0.155013902577094,0.731745917888727,0.423366949331485,0.318335734408186,0.157906620312232,0.0384015204267839,0.0626553737122038,0.0385280991456683,0.193038844772362
-1,-0.5,-0.2,0.25,0.7,0.3,-0.998456928219075,-0.504746411524428,-0.182705324587775,0.352377608062275,0.709873908015873,-0.0363649429514261,0.314944600237662,0.161862713058256,0.0351170819362355,0.0755127793640053,0.0391779215532936,0.182634047789975
-1,-0.5,-0.2,0.25,0.7,0.3,-0.965139494313148,-0.493130897206319,-0.128148031467946,0.137805708097058,0.656815690319808,0.444918460657437,0.475028143333345,0.231232190621755,0.0434985987415463,0.0670217383260506,0.0346412815237563,0.216530746646303
-1,-0.5,-0.2,0.25,0.7,0.3,-1.01894490306373,-0.45020448477153,-0.230275405541512,0.199053519392972,0.686264450093192,0.641126382230707,0.353927376521254,0.166462367443432,0.0345635138224907,0.0637155227102809,0.0361249366954809,0.233875924816533
-1,-0.5,-0.2,0.25,0.7,0.3,-1.03600924529769,-0.455794268616877,-0.205090577019367,0.249457362061595,0.6853132880487,0.22465951769048,0.345428425745542,0.167826120029571,0.0375844717347579,0.0617700738223421,0.0390974420740714,0.166034541762843
-1,-0.5,-0.2,0.25,0.7,0.3,-0.9655171483823,-0.521732356136941,-0.204046139252559,0.288340557485143,0.751854865197463,0.17885112614381,0.272601758426324,0.135128661036503,0.0356544996048086,0.0644537880163657,0.0385986135845909,0.167956907601694
-1,-0.5,-0.2,0.25,0.7,0.3,-1.03991370074389,-0.478014078717664,-0.168667678279119,0.27447536421818,0.771131005091991,0.359433334602117,0.303268662511126,0.165874835070475,0.0319042671838184,0.0632983552843327,0.0363074651644505,0.185749459381004
-1,-0.5,-0.2,0.25,0.7,0.3,-1.14860270780283,-0.33003960382809,-0.225543287573342,0.29785875844908,0.610171757426566,0.115083028466584,0.506670357887919,0.239713633838282,0.0386841703695048,0.0649653330430474,0.036837771669966,0.163237330086966
-1,-0.5,-0.2,0.25,0.7,0.3,-0.923963897864169,-0.534559914180349,-0.193664060184953,0.277778031185466,0.678754167282708,0.139030609967583,0.390067350061296,0.183276591055041,0.0367129058199506,0.0709926418968978,0.0376293378285201,0.184515246763934
-1,-0.5,-0.2,0.25,0.7,0.3,-1.02137161971527,-0.432169589506467,-0.242662874752899,0.303492582445561,0.679194681329677,0.0828300775812478,0.470411132051853,0.22963195100776,0.0375486441915567,0.0686773103246107,0.0367098545926418,0.172934216599379
-1,-0.5,-0.2,0.25,0.7,0.3,-0.924725608222716,-0.548708846454008,-0.225442400822513,0.25313533476664,0.673360826675108,0.214897780753336,0.363556766490174,0.170880926172135,0.0373694703607869,0.0659682401551311,0.0367314666787027,0.178078507494114
-1,-0.5,-0.2,0.25,0.7,0.3,-0.974807738227698,-0.426212482385179,-0.2178223169958,0.130174211341488,0.621592620803968,0.523689014385186,0.509554335352294,0.23346421664148,0.0387538786337448,0.060500581067901,0.0365138103071215,0.188401797982181
-1,-0.5,-0.2,0.25,0.7,0.3,-1.07672649719539,-0.414204452158075,-0.166525899719546,0.254602183134011,0.739834952809456,0.437100690465738,0.282518866117836,0.144946598682191,0.0352606087814574,0.0619754087556844,0.0382542723062988,0.195119705546731
-1,-0.5,-0.2,0.25,0.7,0.3,-1.15297389454127,-0.41600104655075,-0.209255515886559,0.201913702932449,0.728422013906478,0.591070810070386,0.335610773546469,0.157705377787546,0.0360995910906981,0.0675248930596643,0.0349628186098091,0.240191822647853
-1,-0.5,-0.2,0.25,0.7,0.3,-0.997949492548596,-0.469982437622091,-0.207314470858528,0.338328054914668,0.625628201713297,0.0220872358424024,0.409148705913508,0.196900527513649,0.0385456132403289,0.0730052668740138,0.0360158961706473,0.18001684207173
-1,-0.5,-0.2,0.25,0.7,0.3,-1.06488251519982,-0.481082412124997,-0.214117193517801,0.303643953414212,0.69817245630248,0.286380646911233,0.351056902322705,0.17377705364456,0.0355607346410309,0.0682601969960867,0.0354798352031107,0.196701302147124
-1,-0.5,-0.2,0.25,0.7,0.3,-0.87556164433254,-0.598486270865392,-0.203228023501402,0.215816125657298,0.71428549272392,0.479742090162146,0.325536653070841,0.156949563946036,0.0346527999466332,0.0638599437001373,0.0368431074800831,0.204353504857796
-1,-0.5,-0.2,0.25,0.7,0.3,-0.986811078278559,-0.50415535788221,-0.237261816100243,0.162757063374583,0.65013664835966,0.549758791391605,0.444779935118577,0.212782731255595,0.0425336748543037,0.0638770306680548,0.0373530045108027,0.213715967750057
-1,-0.5,-0.2,0.25,0.7,0.3,-0.904676418464001,-0.542530570827079,-0.220071587618508,0.352503042292859,0.697941412325164,-0.00153889649467419,0.323212762685396,0.159338878009612,0.0367554217395186,0.0670920458914183,0.0374535721906475,0.160911637433954
-1,-0.5,-0.2,0.25,0.7,0.3,-0.917509821315595,-0.523255001166506,-0.265599380030997,0.173043375452485,0.66616092644869,0.721889158727834,0.321829353582842,0.150359403668446,0.0351837957414542,0.0658778683191603,0.0372953919634276,0.262993702313223
-1,-0.5,-0.2,0.25,0.7,0.3,-0.843095921394004,-0.596237778814885,-0.151169429774337,0.145859630927537,0.674083301172379,0.607865734619527,0.395189486901172,0.185252908691686,0.0391801041247193,0.0657402636083547,0.0367298812647837,0.232865041521096
-1,-0.5,-0.2,0.25,0.7,0.3,-1.02672333850871,-0.468607827391461,-0.141084676756512,0.217168608602833,0.662179686733706,0.234159639669717,0.386140596704719,0.188404982263439,0.0413011610151674,0.0635082298891753,0.0370890220101019,0.174779153073314
-1,-0.5,-0.2,0.25,0.7,0.3,-0.940794800278713,-0.57160663046703,-0.178063704217786,0.218366873254425,0.700798904737693,0.577644102629502,0.360158302266446,0.176476118593744,0.0344096069424453,0.0661974248889691,0.0369748675292645,0.228213468087852
-1,-0.5,-0.2,0.25,0.7,0.3,-1.00190405873477,-0.499687955732367,-0.177216641142274,0.210392309805952,0.711792506380809,0.493997769968155,0.305675515011353,0.146628100828516,0.0371065442834362,0.0664162362290435,0.0374525197873969,0.223305225651435
-1,-0.5,-0.2,0.25,0.7,0.3,-0.89058388829406,-0.594937104428476,-0.218237986671083,0.277992748496854,0.699231588405291,0.288182237021245,0.344067481175739,0.169126227017169,0.035933785597526,0.0675890738455717,0.036833996315833,0.194367732273746
-1,-0.5,-0.2,0.25,0.7,0.3,-0.949254447792237,-0.524122778600781,-0.208197630387861,0.252849020096537,0.668254962168167,0.282867371257669,0.380290491673513,0.176091035088662,0.0396068773213678,0.0676325485501665,0.0364605038336998,0.195545590815176
-1,-0.5,-0.2,0.25,0.7,0.3,-1.17043561148648,-0.40675643840206,-0.238624761254442,0.357325089071431,0.738883592255868,0.268516854341912,0.27393870736819,0.144322657847352,0.0323288485315858,0.0635145551628095,0.0387000102371985,0.175393658975849
-1,-0.5,-0.2,0.25,0.7,0.3,-1.01558606688299,-0.513762434314327,-0.20794343431502,0.319486119386514,0.706492696481788,0.142782098022225,0.307276781090724,0.149350532299298,0.0387485039398395,0.0716396643026058,0.0383287508195707,0.190556668758613
-1,-0.5,-0.2,0.25,0.7,0.3,-1.03573742779135,-0.452528519180397,-0.166297386557354,0.27439790687845,0.677281704687255,0.221304370429653,0.371867686282001,0.178793409697078,0.0377945032141984,0.0661088954560308,0.0372515468979005,0.182564900391142
-1,-0.5,-0.2,0.25,0.7,0.3,-1.06428611087337,-0.433962485033165,-0.164696371988951,0.304059609600208,0.59102321775375,0.100215725718153,0.485557108283577,0.224448579908705,0.0398637345600875,0.071584531468088,0.0389638739032487,0.184598991205775
-1,-0.5,-0.2,0.25,0.7,0.3,-1.00689933214498,-0.511762548551753,-0.274567546387817,0.204884499551073,0.74263252303048,0.497170615144513,0.291999589532223,0.141932108065102,0.0337896322810865,0.06366892993922,0.0362822989909195,0.208410268517525
-1,-0.5,-0.2,0.25,0.7,0.3,-0.967251406032982,-0.555385755113314,-0.214428521399189,0.26028584426703,0.685278075422655,0.33044800310466,0.367423270873191,0.182716176388999,0.0366980566731576,0.0642867254819884,0.0362331490916499,0.185555232186521
-1,-0.5,-0.2,0.25,0.7,0.3,-0.987793843011396,-0.512698649090687,-0.161463692985809,0.251928280741769,0.708191005781026,0.324782556053816,0.312698716058042,0.156543426109923,0.0378337622051166,0.0674069797115361,0.0374210004040129,0.196359524736699
-1,-0.5,-0.2,0.25,0.7,0.3,-1.02382918668194,-0.542020458165949,-0.175935309276626,0.281154417769374,0.763749264125789,0.417693305218877,0.261714113085084,0.135720346794019,0.032597087724134,0.0679101426570888,0.0375480809758316,0.211417655990214
-1,-0.5,-0.2,0.25,0.7,0.3,-1.05574837834487,-0.44367253024695,-0.153950699645349,0.218406877836075,0.710569817258308,0.303012851584377,0.401491046002656,0.200782695034958,0.0348672512625927,0.0674460669956405,0.036952717359265,0.193187596373291
-1,-0.5,-0.2,0.25,0.7,0.3,-1.15905593393985,-0.37799163189101,-0.144833826281289,0.342177144631018,0.715313996417912,0.0942143167615138,0.351271931475324,0.176490137319177,0.0376877978276268,0.0704622452890876,0.0361994429166489,0.18050066237388
-1,-0.5,-0.2,0.25,0.7,0.3,-0.887498819997795,-0.517894111893145,-0.129986906157862,0.248293678717864,0.667896896424198,0.275920963531533,0.397083035228785,0.19131057613297,0.040117465932694,0.0625546254251355,0.0385621668680772,0.172704888357927
-1,-0.5,-0.2,0.25,0.7,0.3,-1.06942839580481,-0.460767485821757,-0.141420076385225,0.355661262393912,0.749157491217127,0.00472275722105933,0.303309011969193,0.15826572812985,0.0356561321907535,0.0705264532756564,0.037757614466959,0.169588812892038
-1,-0.5,-0.2,0.25,0.7,0.3,-0.912659478304253,-0.52084297805419,-0.199304189905478,0.13048501301198,0.699919014684765,0.441620252156151,0.376569190124909,0.184692924284221,0.0442417992635716,0.0625303482427013,0.0378777705814455,0.193517958390777
-1,-0.5,-0.2,0.25,0.7,0.3,-1.11099397073343,-0.465819488039695,-0.168396844988417,0.258877324010467,0.688845513852112,0.344352752074966,0.345839739232785,0.170722522185207,0.0340013267999681,0.0664700334372935,0.0357941456965213,0.196838863512866
-1,-0.5,-0.2,0.25,0.7,0.3,-1.00107788961375,-0.471482420645442,-0.209447740178239,0.147961395723608,0.700374903199629,0.625751909507617,0.362970455910029,0.172871302571243,0.0360369487415636,0.0653658978646108,0.0355056033637297,0.237078085476742
-1,-0.5,-0.2,0.25,0.7,0.3,-1.00104761965992,-0.533206684192514,-0.192623256599214,0.352898244566829,0.730545593479921,0.239492668235009,0.304050354112941,0.148266146753991,0.0329388990002602,0.0674606872298656,0.037507414212956,0.183454212669801
-1,-0.5,-0.2,0.25,0.7,0.3,-1.02453616477676,-0.506445023577952,-0.145546062204757,0.281275454364558,0.668508137286059,0.36439820220458,0.33628936517262,0.158238624991588,0.0320980055016287,0.0669012614983196,0.0378275066400988,0.202013246822543
-1,-0.5,-0.2,0.25,0.7,0.3,-1.01882905421307,-0.483137165560613,-0.241267120222574,0.310583116117136,0.734901810940342,0.314217197666266,0.318928221301092,0.15839190445625,0.03296718197384,0.0629162250456503,0.0376579406300141,0.178397759055816
-1,-0.5,-0.2,0.25,0.7,0.3,-1.12305081749695,-0.424037816437186,-0.211786630410601,0.289480114213396,0.751709679571976,0.227649365091136,0.306149154847762,0.152723121594051,0.032753257621248,0.0668178609993139,0.0372532081988436,0.184201642551704
-1,-0.5,-0.2,0.25,0.7,0.3,-0.920949051284529,-0.575069702694541,-0.153633288178041,0.285840190118968,0.709854640566432,0.167039605047408,0.344551596361504,0.170187017035985,0.033569854279352,0.0672528423317358,0.0378057035564814,0.177059984895467
-1,-0.5,-0.2,0.25,0.7,0.3,-0.958058183699919,-0.511814224351916,-0.14376101838032,0.302598281096258,0.635207055669747,0.0606912013796373,0.415539064899045,0.190217308682193,0.0390188127941419,0.0676871298717856,0.0369754321494234,0.167845905756645
-1,-0.5,-0.2,0.25,0.7,0.3,-1.11515467959945,-0.478553507084484,-0.16122869581591,0.0843893154539484,0.72020427851926,1.04645823229976,0.352677427504099,0.175264993112666,0.035256180189996,0.0576557973035228,0.035919431554036,0.270432570785885
-1,-0.5,-0.2,0.25,0.7,0.3,-0.984818828071289,-0.550206026669508,-0.13073516777943,0.347468843966912,0.722580000001412,0.12172362390988,0.285642587721187,0.140448996943533,0.0342069386882037,0.0651085000892197,0.0380009721684876,0.165740436290943
-1,-0.5,-0.2,0.25,0.7,0.3,-0.999110606816278,-0.507836343717969,-0.185785803801796,0.193250853694243,0.672990430935966,0.556429885094318,0.360655966604472,0.17005795928394,0.0345972214494666,0.0649256207026172,0.0363888027635206,0.226567245503767
-1,-0.5,-0.2,0.25,0.7,0.3,-0.916309172244338,-0.554029590815919,-0.164992741033342,0.106677179855503,0.712722581379511,0.606835962377179,0.332087627453079,0.16050605681425,0.0391877312941457,0.0636612265764118,0.0370689598885577,0.224767125005581
-1,-0.5,-0.2,0.25,0.7,0.3,-1.04684783476477,-0.48741696421612,-0.159481796813168,0.38189369823568,0.697870590159051,-0.0765133061598828,0.320375924919861,0.15128467570632,0.0305635407250235,0.0708661722266351,0.0393897539860372,0.166390482350487
-1,-0.5,-0.2,0.25,0.7,0.3,-1.07633327312548,-0.527580615027057,-0.204051229295685,0.428225502737112,0.724216823240781,-0.0678307003803204,0.340377285340434,0.169513476136458,0.0345641504045047,0.0708515226141934,0.037215991239362,0.160931875058587
-1,-0.5,-0.2,0.25,0.7,0.3,-1.04292748357172,-0.509057681602606,-0.135136732625986,0.311347432090129,0.689375174392743,0.22569204214297,0.346220933904164,0.172308972839308,0.0371173914087132,0.0783976824445816,0.0375893908702276,0.22389583524604
-1,-0.5,-0.2,0.25,0.7,0.3,-0.930025505491413,-0.482966812795292,-0.188936549262446,0.115536356838009,0.656900134767193,0.597908635960085,0.40284565182706,0.193478148690513,0.0371155135745326,0.0628229323015714,0.0368934051844696,0.219867198093256
-1,-0.5,-0.2,0.25,0.7,0.3,-0.964768048069429,-0.575532942762539,-0.224719272843055,0.231316359124502,0.6983485808873,0.461348336778619,0.418599347742449,0.205837767595982,0.0341004940407181,0.0628201477496582,0.0357994618327083,0.195267351770437
-1,-0.5,-0.2,0.25,0.7,0.3,-1.03505218392366,-0.460164076451565,-0.215549576572224,0.274835217716232,0.704878354998796,0.199457541918155,0.369049119893836,0.183291534194287,0.0362181505752131,0.0638169024355954,0.0380443315817133,0.167892153503501
-1,-0.5,-0.2,0.25,0.7,0.3,-1.04909968268232,-0.406722298077912,-0.222537980482442,0.300529662874881,0.683818124248988,0.336482586054482,0.456940550211941,0.223723283067652,0.0337520228805894,0.0656028491132294,0.0352325369753427,0.195085316363748
-1,-0.5,-0.2,0.25,0.7,0.3,-0.817668621301504,-0.640044603962965,-0.175348265088656,0.286719057588604,0.719634413673247,0.267353857987965,0.306366487302664,0.151625441478995,0.0342618471284106,0.0690716787346558,0.0375625385336628,0.19821767682757
-1,-0.5,-0.2,0.25,0.7,0.3,-1.0819491654764,-0.471754237203212,-0.140268703710466,0.292772604308109,0.756551658102147,0.221347778253544,0.287779117643632,0.142134351562707,0.0317500547230054,0.0637358515324365,0.0387907588743506,0.171173877087887
-1,-0.5,-0.2,0.25,0.7,0.3,-0.916634696044813,-0.54884369525008,-0.187537631348484,0.184476957912976,0.676620747794573,0.428333795909351,0.391438511254767,0.18951716524974,0.036590857632491,0.0639500194670257,0.0370917123478138,0.197761558438816
-1,-0.5,-0.2,0.25,0.7,0.3,-1.12367737866252,-0.417022820394526,-0.184170580253006,0.332063854612157,0.675678534584919,0.107789721342915,0.343634656473443,0.165250738052328,0.0368213625713838,0.0695003974957008,0.0363325511750255,0.175379495827663
-1,-0.5,-0.2,0.25,0.7,0.3,-1.01798006729945,-0.522633781881885,-0.195529380122,0.180298190398972,0.7011366382108,0.562497707483025,0.343220896992924,0.168518779811691,0.035833780635223,0.0641729500426341,0.0366493031713032,0.221787270945325
-1,-0.5,-0.2,0.25,0.7,0.3,-0.948195758187088,-0.509182685848347,-0.258608545694764,0.204225621202052,0.673139473372594,0.358942550918565,0.382907350336757,0.186718340604803,0.0427809056405371,0.0675837003667328,0.0370901430668396,0.206188326483377
-1,-0.5,-0.2,0.25,0.7,0.3,-0.965827458993229,-0.444967738152336,-0.240353476222375,0.196124160469103,0.643514484665795,0.361138608985799,0.394054603304991,0.179538227338735,0.0387084322009635,0.0668566779174132,0.0378797019482618,0.202063546520117
-1,-0.5,-0.2,0.25,0.7,0.3,-1.08012239207595,-0.490418376019311,-0.28984392845653,0.222997055816337,0.76075072285367,0.568903232218724,0.289634650162127,0.144636369999272,0.035229507823048,0.0629038014008998,0.0361902631406168,0.214803451305404
-1,-0.5,-0.2,0.25,0.7,0.3,-0.997736904699161,-0.507285383913271,-0.204304372106164,0.231372934253647,0.625663591662509,0.332448418448539,0.370524312150564,0.172756677428832,0.0390919640748717,0.0658015645194368,0.0374945446959958,0.193160647646445
-1,-0.5,-0.2,0.25,0.7,0.3,-1.11222230681169,-0.468238881227595,-0.21340554994879,0.219866292237395,0.764039466313744,0.651286962180905,0.328477769654971,0.168054897405909,0.0321921231634765,0.0639002166258325,0.0344017743498565,0.234707494004824
-1,-0.5,-0.2,0.25,0.7,0.3,-1.02675875914889,-0.523768520514721,-0.219454822440215,0.312782106153561,0.724673795525732,0.265410998620842,0.327953573762497,0.161477099237991,0.0335211187933686,0.066829451517618,0.0372090634037147,0.185677981496941
-1,-0.5,-0.2,0.25,0.7,0.3,-1.14544422541217,-0.404501555851487,-0.184132290087041,0.327582944619074,0.725151410465211,0.0890016291383881,0.327104260191814,0.163980532710087,0.0343705139229688,0.0629864276468679,0.038420888901049,0.153803463831958
-1,-0.5,-0.2,0.25,0.7,0.3,-1.01763085286087,-0.447688647026826,-0.21432586452445,0.236265561578655,0.702354312713746,0.34713421969627,0.344698890042766,0.171466821052731,0.0380845179353076,0.0683322100930081,0.0354585700228488,0.205404349195574
-1,-0.5,-0.2,0.25,0.7,0.3,-0.991499124512434,-0.502126743370333,-0.210907712966398,0.166687799326893,0.766800794445025,0.578457570145396,0.345008363182783,0.170547969772276,0.0327926432343745,0.0644751296599059,0.0364690703573879,0.217775273159476
-1,-0.5,-0.2,0.25,0.7,0.3,-0.996585174586048,-0.511621959234177,-0.149648045374431,0.246764522401426,0.646159005390883,0.395812377670648,0.349717694343679,0.16190868335607,0.0385258044365139,0.0636226559383666,0.0379364036110807,0.193728110059871
-1,-0.5,-0.2,0.25,0.7,0.3,-1.01339781822923,-0.500797705407394,-0.238565463146562,0.257584713922501,0.716714322332621,0.154834904218772,0.371294097444607,0.18413709699857,0.0380955414100444,0.0669471521307538,0.0365652697356153,0.175602367420793
-1,-0.5,-0.2,0.25,0.7,0.3,-1.078940973264,-0.397859191138965,-0.205062236975579,0.123559553205393,0.681206995106793,0.653877709948501,0.33508891393347,0.168738953612077,0.0398323834495813,0.0633974346563619,0.0366620889429197,0.234723181152551
-1,-0.5,-0.2,0.25,0.7,0.3,-1.00708106036402,-0.515673981950027,-0.149631930373914,0.266257705388763,0.653424480755067,0.386962966987125,0.353505677665171,0.168400231797708,0.035108616362499,0.0629456537214399,0.0364539011634714,0.190076297606572
-1,-0.5,-0.2,0.25,0.7,0.3,-1.05869912571501,-0.427961601638462,-0.159573759073138,0.240778061474224,0.667238192704408,0.527908018703351,0.340657835156867,0.159074158839189,0.0341300776470978,0.0675439430660752,0.0361571004398787,0.232233274644365
-1,-0.5,-0.2,0.25,0.7,0.3,-0.956305505618543,-0.569861254307858,-0.166818683618191,0.144286446165325,0.715974965578559,0.504974128116251,0.343974145543544,0.174327023824204,0.0362565982323612,0.0650127509012928,0.037429438202735,0.212603968104093
-1,-0.5,-0.2,0.25,0.7,0.3,-1.05883305507509,-0.486427663758167,-0.19773356688621,0.336395066918723,0.717867162263976,0.205352029402967,0.342127028280974,0.169681958616689,0.0331272364927018,0.066027701929557,0.0361630950065167,0.177634942105825
-1,-0.5,-0.2,0.25,0.7,0.3,-0.946614351656737,-0.515450924256995,-0.217480137505089,0.276151293901906,0.670020541719737,0.210823862015773,0.341415528993154,0.159514001616011,0.0376483297480804,0.0710481118458874,0.0381886004581861,0.196400734616873
-1,-0.5,-0.2,0.25,0.7,0.3,-0.973243656045069,-0.512794760939631,-0.165262902274103,0.255647389075164,0.747951140618489,0.26695547809461,0.309245412271897,0.163864468869688,0.0348936711370699,0.0648280230051358,0.0370102456130573,0.17992170249265
-1,-0.5,-0.2,0.25,0.7,0.3,-0.849398766667421,-0.589467704021425,-0.241348534922784,0.201226949642898,0.654924509031911,0.394106239356851,0.444190461007411,0.206875948824937,0.0378789213163433,0.0663221315744089,0.036563869309525,0.202544802561655
-1,-0.5,-0.2,0.25,0.7,0.3,-1.03805607448208,-0.498385887191178,-0.208522759497633,0.198762112386569,0.710188234640305,0.498678298041438,0.334250198847864,0.164864923829539,0.0355351504812441,0.0619785254607011,0.037833833815997,0.196962701521944
-1,-0.5,-0.2,0.25,0.7,0.3,-0.988377227958587,-0.547495861191743,-0.201931081786879,0.295101123261134,0.713076961442311,0.325049941109606,0.330986495990476,0.165471610365587,0.0360589567063746,0.0634166936028905,0.0360072187800677,0.18363170342791
-1,-0.5,-0.2,0.25,0.7,0.3,-0.925694586897815,-0.578401213848027,-0.150661769213177,0.189961796095967,0.736079080506022,0.467470791345491,0.310590619333828,0.153354144422174,0.0349754249504469,0.0669413358482656,0.03816308606998,0.217293836112551
-1,-0.5,-0.2,0.25,0.7,0.3,-1.02235115596013,-0.479355826909286,-0.204147357696201,0.277893489048687,0.708658437849613,0.283446904414601,0.325712438743848,0.161659573004652,0.0354001867949608,0.0648726374260924,0.0372627999235873,0.183240003065431
-1,-0.5,-0.2,0.25,0.7,0.3,-1.0337513861232,-0.486023465353539,-0.156659060044281,0.239238142400704,0.679998768775745,0.386767279405461,0.378529350258728,0.182550121701332,0.0366433972261018,0.0703840491470509,0.0355397594001677,0.220687211984937
-1,-0.5,-0.2,0.25,0.7,0.3,-0.879060941465851,-0.574564645756218,-0.22364497797328,0.215458505313259,0.709740233451746,0.475885374407992,0.312350563445286,0.156017596113147,0.0364131786667087,0.067938702299167,0.0382842586094795,0.224298331406869
-1,-0.5,-0.2,0.25,0.7,0.3,-1.05871523759697,-0.467612255042032,-0.173461547776135,0.305072850662997,0.698678152286278,0.19539428301271,0.32183321703344,0.157733281615958,0.0351218885980546,0.0670631011419013,0.0374290534951291,0.18298760080629
-1,-0.5,-0.2,0.25,0.7,0.3,-1.05273542588995,-0.456263785793429,-0.160661343469035,0.375035277961586,0.757356566777548,-0.0889708005785911,0.307622505080947,0.1584899337411,0.0339779128711734,0.0712299201691672,0.0383879790764675,0.166050174475517
-1,-0.5,-0.2,0.25,0.7,0.3,-0.979284633952817,-0.492012152797769,-0.172934925199257,0.290542824817373,0.806074579714711,0.230077649493807,0.278677398278572,0.145127937807167,0.0346509289152621,0.065842718540634,0.0372532741465724,0.182904210005556
-1,-0.5,-0.2,0.25,0.7,0.3,-1.08409640586796,-0.472370369586085,-0.225710026017706,0.320408307706719,0.747212351825849,0.14214700670867,0.314202711161885,0.154663222663989,0.034100322097354,0.0618422469580781,0.0379180425572549,0.155632288909695
-1,-0.5,-0.2,0.25,0.7,0.3,-1.09697537879246,-0.442431547496759,-0.288543174447784,0.327081261970337,0.757338374313804,0.162185554474921,0.284810310426342,0.142727303447675,0.029591034450462,0.0661999391022759,0.0364589559736172,0.176208423268382
-1,-0.5,-0.2,0.25,0.7,0.3,-1.01799112937084,-0.498058628751468,-0.230031840132698,0.180333417422068,0.665602157744995,0.578186356794231,0.371293532803667,0.180459808014809,0.0382189863121348,0.061787878812811,0.0360561289117648,0.211532527159386
