"V1","V2","V3","V4","V5","V6","V7","V8","V9","V10","V11","V12","V13","V14","V15","V16","V17","V18"
1,0.5,0.2,0.5,0.4,-0.2,0.948069034246973,0.543845154681201,0.191466717434853,0.566434031634618,0.381660939231259,-0.0875498231345675,0.0396851769146793,0.0334036382971886,0.024895088197851,0.0531492609370713,0.0406534313312274,0.304618441105197
1,0.5,0.2,0.5,0.4,-0.2,1.01840270524846,0.493481375257307,0.196270921257403,0.441088087696051,0.414268399729704,-0.498906307520537,0.0446287241857858,0.038833065184193,0.0273681489640161,0.0549438489802019,0.0429797270636711,0.533159225114831
1,0.5,0.2,0.5,0.4,-0.2,1.01012528374898,0.511057948099721,0.208506016865909,0.483370016910865,0.384015391988183,-0.110747265529042,0.043286116830316,0.0359360660307008,0.0230247077420557,0.0535602103978729,0.0402486385889768,0.339800684098033
1,0.5,0.2,0.5,0.4,-0.2,0.96686566534828,0.549373204359921,0.201743961673115,0.503023582838358,0.375204932638951,-0.276385301975631,0.041506299059024,0.034301034979685,0.0253732711540431,0.0499477998557922,0.0420654574372159,0.333570564550977
1,0.5,0.2,0.5,0.4,-0.2,1.06688008075906,0.447528775736922,0.187637835443432,0.451563820392488,0.423942048592189,-1.00963597919824,0.0407363629229802,0.0361589362053316,0.0220591203866782,0.0461250344132506,0.0401970137729291,0.548568151090605
1,0.5,0.2,0.5,0.4,-0.2,0.974803194106389,0.537604737154537,0.152418709241524,0.429003068236184,0.394452885672499,-0.412049981619541,0.0453552047357181,0.0382421778074779,0.0269615256266515,0.0574775036043666,0.0421984928785337,0.485121248381642
1,0.5,0.2,0.5,0.4,-0.2,0.901190313289498,0.542547633561524,0.249765510592517,0.597713937036635,0.450309948934662,-0.222635113014816,0.0387559212789016,0.0334773589709116,0.0217987970393021,0.051876155080742,0.0404218459351998,0.312191165635822
1,0.5,0.2,0.5,0.4,-0.2,0.994398252950627,0.522985942160141,0.210246810056549,0.470127458311991,0.390164071258044,-0.333194552587457,0.0430002396030927,0.0378442693992744,0.0250877490181971,0.0539050719400028,0.0458939076069466,0.420560977804873
1,0.5,0.2,0.5,0.4,-0.2,1.05096238605993,0.448977042386318,0.208070179469941,0.531073747756934,0.399282119422333,-0.00698592493582694,0.0410538251149879,0.0380394236654278,0.0246363240564032,0.0528134908221537,0.0416774633055983,0.306375648975292
1,0.5,0.2,0.5,0.4,-0.2,1.03107146778948,0.449410636042014,0.176791589339598,0.546637241026175,0.364555448087727,0.319646692014069,0.0442257625079467,0.0381009905234712,0.0240680116053052,0.0575516187046342,0.0392506169155298,0.265367960783991
1,0.5,0.2,0.5,0.4,-0.2,0.946248934390567,0.528427269695645,0.19294895049122,0.541684083202914,0.354984905747716,-0.126727896684598,0.040761206348291,0.0348024339117657,0.0247841239387107,0.0575925474989928,0.0465804006096344,0.363652658588707
1,0.5,0.2,0.5,0.4,-0.2,0.995372320243788,0.491151757790054,0.207586676597867,0.572750159284797,0.388532287164759,0.0682091359698321,0.0403200179543263,0.0343058337053543,0.0226127550937479,0.0519907889861087,0.0409057744137143,0.267214676354739
1,0.5,0.2,0.5,0.4,-0.2,1.02465998352248,0.497739697222428,0.214363209985173,0.387055686213832,0.458144440370167,-1.60608171166038,0.0431528338347523,0.0362422056351985,0.0269888850930736,0.0463951568640133,0.0465007618798367,0.901169704365262
1,0.5,0.2,0.5,0.4,-0.2,0.995002315393225,0.494821852599273,0.17747723387235,0.460901572525561,0.432747912300781,-0.585328369916752,0.0418758231363541,0.0359441392126661,0.0241176631534222,0.0471526180746895,0.0410615692041191,0.394612946610816
1,0.5,0.2,0.5,0.4,-0.2,1.02920667235996,0.497736561438261,0.210253746705204,0.464427258769678,0.468676507690943,-0.856800091554477,0.0407960579620559,0.0332975792597174,0.0245013224452249,0.048640298296262,0.046639535138196,0.593591911063048
1,0.5,0.2,0.5,0.4,-0.2,1.00970528489091,0.463440889760733,0.20532722120586,0.438809144249101,0.460174082450939,-0.68015930335122,0.0438653589034863,0.0381014977253343,0.0246669804970699,0.0508273097847032,0.0428305820537472,0.532550533065142
1,0.5,0.2,0.5,0.4,-0.2,1.10040428371585,0.426573579702317,0.204111329053111,0.483129845395761,0.404566615310021,0.0569318321639646,0.0454497932152271,0.039958961653602,0.0263583689509902,0.0593820082832913,0.0377378842207904,0.38773227793776
1,0.5,0.2,0.5,0.4,-0.2,1.03430608747116,0.464878179557028,0.202106762758697,0.44413058352385,0.474646987500302,-0.590089613605097,0.0440557708572641,0.0393769250778877,0.0231187320397927,0.0479090424673154,0.0424788571500029,0.419702206586781
1,0.5,0.2,0.5,0.4,-0.2,1.04746597233904,0.496010739433977,0.144434004910606,0.403385287070067,0.41609416970985,-0.424871701066543,0.0455861487026417,0.0388866376612349,0.0265110698061498,0.0518631797362994,0.0428000579503461,0.424122869904143
1,0.5,0.2,0.5,0.4,-0.2,0.912500936517185,0.558547897279716,0.223912742294487,0.613461175737482,0.368512560029989,0.12481237563628,0.0397721149114578,0.0359311872121898,0.0241465737278791,0.0567439829742853,0.0447634592044243,0.244553284125274
1,0.5,0.2,0.5,0.4,-0.2,0.975692911739375,0.505281177968544,0.210379540588294,0.474066940609456,0.401997489129862,-0.270706800418156,0.0427398784636728,0.0364745505902106,0.0270940550423709,0.0511963811648473,0.0414557356685572,0.343773367641544
1,0.5,0.2,0.5,0.4,-0.2,1.00408951423966,0.491931274453362,0.158077904623583,0.499808628979856,0.423940222303197,-0.882501937006654,0.03966980653801,0.0350530548344522,0.0250942201355948,0.0491874822763783,0.0427794856165286,0.577352284835623
1,0.5,0.2,0.5,0.4,-0.2,1.075718842745,0.443585930408502,0.203087225720052,0.509656263100061,0.396593631126893,-0.221445847798851,0.0427089660682933,0.0378079197944316,0.0276071369356204,0.0586195668151254,0.0409112020850752,0.470381578705589
1,0.5,0.2,0.5,0.4,-0.2,0.935397140008502,0.571628434227724,0.204284316321926,0.431764139163372,0.434812364416205,-1.69725302676626,0.0418324699961821,0.0356213362614689,0.0248022940359282,0.0545678853957592,0.055816123645998,1.22696105247776
1,0.5,0.2,0.5,0.4,-0.2,1.06917218889003,0.42330454971705,0.175233978930067,0.635605437722518,0.364218084455208,0.38295210765673,0.0395144291142527,0.0336358663114718,0.0234987156849922,0.0567453326395599,0.0402676226300709,0.247735447893569
1,0.5,0.2,0.5,0.4,-0.2,0.940290833260192,0.559479360077645,0.219191954826903,0.549185644071105,0.398339433556117,-0.261001473422019,0.0402717288184522,0.0351867915976748,0.0232609901913205,0.0524762090095465,0.0440702792557094,0.363331951723139
1,0.5,0.2,0.5,0.4,-0.2,1.04027494609793,0.453974142053741,0.194074355174101,0.466659909001459,0.472426415442403,-0.187384994759359,0.0436353034121518,0.0373342791881854,0.0260777844764959,0.0501679710247232,0.0397618216949234,0.342460645260645
1,0.5,0.2,0.5,0.4,-0.2,1.04401523448402,0.433769047728769,0.150666939354084,0.663015995299957,0.359005772566861,0.439307946935367,0.0394973526943447,0.0338346370482177,0.0254482745608,0.0624580767674819,0.0424397811834814,0.251846602979043
1,0.5,0.2,0.5,0.4,-0.2,0.994672322361996,0.544419786448711,0.244295674497888,0.54385635428743,0.325636071938315,0.0282443897553462,0.0408881950534027,0.0358637459257248,0.026575360471591,0.0547725582715819,0.0406259181686397,0.289155420504506
1,0.5,0.2,0.5,0.4,-0.2,0.943648577409118,0.53603613354201,0.189382636288652,0.474683775635418,0.426629184005902,-0.905070842241619,0.040675867803056,0.0361038925017352,0.0258583006139231,0.0482797224932604,0.0429443859822313,0.535228062698661
1,0.5,0.2,0.5,0.4,-0.2,0.973770522594424,0.568473589161199,0.183876229089422,0.534672788419507,0.318871880757863,0.198769023865951,0.0423867262087752,0.0363747795462353,0.0273189064154535,0.054875970682283,0.041353662799587,0.24600091749137
1,0.5,0.2,0.5,0.4,-0.2,1.03594680598433,0.49127706862274,0.218531826773603,0.456345029203409,0.352840558254517,-0.218371808657521,0.0434600170328162,0.0401532220855349,0.0275864026744425,0.0547442162423492,0.0400591936979381,0.391626087144042
1,0.5,0.2,0.5,0.4,-0.2,1.05989385633768,0.464983511505399,0.183191844915703,0.452942961101919,0.46780040349772,-0.12700324431442,0.0463381405397573,0.0395469045690555,0.0248101435260504,0.0544475989687696,0.0393404397913238,0.390778074866013
1,0.5,0.2,0.5,0.4,-0.2,1.04144404729564,0.467294989404632,0.197025105055171,0.525217217507181,0.397307238935335,0.264068458753411,0.0439833953681543,0.0377541082125454,0.0243866195503139,0.0553345296154277,0.0394667393139726,0.260877649130806
1,0.5,0.2,0.5,0.4,-0.2,0.981799583815704,0.515253229149793,0.229365380987348,0.558876806968141,0.432955715985195,-0.214427501291874,0.0405951821056902,0.0346905921854753,0.0218391826229923,0.055390119817538,0.0435248260722942,0.392602857920046
1,0.5,0.2,0.5,0.4,-0.2,1.02063242116838,0.494356867845107,0.235119723396957,0.519893997014161,0.389137917157138,-0.0261771049545551,0.0412430201345367,0.0362813542421622,0.0246136767883524,0.0496955389342034,0.0397652056596057,0.268118746666533
1,0.5,0.2,0.5,0.4,-0.2,1.03447282732879,0.462174908371766,0.197374520400824,0.529169411575477,0.411592250534524,0.0627784785768405,0.0427348508388124,0.0358009387600367,0.02276064888229,0.05769816531559,0.0431631482679625,0.341145472430356
1,0.5,0.2,0.5,0.4,-0.2,1.0753693140657,0.452854518875809,0.180088435016183,0.42051733659715,0.414523358568698,-0.555341125671509,0.0432507483810085,0.0377225798732289,0.0253050801827721,0.0493392228616318,0.0404162334117727,0.462702573332888
1,0.5,0.2,0.5,0.4,-0.2,0.929082891490268,0.521318790691134,0.1766893576627,0.491301798415872,0.414068047345046,-0.461502294281999,0.0423793009744401,0.0378601617995141,0.0241445812214023,0.051931238918497,0.0451738324946039,0.411381696420601
1,0.5,0.2,0.5,0.4,-0.2,1.02268265290316,0.503134426309663,0.184879571315955,0.494400161521187,0.383555098058832,-0.1227939052724,0.0430539672677026,0.0379624614642245,0.0271561878009527,0.0537045444108175,0.040464586795647,0.345342768289666
1,0.5,0.2,0.5,0.4,-0.2,0.891733823400753,0.602162119102092,0.227501156666467,0.497618370314209,0.375728226555828,-0.928469286097073,0.0410350660540091,0.0365173775391869,0.0262894785681889,0.0566362010752578,0.0467531145642572,0.718950104245872
1,0.5,0.2,0.5,0.4,-0.2,0.954029849362676,0.53276628434775,0.233077487581419,0.546482999672359,0.367054037034107,0.0616154423612076,0.0422059154116163,0.0379043176724861,0.0247557107140258,0.0547160211483479,0.0394806765196753,0.280551339289064
1,0.5,0.2,0.5,0.4,-0.2,1.07909512589,0.497055144578304,0.193842693159088,0.404153463892415,0.476981116190569,-1.22496095891597,0.0436383428239745,0.0368368921103627,0.0219278588710711,0.049406843284584,0.0474928071618146,0.859251926283846
1,0.5,0.2,0.5,0.4,-0.2,0.971984218367613,0.483738574697159,0.190785149636858,0.597232455170647,0.420043601105099,0.0436935571188231,0.0396508783526155,0.0337877549312694,0.0220586025164706,0.0507598096310965,0.0406648583451504,0.269511248026632
1,0.5,0.2,0.5,0.4,-0.2,1.01672632807584,0.494566996479185,0.242716288453987,0.565004240621363,0.401611492945693,-0.142299685578259,0.0403368911892729,0.0343117799057112,0.0231127439942794,0.0605939224890476,0.0462371431605194,0.438578386570224
1,0.5,0.2,0.5,0.4,-0.2,1.01834100128086,0.46685534174393,0.192337318371651,0.478589848890282,0.497755184136163,-0.773318627390417,0.0419908014913497,0.0365411091563122,0.0214968362136497,0.0517217819742436,0.0443978133138091,0.621960727190656
1,0.5,0.2,0.5,0.4,-0.2,0.941709678589871,0.53689063265858,0.166257961145915,0.557460060820819,0.388230007242044,0.126457964682171,0.0417055344268139,0.0355631691993762,0.0239513565728812,0.0518543944838653,0.0422855420705869,0.238471176864891
1,0.5,0.2,0.5,0.4,-0.2,0.96342631442776,0.536096684280881,0.200547755396497,0.474697690652472,0.521720052260358,-1.51586310409443,0.0422404847102287,0.0343214361961581,0.0214559419157747,0.060931652565672,0.0617871346055699,1.37246334330581
1,0.5,0.2,0.5,0.4,-0.2,0.93610486070763,0.541471904571072,0.178668283681334,0.478402094128257,0.395766579051545,-0.616894995262408,0.0411026882764261,0.0365602060453585,0.0251299078035517,0.0482807318120319,0.0429069358073393,0.396803133200568
1,0.5,0.2,0.5,0.4,-0.2,0.94496308125699,0.538929224249722,0.219094954542893,0.524401229586257,0.369038990667606,-0.541070709595771,0.0393240381370106,0.0347061416777257,0.0253782109085631,0.0511855497258198,0.0422593936317037,0.434984557311008
1,0.5,0.2,0.5,0.4,-0.2,1.01914646508774,0.497643730165018,0.185836633002244,0.515162276311789,0.410348601727823,-0.300122217625387,0.0400346560857737,0.0342059815806824,0.0234075269788068,0.0493168800325011,0.0425813261300597,0.343732884221764
1,0.5,0.2,0.5,0.4,-0.2,1.01679901761476,0.521427205054504,0.184305045280424,0.493553042218433,0.356045808052066,0.0968797346661966,0.044961391081453,0.0393734557076137,0.026239830403772,0.0560728450031662,0.0421680655237133,0.310836355231611
1,0.5,0.2,0.5,0.4,-0.2,1.03293696211849,0.515956215871917,0.182471976325941,0.496975954857418,0.38661505211223,0.0233688181095184,0.0448985012542768,0.0401106045937143,0.0238004072321505,0.0579926099295941,0.0397108693501118,0.358897032385549
1,0.5,0.2,0.5,0.4,-0.2,0.943862773588198,0.539362751609715,0.219401327223492,0.457032506026919,0.423975464576653,-0.62860785461876,0.0439930203218452,0.037503980910464,0.02558473116822,0.0562983975968558,0.0410413621668304,0.548827595458157
1,0.5,0.2,0.5,0.4,-0.2,1.05560217170701,0.510903338980693,0.224690712705726,0.561334084753243,0.372436821663554,0.293782567502211,0.0422853467758366,0.0363776026648899,0.0252241604335321,0.052671339439268,0.0385468652134329,0.242495806021756
1,0.5,0.2,0.5,0.4,-0.2,0.961524251679575,0.447983377467401,0.218146791216556,0.51254384089861,0.511253084469067,-0.682130677990699,0.0403581591231727,0.0345181609629177,0.0221813900855169,0.0468611427666414,0.0409998258354115,0.455899173419809
1,0.5,0.2,0.5,0.4,-0.2,0.944148061667755,0.554604383757946,0.184135752959215,0.444925451783083,0.409070378709441,-0.576923363100802,0.0436726616961331,0.040054373032492,0.0265677431424403,0.0506033268150523,0.0442387296378052,0.435477122561974
1,0.5,0.2,0.5,0.4,-0.2,1.08428918002176,0.430381898222378,0.222941221765931,0.509894964211335,0.476379081411268,0.114257873023051,0.0447301495589391,0.0374964366505045,0.0255345903063848,0.0544147359413354,0.0420763913561295,0.326758656906481
1,0.5,0.2,0.5,0.4,-0.2,1.03291847900785,0.466450115857574,0.198678105786993,0.529220696016952,0.430282051955391,-0.103204836392662,0.0410798001534756,0.0352436244291732,0.0258816439892461,0.0506923873330364,0.0393579648044987,0.313452207625302
1,0.5,0.2,0.5,0.4,-0.2,0.957296191238903,0.531163585274742,0.237223264029221,0.536821318777618,0.37886954359853,-0.218050768778919,0.0417250565922222,0.0374669850295635,0.0233857939042839,0.0582976636238675,0.0453478756450219,0.414474752323301
1,0.5,0.2,0.5,0.4,-0.2,1.02904611813209,0.514155850239582,0.217859422145092,0.501001415788985,0.336847887611484,-0.122973439374355,0.0425917382711072,0.0385157517230385,0.026392893546458,0.0561311521139802,0.0400202704249676,0.375672145888284
1,0.5,0.2,0.5,0.4,-0.2,0.967919508319768,0.507671071262009,0.199642915240404,0.583498884318421,0.383493163039463,0.355078459313172,0.0429379546212154,0.0370506942443265,0.0226811473436953,0.0588202820050558,0.0396782382066298,0.245142215869246
1,0.5,0.2,0.5,0.4,-0.2,0.978107612875878,0.516719225078772,0.214130635971094,0.449487493545041,0.441810877953548,-0.462059597840596,0.0447582718109704,0.0384631479795059,0.0240281245052229,0.0529661584971016,0.0429413774277147,0.442745369782526
1,0.5,0.2,0.5,0.4,-0.2,1.06588120886559,0.481995812701394,0.187849751184989,0.456469443353718,0.398989406246695,-0.403519705940492,0.0437850686744492,0.0394444187324286,0.0252919637922173,0.0553235320843158,0.0416666116393082,0.503990500383979
1,0.5,0.2,0.5,0.4,-0.2,1.04905317057825,0.475028177504753,0.176057299220849,0.554268701992748,0.421457142463247,0.273319104886946,0.0434285425331156,0.0386699612830121,0.0238090546716344,0.0591047477428516,0.0400275813671738,0.291273252512265
1,0.5,0.2,0.5,0.4,-0.2,1.00380390320682,0.505305847336832,0.216961565812426,0.414406100176122,0.381815182362943,-1.79915635534181,0.0409710508360583,0.0352991647107933,0.0251981560308802,0.0546663243170089,0.0548321756548914,1.60908082836057
1,0.5,0.2,0.5,0.4,-0.2,1.02253695966302,0.47495781838299,0.225137561599861,0.594993712871489,0.403231789637296,0.226141036542089,0.0419442698956663,0.0369801920377375,0.0233344786359641,0.0590257680780841,0.0431952884145475,0.293503824176988
1,0.5,0.2,0.5,0.4,-0.2,0.982989311445292,0.535160188078775,0.174053042940197,0.567334921961506,0.326189293389964,0.253709625846203,0.0420026772217947,0.036003287757954,0.0248957201075672,0.0573962383664459,0.0420423282809458,0.247368833590302
1,0.5,0.2,0.5,0.4,-0.2,0.955886032172681,0.55564033987431,0.188285032232936,0.41432904325679,0.444569598922691,-1.27159362207737,0.0424408882530102,0.0373558564293148,0.0241598619127973,0.0447599572248611,0.0414592158962456,0.55916206550713
1,0.5,0.2,0.5,0.4,-0.2,0.979228097575827,0.533316867842434,0.211605416282517,0.516957780144113,0.399672590251275,-0.184776309207747,0.0417004293330868,0.0366998395086446,0.0249716380988825,0.0522452494278889,0.0430672349861524,0.321737802187908
1,0.5,0.2,0.5,0.4,-0.2,0.979258191552641,0.509984282823538,0.252687883837105,0.507214438881692,0.415435469781738,-0.108045887113098,0.0433036426037429,0.0359944737228077,0.0252393296973829,0.0549363322970442,0.0429641392956809,0.353540253327185
1,0.5,0.2,0.5,0.4,-0.2,0.944879777945559,0.53396765197906,0.184533309331113,0.590075000559078,0.37442454547348,-0.0926661015897197,0.0380380377452293,0.0328124891085491,0.0246231963424585,0.0505471236016026,0.0411518915840106,0.278378468334266
1,0.5,0.2,0.5,0.4,-0.2,1.02739786329603,0.480568003850588,0.192598856786521,0.553000130411367,0.340440062044751,0.0819441478027127,0.0419053143435159,0.0372926143938756,0.0245356405246819,0.0601536500146948,0.0396730747567519,0.343998171826007
1,0.5,0.2,0.5,0.4,-0.2,1.03415678388212,0.468959784585543,0.18699140276745,0.459954204200044,0.451345799257604,-0.431149652672562,0.0435329703925741,0.0376155683692315,0.0245778196851617,0.0515696407843681,0.0411910192451065,0.436551310563136
1,0.5,0.2,0.5,0.4,-0.2,1.02645040402103,0.503248627021832,0.22457043785168,0.473476141512513,0.420986496764247,-0.472708569700485,0.0414139421034819,0.0335946855994065,0.0269249516251653,0.0505549181312819,0.0422093334761306,0.424959600327632
1,0.5,0.2,0.5,0.4,-0.2,0.973518309307037,0.533466293495492,0.224379405927962,0.454316337560896,0.386502549038198,-0.485468236758999,0.0422126536627406,0.0365506234453413,0.025388464062224,0.0474255030455365,0.0408167629771362,0.365569807079892
1,0.5,0.2,0.5,0.4,-0.2,1.02412511923231,0.504513118026746,0.194608780732265,0.490457962562062,0.410522063849044,-0.595817368978098,0.0406006817819688,0.0329152468630197,0.025256018344131,0.0492120392682885,0.0424584636036107,0.478676987076414
1,0.5,0.2,0.5,0.4,-0.2,1.06108002997887,0.463629129147224,0.200941350508227,0.507905305969942,0.367760964656437,-0.144501956813583,0.0411571278426046,0.0376119671315998,0.0253808303337471,0.0513080575231157,0.0436109311088589,0.343657367173193
1,0.5,0.2,0.5,0.4,-0.2,1.06865901989962,0.502772959320279,0.182203975264979,0.541846419404948,0.335751206136987,0.307717195420864,0.0431332020954838,0.0377713715238943,0.027171487632894,0.0569006015854464,0.0387958951598464,0.262911959726619
1,0.5,0.2,0.5,0.4,-0.2,0.936356399849228,0.53888803129665,0.21172535984453,0.550436563084418,0.335511345718692,-0.0884326424024471,0.0398670975339451,0.0355457561374142,0.0251424487058382,0.0510680695789944,0.0409739848078887,0.27206674637864
1,0.5,0.2,0.5,0.4,-0.2,1.05033876146207,0.418405685583802,0.212166914433879,0.494556038696644,0.459706772030075,-0.0877887655325839,0.0437820925600438,0.0388864502735923,0.0234361473854853,0.0503493368310884,0.0402966137794484,0.326722363077283
1,0.5,0.2,0.5,0.4,-0.2,0.981050117086257,0.501753770911338,0.203128263606403,0.519073417666814,0.445986179351756,-0.313293294525848,0.0403243453207237,0.0348111219741909,0.0239215645713587,0.0490255488954804,0.0414763775743116,0.329647578818361
1,0.5,0.2,0.5,0.4,-0.2,0.970580944708792,0.49839434117407,0.166175141829806,0.526659236507112,0.485905653672958,-0.136963556808326,0.0433954912277246,0.0374347038588888,0.0224348883026281,0.0516952145429546,0.0419099297715425,0.330721987914638
1,0.5,0.2,0.5,0.4,-0.2,0.979683804743707,0.500843435240444,0.223028243678807,0.533358693229706,0.374279581679246,0.141719515410644,0.0423605652449416,0.0353608498649799,0.0246150211999131,0.0556114160974353,0.0412112377496768,0.272909234429889
1,0.5,0.2,0.5,0.4,-0.2,0.955384515370461,0.508644190085076,0.22348923176628,0.496164597391435,0.414838331686562,-0.532829693872856,0.0411274765419847,0.0344943764701821,0.0258239186321163,0.0548826852372007,0.0426775678241195,0.478701375009277
1,0.5,0.2,0.5,0.4,-0.2,0.99013455557734,0.503995235400625,0.206271878486324,0.494808231213764,0.408362442376022,-0.0719744960104454,0.0428018376750833,0.0367694779001348,0.0242725442542336,0.0512421859248448,0.0413263661255913,0.29416727400726
1,0.5,0.2,0.5,0.4,-0.2,1.00382728083885,0.484397340688136,0.147127557011569,0.664577986348884,0.335605357832696,0.454019423439923,0.0399409682978792,0.0343050738730811,0.0249085787900483,0.061832981122656,0.0409178336828296,0.234050470769022
1,0.5,0.2,0.5,0.4,-0.2,0.959654687604176,0.538856829174656,0.17540593509572,0.459546791225384,0.369987091477078,-0.597214121006359,0.0416773965433433,0.0381033934192453,0.0247988298733354,0.0504050991185116,0.0425946774550704,0.437079935897784
1,0.5,0.2,0.5,0.4,-0.2,1.05875211709554,0.452663637312023,0.140917001682016,0.55927870631985,0.44066279259515,0.0465547601625476,0.0429422388145869,0.0371778629910581,0.0199987695390656,0.0607416909362134,0.0426308789121478,0.398203517920311
1,0.5,0.2,0.5,0.4,-0.2,0.970020892844945,0.522624249535249,0.209990750745531,0.595452179559122,0.378689419148525,0.104782064919754,0.0436100840102546,0.0387744043189247,0.0235836745521171,0.0605439826893599,0.0415410187466754,0.351016135921983
1,0.5,0.2,0.5,0.4,-0.2,0.917366312641418,0.503674170827984,0.21253971271491,0.568889576844327,0.389609731793915,0.136499774319801,0.0418523414351347,0.0366691046367999,0.0228534776678508,0.0557161272204472,0.0426092529647813,0.251476428223503
1,0.5,0.2,0.5,0.4,-0.2,0.96156580741203,0.471900167011442,0.202260117771892,0.60675381888215,0.442746642845965,0.343087419494505,0.0417646615235447,0.0350135369786182,0.0234100001512995,0.0549036969447653,0.0403511922046952,0.221947857234728
1,0.5,0.2,0.5,0.4,-0.2,0.910186741324781,0.540535413544216,0.194702683704866,0.519148407847856,0.443948263335025,-0.997293432598206,0.0393598928038001,0.0349635599398163,0.0218326218518755,0.0480354305967746,0.0471397255095303,0.590511537306728
1,0.5,0.2,0.5,0.4,-0.2,1.03332698682122,0.48762727275344,0.202710111607662,0.525683571912884,0.381892195965081,-0.00748474967933106,0.0416743905272473,0.0372202028839329,0.0241038781701876,0.0515404878225973,0.042637443836307,0.291246725046256
1,0.5,0.2,0.5,0.4,-0.2,0.982933340000547,0.484944848553507,0.186893611202198,0.391809023850721,0.533481709038523,-1.77714437646785,0.0446295841963093,0.0380322590900739,0.0250123301181185,0.0462383049857966,0.045764688438932,0.963427154247015
1,0.5,0.2,0.5,0.4,-0.2,0.958250195378466,0.487238909727177,0.240996951390318,0.576528561723745,0.347659657156459,-0.23780091041582,0.0378797394758854,0.03527973832156,0.0245717722456366,0.0476039690014982,0.0402367008624584,0.299441630277962
1,0.5,0.2,0.5,0.4,-0.2,1.07428568515157,0.451243435423848,0.21253759688431,0.511731848791546,0.422223407009813,-0.16298936134087,0.0414764770024551,0.0360346296630783,0.0249492069107882,0.0509310234446785,0.0422414471058392,0.349680767736943
1,0.5,0.2,0.5,0.4,-0.2,1.00256373743123,0.485476940429048,0.201668232281479,0.499941819896412,0.470643332548908,-0.595883215226403,0.0412051399247003,0.0355191113337397,0.0227752667841064,0.0500938729389145,0.0457693287064421,0.478417105351213
1,0.5,0.2,0.5,0.4,-0.2,0.918851777506123,0.50073264120369,0.240233163318497,0.548700169496699,0.462170846407341,-0.228634295164736,0.041966282105329,0.0356629888758959,0.0231354104112234,0.0498066392794448,0.0390261997578358,0.330772125233781
1,0.5,0.2,0.5,0.4,-0.2,0.958675622045772,0.552793055389215,0.15625499072584,0.536648259113184,0.369737870209375,-0.256201999147351,0.0400250501536555,0.0360362973270694,0.0236917411812544,0.0531402877641172,0.0415170416168312,0.348226747974746
1,0.5,0.2,0.5,0.4,-0.2,0.986597801939336,0.53293124492609,0.180296801331765,0.555749658766186,0.32259827693305,0.0616867128426038,0.0409899465037662,0.0372308669740301,0.0244836538238166,0.0579668848257264,0.0459410637661072,0.30543717081647
1,0.5,0.2,0.5,0.4,-0.2,0.968513301920738,0.513907890575625,0.161279867911109,0.510742256072284,0.419027823588424,-0.19079735917674,0.0448315939543113,0.0388276363786326,0.0251890136149857,0.0604186643740314,0.0470260506595614,0.469255202337482
1,0.5,0.2,0.5,0.4,-0.2,0.966323519794002,0.516791571596735,0.21540276381975,0.533272145754787,0.393752967508635,-0.304459520532968,0.0396053904900616,0.0349736481032034,0.0244464097245354,0.049184246557935,0.0417745630183211,0.345617727767668
1,0.5,0.2,0.5,0.4,-0.2,1.02167621800676,0.503681254292838,0.210059712612122,0.468342388196332,0.397705790444009,-0.388626275412335,0.0419362262491672,0.0365020317870551,0.0269117104642343,0.0506500343159861,0.0421608566580884,0.391983959376141
1,0.5,0.2,0.5,0.4,-0.2,1.02482399851647,0.493058166691375,0.189602520731372,0.455684848301171,0.399063228844733,-0.631301057040371,0.0423419905636041,0.0372771493705978,0.0259444203519466,0.0550642776401293,0.0456951865616457,0.584842735861363
1,0.5,0.2,0.5,0.4,-0.2,0.956025491396978,0.549047490117067,0.201460235165629,0.623973755253879,0.338106397424018,0.235022352844798,0.0396505520153678,0.0348521517732645,0.0252994573901456,0.0580992854339014,0.0437101740397013,0.250687515696162
1,0.5,0.2,0.5,0.4,-0.2,0.925699935161693,0.56894907866694,0.22260830510923,0.535142323926053,0.377636133245204,-0.26551416740566,0.0402730093148677,0.0340940451752537,0.0238357485916257,0.0508089465832173,0.0423840690866822,0.322558461917988
1,0.5,0.2,0.5,0.4,-0.2,1.01294393793298,0.493489733138887,0.168458969046999,0.449550434763726,0.455626178999436,-0.300967117024458,0.0447117502659068,0.0393011021821624,0.0264125014526841,0.051145107310182,0.0421783763566376,0.380955085580306
1,0.5,0.2,0.5,0.4,-0.2,1.00568024385781,0.496577279120672,0.178398151857283,0.550312801329586,0.398196910731361,0.127561252405317,0.0450133535475983,0.0399825743640415,0.0260529045094312,0.0645675395390093,0.0398779959309027,0.380256384327756
1,0.5,0.2,0.5,0.4,-0.2,1.01598704011538,0.491994570945634,0.222871510067844,0.514953561961245,0.416994452796721,-0.178950325403219,0.0428891949948184,0.0390508010931249,0.0256637585731999,0.0545392771659492,0.0405223200948087,0.386067850458022
1,0.5,0.2,0.5,0.4,-0.2,0.996530857387598,0.506248145954177,0.200016807471943,0.593260100740456,0.324017874470062,0.183814790428522,0.040023738706519,0.0361256841598817,0.0254170433447817,0.0549105542444056,0.0413672044660445,0.261114096356105
1,0.5,0.2,0.5,0.4,-0.2,0.992755532082704,0.486207873719706,0.212707835207255,0.412041490928706,0.45879379888492,-0.946985033928665,0.0435767172557393,0.0384776545162988,0.0253795578257104,0.0466820952137772,0.0421527134196311,0.52152024211463
1,0.5,0.2,0.5,0.4,-0.2,1.02550479137193,0.487014958459317,0.157943955982525,0.461683919958476,0.448639833687753,-0.481326476460192,0.0436569695741193,0.0374094917400973,0.0263446586021306,0.0523803053169934,0.0457083215122645,0.472833484584112
1,0.5,0.2,0.5,0.4,-0.2,1.02904051002741,0.475204280718494,0.186919753814792,0.619317381607628,0.386876032374738,0.300708092669386,0.0405015606601184,0.033608769697515,0.0224758032596167,0.0597876304098345,0.0434622224501273,0.274461346168736
1,0.5,0.2,0.5,0.4,-0.2,1.03787787531256,0.46779855555466,0.205487312880944,0.479476976249983,0.429044052795357,-0.214269732474958,0.0431595739349874,0.0387721725239157,0.0236998290836825,0.0522780205667696,0.0436071368303722,0.365295456607807
1,0.5,0.2,0.5,0.4,-0.2,1.06486575507701,0.458789659151775,0.152715617617596,0.501008995626487,0.423011021326704,0.0482074471826415,0.0439461990224961,0.0380883850180909,0.0263935436956157,0.0535985094722532,0.0414615864501017,0.321040251917623
1,0.5,0.2,0.5,0.4,-0.2,0.962622210500934,0.532260884874548,0.177874126503355,0.508155968037312,0.41046181598259,-0.256369297227762,0.0436178001351882,0.0381582248489092,0.0237328353584331,0.060391994041812,0.0447158188059485,0.461941487079431
1,0.5,0.2,0.5,0.4,-0.2,0.983293697358577,0.516538006359787,0.22207683967903,0.52276749449129,0.354074792437563,-0.311243606486449,0.0403957540411658,0.0358680442327656,0.0255819162233846,0.0518887489776999,0.0436968305208747,0.383610443258077
1,0.5,0.2,0.5,0.4,-0.2,0.992731104802045,0.515470251757927,0.237168257487969,0.547806107080218,0.325730904582178,0.0753706774942462,0.0414152398530827,0.0367652397099287,0.0272936877181219,0.0546576446275761,0.0431664316776157,0.279506120627284
1,0.5,0.2,0.5,0.4,-0.2,1.01397115573525,0.451597856203233,0.185382489890626,0.573932780399031,0.351393096358387,0.295335527251587,0.0408001667534215,0.0367695897680852,0.0254080012385307,0.0533265091982634,0.0377700886598948,0.212940324478144
1,0.5,0.2,0.5,0.4,-0.2,1.01135248531215,0.483700329500737,0.209205812691537,0.501595862249228,0.430929878531978,-0.324548118767681,0.0420591251342478,0.0358088285856404,0.0225265697436715,0.051961236038283,0.042462125888149,0.393846746268461
1,0.5,0.2,0.5,0.4,-0.2,0.991741589243664,0.47959540058528,0.218009813576455,0.399509724579466,0.431384127625271,-1.13289195123096,0.0431189552399489,0.0382740746289237,0.0266705290380405,0.0468666504449119,0.0429744344445853,0.589518610844799
1,0.5,0.2,0.5,0.4,-0.2,0.963852149587456,0.528081102098774,0.179618469788503,0.46529599895098,0.425069802680171,-0.774785142958907,0.0415167866531268,0.036404765301535,0.0256573864769411,0.0487018517669811,0.0446976749459251,0.497782596731848
1,0.5,0.2,0.5,0.4,-0.2,1.05983865531201,0.471238180053882,0.187615032722607,0.54327362198433,0.418773758912033,0.201262920585847,0.0426101568457148,0.036554701930431,0.0240408430886431,0.0538933636349188,0.0398884862874805,0.271391104945504
1,0.5,0.2,0.5,0.4,-0.2,0.891135065338876,0.584701913359993,0.247694589995058,0.382297652869213,0.474763729602865,-3.09633343980921,0.0423861333763161,0.0366886613686596,0.0254667148761812,0.0403785141876295,0.0430795955341204,1.4757537753649
1,0.5,0.2,0.5,0.4,-0.2,1.11031812051645,0.408457578355157,0.21485168702694,0.437144466546399,0.439429000728315,-0.441118411045311,0.045632167607028,0.0395887051443788,0.0254791860840877,0.0607988684106019,0.0449634837106842,0.628631511323516
1,0.5,0.2,0.5,0.4,-0.2,0.958602328551743,0.536281493426157,0.204057032165958,0.555524344148097,0.412888536641064,0.00534219822354735,0.0417515836951007,0.0372971206108606,0.0236487850920738,0.0531868559189558,0.0376325977152107,0.297273110892609
1,0.5,0.2,0.5,0.4,-0.2,1.01108496856811,0.499523071957198,0.152130128739739,0.521698074454161,0.349140698026439,0.0606165408390395,0.0433394214545529,0.0387039485550483,0.0272286126487026,0.0608952650939538,0.0419352651767504,0.350433615292825
1,0.5,0.2,0.5,0.4,-0.2,1.01353715656281,0.461855934930944,0.191894809936722,0.576071966608433,0.45450150982698,0.0218299902913178,0.0412008735852663,0.0348834219487789,0.0225419650889961,0.0552850465581854,0.0410234571349757,0.329854175830619
1,0.5,0.2,0.5,0.4,-0.2,1.04990870596296,0.489289564017009,0.195931417960275,0.52075850026492,0.415808448986672,0.22043809348319,0.0441142870392812,0.0371292033303143,0.0218858117611148,0.0560391277714372,0.0404602897774299,0.277860931824877
1,0.5,0.2,0.5,0.4,-0.2,0.925918272145701,0.510500915812264,0.232124421639323,0.552122387892931,0.371782689002189,-0.449545752907911,0.0379755757275058,0.0335428117813391,0.0223849453782565,0.0463271219205955,0.0436549718313898,0.341212834089438
1,0.5,0.2,0.5,0.4,-0.2,1.02491955326192,0.475589290941246,0.244384387484073,0.438828277556112,0.480841786972043,-0.415013110413052,0.0449132706247502,0.039229088826027,0.0258974476512246,0.0502333412927853,0.0435618842185792,0.405323264198167
1,0.5,0.2,0.5,0.4,-0.2,1.07280563330837,0.440372818641492,0.163189388351838,0.506737444008787,0.424624717751377,-0.125645217640773,0.043750771596323,0.0370897699812597,0.0244953277015766,0.0578730139728065,0.0403022152058372,0.444047429990309
1,0.5,0.2,0.5,0.4,-0.2,1.02990679612456,0.472279279791906,0.229382472451923,0.538508611779975,0.37987598688538,-0.0453917619966655,0.0412858475760653,0.0351536650296782,0.0253354109602126,0.0532930755753537,0.0404820421193055,0.326345863894159
1,0.5,0.2,0.5,0.4,-0.2,0.995563133361357,0.520289809185127,0.170075754419206,0.49611063102894,0.447016116668223,-0.570907089563412,0.0420409026697097,0.0359022613515783,0.0243195037698054,0.0520636940600862,0.0444613242520436,0.519273895932073
1,0.5,0.2,0.5,0.4,-0.2,0.955959431446049,0.497792917853196,0.163393621276443,0.65375122536822,0.457958084369675,0.280110018281763,0.0397743963853491,0.0333308976613548,0.0224740239159026,0.0560867806954671,0.0409719839628968,0.23955445737397
1,0.5,0.2,0.5,0.4,-0.2,0.996283419773015,0.485882163309444,0.226137803752471,0.52001418033098,0.468978085319767,-0.813216094768901,0.0398573685398255,0.0359484589117329,0.0241307260723716,0.0467979913229647,0.043224658737366,0.534682806580333
1,0.5,0.2,0.5,0.4,-0.2,1.00818911019896,0.50803374070226,0.184834277225465,0.506919492500107,0.350623506550373,-0.0190480322904337,0.0419191820463099,0.0366954951778744,0.0244080424475167,0.0549842167245512,0.0421909557713998,0.308495561192909
1,0.5,0.2,0.5,0.4,-0.2,0.951051676575684,0.535839904090073,0.200353361641662,0.444811465846408,0.42157686353055,-0.967482634467646,0.041815294978597,0.0355467199910197,0.0258609689309139,0.0490186929456604,0.0420662724424798,0.531685699364092
1,0.5,0.2,0.5,0.4,-0.2,1.00505828607353,0.469082521637586,0.231973403746171,0.487793539943122,0.411159735192518,-0.184643270551286,0.0439455826475087,0.0392252455748795,0.0258308285728325,0.0563027653928852,0.0416624960219353,0.406732052137931
1,0.5,0.2,0.5,0.4,-0.2,0.962486274877833,0.546837007685043,0.169498998122038,0.512842088451136,0.412855064273112,-0.450922996052888,0.0414407698028429,0.0357254900210283,0.0239211802875423,0.0514253477455531,0.0436252844623691,0.446492909284728
1,0.5,0.2,0.5,0.4,-0.2,1.00992820006237,0.498222612154259,0.198014903715982,0.539149445104538,0.385821025169997,-0.181081164278007,0.0404108525057617,0.0363582660751806,0.0230082901861428,0.0512865803915897,0.0428277579743792,0.337775566279012
1,0.5,0.2,0.5,0.4,-0.2,0.920990420993608,0.616028415175734,0.211119588528874,0.508151708212959,0.407212733915107,-0.409562085218284,0.0413399226308278,0.0367011942065108,0.0250922692584833,0.049528506655955,0.0440300197297758,0.366706600946232
1,0.5,0.2,0.5,0.4,-0.2,0.996679531511169,0.513825872920112,0.199431676341519,0.533957557738995,0.354326893468698,0.137905163566737,0.0431416059695943,0.0369274824068055,0.0250515632178582,0.0585416669083194,0.0413588923072097,0.301707098357238
1,0.5,0.2,0.5,0.4,-0.2,1.04734719863094,0.457695685022061,0.164363746363574,0.546468405111384,0.372262283681805,0.15614746049615,0.0421178657838017,0.0366664357064183,0.0251245040690542,0.054996050790261,0.0383247812369038,0.290734376453539
1,0.5,0.2,0.5,0.4,-0.2,0.998667694743743,0.520804932222907,0.195955534785365,0.533245824807968,0.386366250034829,-0.163285721397512,0.0404696384570475,0.036243673773859,0.0226512768116288,0.0504037944614194,0.0433807953288528,0.287109374997177
1,0.5,0.2,0.5,0.4,-0.2,1.00060931287986,0.483635696864961,0.182728778821184,0.519692527806337,0.387305709736837,0.103566068374858,0.0448720615641078,0.0381491546013077,0.02506643530765,0.057775783226967,0.0436458984379977,0.327642898401466
1,0.5,0.2,0.5,0.4,-0.2,1.02377128770625,0.466467026092864,0.193192702833422,0.423865495005707,0.493107132949747,-1.09563980783261,0.0424566004531784,0.0349761104614838,0.0269174526887453,0.0461821619390796,0.044215188461885,0.596521731602159
1,0.5,0.2,0.5,0.4,-0.2,0.97212338184127,0.534581150592344,0.224158259037238,0.644690535411878,0.319214947841783,0.151051569519239,0.0369322769314934,0.0326118229329452,0.0226982412632504,0.0536997598214612,0.0411880878836221,0.235863186369044
1,0.5,0.2,0.5,0.4,-0.2,0.887074758688931,0.56007560816373,0.24479805309298,0.413751020581,0.484929719403825,-2.15930542601657,0.0428792766733824,0.03637031475125,0.024513480872735,0.0577640260456374,0.0650095617041282,1.82127562999369
1,0.5,0.2,0.5,0.4,-0.2,1.02071213114962,0.523320773837563,0.215289938898505,0.530089299071632,0.381660012395159,0.0954533453323805,0.0425745217957812,0.0374500143844755,0.0258855380546976,0.0572120421615815,0.0409532019784382,0.313972298520718
1,0.5,0.2,0.5,0.4,-0.2,1.01210223270868,0.478604151837047,0.194892004642441,0.491298085722456,0.4798076709664,-0.677903662132556,0.0414569303001524,0.0353873003158744,0.0224170960111099,0.0524228566132967,0.0446433676274067,0.542083595442235
1,0.5,0.2,0.5,0.4,-0.2,0.91512099965695,0.616895617460709,0.201739777245181,0.409698045235264,0.400497740371,-1.56194160417797,0.0439377487461364,0.0393643667523436,0.0243851908409378,0.0621268763777171,0.0601880548170111,1.30683447162297
1,0.5,0.2,0.5,0.4,-0.2,1.02805411626346,0.46951686358189,0.195713524330681,0.545506909091334,0.404821047857488,-0.29010803519514,0.0397082591240644,0.0359477263354087,0.023760717659273,0.0522153960354224,0.0420469628709807,0.399000796176873
1,0.5,0.2,0.5,0.4,-0.2,1.01190622474441,0.512242615191146,0.204700600739816,0.553929732835889,0.357165285483988,0.103861520008969,0.0431741014264804,0.0366935734650385,0.0254490393064567,0.0621845195117877,0.0415475531544675,0.36432595213764
1,0.5,0.2,0.5,0.4,-0.2,0.992440346525395,0.459303133773014,0.180014436724931,0.538672939419729,0.423677198465097,0.0783907236206478,0.0442209288056596,0.0366889427994616,0.0232318404920704,0.0601236490882953,0.0391794495421102,0.356383317364409
1,0.5,0.2,0.5,0.4,-0.2,1.0119851108145,0.486202169278801,0.197876088723145,0.463250809822963,0.463507695878075,-0.780112982316999,0.0415119268896892,0.0350948389653233,0.0225324307125527,0.048390770819736,0.042846613886203,0.488429643576016
1,0.5,0.2,0.5,0.4,-0.2,1.06604285332868,0.459870516563669,0.200632028908306,0.428108348739503,0.412258669124142,-0.474389819912782,0.0438208949894128,0.0364414060527113,0.0266077298917461,0.0532631017901139,0.0425117942940402,0.502697852687766
1,0.5,0.2,0.5,0.4,-0.2,0.978647122633467,0.488673905993305,0.176946513487401,0.51052612996199,0.353819708345911,-0.209660885846313,0.0412484198680378,0.0369796494525162,0.0251994391644988,0.0525445578922027,0.0437030717826525,0.354279836084096
1,0.5,0.2,0.5,0.4,-0.2,0.918560279906213,0.520488816808224,0.193444740486077,0.503153355667993,0.436903333674462,-0.810578899793884,0.040316490853885,0.0351313430373716,0.0211299467084849,0.0519726385001567,0.0452483498903852,0.592005414195341
1,0.5,0.2,0.5,0.4,-0.2,0.982449935658577,0.549353067084568,0.234581382900144,0.518930744061246,0.393486167027779,0.157076830033624,0.0443203076094806,0.0383483005929422,0.0250046767983149,0.0543073411011928,0.040021175049251,0.265534189459855
1,0.5,0.2,0.5,0.4,-0.2,1.01610786807686,0.43742996354417,0.193823992660851,0.450809478683484,0.455963489206571,-0.600451269305443,0.0442863833488543,0.0392477515305315,0.0243166735434398,0.0512139516586339,0.0444848680147301,0.502451992628998
1,0.5,0.2,0.5,0.4,-0.2,0.967957322638381,0.535749310512968,0.182182429215991,0.571847893101518,0.379468367284134,-0.188998273190216,0.0394737860468553,0.0343078841285316,0.024812172732451,0.0571963245645275,0.0449623850799704,0.390552000840698
1,0.5,0.2,0.5,0.4,-0.2,0.969896834296119,0.513040668568629,0.206467089253575,0.571869909890743,0.330882112605005,0.204094342052775,0.0405021790247501,0.0351707617021203,0.023649435694787,0.0546649225712191,0.044028049660962,0.237711153510673
1,0.5,0.2,0.5,0.4,-0.2,1.09258236910738,0.411655376331958,0.179270909362015,0.575492117946382,0.368679721801581,0.27328622740768,0.0404142438771009,0.0346465149117814,0.0239238604238538,0.0526510484755698,0.0398352401688176,0.247699169085931
1,0.5,0.2,0.5,0.4,-0.2,0.962709011156849,0.523602113006164,0.235836372334212,0.528145959650657,0.412617221331734,0.203058997058301,0.0457993642406842,0.0387815122957133,0.0267113447849211,0.0586806264648021,0.0381898040602302,0.287220670585824
1,0.5,0.2,0.5,0.4,-0.2,1.02107314524909,0.509551643936823,0.175408903179553,0.545365693415473,0.372834313426426,0.0176538074548468,0.0413449177583939,0.0349847674763143,0.0251317309783009,0.0555373471970256,0.0401253973045696,0.320954496642777
1,0.5,0.2,0.5,0.4,-0.2,1.02875864663292,0.499232109912522,0.202361846871259,0.497051783723226,0.390878840656104,-0.241888199976243,0.0420828270820449,0.038138898171337,0.0252454604545142,0.0533979318533703,0.041654288838984,0.38503275485659
1,0.5,0.2,0.5,0.4,-0.2,0.928261291419245,0.50205363477212,0.16900062670917,0.488901175561265,0.38471623819206,-0.366328417160999,0.0409711496973954,0.036028788019957,0.0250015840021188,0.0497690134862855,0.0422578731979834,0.339595640632622
1,0.5,0.2,0.5,0.4,-0.2,0.952978857686093,0.544053837833229,0.228712011151566,0.452376084935661,0.412999434407667,-0.984960155399965,0.0420347211763694,0.0371616458243556,0.0259676914543088,0.0525794199167071,0.0471113192547617,0.695882234691316
1,0.5,0.2,0.5,0.4,-0.2,1.02408801993553,0.442750444980958,0.178303627463744,0.638177853242466,0.328312548808641,0.436785725453353,0.0396890699019328,0.0336592245406002,0.0240637426534328,0.0561402998471819,0.0428038522473844,0.209552685751745
1,0.5,0.2,0.5,0.4,-0.2,1.01449990370976,0.499579436827697,0.238739516530944,0.501268373718566,0.410542360556202,-0.455835020317517,0.0406349455924166,0.0367487684456409,0.0243563951676575,0.0467925545640722,0.0411710490510122,0.365772503823904
1,0.5,0.2,0.5,0.4,-0.2,1.00633623175633,0.489051092450802,0.183355461705416,0.490203780184535,0.39907516459764,-0.236840004220504,0.0411513329574899,0.0355458425219605,0.0259777301111916,0.0481859769935845,0.0389394472842976,0.30358717821016
1,0.5,0.2,0.5,0.4,-0.2,1.01515283167805,0.50100136124212,0.212420381458427,0.506455767171266,0.367886178463332,-0.0305807886282499,0.0433261649795567,0.0390390994141144,0.023654375493014,0.0572683927187969,0.0434769980483203,0.353946888842304
1,0.5,0.2,0.5,0.4,-0.2,1.0239090862866,0.521176486433198,0.24150693412645,0.437994614612074,0.410676744487012,-0.847707024823951,0.0498454485519789,0.0431883684180526,0.027510025788375,0.0765835391847087,0.0615639591321316,1.18261714708414
1,0.5,0.2,0.5,0.4,-0.2,1.03582760030598,0.450977689757945,0.233076892505374,0.480100214508314,0.422619516249207,-0.767706955162806,0.0402512384396329,0.0351003361281367,0.0234539621540647,0.0465170514863133,0.0419594367516458,0.500597917104142
1,0.5,0.2,0.5,0.4,-0.2,1.00777548355468,0.563057979826372,0.176734871522619,0.477153278857782,0.34257745910628,0.0126928128167001,0.0451724858699426,0.0400547934553929,0.0265708071607582,0.0559272805729782,0.0393022866027643,0.332419126983471
1,0.5,0.2,0.5,0.4,-0.2,0.985713780988631,0.493489449214141,0.183980757605513,0.480239742220303,0.37922205812053,-0.116229338521948,0.0426488743275514,0.0375405973075634,0.0253538366730304,0.0492354981133992,0.0402564223553507,0.27628731056153
1,0.5,0.2,0.5,0.4,-0.2,0.944237815389246,0.543505490655603,0.231451216152576,0.614778715579512,0.386355300070573,-0.0444542341546296,0.0377908184666227,0.0347602982648339,0.0198464934358006,0.0499344188619394,0.0434511265774942,0.254879861870828
1,0.5,0.2,0.5,0.4,-0.2,1.03591001294847,0.463008168888892,0.170918169640049,0.451435664704657,0.367221636136471,-0.254713971670526,0.0433528856579301,0.0383249765128333,0.0277200679071147,0.0526061201919245,0.0412915348620708,0.383628657134111
1,0.5,0.2,0.5,0.4,-0.2,1.03865858899773,0.46448677962038,0.193872360405651,0.456361647977772,0.476262009132991,-0.932159931366322,0.0417213537650809,0.0357730018380207,0.02332982291694,0.0439005818745345,0.0419341264696239,0.534480340239151
1,0.5,0.2,0.5,0.4,-0.2,1.06576933915671,0.410659327609924,0.217980534300625,0.552743437939207,0.45918173332176,0.198192653824491,0.0416036152754602,0.0337428147279634,0.0222815763454567,0.052456497238545,0.0386779663402827,0.259562578085328
1,0.5,0.2,0.5,0.4,-0.2,1.03551697107697,0.456066169641273,0.246725168625839,0.429355844669967,0.449539682631942,-0.311207527398284,0.0466014218493949,0.0408697432290818,0.0258333891353153,0.0518909661068833,0.0410897974330873,0.420178954119709
1,0.5,0.2,0.5,0.4,-0.2,0.969943548926798,0.536723137236697,0.205610288160021,0.587548754180178,0.363695675597,0.28521113995316,0.0422139560150076,0.0361258442364738,0.02222343953922,0.059652337109452,0.0428885012205584,0.264569105698918
1,0.5,0.2,0.5,0.4,-0.2,0.961277895896152,0.511071358992165,0.175373967851493,0.515989937053766,0.402271723426987,-0.422640007204434,0.0397401904919811,0.0341425654345577,0.0227734805288941,0.0484764544468754,0.0423636249993157,0.351947481059574
1,0.5,0.2,0.5,0.4,-0.2,1.00442550440514,0.510563589683294,0.19262501779773,0.45571304651095,0.432527722740605,-0.179224969354423,0.0470856390983718,0.0403473554842848,0.0280530272110725,0.0584119761313177,0.0420534172541681,0.454817929422701
1,0.5,0.2,0.5,0.4,-0.2,1.01897334128698,0.481669883706091,0.230966848503156,0.481244327371623,0.458219329323654,-0.29036632168568,0.0430313196042433,0.0366393848582862,0.024977508380621,0.0518048651401438,0.038962584036409,0.389403523459025
1,0.5,0.2,0.5,0.4,-0.2,0.997530739914833,0.527059309650536,0.225474139100585,0.496726058823395,0.378571393430559,-0.199380686848184,0.041888246463884,0.0361862240981899,0.0262015208624075,0.0512021187506303,0.0421753167779762,0.324430692859014
1,0.5,0.2,0.5,0.4,-0.2,0.950370542101115,0.552831134457371,0.217690285798354,0.516106239534839,0.382034390901871,-0.379589556299661,0.0420183289358305,0.0381520968749212,0.0267496677949543,0.0532229450752914,0.0437108027062529,0.409988184326794
1,0.5,0.2,0.5,0.4,-0.2,1.00646678287563,0.503141746626129,0.191203861606052,0.446193650382546,0.468993576462777,-1.23853940352749,0.0416896568982027,0.0338261017082877,0.0256403265748737,0.0491162561103746,0.0467070684527349,0.772799272167238
1,0.5,0.2,0.5,0.4,-0.2,1.00493971915508,0.479620687964995,0.169361563682606,0.570151744690938,0.31363782368942,0.214593649035967,0.0410949603593585,0.0360825126225581,0.0249058765257379,0.0562677459947565,0.0399435540173614,0.268704491767638
1,0.5,0.2,0.5,0.4,-0.2,1.03435741777878,0.475226919813838,0.167030324684687,0.516237131928255,0.416421731598125,0.0182091800109197,0.042797105716325,0.0382258982993981,0.024060770643513,0.0541790296703424,0.0421442463884313,0.320425454744013
1,0.5,0.2,0.5,0.4,-0.2,0.958163187806263,0.538397445445157,0.227353159752861,0.438995909404893,0.484711121940107,-1.22943656832739,0.0425974377606963,0.037301109643745,0.0226651731539789,0.0507790418547165,0.046248832816275,0.775760752312598
1,0.5,0.2,0.5,0.4,-0.2,1.02610780477414,0.511140540782512,0.191064753572229,0.512461631215184,0.409615099147306,0.174837730647247,0.0445099159072515,0.0386936120683689,0.0260653217616109,0.052910641645333,0.0395762119328319,0.267427330027058
1,0.5,0.2,0.5,0.4,-0.2,1.00454851468032,0.47556077723954,0.222903991774694,0.50212818390099,0.454100741411392,-0.479957459531774,0.0413992440233275,0.035134585985189,0.0226411338239281,0.0513779917588357,0.044720668357514,0.458542053273266
1,0.5,0.2,0.5,0.4,-0.2,1.00783976835445,0.489491335717194,0.205787416536954,0.393313772549325,0.428700040207788,-1.22404921416544,0.043412300261622,0.0367432646235962,0.0256825067776758,0.0465205111383141,0.0436838024825278,0.651019244362936
1,0.5,0.2,0.5,0.4,-0.2,1.00074577235937,0.478684901500974,0.175865455277554,0.454742133979876,0.459303564018043,-0.477547680539571,0.0433578228807699,0.0361487082653644,0.0253376126382367,0.0523675598652028,0.040945355584314,0.466595251582421
1,0.5,0.2,0.5,0.4,-0.2,1.00391354735864,0.475469198476149,0.150812262286806,0.426522555835343,0.441002971400285,-0.729582733453979,0.0440484193424307,0.0377264421556173,0.0253455595860151,0.0504131686719498,0.0425804932968679,0.55181725619788
1,0.5,0.2,0.5,0.4,-0.2,1.03320696221276,0.508271780598068,0.182604281826293,0.392759712588661,0.427267729575851,-0.55571262610069,0.0476777117347151,0.041118072553824,0.0278387703595938,0.0562114758826236,0.0454725599390672,0.573334246155744
1,0.5,0.2,0.5,0.4,-0.2,1.04578129159155,0.430184535407285,0.188791773770799,0.541309692221626,0.492388897685728,-0.113716635489135,0.0420908094012501,0.0354535047361409,0.0232199390447207,0.0585786342860383,0.0451644785551055,0.436112731998917
1,0.5,0.2,0.5,0.4,-0.2,0.992917009748399,0.498631314045325,0.175446774839369,0.542762450370755,0.403800166189654,-0.0611758608748847,0.0433075598245488,0.0384726704773949,0.0230089042253388,0.060648189510395,0.04194921383869,0.408234651852802
1,0.5,0.2,0.5,0.4,-0.2,1.07502053536028,0.425008124528692,0.232529811529502,0.588977415565552,0.394517123347874,0.505281816772938,0.043297794373077,0.0358393347666014,0.0221083819585181,0.0567284699552175,0.0375799272311963,0.222155185717051
1,0.5,0.2,0.5,0.4,-0.2,1.0528342052911,0.460375486332075,0.2098731337164,0.452628060141884,0.444226584079391,-0.444666236955441,0.0434027736281312,0.0372651669773673,0.0232291278447889,0.051330885685928,0.0408792931818044,0.444579041841018
1,0.5,0.2,0.5,0.4,-0.2,1.12434077878885,0.400716496427392,0.231482491434866,0.5333170485234,0.373285733918227,0.17396364440353,0.0415349012668968,0.036545881072975,0.0262737639702857,0.0535045876480882,0.0388942561580988,0.289549962215994
1,0.5,0.2,0.5,0.4,-0.2,0.97364375854994,0.511159291555965,0.236211541106235,0.516346711535408,0.373531584299412,0.0125241476983989,0.0434901593473289,0.0387118917300144,0.026944399646305,0.0569197455160307,0.0410513234252153,0.328836179467892
1,0.5,0.2,0.5,0.4,-0.2,1.0145138147069,0.522571365459582,0.183270400050393,0.505056747121262,0.396111454476755,-0.200867419791421,0.0412548671922998,0.0366470293578274,0.0237985658484915,0.0513814692232128,0.0435666249192599,0.338632057819011
1,0.5,0.2,0.5,0.4,-0.2,1.04178381213539,0.464998587474616,0.210985867703435,0.581161489259316,0.512235460916912,0.0956927218775988,0.0404029249952295,0.032272656692816,0.0214015663086244,0.0503214171911108,0.0370094150363655,0.267994661333716
1,0.5,0.2,0.5,0.4,-0.2,0.947506174537021,0.506337119928523,0.210692627467249,0.514352382824921,0.424311789974392,-0.308051365971253,0.0431471296752441,0.0387324372887693,0.023276940021304,0.053769876126639,0.0433213272011305,0.419895082477528
1,0.5,0.2,0.5,0.4,-0.2,0.967541516317143,0.48987073411549,0.195177557451344,0.596559551405449,0.400379189157654,-0.00470370342933377,0.0406838932466473,0.0349542596144447,0.0220463149117705,0.0577925879108634,0.043487046011931,0.342211577874452
1,0.5,0.2,0.5,0.4,-0.2,0.9865737956299,0.508441795453839,0.213333913993672,0.509560045316479,0.422282851001946,-0.336507406998184,0.041949617489514,0.0365909743923822,0.0249397532676888,0.0537086958738686,0.0421675579472467,0.438852388371222
1,0.5,0.2,0.5,0.4,-0.2,0.97681989043106,0.48426707697831,0.15246909310625,0.449937559161353,0.421910046425002,-0.611920959032072,0.0421382127676038,0.0353967830432336,0.0263722227916238,0.0498353918455649,0.0424424770130556,0.444664152174867
1,0.5,0.2,0.5,0.4,-0.2,1.00894930602201,0.488996182244978,0.202396730026962,0.437697924011677,0.420801956818684,-0.381614237829758,0.0448704263193341,0.0376583156348981,0.0263748066576708,0.0528775034699018,0.041021442353783,0.442450240637183
1,0.5,0.2,0.5,0.4,-0.2,0.976233458803051,0.514095605780206,0.204127041267608,0.62582212350509,0.417340762448634,0.362259343845689,0.0425320313896588,0.0344889614558723,0.0220959731084969,0.056836064186059,0.0397958800137676,0.245615927653938
1,0.5,0.2,0.5,0.4,-0.2,1.0255988237073,0.464806131806678,0.163383473676316,0.482078056814336,0.437237685988613,-0.201048544037174,0.0441079318279914,0.0383936105937599,0.025509659898109,0.0541254595149728,0.0419128396239165,0.397216129181985
1,0.5,0.2,0.5,0.4,-0.2,1.01134289431063,0.483602039634038,0.18502039390993,0.545637841700696,0.441488574161,-0.0397477549614935,0.0428358382366326,0.0361757773251858,0.0240008262467574,0.0589025410029548,0.0399127118377992,0.386761211744268
1,0.5,0.2,0.5,0.4,-0.2,1.02217772311186,0.480867070828229,0.215276733767836,0.575248647412305,0.377037319124565,0.164477974989431,0.0416260531980507,0.0350030710763736,0.0231907095683319,0.0582607055436146,0.0427222817056066,0.300561618873326
1,0.5,0.2,0.5,0.4,-0.2,0.968850403379644,0.49208503977954,0.212517105110509,0.499135773333999,0.431048551155694,-0.368580659555461,0.043256126207593,0.0385990267489831,0.0243177471964783,0.0549314858763907,0.0417906405365912,0.439033523031084
1,0.5,0.2,0.5,0.4,-0.2,0.940537320516013,0.527010935231571,0.167213397800431,0.523527766588759,0.404436658636299,-0.78250566333817,0.0383507454821623,0.031737816141319,0.0253892292906064,0.0486510535537917,0.0450839353240114,0.487886539427692
1,0.5,0.2,0.5,0.4,-0.2,0.970473641742887,0.509089773106831,0.213046653429841,0.535784196056913,0.361675596369757,-0.155134576285413,0.0407087572899346,0.0359395349688401,0.0233857743678662,0.0553569488984068,0.0419635365983978,0.352882317573936
1,0.5,0.2,0.5,0.4,-0.2,0.963293545130478,0.561411083488973,0.215935925509362,0.521892189028827,0.398949187274471,-0.0816006409912195,0.0433554080355583,0.0376230208715351,0.0238523494205389,0.0582879028623601,0.0437310595392158,0.368172025057509
1,0.5,0.2,0.5,0.4,-0.2,1.06644822358448,0.45819249387574,0.205535699727611,0.351275104056754,0.491628712218612,-1.82629794523027,0.0443495077085127,0.0367597240816899,0.0250680746083197,0.0420201579535129,0.0411843784161684,0.807703858376411
1,0.5,0.2,0.5,0.4,-0.2,0.999093318241008,0.47669857506604,0.170655530731081,0.61441296958451,0.418922194429413,-0.0606690805485182,0.037967853809894,0.0337880505256527,0.0221350107830045,0.0510849630610453,0.0438724462350384,0.302911452652639
1,0.5,0.2,0.5,0.4,-0.2,0.981234936274122,0.567838352098803,0.186783837426223,0.477732085249591,0.356522406790451,-0.602524950109359,0.040151413530047,0.0355062421766433,0.0245129739876694,0.0526394376947308,0.0470315448902562,0.476727517479097
1,0.5,0.2,0.5,0.4,-0.2,0.99723199457196,0.500425613524324,0.159407711595843,0.493033730787375,0.45094678030779,-0.399980349088587,0.0433786202767996,0.0380696711854925,0.0229442444831671,0.0520484463974491,0.0434153291313881,0.452630519814959
1,0.5,0.2,0.5,0.4,-0.2,1.05256429547355,0.451985908584867,0.206079727623483,0.584319421772636,0.337833814466229,0.190404299157929,0.040377494222118,0.0353712963681872,0.0231738817923531,0.0615492226389947,0.0415480877602126,0.318752674684859
1,0.5,0.2,0.5,0.4,-0.2,0.9484014105068,0.549447355294392,0.175957695493716,0.506133335777594,0.3681464659863,-0.205403879823319,0.0437242113325477,0.0394152824827664,0.0244725247448559,0.0572617603873845,0.0433637161835704,0.411525393195315
1,0.5,0.2,0.5,0.4,-0.2,0.959764622534367,0.481642920082886,0.17243897968663,0.607312584988507,0.3976073390968,0.023006157675286,0.0389284914342528,0.0327343504569619,0.0224625316513238,0.0515597014262521,0.0393806480553041,0.263937433210999
1,0.5,0.2,0.5,0.4,-0.2,0.961988165964929,0.503664730581417,0.195101694900682,0.391742105458705,0.483600056495079,-1.6173556415864,0.0432476182653752,0.0351504481963414,0.025708970534644,0.0467661639469351,0.0448529988099318,0.914474809116408
1,0.5,0.2,0.5,0.4,-0.2,1.04933454686205,0.459837783155348,0.154319971032049,0.490943751900077,0.377501069210505,-0.203428252348114,0.0420846123274119,0.038616374031722,0.0259596427467735,0.053212836217198,0.0429879471903212,0.376660154376437
1,0.5,0.2,0.5,0.4,-0.2,0.950779805731318,0.557880030907204,0.207162183961281,0.455598243838328,0.486303081953902,-0.652442343261149,0.0449494777143136,0.0379271136457305,0.0230733632111534,0.0533761149878011,0.0458343917756368,0.565576281842324
1,0.5,0.2,0.5,0.4,-0.2,1.03585843328286,0.475014548896247,0.211101485040964,0.488783284941018,0.373289620891514,-0.26138554290898,0.0421412236892231,0.0378815703520382,0.0229775212485716,0.0524981733014077,0.0400375065180253,0.399275476342825
1,0.5,0.2,0.5,0.4,-0.2,1.00377472222492,0.495786518964702,0.190838121687366,0.538420948401061,0.411373352390759,-0.0283425295676575,0.0425578720675448,0.0363758360164655,0.0238437755374164,0.057239666059645,0.0412804360578098,0.359700327903313
1,0.5,0.2,0.5,0.4,-0.2,0.992360148772456,0.536515415974993,0.221327552442934,0.450090178517189,0.448519477313906,-1.22692521979316,0.0407077370543931,0.0344869022324223,0.0242608234638244,0.0476648168828166,0.0443848711132602,0.704103022598877
1,0.5,0.2,0.5,0.4,-0.2,0.916483980353928,0.60225138732806,0.209150158238888,0.468298104066783,0.409687145128882,-0.920847681940027,0.0410346739446465,0.0368414074945668,0.0249646899132473,0.0483395873966016,0.0448676401085408,0.504861835739437
1,0.5,0.2,0.5,0.4,-0.2,1.01533216739576,0.499752899440978,0.192703926420782,0.501729443410264,0.42960182731314,-0.137313407926515,0.0430202040660473,0.0360783928759751,0.0230510959614485,0.0513106186067452,0.0406446635499207,0.334075115260041
1,0.5,0.2,0.5,0.4,-0.2,1.0161260149454,0.475069148449905,0.168151034647974,0.554830543236608,0.39860117970112,0.172826058880421,0.0430239714705908,0.0367185231114093,0.0238396501565503,0.0623361599073301,0.0428475191553782,0.335781974473894
1,0.5,0.2,0.5,0.4,-0.2,0.999959650592562,0.4796100511807,0.173930744099344,0.653167955791589,0.387241877938424,0.240147416727623,0.0379889515981162,0.0337897198441555,0.0209254512819422,0.053567335841395,0.0435739766457582,0.233106881514886
1,0.5,0.2,0.5,0.4,-0.2,1.03185495695583,0.513604755425272,0.153755266409883,0.486046976906181,0.359504910411873,0.0612353313660388,0.0436898066206099,0.0387887236748795,0.0267347151993622,0.0545503657440463,0.0424033020207013,0.304804134968658
1,0.5,0.2,0.5,0.4,-0.2,1.01477525902123,0.534783725142169,0.189494328672,0.531628495014261,0.387164441768709,-0.0558511047070311,0.0410338021844062,0.035557098545094,0.0220323252264469,0.0541975582672387,0.0454931681607207,0.317487707087907
1,0.5,0.2,0.5,0.4,-0.2,1.04046969585213,0.452428168696959,0.188124958706564,0.565261948967886,0.363316395571774,0.0156470281700355,0.0398998509608296,0.0340681514582037,0.023217759798313,0.0558958830898035,0.0402441402887016,0.329834859818071
1,0.5,0.2,0.5,0.4,-0.2,1.03836395027572,0.522716123237733,0.189972054867098,0.502309879892364,0.413458892532193,-0.453390082534137,0.0414878403838114,0.0363553665014366,0.024148916617228,0.0517997472650058,0.0432132916046073,0.460773823056261
1,0.5,0.2,0.5,0.4,-0.2,0.948832186064658,0.522270397646551,0.166892245672784,0.397959765882723,0.427663861478694,-0.951225050177328,0.0446887773493125,0.039183315352794,0.0282264953307866,0.0480433106878424,0.0423630436049662,0.543493830291359
1,0.5,0.2,0.5,0.4,-0.2,1.04924025040933,0.494624791099259,0.230238958870372,0.581047589610913,0.325828596283528,0.338250392468974,0.0411980478924222,0.0369235525366749,0.0257225515640328,0.0569491616515061,0.0397346432259599,0.247926176193036
1,0.5,0.2,0.5,0.4,-0.2,0.957797665679342,0.559038631694711,0.205190887327377,0.408478509523214,0.402970986659496,-0.68528696441599,0.0470120776001514,0.0401241352732428,0.0264411558977046,0.0563557422787705,0.044995955742003,0.594682902046676
1,0.5,0.2,0.5,0.4,-0.2,1.07425763477822,0.455947845929712,0.145452026932069,0.50184875865019,0.426808104729126,0.0704178009953941,0.0444208748975469,0.0369474582213382,0.0262252149750824,0.0596467294513708,0.0409047044610746,0.37739505797379
1,0.5,0.2,0.5,0.4,-0.2,1.04722259405926,0.506043810540866,0.225888885661917,0.411828266176868,0.412981884625409,-1.11756711845188,0.0432843044550936,0.0376498046284513,0.025596987813049,0.0509230642428523,0.0501245288500258,0.788970946501587
1,0.5,0.2,0.5,0.4,-0.2,0.953781380159844,0.557403609393047,0.178429393685657,0.463655711726498,0.349187695122543,-0.576390674911529,0.0416454280818652,0.0380064152756033,0.0253183032787963,0.0527779017511341,0.0434491856482281,0.446803549310863
1,0.5,0.2,0.5,0.4,-0.2,0.952884034315489,0.516351813985594,0.169642074077672,0.472711549467461,0.410354835525011,-0.171951238624909,0.0442062889569493,0.0371513768198713,0.0245937781698411,0.0556727540763559,0.0417039957676968,0.37053693607065
1,0.5,0.2,0.5,0.4,-0.2,0.999778470427421,0.550844984962582,0.183572086947407,0.508379594841179,0.387852365850375,-0.123990721181014,0.0420750531673362,0.036893790651513,0.0248087895077162,0.0512432638027367,0.041403759817238,0.314029957012152
1,0.5,0.2,0.5,0.4,-0.2,1.06200879859515,0.481772439198666,0.222717346769923,0.477845481937897,0.413937381811086,-0.502560382551679,0.0426472045194088,0.0377996880098891,0.0242198773361803,0.0536439664574219,0.0432986003835206,0.512189547290919
1,0.5,0.2,0.5,0.4,-0.2,1.01782250638683,0.522768401349517,0.254048300948276,0.476659697558169,0.351075580482903,-0.0907099644256835,0.0438873445519989,0.0377785547117058,0.0252231801314548,0.0565418900329485,0.0414188636111574,0.360290666601743
1,0.5,0.2,0.5,0.4,-0.2,0.959815585062262,0.523916891771174,0.183248611601233,0.496204573693149,0.40436131636772,-0.299120820149775,0.0428551816461754,0.0366072658068289,0.0239507957279125,0.0553513221589367,0.0453726771776932,0.411833033057347
1,0.5,0.2,0.5,0.4,-0.2,0.990994873675748,0.531389122206202,0.171955030145803,0.479947904421236,0.432910603003928,-0.507103189669143,0.0424691102182295,0.0386201633819724,0.0256621577243511,0.0504195531799709,0.0410676928685919,0.443034056973168
1,0.5,0.2,0.5,0.4,-0.2,1.01003415791779,0.490825537972206,0.209995860482424,0.562109613746332,0.410256640428542,0.186337338284913,0.0426017187686108,0.0359490021683456,0.0243950298754963,0.0601388333845349,0.041948599585935,0.315350152777989
1,0.5,0.2,0.5,0.4,-0.2,0.998697104699395,0.515970481955279,0.16816733637201,0.531973060293176,0.394809719416963,-0.075123201098877,0.0412066416721374,0.0353467043727888,0.0239873238769534,0.050440920451212,0.0404462121971684,0.289705416126391
1,0.5,0.2,0.5,0.4,-0.2,1.03836907047647,0.463551386632085,0.171386529218426,0.476417728539037,0.422115848789451,-0.650276575717232,0.0413367670414489,0.0359556544979478,0.0213411482194078,0.0502769508061427,0.0441208916065561,0.508730506552636
1,0.5,0.2,0.5,0.4,-0.2,0.916857319865419,0.558412996235128,0.222482738368661,0.509543390239221,0.444675236397497,-1.00585736208462,0.0390073705202129,0.0328562500989772,0.022530308533647,0.0445087626375468,0.0441601752831112,0.497419816402195
1,0.5,0.2,0.5,0.4,-0.2,1.01425660672791,0.533197341416623,0.215848303755285,0.535599308485746,0.33246985730593,0.4024824931603,0.0449296872036438,0.0393141306566793,0.0266224606800045,0.0572267794131569,0.0389844386703318,0.237153286149657
1,0.5,0.2,0.5,0.4,-0.2,0.981968775618305,0.540727884825448,0.202566648002943,0.425996284516692,0.414565265894097,-0.922567224148254,0.0421719712367535,0.0362756582356213,0.0244534380237758,0.0479505891025625,0.0456491081775332,0.552486738624028
1,0.5,0.2,0.5,0.4,-0.2,1.05241329640631,0.470294102138867,0.192141161237985,0.457966466332633,0.386792613864,-0.0724249928120507,0.0445075370950697,0.0382527160217533,0.0262518010080124,0.0563897079241221,0.0425744089987972,0.375589446218419
1,0.5,0.2,0.5,0.4,-0.2,0.915777410130582,0.556969713414629,0.211769937936299,0.563375584509823,0.412166394021234,-0.550871883496827,0.0382335318622114,0.0347906864852618,0.0217070803801382,0.0484554244739001,0.0455197854185945,0.372942387041204
1,0.5,0.2,0.5,0.4,-0.2,1.01997147508341,0.486362749927079,0.202068255145292,0.538184111283974,0.384022137145323,0.0619471483493062,0.0425821327246673,0.0389512806821479,0.0253129621764592,0.0595568674684202,0.0404396010971353,0.337895140422328
1,0.5,0.2,0.5,0.4,-0.2,1.00496280707566,0.474764196670342,0.2038311003856,0.558637465409538,0.396705170194469,-0.00966157616360831,0.0397129663663276,0.0331967321594159,0.023584700581264,0.0520724421523047,0.0408586627238764,0.283256133436365
1,0.5,0.2,0.5,0.4,-0.2,0.918348716937061,0.506556097177831,0.196211139959615,0.517167320334081,0.440464889927332,-0.593400903813206,0.0406652905087037,0.0354821740804467,0.0222102387267564,0.0500089104023009,0.0415122022990083,0.451857777323428
1,0.5,0.2,0.5,0.4,-0.2,0.914774767623821,0.555847092592797,0.210241617435103,0.493321053095838,0.369044939905365,-0.369722644483117,0.0418092846475653,0.0360703536367853,0.0277911431513394,0.0505822383780046,0.0423236805600078,0.339153388766238
1,0.5,0.2,0.5,0.4,-0.2,1.03980353018878,0.524781392361706,0.184694026102135,0.490585889857199,0.39401938899261,-0.148412978068139,0.0430370405507526,0.0366062148424053,0.0258329835964258,0.0522432555202293,0.0423243888149105,0.349732572015223
1,0.5,0.2,0.5,0.4,-0.2,1.00721449865196,0.491161580616798,0.224675902378871,0.443333817043857,0.476296243882761,-0.5628799210009,0.0440708728276575,0.0367772954422671,0.0243103757008062,0.0529192786240917,0.0451792002719733,0.504605118039776
1,0.5,0.2,0.5,0.4,-0.2,0.97450797310513,0.505419120873587,0.185100907246118,0.479227883815995,0.430809418071882,-0.541795635789383,0.0420779297694274,0.0356787559060929,0.0246744060307856,0.0495511825494984,0.0420475202541331,0.434457064926846
1,0.5,0.2,0.5,0.4,-0.2,0.928688431976077,0.56288573989482,0.191512098697226,0.502671309580037,0.432390687338977,-0.482871899297076,0.0405732050491502,0.0347729318624455,0.0249048427264413,0.0504195108188712,0.0424235536877727,0.384265048558935
1,0.5,0.2,0.5,0.4,-0.2,0.924050176283903,0.532788702105062,0.228494862696975,0.470828567082097,0.421218277727628,-0.904076078413382,0.040662898204896,0.0345494360499368,0.0232725890530564,0.0483174418478639,0.0420306884175939,0.507398387978535
1,0.5,0.2,0.5,0.4,-0.2,0.997087952156546,0.497155656032418,0.178387230686073,0.440753770252657,0.419656654652404,-0.161732777129091,0.045734306666252,0.0373882292075428,0.0262984533018265,0.0532320068676096,0.0390912932857431,0.350861993652571
1,0.5,0.2,0.5,0.4,-0.2,0.982152952914559,0.489594973848087,0.202512665020053,0.527124375401458,0.362727652861316,0.0559949321688682,0.0424892452593577,0.0385493854824658,0.0259683943189757,0.0553193929540307,0.0430568188623763,0.300728608613136
1,0.5,0.2,0.5,0.4,-0.2,1.02301494957088,0.500545572866013,0.20266065304459,0.477382609179799,0.389035291666631,-0.0300270372655421,0.04566788141901,0.0407247541498295,0.0258646871574108,0.0561343437862386,0.0424796949031677,0.368860066028452
1,0.5,0.2,0.5,0.4,-0.2,1.03726121115055,0.497182125755469,0.155551495816238,0.493762599331196,0.356477923408781,-0.019929432154325,0.041823576770607,0.0367745594638076,0.0268025171071629,0.0488932573008269,0.0383915520221585,0.264641625500544
1,0.5,0.2,0.5,0.4,-0.2,1.01095056748509,0.504662891576258,0.18728138624496,0.481309008120031,0.354411035041718,-0.366290993610826,0.0420533842352457,0.0367439364992768,0.0249303101268313,0.05436003140713,0.0432163120055506,0.430897984398472
1,0.5,0.2,0.5,0.4,-0.2,0.982527497247708,0.488374235312446,0.181816681761039,0.609461974870579,0.415114096479948,0.185963047638567,0.0424458448681413,0.0351949931856342,0.0218187170171031,0.0660305071950368,0.0446648820112576,0.3526940724606
1,0.5,0.2,0.5,0.4,-0.2,0.925554452871071,0.522987177774328,0.195076813457248,0.471703786629377,0.440864918279378,-0.868519693262024,0.0412062767937328,0.0372830784012433,0.0247614060137964,0.047565636614736,0.0436717717229271,0.49654771177372
1,0.5,0.2,0.5,0.4,-0.2,0.953833797346905,0.500160884476587,0.225713258802542,0.422818208362239,0.451502086199647,-1.11606028143875,0.0430734125066803,0.0374640750149691,0.0245436389667032,0.0479464134526445,0.0457289700242665,0.634451333672877
1,0.5,0.2,0.5,0.4,-0.2,0.958967763706083,0.554039426488858,0.171671264362992,0.420903523245326,0.403297047202985,-0.555835414577675,0.044840334595918,0.0385672654211853,0.0258936113438306,0.0516576309522243,0.0439894615295131,0.449060827038614
1,0.5,0.2,0.5,0.4,-0.2,1.0617008239299,0.488276335125425,0.227885949910153,0.590943563028701,0.391933113671035,0.139761291253541,0.0404153738922967,0.0364936416820412,0.0229400226037961,0.0556799660220366,0.0422087692033164,0.309335614680584
1,0.5,0.2,0.5,0.4,-0.2,0.996739589244242,0.479538977373696,0.153838742400401,0.442330984705954,0.427591160439015,-0.91371610126017,0.0429726513488934,0.0364816458797978,0.0238160894601592,0.0541614275418219,0.0473468686984827,0.71444495726569
1,0.5,0.2,0.5,0.4,-0.2,0.990337250114577,0.50328968453915,0.190738608940118,0.539430113840353,0.376296086244358,-0.381916806342347,0.0394849113131049,0.0353353593542659,0.0250158792595794,0.0524631105062207,0.0432118482106924,0.427000467187078
1,0.5,0.2,0.5,0.4,-0.2,1.03927526794198,0.435498086322294,0.198485915368276,0.515507654843011,0.433455005314599,0.109093840224211,0.0425989751709723,0.0352822767170312,0.0251640475420617,0.0510192775663645,0.0403353090859464,0.266661670249729
1,0.5,0.2,0.5,0.4,-0.2,1.01219189394347,0.511848569615334,0.210125991927836,0.647243522616807,0.270987820732355,0.497685574706521,0.0391744993180798,0.0329852675440045,0.0263670065920148,0.058549215083012,0.0407251612337227,0.196723817309983
1,0.5,0.2,0.5,0.4,-0.2,1.00241130422264,0.503593495763744,0.198159320984534,0.487279847468956,0.433530528358742,-0.905459878504435,0.039770773150525,0.0336107315852156,0.0227373626110161,0.0469238145947907,0.0430260423430835,0.515386156261222
1,0.5,0.2,0.5,0.4,-0.2,0.98126566872498,0.50882673349775,0.188951530494935,0.40430888144056,0.466684432279738,-1.11366493523414,0.0445615236623196,0.0389197768288093,0.0255361862793053,0.0488964729230134,0.0453744044480051,0.703267074506216
1,0.5,0.2,0.5,0.4,-0.2,1.04504885568885,0.474399813331957,0.18396084326802,0.499216137959054,0.428992295968746,-0.0388675490362397,0.044284532215091,0.0376313888731197,0.0234926506033226,0.0609469643615742,0.0399025841215895,0.413220259471545
1,0.5,0.2,0.5,0.4,-0.2,0.990725350393693,0.537290436997901,0.199252238003226,0.399179763425599,0.425775169065915,-0.532849185418787,0.0474864455909723,0.0418666570107564,0.0267044300012396,0.0549561360364705,0.0430595585473004,0.529838643472273
1,0.5,0.2,0.5,0.4,-0.2,1.02668698605583,0.516243337643319,0.19504666426867,0.553817762798861,0.383715658688533,-0.185414408289826,0.0413393579695568,0.0350399555711775,0.024045019098373,0.0557889367972818,0.0449436069474283,0.426079344923327
1,0.5,0.2,0.5,0.4,-0.2,0.927081989687152,0.520374813176242,0.154886821437743,0.508719331434283,0.412355754677819,-0.36084980867604,0.0418939489503932,0.0367563258634366,0.0234772674399564,0.0521055642954747,0.0435054957059981,0.395924672594825
1,0.5,0.2,0.5,0.4,-0.2,0.979990187933598,0.480707180427989,0.165558691885993,0.511324352116413,0.431904287537243,-0.26099748787352,0.0416032643698129,0.0353007688896793,0.024187988749919,0.053543589108896,0.0410088651344931,0.390281216292538
1,0.5,0.2,0.5,0.4,-0.2,1.02084274079887,0.483262377572698,0.19939913146059,0.491417440478084,0.375297552321924,-0.0611083763734044,0.0431298952817113,0.0386182958585801,0.0261290258980761,0.0524889748864773,0.0387900463441515,0.328646086947208
1,0.5,0.2,0.5,0.4,-0.2,0.986699415437515,0.461011474774524,0.178954014335471,0.582155197220323,0.430896940707005,0.0578640537581873,0.0404151794639729,0.0324088518378888,0.0229473040885761,0.0546390212282751,0.0427357323370427,0.303486738928603
1,0.5,0.2,0.5,0.4,-0.2,0.980565671426354,0.520646335471493,0.183550871601453,0.515638284931117,0.350569654125122,-0.118445849997726,0.0423612813279422,0.0378859850139547,0.0277394132732737,0.0554767566133021,0.0420487047536678,0.352748585024792
1,0.5,0.2,0.5,0.4,-0.2,1.01659085282833,0.449590895229908,0.187626233601326,0.593397115638237,0.471059085560233,0.155553624445066,0.0411846337978776,0.0347526366819817,0.0211444725001927,0.052774687029189,0.0380203938343623,0.269961890362931
1,0.5,0.2,0.5,0.4,-0.2,1.00404348550879,0.510695995757179,0.176265449356432,0.432044524881706,0.403254663182222,-0.530241220258029,0.0445950347284011,0.0384028140922812,0.0252776249623257,0.05355342414003,0.0446078201216043,0.527916126672328
1,0.5,0.2,0.5,0.4,-0.2,1.04316938544976,0.435686141899478,0.164416256924236,0.496035923744731,0.455178405662549,-0.327604073371731,0.0416782761374497,0.0352609533240907,0.0245113303933088,0.0502743478104765,0.0408461545878116,0.404258037544513
1,0.5,0.2,0.5,0.4,-0.2,0.959131741833501,0.511983986005315,0.243333507039124,0.474924404968646,0.452119203505042,-0.684533010951528,0.0417154407638157,0.036170314548664,0.0244516434342096,0.0485292670278591,0.0419858261544966,0.457513497507537
1,0.5,0.2,0.5,0.4,-0.2,1.03296510152061,0.488640308701788,0.205156980397346,0.55976593034655,0.276149011196103,0.437756246931691,0.0419708595712125,0.037843503915118,0.026077788271773,0.057730750186442,0.0425989606637369,0.21394921456578
1,0.5,0.2,0.5,0.4,-0.2,0.987820180517962,0.482074625939995,0.218143976587137,0.649461345625589,0.367339178843065,0.457965405434,0.0406627017439951,0.0345076010016557,0.0229401993772626,0.0601280962559702,0.0388565801236004,0.218909557055874
1,0.5,0.2,0.5,0.4,-0.2,1.03512779325746,0.478045232984938,0.160855879628708,0.542314227965868,0.325694413856006,0.321991082373222,0.0428814003541524,0.038609041010183,0.0270407644741436,0.0596092229618282,0.0411825568768111,0.260032699988406
1,0.5,0.2,0.5,0.4,-0.2,1.03897314450296,0.476923559035324,0.177898223417928,0.489254976937746,0.376770713321756,-0.197965450395326,0.0416231998940901,0.0358827847603745,0.0270863716287979,0.0537390171228873,0.0428588924220996,0.388615511868428
1,0.5,0.2,0.5,0.4,-0.2,1.01088853256421,0.526865554636463,0.203407376135232,0.519873994874807,0.394188172233893,-0.195846974562974,0.040746894955729,0.0352099878396421,0.0236862330789922,0.0517846896411697,0.043328512213135,0.325325374083288
1,0.5,0.2,0.5,0.4,-0.2,1.02328187562704,0.453126442292928,0.200895261500694,0.477425320182658,0.457934854266078,-0.242619301810031,0.0432728303282876,0.0384105815551047,0.0248789886654369,0.049515288909954,0.038944645330773,0.339165887561735
1,0.5,0.2,0.5,0.4,-0.2,1.00838614978917,0.524585765194625,0.172455981856786,0.448067582566296,0.451525990645353,-0.945506806952491,0.0440833584540054,0.0361736015525103,0.0226710599753145,0.0623222405776643,0.0556241244169391,0.940247960329808
1,0.5,0.2,0.5,0.4,-0.2,0.941698703409509,0.516137767965409,0.189335391069075,0.466543212478558,0.356676569264766,-0.755994068395886,0.0406481597256858,0.0374724693395233,0.0256693805740616,0.0482945340217988,0.0439043912098952,0.463817258054802
1,0.5,0.2,0.5,0.4,-0.2,0.984185505030816,0.53091936230851,0.227216258263967,0.474323624817116,0.44888767707235,-0.508619478375381,0.0442388853176951,0.0380981022647884,0.0244836120631328,0.0506156634169157,0.0436882763517082,0.459349307992055
1,0.5,0.2,0.5,0.4,-0.2,0.999466236526008,0.532097217198262,0.243166148282566,0.440764799076779,0.45712814218826,-0.643209076746555,0.0433448717606622,0.0362092926760889,0.025717933387167,0.0512222325699973,0.042657349031226,0.532961441371394
1,0.5,0.2,0.5,0.4,-0.2,1.03802578493532,0.468047372876225,0.199098097735297,0.484758909530366,0.45248274241088,0.0445277531917722,0.0450197692691697,0.0377307984747356,0.0231399966046896,0.0546629699121396,0.0436332785414063,0.331573032315814
1,0.5,0.2,0.5,0.4,-0.2,0.97494431058234,0.545271671353498,0.214369798292424,0.448064684134795,0.405874156946595,-0.496407308768703,0.0437287842021303,0.0385975267300616,0.0247041067656165,0.0527362702948037,0.0432741074755743,0.448466872853771
1,0.5,0.2,0.5,0.4,-0.2,0.974118888219635,0.547423410480548,0.191355519501241,0.51479171460394,0.367143550091813,-0.428194051392581,0.0403864292294078,0.0363677897190243,0.0248298010910342,0.0527752099295362,0.0442621324362506,0.406645207679233
1,0.5,0.2,0.5,0.4,-0.2,0.917501442818868,0.546790163812982,0.251213140743161,0.577095773260365,0.36107785515062,-0.0901923819058313,0.0403152974621055,0.0350146009040964,0.0268606567127906,0.0536568720962343,0.0417951467445728,0.306033956939771
1,0.5,0.2,0.5,0.4,-0.2,1.02505274451972,0.502518523032446,0.201449961959979,0.523508681069973,0.367918428256113,0.203476072874713,0.044405431992216,0.0386048214644577,0.0247384941374418,0.0572928378179007,0.0414021797445084,0.285977619236479
1,0.5,0.2,0.5,0.4,-0.2,0.954770169703557,0.543047630417066,0.237334198218249,0.373893520033558,0.46850452742651,-2.17253864570152,0.0434875185345992,0.036980018691027,0.0251074867502956,0.0461608267335805,0.0500194575442275,1.27977754709675
1,0.5,0.2,0.5,0.4,-0.2,1.00664778964346,0.497857603726255,0.277490132765089,0.422364957969932,0.464371885096496,-0.886095206783513,0.0437950486704739,0.0380300331698479,0.0241743254932019,0.0501549923003184,0.041941502531304,0.60537400592538
1,0.5,0.2,0.5,0.4,-0.2,0.979929378332111,0.491713718518635,0.191539847304388,0.434424031923089,0.50909965241802,-0.916573890881624,0.0442975338567679,0.0377753036497589,0.0262932034195638,0.0517698250235104,0.0454049830292696,0.613313374383666
1,0.5,0.2,0.5,0.4,-0.2,0.953562981161266,0.524770758529878,0.147306153166021,0.481097185616752,0.490134553232732,-0.937060187981488,0.0413779596323643,0.0353051426174382,0.0234660802696068,0.0473088046173935,0.0439713267128512,0.546993449032208
1,0.5,0.2,0.5,0.4,-0.2,0.951536569491272,0.540766064885288,0.233370848502369,0.475060689058764,0.404898473327602,-0.516461814433375,0.0415881156928154,0.0347350606038659,0.02512275170086,0.0493144693429366,0.0430598089175342,0.381299301167324
1,0.5,0.2,0.5,0.4,-0.2,0.975947855280427,0.47194119181609,0.185778391018457,0.437365984128756,0.48873404675851,-0.496338961446333,0.0498669293781213,0.0430958739497282,0.0238414087123538,0.060819802407518,0.0466863613191784,0.689061135961989
1,0.5,0.2,0.5,0.4,-0.2,1.05383581788035,0.44118663083195,0.210364074537786,0.528000064790275,0.386042197683705,0.183406146365004,0.043193865700111,0.0384442042102342,0.0234560197038697,0.0532514376339839,0.0415221416939743,0.270935364514135
1,0.5,0.2,0.5,0.4,-0.2,1.04736967600355,0.464992790132748,0.156642419797323,0.504648028992851,0.391802569738754,0.0854461550778724,0.0449293298549214,0.038243312399256,0.0275108554119789,0.0583175950534318,0.0413465842206099,0.361711760779006
1,0.5,0.2,0.5,0.4,-0.2,1.05593060379681,0.445225370274434,0.180500633793824,0.590437216679446,0.396716289621434,0.287255697363124,0.0413641453060852,0.0357429007353505,0.0239556163749988,0.0586239415017193,0.0410719251240286,0.27974452595752
1,0.5,0.2,0.5,0.4,-0.2,1.0198262919588,0.497022078690676,0.190407226639053,0.451879851604849,0.403984917625396,-0.314085130394285,0.0448742341728362,0.0389436469797812,0.0254379501217002,0.0524635481045659,0.0412490998197686,0.426650449363411
1,0.5,0.2,0.5,0.4,-0.2,0.975276811067286,0.545266541902751,0.215555901431221,0.48585343872671,0.408379252199225,-0.552270280431677,0.0418489500300289,0.0366755837937415,0.0233445023741211,0.0530032300973927,0.0435309628101486,0.493873853405941
1,0.5,0.2,0.5,0.4,-0.2,0.973436558211669,0.492786156523086,0.222961769861591,0.577192773649509,0.419715259831419,-0.0197754861476629,0.0405882395090745,0.0352046821332168,0.0238276875598026,0.0563978414208294,0.0388636370211468,0.329373592273016
1,0.5,0.2,0.5,0.4,-0.2,1.00323107607367,0.488841783640785,0.187133621908841,0.510476079396529,0.396153132088586,-0.395270640873193,0.0407256536214091,0.0363298530167072,0.0241277004388068,0.0501304246435719,0.0438001631297378,0.405972477607586
1,0.5,0.2,0.5,0.4,-0.2,1.00613138102852,0.46784109692592,0.182019105076501,0.51217681761781,0.38345261643101,0.0524341762932037,0.0442982333880088,0.0382728475935165,0.0250294345635927,0.0580530170744549,0.0390956290726614,0.345325212643923
1,0.5,0.2,0.5,0.4,-0.2,0.961170919432677,0.496708256622298,0.165990971616236,0.567618045069426,0.432745630760454,-0.553362431633677,0.0379706746793468,0.0330463733723036,0.0218342627106818,0.0491227390764357,0.043374504997322,0.43043916658537
1,0.5,0.2,0.5,0.4,-0.2,0.990377438884375,0.515811732871976,0.215560336011976,0.561723034738136,0.408697050458978,0.0934592755316984,0.0414451548896433,0.0362752887159546,0.0254524302164539,0.0559202134324755,0.0417919042035803,0.291612369634197
1,0.5,0.2,0.5,0.4,-0.2,0.999692918083635,0.486549133673257,0.231515256065296,0.507225165840853,0.441783678382397,-0.470112791008939,0.0435480249604757,0.0368746832672391,0.0230123279270225,0.0588643638547984,0.0437376762508678,0.572692002652954
1,0.5,0.2,0.5,0.4,-0.2,0.968547568922751,0.51298842913148,0.184075074279742,0.506481310698913,0.401719116790059,-0.216834643742824,0.0420649591223626,0.0361350417194455,0.0265959221810837,0.0536235788752583,0.0425823933633811,0.366275306440533
1,0.5,0.2,0.5,0.4,-0.2,1.06469453372616,0.515809682752258,0.155924455363036,0.521522720928254,0.317469023250244,0.188215393266571,0.0428415214347358,0.0371008896381797,0.025462041284933,0.0574044601091217,0.0420910067589021,0.294239038771489
1,0.5,0.2,0.5,0.4,-0.2,0.994198171696782,0.506645311694143,0.207870165707469,0.506642077973422,0.381899668843516,-0.0114475478640912,0.0428135061953794,0.0363752236117542,0.0237388681654198,0.0518586313563593,0.0402687866545555,0.289483358409959
1,0.5,0.2,0.5,0.4,-0.2,1.06007880905668,0.488472210864125,0.230822416822333,0.528099786591773,0.367843161353558,0.105654583151287,0.0425836655144644,0.0379277629494915,0.0251971901177108,0.0583087580495586,0.0402644883048079,0.332655423778649
1,0.5,0.2,0.5,0.4,-0.2,0.979213277377205,0.486761392243378,0.216895884816297,0.527857297652554,0.409970957270124,-0.359516736097628,0.0404003564369501,0.0349410228331499,0.0229321196692691,0.0527929109867435,0.0421440839720004,0.410331597265032
1,0.5,0.2,0.5,0.4,-0.2,1.03447139014218,0.450582521334893,0.189987547232413,0.436629788172419,0.453294996519183,-1.00263561246144,0.0427305426864482,0.037339240500331,0.0248096604287687,0.0498137424373581,0.0456773513118846,0.723617841171806
1,0.5,0.2,0.5,0.4,-0.2,0.964195959008751,0.509959168224054,0.172269583016102,0.461438992492536,0.405786661852057,-0.929040405129776,0.0431840870907277,0.0380669077435858,0.0261988755863474,0.0603172896448611,0.0506896126611519,0.832122776463938
1,0.5,0.2,0.5,0.4,-0.2,0.971417841184016,0.516939506209751,0.183476119407417,0.518550470692701,0.374418719835378,0.133866706767867,0.0441778906843637,0.0384218191020996,0.026355522831035,0.0555443845558733,0.0376712369189667,0.284109925309807
1,0.5,0.2,0.5,0.4,-0.2,0.983239174750124,0.517525027506785,0.195595548123485,0.433600060461812,0.454629476806341,-0.944514829983452,0.0434920800867127,0.0368171688668595,0.0243039390926921,0.0525527362104197,0.0462986481307838,0.691050950521816
1,0.5,0.2,0.5,0.4,-0.2,1.03589946943717,0.473386558050866,0.208348777539107,0.466035910446093,0.470121159934335,-0.414162745074737,0.0444267270796435,0.0386980199351205,0.023677860533033,0.0567371782937278,0.0459666294953087,0.53444942199781
1,0.5,0.2,0.5,0.4,-0.2,0.912733290316399,0.525653495524418,0.17346622828586,0.608254018342182,0.402594408172685,-0.127595505011511,0.0378096512487879,0.0332653915821785,0.0243214506057354,0.0492456622593008,0.0401136827281087,0.263995787128216
1,0.5,0.2,0.5,0.4,-0.2,1.09810621950361,0.444496379128392,0.181547259597778,0.507453101234203,0.399905035050477,0.155307226285531,0.0432806248577066,0.0379581983360868,0.0259467874169861,0.0534552595818418,0.0413093514034614,0.292830390951266
1,0.5,0.2,0.5,0.4,-0.2,1.01917867033058,0.466938060319178,0.171322064706344,0.476367905620564,0.40530720343792,-0.0561826268369123,0.0440370123242444,0.0361417053883352,0.0273779570810662,0.0526091369405022,0.0378415877443479,0.32561302828918
1,0.5,0.2,0.5,0.4,-0.2,0.942632673782317,0.568390822154195,0.196205737807838,0.418258058032646,0.424247024598375,-1.00095677684462,0.0424657712659824,0.0365947069757187,0.0247935791862106,0.0454699946242664,0.0421154353413699,0.486881744462487
1,0.5,0.2,0.5,0.4,-0.2,0.970357481449076,0.533418981235542,0.190942647080407,0.500760581706937,0.371246715500471,-0.180799355018441,0.0433092712979725,0.0377731741588791,0.0227924228735313,0.0576874914106275,0.0411206939272196,0.401436898262133
1,0.5,0.2,0.5,0.4,-0.2,0.970666312696509,0.524772934145919,0.20714531018981,0.532961845756248,0.437936640306886,-0.311637407147876,0.0403317737706453,0.0352156625265642,0.0238680469021167,0.0497512152306524,0.0446792776119209,0.346961054443261
1,0.5,0.2,0.5,0.4,-0.2,1.03738118300116,0.454428080820061,0.193227389214,0.444389687456445,0.439216533331715,-0.543498197451041,0.0434097910727257,0.0401550277935007,0.0244918638094998,0.0480528033134201,0.0403638974562274,0.44066743088398
1,0.5,0.2,0.5,0.4,-0.2,1.02662290233282,0.47561094426016,0.178567634300177,0.445920018440862,0.432597248840949,-0.194520883111713,0.0451241832424492,0.0380517789413962,0.0268159336824361,0.052867775969091,0.0397191952496247,0.383218759511853
1,0.5,0.2,0.5,0.4,-0.2,0.971897478537659,0.500180727482402,0.161972830558528,0.475655395391405,0.387802622526543,-0.384849298613034,0.0424550429845129,0.0368979512877949,0.0266936451909829,0.0514810001546533,0.0418134144766399,0.393430622126777
1,0.5,0.2,0.5,0.4,-0.2,0.995725034578073,0.479404852316598,0.197698776239336,0.532330036555013,0.414606677006608,0.11685154520483,0.0435652954639055,0.0396188622472013,0.0240068287240101,0.0547584038952553,0.0412107956491689,0.289877023551585
1,0.5,0.2,0.5,0.4,-0.2,1.03267825793272,0.509286431559708,0.167554805108553,0.513582335592565,0.386932529621225,-0.0703936202121175,0.0420086279028373,0.036055176468702,0.0238353410937111,0.0558896851574769,0.043871797779897,0.358623247982077
1,0.5,0.2,0.5,0.4,-0.2,0.993444288099322,0.499599621737194,0.232790391021499,0.503616101570051,0.392133534464402,-0.404633085862084,0.0403115670452371,0.0352157531024442,0.0245142617875941,0.0509143122715727,0.0415874279841901,0.403771250638292
1,0.5,0.2,0.5,0.4,-0.2,0.986430002765528,0.489616003478205,0.202568477384382,0.542590768938263,0.343410183538781,0.0524755460685871,0.0413718577099227,0.0364310660219959,0.0263549374828743,0.0547582656635825,0.0427522865793301,0.291526191350023
1,0.5,0.2,0.5,0.4,-0.2,1.03117969334004,0.503814569567587,0.171724069243921,0.656277551471928,0.294890557062937,0.551312885296602,0.0400587550741012,0.0347505334683099,0.024313947241817,0.0614827132106386,0.0427230845157131,0.209589763637776
1,0.5,0.2,0.5,0.4,-0.2,0.962818728412432,0.524510050474194,0.208894274556136,0.500558876626823,0.440993790042299,-0.437176213397392,0.04094891452758,0.033481539164334,0.024480846592501,0.052431838922049,0.0440826424407429,0.416538709476221
1,0.5,0.2,0.5,0.4,-0.2,0.997846617029405,0.495744608767511,0.209909018553876,0.532732612021251,0.427194706227836,-0.282687644375182,0.0395592131978509,0.0346937393368816,0.0245523062540661,0.0479810342387869,0.0408931587364211,0.3227571195463
1,0.5,0.2,0.5,0.4,-0.2,1.06825730917929,0.442634906786731,0.160460397339765,0.519682568388166,0.353010451420995,0.144012094682453,0.0427808620110561,0.0377393623824861,0.0261287179649904,0.0561656219320194,0.0401523172314416,0.29799725171394
1,0.5,0.2,0.5,0.4,-0.2,1.04647710890495,0.475754007600441,0.183130973516943,0.509433218718103,0.353013905853043,0.0519438946156983,0.0423494237624079,0.035613780058035,0.0271161724456051,0.0564591026485606,0.0419947087221447,0.326976656074749
1,0.5,0.2,0.5,0.4,-0.2,1.09733380066921,0.493029801271034,0.218114139011011,0.50675988308054,0.34736481189845,0.136967181209407,0.0430684420922217,0.0372679048314464,0.0248685136159895,0.0557073978182508,0.0410230276331966,0.309322274074417
1,0.5,0.2,0.5,0.4,-0.2,1.03599199087688,0.509868921048836,0.191112942139475,0.494558995859986,0.346308088544325,0.0522996290891004,0.0424342002184663,0.0370209839060283,0.0264384673870988,0.0561392038119081,0.042315258406013,0.303442669846935
1,0.5,0.2,0.5,0.4,-0.2,1.0547531050339,0.458310170740126,0.197549409083576,0.454374459198884,0.416486708714276,-0.268677140370726,0.0445565640586782,0.0383319343212247,0.0266980299797353,0.0595630213415848,0.0441127282048865,0.514555049065389
1,0.5,0.2,0.5,0.4,-0.2,1.07036918718898,0.458074099366454,0.234779608405301,0.460194407407212,0.356538602021725,-0.191911218345411,0.0436428525760063,0.0379733094582015,0.0270404918952885,0.0558116832098594,0.039348120656415,0.403988232414941
1,0.5,0.2,0.5,0.4,-0.2,1.0560968432111,0.497844563778667,0.17386725692746,0.464475525779737,0.404802694385517,-0.0536506192068724,0.0441565350433288,0.0382591095844352,0.0260880899212698,0.0509805369970333,0.0389244785200935,0.324875673691674
1,0.5,0.2,0.5,0.4,-0.2,1.06132562664951,0.467075017936545,0.173654881267826,0.573021281437344,0.373142382178647,0.0550578106510074,0.0391505183743722,0.034158279795923,0.0240685307880751,0.0526550778743148,0.0408047772700617,0.293071412954744
1,0.5,0.2,0.5,0.4,-0.2,1.02065627830574,0.52139668206796,0.212530783011908,0.47582097202292,0.35004290386509,-0.0170910327680608,0.0432460246457854,0.0373108397051863,0.025072714488333,0.0522138030606038,0.0388003585456453,0.285075146324031
1,0.5,0.2,0.5,0.4,-0.2,1.07170681522382,0.463941397831945,0.200326212864986,0.38492827753143,0.434851438039947,-0.319999367434156,0.0475291277607788,0.0413720990909667,0.0283912488452863,0.0515095364442336,0.0413102566849108,0.421822962700886
1,0.5,0.2,0.5,0.4,-0.2,0.972296046918847,0.520945542361557,0.173624298472401,0.487719013006734,0.401110299367537,-0.373470230880336,0.0420240671200564,0.0362877173949438,0.0241589119825891,0.0519594403908459,0.0461046897068181,0.390606991616305
1,0.5,0.2,0.5,0.4,-0.2,0.977103039403426,0.514970863941897,0.162003988875462,0.435804622444771,0.416359121036643,-0.47301546911958,0.0441026288454345,0.037692977455275,0.0268839836897165,0.05183214543169,0.0426116525238073,0.41820089567873
1,0.5,0.2,0.5,0.4,-0.2,0.977460749424463,0.474463089214619,0.239000204588746,0.503554399093617,0.445498994864566,-0.19502748013611,0.0434471337005361,0.0390892653476504,0.0266764127884447,0.0509513998569521,0.039533468261301,0.354323115035069
1,0.5,0.2,0.5,0.4,-0.2,1.09771954685533,0.455722620247443,0.1904404040273,0.536622107188554,0.410547335739585,0.287994344284631,0.0438947473779103,0.0372193211242683,0.0249580498738703,0.0576545943658054,0.0376021757347236,0.295211072031097
1,0.5,0.2,0.5,0.4,-0.2,0.957204417624801,0.550650510150452,0.206434799663521,0.587745457583223,0.372232460965008,-0.18654024913647,0.0381091501504632,0.0341957773395547,0.0247029100725532,0.0493066681569712,0.043568156403562,0.294862801062095
1,0.5,0.2,0.5,0.4,-0.2,0.977578050271978,0.511321373306477,0.181120944087955,0.494991878773177,0.424403134785393,-0.219150678468192,0.0437548906097182,0.0387390542717298,0.0244178053248193,0.0537752065631454,0.0432678053008585,0.37282165907606
1,0.5,0.2,0.5,0.4,-0.2,0.939975855745084,0.516317882879611,0.223330869060773,0.547301245552278,0.411375652077253,-0.266130827844942,0.0404763780511979,0.0360199065307322,0.0223400303923371,0.0524975986666522,0.0456860327868455,0.35655504013183
1,0.5,0.2,0.5,0.4,-0.2,0.973568738437666,0.532983830658778,0.159342003211756,0.544535801625867,0.36570076069094,0.0255714010559974,0.0428227964259162,0.0374166299160946,0.0238911305593919,0.061262746289035,0.0432467185474037,0.354502117633945
1,0.5,0.2,0.5,0.4,-0.2,1.04869706847905,0.463581432280008,0.265020872133073,0.464617491687143,0.466858854377177,-0.437954628600414,0.0425905049800253,0.0368516241484849,0.0253558703875156,0.0487607474329294,0.0401073699780622,0.385832740015558
1,0.5,0.2,0.5,0.4,-0.2,1.05821984074538,0.466030814111999,0.143674505257633,0.501668847539897,0.368265217829708,-0.0717004858613996,0.0413921463806086,0.0360400801285795,0.0227338506517446,0.0538814206203102,0.0430637680771242,0.332257767099137
1,0.5,0.2,0.5,0.4,-0.2,1.00661498180427,0.511279789581369,0.192089464589584,0.466255539256567,0.443119604288514,-0.313832160705765,0.04397105516265,0.0375282701666799,0.0240596521187705,0.0530136471097216,0.0407562129216667,0.396871571819856
1,0.5,0.2,0.5,0.4,-0.2,0.982253803745935,0.511141633532425,0.201126308621028,0.505703646224384,0.383647042529595,0.0511921956967842,0.0444766582860077,0.035961997778709,0.0254617908050062,0.0567118456571857,0.0396651733279372,0.32223137332478
1,0.5,0.2,0.5,0.4,-0.2,0.960307930777036,0.497178593017952,0.11746648291174,0.48273848295134,0.435943829513737,-0.501318344107943,0.0420836113497693,0.0365079352158132,0.0236112277735282,0.0487030331923446,0.0417096415134626,0.407553791658081
1,0.5,0.2,0.5,0.4,-0.2,0.963948914037925,0.489558854240247,0.249432271271943,0.58299808389942,0.360163141886923,-0.0829374608891889,0.0383277183247182,0.0339319560607145,0.0238087363484806,0.0475915719702539,0.0382750690370423,0.247805623136797
1,0.5,0.2,0.5,0.4,-0.2,0.988881710027751,0.523417546273026,0.177791112144676,0.504136563374733,0.366993773172246,-0.131350313491245,0.0417043711272111,0.0361853165420214,0.0265050948493581,0.0536947109330912,0.0435151369669267,0.335576038479761
1,0.5,0.2,0.5,0.4,-0.2,1.01472962933401,0.535157990551866,0.204071704554819,0.501899821814642,0.400266349555679,-0.258615602654758,0.04169989277658,0.0367164414695008,0.0249836009933974,0.050439538504017,0.0413204428715679,0.342198696987652
1,0.5,0.2,0.5,0.4,-0.2,1.00726913936479,0.53096399575883,0.231647743996996,0.539648558493557,0.424971953067208,0.236694322375128,0.0462960701344353,0.0400261183189997,0.0241114819444783,0.0630651693069888,0.0401762946684645,0.33483118793704
1,0.5,0.2,0.5,0.4,-0.2,1.00599656616108,0.54013355375059,0.197411697539238,0.467023378071466,0.396418578528141,-0.365387459285306,0.0426808170856058,0.0383182777605089,0.0223363801829712,0.0491250845501058,0.041870624821976,0.360203267869455
1,0.5,0.2,0.5,0.4,-0.2,0.948737189159366,0.586522504398326,0.211998788416954,0.456066847378169,0.391977720953365,-0.526308262722302,0.0433980492707204,0.0387941372366754,0.0261048598693133,0.0507396970541881,0.0398108481481675,0.412136488857291
1,0.5,0.2,0.5,0.4,-0.2,1.00936449208241,0.527138866769195,0.257856790683368,0.487054473840319,0.425564449780118,-0.141094314783223,0.0438855540327189,0.0382041378187171,0.0243709000899429,0.0507373633460764,0.039727868835034,0.326535664125971
1,0.5,0.2,0.5,0.4,-0.2,0.997601675957659,0.49410295341056,0.211240087769922,0.514794827393537,0.343292539577416,-0.0640653495139458,0.040997693409785,0.0370037995679247,0.0255344805824766,0.0477860746324173,0.0379482842302925,0.254855406768961
1,0.5,0.2,0.5,0.4,-0.2,0.990631132729037,0.51791160471393,0.157723835920453,0.454985087077812,0.416697775311898,-0.307577202646468,0.0433516241235066,0.0362874409716832,0.0254663976541895,0.0511347373419354,0.0407154843781728,0.367756282120348
1,0.5,0.2,0.5,0.4,-0.2,0.950917585629299,0.554800019561532,0.150564649265329,0.48433557121024,0.420378293001102,-0.419003543406772,0.0420724867634639,0.0344368891413786,0.0249975898956935,0.0523414667551901,0.0451555118632938,0.400335313576446
1,0.5,0.2,0.5,0.4,-0.2,1.00514357098759,0.487832519453281,0.216630177962674,0.446564549731266,0.427162359035446,-0.935021742598762,0.0420070306914577,0.0371051817737322,0.0232486962489215,0.0492592533648377,0.0430194909855233,0.594210779909449
1,0.5,0.2,0.5,0.4,-0.2,0.965529437190295,0.522618633066589,0.185781707031441,0.598007483751593,0.322482151938276,0.242260368260518,0.0412287207579724,0.037108413497129,0.0240498676042258,0.0596958839655345,0.0423500677672132,0.269622566704499
1,0.5,0.2,0.5,0.4,-0.2,1.00809398431829,0.514857961318006,0.185255695737056,0.484745012497306,0.382613649306704,-0.151942886638882,0.0429157698452609,0.0364046963455069,0.0260766545537591,0.0561628936162376,0.0409324098348701,0.366143123615888
1,0.5,0.2,0.5,0.4,-0.2,0.988194641811268,0.532337384826799,0.213046147112645,0.460107206497226,0.413756642174704,-1.07834353711178,0.040192179095801,0.0344302362435769,0.0255036561059025,0.0475832091750996,0.0433081392274426,0.615385199148974
1,0.5,0.2,0.5,0.4,-0.2,1.01009368794212,0.495400769483923,0.164841335777834,0.489784041277544,0.445475405654899,-0.74512947278492,0.0408824253733916,0.0362499331369883,0.0235444056386897,0.0493441159302039,0.0447974775282342,0.530922084968036
1,0.5,0.2,0.5,0.4,-0.2,1.05300139061663,0.488477433294392,0.185120171736448,0.45754915882223,0.434500231643723,-0.812620932769192,0.044105052797932,0.0394450422017342,0.0234510054323467,0.057800658763032,0.0479369450853098,0.797153484929764
1,0.5,0.2,0.5,0.4,-0.2,1.00033752768699,0.503654398254286,0.229380784545521,0.453602284917929,0.416548143874483,-0.111840809768501,0.0472956155955681,0.0403118113954669,0.0269698197078616,0.0639984861741709,0.0431648301739251,0.468254299538491
1,0.5,0.2,0.5,0.4,-0.2,0.975106712516926,0.475644215068891,0.192638538516985,0.513093151182978,0.420450940483722,0.023622210421056,0.0436562114619182,0.0370058708239572,0.0227003112640033,0.0552005576698261,0.0424846120743687,0.322885724906408
1,0.5,0.2,0.5,0.4,-0.2,0.986065818848161,0.487970190405949,0.163682201562285,0.605885976237376,0.328486263271581,0.0982357980722763,0.0389670845303387,0.0350790887236681,0.0240318071909236,0.0556288177356242,0.0412733851036291,0.281172795960659
1,0.5,0.2,0.5,0.4,-0.2,1.06413668704461,0.452987419231505,0.243698859405749,0.460814031686147,0.426927797989492,0.081869456429187,0.0465667413763662,0.0402777059196241,0.0246191506091187,0.0564805711083706,0.0374844803374496,0.333903532686728
1,0.5,0.2,0.5,0.4,-0.2,0.97902655560063,0.492522274312302,0.214903787182172,0.572897952020772,0.354365807195046,0.0552862823300969,0.0398492643427751,0.034479145119102,0.0240707170188461,0.0526757452490043,0.0374037794746208,0.265440745380508
1,0.5,0.2,0.5,0.4,-0.2,0.994231033866037,0.496427329793151,0.18314018404568,0.502429972353051,0.39870177749464,-0.12171486312986,0.042463621925732,0.034274937679367,0.0258001346186908,0.0579069397546708,0.0423444949576386,0.384123783619617
1,0.5,0.2,0.5,0.4,-0.2,1.02169512813312,0.482525389470019,0.16843555212685,0.475841389964982,0.368466886126388,-0.355918071354704,0.0419366731641256,0.0364364786029125,0.0246373480409133,0.0577913562328474,0.0440046797550844,0.476475350406946
1,0.5,0.2,0.5,0.4,-0.2,0.965708394756936,0.516641829958246,0.209514350200385,0.409599158101812,0.401240913717278,-0.793674979523539,0.0436171853880924,0.038805067353153,0.0267776877838873,0.0481537414450489,0.0416411609494068,0.467180996725356
1,0.5,0.2,0.5,0.4,-0.2,1.00432666311516,0.479959900505808,0.217139039022627,0.467796500949781,0.428850951223357,-0.216182714016757,0.0446297648084615,0.0388515240496219,0.0240975273767542,0.0519374017815166,0.0393023126013787,0.364902962478584
1,0.5,0.2,0.5,0.4,-0.2,0.916902506130489,0.502725686380064,0.168220903166763,0.573626623577435,0.422372600593267,-0.130164279276763,0.0411110814598037,0.0344595028324622,0.0235103751182816,0.0542024335444765,0.0420495000015599,0.337085090832182
1,0.5,0.2,0.5,0.4,-0.2,0.973421192590762,0.485326358497616,0.16322592392517,0.472404344597758,0.48933731951699,-0.288213288834011,0.0453364266736379,0.0379765602377293,0.0246900727019448,0.053947724078164,0.0419604728330052,0.426920393964663
1,0.5,0.2,0.5,0.4,-0.2,0.941209948214557,0.565736947537441,0.159868160736384,0.483052697808625,0.404034020998605,-0.178567342763633,0.0438900783131536,0.0400740908454361,0.0272406929511497,0.0525791064511463,0.042821870698103,0.33446864737931
1,0.5,0.2,0.5,0.4,-0.2,1.07435570922593,0.464656883468812,0.185566294935522,0.471280652224394,0.45894291463061,-0.472577233152346,0.0436473317914706,0.0367683835926245,0.0242896847477678,0.0567922703228418,0.0461432149299474,0.587939155030702
1,0.5,0.2,0.5,0.4,-0.2,0.990068618223757,0.489074999623877,0.223958078911613,0.480359672006179,0.414940425791679,-0.215235157922169,0.0439522453297749,0.0370787105569735,0.0244197032510852,0.0543955873597008,0.0419331925712798,0.400911642400912
1,0.5,0.2,0.5,0.4,-0.2,0.979995278283717,0.485609291425591,0.211566980150063,0.581425056964032,0.433294899017822,-0.0605689797912032,0.0412036448113605,0.0348527560944066,0.0232750318988082,0.0577265802910617,0.0447402527875035,0.395956899484273
1,0.5,0.2,0.5,0.4,-0.2,1.01087780190074,0.517036043863542,0.197616895368727,0.475854476654983,0.420555864563829,-0.300852129255811,0.0436022683376696,0.0368958789787521,0.0249518281248177,0.0587936067224526,0.0429486181260035,0.492685463420785
1,0.5,0.2,0.5,0.4,-0.2,1.0524535947744,0.456949977780958,0.180150475510709,0.457306770381997,0.430536891437688,-0.457119878575047,0.0430756639304696,0.0387682968516464,0.0252304753419868,0.0518036246139146,0.0421717990959985,0.444791609168481
1,0.5,0.2,0.5,0.4,-0.2,0.973647440470758,0.475097650291662,0.19635083765278,0.495628332222626,0.440124016060518,-0.524234972815138,0.0412267992805509,0.0348592912746608,0.0239531275139976,0.0504099208141367,0.0416501937910959,0.439848004129089
1,0.5,0.2,0.5,0.4,-0.2,1.00104768338489,0.499866377735404,0.202675791047092,0.41337579131744,0.404612253596673,-0.826168850309978,0.0467936187378303,0.0404571326769815,0.0262705619180205,0.0639660122931397,0.0502145707404344,0.837817311201769
1,0.5,0.2,0.5,0.4,-0.2,1.00755877964769,0.491002163502052,0.188758875378056,0.495493649033923,0.420509337957769,-0.1876212886752,0.0431103798752207,0.0375921817305962,0.0222570062877394,0.0512772778875047,0.0388824048953082,0.336974335171439
1,0.5,0.2,0.5,0.4,-0.2,0.980220128565364,0.503597153188226,0.184981129127683,0.473143922380702,0.490726848558085,-0.93569620216024,0.0415738918365535,0.0350229847043275,0.0223602147214332,0.0489035010668323,0.0452299418045145,0.60676372967603
1,0.5,0.2,0.5,0.4,-0.2,1.00589450884433,0.513468533516583,0.192141310552945,0.528857532347522,0.365773134095095,0.012751726581254,0.0414359332083904,0.0353257291908026,0.0260063685893881,0.0543185557555507,0.0448703023282442,0.308790177567856
1,0.5,0.2,0.5,0.4,-0.2,1.02960724521286,0.502404042176455,0.177900442817986,0.509502001677138,0.393973170770828,-0.070631066490208,0.0432338189394067,0.0370443939299436,0.0264063811953996,0.0555160876537923,0.0428051581172859,0.375250850356288
1,0.5,0.2,0.5,0.4,-0.2,0.947035886011037,0.532283785598528,0.190683399542788,0.494380254620236,0.414792405497328,-0.43583003780374,0.0415259163054832,0.0369536628874199,0.0249450412086615,0.0505156280153595,0.0415056170506412,0.403863583380506
1,0.5,0.2,0.5,0.4,-0.2,0.939520520337241,0.539628963472818,0.180016752915735,0.455726872408832,0.405237846856373,-0.448154822848575,0.0459724941922779,0.0410350130618282,0.0245556277586691,0.0634350382963303,0.0518810814597131,0.574951801337037
1,0.5,0.2,0.5,0.4,-0.2,0.961352815778862,0.525896504025277,0.196864584154177,0.467944247012381,0.381354128675079,-0.175541709743431,0.0437980321226043,0.0378639648715699,0.0279072813436887,0.0532469462338199,0.0409882640764144,0.327628754368002
1,0.5,0.2,0.5,0.4,-0.2,1.00231890849747,0.508492446615181,0.228284797920812,0.476853877143545,0.475686402621466,-0.903095284365582,0.0421054732708339,0.03454625419619,0.022861693863002,0.0560308813716295,0.0507951141529044,0.773101470242193
1,0.5,0.2,0.5,0.4,-0.2,0.919699985564835,0.538207207242455,0.18638806126573,0.59026309484853,0.407680518914736,0.100070834847355,0.0421189394525466,0.0362837225255288,0.0229267054819765,0.0578498410934092,0.043547485415903,0.303800833583203
1,0.5,0.2,0.5,0.4,-0.2,0.964950325805889,0.496846472948602,0.208866939035396,0.49920555908576,0.376491310970702,0.0194378979726043,0.0449267080280569,0.0377845959585979,0.0236571916107855,0.0590216226858824,0.0395744348535924,0.338643740248788
1,0.5,0.2,0.5,0.4,-0.2,1.05027815332561,0.472822001212951,0.194394136203529,0.538907315370433,0.369472222204565,0.0421147327183993,0.0416659313385389,0.0378695473720813,0.0235316229016547,0.0523965521239797,0.0409540281717359,0.301682043748137
1,0.5,0.2,0.5,0.4,-0.2,1.07353472570718,0.48301702645161,0.197014453533198,0.518291713914215,0.355402995907119,0.0266490271987008,0.0411109417396048,0.0356364312217012,0.0257144053112681,0.0511275836682279,0.0418060848058047,0.29216471985336
1,0.5,0.2,0.5,0.4,-0.2,0.997225713849724,0.554019435537298,0.179376215551014,0.475827996987411,0.42208913705296,-0.791215857394408,0.0420878945296905,0.0365572264072826,0.0246116549921675,0.0535097877866823,0.0512584429429487,0.667305357012872
1,0.5,0.2,0.5,0.4,-0.2,1.04496305789605,0.432558423757995,0.212592018934532,0.465984905424133,0.441487863371091,-0.553961488112083,0.0415575550538209,0.0355276352835619,0.0233812722430778,0.0483693912950073,0.0431284265679018,0.445513834195277
1,0.5,0.2,0.5,0.4,-0.2,0.96970946255869,0.52760900204812,0.198956743921049,0.494883266043489,0.436714575610336,-0.302688868370227,0.0424513488818943,0.0368511642866983,0.023819553923312,0.0501650990655583,0.0406304605539478,0.344427535862174
1,0.5,0.2,0.5,0.4,-0.2,0.993766709673806,0.509667128421789,0.192522408355882,0.423126116358078,0.4495498679426,-1.25248471773307,0.0434636544304697,0.0367686304520459,0.0244745821065857,0.0582586604159958,0.0563798894178052,1.01717360877063
1,0.5,0.2,0.5,0.4,-0.2,1.01598308847316,0.48311672557625,0.233361674342086,0.475647568354644,0.40523649164573,-0.363929771508351,0.0419878841585792,0.0357261670652294,0.0244512098350215,0.0529354974971436,0.0442084694160116,0.412212409085791
1,0.5,0.2,0.5,0.4,-0.2,0.996971787084137,0.514092037151711,0.212695587513958,0.458054561548029,0.41351480771485,-0.312883321571169,0.0456987092177863,0.0394469634888256,0.0232176064710736,0.0553595543240893,0.0406843350337014,0.43884879951483
1,0.5,0.2,0.5,0.4,-0.2,1.0435243223258,0.427828562779574,0.193293245891581,0.480000073214697,0.44018513681164,0.0261749942635573,0.0449751447802101,0.0387974604098417,0.0242562533299134,0.0543120506413579,0.0395272960048921,0.324491937186429
1,0.5,0.2,0.5,0.4,-0.2,0.955671049698596,0.556298691723234,0.245907166307362,0.430855534239829,0.358744078832585,-0.542866914589857,0.0436348294763136,0.0393623713974323,0.0286283961545032,0.051105888220991,0.0404173063113521,0.424412970436193
1,0.5,0.2,0.5,0.4,-0.2,0.974180160936338,0.505641702491372,0.205879765252251,0.490256356760947,0.40711894298506,-0.432590047084008,0.0416691585839919,0.0374345774560094,0.024015456342035,0.0485412657782203,0.0419539190316638,0.380691042783468
1,0.5,0.2,0.5,0.4,-0.2,1.06949840402396,0.448149820254379,0.190814076761188,0.513354142272794,0.463542659485684,-0.043869862049458,0.0428232545759428,0.0379180679433778,0.022014394489262,0.0531639056902218,0.0410723764885222,0.324604959454589
1,0.5,0.2,0.5,0.4,-0.2,1.0087069083548,0.553998853793508,0.205940725866718,0.556132054155577,0.401955013197418,-0.228114395941507,0.0394379770560325,0.0339972856911098,0.0222837062867701,0.0497505116658918,0.0406854597460621,0.347006609507246
1,0.5,0.2,0.5,0.4,-0.2,0.969665886083596,0.514516350830568,0.204373370876293,0.486373451276045,0.448797707312919,-0.310480150157958,0.0450863852768847,0.0386030736249856,0.0223170314420524,0.0603007568522258,0.0411226593329013,0.505279330177307
1,0.5,0.2,0.5,0.4,-0.2,1.03274675640961,0.509303652268818,0.235958916124994,0.550868364171126,0.417486356467576,0.154188748459768,0.0422930163977977,0.034706144548864,0.02557675886294,0.054456234205979,0.0426290630828633,0.274057803470728
1,0.5,0.2,0.5,0.4,-0.2,1.03701205668805,0.427899071350869,0.187282410219479,0.508708592840913,0.389941139592299,-0.0125270367646931,0.0435388882305436,0.0369486894332741,0.0254022262845366,0.0602292102672943,0.0429784962234801,0.393736672975423
1,0.5,0.2,0.5,0.4,-0.2,1.10401945433464,0.439939067692386,0.190627946111135,0.53767783125655,0.352390715426703,0.183853961859878,0.0418227022098242,0.0349460711142993,0.024252431549564,0.0562376024576739,0.0409705209272874,0.301806496688444
1,0.5,0.2,0.5,0.4,-0.2,1.01210687248921,0.51009940685315,0.228199996080803,0.375845321235877,0.449640626374631,-1.48491532498642,0.0442099872508268,0.0387398077411801,0.028445199572537,0.0455444737319446,0.0463370302173916,0.819921837648406
1,0.5,0.2,0.5,0.4,-0.2,1.00926431469575,0.516141143055135,0.197254432182416,0.512122533883508,0.388244697225846,-0.330670830601381,0.0440093284632415,0.0397170203897244,0.0239886796639862,0.0621868503266265,0.0436562492331563,0.545755504027713
1,0.5,0.2,0.5,0.4,-0.2,0.994708423342924,0.481997220064249,0.187310953483133,0.627272023891463,0.391225913108466,0.208593328893479,0.0393846352506707,0.033888103736283,0.0208754036838084,0.0568779097673632,0.0413832554713502,0.260165801045099
1,0.5,0.2,0.5,0.4,-0.2,1.00763394959708,0.489254429249888,0.181724438783446,0.585313712414881,0.407646938169921,0.23979718802647,0.0413808649122114,0.0352336252996358,0.0217061695542434,0.0543201261136009,0.0387907985769768,0.247409584254854
1,0.5,0.2,0.5,0.4,-0.2,0.95515289971183,0.499303154891807,0.221315998621941,0.54981933844378,0.412679006461594,-0.380236776245651,0.0391635836769499,0.0341199930893384,0.0251595866588935,0.050341336746319,0.0426331905854198,0.371758052985497
1,0.5,0.2,0.5,0.4,-0.2,1.01735074253007,0.485226194567095,0.199271915217073,0.529147895203443,0.450793756550405,-0.18388916139824,0.0424081270566554,0.0369455973738108,0.0223910739086204,0.0527428994231998,0.0415144688972391,0.385986381822353
1,0.5,0.2,0.5,0.4,-0.2,1.00119919859608,0.492047894782747,0.208358125066428,0.455609043401216,0.47319880236853,-0.107053191027555,0.0462021304646082,0.0376696524659438,0.024099230768566,0.0553075141106817,0.0412040123970363,0.373301864301377
1,0.5,0.2,0.5,0.4,-0.2,0.934578404114897,0.546819624269007,0.181838652446942,0.506638062256217,0.370036611108092,-0.826619472839243,0.0385323638251099,0.0335933269836732,0.0257110123295183,0.0509954339336417,0.0472316274060766,0.552673552639005
1,0.5,0.2,0.5,0.4,-0.2,0.991900374364711,0.492844889792156,0.165452357007846,0.491764228356481,0.426290784485705,-0.247751352024433,0.0453614312483803,0.0390755139067761,0.0273157229827612,0.0603837095226094,0.043221532349438,0.49378288642453
1,0.5,0.2,0.5,0.4,-0.2,1.01138793447254,0.432349076367558,0.207318422627589,0.527510352182118,0.469279541493649,-0.230593147150509,0.0410049286720538,0.0348563033554054,0.0218284594647891,0.0499310613656582,0.0396325012510158,0.343029885696861
1,0.5,0.2,0.5,0.4,-0.2,1.00014121686713,0.505264577195385,0.175091389078198,0.521065586349769,0.375806087792286,0.141860187205366,0.0434930098908509,0.036056807033513,0.0243474101526041,0.0579001064547753,0.0407377130018229,0.297227901748835
1,0.5,0.2,0.5,0.4,-0.2,1.06996785030913,0.482751975530645,0.161599452622977,0.441853927162272,0.430236888619118,-0.45304721445177,0.0435964000935282,0.0374817406437619,0.0234718473128677,0.0510220948344819,0.0420750015062209,0.44648608391515
1,0.5,0.2,0.5,0.4,-0.2,0.922357351745936,0.54590617807905,0.220065457626325,0.462378510097039,0.479433411541782,-0.968705666071375,0.0421660093612298,0.0358424726187855,0.0242745834324821,0.0484932994933334,0.0432000309705946,0.576807571177804
1,0.5,0.2,0.5,0.4,-0.2,0.993967911480489,0.465519167230635,0.247805025675769,0.515432027836899,0.443698437553699,-0.168297367125281,0.0430167624398292,0.036664575783183,0.0230607498978425,0.0532140484681772,0.0413647141237957,0.376522235511373
1,0.5,0.2,0.5,0.4,-0.2,1.06892361895925,0.466438455164202,0.165023216795428,0.507861450362695,0.366972806677022,0.228923040685169,0.0432064377160206,0.03651621004468,0.0278659985068434,0.0550515677059168,0.0407177947269135,0.265998309489107
1,0.5,0.2,0.5,0.4,-0.2,0.972743215974355,0.512211922700776,0.197204571890018,0.539827680334696,0.344170991263255,-0.145580211267149,0.0398953578346686,0.0358161781756885,0.0258776763886631,0.0526498250937615,0.0434068849416363,0.310367192982468
1,0.5,0.2,0.5,0.4,-0.2,0.954073139380118,0.543169010086514,0.210618545790099,0.452096780237519,0.370357646719064,-0.637416901258578,0.0418581508174318,0.0380023669417245,0.026508755376663,0.0496711189793934,0.0430123075411167,0.42510498455086
1,0.5,0.2,0.5,0.4,-0.2,1.08512039546058,0.445191931757546,0.230608020119049,0.448451950048997,0.414505296995716,-0.205387310243542,0.044954178803613,0.038917139325027,0.0252946862249047,0.0531739606661008,0.040941691778305,0.405685966249779
1,0.5,0.2,0.5,0.4,-0.2,0.982695420268383,0.546425278290663,0.195098960984214,0.460746521041447,0.422361638180575,-0.627390897470626,0.0420232470805689,0.0353326885698896,0.0247825267493655,0.0505947187964817,0.0428649684286443,0.478597171180021
1,0.5,0.2,0.5,0.4,-0.2,1.01389845282083,0.443482804848214,0.175899403408506,0.563909188401984,0.443347403644813,-0.304447455683463,0.0386846763453989,0.0348852237736096,0.0202865171297835,0.0476428690320709,0.0401368026284343,0.333771395642176
1,0.5,0.2,0.5,0.4,-0.2,1.03744374262776,0.482621314415435,0.190175208430715,0.425539882514732,0.387716739082269,-0.406318055153001,0.0455300935135026,0.0397976272143025,0.0255745187245377,0.0557479494261229,0.0428328547563934,0.484077998059795
1,0.5,0.2,0.5,0.4,-0.2,1.00592350437586,0.536066358650403,0.246094861752386,0.502154402726479,0.316389343041483,0.000710244299156262,0.0422428814859885,0.0375935373743495,0.0283088664630562,0.0558340738947285,0.0426840311664873,0.316575444870201
1,0.5,0.2,0.5,0.4,-0.2,1.00395767556163,0.485449153117404,0.214840302511134,0.483326675081321,0.368432237249651,-0.34480353507516,0.0413859821522531,0.035295159960191,0.0264920714424647,0.0538352174489566,0.0445121165543131,0.413280617212235
1,0.5,0.2,0.5,0.4,-0.2,1.01140400895356,0.438276318476259,0.212895791646498,0.433626122672167,0.464242424745719,-0.63468028084904,0.0438682711633181,0.0395177291684698,0.0253287240053877,0.049283045775437,0.0412239663687229,0.466453623677096
1,0.5,0.2,0.5,0.4,-0.2,0.97952696813971,0.506626646385279,0.208446844045675,0.628391322243823,0.306463708181701,0.15860082084222,0.0368576216021761,0.0337672124864531,0.0237445219413591,0.0536142483959533,0.0469320555623009,0.226606374794993
1,0.5,0.2,0.5,0.4,-0.2,1.05534318991624,0.442958805620243,0.192991828086365,0.446325048405723,0.447082314697857,-0.229489687450079,0.045915062792029,0.0396400439622315,0.0249150447171595,0.0527295389495369,0.0396999320288471,0.410230350231522
1,0.5,0.2,0.5,0.4,-0.2,0.945401377753801,0.5084153066805,0.247607331268545,0.552115982721965,0.44537653911965,0.152219232389943,0.044148175537304,0.0364159687205959,0.02390033388267,0.0591729165577309,0.0416060375181121,0.304567440358771
1,0.5,0.2,0.5,0.4,-0.2,0.931669530420464,0.569985778585761,0.199633888837193,0.543910721082153,0.409181227936737,-0.465776947383845,0.0401560645374867,0.0350689719358304,0.0232932297942547,0.0509419679271529,0.0460102972024014,0.419459431793293
1,0.5,0.2,0.5,0.4,-0.2,1.01173434344188,0.510419593963654,0.218450034334265,0.385884933513946,0.456307498731743,-0.931863654055071,0.0447397489894384,0.0393946766704756,0.027405300059223,0.0456812810459137,0.0409098871810722,0.494220681076341
1,0.5,0.2,0.5,0.4,-0.2,0.999014301659447,0.508871303693957,0.162185203557713,0.491599399653732,0.401698529283319,-0.216081135876051,0.0419470763659503,0.0357720885283282,0.0238007870257971,0.0488994059519763,0.0391287701903648,0.312717898182721
1,0.5,0.2,0.5,0.4,-0.2,1.0019105062862,0.509735842729414,0.21605091888854,0.608384140023698,0.355139882635551,0.31263746779264,0.0400876103692916,0.0345306425888046,0.0256481696387642,0.0557166125795015,0.0437470132614769,0.235365820196433
1,0.5,0.2,0.5,0.4,-0.2,0.990682880760063,0.509132552350554,0.18881006177258,0.537282957789547,0.385880773981611,0.0206401403768881,0.0412798258206985,0.0363595740730009,0.0250019087276277,0.0501112800628824,0.0392973191870743,0.25145321935489
1,0.5,0.2,0.5,0.4,-0.2,1.02178233161557,0.51228497492214,0.201095426428709,0.456451029308201,0.362429259473539,-0.215522441373427,0.0438282586372735,0.038150146219831,0.0265138473568404,0.0561413171261622,0.0390521924124876,0.397692878139701
1,0.5,0.2,0.5,0.4,-0.2,0.952967573805957,0.573982452580628,0.185117364017888,0.420591688645046,0.390403799670003,-1.26410209675393,0.0428121799392571,0.0368706799659984,0.0238355295200422,0.0519872331774664,0.0451366765938587,0.749573377612744
1,0.5,0.2,0.5,0.4,-0.2,1.04772020789149,0.49300445321974,0.202985217660656,0.515406016818681,0.425773895280126,0.0164554723850344,0.0446657309811523,0.0385214872863511,0.0220325608242394,0.0588472417603123,0.040284596447906,0.378827576355575
1,0.5,0.2,0.5,0.4,-0.2,1.03001393056012,0.514375959502677,0.164300354175305,0.494773595456196,0.395838039149247,-0.147221027384982,0.0440476597974838,0.0384776998488087,0.0261615130207674,0.0604697603218405,0.047508633542352,0.449008976963416
1,0.5,0.2,0.5,0.4,-0.2,0.991405339339626,0.493397018330684,0.181493448011783,0.45201890624556,0.401141770789167,-0.746093792342181,0.0434205104083858,0.0366610405509156,0.0234977534974668,0.0572465245278236,0.0466891323632446,0.66540332441416
1,0.5,0.2,0.5,0.4,-0.2,1.01921500022875,0.523101907916754,0.24240552682192,0.506383557423112,0.368624334922198,0.0650237562107271,0.0431464425399441,0.0380785794562022,0.026723344893316,0.0564670232689844,0.0421049158865955,0.316966967237986
1,0.5,0.2,0.5,0.4,-0.2,1.00666479921717,0.542830001679847,0.201909771400557,0.450376256388381,0.391604612361058,-0.427590559796817,0.0425500034951354,0.0388416483432013,0.0233705041786049,0.0497282557535212,0.0423097373461482,0.377343005241705
1,0.5,0.2,0.5,0.4,-0.2,1.00702666864504,0.515222575908372,0.154805576257441,0.561848569521616,0.396323837813453,-0.0817201890197904,0.0398543245662365,0.035774130334058,0.0227438011077561,0.0483066050134571,0.038957241260925,0.282082853700084
1,0.5,0.2,0.5,0.4,-0.2,1.05608115611311,0.48384025829596,0.179140867115536,0.507809358161664,0.337072731399641,0.237202390322789,0.0443577602728616,0.0386035540396519,0.0253384603355308,0.0601727041308143,0.0412345837536225,0.304302489536419
1,0.5,0.2,0.5,0.4,-0.2,1.0119407903989,0.476968832342582,0.187736941622176,0.487302319635062,0.415993485258525,-0.377308821265431,0.042626953966748,0.035905667645306,0.0248010599255016,0.0559154589477341,0.040543979615906,0.473113696051496
1,0.5,0.2,0.5,0.4,-0.2,0.947216935644275,0.520074079233083,0.217071472772116,0.475249601984685,0.414470309703717,-0.566524445306536,0.0422021130622715,0.0375638288748736,0.0235821930814501,0.0507911965581114,0.0411285762032363,0.42960935479756
1,0.5,0.2,0.5,0.4,-0.2,1.00085476684076,0.528701547267407,0.176881915841031,0.460072181716629,0.375648734640041,-0.114634986710393,0.0455262080879511,0.0415048671451984,0.0263308419672287,0.0571969836458513,0.0423240352535463,0.3910253690903
1,0.5,0.2,0.5,0.4,-0.2,0.982000921699202,0.500788660210056,0.225615670137664,0.525547462579093,0.430168975784916,-0.0756497394321892,0.0437159919172588,0.0368348924639307,0.0234126158242583,0.054840572514433,0.0424808208726071,0.358694110041796
1,0.5,0.2,0.5,0.4,-0.2,0.885779324210881,0.587360997989099,0.134023190528387,0.511501374008335,0.38604382811158,-0.611709631246579,0.0398722716295131,0.0357982080123626,0.0259657104467156,0.0489249260315024,0.0441460893389123,0.387708696216412
1,0.5,0.2,0.5,0.4,-0.2,1.03695479308275,0.492919417697396,0.183867873824327,0.504157335825612,0.389564315681406,0.0519081746487653,0.0442825607002028,0.0396696472677458,0.0270176828930317,0.0588007962671133,0.043948954040321,0.358764211491011
1,0.5,0.2,0.5,0.4,-0.2,0.969307441138998,0.480999334491215,0.225446511335637,0.481449207370032,0.418793922237747,-0.237245854880238,0.0453291456606151,0.0412080412162931,0.0249210447605815,0.0583792475105313,0.0434410922753053,0.456844466225839
1,0.5,0.2,0.5,0.4,-0.2,1.00537832772407,0.478717697102369,0.265808948534937,0.532405665519636,0.391346058669446,-0.16425797309039,0.0407046755625474,0.0359176501862846,0.0276263052394127,0.0518019086571747,0.0384920911175859,0.331872555284529
1,0.5,0.2,0.5,0.4,-0.2,1.01120093454566,0.513957249190231,0.195847303683853,0.448840627873361,0.413053532791103,-0.200281750251884,0.0454205009433325,0.0379770010652995,0.0257187383962686,0.0525436916444755,0.0433362362943937,0.376165353239234
1,0.5,0.2,0.5,0.4,-0.2,1.04288556697678,0.469950198528741,0.213468689593774,0.48782349138053,0.448181792611385,0.058875163313611,0.0450285402436137,0.0399224045435956,0.0261358190395429,0.0551363931095472,0.0390588503276909,0.326212335782345
1,0.5,0.2,0.5,0.4,-0.2,1.0441713792744,0.460967745174125,0.195830645608445,0.451706417535069,0.434167503725678,-0.365107550479246,0.0441787123858689,0.0392785204085448,0.0272309793382754,0.0513872717148471,0.04267501960033,0.415484108734042
1,0.5,0.2,0.5,0.4,-0.2,0.990479903601436,0.538633451677815,0.222550212453191,0.383846174270583,0.429055570100362,-1.05552984242981,0.0440847905160697,0.0388703135261982,0.0249972171350489,0.0470438332442059,0.0440544790460617,0.555730085287905
1,0.5,0.2,0.5,0.4,-0.2,1.01072103327347,0.472460508076962,0.208682846425653,0.412639402672534,0.466964160176373,-0.526227350039865,0.045487220148465,0.03643772536797,0.0226005982422726,0.055559166016661,0.0455831429864389,0.516045242812093
1,0.5,0.2,0.5,0.4,-0.2,0.942947707160903,0.569960053382861,0.167633865304804,0.527970074250427,0.358594595678831,-0.310619291595115,0.039814084501223,0.0338306238875933,0.0232504128876246,0.0552362092610845,0.0481602788523938,0.37322171718548
1,0.5,0.2,0.5,0.4,-0.2,1.03113413902449,0.46238305099583,0.159551637163174,0.454387529300363,0.421973485432487,-0.0441354897942895,0.0455464282458186,0.0378847437385809,0.0267261266342363,0.0568288023625626,0.0433601112288622,0.367536654606119
1,0.5,0.2,0.5,0.4,-0.2,1.0135171481872,0.480510332877839,0.20529790107088,0.418883519670341,0.433739420627577,-0.743502071529989,0.0445722066436078,0.0394586715309716,0.0245783646108715,0.0502057653732591,0.0447518707688454,0.551602287206553
1,0.5,0.2,0.5,0.4,-0.2,1.04728794844937,0.423851595618298,0.187535343120257,0.557854967681098,0.410912965667658,0.108409734355833,0.0423550050775192,0.0372299458068095,0.0262998890890935,0.0613166183306299,0.0416689415891694,0.375965381005374
1,0.5,0.2,0.5,0.4,-0.2,1.03612112281245,0.481531352514558,0.20289902341673,0.451081579016852,0.4537579498717,-0.885308470436603,0.0418751187525436,0.0373406618274302,0.0233918514871039,0.0452717105926714,0.0434168184746434,0.502072831513395
1,0.5,0.2,0.5,0.4,-0.2,0.971747835865575,0.511915408418806,0.170430540100666,0.506421193500188,0.390492631821838,-0.368385656312368,0.0410436471840495,0.0354997454779644,0.0222020287728256,0.0495546891651127,0.0423922679216262,0.353317766713783
1,0.5,0.2,0.5,0.4,-0.2,1.03827687647652,0.501816541137711,0.224771473427348,0.584115216975911,0.352743179144873,0.481810296360247,0.0435617241074303,0.0364866702417641,0.0242995901468411,0.0594798369413948,0.040805518518693,0.232152688199965
1,0.5,0.2,0.5,0.4,-0.2,1.01056849024458,0.471862030767405,0.217571015013933,0.565430257046631,0.377188965321935,0.0812743254030736,0.0418848616526689,0.0361704220389911,0.0236414269756775,0.0571640469772609,0.0392594167630822,0.323017338551844
1,0.5,0.2,0.5,0.4,-0.2,0.994542768812654,0.509573695369858,0.189105165299754,0.472533670315942,0.511513090330044,-1.40620775590151,0.0407754724177805,0.0334580898411061,0.0228922029244842,0.0490233195704855,0.0505990816152139,0.88988778438435
1,0.5,0.2,0.5,0.4,-0.2,0.978486878828982,0.583978347254329,0.203340277203406,0.553071577812629,0.301201512493948,-0.0244661029536613,0.0406463882133405,0.0361612870987736,0.0260679100310848,0.0575125931598029,0.0446493607515463,0.329409464891377
1,0.5,0.2,0.5,0.4,-0.2,1.03852379768712,0.486369307567228,0.145417561493595,0.435140006646975,0.376697580136117,-0.198587263123467,0.0470525063731676,0.0404457523703761,0.0255894762852678,0.0637850823777928,0.0408852508634006,0.509490090126435
1,0.5,0.2,0.5,0.4,-0.2,0.95033082740245,0.550719171120089,0.21596366132371,0.450362457500929,0.395663986312309,-0.727387320118219,0.0426300898588633,0.0367174089615324,0.0265270403830059,0.0526035214793721,0.0440851012119101,0.544183519291184
1,0.5,0.2,0.5,0.4,-0.2,1.03512986091441,0.439970332134804,0.227605935625243,0.54211460463084,0.358600222960948,0.036409593824282,0.0414383125646999,0.0364194713762255,0.0246007679377839,0.0537038529547632,0.039274464152471,0.300209714495224
1,0.5,0.2,0.5,0.4,-0.2,0.968799673551207,0.498754726851219,0.200555173435042,0.510472284305143,0.415403821800669,-0.78956177365535,0.0386212525412879,0.0340868199905247,0.0244912987795713,0.0456188038980392,0.0403148121392577,0.433874045397128
1,0.5,0.2,0.5,0.4,-0.2,0.972921249133705,0.491826213237252,0.182953918001492,0.511159325300262,0.457417301208056,-0.555751906688811,0.0403769583127968,0.0358259372523621,0.0236216945333938,0.0500713022919076,0.0455124154794871,0.454091315880169
1,0.5,0.2,0.5,0.4,-0.2,0.956110897071347,0.550012056101347,0.207061839443448,0.529367987622397,0.288580996220537,-0.230826545728532,0.0398584095263209,0.0355818159134188,0.0262136694236778,0.0553843563575848,0.0444777813090511,0.365167898561224
1,0.5,0.2,0.5,0.4,-0.2,0.949295712469625,0.554739634881123,0.211757784176076,0.50886030431114,0.422992329451919,-0.635369946417941,0.0404831325009977,0.0362463043040349,0.0230873640607188,0.0492156179005281,0.0429279756133628,0.444415639147171
1,0.5,0.2,0.5,0.4,-0.2,1.0152576698604,0.477525676768338,0.195269294016622,0.513482895696445,0.411254867380159,-0.0354957455189148,0.0435451355261292,0.0380088091434233,0.026733723890857,0.0534022097249479,0.0412641514880515,0.339462241446504
1,0.5,0.2,0.5,0.4,-0.2,1.01094384403709,0.466313389486172,0.216718570048094,0.553468948070455,0.445600427080794,-0.178866894101093,0.040440628765522,0.0335486203610942,0.0222992308879746,0.050641096742065,0.0415531927812146,0.337506382011175
1,0.5,0.2,0.5,0.4,-0.2,1.00760537927978,0.530147434297488,0.192922789375136,0.483485936796664,0.393208708937651,-0.219637307726957,0.0419386464842858,0.0354040176119793,0.0269505015772947,0.0503758156790624,0.0420548327680169,0.320965076615654
1,0.5,0.2,0.5,0.4,-0.2,0.967324828883902,0.507829353369471,0.202550305707548,0.646161197965268,0.346128128264607,0.116098490680013,0.0371242573470956,0.0335539418387114,0.0226446792490686,0.0532894390991074,0.042264407804212,0.242840753029476
1,0.5,0.2,0.5,0.4,-0.2,1.09393569977923,0.463833369388664,0.191338749828512,0.512919294081859,0.375048909758724,-0.263585290556185,0.0408372930759857,0.03835181750999,0.0233726850681729,0.0503174599647252,0.0417303528801465,0.38657107617053
1,0.5,0.2,0.5,0.4,-0.2,1.00164395649622,0.45392160466849,0.163020082618501,0.398857017487926,0.515085753371525,-1.54541015466916,0.0438441891315926,0.0373757399275945,0.0232714237915877,0.0477954636497886,0.0441280346889111,0.943833732730206
1,0.5,0.2,0.5,0.4,-0.2,0.949110345507481,0.512936297472312,0.190898549251172,0.581971315167536,0.333360415091318,0.102655465746316,0.0395168584327054,0.0364442857883259,0.0247079286501831,0.052788509595806,0.0427125671951254,0.240870067622556
1,0.5,0.2,0.5,0.4,-0.2,0.96501997373282,0.49718761182421,0.175279554292688,0.574006825826013,0.377969527372715,0.0233935627179598,0.0415820561947114,0.0363039818249999,0.023054442478099,0.0577087183158598,0.0426778812593387,0.344283177377535
1,0.5,0.2,0.5,0.4,-0.2,1.09291508965613,0.443306558949147,0.20318729294907,0.388522460897084,0.42035351522952,-0.822437054683892,0.0444512013343415,0.0387670076002603,0.0273345564522862,0.0499418173110161,0.0442686644764321,0.585039817726295
1,0.5,0.2,0.5,0.4,-0.2,1.06702576161843,0.509895380933152,0.207596057575634,0.451506952566675,0.37962903542426,-0.297301951331577,0.0459050554425553,0.0403762061076664,0.0268718429773429,0.060942093603435,0.0461129303728847,0.533684902262614
1,0.5,0.2,0.5,0.4,-0.2,1.00168767935942,0.506557170007966,0.204600572776517,0.464618743158236,0.427205668736939,-1.01373183589283,0.0411425963974499,0.035971611968123,0.0261803572927215,0.0501922408982859,0.0490806256638902,0.682227521456789
1,0.5,0.2,0.5,0.4,-0.2,1.01018583538079,0.475393963896459,0.178047052348659,0.557878887590857,0.369037936090857,0.0493432346553633,0.0413516143970187,0.0376495557933497,0.0246656026196807,0.0597221893879887,0.0397128280891193,0.341310886598799
1,0.5,0.2,0.5,0.4,-0.2,0.982921120300961,0.484482887230092,0.2326624787768,0.590405956339665,0.365170845790662,0.191845914860007,0.039572202659249,0.0339053596240379,0.022889204048835,0.0516314759578539,0.0383424339881741,0.220763661230526
1,0.5,0.2,0.5,0.4,-0.2,1.04210025422173,0.478606283773955,0.176135951939904,0.545807937775819,0.392254224716977,0.274386312592677,0.0426434329540978,0.0376832281425589,0.025507743162023,0.0523668456752065,0.0405090861869744,0.239134883688639
1,0.5,0.2,0.5,0.4,-0.2,1.07136801376696,0.472439306986299,0.15801106065715,0.562868357013356,0.357590204300624,0.509574407651207,0.0460705821438793,0.039236017008012,0.0280166431889073,0.0699170880804641,0.043740079247355,0.302644361165619
1,0.5,0.2,0.5,0.4,-0.2,1.10527924276966,0.440367601937542,0.191400687734553,0.480983356115095,0.428882645025786,0.0684076249141057,0.0447992261892466,0.0374758343828394,0.0276673281210373,0.0538171362429981,0.0393152115697046,0.338206724609314
1,0.5,0.2,0.5,0.4,-0.2,0.920532985630378,0.530334737335247,0.204558515936814,0.475375195433239,0.518682163056094,-1.3742463468035,0.0410827866475725,0.0331456894288603,0.0228733105798594,0.0542822955675793,0.0496594064730215,0.984300158038609
1,0.5,0.2,0.5,0.4,-0.2,0.974543782452043,0.531878821791129,0.195894525205718,0.491630767619115,0.41730862028511,-0.21829590038841,0.0430833877277069,0.0362365167310273,0.0246530633748353,0.055540563294694,0.0459428261850617,0.397277746511401
1,0.5,0.2,0.5,0.4,-0.2,0.979362128855438,0.507563004068725,0.196232158697414,0.456021506180393,0.518489285097127,-0.789500002366272,0.0432309939074163,0.035742914062454,0.0236003961578135,0.0500392156353376,0.0456824320128573,0.566507124086104
1,0.5,0.2,0.5,0.4,-0.2,0.969531479388216,0.54121855376848,0.239171459322718,0.494934889829595,0.364399756233675,-0.49371845624665,0.0418553213540721,0.0369937280431505,0.026640860048838,0.0562324354566959,0.0451062644463749,0.504639053043224
1,0.5,0.2,0.5,0.4,-0.2,0.979536356008542,0.508180210277476,0.201428541306126,0.432272359002349,0.463163792967748,-0.52645680579229,0.045519219045616,0.0398615148530372,0.0226072333249504,0.0543554610566292,0.0461246069026492,0.511035403160228
1,0.5,0.2,0.5,0.4,-0.2,1.00736940622997,0.470319190326095,0.190734090861694,0.541344022934999,0.341798150869982,0.197766545892072,0.0444942424975863,0.0400975322383341,0.0266711216924668,0.062173725277286,0.0394197562720625,0.335223268556684
1,0.5,0.2,0.5,0.4,-0.2,0.989733475725281,0.526948853755904,0.195994314342101,0.465832358109858,0.383806244996657,-0.0496679112180688,0.0442525749156546,0.0391718121776396,0.0264609484489828,0.0539302571998375,0.0418644227822215,0.309767086197399
1,0.5,0.2,0.5,0.4,-0.2,1.04236224519268,0.454289652899445,0.211710757396071,0.506281709414924,0.410904598030634,0.0165986489547396,0.0429706729191754,0.0377237388907632,0.0247745786740658,0.0530744855152139,0.0388513342309925,0.309471507796409
1,0.5,0.2,0.5,0.4,-0.2,0.970954602254622,0.569874357879134,0.21785476472877,0.593725230121974,0.353623988379919,0.171335067588742,0.0410119598146301,0.0352367635523662,0.0235606545670629,0.0601720443909573,0.0444535115415215,0.29914729321051
1,0.5,0.2,0.5,0.4,-0.2,0.944215418415749,0.525504899222033,0.199785974386741,0.564222628667625,0.40536610389307,-0.0297639779742973,0.0407180224859943,0.034589354387154,0.0239298766135418,0.0512531757078589,0.0429403183888388,0.277551964694658
1,0.5,0.2,0.5,0.4,-0.2,1.03034828232266,0.491122179015402,0.184450038760722,0.558986318150351,0.365677163363395,-0.0767035725283538,0.0394171705157011,0.0351298361090571,0.0244066230792046,0.051608922117071,0.0413943831227133,0.311442471164618
1,0.5,0.2,0.5,0.4,-0.2,0.990195588221686,0.5018634801784,0.190479177506599,0.536171545534274,0.399595964015897,0.0914290608360259,0.0432313910250788,0.0394170332571391,0.0248268153898825,0.0565455677087601,0.0460039113228904,0.287140597715969
1,0.5,0.2,0.5,0.4,-0.2,0.989606388246782,0.509662180826328,0.176259321080541,0.484949988889298,0.331288285504255,-0.388296498662255,0.0407533434357822,0.0364597984150095,0.0263008203670473,0.050078138689552,0.0423457020710645,0.381471513822047
1,0.5,0.2,0.5,0.4,-0.2,1.02176979183734,0.481634163561308,0.206365219096354,0.510980672240474,0.377498742850248,-0.178916711037851,0.0409845375764581,0.034983895463731,0.0260851615062903,0.0510669051957884,0.0406891651099216,0.32738888311201
1,0.5,0.2,0.5,0.4,-0.2,1.04033501356566,0.460133363841512,0.194680815832696,0.514904269033154,0.406446390458239,0.299236034313328,0.0455464512022261,0.0387755133283074,0.0274540202192063,0.0590740264772615,0.0402838674782348,0.285758010779382
1,0.5,0.2,0.5,0.4,-0.2,0.994142147787191,0.457331199128355,0.172403219463903,0.477893896771149,0.488272637750835,-0.203918475524803,0.0445183474528506,0.038763946823706,0.0234404180404148,0.0524593680914795,0.041797718173395,0.375520534014425
1,0.5,0.2,0.5,0.4,-0.2,0.958210277772673,0.574673290877529,0.191163411997251,0.498518301390483,0.381671925488804,-0.270434225474001,0.0430501203862958,0.0361058443575784,0.024909767291842,0.0553983609422465,0.0451946559831197,0.405528274963819
1,0.5,0.2,0.5,0.4,-0.2,0.953562283334385,0.511766210957095,0.198134409657514,0.553122760954472,0.402723659220876,-0.247776637894627,0.0401554238030359,0.0373711342067627,0.0227034788890851,0.0487911181088412,0.0399062582097756,0.31689790884588
1,0.5,0.2,0.5,0.4,-0.2,1.03504748913383,0.491765565434162,0.225343847301031,0.529061070126771,0.329482172912092,0.0260141246315974,0.0424271921863477,0.0383698926526497,0.0250273535939788,0.0563063478228539,0.0432673199542964,0.34114082168061
1,0.5,0.2,0.5,0.4,-0.2,0.998689087341789,0.519885958235432,0.219511857013322,0.493090948503426,0.385981072823802,-0.435759179322512,0.0413238708219885,0.0357867100871888,0.0262780979480531,0.0505378342168798,0.0421102790529418,0.408782248285183
1,0.5,0.2,0.5,0.4,-0.2,1.06490921685697,0.44946187582046,0.248176418197428,0.420456084254098,0.409755217498164,-0.856126498929987,0.0428043461990849,0.0360155989296166,0.0263252631258243,0.0513661306455148,0.0442060079659624,0.636366221199364
1,0.5,0.2,0.5,0.4,-0.2,1.07099916577847,0.455893649129442,0.189128274392815,0.505044404167873,0.37479334391454,0.108635770468037,0.0433934255832914,0.037585975696872,0.0251806050983807,0.0570175822091472,0.0422731231334743,0.326022600183795
1,0.5,0.2,0.5,0.4,-0.2,0.972005783142635,0.494850553089143,0.197122070500184,0.611732402525866,0.371398472583512,0.287858720884999,0.0399871267020605,0.0350124354602507,0.0237371075742962,0.0533092789537699,0.0411037284636175,0.222394188060313
1,0.5,0.2,0.5,0.4,-0.2,0.962220154256584,0.561118962581109,0.234385050797222,0.451775381626526,0.407355737578008,-0.637055835923201,0.0434681972879137,0.0377465413862835,0.0224462549533029,0.0539623390995311,0.0445449234587052,0.536076545762371
1,0.5,0.2,0.5,0.4,-0.2,1.01934329950421,0.505219327729039,0.151481816309579,0.495483212225968,0.440660525828959,-0.269577711795007,0.0440530560242032,0.0365778491964396,0.0253566059764922,0.0603057640198492,0.042669907567776,0.519456762411182
1,0.5,0.2,0.5,0.4,-0.2,0.964247550852235,0.494843653383597,0.190718186471582,0.49918433156862,0.423559568091117,-0.29438837347035,0.0420239663550243,0.0364181488090029,0.0246604304845345,0.0518988844649641,0.0419352913994873,0.359201249274591
1,0.5,0.2,0.5,0.4,-0.2,0.924846583787646,0.545007746551953,0.205242671694063,0.459131519793031,0.408746509904742,-0.55815614597106,0.0439131536013262,0.0383437811498201,0.0259380795969848,0.0527219806081296,0.0420941551387417,0.458994373106373
1,0.5,0.2,0.5,0.4,-0.2,0.927136217392837,0.557425319079906,0.177713676658202,0.494268682360811,0.395103245929506,-0.281335107906389,0.0427217749701157,0.0368676407510096,0.0245580561062172,0.0557189489581264,0.0444948707176616,0.393446881711725
1,0.5,0.2,0.5,0.4,-0.2,1.02290432569515,0.466027246269239,0.185353269418953,0.501933058632196,0.40305741286042,0.00141836213261613,0.0431260265615994,0.0375878697437035,0.0255868018741169,0.0561140247924663,0.0418881174972826,0.338664861795397
1,0.5,0.2,0.5,0.4,-0.2,0.988657191766434,0.4689044505777,0.184892518021985,0.527671637018947,0.444597750312711,-0.205601078713613,0.0422225866627913,0.0363790776982259,0.0230806170023103,0.0539977307301957,0.043412565654689,0.381411500890618
1,0.5,0.2,0.5,0.4,-0.2,1.03607298177129,0.45962756308253,0.213470586326533,0.4897862331115,0.388887717168649,0.0160824224805895,0.0456313749254699,0.0392163918152148,0.0261522832211759,0.0594591691249917,0.0405887491338265,0.377337386233616
1,0.5,0.2,0.5,0.4,-0.2,0.930504996843717,0.535098728684846,0.23883677368897,0.436838150577831,0.433454327215121,-1.42335401263373,0.041034473229942,0.0345984634083991,0.0229905676031487,0.0483216927498101,0.0470170727228161,0.826108908673556
1,0.5,0.2,0.5,0.4,-0.2,0.983170293431904,0.504918127324385,0.218926913783067,0.5250385379453,0.386329921505422,-0.00708857506828772,0.0427836129122573,0.0376493821256235,0.0258388336353985,0.055650413120148,0.0401074297235188,0.318353344259865
1,0.5,0.2,0.5,0.4,-0.2,0.987555835816239,0.51983270243252,0.210695597523113,0.400563105182805,0.45715267328524,-1.17805955036623,0.0442361943149066,0.0373193142692721,0.0261054736821096,0.0544219913972025,0.0487912763072935,0.823305889300283
1,0.5,0.2,0.5,0.4,-0.2,0.950539495147571,0.54206016809495,0.197092908134835,0.511934078726956,0.416213565948771,-0.325762110096494,0.0416873337037298,0.034917021007041,0.0252323867604524,0.055036476594961,0.0442078578538784,0.405939763586152
1,0.5,0.2,0.5,0.4,-0.2,0.984876381024905,0.500945865064392,0.187273718074669,0.539228457162575,0.395551676067685,-0.157586159141092,0.0405712909689076,0.0354691305331298,0.0236644619729782,0.0531010237630593,0.0423364220658904,0.347033093750113
1,0.5,0.2,0.5,0.4,-0.2,1.06909902580021,0.438222263688786,0.152567434839038,0.510925299694102,0.340716298204978,-0.00233185790561398,0.042139979334031,0.0367538649494836,0.0255491434036355,0.0578328072543476,0.0426165926450068,0.363719126502321
1,0.5,0.2,0.5,0.4,-0.2,1.00918732866353,0.510731996778207,0.196413037233423,0.448763750521279,0.391508880495929,-0.38515569518464,0.0435425024669137,0.0373595205912117,0.0266225226470065,0.0525976210663008,0.0433005267748521,0.409948094627008
1,0.5,0.2,0.5,0.4,-0.2,0.921008780262948,0.563473279910979,0.195323422339085,0.57409405712819,0.292297372132988,-0.00635324393387359,0.0391906883849135,0.0352828525192256,0.0259959151896725,0.0602342233476437,0.0491166968621301,0.312407048129027
1,0.5,0.2,0.5,0.4,-0.2,0.990603827373098,0.493754993879151,0.190317201305628,0.473752986637494,0.448521647900262,-0.204974868584778,0.0446394408311353,0.038389408669588,0.0246631328493946,0.0516022609580168,0.0397374290729447,0.364063124783634
1,0.5,0.2,0.5,0.4,-0.2,1.00211426311201,0.476089425518519,0.175195798320718,0.550427788389741,0.376099291465124,0.184970955472193,0.0428406123347769,0.0368259113084263,0.0252613936229163,0.0599902702467921,0.0411998478832918,0.312802056460931
1,0.5,0.2,0.5,0.4,-0.2,0.969555221088626,0.532174707888786,0.212264580277275,0.595021125433534,0.378767245565842,0.297196627985373,0.0428457637034095,0.0353737707807832,0.0253974954965277,0.0598203683844211,0.0422195256787701,0.270039319296444
1,0.5,0.2,0.5,0.4,-0.2,0.987615197501186,0.488324507230533,0.261679717297162,0.50319599596809,0.385837704258564,-0.535544791400123,0.0392200829201446,0.0335121954951382,0.0241957176356056,0.0484908434372367,0.0384485247636503,0.382310694410244
1,0.5,0.2,0.5,0.4,-0.2,1.06046952265955,0.472298312752207,0.190813030595621,0.526841122080291,0.368797039575509,-0.0412420579045803,0.0419866168451587,0.0355269028881055,0.0264466840577355,0.0576849218803083,0.0437958771726885,0.392281383977575
1,0.5,0.2,0.5,0.4,-0.2,1.04932800639808,0.480970981006317,0.162062354836174,0.565930400087302,0.372292393975096,0.356967016239557,0.0427988775369391,0.0369231230123394,0.0254115929339936,0.0564942840990487,0.0381776035507723,0.243610055465594
1,0.5,0.2,0.5,0.4,-0.2,0.974818516442735,0.530243749988414,0.173935127932901,0.440753389181742,0.416474128622088,-1.09117764812086,0.0412479060754376,0.0349597563877587,0.0253562112258683,0.0461198601165215,0.043423441115934,0.59257805235694
1,0.5,0.2,0.5,0.4,-0.2,0.980968021898682,0.476824592775422,0.222038202441054,0.494349463213245,0.523373842240846,-1.20657494273106,0.040784101506352,0.0347941517617853,0.0230554694206617,0.0461736340077894,0.0457847768031318,0.682453305514078
1,0.5,0.2,0.5,0.4,-0.2,0.989486843764237,0.495320231414137,0.237286126232292,0.613475146657352,0.341556509145719,0.267439629973963,0.0393694818707607,0.0355003088565149,0.0232606936641007,0.0537119332703792,0.0414862184538099,0.220924347964347
1,0.5,0.2,0.5,0.4,-0.2,0.981449745265035,0.477137210043661,0.232346410900047,0.495937327785272,0.423921276881556,-0.476693984831759,0.0411897556599256,0.0351092726982903,0.0241332104040048,0.051116717528774,0.0442243766925797,0.418941558063261
1,0.5,0.2,0.5,0.4,-0.2,0.985413103776133,0.501957719014213,0.24827597402822,0.482390073291748,0.392419162141834,-0.239375896107916,0.0429447368316932,0.0369996823243617,0.02593073753949,0.053048049915894,0.0399155917104166,0.370062298264425
1,0.5,0.2,0.5,0.4,-0.2,1.09019950144489,0.439583603949009,0.17238379077357,0.391357412745252,0.455006316391322,-1.02688392785931,0.0456759872760015,0.0387808628237615,0.0246457314348149,0.0552550125967035,0.0509881950313837,0.921854121884334
1,0.5,0.2,0.5,0.4,-0.2,1.01275546913823,0.511734458744686,0.185175293407073,0.451729821191034,0.446526948903795,-0.512206935568199,0.0443047207262833,0.03761256196817,0.0235547289623667,0.0524482377371501,0.0440924730492105,0.516701553093924
1,0.5,0.2,0.5,0.4,-0.2,1.10051516490671,0.418786038020257,0.2153843508357,0.554612472598939,0.390090717533989,0.418662012759887,0.0437745666283262,0.0359768803685221,0.0247626714167223,0.0615373732473003,0.0366574106636914,0.281497806438775
1,0.5,0.2,0.5,0.4,-0.2,0.97348996186629,0.522136805310765,0.2024668077802,0.459798227942607,0.4067748909416,-0.718240481720236,0.0414319479794765,0.0347711117804356,0.0244377135015001,0.0513405382998404,0.0453369254206357,0.514904936120691
1,0.5,0.2,0.5,0.4,-0.2,0.952903385154565,0.55296480938194,0.206357781997895,0.422602556167124,0.447535528150805,-0.656687173255572,0.0472062269451001,0.0411809808329927,0.0269191200641511,0.0613324867141741,0.045417807676093,0.667245170351256
1,0.5,0.2,0.5,0.4,-0.2,0.952170533991048,0.541630044082414,0.179318588613726,0.543316444197987,0.379692985394421,-0.276739541127203,0.0397341443907046,0.034220717570607,0.0254926254188849,0.0535073997327325,0.0422740059045906,0.373695289800008
1,0.5,0.2,0.5,0.4,-0.2,1.07059949610341,0.412894716958283,0.196494054063922,0.460064198535771,0.463208825489136,-0.191561272051575,0.0444969492546055,0.0372917386324152,0.0250780775225096,0.0565830004617441,0.0446340926023455,0.456341666089582
1,0.5,0.2,0.5,0.4,-0.2,0.91159347496998,0.577534019721869,0.208651599243001,0.506811059339905,0.380554127844513,-0.56114637304337,0.0400298562129917,0.0332372910458351,0.0236992757373802,0.0514234686174195,0.0450756889920873,0.426516950000918
1,0.5,0.2,0.5,0.4,-0.2,0.913060247303024,0.585758248251616,0.191014690735624,0.436661931136887,0.487730556785825,-1.42285839693942,0.041942759063877,0.0348724916716844,0.0244096675792809,0.0499947130384654,0.0479071396931784,0.843051901889276
1,0.5,0.2,0.5,0.4,-0.2,0.938654650882725,0.530771823754923,0.156416173330352,0.506119660673686,0.449380426839456,-0.928328069093656,0.0401135757576672,0.0353866128707625,0.0229029083320645,0.0499016683980099,0.0448624279137324,0.619040941147986
1,0.5,0.2,0.5,0.4,-0.2,0.90942856904665,0.566363537816148,0.203609730992769,0.477010633646584,0.389053456209821,-0.449805943886852,0.0415904191058889,0.0373082261425986,0.0247000913846234,0.0477182009452945,0.0420514541219772,0.338541981600154
1,0.5,0.2,0.5,0.4,-0.2,1.02202144986855,0.546697439232946,0.232871472038757,0.499625130041513,0.40593666670754,-0.404848888175086,0.0409406176123708,0.0354962724371388,0.0250597604066577,0.049092303366174,0.0429878836050879,0.374042338420411
1,0.5,0.2,0.5,0.4,-0.2,1.00545464494396,0.474020830235447,0.183898916910176,0.497059619567377,0.371648263355458,-0.33887822915867,0.0410354253386445,0.0370010647240644,0.0241539234296282,0.0534425875776968,0.0407572251695582,0.39767415316627
1,0.5,0.2,0.5,0.4,-0.2,0.981430714871286,0.507152818204562,0.17503466097875,0.552831189527155,0.355805828074997,0.00419365117086231,0.0404874947383695,0.0349902504997745,0.0220775438203359,0.0544710919597254,0.0418649224851221,0.300872386425824
1,0.5,0.2,0.5,0.4,-0.2,1.01157257630712,0.51790024978548,0.147995053988495,0.489021681439897,0.382801415154382,-0.337670734185656,0.0424058687815921,0.0383064522283447,0.0258035878815293,0.0538550717881106,0.0433387821817528,0.424890161225096
1,0.5,0.2,0.5,0.4,-0.2,0.965436593711918,0.490253162200179,0.216141087069863,0.511076231588432,0.372086313675254,-0.289805860116024,0.0408962451541823,0.0365401048567837,0.0252370476556953,0.0537872082179127,0.0419889881695541,0.379458971383934
1,0.5,0.2,0.5,0.4,-0.2,0.91006031895136,0.56720833236484,0.229233190268704,0.428241829404424,0.47258460446832,-2.15160393078078,0.042795853614364,0.0355602935602872,0.0239688127493008,0.0600438819557803,0.0641486796071006,2.03561823618926
1,0.5,0.2,0.5,0.4,-0.2,0.994184920153987,0.502115054153459,0.172976889858093,0.559462104045093,0.374171629659798,0.0353217168064242,0.040853423280526,0.0353959116203272,0.0229336426042773,0.0567955389164655,0.0436406288608566,0.325681673727577
1,0.5,0.2,0.5,0.4,-0.2,0.99499901620495,0.514905437663377,0.222002532618348,0.504832399689099,0.374079949539283,-0.343410369201723,0.0406912752598494,0.0361529002359494,0.0255280100579355,0.0459164784147026,0.0402293845178077,0.316329611162755
1,0.5,0.2,0.5,0.4,-0.2,1.05183140372122,0.531743295382937,0.199871809289564,0.439577897125267,0.416577492944073,0.0104565267274803,0.0478914149565108,0.0422650627781873,0.0257437317628182,0.057513743964755,0.0426975329602701,0.369004198557648
1,0.5,0.2,0.5,0.4,-0.2,0.949554940758855,0.50897986137296,0.172092252337644,0.470698950173993,0.402809150655258,-0.632766842990258,0.0414576652169045,0.0363858752647846,0.0272111607078195,0.0482496278626226,0.0402789521979738,0.444408144112916
1,0.5,0.2,0.5,0.4,-0.2,1.02672951278145,0.520693454388048,0.203413364885907,0.511860393863063,0.381076329729239,-0.158653308007609,0.0413859314961704,0.0352464940660853,0.0251120800446143,0.0507400878505433,0.0411579446599906,0.320616665434948
1,0.5,0.2,0.5,0.4,-0.2,0.995663368538277,0.519642794397525,0.186149333553205,0.471467422222824,0.409286803015441,-0.557143908813744,0.0421644342222722,0.0369351319451621,0.0259815868307452,0.0548512420506859,0.0481664693519366,0.522353499571537
1,0.5,0.2,0.5,0.4,-0.2,1.00793201342249,0.518547941805248,0.160212881384722,0.552268164838917,0.345704667472912,0.0645763140048849,0.0413212594366243,0.0358837204933616,0.0245727037891808,0.0580559903477141,0.0437303969477814,0.324338850177902
1,0.5,0.2,0.5,0.4,-0.2,0.977039928615337,0.502056598550839,0.197735992089329,0.405737824904175,0.424569088949125,-0.419477756481106,0.0463360695097267,0.0410574635674597,0.0234266619203363,0.0519479685850274,0.0396721766396525,0.416441517833806
1,0.5,0.2,0.5,0.4,-0.2,0.97805930523482,0.536718183571467,0.220367522737146,0.459034986626121,0.406822549223674,-0.464050423647866,0.0460564969625108,0.0392892132134234,0.0251934636932425,0.0604568739828683,0.0466499553956784,0.576155788937921
1,0.5,0.2,0.5,0.4,-0.2,0.98413625550227,0.514812305031299,0.214624564855946,0.571371587398086,0.398021475273177,-0.0841019062767667,0.0410273461570319,0.0346868979319059,0.0223463124371256,0.0520937909890469,0.0437969007464585,0.328004137653241
1,0.5,0.2,0.5,0.4,-0.2,1.01025119211848,0.519792410216422,0.232344389974853,0.584890831150034,0.326474959466994,0.207741100123757,0.0395971182354258,0.0357442605628566,0.0263693711108482,0.0590507439455778,0.0472855266218787,0.26477667810176
1,0.5,0.2,0.5,0.4,-0.2,0.971668265085826,0.517532503754628,0.219553064799064,0.540580420823817,0.421189465193185,-0.25117430770597,0.0435829025362093,0.0378154219504371,0.0246943632219614,0.0644444225195814,0.0476566806926766,0.525493396212698
1,0.5,0.2,0.5,0.4,-0.2,0.987804605841781,0.531197220432979,0.178651277518447,0.620681922526281,0.368949168832594,0.0464641571325948,0.0383904863087052,0.0339480139157379,0.0225717160197273,0.0536384141774099,0.0441206292091813,0.295941003338119
1,0.5,0.2,0.5,0.4,-0.2,1.008573656814,0.508675630331312,0.237197599842901,0.505161054391592,0.376477004285927,-0.11735011443382,0.0433744100119439,0.0396623399079664,0.0244709224862933,0.0569182899760484,0.0446214135050722,0.380932647795874
1,0.5,0.2,0.5,0.4,-0.2,1.06821945082006,0.451444655623531,0.15076668672112,0.618847792025698,0.36726000160945,0.533689709600368,0.0410304006652681,0.034247134525405,0.0244939620468831,0.0590638701621991,0.0388202564851406,0.215295771678691
1,0.5,0.2,0.5,0.4,-0.2,1.00144823362236,0.498637857253094,0.191703043141651,0.551006737699283,0.365219792965507,-0.00938595342421922,0.0409626128459158,0.0368477783681077,0.0250993639664055,0.0579640637759957,0.0485556794764105,0.345416505296647
1,0.5,0.2,0.5,0.4,-0.2,0.933855709005552,0.491809656462754,0.20100030924433,0.542829517969857,0.46985077149114,-0.585028893204707,0.0393741803547655,0.0332983970861632,0.022063863325609,0.046926246826262,0.0441732300843451,0.411813356364182
1,0.5,0.2,0.5,0.4,-0.2,1.04022047219272,0.464261586901339,0.211331406955502,0.481535330544708,0.42843606895282,-0.204218431111973,0.0439362868869642,0.0368110671872592,0.0220766425096062,0.0579894069587747,0.0419317208773437,0.451359947827916
1,0.5,0.2,0.5,0.4,-0.2,1.06562598516839,0.464343546744163,0.215555245747192,0.478535144165838,0.383017933314293,-0.0143147351062294,0.0427683359824298,0.0373088892064895,0.0250760398783932,0.0536661950879971,0.0433385375016587,0.319557969080585
1,0.5,0.2,0.5,0.4,-0.2,1.01020791527105,0.491536110814026,0.169771218156462,0.497067906026665,0.377665065395321,-0.0973612313156687,0.0427635412863548,0.0383429513609698,0.0240508643918145,0.0531224279019196,0.0417601250841633,0.31749165103428
1,0.5,0.2,0.5,0.4,-0.2,1.00564352780818,0.492749016830931,0.181919906016127,0.507657612637526,0.357970916460991,0.128549665037722,0.0435222084159103,0.0392277112073575,0.0271037254720023,0.056164470888384,0.0430984831756482,0.291034607528328
1,0.5,0.2,0.5,0.4,-0.2,1.0440052579584,0.490462754153303,0.180593717596182,0.464870790640752,0.376697127299974,-0.48125059701402,0.0427832984464347,0.0376846927817241,0.0229468206614632,0.0553109738700555,0.0441337649576821,0.516068734839565
1,0.5,0.2,0.5,0.4,-0.2,1.03755947587787,0.460680706688441,0.201842608655905,0.441977601008441,0.435885870654141,-0.742291128302608,0.0420554232079885,0.0363808229041196,0.023286240873066,0.0465237356928935,0.0417940677405684,0.446135393820219
1,0.5,0.2,0.5,0.4,-0.2,1.05650555259562,0.453823485130691,0.143455478568603,0.550936926179147,0.377020694850609,0.330838957521388,0.0427813397741149,0.0376917662965018,0.0278368939487468,0.0564434585761807,0.0400011330250826,0.257950919115372
1,0.5,0.2,0.5,0.4,-0.2,1.05303254498953,0.455014418203924,0.209898318640542,0.420291486903145,0.406304394704762,-0.312352150452452,0.0445198743134804,0.0393345335968219,0.0272134801213848,0.0486431332592945,0.0375608013088289,0.357846167530676
1,0.5,0.2,0.5,0.4,-0.2,0.996932417539679,0.519558485719322,0.191005987458105,0.485171291158276,0.432202298252265,-0.62319293934438,0.0417346703881757,0.0367493749554807,0.0227868969092863,0.0487622690514021,0.0451628037910915,0.473898230468808
1,0.5,0.2,0.5,0.4,-0.2,1.03014689143122,0.518564824932851,0.168574874437378,0.471771433728095,0.396110348538028,0.0642172665016181,0.0466224793992545,0.0405636282829074,0.026232352804947,0.0557040572922151,0.0390917923192292,0.338470480213666
1,0.5,0.2,0.5,0.4,-0.2,0.956388518851083,0.539169229663258,0.195149163346521,0.422834268803151,0.481584463852256,-1.07619587136303,0.0435192571517371,0.0370337226784589,0.0222694622252773,0.0472384684053698,0.0436653755254985,0.573782487919553
1,0.5,0.2,0.5,0.4,-0.2,0.956559700877743,0.543287713997934,0.195124513246516,0.533968981744848,0.366077066976588,-0.0998028187143178,0.0411237721310671,0.0368168640898193,0.0242712731072558,0.0500802038212137,0.0392435451135487,0.281768671049127
1,0.5,0.2,0.5,0.4,-0.2,0.999481940286166,0.498627454341535,0.217633250987514,0.483955240023914,0.434791585657333,-0.60355622615883,0.0412331740105748,0.0379583181078584,0.0231400080476862,0.047520909093898,0.040653101478318,0.416693428396189
1,0.5,0.2,0.5,0.4,-0.2,1.0255090202121,0.46587108814832,0.163802720557105,0.583963194344736,0.354771287714709,0.299349305484123,0.0416344560597093,0.0357152320882498,0.0237076237019028,0.0605244944340011,0.0421672761836789,0.278322875257032
1,0.5,0.2,0.5,0.4,-0.2,1.02041271438279,0.467259009643293,0.189356214768417,0.522696905326654,0.419881259620702,-0.0598551282789444,0.0422565501122554,0.0375008656653398,0.0235717910049107,0.0519712678521679,0.0405337612637258,0.324973959076121
1,0.5,0.2,0.5,0.4,-0.2,1.00098631611875,0.48434702049708,0.204857592202216,0.503194741636215,0.405083609649259,-0.372654737115869,0.0409498195400433,0.0366406669093432,0.0252210621020775,0.0527205232256958,0.0436905322007161,0.420342775814359
1,0.5,0.2,0.5,0.4,-0.2,0.995407944033102,0.464630355208,0.25457490193699,0.444241018704792,0.449417412536394,-0.546290169123063,0.0435213126007581,0.0358386077637486,0.027318983025126,0.0517996310274977,0.0429032039114532,0.481457937651397
1,0.5,0.2,0.5,0.4,-0.2,1.07477912205448,0.470608896666866,0.192965612406868,0.474162027356417,0.385192413449788,-0.792724778360106,0.041411461912213,0.0371240793472749,0.0266128176760993,0.055981865364762,0.0484156661656903,0.737518269267006
1,0.5,0.2,0.5,0.4,-0.2,0.970124676397784,0.540990325685817,0.261636266156272,0.463808221266154,0.419101092398863,-0.468755572027404,0.0431310576011956,0.0377480944640865,0.0253230640199925,0.0489699289902451,0.0405680528957826,0.377303253648215
1,0.5,0.2,0.5,0.4,-0.2,0.981303654142678,0.497836528723879,0.218094655065817,0.473108852916253,0.398050335382664,-0.858562929268481,0.0404006041929679,0.0342767988589545,0.0243654541285261,0.0531485225444863,0.0479711167628655,0.642190351350316
1,0.5,0.2,0.5,0.4,-0.2,1.00424867369277,0.496475679389332,0.171578473757199,0.509207579633548,0.424114079955838,-0.506046903669748,0.0403204915726564,0.0352775893180296,0.0222125431616428,0.0463438144963714,0.0412402290211965,0.356229503189652
1,0.5,0.2,0.5,0.4,-0.2,0.972908489070306,0.499479364330043,0.198088778885474,0.441232861491128,0.431134403678921,-0.468014591433046,0.0440803881530579,0.0375205354512307,0.0271245550421729,0.0519817141002116,0.0440877730470006,0.4336801394009
1,0.5,0.2,0.5,0.4,-0.2,1.01234403484506,0.461741461052576,0.187939349454951,0.451560569579213,0.46532264120877,-1.23890624767674,0.0426420551347605,0.0372870572871269,0.0239813154346668,0.0541735011972178,0.0531390336944006,1.02967752844129
1,0.5,0.2,0.5,0.4,-0.2,1.02240098866625,0.444319367714122,0.231555632848477,0.482715545977278,0.415793043273703,-0.159227186377489,0.0430756391741703,0.036801621033801,0.0249939918697454,0.0525327149677835,0.0425628791493533,0.3589896702392
1,0.5,0.2,0.5,0.4,-0.2,0.983006042051742,0.595459356560554,0.159482699233301,0.505842079274126,0.347336346105743,-0.167389302251928,0.0420432341628224,0.0383324252880101,0.0247288086389176,0.0507507991365506,0.042757641742013,0.322904244021618
1,0.5,0.2,0.5,0.4,-0.2,0.988601828184902,0.469195472023379,0.167559925095993,0.595733567832666,0.347546236072076,0.0990932448132942,0.0384941195543163,0.0321721200602264,0.0253933053026425,0.0521801015725014,0.040026163911436,0.255232007581896
1,0.5,0.2,0.5,0.4,-0.2,1.02522373879828,0.460736163163212,0.196208265687686,0.544998064591582,0.450560582241529,-0.208604906432444,0.0404669852209281,0.0332997705208347,0.0205406922873646,0.0509135402482016,0.0409341510613919,0.33803049609156
1,0.5,0.2,0.5,0.4,-0.2,1.03546213255136,0.482645696869495,0.209783592117916,0.414222102979883,0.460151933458568,-0.868416873005627,0.0441316929583578,0.0382944942167115,0.0253128668500416,0.050904245786904,0.0437693016583391,0.652928723194409
1,0.5,0.2,0.5,0.4,-0.2,0.99653089689545,0.494435481118575,0.187223542207205,0.492064363230545,0.40077079655286,-0.361214282560425,0.0412167445147483,0.0358936030527154,0.0245098923632274,0.0497254036305404,0.0418683956066099,0.364105685552199
1,0.5,0.2,0.5,0.4,-0.2,0.976430634696308,0.53513546301122,0.185439217351997,0.51229016173867,0.427105221860229,-0.240499200366337,0.0413280842879885,0.0358117125631867,0.0233804215242198,0.0475853119427338,0.0417568904425466,0.287635395054137
1,0.5,0.2,0.5,0.4,-0.2,0.942962317209248,0.526889339769333,0.200824196531381,0.568490901792807,0.434798445301707,-0.236855091189602,0.0409722710665657,0.0361939237580258,0.0247469269231163,0.0533681387758706,0.0414717173072144,0.375619710910166
1,0.5,0.2,0.5,0.4,-0.2,0.992089814200759,0.505957186027059,0.200954681915018,0.506640283486837,0.385753211815521,-0.111725650046283,0.0417163080222905,0.0362725765607849,0.0243562094191152,0.0525755476892225,0.0425124295251601,0.315029941491834
1,0.5,0.2,0.5,0.4,-0.2,1.04406751752997,0.474294351369994,0.229005722512926,0.456143646272238,0.429982914502783,-0.303461232748962,0.0434343303326734,0.0374978073810507,0.026134003409287,0.0508953203135422,0.0415791554936989,0.388713204708154
1,0.5,0.2,0.5,0.4,-0.2,1.01743403474563,0.522618825162495,0.182917072780077,0.502025648136737,0.39575553321848,-0.00153201906277832,0.0431477933333523,0.037945683914714,0.0242410268039941,0.0518763131966418,0.0408837272650692,0.297949007770769
1,0.5,0.2,0.5,0.4,-0.2,0.970679902530999,0.528603258811903,0.197363246817738,0.482725480693105,0.398820729338981,-0.707900044338612,0.040726043867113,0.0360646138789533,0.0260680516979711,0.050096267441018,0.0445715634948436,0.508872486345987
1,0.5,0.2,0.5,0.4,-0.2,0.96834343256428,0.483762474843925,0.145749134906812,0.627193382027051,0.386281822268915,0.208908429010451,0.0389646840365211,0.0328398315263504,0.0236190768376341,0.0531913769381867,0.0398558542084861,0.235041411225618
1,0.5,0.2,0.5,0.4,-0.2,1.02677040434792,0.43779743600472,0.232958296278978,0.550267571898666,0.351289301173031,0.00357067256833124,0.0417501546777223,0.036301190149759,0.0264794443961078,0.0588979693358825,0.0402218809915107,0.371138499175361
1,0.5,0.2,0.5,0.4,-0.2,0.986846441547087,0.548833588973937,0.205711217325093,0.588750031007241,0.324373391919192,0.0814774406933154,0.04094856645746,0.036584928212788,0.0251261357858578,0.0579640094450863,0.0412046312744208,0.314089702820138
1,0.5,0.2,0.5,0.4,-0.2,0.994219035686743,0.49059904726206,0.188259793405229,0.501466321534367,0.426368317209373,-0.113703681032005,0.0439242826521606,0.0389378885072833,0.0231945478558024,0.0531438705141741,0.0405314300682777,0.350853428581023
1,0.5,0.2,0.5,0.4,-0.2,1.00800348561161,0.507884753054865,0.164129588171273,0.563281633659922,0.360414023030954,-0.0228280119025706,0.0408357740202599,0.0349555272900152,0.0227886950360334,0.0602114584246337,0.0449500918438768,0.379328649277755
1,0.5,0.2,0.5,0.4,-0.2,0.886065935810975,0.604321586707381,0.217053609493116,0.473227228162352,0.470111732211715,-0.891717837732847,0.041667885999488,0.0343000405374831,0.024036223864867,0.0509322914063582,0.0433132671245699,0.547717598598904
1,0.5,0.2,0.5,0.4,-0.2,0.930668900812139,0.550794862049691,0.18256549265514,0.506991546153354,0.479671583205244,-0.467109884466915,0.0441282296137368,0.0391050954642982,0.0213192984589357,0.0567506926379916,0.0451519783466358,0.521962503038879
1,0.5,0.2,0.5,0.4,-0.2,1.06042669644629,0.416597407836754,0.176754790144188,0.463245447372208,0.433002105171506,-0.419761356949536,0.0430607102486907,0.0374901591109436,0.0251829785069349,0.0506635839922467,0.0400686170542693,0.440963897537851
1,0.5,0.2,0.5,0.4,-0.2,0.949402772283849,0.525586575755714,0.161801287662366,0.585946054455776,0.367195334991544,-0.00100907193915199,0.0394688252278658,0.0334662611084105,0.0235098018345243,0.0555348481320326,0.0436635230241048,0.307443940406465
1,0.5,0.2,0.5,0.4,-0.2,1.0057004890389,0.431777688859586,0.224554043160541,0.595616954192509,0.451458969923772,0.162382063734534,0.0407759703799051,0.0344359621083733,0.0221820686921677,0.052691663628357,0.0397687154245803,0.265851710030629
1,0.5,0.2,0.5,0.4,-0.2,1.06874096067876,0.456895939594201,0.209214465673256,0.524057434871086,0.401328513138604,-0.0946894816414011,0.0410510424688948,0.0353810519777111,0.0245815561550756,0.0507282746304361,0.0383929076367775,0.32761897469181
1,0.5,0.2,0.5,0.4,-0.2,1.01126399330881,0.470990869517454,0.163815610893765,0.424215551429874,0.487744548479005,-1.30741680872796,0.043051600198377,0.0371355229425564,0.0250522330263938,0.0499338538537418,0.0475233546393366,0.877019540941004
1,0.5,0.2,0.5,0.4,-0.2,0.992025646701349,0.518387437214395,0.21246278427397,0.545660911097526,0.335085987371177,-0.20318918984886,0.0423240094084348,0.0368816115369966,0.0257160224587532,0.0644158704385606,0.0437211349790776,0.485882067555371
1,0.5,0.2,0.5,0.4,-0.2,0.984825389945459,0.54622624002208,0.221640166578428,0.539611663974848,0.364908588006206,-0.344744157788616,0.0400692589306042,0.0340592471438536,0.0236058496895059,0.0542789861955301,0.0444017680083856,0.415250589561624
1,0.5,0.2,0.5,0.4,-0.2,0.974973860881304,0.486603880492574,0.200722788473743,0.491098367108954,0.435492377117252,-0.509129745062377,0.0416406646541635,0.035838773773052,0.0254190501529975,0.0499906124452483,0.0411340941193504,0.434038274550091
1,0.5,0.2,0.5,0.4,-0.2,0.951247474926089,0.556408231053731,0.141279602909935,0.426988169754427,0.465684700881844,-1.69794451959753,0.0412043299225235,0.0359077514960995,0.023636267290076,0.045061244681501,0.0432395984059012,0.828247016664307
1,0.5,0.2,0.5,0.4,-0.2,0.997618924332638,0.480611855093761,0.216250020217189,0.573969465837445,0.392817048172376,0.0366699038599309,0.0405204007937688,0.0346506934550282,0.0257753158548736,0.052129312763038,0.0402326010059329,0.291211862797767
1,0.5,0.2,0.5,0.4,-0.2,1.02109359929338,0.503159972114349,0.248075656379015,0.500164393824305,0.38639428011075,-0.167926761821459,0.0421866963624091,0.0364283923665192,0.0253955778517673,0.0526996163283405,0.0421164596362044,0.351670816902452
1,0.5,0.2,0.5,0.4,-0.2,0.997868385613189,0.503462135112663,0.19168010762711,0.550085052795561,0.428402680939836,-0.06596064101091,0.0414559695564663,0.0353492269096472,0.0226225120877391,0.0524707309821309,0.0412802611493042,0.3158098712031
1,0.5,0.2,0.5,0.4,-0.2,0.936348594204679,0.531684318369235,0.189997716284371,0.462665124083949,0.392849732680699,-0.502899354784005,0.0424749195926709,0.0345972896331536,0.0254974062470604,0.0524833984060943,0.0430353174003335,0.441158877289071
1,0.5,0.2,0.5,0.4,-0.2,1.077084105789,0.473585097983073,0.202983354069535,0.434446903640079,0.394802887531937,-0.226843526514598,0.046907734011561,0.0419615622545539,0.0262692603414905,0.0601530491125766,0.0395189860301493,0.502901686579365
1,0.5,0.2,0.5,0.4,-0.2,0.953952950653242,0.508175250961644,0.166589261684372,0.542728976549198,0.454421736022954,-0.361387663095869,0.0411643380342811,0.035688816655991,0.022256380152955,0.0543930708131258,0.0415727009341207,0.449593941018223
1,0.5,0.2,0.5,0.4,-0.2,0.960908793470054,0.525195811359416,0.163334923426058,0.467374613719447,0.412190562881033,-0.521083441507239,0.0438869651240649,0.0366121063646017,0.0246861734506254,0.0560537391699292,0.0437819128165627,0.517819525772247
1,0.5,0.2,0.5,0.4,-0.2,0.990986113985594,0.469878571561582,0.177016106178772,0.560389278973589,0.387561558161676,-0.200322322093554,0.0399014484561999,0.0355559678756646,0.0229733290100406,0.0557266949970586,0.0413190748042128,0.389822802086979
1,0.5,0.2,0.5,0.4,-0.2,1.01976870946466,0.523390052937233,0.19799717687932,0.516123412318714,0.315295715813813,0.0608120744154003,0.04258300755287,0.0391636709612561,0.0273829993226429,0.0570289058633077,0.0415495107618934,0.315338023554907
1,0.5,0.2,0.5,0.4,-0.2,1.01401848306835,0.50543242495153,0.200101541753008,0.461755877302039,0.423867414131223,-0.461564127835777,0.0427670708786071,0.036441653217861,0.025146456161127,0.0481321648291673,0.0413859141893478,0.401412224092305
1,0.5,0.2,0.5,0.4,-0.2,0.925478529257044,0.544492147572319,0.202563876503593,0.476734317362516,0.420883494739422,-0.673210003968923,0.0415042239886264,0.0353546375040191,0.0227275791382166,0.0482427872299396,0.0443581640133746,0.431120229028678
1,0.5,0.2,0.5,0.4,-0.2,0.96849467217058,0.52362220989648,0.209270253454379,0.481714321381111,0.435320939441698,-1.09254670205079,0.0396542490679641,0.0347002208973756,0.0228184160809158,0.0467339183749768,0.0427276804889627,0.618725948557311
1,0.5,0.2,0.5,0.4,-0.2,1.03477291143048,0.49110665664956,0.197828522722212,0.479747496448482,0.411928814688917,-0.442679089172172,0.0419489343044582,0.0344487037895037,0.0228717080863612,0.0537449679889152,0.044195149836195,0.4817858163537
1,0.5,0.2,0.5,0.4,-0.2,0.975381432747452,0.487616041250113,0.236602318928226,0.577217518541545,0.349774907271278,0.0113549226022785,0.0411620898345939,0.0362025806972358,0.0225361648338836,0.0581934159591167,0.0418468237637898,0.331151138768516
1,0.5,0.2,0.5,0.4,-0.2,1.01837083769822,0.496660568261298,0.16859837973748,0.504025334721469,0.361035020645926,-0.194712018685797,0.0407170016371806,0.0349195286886543,0.0255032816403132,0.0505955153811707,0.043906583690553,0.324700429879362
1,0.5,0.2,0.5,0.4,-0.2,1.00070748721835,0.475661456614806,0.18952651001706,0.512124805591616,0.418599945622961,0.00597985446408145,0.0435150096057424,0.0366884220374262,0.0221678923035959,0.0575833080338948,0.0432634382729032,0.351295110024011
1,0.5,0.2,0.5,0.4,-0.2,1.0193134694033,0.490998170841404,0.192389806804877,0.447375127309031,0.476382467933403,-0.713621631080417,0.045231306383819,0.0391043842446295,0.0256222673954823,0.0575489419319069,0.0483094317864039,0.711877575229795
1,0.5,0.2,0.5,0.4,-0.2,1.08220516679401,0.480098025529009,0.166407125281173,0.637423901084021,0.312430411520997,0.605712863299248,0.0412811926941865,0.034816236005091,0.0233732236603437,0.060219620839945,0.0427540903910376,0.20287667987281
1,0.5,0.2,0.5,0.4,-0.2,0.940582248585257,0.528364436038078,0.197216930638433,0.531793581690524,0.387380268742821,-0.203585667862674,0.0405873400207047,0.0357271478865692,0.0252043394024674,0.0525838560367888,0.0432081165104727,0.329143660768377
1,0.5,0.2,0.5,0.4,-0.2,0.988362923115979,0.510602158682251,0.192758292574975,0.435868677785638,0.417863665236249,-0.301802944013858,0.0445002318301474,0.0389177144308038,0.0260949114422868,0.0499892680143912,0.0399046617585513,0.354612037028151
1,0.5,0.2,0.5,0.4,-0.2,1.06525588523695,0.443525332687573,0.210880277162402,0.53407376984668,0.38282686362175,0.0640182563775148,0.0416363609136565,0.0367492875021534,0.0258080333289578,0.0535844493712321,0.0410153806251518,0.307739648324596
1,0.5,0.2,0.5,0.4,-0.2,0.945094638802813,0.544991525248628,0.161960857131739,0.523002717471352,0.357489289554553,-0.215723221642719,0.0418002267743727,0.0365757287607773,0.0264536358232828,0.0577970376473611,0.0446631798621296,0.389710219101041
1,0.5,0.2,0.5,0.4,-0.2,0.945465291879555,0.507083890372191,0.193276657578903,0.492505757471618,0.470434707624641,-0.23078714584767,0.0477381854838721,0.0421594390172286,0.0225622798557453,0.0604741422102063,0.0424857028650002,0.489547792615361
1,0.5,0.2,0.5,0.4,-0.2,0.965025575634753,0.494737999911569,0.17559102939416,0.481453612541428,0.368150635354,-0.479994309687906,0.0419359184633411,0.0375008232496585,0.0242044915288819,0.0557767707418593,0.0432909627095836,0.493924969645818
1,0.5,0.2,0.5,0.4,-0.2,1.05385766349657,0.467768738186604,0.18244019662254,0.460048067849574,0.402037045177774,-0.257260092264629,0.0450630672868339,0.0382063628844123,0.027023890561703,0.0599041743790593,0.0404836071373558,0.495791392309186
1,0.5,0.2,0.5,0.4,-0.2,1.00348483206814,0.494926137488516,0.181333182344513,0.590062518862592,0.328139874503803,0.24124861946583,0.0396820178184572,0.0350858944456818,0.0250771926741582,0.0543036905854267,0.0401547606451106,0.23322728993904
1,0.5,0.2,0.5,0.4,-0.2,1.03377672609081,0.485324670333196,0.183243406255767,0.472574690106028,0.430277391821123,-0.360461885791476,0.0440967600296163,0.0372517258663352,0.0237863457931508,0.0578714053890737,0.0425129483253816,0.511013137569104
1,0.5,0.2,0.5,0.4,-0.2,0.978545522809264,0.489830073257394,0.172014615062552,0.466131232780401,0.489930311671331,-0.41472491587801,0.0446405496197282,0.0372870511206389,0.0244359631636712,0.0539412121221756,0.0433682210409114,0.472325426693962
1,0.5,0.2,0.5,0.4,-0.2,1.04085160762259,0.472475152453716,0.187974209081018,0.48268224980594,0.381470528693069,-0.25988647218355,0.0421689715140872,0.0367201419137514,0.0248728006750752,0.0510116985879621,0.0415369669503304,0.377499015441377
1,0.5,0.2,0.5,0.4,-0.2,0.964884576287618,0.521860577510302,0.187189036997574,0.484547358986215,0.375434679738413,-0.153700071048494,0.0434256430944267,0.0377231123585398,0.0265357758577651,0.0584777015398895,0.0407216959559676,0.387041030555938
1,0.5,0.2,0.5,0.4,-0.2,0.984093861383268,0.498476309335805,0.17397967897218,0.566938182288442,0.403941474009024,-0.014170638097951,0.0414361498028178,0.0355943858592915,0.0239145817471025,0.059041749657054,0.0425097626571251,0.359209130494196
1,0.5,0.2,0.5,0.4,-0.2,1.01203481148955,0.462781171981784,0.213961746957518,0.546829442831803,0.380893406985129,0.173696339588879,0.0417522159878859,0.0357560828611447,0.0251629591218782,0.0516354176649552,0.0401834039199144,0.245055364634273
1,0.5,0.2,0.5,0.4,-0.2,1.02666131406612,0.477754326190833,0.229417336387092,0.452369471019897,0.441400070545316,-0.543307230443733,0.0435816007001351,0.0378830892105361,0.0241808938050485,0.0535280494106335,0.0420356901457871,0.529976417457759
1,0.5,0.2,0.5,0.4,-0.2,1.00309597065651,0.481693405701031,0.186411767353606,0.471598712502326,0.39865859058388,-0.669486038358897,0.0408705584485498,0.0367145719296973,0.0242431274958297,0.0487828316773207,0.0448410533273606,0.460934444917173
1,0.5,0.2,0.5,0.4,-0.2,0.94716708791746,0.503864694073411,0.161931908662263,0.532555897570223,0.440240910093667,-0.425212536832758,0.0411366582566601,0.0355562571937331,0.0223355049130419,0.0531855996732145,0.0415271908675263,0.441579368064574
1,0.5,0.2,0.5,0.4,-0.2,0.993917024748952,0.500698480641444,0.194450204493176,0.472144502345404,0.451228516664258,-0.318799929344699,0.0435749553124134,0.0373366861975473,0.0226043423285125,0.051840623806287,0.0413374580538114,0.378604258606414
1,0.5,0.2,0.5,0.4,-0.2,0.990379159541911,0.518487943405815,0.23578839953703,0.509260331411012,0.444972944373006,-0.572651459280225,0.0417488628069867,0.0355928269429747,0.0236461976897894,0.0519743718831545,0.0440019677768812,0.520468121342268
1,0.5,0.2,0.5,0.4,-0.2,0.898839745786194,0.593245005166617,0.147984505787692,0.491863216876945,0.400156442740806,-0.319471044275848,0.0437882774537742,0.0393863223667681,0.0229189574800875,0.0545552631700465,0.0410936097572956,0.375541494281838
1,0.5,0.2,0.5,0.4,-0.2,0.988996261296559,0.520967419877734,0.242697997543717,0.470996682317399,0.388491856741461,-0.36887803303158,0.0438790437061439,0.0388787053477709,0.0271144911683375,0.0555503560511261,0.0427998973036814,0.464283649455381
1,0.5,0.2,0.5,0.4,-0.2,1.03756118566439,0.454011394939683,0.200901561694365,0.587194804025692,0.370329572638543,0.40488314830985,0.0425891816077742,0.0358274131708077,0.0261929934358914,0.0578625490992884,0.0365140389913157,0.235523374748088
1,0.5,0.2,0.5,0.4,-0.2,1.00066570121629,0.519089026570336,0.228894055921696,0.43526196107357,0.427656443309632,-0.573986844853284,0.0441973581062782,0.0379904504254893,0.023933932039017,0.0496136195805547,0.0410429792496737,0.468981937559194
1,0.5,0.2,0.5,0.4,-0.2,1.0689550666113,0.420134503180296,0.206417632251542,0.530708972568754,0.424615284118535,0.179729837710975,0.045512641924342,0.03904763901875,0.024398053239452,0.0725204024902111,0.0444887060200095,0.446248265586243
1,0.5,0.2,0.5,0.4,-0.2,0.985636487322256,0.504871093979224,0.211799693818203,0.47845375720121,0.456586879872545,-1.21537018055604,0.0400184880022889,0.0344890919061944,0.0244866382210795,0.0447997313799881,0.0447676533495117,0.657878034261405
1,0.5,0.2,0.5,0.4,-0.2,1.08270554143043,0.467396400498786,0.164909325954982,0.563608923090933,0.328209216403141,-0.0921023041337019,0.0387244705602453,0.0336812784771888,0.0261036140469664,0.0521238196582753,0.0411343708868225,0.336937243907953
1,0.5,0.2,0.5,0.4,-0.2,0.911623243988517,0.552207145905621,0.19109438872874,0.557558936192044,0.405355206331894,-0.0187080982936569,0.0410791269965735,0.0357938917487542,0.0234674822301087,0.0525218201358873,0.0407268162657177,0.274579286103744
1,0.5,0.2,0.5,0.4,-0.2,1.09049482526116,0.409493101708243,0.196176158470738,0.636269215706351,0.388793040636894,0.607629621094053,0.0428635857598637,0.0358760763641955,0.0245647597852924,0.062484524397133,0.0397023765006303,0.230078223631705
1,0.5,0.2,0.5,0.4,-0.2,0.987266130452147,0.523546499625494,0.191390541511277,0.521985587479216,0.446382083302481,-0.40330463477027,0.040625133508428,0.0351616800079916,0.022523022772318,0.0497595147898903,0.041275954846225,0.377051543312233
1,0.5,0.2,0.5,0.4,-0.2,0.999689840091353,0.468024811107044,0.208190978387589,0.522911943251699,0.39768290298474,-0.0108731637321497,0.0425384600991802,0.0348878565264275,0.025468619438952,0.0531860818571184,0.0401840636989505,0.30419937214939
1,0.5,0.2,0.5,0.4,-0.2,1.0070117187034,0.467172861525113,0.187103559870683,0.565317862141321,0.367744656439685,-0.0940629384506646,0.0402574816342067,0.0353770572942821,0.0234061611768525,0.0569748149935984,0.0430564581626901,0.386129483269921
1,0.5,0.2,0.5,0.4,-0.2,1.05351957289474,0.488869054603343,0.178007707293999,0.413006052648106,0.426078649347445,-0.477766988086971,0.04574157002165,0.0409084981845569,0.0268327241613651,0.0527898852558456,0.0409294281042744,0.499271900679934
1,0.5,0.2,0.5,0.4,-0.2,1.07317943907952,0.464576436120726,0.190302328708318,0.406313833561418,0.43887755802761,-0.6002564001328,0.0446827881761301,0.0384217707388762,0.0260615946358551,0.0474834783663265,0.0418453488969425,0.451631018591656
1,0.5,0.2,0.5,0.4,-0.2,0.998178184614156,0.451577051125517,0.242203459796651,0.490893924475815,0.437407840939256,-0.303870506949722,0.0427468782586144,0.0375016068032806,0.0234502054623492,0.0520772875972305,0.0409426193378135,0.383857372328149
1,0.5,0.2,0.5,0.4,-0.2,1.00251450743302,0.437600128586631,0.188724258613616,0.439879498044225,0.486120537085702,-0.351344284717241,0.046070440549396,0.0404357510399627,0.025014112909917,0.0528941372445119,0.0413340443186307,0.435365691179331
1,0.5,0.2,0.5,0.4,-0.2,1.04865818925815,0.437257897399215,0.165889241908944,0.479093731253563,0.510657366572295,-0.428633982309681,0.0445512297031209,0.0378704229698911,0.0210824374969076,0.0568221306529065,0.0447621835400392,0.582202070052893
1,0.5,0.2,0.5,0.4,-0.2,0.93977849630566,0.545437821494765,0.215972184923396,0.569865540392059,0.404078194647583,0.0747998261257676,0.0418462242623108,0.0357018541767335,0.0226299884508449,0.0528057843370533,0.0395473178512486,0.269028797354658
1,0.5,0.2,0.5,0.4,-0.2,1.00167920354696,0.460373096995383,0.164141872049174,0.4775423933878,0.422817927824217,-0.119069844976848,0.0452763066641097,0.0392361939673079,0.0253235263274268,0.0554421528725308,0.0404849516998952,0.383574658022724
1,0.5,0.2,0.5,0.4,-0.2,1.01276655726423,0.477320968024394,0.199148978082245,0.488240079419378,0.398092202686179,0.00537368772523262,0.0454468737753333,0.0408014598691344,0.0258073860287239,0.0578727139343619,0.0430666980537939,0.365591688241893
1,0.5,0.2,0.5,0.4,-0.2,1.04128113405132,0.479193031716249,0.175480260495613,0.440965012285122,0.451689264893869,-0.410201641702979,0.0443797821984994,0.0374354796352441,0.0278155542501892,0.0521994101288021,0.0424492103974793,0.444711967327718
1,0.5,0.2,0.5,0.4,-0.2,1.04474256009655,0.501854988642203,0.257993074205559,0.469852654688953,0.430293558163898,-0.27242267154275,0.0433478949552205,0.0384471728241395,0.0251404897111566,0.0501936015216842,0.0410008835503324,0.372369646260711
1,0.5,0.2,0.5,0.4,-0.2,1.01245747114371,0.510471402702465,0.160098829100494,0.523629726889551,0.350073363893583,-0.0092628490337606,0.0419731371687912,0.0381028119965585,0.0258377467657399,0.053419331054592,0.042954760418027,0.311637563715442
1,0.5,0.2,0.5,0.4,-0.2,1.01577481392305,0.52835991512394,0.193456548563968,0.448050134864298,0.438434606966072,-0.698639426495032,0.0424879757809088,0.0353542953988356,0.0236064929472296,0.0480557230079194,0.0432555590452839,0.503523471383906
1,0.5,0.2,0.5,0.4,-0.2,1.0280517102565,0.490753825998733,0.149635643418072,0.439512132282339,0.411984676999107,-1.00107046937531,0.0412267419335145,0.0373459408746563,0.0236878415697501,0.0455495797302595,0.0427770788163979,0.559095890864605
1,0.5,0.2,0.5,0.4,-0.2,1.010174683502,0.470291474966528,0.154586023989072,0.648467708867388,0.402906442860594,0.368376290617669,0.0413022359803507,0.0352726039147271,0.0209511908158152,0.0630201331598804,0.04203607985896,0.283923523088466
1,0.5,0.2,0.5,0.4,-0.2,1.04881875291359,0.487077721415971,0.175595731533191,0.450710654061142,0.392800713226668,-0.474363616263545,0.0434900244906971,0.0367300436280425,0.0268078778643437,0.055809194500548,0.0448376555058489,0.53285288766744
1,0.5,0.2,0.5,0.4,-0.2,1.07658016964369,0.472983534644334,0.175900329788276,0.533637139740678,0.302989183503668,0.314086083127412,0.0416942523945151,0.0368627724161673,0.0266307757693452,0.0573648218138847,0.0428375461939311,0.243988757338107
1,0.5,0.2,0.5,0.4,-0.2,0.961685254104584,0.488645178868051,0.189484397505858,0.57242690089056,0.446613056030486,0.182399286062898,0.0427104606887996,0.0364703885364322,0.0215914267814272,0.0564013920917607,0.0385336814570884,0.27174134874011
1,0.5,0.2,0.5,0.4,-0.2,0.999579971317871,0.469986204317834,0.210885402158731,0.433791770128486,0.449037307263506,-0.531742099181008,0.0447172708611985,0.0396410435589678,0.0236385510610356,0.0496341730034592,0.0415519073494402,0.44214574310319
1,0.5,0.2,0.5,0.4,-0.2,1.00815613649866,0.534635752455303,0.225368521106483,0.563525385963784,0.314252746938264,0.0916997087450537,0.0401574089867624,0.0350848932063164,0.027026233947652,0.0551414173997352,0.043790008118401,0.274290703091842
1,0.5,0.2,0.5,0.4,-0.2,0.975851999121221,0.552114181676575,0.235867561395487,0.463515165827119,0.384570675838583,-0.99430806675714,0.0438731620812893,0.0387616947940837,0.0267027030276674,0.0633274240467739,0.0531941690853481,0.980301142855109
1,0.5,0.2,0.5,0.4,-0.2,1.00324199420039,0.456843057738461,0.177057049239035,0.544209108354651,0.366348817586013,-0.158661124719519,0.0392051729338536,0.0363908387856563,0.0260831056976008,0.0500118359443123,0.0428990070015767,0.311397906209473
1,0.5,0.2,0.5,0.4,-0.2,0.907876026803295,0.508178650177287,0.203344917560743,0.461320213990119,0.471202041333171,-0.988647620374159,0.0419714815587821,0.0356856209295851,0.0223546622066518,0.0488637872384245,0.0424357549692835,0.568477189901182
1,0.5,0.2,0.5,0.4,-0.2,1.05981089950496,0.459405245046474,0.220259655442064,0.541265342663801,0.448002771727801,0.0562530642384403,0.0421818317797371,0.0364445164294318,0.0236537846462479,0.0506504117461264,0.0405501240000791,0.290102334407962
1,0.5,0.2,0.5,0.4,-0.2,0.913577226171058,0.578947134492425,0.221120514245852,0.471744028125887,0.476825469089231,-0.800505407028876,0.0420813938360319,0.0361045737870925,0.0242688889367413,0.0483797999320425,0.0428287622987841,0.482661861527812
1,0.5,0.2,0.5,0.4,-0.2,0.976511405425941,0.521552404730011,0.207917823652218,0.474805453282778,0.443496195609746,-0.803639913797928,0.0413456219736909,0.0341175679245544,0.0238587747468173,0.0493002955084824,0.04401398784408,0.525987170878164
1,0.5,0.2,0.5,0.4,-0.2,0.961719781587315,0.534128715005026,0.178007914002791,0.550853636737099,0.390921341170401,-0.0348555539285288,0.0407486284374416,0.0346033705117973,0.0223307872525369,0.0536167779086893,0.0426377313743279,0.301161565448419
1,0.5,0.2,0.5,0.4,-0.2,0.970970569063182,0.529197971630495,0.183912605046457,0.47651017014506,0.425729043860299,-0.626848979829642,0.041424084165826,0.0353623160317912,0.0242378669875072,0.048606527773421,0.0420297856041288,0.436651355500987
1,0.5,0.2,0.5,0.4,-0.2,0.963676022691986,0.518564054241905,0.214499110687247,0.599351379938873,0.376811970292476,0.249097634212528,0.0424380883872256,0.0370468477220949,0.024878819479406,0.057325602995783,0.0422608873649969,0.271948858475887
1,0.5,0.2,0.5,0.4,-0.2,1.05429504154735,0.482094986158101,0.219292715617629,0.425277703817237,0.41303663269493,-0.45687459301312,0.0437739811422874,0.0363721085788805,0.0263149383734099,0.0520423296928825,0.0451522293340597,0.451495559134762
1,0.5,0.2,0.5,0.4,-0.2,1.03834684152976,0.455525243192312,0.188189874185274,0.498895029693904,0.420329843426498,-0.284890729441796,0.0423867382165595,0.0342030880874973,0.0251686382526766,0.0531367734662331,0.0444766172758823,0.43136387135203
1,0.5,0.2,0.5,0.4,-0.2,1.03801068925181,0.487638262724943,0.147426392676603,0.40291517890271,0.455954763231518,-0.758119587956834,0.046963106891524,0.0419102038129475,0.0242196611205188,0.0559789546487574,0.0471065557440463,0.732287435072799
1,0.5,0.2,0.5,0.4,-0.2,0.970562538778058,0.522905874658673,0.216927467376476,0.488162186728697,0.376789352615956,-0.372599027891791,0.0425550718902781,0.0375449085585762,0.0248960112470114,0.0526372418187387,0.0414813909617201,0.4134795940871
1,0.5,0.2,0.5,0.4,-0.2,0.935353085677401,0.550794156348864,0.185839833365854,0.526491249315726,0.362760261809496,-0.604299947448505,0.0381023566225356,0.0348191667193335,0.0240870216026253,0.0493249348481595,0.0442781269230731,0.396109158442847
1,0.5,0.2,0.5,0.4,-0.2,0.991129261431289,0.514462210906455,0.191850802038872,0.468300417721913,0.390174577847187,-0.656855908110671,0.0457120181245565,0.0405481099782005,0.0272530542545633,0.0652071095935387,0.0494342875514114,0.758640286021311
1,0.5,0.2,0.5,0.4,-0.2,0.99229770592603,0.521467270602836,0.181616493833118,0.531633935491772,0.342227057145889,-0.0129190725259759,0.0413119922827095,0.0370001617036094,0.0251559618203213,0.0552191921528167,0.04353191431985,0.310314220505322
1,0.5,0.2,0.5,0.4,-0.2,1.00901415133098,0.442676692345625,0.167621977779082,0.436719175074633,0.405047412355411,-0.464529691058895,0.0445691762854404,0.0392860847900759,0.0252179599013081,0.055830912789299,0.0408029282956873,0.500462367706544
1,0.5,0.2,0.5,0.4,-0.2,1.03150803399026,0.478860081281971,0.235165488426449,0.434328200961466,0.40631035154636,-0.980063334962247,0.041799947361537,0.0375850213735534,0.0251388760028049,0.0485164736413457,0.0470444307437006,0.620609945815537
1,0.5,0.2,0.5,0.4,-0.2,1.02517364183686,0.480712020306426,0.231120418798664,0.485429876564792,0.51275509632293,-0.406207309910629,0.0436495410415477,0.0354397686623415,0.0243179808271081,0.049875367205346,0.0423868206140971,0.408153115724207
1,0.5,0.2,0.5,0.4,-0.2,0.92541110533092,0.583051908542078,0.240072721065375,0.49441856440352,0.428028915466911,-1.04906819248872,0.0399633787776043,0.0350018942376963,0.02436885577739,0.048471603516197,0.0461263483296577,0.622420021448827
1,0.5,0.2,0.5,0.4,-0.2,0.983066379911258,0.509952484971736,0.200745695020797,0.622093040309993,0.384604801027466,0.240329185186328,0.0394229426577717,0.0345849739581869,0.0209619097911682,0.0537153352051089,0.0403681543589521,0.2309241267916
1,0.5,0.2,0.5,0.4,-0.2,0.980278787780011,0.515787801681834,0.188099067600134,0.492322779073944,0.423192828621806,-0.388550800770272,0.0423631389580209,0.0378266237563597,0.0246496311833487,0.0515543839094357,0.0425540877800132,0.42402203989433
1,0.5,0.2,0.5,0.4,-0.2,1.02445042904517,0.525411216807665,0.15333650696786,0.48793342758769,0.437402216964897,-0.34523378561776,0.0421245302437242,0.0363124567871278,0.0238271632449411,0.0506294552124046,0.0426550434808846,0.409476438646264
1,0.5,0.2,0.5,0.4,-0.2,0.997679225436854,0.518979897346653,0.20295274617488,0.489443636067304,0.378908568023458,-0.55836047463914,0.04041066798202,0.0369469532686435,0.0254988132700933,0.0484041805660412,0.0440334662011127,0.410708790366215
1,0.5,0.2,0.5,0.4,-0.2,1.04031427970646,0.499516271253697,0.223649900298771,0.491791068880679,0.306178859332962,-0.113119063990186,0.0408807345866486,0.0357579267958877,0.0285434479189361,0.049357611603833,0.0386538133945054,0.283221202599524
1,0.5,0.2,0.5,0.4,-0.2,0.998649530528631,0.493856185833147,0.189364270401492,0.513088358424316,0.376152152680357,-0.302993343332772,0.040085703404608,0.0346546280847964,0.0240939866410591,0.0493715236207873,0.0388575357373251,0.338307329280039
1,0.5,0.2,0.5,0.4,-0.2,0.972121311375467,0.534626718254572,0.199693218703596,0.526658216768654,0.394139020940303,-0.209500518825473,0.0414301295980863,0.0378692340800571,0.0234676770002075,0.0530625048426483,0.0400915478954457,0.35190473041109
1,0.5,0.2,0.5,0.4,-0.2,0.998677143930013,0.512910921912381,0.171853640354094,0.539206249506071,0.404412823804166,-0.102145091536166,0.0406973596325463,0.0349515269951797,0.0237698092172551,0.0527749701923988,0.0407211630331841,0.318093108535973
1,0.5,0.2,0.5,0.4,-0.2,1.09802605078856,0.435423243984008,0.176460854008513,0.489750047168846,0.361448915641561,0.0976234818840076,0.0440415704284602,0.0389876092405294,0.0258953495476908,0.0556852677980866,0.0386074252218256,0.32464911069033
1,0.5,0.2,0.5,0.4,-0.2,0.942942548037973,0.573224828040456,0.220514698125136,0.446784045253284,0.412472033889763,-0.976379412251529,0.0413771299169547,0.0360461892103645,0.0257879887923849,0.0465306818577621,0.0433196837457556,0.484297422062542
1,0.5,0.2,0.5,0.4,-0.2,1.00975612099715,0.446606686367131,0.245591570764064,0.436945867989409,0.463157363484182,-0.618227440551251,0.0442849337770902,0.0390998186713218,0.0246489535024494,0.0490944571818031,0.042210839521083,0.483056766631445
1,0.5,0.2,0.5,0.4,-0.2,1.00508051302583,0.490806845579081,0.192491237937464,0.563204245879823,0.403610651140946,0.04554827864371,0.040174610313088,0.0342651679280402,0.0222151185645178,0.0502070779092705,0.0404659818925564,0.263965599323429
1,0.5,0.2,0.5,0.4,-0.2,1.02586793037594,0.518567185999923,0.167074853843898,0.620815023948812,0.303508873968975,0.462552184492853,0.0402638420604071,0.0358596261183575,0.0262919796765004,0.0566636916258178,0.04112688422649,0.206803184136307
1,0.5,0.2,0.5,0.4,-0.2,0.955154735346837,0.499675712121705,0.16699185041146,0.50765547148433,0.443392273059886,-0.399961795599246,0.0414851000408797,0.0356357693729717,0.0245063969360184,0.0500853502904424,0.0430300730064775,0.374888689176413
1,0.5,0.2,0.5,0.4,-0.2,0.94457579904209,0.544821952244911,0.180505294119814,0.461743777739674,0.481136564735871,-0.681830606461684,0.0434635347896245,0.0378694334811268,0.0250548059104052,0.0503952782882372,0.0452899137386285,0.529241374926479
1,0.5,0.2,0.5,0.4,-0.2,1.05248438063539,0.462024048291868,0.218896910687613,0.536965689829615,0.377173171460848,0.217585704044527,0.0428250946384063,0.0375377827227033,0.0253128797992808,0.0533307456453325,0.0404578793372309,0.250840077624661
1,0.5,0.2,0.5,0.4,-0.2,0.999605498999764,0.510890433398774,0.183535551393464,0.468543759512254,0.422779367759679,-0.621353840706707,0.0419515319904458,0.0357745018350651,0.0246027504214353,0.0509372985383867,0.0441827379646939,0.484655976239812
1,0.5,0.2,0.5,0.4,-0.2,0.977760188635243,0.516049137118735,0.172338596668893,0.490904396900223,0.408267027224479,-0.12766481327653,0.0436510096989122,0.0392249119411428,0.0261270012039463,0.0541736404973328,0.0408470206276571,0.342476379137042
1,0.5,0.2,0.5,0.4,-0.2,0.948698958363686,0.565322422305832,0.168171320998017,0.485143260941894,0.404111802818664,-0.243094676430346,0.0429507135511161,0.0381515042086623,0.0243659059112035,0.0504737310998072,0.0402289784001675,0.31728259134431
1,0.5,0.2,0.5,0.4,-0.2,1.04524989647923,0.465480273875613,0.224609190407846,0.463025965581176,0.384127514668696,-0.350529481687958,0.0427756191110246,0.0378158374603685,0.0275428245491832,0.0524337792212998,0.0431458793939403,0.418342631755438
1,0.5,0.2,0.5,0.4,-0.2,0.976074337952316,0.518117485332666,0.141645488653625,0.479220194411649,0.441012598798852,-0.891515670892667,0.0405121066028577,0.0356344397050192,0.024432383564658,0.0476501745044291,0.042056055097134,0.55841775964558
1,0.5,0.2,0.5,0.4,-0.2,0.998901259815431,0.459678639317808,0.200416297977911,0.542567355407084,0.449221963569835,-0.349359293412997,0.0395459893415203,0.0331565317078468,0.0248199863299276,0.0482159139925942,0.0416389612642781,0.368084455652008
1,0.5,0.2,0.5,0.4,-0.2,1.05319764726243,0.497009364153466,0.189849618580318,0.469963784613473,0.41414313691723,-0.155688512539265,0.0445276562543437,0.0383131761187308,0.025804197178616,0.053121510070625,0.0397219958664829,0.374656551157319
1,0.5,0.2,0.5,0.4,-0.2,1.02762091204134,0.456803213199868,0.183219393093362,0.457341102580695,0.488677920371828,-0.194989776271079,0.044776653402597,0.0384382992717005,0.0234424530303097,0.0493932008846385,0.0402741096195286,0.338962007590819
1,0.5,0.2,0.5,0.4,-0.2,1.01025678856265,0.505075399268564,0.198380449420107,0.545060307625207,0.368473893458108,0.173769622621955,0.0419197206230885,0.0366050421228156,0.0229072106326424,0.0528449712998184,0.0426669776200998,0.244940785884824
1,0.5,0.2,0.5,0.4,-0.2,1.0057222232141,0.427755156996452,0.209868639546017,0.514188706692172,0.529660930455973,-0.570549250936497,0.0409143640357597,0.0337282901924926,0.0218004684728953,0.0488586616574737,0.0423058923344721,0.465993477779422
1,0.5,0.2,0.5,0.4,-0.2,1.03117546375831,0.449730691147071,0.204938139681975,0.52206733233489,0.474174375057462,-0.360250691042707,0.0407921799597089,0.0340428621512219,0.0233327163397172,0.0511481941050317,0.0413024677299408,0.425326826940345
1,0.5,0.2,0.5,0.4,-0.2,0.987585488561119,0.502539780746767,0.205287292993254,0.620255365515566,0.400818378269916,-0.130101782887923,0.0374409915554467,0.032509133013143,0.020608965944323,0.0524653278462401,0.0441052125708312,0.32778046549039
1,0.5,0.2,0.5,0.4,-0.2,1.00542232341444,0.527188013415524,0.137469667084276,0.559947902853824,0.3240829124762,0.236962485583517,0.0419118655643597,0.0376265059955929,0.0260685946713492,0.0558108872181406,0.0413995022437606,0.252309889950826
1,0.5,0.2,0.5,0.4,-0.2,1.00629146916182,0.504438052844148,0.219077160007742,0.501391782168848,0.372358952063984,-0.172842978602296,0.0415761401127505,0.0367936593019061,0.0230102518248223,0.0511102762451431,0.0421478976632051,0.323079833191809
1,0.5,0.2,0.5,0.4,-0.2,0.950726235786275,0.520430600201239,0.171195983086719,0.466730955850356,0.415958653948547,-0.456296163431669,0.0431571417235929,0.0368226639201823,0.0239662834233745,0.0538526309555346,0.0436893923402941,0.433750211904998
1,0.5,0.2,0.5,0.4,-0.2,0.980605081617178,0.491502980879193,0.273826891601691,0.468312939665108,0.449469900371604,-0.744132847242012,0.0411268639539973,0.0353456790078192,0.027531647410899,0.0482911289597286,0.0446008311879251,0.485223228896657
1,0.5,0.2,0.5,0.4,-0.2,1.04248890911613,0.466308846262532,0.164718705609621,0.580364345564669,0.354165881932267,0.205997417058204,0.0394667147077174,0.0338250295232764,0.0225114314142655,0.0526046496728995,0.0415356555825947,0.24368981513811
1,0.5,0.2,0.5,0.4,-0.2,0.985667382353978,0.554608759033588,0.223323948755362,0.466076000247476,0.384346024996825,-0.847294874564787,0.0400868517568597,0.0346966470936143,0.0254207424223067,0.0453923554378308,0.0407790208932884,0.437323500553159
1,0.5,0.2,0.5,0.4,-0.2,0.989255051486537,0.494657843324348,0.20928994311762,0.521112231267867,0.392360716797571,-0.380047924418822,0.0403422078239666,0.0347384171369942,0.0236541176187306,0.0520499338788058,0.0391018716868104,0.411400833468746
1,0.5,0.2,0.5,0.4,-0.2,0.981293314379742,0.532096355124922,0.17656904185268,0.533181300143348,0.349696708538049,-0.0751893974621406,0.0427521515894129,0.0389010502702885,0.026270496752191,0.0601243725468179,0.0441794681139677,0.398035360315191
1,0.5,0.2,0.5,0.4,-0.2,0.98378450956229,0.518423712193604,0.201192873774684,0.483805959922395,0.438263863374536,-0.44545802824539,0.0420694105457968,0.0358616933934585,0.0237335656750165,0.0507537255710673,0.0417311697420087,0.414095559197304
1,0.5,0.2,0.5,0.4,-0.2,1.05384522065004,0.475176210309898,0.206734449411743,0.557126392862551,0.365797876611093,0.350161095835535,0.0414625247422475,0.0364911938149206,0.0251030472197851,0.0568230323118279,0.0458062616164242,0.240660389496308
1,0.5,0.2,0.5,0.4,-0.2,1.04452658138128,0.463374513514817,0.181214810760638,0.423385611307303,0.48373486934501,-1.26648397894199,0.0431743300072384,0.0370149215164079,0.0239338973905398,0.0497027470745616,0.0509524042995346,0.881483421430911
1,0.5,0.2,0.5,0.4,-0.2,0.932792229727299,0.543555466341478,0.220031104771961,0.499254088747776,0.494701257347575,-0.515858796344078,0.0417170893189822,0.0364896277052243,0.0238099556215669,0.0471869715548098,0.0392087373252194,0.369791568769196
1,0.5,0.2,0.5,0.4,-0.2,1.08498219766726,0.450509803441352,0.164296742872109,0.520035471774988,0.379967644331527,0.100201562413746,0.0446934144678664,0.0367668572949521,0.023535445147898,0.0633834812396654,0.0435664448094634,0.405394140048704
1,0.5,0.2,0.5,0.4,-0.2,0.913519806840638,0.532190168592681,0.199907259701367,0.561859358733937,0.451617357326731,-0.278118130590924,0.0413485521925837,0.034962901487729,0.0214519655970779,0.0594188842008189,0.0454686725366377,0.452967130480052
1,0.5,0.2,0.5,0.4,-0.2,1.05751464537976,0.448063073756885,0.188023757406302,0.543761580516307,0.385694592815321,0.262988036832003,0.0422445857420347,0.036993022233555,0.024268293070925,0.0524124851092873,0.0388891946042607,0.240882974596653
1,0.5,0.2,0.5,0.4,-0.2,1.02748980160642,0.527274319510119,0.220680386288485,0.475215655286719,0.465435064012057,-0.637470574559929,0.0440585655237543,0.0382216652789089,0.0244976069589821,0.0546952194590518,0.0470251116108598,0.617467737262463
1,0.5,0.2,0.5,0.4,-0.2,0.944752717584115,0.510682951317795,0.226619720444686,0.522082705106269,0.448230326420231,-0.411388876167082,0.0405389971773795,0.0342020707125378,0.0217943097061363,0.0521800143896247,0.0443473276921684,0.407023783838094
1,0.5,0.2,0.5,0.4,-0.2,1.01417538353616,0.516059881606507,0.246673157868919,0.525618876397074,0.427597434761341,-0.634471625697776,0.0395483574764049,0.0342522228050948,0.0226920560151002,0.0505575234479936,0.0439196260810525,0.511649710815211
1,0.5,0.2,0.5,0.4,-0.2,0.995873889383924,0.457405058250424,0.214854537201141,0.518239512843923,0.42898900094938,-0.0749238688953195,0.0443764913960904,0.0391629788469629,0.0246276334566421,0.0595066766989769,0.042366810311989,0.408897457438978
1,0.5,0.2,0.5,0.4,-0.2,0.918736504254846,0.580642766050466,0.228072376224193,0.512147659250817,0.359716570251738,-0.326093913229865,0.041471159238274,0.0369324058082701,0.0255723421232071,0.0547602915952051,0.046030359412085,0.396923132789443
1,0.5,0.2,0.5,0.4,-0.2,1.01380690839791,0.492804687577175,0.205726671490648,0.451301474158085,0.394230032301258,-0.614025476902759,0.0432672694598352,0.0387524464298314,0.0250911831898754,0.0519087382175124,0.041022263580591,0.534189579119492
1,0.5,0.2,0.5,0.4,-0.2,0.948537927737999,0.577138662872041,0.207818814325535,0.374041210437621,0.471748799678857,-3.30257277193344,0.0421410588228383,0.0367639752909103,0.0237287341555145,0.0459536987389909,0.0512181486838616,2.83777227518619
1,0.5,0.2,0.5,0.4,-0.2,1.01763640119199,0.453410612218119,0.194065372138631,0.541627843457365,0.436497477191785,0.00573854733490717,0.0413903958952119,0.0347602811258608,0.0235057133281447,0.0551912436122515,0.0433882461196719,0.328519818364586
1,0.5,0.2,0.5,0.4,-0.2,0.988491387895829,0.495962481408513,0.2418903242295,0.478279668955037,0.477121005581557,-0.492052203621996,0.0437774677058874,0.0372865553973632,0.0269434962371497,0.0517527103374731,0.0439510688648938,0.477505216884318
1,0.5,0.2,0.5,0.4,-0.2,0.951233574145595,0.50383255628702,0.220833719230593,0.481718076295054,0.46283020333948,-0.691063701829535,0.0417162361432192,0.0360991286833444,0.0207997353900185,0.0520287695022236,0.0446964102923725,0.524588942657229
1,0.5,0.2,0.5,0.4,-0.2,1.0531427856795,0.483396765997339,0.209023228452733,0.446328743301252,0.363018722629904,-0.143969356516318,0.0457465427238442,0.0385723583301457,0.0259521760754884,0.0564316093670741,0.0399949696294402,0.400815010460392
1,0.5,0.2,0.5,0.4,-0.2,1.01341924162514,0.517393756583792,0.184267131008975,0.416220438130064,0.440972604097426,-1.06301396803683,0.0428990857812313,0.0377995222798514,0.027597203488819,0.0500400771206285,0.0438486225836971,0.654868920188217
1,0.5,0.2,0.5,0.4,-0.2,1.0796450289885,0.435870422958478,0.18326987761522,0.496667177208908,0.506017954144083,-0.44548617131867,0.0419812781275263,0.0351991662776978,0.0220250338720479,0.0504103962266879,0.0427043179226857,0.468313455149801
1,0.5,0.2,0.5,0.4,-0.2,0.987851447501155,0.504458068178809,0.215157275050977,0.508368732963873,0.416927090680185,-0.2584803618311,0.0430605910825039,0.0373158498785368,0.0238248737489431,0.0589749616271073,0.0455897761253996,0.458645331012319
1,0.5,0.2,0.5,0.4,-0.2,1.00876080487875,0.498132031613529,0.240622967279019,0.565161933819781,0.386937777483052,0.157628003472513,0.0416391515011252,0.0365832287648517,0.0251166238437336,0.0595367042187257,0.0435160614079605,0.3030208264994
1,0.5,0.2,0.5,0.4,-0.2,0.972220203980613,0.489760894271272,0.210023592233935,0.486128208351704,0.406060623005922,-0.270690711944645,0.0422080319370777,0.0356591591965613,0.0247533332836935,0.0505080850862004,0.0414449598410284,0.333901442130708
1,0.5,0.2,0.5,0.4,-0.2,1.02048084194486,0.490459112925477,0.204946510324395,0.517335387162137,0.41766126406638,-0.172145060795984,0.0412138630014123,0.0353295357401863,0.0253509569543791,0.0512744180170701,0.03788061810752,0.348402597911184
1,0.5,0.2,0.5,0.4,-0.2,1.05308337071194,0.487734300806473,0.220997280604444,0.393159420361228,0.475885075943473,-1.92503814472443,0.0430137390272812,0.0378270949697632,0.0255251135409152,0.0475634274076529,0.0500281916075958,1.2705431751802
1,0.5,0.2,0.5,0.4,-0.2,0.926086680220818,0.534763333521582,0.249891434843873,0.44881547558954,0.482404182899294,-0.767657419847484,0.0433945814454608,0.0368876260035137,0.0238271449833755,0.0472776758913742,0.0434979385966036,0.458545184302562
1,0.5,0.2,0.5,0.4,-0.2,1.06519809085125,0.442085778460269,0.18426613171504,0.531666301435858,0.445871135718572,-0.332508076236808,0.0410920688249284,0.0352080781361647,0.0235859215622191,0.0525986156830439,0.0423330119587435,0.459980987965373
1,0.5,0.2,0.5,0.4,-0.2,0.970238325051334,0.524541115996142,0.182992142354694,0.555193348574286,0.369018370182185,0.174697342811738,0.0417266799721481,0.0363835104472808,0.0268192518765062,0.0533699389291097,0.0404171486454991,0.244048599493306
1,0.5,0.2,0.5,0.4,-0.2,0.959677596943628,0.561803367468538,0.228159432577265,0.472585839446582,0.351257602937934,-0.488792248729512,0.0422689054756249,0.0371017526523282,0.0253349423936648,0.0540201719926529,0.04187321573377,0.461692580197513
1,0.5,0.2,0.5,0.4,-0.2,1.0412509415474,0.457264380339056,0.204119023320484,0.562899639156317,0.392726578433174,0.261380193822662,0.0425648200643305,0.0384032096722715,0.025117296966119,0.0573109678669227,0.0403564931164992,0.283722022290404
1,0.5,0.2,0.5,0.4,-0.2,1.08697660923295,0.441589114541758,0.209420277524082,0.516159313476893,0.383229966049331,0.0650550031753521,0.0420263348972452,0.0365831723932514,0.0228580640499438,0.0525253255540125,0.0395928042080373,0.298359616040974
1,0.5,0.2,0.5,0.4,-0.2,1.0038985140706,0.464199021370806,0.183033540595089,0.541491600463669,0.38593773006543,0.239572792073067,0.0429541618433172,0.0361706364796387,0.0263695564833566,0.0555621217141966,0.0408314324175515,0.257425979386302
1,0.5,0.2,0.5,0.4,-0.2,1.06120587468332,0.467919943706316,0.231389974070152,0.513404251393196,0.363646554221083,-0.161173550474124,0.0406149154959426,0.0357988704020222,0.0248931555239078,0.0498462831187517,0.0392672649173936,0.311768368314029
1,0.5,0.2,0.5,0.4,-0.2,0.946776615966038,0.499273906280523,0.254648438632751,0.534004108533744,0.47874569254206,-0.384090783403266,0.0432419662199517,0.0372653619038395,0.0229976817438048,0.0533535067321834,0.0407666632736786,0.453700459044609
1,0.5,0.2,0.5,0.4,-0.2,0.926954763126183,0.562783891338138,0.276746785064864,0.473044215768609,0.429997378247987,-1.06544394251087,0.0435038337886306,0.0386662611451345,0.0259062239127819,0.0624133472999788,0.058336907677867,0.96573379347827
1,0.5,0.2,0.5,0.4,-0.2,0.954984229968296,0.496030681302765,0.22161809191203,0.571526143730602,0.442394777086324,-0.00828780632821072,0.0418591723423483,0.0353539135525722,0.0245621525581942,0.0542238592798732,0.0408831634226659,0.320196836942268
1,0.5,0.2,0.5,0.4,-0.2,1.03933228645247,0.491848207537779,0.190855816897907,0.44611904969539,0.360695652564286,-0.367410764831733,0.0427082447951506,0.0391010986260997,0.0259463318124423,0.0509442672124248,0.0440447943511319,0.389533201159147
1,0.5,0.2,0.5,0.4,-0.2,1.0644659386292,0.489954194028983,0.16043632131706,0.572504531232777,0.332400468127825,0.222688602319242,0.0404605981847385,0.0356130769221654,0.0258443791028231,0.0558300673863813,0.0429260192728528,0.265120553959248
1,0.5,0.2,0.5,0.4,-0.2,0.993590954302238,0.530085272426092,0.241417850073513,0.516259209520336,0.392991275221326,-0.23694394186908,0.0409259191360668,0.0352009164228299,0.0241477155431103,0.0529967502947102,0.0440245949138133,0.352420245563822
1,0.5,0.2,0.5,0.4,-0.2,1.00725218848066,0.503389708465179,0.185430693513409,0.490588001318034,0.377303373645889,-0.60471640213804,0.0396906014037267,0.0336879020125457,0.0256873463497516,0.049209436138182,0.0431527267627817,0.427612442789842
1,0.5,0.2,0.5,0.4,-0.2,1.00134938775915,0.494364786899223,0.194255819860877,0.537271340246665,0.39762642668789,-0.20338893679891,0.0416818046938093,0.0367768515767103,0.0228060272435031,0.0536148952298755,0.0404936633024287,0.390973578609346
1,0.5,0.2,0.5,0.4,-0.2,0.96867766265038,0.493860200001575,0.181352212201025,0.472586707785923,0.439244846802996,-0.748211991476126,0.0417265778018158,0.0371715551571977,0.0251232943544534,0.0479503392621915,0.0420705208894482,0.463678031576378
1,0.5,0.2,0.5,0.4,-0.2,0.987362303203534,0.507379866718863,0.179445527544695,0.54161208631703,0.395106564639358,0.139567914521107,0.0421020738059945,0.0341553018187434,0.0236813085566998,0.0571113908008223,0.0408480910484666,0.287294542219314
1,0.5,0.2,0.5,0.4,-0.2,0.984959461485723,0.458351636339046,0.208875741157808,0.510884444040412,0.436852071077054,-0.592096628456724,0.0401418746782722,0.0353355998793147,0.0231831089550313,0.0518900575088176,0.0434842104678795,0.500505670696301
1,0.5,0.2,0.5,0.4,-0.2,1.04506100110163,0.456024457988476,0.245705722706789,0.488371068104618,0.43511633178011,-0.083237380223251,0.0427171779709645,0.0377140875072206,0.0255767854368739,0.0478717066378865,0.0387353329835034,0.277515724482408
1,0.5,0.2,0.5,0.4,-0.2,1.03781915927493,0.48321770639458,0.2194410565384,0.468365393646372,0.413086538180005,-0.292486183130917,0.0432778417508527,0.0366879169211406,0.0273799724446676,0.050990557128355,0.0412082072376541,0.382900867178797
1,0.5,0.2,0.5,0.4,-0.2,1.01225525869767,0.513497443980962,0.23825717497786,0.489142893636938,0.428177411481635,-0.506289896029289,0.0420131282427039,0.0362978754978539,0.0234546305916315,0.0507114532846275,0.0440353620672556,0.454004520371622
1,0.5,0.2,0.5,0.4,-0.2,1.03862945121051,0.487148021336974,0.214127542719574,0.469054452170013,0.410143827928495,-0.625096820636382,0.0411694565760708,0.0364956750123675,0.0236927424815821,0.048559505289676,0.0436736103636239,0.466485233325503
1,0.5,0.2,0.5,0.4,-0.2,0.963444915861313,0.507358004000322,0.230694537423606,0.447051423547004,0.447998564914763,-0.701659609254275,0.0428771702108572,0.0370467102554945,0.0238462812825065,0.0469510970269613,0.0409429817037911,0.448558298386164
1,0.5,0.2,0.5,0.4,-0.2,0.939496073251847,0.556752054283522,0.195514538103644,0.598573644304751,0.352103193629631,-0.0567900480329834,0.03825823020019,0.034218387680286,0.0239182304598445,0.0523725043413785,0.0434613177376619,0.269710030415445
1,0.5,0.2,0.5,0.4,-0.2,1.01716274052757,0.478606217007759,0.197203742959933,0.518683546356395,0.420188484123644,-0.139616180564978,0.0414760970445099,0.0353812569194696,0.0239973912345694,0.050934762639572,0.0383692682817376,0.322927371525973
1,0.5,0.2,0.5,0.4,-0.2,1.07365014156456,0.470345674446636,0.194500995588433,0.506356217759832,0.452857796812045,0.207922538768311,0.0459880869564128,0.0372669738343442,0.0258931669002396,0.0576982506649592,0.0392558310119935,0.319045313081262
1,0.5,0.2,0.5,0.4,-0.2,1.07055657438066,0.447951561650997,0.197043024361453,0.490461687897635,0.375852166625486,-0.0485967790510142,0.0433257125469323,0.0380442748132247,0.0257876187099226,0.05419929187298,0.0381304004721786,0.348761875821963
1,0.5,0.2,0.5,0.4,-0.2,0.94369773982642,0.57367386098788,0.180902784133685,0.470024494707759,0.339080674650606,-0.332597688652234,0.0425173241522696,0.0378209890135479,0.0269417023728325,0.0529443735725483,0.041130860229523,0.370773937431004
1,0.5,0.2,0.5,0.4,-0.2,1.02659997016789,0.525108626003221,0.215370657984176,0.568128966953392,0.403760659433643,0.0956809977982108,0.0433456201637692,0.0371644448397976,0.024365335040737,0.0617721210173589,0.0432268342826849,0.375334202314511
1,0.5,0.2,0.5,0.4,-0.2,0.972562596131903,0.479724587983135,0.244507366985729,0.516555518284146,0.384349230686575,-0.126370927749773,0.0438189802498786,0.0376278002339333,0.0259870012471202,0.0631061860800308,0.0432733851372793,0.438971102623802
1,0.5,0.2,0.5,0.4,-0.2,0.97314192210047,0.474023049786629,0.203955187339624,0.463939774161923,0.456346189224967,-0.611472739730755,0.0489124398677355,0.0409437181640393,0.025916008235421,0.0744932861426079,0.0542888755632105,0.936933505581334
1,0.5,0.2,0.5,0.4,-0.2,0.94435633442798,0.542542574038889,0.214606227219367,0.537464682805981,0.37040013940063,-0.0739624964513331,0.0420369421399991,0.0371720888387808,0.0243714568726346,0.0550674824713628,0.0411587051806514,0.316801256124568
1,0.5,0.2,0.5,0.4,-0.2,0.958845993708427,0.526959967295122,0.205882156586176,0.519401408928815,0.370255822572081,-0.0384531969775025,0.0432881571482287,0.0387586569317002,0.0250791323815833,0.0578928033216498,0.0426003264804162,0.349137096615253
1,0.5,0.2,0.5,0.4,-0.2,0.96611259830865,0.540652037190222,0.186203767313967,0.572304179036412,0.321799467372368,0.157930759537461,0.042550071387034,0.0376408193704001,0.025599609633442,0.0614205496300937,0.0429188177383567,0.320622580781164
1,0.5,0.2,0.5,0.4,-0.2,0.98301267015841,0.511442887902197,0.202445639736303,0.54684012519846,0.445483494508083,0.0605393494401574,0.0427963638520317,0.0377813224940799,0.0234083769359082,0.0499390574482734,0.0377845258094778,0.266051700182256
1,0.5,0.2,0.5,0.4,-0.2,1.05737824107182,0.442996462444085,0.238367826599653,0.491553555303608,0.462763614368569,-0.523455264305364,0.0416956788226928,0.0341128973568735,0.0241599740178203,0.052446808870671,0.0438154324390764,0.515709298309816
1,0.5,0.2,0.5,0.4,-0.2,1.01400828408934,0.496723488889574,0.16889225920172,0.472809669792448,0.40927009468099,-0.384784111620263,0.0427097934477888,0.0366857964420751,0.0257313185886819,0.0559832981169553,0.047378988329573,0.46638049716896
1,0.5,0.2,0.5,0.4,-0.2,0.984328264293785,0.494684758283304,0.226882226433248,0.459519707519596,0.410792545688665,-0.836406594934813,0.0420464270116178,0.0366213197319263,0.0247375550905292,0.0495816606185434,0.0455283365326869,0.578229963396905
1,0.5,0.2,0.5,0.4,-0.2,0.95852376984052,0.48603671138101,0.172725274828781,0.66359739536225,0.420468873842809,0.245977050512744,0.0421585530876626,0.0357859864240167,0.0226622518119311,0.0662249087451802,0.0402383363186024,0.331214857990702
1,0.5,0.2,0.5,0.4,-0.2,1.01860261768057,0.466919811196618,0.198724985848426,0.537322461271763,0.467003965760016,-0.463411724553664,0.0394278747165688,0.0344420051192341,0.021043453338189,0.0454469517746437,0.0409470041092607,0.368281385701025
1,0.5,0.2,0.5,0.4,-0.2,0.926273496982603,0.544714552848621,0.209859237820683,0.529818050143353,0.367117746146435,-0.135867362862698,0.0419161274668345,0.0371334200220329,0.0236458623727662,0.0562505301297078,0.0464186657332187,0.326781407892601
1,0.5,0.2,0.5,0.4,-0.2,1.01994194265692,0.431203513063121,0.184291435759298,0.51041408916516,0.472512499830288,-0.486917933674682,0.0414311066928744,0.0359464416131065,0.0243798372932488,0.0497345815447494,0.0408864155584224,0.44561888058736
1,0.5,0.2,0.5,0.4,-0.2,1.08170569360273,0.4698698708307,0.136205261526161,0.472459357835071,0.388267857776053,-0.158705777251953,0.0483728447948602,0.0408615202983631,0.0247727838428647,0.0700622455098974,0.0434609031042227,0.600250145645397
1,0.5,0.2,0.5,0.4,-0.2,0.961904204353453,0.505438598755073,0.203166575425299,0.434660628751474,0.420754152149114,-0.579985365978698,0.0461006438674548,0.0393476091174446,0.0259954039409773,0.0591192986896112,0.0452304058983839,0.608730886057596
1,0.5,0.2,0.5,0.4,-0.2,0.984765463783761,0.527839688288053,0.246171352940399,0.485902388743367,0.432072257914652,-0.481189324358404,0.0424807538776146,0.0379486958865383,0.0272650894270927,0.0497399138076906,0.0410497941609371,0.428773477635984
1,0.5,0.2,0.5,0.4,-0.2,0.983130633776191,0.546120076036751,0.193334420683094,0.53541522011047,0.430854892716408,-0.132217367677018,0.0418580160441356,0.0363712553082371,0.0252464792522245,0.0526343185863187,0.0410859851628119,0.329258561949935
1,0.5,0.2,0.5,0.4,-0.2,1.00383718876892,0.480615493352412,0.218949782040257,0.424631696593074,0.434543501701057,-0.759681749335317,0.0434624336596074,0.0370272081395669,0.0244803648605973,0.0490073681402996,0.0438514560282834,0.525759302943164
1,0.5,0.2,0.5,0.4,-0.2,0.889663940375992,0.600012310630258,0.212285304370033,0.564559079234879,0.366189766077509,-0.071715946310881,0.0403938046281494,0.0343740553526909,0.0225652779325927,0.0540558171612124,0.0432718139036586,0.287557853699545
1,0.5,0.2,0.5,0.4,-0.2,0.99086995952742,0.496145628502621,0.192221672904368,0.595998479382018,0.413030965112617,0.055278489311087,0.0393924484517419,0.0326862870195222,0.0210252205420552,0.0544415937112623,0.043316930590687,0.296685990948522
1,0.5,0.2,0.5,0.4,-0.2,0.986850706138268,0.525750573049576,0.195336870101882,0.479752605231158,0.410503683557662,-0.747360125670428,0.0410433251167462,0.0363397844611844,0.023818857743551,0.0464550312239988,0.0444383284650173,0.45078779849972
1,0.5,0.2,0.5,0.4,-0.2,0.991097339727468,0.481747080707534,0.183461209415946,0.45676519621313,0.493683455649866,-1.37152698455569,0.041085852102158,0.0341995644780974,0.0237648803841386,0.0494022117998651,0.0489470020683833,0.928738821032604
1,0.5,0.2,0.5,0.4,-0.2,1.01177166801153,0.476724818688218,0.206172693226978,0.475400227920912,0.442667977687255,-0.386018108991281,0.0452936848182212,0.0365388745725879,0.02429999596908,0.0627716894276844,0.0467668786112056,0.596266221129043
1,0.5,0.2,0.5,0.4,-0.2,1.0684341939634,0.458786869173581,0.228239982626009,0.55174099585874,0.382654779318969,0.230107847104456,0.0416060486535696,0.0361841457822638,0.0237266551538918,0.0549403356099079,0.0398606002945861,0.262150162052373
1,0.5,0.2,0.5,0.4,-0.2,0.94531189963088,0.575710993846064,0.216492162733157,0.436642494640838,0.387051946010193,-1.32054886288573,0.0408469315068079,0.035510183185875,0.0253674005538122,0.0474828565535961,0.0472095779463042,0.715280035175528
1,0.5,0.2,0.5,0.4,-0.2,0.945330840311974,0.527149679316184,0.219760374760234,0.553833407714291,0.453124883967818,-0.404517510147158,0.0400353662608976,0.0353361817329806,0.0197624864453271,0.0489256732640678,0.0429981827446205,0.356385927420862
1,0.5,0.2,0.5,0.4,-0.2,0.909295173287031,0.574393030327433,0.212456454984967,0.516109909474524,0.405837714037857,-0.293463996052601,0.0415542950531078,0.0369001096887161,0.0249659023943405,0.0504351931773113,0.0417077569003336,0.339462497633865
1,0.5,0.2,0.5,0.4,-0.2,0.94958812819766,0.565736111334609,0.17536293063761,0.505890171538312,0.356244318679457,-0.0303608493143685,0.0433919322481561,0.0387045516413547,0.0267837863594689,0.0533016065343551,0.0401718044085811,0.305028147592985
1,0.5,0.2,0.5,0.4,-0.2,1.0067565884829,0.489314786199963,0.198198800312189,0.578336289660283,0.349334901848055,0.244277573940306,0.0415548646666368,0.0361923356610973,0.024009706380446,0.0593157584865801,0.0443836223234991,0.283165659715241
1,0.5,0.2,0.5,0.4,-0.2,0.981990746969508,0.499872197520771,0.247077388834184,0.517022105682935,0.359097235296632,-0.640120226667441,0.039019616682956,0.0362909766011559,0.0243384575921581,0.049141425600066,0.0427492931496742,0.457168643560685
1,0.5,0.2,0.5,0.4,-0.2,0.978482477581059,0.49469154684497,0.195724033889632,0.507714956725709,0.383119830050749,-0.0837120233109558,0.0421798826512751,0.0362715123665936,0.0268907707074288,0.0573811536860954,0.0444434782950155,0.35671761874428
1,0.5,0.2,0.5,0.4,-0.2,1.03334221050351,0.45787763674947,0.151196614186593,0.546613278167079,0.388549627666874,0.316142420048236,0.0437661645561036,0.0375944334880591,0.0237111385860072,0.0583902353322086,0.0373418695617201,0.265113179430634
1,0.5,0.2,0.5,0.4,-0.2,1.00506139977956,0.516963560626218,0.188414610852422,0.451362673324443,0.426598493263107,-0.37361255543876,0.044954867162819,0.0376356153787106,0.0254782964596898,0.0569744749519407,0.044134627759028,0.47119904205519
1,0.5,0.2,0.5,0.4,-0.2,0.997207436704075,0.536411612433771,0.201309959556882,0.452223232339446,0.346543531986735,-0.543734590319586,0.0422211500911953,0.0384703998710319,0.0275422969997646,0.0494850261452153,0.0432602906468558,0.409998732282846
1,0.5,0.2,0.5,0.4,-0.2,1.03300411749511,0.472750716084566,0.220200238908269,0.472111215265226,0.399477335416877,-0.168930345475956,0.0434075246778698,0.0382559327186521,0.0257787218408366,0.0513631164418435,0.0417369808040524,0.334301320797718
1,0.5,0.2,0.5,0.4,-0.2,0.969132607402959,0.503915047519809,0.213394256161406,0.414213387654539,0.45558370207734,-1.26982588932914,0.0425186198515187,0.035779925551663,0.0231217696931201,0.0482596824513993,0.0428053208120054,0.721198081345793
1,0.5,0.2,0.5,0.4,-0.2,1.02174861938947,0.518128001051881,0.183901499203711,0.506168661003229,0.374895371912133,-0.0553761897842663,0.0449404558818186,0.0399516681212166,0.0257584503875721,0.0628700976093783,0.0421626427933806,0.438158145648735
1,0.5,0.2,0.5,0.4,-0.2,0.997709794801403,0.505207397879923,0.222278678201777,0.521192005173564,0.376827953340991,-0.194841818051881,0.0409325621079458,0.0367815571369668,0.0260962195468756,0.0531895536734644,0.0424138101013003,0.34177255121181
1,0.5,0.2,0.5,0.4,-0.2,1.01123513927658,0.508701235247961,0.209671130505907,0.499582867176943,0.400093631395943,-0.362742122967766,0.0412138203432772,0.037392779537729,0.0253043735948927,0.0503592514052362,0.0439618246696769,0.394290055385908
1,0.5,0.2,0.5,0.4,-0.2,1.00562584467584,0.539241130295095,0.190588860199839,0.53939158901516,0.382166757498196,-0.0131154625584841,0.0443018671242658,0.038134234005652,0.0242592066205418,0.0641994183256628,0.0426349244619432,0.433445072045696
1,0.5,0.2,0.5,0.4,-0.2,1.01604143434559,0.507342049482567,0.162624164181706,0.433054109017885,0.446808737339873,-0.311938920400679,0.0456054952782925,0.0411767248184379,0.0253774708106823,0.0522250806027459,0.0442378012664733,0.38400001963329
1,0.5,0.2,0.5,0.4,-0.2,0.944378376092359,0.538956705978108,0.189084838644623,0.51303074248225,0.411216192079705,-0.51947896117859,0.0402994507756282,0.0338843665107892,0.0218669676506533,0.050594765222237,0.0412486937469964,0.414678132159022
1,0.5,0.2,0.5,0.4,-0.2,1.02307913918604,0.50448400147262,0.223970919471942,0.493289960912025,0.38397022052213,-0.387597054459895,0.040525002542672,0.0369214868348427,0.0273238447422774,0.0491527679511718,0.0427619307852749,0.371136313063295
1,0.5,0.2,0.5,0.4,-0.2,1.01854555733012,0.497741982405981,0.239532779400382,0.52179396417599,0.40292791290482,-0.0459966043103753,0.0424374947671883,0.0371791987700311,0.0249507254451542,0.0531207073721747,0.0404826086665684,0.326351152132487
1,0.5,0.2,0.5,0.4,-0.2,0.95150123688491,0.480698326351209,0.172355952647338,0.602776282190743,0.449197146966734,-0.257770986567056,0.0385550235720642,0.0328272044494436,0.0212089381759774,0.0549315620545502,0.0473372272325575,0.421549456890537
1,0.5,0.2,0.5,0.4,-0.2,0.961570730029812,0.522158751781187,0.199014013313657,0.550544417368909,0.402431077748449,0.106914920651046,0.0424422216234621,0.0370882134430572,0.0233714318943971,0.0550127034433752,0.0395100255630951,0.271371311424007
1,0.5,0.2,0.5,0.4,-0.2,0.97846719626537,0.530860392124289,0.216697166529913,0.594975408907672,0.364459753004009,0.297469991973342,0.0418135654141437,0.0357499886825058,0.0228962105208154,0.0578232288843373,0.041072054577502,0.246119096077439
1,0.5,0.2,0.5,0.4,-0.2,1.05277452568364,0.477935500958627,0.220772799469591,0.480659846830956,0.434568023094947,-0.496760439614838,0.0417621453093565,0.0380529602706935,0.0231452984917578,0.0506462473715961,0.0450524879301685,0.462905341243276
1,0.5,0.2,0.5,0.4,-0.2,1.02121417369007,0.482630815771055,0.226212514046389,0.479558816708745,0.404962555094995,-0.640555913585292,0.040792300904406,0.0345717363829798,0.0256571428844506,0.0513382392984146,0.0451686291110523,0.525433610115799
1,0.5,0.2,0.5,0.4,-0.2,0.986062593897908,0.487884714897483,0.20134406854731,0.459392926849265,0.430393112381152,-0.870324658760917,0.0414520918848269,0.0355224870179362,0.024173284933661,0.0523716482453963,0.0454029392374003,0.620604702084743
1,0.5,0.2,0.5,0.4,-0.2,1.01439358996823,0.510412817134968,0.206241758957341,0.459456275420405,0.419078771720553,-0.396945868727389,0.0437428754901363,0.0373677939726278,0.0257119154069636,0.0542912435745406,0.0431323051919648,0.458429142922642
1,0.5,0.2,0.5,0.4,-0.2,0.988383768940225,0.518302303358312,0.17440997654241,0.529286068461283,0.404158860718064,0.0313327493467983,0.0431196009502667,0.0392024034412093,0.0233862235851388,0.0523987041444215,0.0413018702564621,0.297527150221251
1,0.5,0.2,0.5,0.4,-0.2,0.958501998791831,0.530016778510756,0.197890180599046,0.580307305662753,0.339391163892063,-0.0349228595997837,0.0411574434148983,0.0351313975370062,0.0238503956965972,0.0640479904204821,0.0462046260599531,0.393791136332809
1,0.5,0.2,0.5,0.4,-0.2,0.983545581999537,0.514158465163394,0.19056094830522,0.447028804959785,0.435183905387809,-0.680261823778763,0.0439301369631354,0.036879961220742,0.0230753622652565,0.0525999109256017,0.0450726824613175,0.550885389009221
1,0.5,0.2,0.5,0.4,-0.2,1.0134869525246,0.519491850818698,0.236121446466816,0.424666218786501,0.382673863185153,-0.600494453762506,0.0432364321684071,0.0364409971599388,0.0265083434821263,0.0504872927866037,0.0411766341385509,0.465005336915544
1,0.5,0.2,0.5,0.4,-0.2,0.999029859581939,0.494061798421874,0.206425625331021,0.433258419002768,0.486034398930022,-0.307927633087662,0.0461274554266739,0.0382342148229676,0.0238315707110504,0.0528325711798829,0.0444770210661756,0.416030842276149
1,0.5,0.2,0.5,0.4,-0.2,0.965083135189307,0.551899992527632,0.208968261836055,0.366597235837482,0.493341830572048,-2.21298173065347,0.0434616014620132,0.0370454029915846,0.0271080425791579,0.0422952604671174,0.0432664663919102,1.02448178268358
1,0.5,0.2,0.5,0.4,-0.2,0.991614994570089,0.513886179714833,0.203849481445205,0.564377556467207,0.419029271995559,-0.14544852681186,0.0412941956676783,0.0362412249505223,0.022577676194433,0.0537023012857088,0.0395056117057514,0.359868152047609
1,0.5,0.2,0.5,0.4,-0.2,1.06433929941877,0.461743193309715,0.157555019501668,0.428289606186789,0.426624418160968,-0.236270919887774,0.046626112382013,0.0403790449033558,0.0252553399060508,0.0570354183969875,0.0436005359671875,0.46872702405099
1,0.5,0.2,0.5,0.4,-0.2,0.999413285425917,0.519700180778691,0.152260921725529,0.519966027314182,0.370433710409566,-0.175308280887374,0.0406997392082336,0.0363670999767874,0.0243823098044877,0.0500957699746793,0.0416235783242374,0.309757704302879
1,0.5,0.2,0.5,0.4,-0.2,0.941185562809316,0.555933657155949,0.229519957595221,0.498149919146794,0.410383027569515,-0.229206675165271,0.0449975723865656,0.0396059034339696,0.0248065744058887,0.0589944115164237,0.0395049676203793,0.434174731450792
1,0.5,0.2,0.5,0.4,-0.2,1.06894739440585,0.422448258555177,0.220840573672023,0.579918409398046,0.400385030527451,0.446279890088911,0.0427278995542359,0.0370012295308551,0.0237102954473588,0.0547513891297786,0.0387244342917619,0.220060775690662
1,0.5,0.2,0.5,0.4,-0.2,1.02347723588492,0.494372849108355,0.181657492148557,0.508210562351268,0.425818474429625,0.0263758546352284,0.0432139026051627,0.0369543203608498,0.0233382637195426,0.0526381678591083,0.0395152698239913,0.296264421523659
1,0.5,0.2,0.5,0.4,-0.2,1.03001110689924,0.471685907908341,0.205370020158928,0.565259181181394,0.440645871176612,-0.0125761205800864,0.0413762822264587,0.0359983926758164,0.0233743076961722,0.052906439384737,0.0416328722374247,0.320027972871161
1,0.5,0.2,0.5,0.4,-0.2,1.03402344223704,0.486475876051332,0.199923985708995,0.428008028477896,0.456655567929755,-0.291058203639595,0.0461764703772474,0.0389697861371479,0.0270756560974592,0.0526192340996121,0.0420383933875809,0.414849538037461
1,0.5,0.2,0.5,0.4,-0.2,1.00968587925212,0.49342193144846,0.226851491034484,0.550966966586813,0.390714710383301,0.258710184126376,0.0457637086683196,0.0392940871499194,0.0240813553163099,0.0585296534886364,0.0396135348332526,0.297690277801302
1,0.5,0.2,0.5,0.4,-0.2,0.976755968095295,0.517521105877401,0.23155642135667,0.396153568288278,0.402403561756031,-0.874024810295136,0.0440679129610652,0.0402568155877768,0.0286370706873562,0.0491566943108825,0.0426688505054532,0.524651774331357
1,0.5,0.2,0.5,0.4,-0.2,1.00307784565104,0.533414789724068,0.190608391547913,0.525795731219383,0.376351416653382,-0.301525928682074,0.0399496763456402,0.0347920427555311,0.0252854577475677,0.0512253330103805,0.0439476680051945,0.367001308360701
1,0.5,0.2,0.5,0.4,-0.2,0.985014564111668,0.521331537664503,0.208825445535847,0.507575229783529,0.367368711691262,-0.00873381639197882,0.0436267724806243,0.0374937460448324,0.0278564661486977,0.0529608333521055,0.041530136411696,0.30572797588589
1,0.5,0.2,0.5,0.4,-0.2,1.02383621037782,0.495258747335407,0.182685109908271,0.488479793798201,0.431072108524787,-0.12634613156194,0.043948151104838,0.0379237508807738,0.024811758536809,0.0545929734827464,0.0416625751680051,0.389652668705339
1,0.5,0.2,0.5,0.4,-0.2,0.981463504045537,0.530875311347483,0.207839727847352,0.494075916720118,0.475242258423627,-0.556538783282869,0.042477609904195,0.0391890297550527,0.0227143182045505,0.051631630203278,0.0445144785493824,0.483526546250127
1,0.5,0.2,0.5,0.4,-0.2,0.940728101179923,0.558111967215755,0.189995506091252,0.535991685653769,0.279861074020883,-0.0432757929317331,0.0404077610903593,0.0379606189970671,0.0269260564691331,0.0525662094469729,0.0406193705519457,0.270586506718362
1,0.5,0.2,0.5,0.4,-0.2,1.0231663383207,0.487173094428653,0.217206141309158,0.438393044991868,0.392766810343872,-0.561540723047714,0.0436908727638366,0.0368611199090094,0.0251970946121605,0.0571905165392851,0.0470411376755515,0.572588437452457
1,0.5,0.2,0.5,0.4,-0.2,0.988273610178767,0.551363014314367,0.179143070877378,0.542959729211924,0.305061799525234,0.142599756516632,0.0420524432468624,0.0378295217649374,0.0258535243496168,0.0577633155730449,0.0436615736663254,0.286249713360727
1,0.5,0.2,0.5,0.4,-0.2,1.03672062653376,0.466467683840694,0.18733284313771,0.474255038546086,0.373815816072886,-0.200951178063769,0.0428531210823661,0.0368065522832229,0.0251134891482132,0.0542676614289413,0.0410975348275795,0.397149123433031
1,0.5,0.2,0.5,0.4,-0.2,0.992455564540173,0.555509474845973,0.206820833807388,0.411882460162488,0.326905937015151,-0.64041816542318,0.0427646746164661,0.0391569572056402,0.02637855585163,0.0508843389504288,0.0436688835639403,0.435900743404883
1,0.5,0.2,0.5,0.4,-0.2,0.990397550896664,0.547174597335279,0.226559095318739,0.546916303112527,0.425436775567225,-0.0247937021897821,0.0424226358604346,0.0381965605097601,0.0257562668184316,0.0528688099712315,0.0399897170667149,0.31129537590457
1,0.5,0.2,0.5,0.4,-0.2,0.910755848363313,0.548182417072694,0.219633970443307,0.527844234394303,0.431812260101734,-0.505487875442503,0.0398043742496911,0.0319416210609892,0.0229564046143466,0.0528882346246096,0.0432082186260706,0.402672621999851
1,0.5,0.2,0.5,0.4,-0.2,1.03703645939653,0.470535512047928,0.172147764877474,0.56547811403618,0.316932190504785,0.287574246585239,0.0408356874732075,0.0373530356984492,0.0269904955082396,0.0584225118108517,0.0415031029303296,0.258183621431726
1,0.5,0.2,0.5,0.4,-0.2,0.984040936485285,0.4833373737826,0.180718480889679,0.538981837095872,0.410891276356667,-0.372359565849418,0.0389738707619887,0.0347410195290286,0.0222715708474671,0.0488243329180645,0.0414068570795973,0.346454647078726
1,0.5,0.2,0.5,0.4,-0.2,1.06562531988862,0.450190328084114,0.18837566948247,0.453459552722835,0.450746255660642,-0.690278777591793,0.0421683137774543,0.035363770362809,0.0257717754249434,0.0514893448577473,0.0455474952838009,0.573511015541153
1,0.5,0.2,0.5,0.4,-0.2,0.977495010521951,0.514480015364192,0.181963461726876,0.437465166943532,0.389269353804586,-0.903042029765779,0.0421737440586274,0.037923965878455,0.0265955623705062,0.0480916059027855,0.0455434199904047,0.552721865337792
1,0.5,0.2,0.5,0.4,-0.2,1.0873713286259,0.452338796890256,0.169099077616835,0.534138707611105,0.365973823975638,0.280248352781185,0.0433522877661261,0.0375190512721478,0.0239104982104016,0.0587348754966004,0.0380950832146829,0.295428131843975
1,0.5,0.2,0.5,0.4,-0.2,1.06558461271055,0.479357652292519,0.156564069607669,0.473765023029337,0.409223988869735,-0.516447832694581,0.0425154498897489,0.0366627497814897,0.0244818735012117,0.0536738046337329,0.0432765391854496,0.54806594452163
1,0.5,0.2,0.5,0.4,-0.2,1.06126734963094,0.466030718442261,0.230967874311357,0.427204901891844,0.403156300954282,-0.669169771132794,0.0435738637250295,0.0372372255765616,0.0277295591353842,0.0520316671731236,0.0439116348967673,0.556323378101489
1,0.5,0.2,0.5,0.4,-0.2,0.972969121636869,0.51450930472465,0.23123763071835,0.508727264345293,0.354874608660635,0.0452962388614557,0.0423285082015607,0.038325880352887,0.0261792618843889,0.0526484203228217,0.0418847466177182,0.271611838711067
1,0.5,0.2,0.5,0.4,-0.2,1.01932980174423,0.470559218019426,0.213509426226577,0.428647264813275,0.487995154936766,-2.25332816634283,0.0419464469130366,0.0360987583789351,0.0243077695608916,0.0519389151818926,0.0563412998014515,1.96470165895944
1,0.5,0.2,0.5,0.4,-0.2,0.991034006822923,0.508648928143791,0.225550574802219,0.461235519481286,0.453526355304867,-0.789113713733778,0.0436073666959372,0.0367787764458916,0.0228717221662931,0.0556859752857699,0.0476357968089828,0.7041148994406
1,0.5,0.2,0.5,0.4,-0.2,1.08176957845772,0.425664175570165,0.187964293739956,0.521308876675052,0.397402215073939,-0.0220086165603447,0.0417312017121943,0.0366033074126496,0.0253840000083964,0.0534110934047938,0.0390725375301841,0.336759252655775
1,0.5,0.2,0.5,0.4,-0.2,1.0292171273704,0.484532918328933,0.194453717228084,0.50101508362959,0.371439992735439,-0.1462218305586,0.0419366529118231,0.0358417785992888,0.0274961290347181,0.0562934778462251,0.0445310234300022,0.382364302429291
1,0.5,0.2,0.5,0.4,-0.2,0.952370342023457,0.524024753126839,0.173098110073171,0.580765163291522,0.434000812263461,-0.173256717914042,0.0419789769097235,0.038369009746112,0.0224366237254699,0.0582070206618923,0.041813682966194,0.422637307989093
1,0.5,0.2,0.5,0.4,-0.2,0.997849696250477,0.479117210483264,0.183167379235036,0.516935487711449,0.420421691005992,-0.199146061836024,0.0429792016850223,0.0360069196582285,0.0233417464928546,0.0562624124350096,0.0426679015640867,0.4279577336516
1,0.5,0.2,0.5,0.4,-0.2,0.975594920540827,0.525588119090846,0.199259311742529,0.464483163662794,0.389939763535428,-0.618427202778067,0.0420696127126563,0.0376109579865709,0.0249792157051609,0.0486011419211873,0.0432950821179608,0.46271330342939
1,0.5,0.2,0.5,0.4,-0.2,0.988679596284529,0.49230615346322,0.221753326746517,0.557310371581317,0.29035311337673,0.1542172985549,0.0415956916856795,0.0378100235794558,0.0267457614736855,0.0580047358280416,0.041752261227262,0.285591180862598
1,0.5,0.2,0.5,0.4,-0.2,0.983572965391768,0.506144825829667,0.157156689715047,0.46403474691802,0.470495918463017,-0.728000615982947,0.042398544783534,0.035740565474374,0.0249044664683999,0.0515231648221042,0.0439893606549264,0.548779025070047
1,0.5,0.2,0.5,0.4,-0.2,1.02150836922967,0.458718582338092,0.19498058968618,0.500120084094396,0.404537722472142,-0.362153354111132,0.0414343632140495,0.0374065541710917,0.0253490746475266,0.0515446224459548,0.0437176864528693,0.422308458611914
1,0.5,0.2,0.5,0.4,-0.2,1.01450213454888,0.488271761450565,0.241591940207727,0.508909669050476,0.414025293101163,-0.149641719518415,0.0431555915050669,0.0378956857316314,0.027202278429948,0.0533619478990164,0.0410419673715177,0.367569299993979
1,0.5,0.2,0.5,0.4,-0.2,0.999343479339594,0.469618218027745,0.221409302074339,0.513688349922668,0.50370870234628,-0.597785825240347,0.0433248944873343,0.0368666292248605,0.0237504943763454,0.0585991022989209,0.0454932557095472,0.65234888915073
1,0.5,0.2,0.5,0.4,-0.2,0.939241731931739,0.553259429384911,0.234292039564765,0.454477289387004,0.403946506615812,-0.588027282276015,0.0438050627010124,0.0386903184203847,0.0231042847857521,0.054050447182643,0.0466382247995962,0.484953460554852
1,0.5,0.2,0.5,0.4,-0.2,0.90801430826118,0.576832117752258,0.237780696125083,0.525614988634096,0.404340347724967,-0.399391435364689,0.0410698668233188,0.0362839939872784,0.0234671077911937,0.0534008495473848,0.0487624120267807,0.418499294465972
1,0.5,0.2,0.5,0.4,-0.2,1.07543102092034,0.502941028916666,0.229096758475339,0.499085917662531,0.344047546083431,0.112752625565484,0.0437450872682206,0.039063420371093,0.0262593303688071,0.0588292655666224,0.0411319313171651,0.330537542656305
1,0.5,0.2,0.5,0.4,-0.2,0.96109614173071,0.530626156836078,0.235909353503865,0.559181754956781,0.405353290220729,0.096681656562856,0.0423286249112351,0.0377425276654468,0.0248636804813879,0.0533746843493657,0.0433439647660697,0.278628632247215
1,0.5,0.2,0.5,0.4,-0.2,0.985358704806935,0.54098734910193,0.205741965291039,0.358157863665001,0.435417366152453,-1.19349832020317,0.0467890351351857,0.041842868234554,0.0292707791387058,0.0530936223854023,0.0507638975052892,0.818631089557381
1,0.5,0.2,0.5,0.4,-0.2,0.942915196997826,0.500354681838323,0.207771834577605,0.518251351654191,0.419244783909025,-0.397187224248558,0.0410292239142852,0.0359676804569546,0.0227288787486031,0.0517392856758249,0.0412480019069015,0.399675934169614
1,0.5,0.2,0.5,0.4,-0.2,0.977075834047467,0.536349672658014,0.201223510080641,0.453006377473041,0.417592677031136,-0.687347528867958,0.0422913163754318,0.0368864623203124,0.02434527248417,0.0470675491563997,0.0413744660917835,0.429700697143274
1,0.5,0.2,0.5,0.4,-0.2,1.03429636107326,0.469038181467344,0.183580386785453,0.607852156093618,0.410143787836229,0.139153963135547,0.0388875391396977,0.0326966455954738,0.0229059739826354,0.0523101555692426,0.0422115882980185,0.264000438483527
1,0.5,0.2,0.5,0.4,-0.2,1.01352565964087,0.472397387958633,0.233113809932905,0.542909814035511,0.385173051062141,-0.148837082406029,0.0415406495301484,0.034923170909932,0.0232982919931655,0.0561099872456316,0.0415693210365232,0.394719927980502
1,0.5,0.2,0.5,0.4,-0.2,1.02322142434011,0.510061212178804,0.178000241286548,0.588200880129369,0.388582791327831,0.127606441903412,0.0402015744890144,0.0353442842793668,0.0245301609351353,0.052025138898523,0.0407646108280676,0.255034686966702
1,0.5,0.2,0.5,0.4,-0.2,0.93187780677015,0.54823449334127,0.197939065171978,0.509242077684125,0.429008052830764,-0.341929787951363,0.0433157057205416,0.0367371367505627,0.0240361848602959,0.0588891977398964,0.0439655636914103,0.466984651778335
1,0.5,0.2,0.5,0.4,-0.2,1.02481389222794,0.468156399212568,0.219017051084424,0.44493147079131,0.42810272553664,-0.624183351605665,0.0434315670383566,0.0371273060840499,0.0248265042171501,0.0523182179545948,0.0454905294988512,0.54623320150915
1,0.5,0.2,0.5,0.4,-0.2,1.03210046667667,0.476845869174907,0.244974857834311,0.536777915995219,0.321298432322798,0.199666845875321,0.0419874380274399,0.035769331088074,0.0263213678316205,0.0547165803581987,0.0405884805924293,0.264352092863731
1,0.5,0.2,0.5,0.4,-0.2,0.897959619561449,0.530871485234482,0.228965198576633,0.447474606203175,0.491324067926574,-1.48986949373639,0.0418330313943763,0.0369129385419906,0.0237015115044494,0.0478496370318891,0.046563324166875,0.771866145113653
1,0.5,0.2,0.5,0.4,-0.2,1.02567738646882,0.459543898346995,0.222354699703866,0.550221738535279,0.431474189945702,0.0248476351543803,0.0411080215347813,0.034591545010916,0.0226605319666319,0.0530797112866192,0.0427528676437467,0.315208082482797
1,0.5,0.2,0.5,0.4,-0.2,1.00039944083436,0.482669161296304,0.197103212620138,0.459906900810221,0.426743592132861,-0.873018619431455,0.0417258802288123,0.0363758913214786,0.0240393024349659,0.0521593225694183,0.0447725131311932,0.6638563086644
1,0.5,0.2,0.5,0.4,-0.2,0.99920180791281,0.500830299041099,0.2292943375536,0.407551740834561,0.459373291863984,-0.73439625587909,0.0443917866638658,0.0373397953706333,0.0260004368685031,0.0487443948259104,0.0436142829108463,0.49753594510949
1,0.5,0.2,0.5,0.4,-0.2,0.968350936624295,0.505241465167139,0.208397566972476,0.502224851902467,0.383843106429679,-0.166092640156,0.0445288832848109,0.0365998812259426,0.0232275420040205,0.0643805666627159,0.044350810306016,0.485333219784236
1,0.5,0.2,0.5,0.4,-0.2,0.98728985088865,0.456399593124267,0.188072748473698,0.649534546658614,0.364037601558069,0.391635972880291,0.040216673409536,0.034604125214493,0.0243785761324346,0.0636273993914792,0.0414376987357033,0.257196590158762
1,0.5,0.2,0.5,0.4,-0.2,0.970723760565858,0.496244302653721,0.236908090153003,0.527855882252211,0.403872015295622,-0.412135226016334,0.0419413299231409,0.0368998683217415,0.022881399293451,0.0585775222756621,0.0504758991548327,0.545314426948493
1,0.5,0.2,0.5,0.4,-0.2,1.01492534995591,0.522363520284731,0.206188716710552,0.402304429996898,0.392066433394216,-0.708767558019621,0.0441145433406893,0.0390201025396498,0.0236418626504121,0.048316693414396,0.0415876932490153,0.462198311636991
1,0.5,0.2,0.5,0.4,-0.2,1.01515280971458,0.456866326006989,0.183780690184784,0.524764996595984,0.40673568919475,-0.286082366259984,0.0403491185985836,0.0360203849034869,0.0239587171311685,0.0492146836576842,0.0434392861142668,0.343474363082702
1,0.5,0.2,0.5,0.4,-0.2,0.971707109337699,0.540460340829092,0.177063761771846,0.491229231782101,0.379025703211522,-0.241895766268351,0.0439826523523327,0.0387815212699231,0.0242745252597547,0.0582841514135877,0.0451528013474461,0.437314000746522
1,0.5,0.2,0.5,0.4,-0.2,0.999268975738147,0.555175420313606,0.198619954046826,0.545718432168816,0.325979126269403,-0.232783893513246,0.0390316925550854,0.0355338904368195,0.0245708688596387,0.0521254581154538,0.0413482244375575,0.331966622170412
1,0.5,0.2,0.5,0.4,-0.2,1.11958383071308,0.413342629989236,0.192468615996933,0.508518213241961,0.423174606508976,-0.0184457699841758,0.0429534834667044,0.0369670659526896,0.0250162316288899,0.055039651753504,0.0402256219341388,0.382306314827087
1,0.5,0.2,0.5,0.4,-0.2,0.937619647943103,0.537708101415273,0.226759136710948,0.502485624507207,0.455076646517573,-0.438157560409538,0.0416672290455949,0.0343621441650065,0.0236810020905679,0.0476992975521694,0.0435137440880017,0.370330174353947
1,0.5,0.2,0.5,0.4,-0.2,1.03264114577677,0.480939807008592,0.218548870455676,0.474857671867953,0.381546680816094,-0.198055750183765,0.0432808602798508,0.0379357957471579,0.0261423766188119,0.0526237911791659,0.0426903049650943,0.364174337365409
1,0.5,0.2,0.5,0.4,-0.2,0.954000531119977,0.524602735577478,0.214843418382909,0.560285084614439,0.357118459427083,0.0283999061418873,0.0415697201624629,0.0360541456078625,0.0247915237689028,0.0589449647539355,0.0416521075256603,0.3291217972441
1,0.5,0.2,0.5,0.4,-0.2,0.969839127086151,0.493134345685718,0.212482266388273,0.461821416009112,0.449441861400885,-0.817001158855204,0.0425245369553583,0.0368832079425827,0.0249023823362903,0.0496316701894477,0.0438198798308171,0.555927079888276
1,0.5,0.2,0.5,0.4,-0.2,1.02673910837706,0.493848630638785,0.170780900032665,0.49551893132891,0.370800063712551,-0.0489566405139087,0.0428944735550697,0.0378908126071856,0.0284925101683932,0.0523614380329683,0.042287371699565,0.316922269611888
1,0.5,0.2,0.5,0.4,-0.2,1.0161199654387,0.538623351161501,0.164775992746166,0.465868073080376,0.339022945327111,-0.199201203537602,0.0428155432391264,0.0371579966163105,0.0267174414197014,0.0544606987638589,0.0432101054407149,0.367686415469813
1,0.5,0.2,0.5,0.4,-0.2,0.961064512677487,0.508907672670716,0.1393304901167,0.543952796953799,0.466638801631067,-0.298358796657595,0.0407429454422459,0.0341460270956597,0.0237125969271036,0.0544352488833873,0.0432860639643112,0.397271371051773
1,0.5,0.2,0.5,0.4,-0.2,1.01433729269063,0.460361150729707,0.200549267247108,0.500055009457354,0.367725666062631,-0.160235797966363,0.0418802442199111,0.0367955062235052,0.0256576390895062,0.0506928767905835,0.0391588813960113,0.331344839120604
1,0.5,0.2,0.5,0.4,-0.2,0.932091229981213,0.529866090253996,0.182381446799003,0.532490912778617,0.485063104669223,-0.771569575999408,0.0395287628776897,0.0344292716626109,0.022279322023629,0.0464679361634516,0.0429616113222939,0.426577422033676
1,0.5,0.2,0.5,0.4,-0.2,0.989283840711104,0.490452436425917,0.204129023537511,0.540291646495261,0.412224670679353,-0.252705833303239,0.0417554107603478,0.0359034413369601,0.0239444540792894,0.0602451223384556,0.0468960816394698,0.475506502722523
1,0.5,0.2,0.5,0.4,-0.2,0.927472069878155,0.55891658725995,0.199141644189065,0.559023001454979,0.370829471543569,0.0843701876821712,0.042399729576066,0.0372960739767963,0.0239628980195699,0.0567390053467713,0.0419989336087564,0.29109786376432
1,0.5,0.2,0.5,0.4,-0.2,0.985782905574113,0.54156170835274,0.171596149534816,0.486435374319021,0.403241299690121,-0.386792013714924,0.0417241483894185,0.0368354595431331,0.0246989448264101,0.0510399000737679,0.0417798141062982,0.385715467363515
1,0.5,0.2,0.5,0.4,-0.2,0.954099180807921,0.559992058376334,0.186280028405411,0.455178806232958,0.460870640631644,-0.793591825452407,0.0426332463451791,0.0356602387060916,0.0238549047937043,0.0496703869647086,0.046712816969935,0.489457209304306
1,0.5,0.2,0.5,0.4,-0.2,1.02269696663976,0.466345411310892,0.233532467681498,0.518189081893266,0.368560507381614,-0.194475104592553,0.0407100680555404,0.035228837949159,0.0257731828250387,0.0486712592258454,0.0390577935862446,0.318790924388033
1,0.5,0.2,0.5,0.4,-0.2,0.970919144188769,0.500421505864458,0.165209124301214,0.46410735832194,0.419288170645622,-0.37911079764416,0.0432476295020899,0.0372709325699015,0.0243313699085686,0.0510215464249004,0.0414707479069168,0.378467756489365
1,0.5,0.2,0.5,0.4,-0.2,0.928322174375037,0.56867806489652,0.192850947698602,0.394386502946617,0.45575576671405,-1.56367640848535,0.0434411113634143,0.0391103195666896,0.0241308479560747,0.050457024313899,0.0457108612834484,0.984147680532922
1,0.5,0.2,0.5,0.4,-0.2,1.02161507811634,0.454098073911189,0.232570554593144,0.515781502172721,0.391774126949096,-0.400444637938403,0.0397923948675598,0.0356722544488941,0.0245258413743269,0.0488183423620036,0.0417857717339458,0.391074455360725
1,0.5,0.2,0.5,0.4,-0.2,0.993476397026959,0.524831336057658,0.237065714316094,0.50071114065467,0.396564354543206,-0.650861806626732,0.0409069065271926,0.0356407078049227,0.0227080249586871,0.0534813724127617,0.0449312037533371,0.551904144445155
1,0.5,0.2,0.5,0.4,-0.2,0.9774268560228,0.479401488228326,0.218962524318005,0.404549048264514,0.480990901458321,-1.02494277540123,0.0447616363916252,0.0386131067693618,0.0236911009484653,0.0468327422139333,0.0414642539564872,0.561470385294626
1,0.5,0.2,0.5,0.4,-0.2,0.987111829845503,0.499260173567142,0.213214604053139,0.570072644383603,0.393720296369885,-0.0688166924877532,0.0402638378235046,0.0345278717298114,0.0238437291844954,0.0561901809269563,0.044054855253714,0.348124214689727
1,0.5,0.2,0.5,0.4,-0.2,1.04196368040522,0.477537622206083,0.189880988878001,0.500954518143467,0.372916515941641,-0.0698312814984499,0.042816444481204,0.0364215699557213,0.0257234600634853,0.0533798631880198,0.039281884864779,0.345893498704587
1,0.5,0.2,0.5,0.4,-0.2,1.01639301292797,0.498894457583705,0.235337019327954,0.481812822535563,0.444328736730545,-0.213638170623463,0.0446906355094669,0.0405321817955147,0.0246734585571547,0.0531520845983149,0.0392649586037337,0.386038557616088
1,0.5,0.2,0.5,0.4,-0.2,1.07860223996754,0.458629317364315,0.160959407741152,0.493390504523606,0.34610885859734,0.00601719858164684,0.0425753789325572,0.0376925532764441,0.0261747959608642,0.0561945593077806,0.0423274031089753,0.346593972101968
1,0.5,0.2,0.5,0.4,-0.2,0.973147509945443,0.50117490965937,0.20077915101388,0.471476124762825,0.448432514107865,-0.561249833190852,0.0436717843156814,0.0386203267860872,0.0244236679290768,0.0530405909404566,0.0422970304295877,0.490114917272766
1,0.5,0.2,0.5,0.4,-0.2,1.031669064352,0.453194898277385,0.193883411340701,0.554699826161455,0.419494050952836,-0.0713483903623217,0.0402482040652447,0.0349090641795757,0.0228922916762637,0.0520523352331147,0.0403771760977224,0.317128490553472
1,0.5,0.2,0.5,0.4,-0.2,1.0157450103949,0.474473488149713,0.238107420835242,0.441301853588461,0.468865133784646,-0.691568275175457,0.0448740427306664,0.0377998065962231,0.0261551861297138,0.0544814777144,0.0443630056669509,0.617708705912275
1,0.5,0.2,0.5,0.4,-0.2,0.999841903822819,0.505961346180027,0.195142197869126,0.513698796660273,0.412499322980963,-0.215553377042303,0.041594442534321,0.0354849733610302,0.0235663639464792,0.0514922869763253,0.0414363228578257,0.34677746871552
1,0.5,0.2,0.5,0.4,-0.2,0.972701891442609,0.508716974158241,0.222316096894825,0.489635278029901,0.405467935675554,-0.600567285468049,0.040803996618693,0.035137858528939,0.0244427454566418,0.0509831039250252,0.0456148344511182,0.48043979720187
1,0.5,0.2,0.5,0.4,-0.2,1.07892939667093,0.458431118434676,0.185370467027555,0.481014337081033,0.430145605411487,-0.237163997311642,0.044379568810482,0.0393841214081087,0.026237691470932,0.0538302593246873,0.0411456691987128,0.446177448235568
1,0.5,0.2,0.5,0.4,-0.2,0.983167366179868,0.505577190022229,0.229824715689235,0.556896529918142,0.388256191380875,0.0216279603986087,0.0414013936191166,0.0355728041524019,0.0238345657613292,0.0529907876207003,0.0407764023639607,0.294120657165477
1,0.5,0.2,0.5,0.4,-0.2,0.954803777091299,0.546126031926566,0.178749586943877,0.501760844242199,0.431929685854903,-0.139616526626385,0.0447348297380318,0.0378898203066217,0.0258888458938878,0.05687506965553,0.0446605803224688,0.386302862992908
1,0.5,0.2,0.5,0.4,-0.2,1.01696261660492,0.525846644012165,0.253343147473909,0.495889141417758,0.454960585766967,-0.207334588351599,0.0434521918077126,0.0371399399575865,0.0254454696444512,0.0513438072859682,0.0409422575359916,0.364898434486288
1,0.5,0.2,0.5,0.4,-0.2,0.964350331857393,0.5205125806448,0.1812533770406,0.594860136378105,0.401401460239565,0.260551850175486,0.0412738618068056,0.0340515555325772,0.024569131278148,0.0549522247842252,0.0403393591640414,0.234683093674415
1,0.5,0.2,0.5,0.4,-0.2,0.966133518988103,0.523943984089085,0.155648818550607,0.54199588021973,0.433017692067295,-0.0949561992919974,0.0425163369712694,0.035940205619145,0.0224560716204368,0.0555252225759837,0.0408347909546989,0.357649537703563
1,0.5,0.2,0.5,0.4,-0.2,0.990093251185285,0.481411860247249,0.187346104214751,0.455828772260419,0.425250022648431,-0.943741149178912,0.0411545644689475,0.037921076672572,0.024663797568378,0.0448356067369016,0.0400123242851725,0.495095964386188
