"V1","V2","V3","V4","V5","V6","V7","V8","V9","V10","V11","V12","V13","V14","V15","V16","V17","V18","V19","V20","V21","V22","V23","V24"
-1,-0.5,-0.2,0.25,0.7,0.3,-1.00811798816125,-0.440562802882871,-0.15767064881515,-0.0210573609680215,0.29863114938294,0.245198650725342,NA,NA,NA,NA,NA,NA,0.208913352071115,0.191945877934089,0.162061803774845,0.798063423254043,0.500592472419,1.25533746014717
-1,-0.5,-0.2,0.25,0.7,0.3,-0.979169621144204,-0.624217641876062,-0.265521481242363,0.849673421648201,1.15004232637233,0.144416481758283,NA,NA,NA,NA,NA,NA,0.138657612256937,0.182423595231012,0.137137411853981,0.395628438516008,0.36444234452714,0.20355121030136
-1,-0.5,-0.2,0.25,0.7,0.3,-0.929544096374919,-0.606116981294073,-0.251771750691492,0.098104545790145,0.58425827627191,-0.111474321617027,NA,NA,NA,NA,NA,NA,0.170890101227247,0.182557571556163,0.129357594520415,0.281132813194414,0.235540439968629,0.362703298837312
-1,-0.5,-0.2,0.25,0.7,0.3,-1.09456610636773,-0.502233217864321,-0.128425449029469,-0.219812938564318,0.608942183382234,-0.585368389666613,NA,NA,NA,NA,NA,NA,0.19468841606305,0.200805011464634,0.166795320899958,0.270665612800469,0.236999521859203,0.659421794006975
-1,-0.5,-0.2,0.25,0.7,0.3,-0.885121634738028,-0.108823492533629,-0.298557503264802,0.23138463105503,0.390603648734712,0.480630327330743,NA,NA,NA,NA,NA,NA,0.169824602949533,0.17529775220002,0.139600224690842,0.371275058529873,0.283152708746261,0.407875627876358
-1,-0.5,-0.2,0.25,0.7,0.3,-1.25666820849716,-0.562001125746594,-0.111933852267175,-0.132776884048873,0.324839184502639,0.088223303364386,NA,NA,NA,NA,NA,NA,0.205663486753522,0.203388837305083,0.178265305685622,0.366740981136815,0.261290502082283,0.743311387300776
-1,-0.5,-0.2,0.25,0.7,0.3,-1.16283412116578,-0.296042524362753,-0.119314758222021,-0.120420809509116,0.214279687840302,-0.00106568917462935,NA,NA,NA,NA,NA,NA,0.208859636525137,0.179305288420863,0.15306133557359,0.562616036285008,0.262316510489839,1.24673516969442
-1,-0.5,-0.2,0.25,0.7,0.3,-1.26685147522167,-0.556612173069039,-0.253922110806625,-0.158356968201745,0.19282800552327,-0.55667066289204,NA,NA,NA,NA,NA,NA,0.169294840944026,0.159303406432744,0.162750943173101,0.268313787105137,0.149026918046001,0.772718317681136
-1,-0.5,-0.2,0.25,0.7,0.3,-0.930501924039858,-0.572191750143779,-0.206125198824469,-0.0656397145434145,0.398606001608885,0.161558138282012,NA,NA,NA,NA,NA,NA,0.185061468487924,0.192924856117518,0.151328380144423,0.390627146869222,0.241108790687872,0.655472723910743
-1,-0.5,-0.2,0.25,0.7,0.3,-0.73740386824981,-0.406034333168686,-0.0176592132802133,-0.0400355747927145,0.191624647193733,0.00290168567636467,NA,NA,NA,NA,NA,NA,0.178298865966541,0.155867799900116,0.16404238206121,0.51201104975352,0.322560940714734,1.04473728121453
-1,-0.5,-0.2,0.25,0.7,0.3,-1.14235738050872,-0.902211176843063,0.0880915253591841,0.324291519242401,0.523016425980115,-0.00203245119016827,NA,NA,NA,NA,NA,NA,0.155835121416234,0.183395508692702,0.147216531797108,0.312648491157171,0.248250443193413,0.367831887574792
-1,-0.5,-0.2,0.25,0.7,0.3,-0.96242292757774,-0.704343268433605,-0.491994115706124,-0.367038871505604,0.301578387093905,-1.30377651049028,NA,NA,NA,NA,NA,NA,0.194282290193118,0.195057742896707,0.164184732877774,0.377489279273907,0.208894239979698,1.82061536459132
-1,-0.5,-0.2,0.25,0.7,0.3,-1.09312816998132,-0.626058525137596,-0.067078216207765,0.420180678730067,0.780471834936333,0.292905543467983,NA,NA,NA,NA,NA,NA,0.168742870217848,0.195840817870794,0.132155447183312,0.560953975392428,0.477369897234586,0.364900696055478
-1,-0.5,-0.2,0.25,0.7,0.3,-1.06059194002043,-0.431876286104858,-0.166816567611238,-0.14552708701507,0.522568449840594,-0.366124833310806,NA,NA,NA,NA,NA,NA,0.186212914299164,0.183193116233393,0.153893258797401,0.239948576314323,0.175990782239775,0.540697273118269
-1,-0.5,-0.2,0.25,0.7,0.3,-1.34136108855487,-0.0434789142254665,-0.313917905180126,-0.268856263469373,0.280163279267487,-0.700843015108443,NA,NA,NA,NA,NA,NA,0.199266005733086,0.164697221095887,0.170223895691069,0.387131323033109,0.135643034975423,1.42980376954087
-1,-0.5,-0.2,0.25,0.7,0.3,-0.885522885974199,-0.185644822690043,-0.269092970869714,0.237332553451689,0.834227373358708,0.113394036178323,NA,NA,NA,NA,NA,NA,0.162188779251384,0.180393301290421,0.137116511453682,0.359307299066152,0.355025254030501,0.342260397609099
-1,-0.5,-0.2,0.25,0.7,0.3,-0.898932374212688,-0.775124478431815,-0.540566452507771,0.130358823978067,0.850672310131623,0.319892084453297,NA,NA,NA,NA,NA,NA,0.214587169284076,0.243932737282564,0.185118957452125,0.475053614052916,0.373172376811879,0.489357540473918
-1,-0.5,-0.2,0.25,0.7,0.3,-0.876153171655506,-0.314863324241667,-0.0445850089183658,1.16113428577394,1.21200481792516,0.978249181314288,NA,NA,NA,NA,NA,NA,0.180291242306904,0.201847094841374,0.190355702674453,0.975235963290879,0.738419018462101,0.329779789024788
-1,-0.5,-0.2,0.25,0.7,0.3,-1.25308322374869,-0.191512010445502,-0.336017245707353,-0.198912992981236,-0.183569592053392,0.192653332434014,NA,NA,NA,NA,NA,NA,0.220901325721002,0.227477487972224,0.218090048986567,0.413488482528853,0.259193635634051,0.816662147423214
-1,-0.5,-0.2,0.25,0.7,0.3,-0.911253438566995,-0.192252865447391,-0.246794128086869,1.87115198845148,1.66597863299916,0.932354460562789,NA,NA,NA,NA,NA,NA,0.165408895964697,0.16648742685086,0.159488731101712,1.23641860783591,0.910702629947463,0.234833528101772
-1,-0.5,-0.2,0.25,0.7,0.3,-0.77352314099284,-0.674315302033232,-0.159462885579821,1.44308712773364,1.27435570199602,0.894701779143836,NA,NA,NA,NA,NA,NA,0.171917046746089,0.187106579037087,0.183445528442314,1.19891635155278,0.856024255752128,0.275972547941957
-1,-0.5,-0.2,0.25,0.7,0.3,-1.13547718856678,-0.506330310191943,-0.278531202553856,-0.0883346223642348,0.369196697671142,-0.373598000674704,NA,NA,NA,NA,NA,NA,0.172286014961329,0.176462241147472,0.160987780146079,0.414820593859683,0.237411899878135,0.896691668993104
-1,-0.5,-0.2,0.25,0.7,0.3,-0.785196586483657,-0.621502520592871,-0.185864473157578,0.257972364177698,0.756559723125424,-0.0861218325322209,NA,NA,NA,NA,NA,NA,0.158694199333788,0.175591017322018,0.167870265372931,0.205158068880147,0.222890437433803,0.235549526166773
-1,-0.5,-0.2,0.25,0.7,0.3,-1.05082608716026,-0.566142112528772,-0.292556398600099,0.140970387983285,0.756946835526781,-0.0487413812810527,NA,NA,NA,NA,NA,NA,0.174600395620431,0.204908403781159,0.140389402233135,0.345589588399878,0.283329441739962,0.364171579520005
-1,-0.5,-0.2,0.25,0.7,0.3,-1.08182971491791,-0.508133785235144,-0.0773075005837234,0.507181672277289,0.790092605908948,0.399305445086438,NA,NA,NA,NA,NA,NA,0.163728941706795,0.193815275677985,0.174735783406515,0.627901094528612,0.542384757758083,0.289558413653325
-1,-0.5,-0.2,0.25,0.7,0.3,-1.19538402304257,-0.736193575223276,-0.673065872323399,0.157033748577751,0.482848367986465,0.34186652175029,NA,NA,NA,NA,NA,NA,0.186340187820133,0.190796634331386,0.188418173112021,0.319060679893807,0.241188127210501,0.411821472835875
-1,-0.5,-0.2,0.25,0.7,0.3,-1.18896239133237,-0.666355968471452,-0.394116990064498,-0.183189028485773,0.379040302408436,-0.0193567197924091,NA,NA,NA,NA,NA,NA,0.21344703676287,0.215998314094314,0.20108530107305,0.5057296905427,0.333700463008806,0.966289425686498
-1,-0.5,-0.2,0.25,0.7,0.3,-1.08292501492891,-0.588934750169375,-0.154339685273486,0.563071773383258,1.39530337224925,0.285261917685035,NA,NA,NA,NA,NA,NA,0.193138608765027,0.239114220039205,0.153031921490884,0.348654381685863,0.321976959595646,0.240092895260563
-1,-0.5,-0.2,0.25,0.7,0.3,-1.05282898395848,-0.724426829882039,-0.0882261802283366,1.11544903535041,0.741201213851723,1.04825417956319,NA,NA,NA,NA,NA,NA,0.183693409417871,0.183243637413573,0.172497989997528,1.02055865953861,0.746903473434688,0.291201644220505
-1,-0.5,-0.2,0.25,0.7,0.3,-1.08245810071417,-0.191341340377985,-0.820479439574713,-0.0821257995749144,0.701102533152874,-0.00461775309686674,NA,NA,NA,NA,NA,NA,0.223844942106961,0.230363231774678,0.213010004154185,0.312128775144773,0.231736713191592,0.543184913901834
-1,-0.5,-0.2,0.25,0.7,0.3,-1.07888259450917,-0.552630702091436,-0.131977301447428,1.62151483904874,1.46882389313593,0.54664437970261,NA,NA,NA,NA,NA,NA,0.150490242727509,0.181708765008302,0.169682512137941,0.81008418568754,0.669679717017309,0.20147708014863
-1,-0.5,-0.2,0.25,0.7,0.3,-1.1519244684439,-0.302428054627995,-0.224675362763985,-0.183344213683674,0.283711433921338,-0.799969876747478,NA,NA,NA,NA,NA,NA,0.170324560807744,0.159126920102847,0.151411267949417,0.302801849533984,0.154753594134746,1.03343536207888
-1,-0.5,-0.2,0.25,0.7,0.3,-0.997189102629845,-0.502375353358574,-0.172667772573428,-0.0846397377450077,0.607166038545646,-0.51883294881941,NA,NA,NA,NA,NA,NA,0.177427150444147,0.176000612177875,0.146123364647553,0.182699881033175,0.141939589332969,0.374052681302078
-1,-0.5,-0.2,0.25,0.7,0.3,-0.78833128284759,-0.395179860877707,-0.297479182313346,0.963934783330494,1.52137675838473,0.704879495522732,NA,NA,NA,NA,NA,NA,0.193122763242154,0.221689055775221,0.17149629064957,0.779535484777507,0.591320617297908,0.303850459696029
-1,-0.5,-0.2,0.25,0.7,0.3,-0.895450429043818,-0.403881207068519,-0.0444711404694376,-0.0510690271247917,0.286513599743008,0.000871315491211037,NA,NA,NA,NA,NA,NA,0.179635193578802,0.185174290505323,0.15851460818828,0.465062918051823,0.278839539069927,0.870186861128711
-1,-0.5,-0.2,0.25,0.7,0.3,-0.99949404443016,-0.622022883072187,-0.251558463509806,0.355811550048086,0.824821208350366,0.572689204053912,NA,NA,NA,NA,NA,NA,0.191487506263129,0.211446922022108,0.165256596918401,0.338699861112594,0.3315033826172,0.3380649642514
-1,-0.5,-0.2,0.25,0.7,0.3,-1.15035542628303,-0.61116634348518,-0.415478077980468,0.829010519112695,1.18870262396413,0.489032601473767,NA,NA,NA,NA,NA,NA,0.173786052820588,0.219856438890481,0.154250980653618,0.625743874766309,0.528896611899662,0.252783311530191
-1,-0.5,-0.2,0.25,0.7,0.3,-1.26895293791362,-0.141298814994006,-0.0441196761648271,0.347830339237542,0.471310136583078,0.209484231906459,NA,NA,NA,NA,NA,NA,0.159829228092991,0.156116408359464,0.14999239512878,0.386479543631368,0.263460346575998,0.380782801705417
-1,-0.5,-0.2,0.25,0.7,0.3,-0.757313652324266,-0.332889028473286,0.0124949956491855,0.426662694325608,0.486897876898884,0.471439742470188,NA,NA,NA,NA,NA,NA,0.157803648091434,0.154655321290299,0.139762441449985,0.362174307217565,0.280207875212727,0.377963311544409
-1,-0.5,-0.2,0.25,0.7,0.3,-0.828035595792067,-0.334878277172122,-0.0558133581179272,0.358205985966002,0.560467350633209,0.232938501534208,NA,NA,NA,NA,NA,NA,0.194428669902278,0.170904815947481,0.118539952148925,0.548416272279942,0.402983068945672,0.58277484965254
-1,-0.5,-0.2,0.25,0.7,0.3,-0.858631291417964,-1.01578098108038,-0.205371446530588,0.103326895018594,0.85737430779035,0.100795553715538,NA,NA,NA,NA,NA,NA,0.211358782005504,0.234978523365266,0.195959695516535,0.299590692332545,0.267633891669338,0.32094943564029
-1,-0.5,-0.2,0.25,0.7,0.3,-1.06974309819381,-0.513568969586021,-0.269992730123818,0.349924868490262,0.700348309804713,0.11695747552051,NA,NA,NA,NA,NA,NA,0.156966232990237,0.176394514147164,0.151937926598122,0.288419910259014,0.302331938168843,0.303004683840385
-1,-0.5,-0.2,0.25,0.7,0.3,-0.92016271684996,-0.70277194321774,-0.186657700222219,1.20114849284456,1.52940652624501,0.808092368873238,NA,NA,NA,NA,NA,NA,0.187157100561241,0.224727448822253,0.184850855803323,0.59384471667623,0.490954901490072,0.225942157984806
-1,-0.5,-0.2,0.25,0.7,0.3,-0.913307524014546,-0.57998797160441,-0.202736052863358,1.13522548537373,1.42872825769027,0.291667334343699,NA,NA,NA,NA,NA,NA,0.139200341880259,0.180173451744527,0.103357076290339,0.539343587185153,0.454960150355841,0.229655606813423
-1,-0.5,-0.2,0.25,0.7,0.3,-0.949090477498304,-0.4981304664805,-0.0907109269086632,-0.122322016147725,0.343451274407986,0.722633711346784,NA,NA,NA,NA,NA,NA,0.230286131964491,0.212720744205479,0.179496304243497,0.436447458733886,0.333617543619406,0.606245204978289
-1,-0.5,-0.2,0.25,0.7,0.3,-1.02583699332116,-0.447079482491573,-0.460390376668399,0.561865198986431,0.888833824209802,0.469785002622089,NA,NA,NA,NA,NA,NA,0.17228951893302,0.192566434514823,0.163316118915279,0.414747878034146,0.401206900884388,0.235360717602862
-1,-0.5,-0.2,0.25,0.7,0.3,-0.760837311890345,-0.612593717084173,-0.140878002746386,0.351797889677166,0.795866515168195,0.434589372150263,NA,NA,NA,NA,NA,NA,0.177254098527596,0.21080255671505,0.15757515727897,0.30534568082612,0.27278392947972,0.297158370883563
-1,-0.5,-0.2,0.25,0.7,0.3,-1.06043599345806,-0.23044851245274,0.0165375112957793,0.292636988796766,0.723847689999491,0.0862609002847767,NA,NA,NA,NA,NA,NA,0.155378002223874,0.162138245682938,0.133944991206348,0.287554077017391,0.248140694258092,0.27837394521072
-1,-0.5,-0.2,0.25,0.7,0.3,-1.13923281993963,-0.543859534575336,-0.269065027265751,-0.238265060018351,0.49879012692277,-0.821125712325676,NA,NA,NA,NA,NA,NA,0.189494280521948,0.192371628680092,0.178388088257351,0.294695944784385,0.206583833278592,0.773485315123989
-1,-0.5,-0.2,0.25,0.7,0.3,-1.19904545755392,-0.546946685471605,-0.0689311508770169,-0.288881812379518,0.461450579196866,-0.458589256044119,NA,NA,NA,NA,NA,NA,0.198295638635064,0.221291212832686,0.187019938772203,0.27072193686469,0.199562960985846,0.703488702805006
-1,-0.5,-0.2,0.25,0.7,0.3,-1.18318227438275,-0.752620794106447,-0.397171010145885,0.0912467144398578,0.485181585348885,0.0319003055193594,NA,NA,NA,NA,NA,NA,0.17712965932331,0.20131392229814,0.15701035407068,0.280643168901787,0.220783241322172,0.419574907303659
-1,-0.5,-0.2,0.25,0.7,0.3,-1.55686351808565,-0.147721199342468,-0.390307996524722,0.287826591943111,0.774870673033594,-0.064263479933526,NA,NA,NA,NA,NA,NA,0.17541964264925,0.174438062644533,0.149281224853285,0.307108847133068,0.271727251719921,0.2947362817366
-1,-0.5,-0.2,0.25,0.7,0.3,-1.16561849689547,-0.817656847246832,-0.221282063663701,-0.385383968969582,0.27377900863873,-0.761270595377138,NA,NA,NA,NA,NA,NA,0.211815956157152,0.210092975258041,0.167496557856861,0.331565000674514,0.183507028459543,1.25570532050501
-1,-0.5,-0.2,0.25,0.7,0.3,-1.33567165779067,-0.416755654090678,-0.149652397949343,0.244740436756976,0.727861618035659,-0.118810522471704,NA,NA,NA,NA,NA,NA,0.178767478414468,0.173015306465771,0.167954455443485,0.378109209855022,0.313511486684541,0.414456039456657
-1,-0.5,-0.2,0.25,0.7,0.3,-1.14128414317454,-0.627919280675283,-0.163909296849374,0.199999209399595,0.852031896955536,0.180124020705367,NA,NA,NA,NA,NA,NA,0.193450381533213,0.223695224675724,0.194438531949086,0.364091936051898,0.30414355536535,0.317207853073242
-1,-0.5,-0.2,0.25,0.7,0.3,-1.03268324606159,-0.767016810534997,-0.265401225670527,-0.332642097555762,0.113770979564972,-0.952661129349311,NA,NA,NA,NA,NA,NA,0.195001592274475,0.183419606997114,0.154574902036817,0.461899228963757,0.211023375621492,2.00078686330544
-1,-0.5,-0.2,0.25,0.7,0.3,-1.04808092606904,-0.466906885763343,-0.623361882902707,-0.539766390122054,0.142112583985465,-2.73151854970894,NA,NA,NA,NA,NA,NA,0.186763075975659,0.183092674783214,0.180602975687807,0.312880291530563,0.119484412214449,3.14225325348741
-1,-0.5,-0.2,0.25,0.7,0.3,-0.801704405794162,-0.370980138406863,-0.203459963217315,1.94262338933433,1.71986655108923,0.434528706882341,NA,NA,NA,NA,NA,NA,0.119856471672228,0.146190783511233,0.139450018553263,0.838466127028578,0.739343970149455,0.152130422689231
-1,-0.5,-0.2,0.25,0.7,0.3,-0.877705560491042,-0.678570766157854,-0.461100803735401,1.19819884854876,1.27675583097604,0.708768862109482,NA,NA,NA,NA,NA,NA,0.16221410218619,0.207241098612593,0.142148317071669,0.778486981417146,0.64056571917738,0.255103895090786
-1,-0.5,-0.2,0.25,0.7,0.3,-1.13272514216445,-0.483598357510553,-0.0451630839418138,-0.285129505254939,0.231419496833784,-0.943495308626824,NA,NA,NA,NA,NA,NA,0.187568060970501,0.175999566734882,0.179963042034121,0.308170392970036,0.20004823574655,1.17769356661525
-1,-0.5,-0.2,0.25,0.7,0.3,-0.800185639944392,-0.385125289715765,-0.0718721960598575,0.444787144328782,0.948211590766931,0.104893942752917,NA,NA,NA,NA,NA,NA,0.145424688593735,0.177109593494558,0.1191440864868,0.371613335079069,0.346555698125438,0.331175098754363
-1,-0.5,-0.2,0.25,0.7,0.3,-0.887605429564262,-0.477936711951319,-0.111384481811241,0.496135474491981,1.13410190014424,0.511271373971214,NA,NA,NA,NA,NA,NA,0.212350471290543,0.230461771370173,0.215447617187776,0.750695513938866,0.611244499911085,0.455447034485781
-1,-0.5,-0.2,0.25,0.7,0.3,-0.978265146599492,-0.499519009493365,-0.374071749778735,0.465962718638994,1.10771318310537,0.59549739431343,NA,NA,NA,NA,NA,NA,0.195670927636976,0.221665333034802,0.200616225670806,0.503911594169251,0.440337214746334,0.295096123411026
-1,-0.5,-0.2,0.25,0.7,0.3,-1.06860204196273,-0.684072354336528,-0.207548062278486,-0.413412411579927,0.353693465469284,-1.26035803858718,NA,NA,NA,NA,NA,NA,0.203673471139849,0.205123580306833,0.178174648716259,0.266429786569816,0.147412707986708,1.20726461625256
-1,-0.5,-0.2,0.25,0.7,0.3,-1.20478244453758,-0.461030805085788,0.0560823809638158,0.477303975192333,0.963246207201176,-0.096197778328561,NA,NA,NA,NA,NA,NA,0.152817023775128,0.182744153940866,0.164692913126368,0.346698860344148,0.313160783652244,0.286392836120165
-1,-0.5,-0.2,0.25,0.7,0.3,-1.09255591488703,-0.379578482405353,-0.474868749693374,0.673067044888426,0.739967348621387,0.293173683029431,NA,NA,NA,NA,NA,NA,0.155802213180156,0.172919514400822,0.153064480484312,0.371285667752274,0.369231406845018,0.337952421425781
-1,-0.5,-0.2,0.25,0.7,0.3,-1.03281252059682,-0.613968291465014,0.120815669063219,0.872378192375518,1.36046728050045,0.466253198618228,NA,NA,NA,NA,NA,NA,0.172828356830442,0.21761428842293,0.181815231512495,0.574220516243499,0.530147921753641,0.277675459925686
-1,-0.5,-0.2,0.25,0.7,0.3,-0.919397531076361,-0.809834055069752,-0.405419869480168,-0.0907196741936335,0.591573995182122,0.120986198721945,NA,NA,NA,NA,NA,NA,0.220882347614603,0.234131394206343,0.22177568822911,0.415704520137339,0.316773293982638,0.576921518897515
-1,-0.5,-0.2,0.25,0.7,0.3,-1.14544238521461,-0.341719265747719,-0.332474843790848,0.334897384309515,0.922589060133321,0.130606021472231,NA,NA,NA,NA,NA,NA,0.169927628196674,0.208900426769642,0.145051928527012,0.41796073534818,0.398220619825246,0.287254169168977
-1,-0.5,-0.2,0.25,0.7,0.3,-0.835608136203766,-0.682177451857176,-0.11331380758214,0.223965100328469,0.927712446196665,0.192188242796753,NA,NA,NA,NA,NA,NA,0.199217453723774,0.228765979126744,0.146513877470125,0.389084949381204,0.360038913681885,0.322592634707904
-1,-0.5,-0.2,0.25,0.7,0.3,-0.96780093268008,-0.570932667918881,-0.476870952268512,0.815434665811177,1.27414572002588,0.37246713145041,NA,NA,NA,NA,NA,NA,0.168468742785532,0.196287861167218,0.165350709289396,0.546571234036873,0.44878482722487,0.25896446880393
-1,-0.5,-0.2,0.25,0.7,0.3,-0.991462399083856,-0.561481600807227,-0.135142969921727,-0.326517915110771,0.426170182612973,-0.655227268181986,NA,NA,NA,NA,NA,NA,0.225207085935461,0.225742434564866,0.15527957192634,0.410649115792998,0.245461035662578,1.29516626595903
-1,-0.5,-0.2,0.25,0.7,0.3,-0.994289268064191,-0.605654315298897,-0.11144533066941,0.392444514914926,0.782104869897877,0.297890607238152,NA,NA,NA,NA,NA,NA,0.166822368232693,0.196889498766038,0.167928139818397,0.525087168335184,0.474376844278201,0.361324748697261
-1,-0.5,-0.2,0.25,0.7,0.3,-1.10003184616965,-0.720343822520343,-0.0835846049120599,-0.111593154470347,0.300481668087592,-0.203880879979276,NA,NA,NA,NA,NA,NA,0.179677324299684,0.200850812243922,0.185924143474492,0.347034629040272,0.238247463606492,0.701870890306906
-1,-0.5,-0.2,0.25,0.7,0.3,-0.932882504657843,-1.11373432245977,-0.132608733726359,0.421936059767609,1.14157548130634,0.106339230894006,NA,NA,NA,NA,NA,NA,0.181612106920217,0.235951157665554,0.162587063193721,0.337466951029769,0.327970966954351,0.248833933245112
-1,-0.5,-0.2,0.25,0.7,0.3,-0.924036463319364,-0.511760643908194,0.108602302167667,0.0450450583310478,0.459169930185428,-0.116625362103084,NA,NA,NA,NA,NA,NA,0.164732414112357,0.177841352310601,0.147349373690818,0.26052446345515,0.202471627880775,0.432390233430165
-1,-0.5,-0.2,0.25,0.7,0.3,-0.70896543436473,-0.594738358717431,-0.218281930831059,-0.999190178028196,0.34449224519372,-13.9065510726363,NA,NA,NA,NA,NA,NA,0.291325593988186,0.257413136517749,0.20612053255384,0.137510443608402,0.116577375896912,25.4868638699189
-1,-0.5,-0.2,0.25,0.7,0.3,-0.977181520067988,-1.00179619724326,-0.251609571355477,-0.407271457542653,0.429904273604189,-0.508595889165331,NA,NA,NA,NA,NA,NA,0.226622340563403,0.241735275898359,0.210786476586525,0.327817951390499,0.196552420915977,0.970987096571314
-1,-0.5,-0.2,0.25,0.7,0.3,-1.30541041067497,-0.406320701563305,-0.303620485914161,0.293623633192089,0.902149172479353,-0.171405053516737,NA,NA,NA,NA,NA,NA,0.16398416927796,0.192782055358939,0.151767996994161,0.307856844838544,0.243288121265877,0.249638119137876
-1,-0.5,-0.2,0.25,0.7,0.3,-1.08183645026478,-0.39160615294403,-0.210584322712424,0.32454087562159,0.764700228562936,0.383838265889706,NA,NA,NA,NA,NA,NA,0.176279555585403,0.191917478608628,0.164820915536906,0.323991207365912,0.289705352632403,0.306789735889533
-1,-0.5,-0.2,0.25,0.7,0.3,-1.11405217270832,-0.748039343197854,-0.120082833698539,-0.421636062779745,0.14560654540676,-1.506308931042,NA,NA,NA,NA,NA,NA,0.184325104235285,0.18404767578487,0.157176295695158,0.268964272424402,0.147840956836385,1.47327833836427
-1,-0.5,-0.2,0.25,0.7,0.3,-1.0800431173389,-0.329723332931217,-0.0436803679649632,0.268658586374056,0.553522736450921,0.370282801583812,NA,NA,NA,NA,NA,NA,0.178460494907673,0.185552266197064,0.167176498147051,0.713415124309179,0.510886501851259,0.591116341401398
-1,-0.5,-0.2,0.25,0.7,0.3,-0.915298307872806,-0.564912506875921,-0.382483238677561,0.413331286019404,0.982182603445906,-0.0784873788381353,NA,NA,NA,NA,NA,NA,0.157956270426991,0.192131729625282,0.144527621029685,0.229437670450201,0.201798393083112,0.225570307759069
-1,-0.5,-0.2,0.25,0.7,0.3,-0.84507360166438,-0.974235598327543,-0.240303354277939,0.718246751576,1.31954117308033,-0.154350695599418,NA,NA,NA,NA,NA,NA,0.140521115938749,0.193699001440812,0.136629813119048,0.311462471674432,0.3204019484963,0.159283089207333
-1,-0.5,-0.2,0.25,0.7,0.3,-0.735451290665287,-0.533380634311605,-0.279200427626406,1.37444142976872,1.54156791450266,0.531933234906668,NA,NA,NA,NA,NA,NA,0.159971818646635,0.181359851892057,0.130879845955623,1.06983990802448,0.812131092586141,0.318632458366592
-1,-0.5,-0.2,0.25,0.7,0.3,-0.90922334646631,-0.383249557579766,-0.602804492014924,0.160601622707301,0.49456551612206,0.0520385213204103,NA,NA,NA,NA,NA,NA,0.16468187882554,0.175750024917659,0.165161723869546,0.463251544383743,0.317272998100827,0.573992884264092
-1,-0.5,-0.2,0.25,0.7,0.3,-0.851117781504155,-0.396972035631903,-0.0785043172530956,0.30675598507327,0.377984306984805,0.60034331479332,NA,NA,NA,NA,NA,NA,0.206074356116508,0.183891874782528,0.150451796940187,0.928860462166695,0.516393998492969,0.820028482351954
-1,-0.5,-0.2,0.25,0.7,0.3,-0.692492091423704,-0.441367300272764,-0.35806669443646,0.23341637975098,0.526693279727806,0.307007234291241,NA,NA,NA,NA,NA,NA,0.162158187739856,0.174976006793633,0.159139696004806,0.37236461930554,0.278768090860258,0.397346430426028
-1,-0.5,-0.2,0.25,0.7,0.3,-1.15557494877042,-0.16959022682134,-0.106848583475521,0.0111296217635655,0.577408606839868,-0.375255690514972,NA,NA,NA,NA,NA,NA,0.162846351812277,0.164087604780723,0.117179438422815,0.242803316353022,0.205611296150352,0.407843647172061
-1,-0.5,-0.2,0.25,0.7,0.3,-1.01543292248606,-0.667328986997192,-0.500360699128227,-0.397860916349131,0.549915996721102,-0.380184479801332,NA,NA,NA,NA,NA,NA,0.238885296425038,0.253831546854751,0.186252293025188,0.306518134656308,0.216005464618585,0.845769510970594
-1,-0.5,-0.2,0.25,0.7,0.3,-1.25936343244576,-0.24935459874059,-0.0959082484214841,0.040722852946725,0.548309898362678,-0.381265662090624,NA,NA,NA,NA,NA,NA,0.163324286579703,0.158596773473842,0.142698305747824,0.224667709465287,0.195074700899825,0.405179299321047
-1,-0.5,-0.2,0.25,0.7,0.3,-0.66725228029452,-0.754607252794232,-0.466946422119561,-0.106802777848598,0.260231235634101,0.784397859397834,NA,NA,NA,NA,NA,NA,0.220519257617983,0.219410598008945,0.190445611206702,0.385254901531141,0.262584361176784,0.675862865962149
-1,-0.5,-0.2,0.25,0.7,0.3,-0.949229036560454,-0.527525016998911,-0.255118542733223,-0.105959392442084,0.717683937174409,0.0368811461971568,NA,NA,NA,NA,NA,NA,0.213807478868531,0.232013222913998,0.152376953170926,0.365839452019711,0.263427068752267,0.58005883206316
-1,-0.5,-0.2,0.25,0.7,0.3,-0.920060465326469,-0.263715819532521,-0.387852309930848,0.0619738120178159,0.64748084407865,-0.0280881741593607,NA,NA,NA,NA,NA,NA,0.17364531375797,0.175974586753555,0.145113569090988,0.278487010303438,0.209528187080095,0.431299342280308
-1,-0.5,-0.2,0.25,0.7,0.3,-0.77649795901405,-0.768597499676059,-0.204795523416689,-0.230197987604175,0.781843178752294,-0.0586288652586932,NA,NA,NA,NA,NA,NA,0.246800931322695,0.267342337123114,0.172957349937752,0.311218320854724,0.272700568198718,0.423296553820912
-1,-0.5,-0.2,0.25,0.7,0.3,-1.3927939529478,-0.683269818482672,-0.537929176703735,0.497244293053253,0.92551081889229,0.379762801071409,NA,NA,NA,NA,NA,NA,0.191503298344584,0.20200460456319,0.175820891015986,0.523691467657934,0.465139020454226,0.315171838512571
-1,-0.5,-0.2,0.25,0.7,0.3,-1.22253877908315,-0.441576364660824,0.0242437266657557,0.0620738791163871,0.479856221145473,0.111933683712128,NA,NA,NA,NA,NA,NA,0.181173874786394,0.182729471414308,0.170189608319086,0.332997340266547,0.258999547396389,0.469741250425684
-1,-0.5,-0.2,0.25,0.7,0.3,-1.15736840474209,-0.467948986558046,-0.202529849786328,0.556781205708678,0.668522350755265,0.182734151473755,NA,NA,NA,NA,NA,NA,0.157905474036978,0.161175942856883,0.156057752416784,0.524236550613846,0.423853629543732,0.334975995677163
-1,-0.5,-0.2,0.25,0.7,0.3,-0.91895947515083,-0.301963291638144,-0.142060370027639,0.69952611189178,1.11508853132161,0.48205809485311,NA,NA,NA,NA,NA,NA,0.179632988936252,0.217267391984506,0.123670043385637,0.553602490317074,0.469248827199484,0.300895005902856
-1,-0.5,-0.2,0.25,0.7,0.3,-0.908821124062035,-0.573203012417438,-0.336397368918561,0.343576079544873,1.09842459423424,0.12800768248604,NA,NA,NA,NA,NA,NA,0.172293638124884,0.20665666079106,0.136187029629156,0.316374226865009,0.341229261406654,0.187800395845306
-1,-0.5,-0.2,0.25,0.7,0.3,-0.995323221107006,-0.479401612108426,-0.436366443874428,-0.0528184515436943,0.541788866742206,0.0897563616040967,NA,NA,NA,NA,NA,NA,0.201772764952643,0.20524263050336,0.20094943101268,0.302632595122023,0.250284947676017,0.499269235401708
-1,-0.5,-0.2,0.25,0.7,0.3,-0.885906356006775,-0.624882708574683,-0.314605437848618,0.295522633478443,0.45780113454104,0.297020700756955,NA,NA,NA,NA,NA,NA,0.158607741452591,0.176488284095788,0.145640229472462,0.498121730700035,0.39367765982871,0.440150184056439
-1,-0.5,-0.2,0.25,0.7,0.3,-0.986809805532061,-0.402133183268544,-0.284214954514931,0.636728024819081,0.849814553123217,0.393034807485701,NA,NA,NA,NA,NA,NA,0.161866399004734,0.173729499974396,0.154853122429455,0.609107330637728,0.503184990492565,0.315366618904837
-1,-0.5,-0.2,0.25,0.7,0.3,-0.763830131081153,-0.550297270176401,-0.27462897475747,0.190513603872992,0.592661064053799,0.0590344618728351,NA,NA,NA,NA,NA,NA,0.227245971816313,0.202687877395426,0.131875404410848,0.960037170644216,0.661131787304483,1.1773852415912
-1,-0.5,-0.2,0.25,0.7,0.3,-0.887472854332336,-0.867691359960367,-0.271161190231263,0.522805058909722,1.32558486474601,0.39457121818619,NA,NA,NA,NA,NA,NA,0.189195200356288,0.256997397486576,0.155172079359885,0.384036074964536,0.350691646006571,0.283019733538306
-1,-0.5,-0.2,0.25,0.7,0.3,-1.01512302266689,-0.587141322290358,-0.339005529525692,0.179139183119097,0.665893890095192,-0.0229769239875802,NA,NA,NA,NA,NA,NA,0.17494669062383,0.184086366352484,0.170825583029453,0.242649548490043,0.223900681325162,0.307233805956477
-1,-0.5,-0.2,0.25,0.7,0.3,-1.44886651261457,-0.652906183415364,0.113697666093089,-0.28980538839829,0.238832967607449,-0.885359713079629,NA,NA,NA,NA,NA,NA,0.197442465358875,0.18727843005109,0.148883976360722,0.394450795374399,0.178362380417598,1.37430466728774
-1,-0.5,-0.2,0.25,0.7,0.3,-0.898790886374776,-0.664766544846997,-0.403676995601033,-0.166925866217559,0.640594738146793,-0.180424525886411,NA,NA,NA,NA,NA,NA,0.224477913800487,0.257067193891561,0.18431839648781,0.521604981173564,0.402472223387573,1.08355293245208
-1,-0.5,-0.2,0.25,0.7,0.3,-1.02834328611862,-0.515690932020659,-0.0920828953579702,0.753033296663599,1.23250689962099,0.0725511854999162,NA,NA,NA,NA,NA,NA,0.150131313257431,0.18520425523626,0.141783570729278,0.379088405736042,0.329408479168559,0.247858151765235
-1,-0.5,-0.2,0.25,0.7,0.3,-1.06803687706691,-0.545089630832381,-0.419572366784493,-0.0747311153228616,0.391747695608513,0.125360332699225,NA,NA,NA,NA,NA,NA,0.231525428239476,0.199098352827574,0.179389846824951,0.599783889393889,0.466424664011625,0.945205152298953
-1,-0.5,-0.2,0.25,0.7,0.3,-0.963760311949977,-0.0542034225516605,-0.268529546381322,1.5199551364402,0.49305295780084,1.05611385925031,NA,NA,NA,NA,NA,NA,0.204477398927019,0.145841449436769,0.159122243634041,1.5882068020784,1.25577938468685,0.496058487187362
-1,-0.5,-0.2,0.25,0.7,0.3,-0.943864448381332,-0.565264759820315,-0.10810783030985,0.276092330200687,0.584006250187618,0.0036950722512047,NA,NA,NA,NA,NA,NA,NA,NA,0.0986084335927001,NA,NA,NA
-1,-0.5,-0.2,0.25,0.7,0.3,-0.925037982087811,-0.670203547350186,-0.424108505496538,-0.00588730144636194,0.89622123127429,0.155642972656258,NA,NA,NA,NA,NA,NA,0.219861660533624,0.238218783036876,0.162341217343065,0.345807575690974,0.302221497929677,0.442387725431333
-1,-0.5,-0.2,0.25,0.7,0.3,-1.37360533398568,-0.332190058570394,-0.0936932164173793,0.442034277798508,0.827038221256078,0.293679548910182,NA,NA,NA,NA,NA,NA,0.183315873447027,0.215781460128609,0.127501928070531,0.574789101048201,0.4273420753082,0.325300404292113
-1,-0.5,-0.2,0.25,0.7,0.3,-0.890740016836267,-0.463549904932755,-0.233750475967016,1.06984268435567,1.37358770048502,0.648762225974218,NA,NA,NA,NA,NA,NA,0.171676083995993,0.217776845104756,0.15317977185868,0.72248206041801,0.616513987404605,0.282770827582255
-1,-0.5,-0.2,0.25,0.7,0.3,-0.587392386296529,-0.619789354125378,-0.000919052975656915,-0.253410555598917,0.152226100864431,-0.295812794845654,NA,NA,NA,NA,NA,NA,0.197282941598571,0.191930460266183,0.180792275362882,0.606505652027386,0.328983311660974,1.97730776561732
-1,-0.5,-0.2,0.25,0.7,0.3,-1.05588391860462,-0.482825433201886,-0.136256828330598,0.113981527896045,0.684527845986034,0.289990206999275,NA,NA,NA,NA,NA,NA,0.211897125935958,0.222430635189101,0.165991408089207,0.806742214987976,0.575675647192652,0.744417196516719
-1,-0.5,-0.2,0.25,0.7,0.3,-0.87881502913121,-0.575242759997668,-0.263277145620164,0.145582701934117,0.757694703819872,0.0173290730321955,NA,NA,NA,NA,NA,NA,0.171016541523939,0.182532522723264,0.123042642602464,0.272303351284938,0.264035491532736,0.370476075712799
-1,-0.5,-0.2,0.25,0.7,0.3,-0.806653680059513,-0.462629178596189,-0.274704221718425,-0.0556660571981791,0.39437561300896,-0.847507969111865,NA,NA,NA,NA,NA,NA,0.154994881308919,0.147541052197433,0.118579187475202,0.238222608863945,0.162483850446494,0.67448563986836
-1,-0.5,-0.2,0.25,0.7,0.3,-1.03982141922357,-0.607962424674002,-0.0571914498398821,-0.147223245699507,0.772440453072383,0.269245785837402,NA,NA,NA,NA,NA,NA,0.23787672478671,0.258955749150374,0.218496745754751,0.351567195463684,0.324852649924838,0.442600053868108
-1,-0.5,-0.2,0.25,0.7,0.3,-1.06233765507195,-0.772382384986029,-0.267704083920923,0.0867126424463809,0.301149104422542,0.155156884360066,NA,NA,NA,NA,NA,NA,0.174156008769596,0.174684608998307,0.142073159313077,0.322381046532172,0.270165614519021,0.498884348751608
-1,-0.5,-0.2,0.25,0.7,0.3,-1.12754450794456,-0.29409955993963,-0.229413525601078,0.646524614616678,0.6951926514198,0.715058140253575,NA,NA,NA,NA,NA,NA,0.177403633345301,0.173053751489093,0.16396544372221,0.562673995054158,0.414132598561342,0.368307796489783
-1,-0.5,-0.2,0.25,0.7,0.3,-0.790436465023799,-0.752373723510997,-0.199820707833271,0.0670436449679302,0.81353552897113,-0.0155561454085552,NA,NA,NA,NA,NA,NA,0.199258334672781,0.226583811999758,0.148919067312202,0.312784880860284,0.284888376956207,0.33712568152951
-1,-0.5,-0.2,0.25,0.7,0.3,-0.814354494167493,-0.504538537290623,-0.220273587026652,0.0605162591541961,0.602639088096383,0.263492143189229,NA,NA,NA,NA,NA,NA,0.202546349959501,0.206014903133823,0.155163635398473,0.51860709954363,0.36218583695154,0.706266489178027
-1,-0.5,-0.2,0.25,0.7,0.3,-1.01427469506204,-0.367903065214439,-0.290224265962396,0.294240731015718,0.290740408706862,0.229612716754907,NA,NA,NA,NA,NA,NA,0.155616921022319,0.157001305655481,0.153440547464965,0.481575683038968,0.268501564255496,0.549980778308649
-1,-0.5,-0.2,0.25,0.7,0.3,-1.3015362285383,-0.495512457746479,-0.315306745217058,0.39848967169261,0.435972996594652,0.399680628649938,NA,NA,NA,NA,NA,NA,0.173715901820702,0.174508797218628,0.192052794233978,0.583471218168769,0.396856628055972,0.456833351977289
-1,-0.5,-0.2,0.25,0.7,0.3,-1.07619852542382,-0.702032879206197,-0.265373490521507,0.165101068053369,0.460834074659215,-0.0841892730293927,NA,NA,NA,NA,NA,NA,0.165832590746982,0.165649949142802,0.145869438238667,0.350496846863383,0.280388669033805,0.488121436031044
-1,-0.5,-0.2,0.25,0.7,0.3,-0.909400193981317,-0.701922639315486,-0.200079051337144,1.31723459980848,1.62318567811975,0.449337490442529,NA,NA,NA,NA,NA,NA,0.156378395117506,0.200513893926559,0.141610530990567,0.558985131951504,0.440046437884147,0.178132260989846
-1,-0.5,-0.2,0.25,0.7,0.3,-0.746862425042827,-0.518051059256909,-0.378676669868101,-0.101323155213709,0.421741140529923,0.00265357631943859,NA,NA,NA,NA,NA,NA,0.190581591280821,0.198668587816107,0.159151114053218,0.383137281059769,0.254695828809915,0.713895981656914
-1,-0.5,-0.2,0.25,0.7,0.3,-0.844574701105348,-0.775746940594719,-0.382431624644682,0.00522587160862253,0.655781348022497,0.186938034599445,NA,NA,NA,NA,NA,NA,0.206478276262873,0.243328075600873,0.165997570655474,0.358143774002495,0.357475236550496,0.457654913478167
-1,-0.5,-0.2,0.25,0.7,0.3,-0.869511703345595,-0.893465624805512,-0.351601946104927,0.0908895555292161,0.995107816782745,0.136016788162257,NA,NA,NA,NA,NA,NA,0.210377982745651,0.250300259231341,0.148781788565605,0.675322945042532,0.495550971150874,0.598383542073344
-1,-0.5,-0.2,0.25,0.7,0.3,-1.00320139578729,-0.38161845360145,-0.0253583275810318,0.257392206637989,0.621530721313904,0.171987580854915,NA,NA,NA,NA,NA,NA,0.183477661347996,0.190059251773784,0.171587410562824,0.392341921929359,0.293136948100513,0.416544209238754
-1,-0.5,-0.2,0.25,0.7,0.3,-0.873210563967599,-0.582529264076328,-0.159024800598484,-0.16213895652085,0.303046920843827,0.854389749564908,NA,NA,NA,NA,NA,NA,0.233039519611251,0.230020373988259,0.21284723596411,0.55293197041129,0.368879261073067,0.786539605569605
-1,-0.5,-0.2,0.25,0.7,0.3,-0.988551261276083,-0.693536828149009,-0.123450503287973,0.0999665793221142,0.650219299461146,0.0761029280061671,NA,NA,NA,NA,NA,NA,0.169593116193312,0.192060508599391,0.15753464698594,0.269536501441678,0.257918798723537,0.344702951517635
-1,-0.5,-0.2,0.25,0.7,0.3,-0.91524736284692,-0.515756471305814,-0.369319272679831,-0.0139265644732053,0.624313099925362,-0.0145279061550771,NA,NA,NA,NA,NA,NA,0.209756086575259,0.212388173122969,0.144955677662037,1.04647537913435,0.833612457010213,1.35150406016041
-1,-0.5,-0.2,0.25,0.7,0.3,-0.956749359080633,-0.716668175128046,-0.301596947287755,0.402312889773419,0.601008632450524,0.0104768988966724,NA,NA,NA,NA,NA,NA,0.151090026158799,0.161988326778658,0.11973976456571,0.679226353175599,0.518432349510302,0.571907899124955
-1,-0.5,-0.2,0.25,0.7,0.3,-0.991243620980233,-0.543184389674696,-0.228196435699869,0.555329510052235,1.00647649910313,0.560568517912647,NA,NA,NA,NA,NA,NA,0.177778410362589,0.197652108919361,0.13155898981444,0.413266598357985,0.394334913607738,0.283984450298863
-1,-0.5,-0.2,0.25,0.7,0.3,-1.05212866198484,-0.716056696192541,-0.295388022893992,0.375561307612447,0.790189723757611,-0.208328078926176,NA,NA,NA,NA,NA,NA,0.147679061639503,0.176255392605818,0.123575485679819,0.281213686440285,0.233650728856162,0.31529402721535
-1,-0.5,-0.2,0.25,0.7,0.3,-1.27939852482824,-0.495571470180785,-0.33259956583756,-0.405953005781042,0.160454630690191,-0.182654506538433,NA,NA,NA,NA,NA,NA,0.228810510610275,0.225770279833998,0.251574373380818,0.348445052055855,0.191836754634152,1.07602403004695
-1,-0.5,-0.2,0.25,0.7,0.3,-1.07307778863907,-0.295183922783329,0.175868583775043,-0.334505097912047,0.458529794855532,-1.03951749304184,NA,NA,NA,NA,NA,NA,0.190124679820666,0.182113003034495,0.129455458568693,0.344598886800636,0.187678422621016,1.34453775117619
-1,-0.5,-0.2,0.25,0.7,0.3,-0.807728169514491,-0.438271092619545,-0.190422281570537,-0.207307571192305,0.403744276544658,-0.523157196795157,NA,NA,NA,NA,NA,NA,0.187490058313833,0.182804294547331,0.13644970824077,0.345268187205066,0.233851403178532,0.925380196559699
-1,-0.5,-0.2,0.25,0.7,0.3,-1.07882624175164,-0.733887941444799,-0.206063851095624,0.0911538060744839,0.719259908977626,0.0062462131751681,NA,NA,NA,NA,NA,NA,0.187360060400542,0.215938751781446,0.170039165295555,0.49055340923591,0.377964280845637,0.534878764643894
-1,-0.5,-0.2,0.25,0.7,0.3,-0.935675179367981,-0.193435271209502,-0.159646649709168,1.4541957938707,1.73945212798636,0.333470392960835,NA,NA,NA,NA,NA,NA,0.136347981399181,0.155860797981066,0.147719890577803,0.411260344723919,0.393630587887065,0.133185077940349
-1,-0.5,-0.2,0.25,0.7,0.3,-1.13500094150422,-0.566244968692953,-0.339014471847805,0.15534180477908,0.528416727985012,0.630306740449074,NA,NA,NA,NA,NA,NA,0.204127853516675,0.206819362609355,0.19471512989627,0.384249288342589,0.29622127318794,0.46598751181556
-1,-0.5,-0.2,0.25,0.7,0.3,-0.978669632161431,-0.532529042895687,0.00564158743214669,-0.156219594898935,0.533644680539433,0.0813707251804999,NA,NA,NA,NA,NA,NA,0.205488392848053,0.210295711371207,0.186361505120845,0.302371916565396,0.231314657147676,0.562866022764981
-1,-0.5,-0.2,0.25,0.7,0.3,-0.708052971082587,-0.224087238522028,-0.309007945268111,-0.721672637475795,-0.0671268815788936,-3.23442372026927,NA,NA,NA,NA,NA,NA,0.236306660168093,0.23775742833045,0.1801324972499,0.339239786314324,0.115686525523781,4.76971509004228
-1,-0.5,-0.2,0.25,0.7,0.3,-1.24222213996632,-0.482702213404977,-0.358699375711758,0.0747378835593673,0.68207356876131,-0.336493463866697,NA,NA,NA,NA,NA,NA,0.173127427938085,0.174849704414576,0.157669610308546,0.279490242866952,0.233992066511491,0.409112601198857
-1,-0.5,-0.2,0.25,0.7,0.3,-1.27122385184118,-0.636823618256666,-0.312648990362467,-0.184697384081103,0.323986959159884,-0.478811270423164,NA,NA,NA,NA,NA,NA,0.179249192128246,0.180782133191101,0.168778347821948,0.246167615002845,0.159658504890618,0.642573017687866
-1,-0.5,-0.2,0.25,0.7,0.3,-0.783588271350792,-0.394809824259455,-0.36815873721051,0.185989582387599,0.920537507077242,0.393021434440805,NA,NA,NA,NA,NA,NA,0.195838023619975,0.22653649775056,0.185745307626861,0.426849767497929,0.369086772981855,0.337794920620877
-1,-0.5,-0.2,0.25,0.7,0.3,-1.19830389344014,-0.224137852354161,-0.115072869948578,0.569280705930157,0.705810716466808,0.652593538897397,NA,NA,NA,NA,NA,NA,0.17991672100769,0.20323477567913,0.155754410515028,0.433024810209591,0.40860772741488,0.292876012035409
-1,-0.5,-0.2,0.25,0.7,0.3,-1.1776776722704,-0.680727618686228,-0.413427051290568,0.255382453939426,0.605493189185928,-0.301846676303538,NA,NA,NA,NA,NA,NA,0.151082423048542,0.169786108480616,0.120806000796867,0.275066970996172,0.219193617807211,0.385799956679735
-1,-0.5,-0.2,0.25,0.7,0.3,-0.718295481598489,-0.278265508277826,-0.153289541396474,0.734762781398506,0.881380343859961,0.907410327566016,NA,NA,NA,NA,NA,NA,0.208503697097075,0.194447589654325,0.170553326589527,1.1001486640699,0.823154495036437,0.539910478368288
-1,-0.5,-0.2,0.25,0.7,0.3,-1.04996544601389,-0.473514254515146,0.0751720065400119,0.571123675115003,0.918615165517811,0.495433062105836,NA,NA,NA,NA,NA,NA,0.185615334903109,0.197767708341054,0.191721195561419,0.427421886191452,0.345327220761385,0.287661871400125
-1,-0.5,-0.2,0.25,0.7,0.3,-1.25733283201092,-0.429735078033248,-0.129617363279989,0.121284866568509,0.393625864505137,0.0998708764878572,NA,NA,NA,NA,NA,NA,0.176775024825064,0.17176391572019,0.134880496147547,0.341225463259531,0.245430216237243,0.48641546297331
-1,-0.5,-0.2,0.25,0.7,0.3,-0.926408317645463,-0.553191057259538,-0.274529999406143,0.0979548732118294,0.397611139177855,0.129870598932728,NA,NA,NA,NA,NA,NA,0.165640972571754,0.175561921301783,0.139566081812933,0.308467606097005,0.24927688470625,0.488116017308919
-1,-0.5,-0.2,0.25,0.7,0.3,-1.06249808224639,-0.380043894853644,-0.216715169787092,0.956258729094024,1.36832668362827,0.463336347245186,NA,NA,NA,NA,NA,NA,0.17126349691433,0.213466311496785,0.150042726602808,0.551840087655675,0.587559072444806,0.229052676247662
-1,-0.5,-0.2,0.25,0.7,0.3,-1.14848085705795,-0.505075974750264,-0.249509282473592,0.510408147848745,0.973036771218983,0.41116257810454,NA,NA,NA,NA,NA,NA,0.170416616083112,0.20774513358832,0.14255469921685,0.338830216662582,0.291352451261379,0.23830779392946
-1,-0.5,-0.2,0.25,0.7,0.3,-1.03680142104011,-0.299448891320657,-0.277928175202843,0.497694559408058,0.513815074377665,0.243054436054606,NA,NA,NA,NA,NA,NA,0.146718794794495,0.140326721256496,0.149540693345874,0.309231327246424,0.261104904631787,0.296818186812812
-1,-0.5,-0.2,0.25,0.7,0.3,-1.0263553761285,-0.890270973338616,-0.127171981403295,0.401757308550122,0.883221798549496,0.147911576148824,NA,NA,NA,NA,NA,NA,0.173800933933564,0.209763499815029,0.197228175094689,0.476120271320577,0.394827160490006,0.332908603470529
-1,-0.5,-0.2,0.25,0.7,0.3,-1.04069150991862,-0.838194413916179,0.186045292411074,1.23705458707045,1.5902044332047,0.539774711051945,NA,NA,NA,NA,NA,NA,0.173118301983279,0.222139944606756,0.198322718181068,0.838289504261509,0.746614664927079,0.25123722044154
-1,-0.5,-0.2,0.25,0.7,0.3,-1.16428400522096,-0.570992413966811,-0.0702098091518855,0.106003779650935,0.666030197270012,0.0931797797676483,NA,NA,NA,NA,NA,NA,0.188075371735529,0.190071526567699,0.184269996223282,0.291052051786994,0.275535795793826,0.378780994938774
-1,-0.5,-0.2,0.25,0.7,0.3,-1.24779863337163,-0.318202286285678,-0.205835577373646,-0.444527447115156,0.296703203389054,-1.64474262338953,NA,NA,NA,NA,NA,NA,0.200453617365708,0.188227614909217,0.155144947813311,0.323086031749185,0.147369515009058,1.90496807378559
-1,-0.5,-0.2,0.25,0.7,0.3,-1.01660849723214,-0.611910245065039,-0.136471662860216,-0.304273530826168,0.237844385751173,-1.06659155886485,NA,NA,NA,NA,NA,NA,0.182983053470881,0.178557134753233,0.151451935437198,0.284713747212497,0.145727875023264,1.22652709207605
-1,-0.5,-0.2,0.25,0.7,0.3,-0.99699776956725,-0.544317993230541,0.0189870646857353,-0.171043789707665,0.609944438555413,-0.139081333244509,NA,NA,NA,NA,NA,NA,0.212319712660124,0.223126604631852,0.180573997087713,0.282599704305234,0.220088500682421,0.531802559759278
-1,-0.5,-0.2,0.25,0.7,0.3,-1.30985845658011,-0.80213998780812,-0.0420074311458863,0.0304587228226845,0.613562765621311,-0.269241075715545,NA,NA,NA,NA,NA,NA,0.174946519154134,0.20559426044246,0.172581894919405,0.274240983698141,0.21828333494085,0.379595310537622
-1,-0.5,-0.2,0.25,0.7,0.3,-1.03784503154199,-0.43148596065319,-0.388146411272149,0.408840391301453,0.804911018955946,0.507888190407039,NA,NA,NA,NA,NA,NA,0.186189262753752,0.179440303477128,0.159287793834382,0.464380345781882,0.439685772661746,0.325855527239695
-1,-0.5,-0.2,0.25,0.7,0.3,-0.710981023016384,-0.649432532128793,-0.346532470739625,0.283020139748366,0.511171974264553,0.0846862381063516,NA,NA,NA,NA,NA,NA,0.147494259076935,0.164368902017598,0.135883058990932,0.302578416456725,0.212318776192105,0.395897972444066
-1,-0.5,-0.2,0.25,0.7,0.3,-1.03551895010674,-0.433607656874934,-0.0683806743939687,-0.503209907804896,0.211837499180374,-0.831282719660407,NA,NA,NA,NA,NA,NA,0.218100782978434,0.20443115702208,0.202493469140507,0.360677492753871,0.20111070608282,1.70224263053275
-1,-0.5,-0.2,0.25,0.7,0.3,-0.974649068951928,-0.303965306336982,0.0422052093827855,0.455637586011896,0.617954905994164,0.260562674333202,NA,NA,NA,NA,NA,NA,0.163724803768161,0.159323013399427,0.13146938453205,0.583010210502471,0.420467264035332,0.442794795517555
-1,-0.5,-0.2,0.25,0.7,0.3,-1.02823081416015,-0.447758580804201,-0.334837890023382,0.487374208302985,0.910023982371242,0.213882095457221,NA,NA,NA,NA,NA,NA,0.167198822286538,0.188873752070201,0.144104452269638,0.299716105363577,0.283167732929903,0.290472929187069
-1,-0.5,-0.2,0.25,0.7,0.3,-0.664126375557797,-0.790013691325513,-0.17886532886954,0.149207286324167,0.537922794048234,0.544852295794816,NA,NA,NA,NA,NA,NA,0.187822030696029,0.21322275383861,0.14123509758052,0.397265015253047,0.332526827774341,0.433102400048498
-1,-0.5,-0.2,0.25,0.7,0.3,-1.01132738286312,-0.51395050466109,-0.187919367836293,-0.451119125109341,0.37531397321083,-0.305678168994322,NA,NA,NA,NA,NA,NA,0.240214780149377,0.247094495648247,0.212419246034874,0.407618585176133,0.22792281061245,1.3412763944082
-1,-0.5,-0.2,0.25,0.7,0.3,-0.512213183483729,-0.585340516207126,-0.371854103640512,-0.0427078962239094,1.09043976224172,0.0862630655556975,NA,NA,NA,NA,NA,NA,0.214044146874618,0.223992702554695,0.133654921499946,0.224012263518585,0.233630853748362,0.292466350117688
-1,-0.5,-0.2,0.25,0.7,0.3,-0.980706523784437,-0.304451308504082,-0.133343213827721,-0.092598727791745,0.565576675032651,-0.214062616708595,NA,NA,NA,NA,NA,NA,0.1827543285673,0.18535778081729,0.142574599936043,0.319433490613882,0.267715744841475,0.579673556898844
-1,-0.5,-0.2,0.25,0.7,0.3,-0.991601506771455,-0.160546777519359,-0.19897110542597,0.660707447675166,1.26709050560392,0.405069758802475,NA,NA,NA,NA,NA,NA,0.172344518237633,0.18979918189864,0.170042527264427,0.335647596468631,0.339927929031627,0.194389204781245
-1,-0.5,-0.2,0.25,0.7,0.3,-0.96363793482949,-0.642615700187932,0.0415740713245259,-0.123827071548712,0.548992611509895,-0.11980322789923,NA,NA,NA,NA,NA,NA,0.199520086007138,0.214370324951015,0.152702482683194,0.316197275260363,0.229135895344899,0.498499527818402
-1,-0.5,-0.2,0.25,0.7,0.3,-0.885914558009111,-0.462458475048635,-0.232541352711772,0.0495876910177364,0.367294963323988,-0.274233223085791,NA,NA,NA,NA,NA,NA,0.149772168930828,0.151055282792962,0.108801711867696,0.260888978425445,0.18839933625125,0.51088205719844
-1,-0.5,-0.2,0.25,0.7,0.3,-0.885222241276854,-0.8840855345269,-0.447275699217769,0.511431304998858,1.00046831269466,0.484268024338772,NA,NA,NA,NA,NA,NA,0.180295754801015,0.226103643352767,0.171738318986607,0.501448302559348,0.516704679477986,0.263805144685235
-1,-0.5,-0.2,0.25,0.7,0.3,-0.950088385215686,-0.653541737031803,0.00706430763930473,0.427043449828326,1.05596107697973,-0.139945636846215,NA,NA,NA,NA,NA,NA,0.159915275868932,0.202381300456804,0.154514151127843,0.239647835026729,0.215024623808424,0.184726344249349
-1,-0.5,-0.2,0.25,0.7,0.3,-1.11125060254815,-0.626181713587061,-0.0640376904718222,0.0450201797191523,0.17581238062214,-0.0104755324626989,NA,NA,NA,NA,NA,NA,0.178387227899955,0.169668992677732,0.17777634778299,0.55466992606523,0.324213052714606,0.928733809722998
-1,-0.5,-0.2,0.25,0.7,0.3,-0.924269254317717,-0.506452811130752,-0.0862983878297117,0.313620708644492,0.68287250019996,0.0451437965802317,NA,NA,NA,NA,NA,NA,0.157059718194741,0.173091512697384,0.167409597126076,0.391336127839421,0.388305216026307,0.334248002785723
-1,-0.5,-0.2,0.25,0.7,0.3,-0.867436035949431,-0.647814213755732,-0.0523100961261789,0.495554077515425,0.835959552035465,0.36323165480814,NA,NA,NA,NA,NA,NA,0.166200570890862,0.200408193217581,0.144510092498534,0.367724766240782,0.308639334377782,0.279743081945309
-1,-0.5,-0.2,0.25,0.7,0.3,-1.11118681031335,-0.588447401227096,-0.109433110268383,-0.510327652867286,0.214888286723484,-3.85044245028136,NA,NA,NA,NA,NA,NA,0.176643119054073,0.16981999286018,0.135682954054475,0.251248184413696,0.119225566723949,3.97097780440175
-1,-0.5,-0.2,0.25,0.7,0.3,-0.906259987593881,-0.51840480341016,-0.293977879933374,0.396250261930839,1.03678760145083,-0.00904265533144037,NA,NA,NA,NA,NA,NA,0.163876647183274,0.188641276222815,0.139936370687275,0.540730723643884,0.463000329669355,0.324844731708246
-1,-0.5,-0.2,0.25,0.7,0.3,-1.26664469301443,-0.562270281701657,-0.313971673591352,0.0269899001106327,0.236669582079655,-0.0800823059136633,NA,NA,NA,NA,NA,NA,0.17248052168335,0.156813202552596,0.184315470429938,0.280250938862404,0.218099315172592,0.525785078807356
-1,-0.5,-0.2,0.25,0.7,0.3,-1.14734421889798,-0.50623913740375,-0.128652142809003,-0.157609486974858,0.233047896727795,0.100157406155345,NA,NA,NA,NA,NA,NA,0.215015379242421,0.194134308456808,0.158600008010257,0.623997179937,0.310410022591145,1.3137546387985
-1,-0.5,-0.2,0.25,0.7,0.3,-0.832818284204188,-0.870505263663799,-0.0220017854178069,0.755951752395045,1.27191461191816,0.588190446881374,NA,NA,NA,NA,NA,NA,0.193755804293687,0.248885282967183,0.158296133011135,1.75491487215518,1.20981629940142,0.650595509309754
-1,-0.5,-0.2,0.25,0.7,0.3,-0.998491055449793,-0.673999500163963,-0.244610239849988,1.05797512976349,1.23688027084069,0.497302976906014,NA,NA,NA,NA,NA,NA,0.158673895500013,0.185889970090334,0.150526100492148,0.579391666865257,0.516174910801623,0.22584298506312
-1,-0.5,-0.2,0.25,0.7,0.3,-0.980433958150103,-0.750737689787878,0.0535668024061724,0.223724939905636,0.893345592965492,0.0478485223910878,NA,NA,NA,NA,NA,NA,0.181725804454191,0.217295261489837,0.183446088317462,0.328135953672974,0.228001762729692,0.364370105124197
-1,-0.5,-0.2,0.25,0.7,0.3,-1.13280478090519,-0.350349052684332,-0.174981542387781,0.243140471498379,0.621984823329473,0.159633838911816,NA,NA,NA,NA,NA,NA,0.174336074804654,0.179955876370374,0.129263935495668,0.400263821921095,0.345723868464796,0.356116676831308
-1,-0.5,-0.2,0.25,0.7,0.3,-1.00720237052176,-0.298927973179101,-0.706074073637835,-0.206973720744826,0.250624785338472,-0.00726267845431217,NA,NA,NA,NA,NA,NA,0.204876678982908,0.208488555201797,0.195150793480026,0.310997743176165,0.228270753239037,0.712187296881498
-1,-0.5,-0.2,0.25,0.7,0.3,-0.96747716344157,-0.440818765693137,-0.113197135444439,0.464234429171132,1.0462963675075,-0.0054659981115602,NA,NA,NA,NA,NA,NA,0.161841102092806,0.180144614104257,0.12808324881789,0.286788606493974,0.276461785428565,0.216156123106839
-1,-0.5,-0.2,0.25,0.7,0.3,-1.06400033436854,-0.587946831584332,-0.389065729387604,-0.0939421648732117,0.363599107754134,-0.00504790438780006,NA,NA,NA,NA,NA,NA,0.18494106745299,0.188085278086171,0.192881177238481,0.326271301894669,0.201909873982327,0.641678868157021
-1,-0.5,-0.2,0.25,0.7,0.3,-1.03845933798932,-0.410622453949867,-0.0603652443913572,0.714009194333012,1.0215097323717,0.701594892899947,NA,NA,NA,NA,NA,NA,0.183965678923097,0.205239734364738,0.181924984989081,0.504669355393414,0.434737589710045,0.279177517916659
-1,-0.5,-0.2,0.25,0.7,0.3,-0.947770050952179,-0.484751191482556,-0.222928498096567,0.26688783426259,0.952134217210387,0.044506472474076,NA,NA,NA,NA,NA,NA,0.171452560548968,0.192415029455224,0.143865534046597,0.238951883962449,0.222721114545643,0.224621953126402
-1,-0.5,-0.2,0.25,0.7,0.3,-0.851361728598145,-0.779298503124078,-0.217347616889709,-0.195805422862295,0.595954705256695,-0.324838020752423,NA,NA,NA,NA,NA,NA,0.218657987124113,0.216752946084216,0.143162098227346,0.231306868331482,0.19701314640391,0.505734938049031
-1,-0.5,-0.2,0.25,0.7,0.3,-1.21794230489692,-0.616076361311902,-0.122977199844742,0.65925072200724,0.835534060648956,0.00543894033946721,NA,NA,NA,NA,NA,NA,0.140777906979042,0.173420789829709,0.128317717376323,0.373968817830398,0.310787178779945,0.209219770232672
-1,-0.5,-0.2,0.25,0.7,0.3,-1.08360289312202,-0.349202045125344,-0.143990042277996,0.626131017143223,0.409092575035461,0.995462132836694,NA,NA,NA,NA,NA,NA,0.204757115609161,0.196903918947951,0.189056430000834,1.17080900782536,0.731289241314639,0.485952301991428
-1,-0.5,-0.2,0.25,0.7,0.3,-0.756725967236091,-0.487642298253723,-0.235607802204753,-0.238644596972031,0.40333492527157,-0.222490474213845,NA,NA,NA,NA,NA,NA,0.201613774304672,0.205348191759171,0.155213166318177,0.402718508633626,0.224436499171843,1.01955878701116
-1,-0.5,-0.2,0.25,0.7,0.3,-1.05437149462006,-0.313003233573207,-0.280328627749162,0.0195981178607478,0.196196787324822,-0.483426033592556,NA,NA,NA,NA,NA,NA,0.144834182553406,0.141367632415151,0.138861181459567,0.285299537523782,0.181465521515022,0.673659903106161
-1,-0.5,-0.2,0.25,0.7,0.3,-0.859666279409244,-0.166616205184079,-0.540986561971292,0.0893346209777062,0.657370102109346,0.317025629007786,NA,NA,NA,NA,NA,NA,0.202179893460783,0.19222757603059,0.203383782962795,0.349239607357491,0.303967917267684,0.422629996255268
-1,-0.5,-0.2,0.25,0.7,0.3,-0.912842333038853,-0.183221400104731,-0.212502030120892,0.536227474084791,0.814085251643153,0.783932770566969,NA,NA,NA,NA,NA,NA,0.18861312215351,0.182511679226144,0.166136205458601,0.547268645490414,0.439149264947068,0.378321788152103
-1,-0.5,-0.2,0.25,0.7,0.3,-1.05203500714123,-0.355032952389875,-0.32970375967034,0.375817049341069,0.683663417335473,0.111319880776837,NA,NA,NA,NA,NA,NA,0.157068393208031,0.181939149040723,0.17370365487553,0.480073098202123,0.320608884414042,0.428295586113273
-1,-0.5,-0.2,0.25,0.7,0.3,-0.923413993382993,-0.213481423190648,0.0703463702368557,0.331379563712894,0.645393250891063,0.113381135786689,NA,NA,NA,NA,NA,NA,0.156356580813011,0.156897328598043,0.130495960681578,0.341299726983149,0.290213781996744,0.359065133205479
-1,-0.5,-0.2,0.25,0.7,0.3,-1.23505054762134,-0.352194645260768,-0.0513789013926638,-0.234434936835965,0.267320732658772,-0.908905177396299,NA,NA,NA,NA,NA,NA,0.185110511919757,0.174402772946158,0.151162999480024,0.41337951419363,0.191672843327981,1.494839849711
-1,-0.5,-0.2,0.25,0.7,0.3,-0.543457443377364,-0.147497293132737,-0.0724694086321274,1.70128922864137,1.66076063255525,0.925508732702494,NA,NA,NA,NA,NA,NA,0.167013359446806,0.186368709318406,0.153490612647069,1.17496943852326,0.896201564061554,0.267279590532714
-1,-0.5,-0.2,0.25,0.7,0.3,-0.923397059873706,-0.550312080203412,-0.290362042621136,0.173471845055331,0.507047748060937,0.0167778893843496,NA,NA,NA,NA,NA,NA,0.158612233795283,0.168202071318842,0.159463352707623,0.33552385885362,0.249774382984131,0.47013042367545
-1,-0.5,-0.2,0.25,0.7,0.3,-0.799077812465603,-0.767979829171465,-0.058427942553648,0.247758709488771,0.715832270733033,0.454980025035793,NA,NA,NA,NA,NA,NA,0.177694772813776,0.215780639976902,0.171823741089144,0.392824145155767,0.378858066496969,0.371744250111974
-1,-0.5,-0.2,0.25,0.7,0.3,-1.14417800650274,-0.460550181401646,-0.260561003606914,-0.198964815540259,0.588866402937004,-0.474947932983454,NA,NA,NA,NA,NA,NA,0.203048589412455,0.20195830030222,0.13136096480973,0.291409039587969,0.224425981954109,0.616043748961564
-1,-0.5,-0.2,0.25,0.7,0.3,-0.90047966821271,-0.439362066835297,-0.148804859804442,1.77587822869403,1.31066014301815,1.00932273115241,NA,NA,NA,NA,NA,NA,0.180104795903202,0.173916453204901,0.14722252271304,1.22549494704737,0.9356093121956,0.38530672374178
-1,-0.5,-0.2,0.25,0.7,0.3,-1.18771268194346,-0.769919442017557,-0.319366914514332,-0.485228688378478,0.261015538979594,-3.40531707505136,NA,NA,NA,NA,NA,NA,0.167139371256178,0.164640394678364,0.12656372951143,0.196010304606595,0.0859548184732205,2.37795485719867
-1,-0.5,-0.2,0.25,0.7,0.3,-0.798559878042444,-0.642585278788352,-0.181586465858757,1.67131272924,1.81087649801336,0.830467062669579,NA,NA,NA,NA,NA,NA,0.165821505849477,0.206635632340869,0.180578070345029,0.769966719082355,0.584235385580357,0.199587197679617
-1,-0.5,-0.2,0.25,0.7,0.3,-1.25219960600844,-0.529268366373323,-0.397731825824637,-0.598000729059062,0.131142231976627,-7.58561713327568,NA,NA,NA,NA,NA,NA,0.166365444856987,0.182793040575376,0.1441052028585,0.12928684428118,0.0926713550495866,7.40483745827734
-1,-0.5,-0.2,0.25,0.7,0.3,-0.834319121902631,-0.705965249495677,-0.260760009732348,0.0986377742189949,0.465953077673498,0.605513008028106,NA,NA,NA,NA,NA,NA,0.202918468128709,0.215558963764078,0.153049400795935,0.892355241136665,0.641522665152416,0.769049275771335
-1,-0.5,-0.2,0.25,0.7,0.3,-1.11686705331941,-0.36631833067151,0.142270033875381,0.560760606047673,1.02284507474296,0.168319425022372,NA,NA,NA,NA,NA,NA,0.157898810156793,0.191556549743253,0.159166638254842,0.518953449963068,0.489714366997668,0.206978601934087
-1,-0.5,-0.2,0.25,0.7,0.3,-0.998866886198558,-0.0947269840983511,-0.443365067172409,0.189508819542481,0.32816519501888,0.000890881545743567,NA,NA,NA,NA,NA,NA,0.157634408268782,0.165081084836553,0.149386445152717,0.375309337450462,0.221599200012337,0.571119305937392
-1,-0.5,-0.2,0.25,0.7,0.3,-1.43073018720672,-0.139544602150228,-0.368562237048159,0.697719139593109,0.8695432588702,-0.121391883503058,NA,NA,NA,NA,NA,NA,0.139378592236116,0.150135455616544,0.125101136353342,0.27551260502086,0.257533355001989,0.198332241927868
-1,-0.5,-0.2,0.25,0.7,0.3,-0.660148121313956,-0.957664515934148,-0.272872821354891,0.943980045363735,1.62720708496851,0.426299506972869,NA,NA,NA,NA,NA,NA,0.166944953914326,0.232395645348703,0.169827362593372,0.446715541541196,0.39161506539617,0.250236263463525
-1,-0.5,-0.2,0.25,0.7,0.3,-0.827587066744636,-0.915159658380109,-0.287889142817446,-0.164309804536809,0.479623855066968,0.168677761832752,NA,NA,NA,NA,NA,NA,0.208353927555847,0.242053606596765,0.196328526250206,0.407197253970831,0.342102034364501,0.611562781110637
-1,-0.5,-0.2,0.25,0.7,0.3,-1.07386214567372,-0.706299180796087,-0.431175254435027,-0.465218940654401,0.0852854095860388,-0.324674544748529,NA,NA,NA,NA,NA,NA,0.227489924543306,0.224586146962451,0.193472734570415,0.482604757238037,0.170438234131418,1.93486353704003
-1,-0.5,-0.2,0.25,0.7,0.3,-0.812637237715054,-0.630094350645553,-0.354992335764296,1.0552980640661,1.13564395075683,0.271483643322141,NA,NA,NA,NA,NA,NA,0.136108632918658,0.163294073362986,0.0926560439564669,0.35236186828344,0.316500068730598,0.194236644731068
-1,-0.5,-0.2,0.25,0.7,0.3,-0.682749339058133,-0.703760840969076,-0.0306333692219991,0.27750068619869,0.662081911133233,0.618995099930862,NA,NA,NA,NA,NA,NA,0.181258614649354,0.20381329516416,0.147275688903488,0.304090869936921,0.351936022556971,0.336937132750064
-1,-0.5,-0.2,0.25,0.7,0.3,-1.00861906528732,-0.510457320140341,-0.103810215060801,1.42655453293935,1.27183327009792,0.557541212237394,NA,NA,NA,NA,NA,NA,0.146984749794459,0.179146197095939,0.172810855990995,0.596217101122126,0.469115593863513,0.122568926544054
-1,-0.5,-0.2,0.25,0.7,0.3,-1.17620292754489,-0.71857658788263,-0.293232549446921,0.650992082412195,0.992115325166976,0.332184799870506,NA,NA,NA,NA,NA,NA,0.168154026881147,0.205378721542885,0.188565727040135,0.329155807332885,0.329424800507854,0.246146632521766
-1,-0.5,-0.2,0.25,0.7,0.3,-1.26186061774998,-0.253413731403797,-0.331274014162662,0.259318164219278,0.769733926505003,-0.0598099395725062,NA,NA,NA,NA,NA,NA,0.169575973139644,0.192669265718247,0.142133082036536,0.328188193133782,0.27031172596709,0.274309391671653
-1,-0.5,-0.2,0.25,0.7,0.3,-0.931712756704341,-0.101385063528116,-0.212179829099341,0.995082719040914,1.29470772771152,0.422562865236087,NA,NA,NA,NA,NA,NA,0.154297863834699,0.16238701950598,0.13206544484302,0.489922431989233,0.42479302114816,0.237380855319431
-1,-0.5,-0.2,0.25,0.7,0.3,-0.803997210272456,-0.591895389782893,-0.080330476966631,0.319719763255838,1.15831180267413,0.374340134253935,NA,NA,NA,NA,NA,NA,0.204360541952318,0.230063425349146,0.140105610716075,0.526918508210424,0.418536161841211,0.317800449698717
-1,-0.5,-0.2,0.25,0.7,0.3,-0.956867790600462,-0.518423808493171,-0.297565665842984,0.337618431388821,0.905527648014709,0.0351058514402159,NA,NA,NA,NA,NA,NA,0.167337675069856,0.196022333142916,0.1338805686336,0.379748853819838,0.33240051545573,0.396214799166571
-1,-0.5,-0.2,0.25,0.7,0.3,-0.850860091427175,-0.356079071950169,-0.215227148498507,-0.575126150006563,0.445391191637498,-1.3269927368455,NA,NA,NA,NA,NA,NA,0.242595918295612,0.217096921564181,0.162258104543716,0.293752184675469,0.176591347362727,1.72341522362922
-1,-0.5,-0.2,0.25,0.7,0.3,-1.07426658275254,-0.461355277664096,-0.0407119270025019,0.718372247898466,1.09820352656645,0.270167596663016,NA,NA,NA,NA,NA,NA,0.161938589826136,0.187113956860775,0.135696316386211,0.498601829364943,0.426504085593549,0.267529570611006
-1,-0.5,-0.2,0.25,0.7,0.3,-1.0973135272204,-0.537848291296824,0.0542067131687778,-0.341775787124983,-0.0622355988625364,-0.605209457448316,NA,NA,NA,NA,NA,NA,0.208346194623473,0.184211995583039,0.157952453805054,0.566475132630871,0.180484325680422,2.27146237702628
-1,-0.5,-0.2,0.25,0.7,0.3,-0.862704943180777,-0.521750082959911,-0.0621473725766646,-0.0638005444461269,0.55214613658841,-0.3238764203349,NA,NA,NA,NA,NA,NA,0.182959091025025,0.185556256745873,0.158070339326558,0.29622194989503,0.22763154514834,0.585320020421355
-1,-0.5,-0.2,0.25,0.7,0.3,-1.08559546039852,-0.669876989044915,-0.465139957727569,-0.187787971912215,0.15649044093688,-1.13781291863978,NA,NA,NA,NA,NA,NA,0.152392090530855,0.152813746462686,0.158510692645043,0.310036001352176,0.134895899495172,1.26996763115929
-1,-0.5,-0.2,0.25,0.7,0.3,-1.36714592034488,-0.279342104988242,-0.270860058056729,0.667114081858821,1.02919046422608,-0.0147866568542063,NA,NA,NA,NA,NA,NA,0.150308375425944,0.182476574244071,0.12764491071435,0.345879274100463,0.302028377026877,0.192515313232336
-1,-0.5,-0.2,0.25,0.7,0.3,-0.880081479942442,-0.677620762556585,-0.190253706811158,0.19471437517543,0.817729184702188,-0.122877675512944,NA,NA,NA,NA,NA,NA,0.166119911258754,0.178938122690178,0.13348281012241,0.325990585188198,0.280902405986745,0.355533147314806
-1,-0.5,-0.2,0.25,0.7,0.3,-0.770672490867563,-0.780574299399308,-0.304801726858531,0.189930297728648,0.936484565339313,0.170142376241448,NA,NA,NA,NA,NA,NA,0.185576429681594,0.221251013003083,0.141586769062363,0.341506340687181,0.295444647485852,0.322358226736729
-1,-0.5,-0.2,0.25,0.7,0.3,-0.601948798050657,-0.928805862004814,0.00271127941258616,-0.0583739924997473,0.856985459960128,0.32819905126987,NA,NA,NA,NA,NA,NA,0.239929092090542,0.259396862241036,0.16333078742679,0.311583051336253,0.305144056269591,0.386362473778015
-1,-0.5,-0.2,0.25,0.7,0.3,-0.914566952722401,-0.677309358093808,-0.147001715065826,-0.0754620545621402,0.435107493504362,-0.0691182674364344,NA,NA,NA,NA,NA,NA,0.201150839500334,0.196682537502982,0.193318354298649,0.381541423059381,0.269480504537702,0.737507350208614
-1,-0.5,-0.2,0.25,0.7,0.3,-0.958596237048293,-0.526351691567972,-0.164053848247955,0.220528164757062,0.52994681062091,0.114185470627467,NA,NA,NA,NA,NA,NA,0.162169970399182,0.169847338874587,0.132640300704528,0.34672738454926,0.280155148524259,0.405557230886499
-1,-0.5,-0.2,0.25,0.7,0.3,-1.17931594341077,-0.280824901739182,-0.550555832892498,-0.000745629150865906,0.712283741490218,0.205601780876611,NA,NA,NA,NA,NA,NA,0.211488652237572,0.214050003255215,0.196269557417075,0.30829829240545,0.256870038476343,0.403489711012756
-1,-0.5,-0.2,0.25,0.7,0.3,-1.08717514162068,-0.386517595786713,-0.329399471537128,0.144305403548388,0.353702957665746,-0.220233622268298,NA,NA,NA,NA,NA,NA,0.154841668634142,0.143224269011947,0.134880711309436,0.310012977077627,0.207394436251481,0.570482969425676
-1,-0.5,-0.2,0.25,0.7,0.3,-1.29147622592522,-0.586029220081954,-0.0398216529484416,-0.24163238016195,0.473646843966748,-1.22781226587097,NA,NA,NA,NA,NA,NA,0.181390865325053,0.169094808632108,0.146627973136833,0.21445216141386,0.165246061913988,0.719589313621081
-1,-0.5,-0.2,0.25,0.7,0.3,-0.815976000775514,-0.381291534754207,-0.199149598722974,-0.300240269899711,0.369643022374904,-0.486358597650233,NA,NA,NA,NA,NA,NA,0.200031586282756,0.202804091216948,0.178659461125374,0.31753750699103,0.192801571488416,0.972382902081326
-1,-0.5,-0.2,0.25,0.7,0.3,-1.15622952785418,-0.618632168389936,-0.221601642459354,-0.350996892339976,0.158893393717813,-0.568037967638595,NA,NA,NA,NA,NA,NA,0.210970318297774,0.202771650035126,0.16383231071494,0.327873302040742,0.223636965565773,1.11540690351594
-1,-0.5,-0.2,0.25,0.7,0.3,-0.918103204308552,-0.482610143886011,0.0625271985197192,0.500100292197796,0.90046801260545,0.525473086899143,NA,NA,NA,NA,NA,NA,0.177237447391115,0.201366060802847,0.175055101055505,0.430341799068184,0.449604540532599,0.251047281526592
-1,-0.5,-0.2,0.25,0.7,0.3,-1.063850999703,-0.79642567956693,-0.217769648597234,0.501220613857897,1.26524938484167,-0.102099699124559,NA,NA,NA,NA,NA,NA,0.159122185126679,0.220402828561715,0.125940322764274,0.311987572461358,0.348636720733342,0.237161840949843
-1,-0.5,-0.2,0.25,0.7,0.3,-1.279231515095,-0.50830686797702,-0.100960538613656,0.143280696841992,0.371031927317888,-0.00795606866675226,NA,NA,NA,NA,NA,NA,0.16194549322955,0.178643842820302,0.1753802970292,0.349509821332455,0.245898583224809,0.483117104105578
-1,-0.5,-0.2,0.25,0.7,0.3,-1.10895061970839,-0.38271354761316,-0.27512672572864,0.576106727463447,1.23710095803567,0.165766048745875,NA,NA,NA,NA,NA,NA,0.163443853457357,0.183305182597367,0.150029627335637,0.50753983826014,0.429333229051979,0.249862577701256
-1,-0.5,-0.2,0.25,0.7,0.3,-0.985529992878752,-0.227562352123521,-0.371456130364364,-0.0343951429932932,0.760841509110781,0.0873177626726255,NA,NA,NA,NA,NA,NA,0.207115806547227,0.217764381072394,0.159229574432736,0.319620693747762,0.289605723395879,0.446338569061554
-1,-0.5,-0.2,0.25,0.7,0.3,-0.802652158207129,-0.249212735745789,-0.34855812688658,0.662300202621101,0.570622132901136,0.695625487201947,NA,NA,NA,NA,NA,NA,0.153563157105939,0.143262858631517,0.131228519089623,0.556989853441618,0.391958619818395,0.318629587220825
-1,-0.5,-0.2,0.25,0.7,0.3,-0.879001676993921,-0.64952300527071,-0.0618183984165413,0.370900216335042,1.11760346296758,0.525704305728516,NA,NA,NA,NA,NA,NA,0.198749511898196,0.250362933450492,0.166756694909499,0.398961638531118,0.307898986493094,0.282052777262202
-1,-0.5,-0.2,0.25,0.7,0.3,-1.24405247009484,-0.464465802874317,-0.184401782256089,0.0847205009500345,0.518381405801393,-0.0622800304453664,NA,NA,NA,NA,NA,NA,0.168679502552261,0.180929209079318,0.136108357473591,0.282162413322364,0.2276566654649,0.450343719633581
-1,-0.5,-0.2,0.25,0.7,0.3,-0.918590932908397,-0.73902831680244,-0.164088829454551,0.121621547034931,0.920505160977113,-0.153539237354854,NA,NA,NA,NA,NA,NA,0.182832374557443,0.206287129036135,0.135641728537928,0.303920792799352,0.318077616794487,0.286791265003356
-1,-0.5,-0.2,0.25,0.7,0.3,-1.01478921735234,-0.674749983938756,-0.0733623518288703,0.423385760964882,0.990245767754216,-0.0383139879343688,NA,NA,NA,NA,NA,NA,0.162846067126729,0.188832805441037,0.151908257249703,0.266706511987551,0.253730452683459,0.267871013770481
-1,-0.5,-0.2,0.25,0.7,0.3,-0.871772381012938,-0.386204461678043,-0.0323667884546092,0.512040645449753,0.758827176568404,-0.0464639612393444,NA,NA,NA,NA,NA,NA,0.140286193296192,0.141038342912015,0.108450159071155,0.361827604993109,0.302936642336929,0.305835970784035
-1,-0.5,-0.2,0.25,0.7,0.3,-1.07825177577581,-0.216904678516539,-0.248017642348923,0.977742336362196,1.05813802649479,0.707957617999593,NA,NA,NA,NA,NA,NA,0.184033255425965,0.193836021062356,0.120683649144548,0.895942990874256,0.72140911594875,0.273833914459516
-1,-0.5,-0.2,0.25,0.7,0.3,-0.7184127852419,-0.822587676243786,-0.0829385464544137,0.53612977102481,1.21074768767848,0.0591401665962759,NA,NA,NA,NA,NA,NA,0.154679208405672,0.196892966288768,0.171909688958354,0.293073534237805,0.268127992629972,0.268536765237344
-1,-0.5,-0.2,0.25,0.7,0.3,-0.744542744203269,-0.777214052948569,-0.106517814834146,0.737429346991873,1.48125606267615,0.255843070128371,NA,NA,NA,NA,NA,NA,0.167625691170827,0.220120606148793,0.165149893710987,0.339417466538375,0.323552714671676,0.238068310852217
-1,-0.5,-0.2,0.25,0.7,0.3,-0.659624710880591,-0.279073104998592,-0.192567799828188,1.15989357539468,1.39830529628251,1.04230836933853,NA,NA,NA,NA,NA,NA,0.178238205165172,0.207598175845032,0.149381503494373,0.814115156335203,0.755077497587608,0.260278804776299
-1,-0.5,-0.2,0.25,0.7,0.3,-0.810832525535171,-0.359969250808176,-0.286963293017398,0.210203785601106,0.710102431760935,0.470157658983413,NA,NA,NA,NA,NA,NA,0.187926156107499,0.199159065873056,0.137388469021885,0.463860188913974,0.373935793640462,0.49089499418661
-1,-0.5,-0.2,0.25,0.7,0.3,-1.36461504542244,-0.487278941028445,-0.350920722153559,0.330030834627456,0.72689376160861,-0.0490019380107219,NA,NA,NA,NA,NA,NA,0.206399701953496,0.187715589737271,0.172541647083638,1.24831827500286,0.977789239259159,0.919168879330093
-1,-0.5,-0.2,0.25,0.7,0.3,-0.608971043014056,-0.491734567656459,-0.203974361395731,0.225080259793329,0.652236643949805,0.682781374746655,NA,NA,NA,NA,NA,NA,0.191778264781543,0.205594928103163,0.157575541776228,0.440341763019821,0.450095340923157,0.434692487197025
-1,-0.5,-0.2,0.25,0.7,0.3,-0.945875439000988,-0.475946266166026,-0.161316007046731,0.0720187648133031,0.458914340727152,0.290311913782709,NA,NA,NA,NA,NA,NA,0.179734743348388,0.181966972076122,0.159948036693643,0.339308022781947,0.237970760019489,0.486649674084037
-1,-0.5,-0.2,0.25,0.7,0.3,-1.04796203581113,-0.234029104473963,-0.366765629546677,0.0968721697363091,0.549253648642032,-0.0225504782389544,NA,NA,NA,NA,NA,NA,0.166519427626482,0.173963883387286,0.136337659793737,0.326466758506858,0.226915853379731,0.456012099710982
-1,-0.5,-0.2,0.25,0.7,0.3,-1.15145182339852,-0.343601128199559,-0.390936307715505,0.275708090889878,0.625327852697252,-0.0302083026384847,NA,NA,NA,NA,NA,NA,0.159011037455015,0.169341043774937,0.141665437027133,0.47310204621312,0.340694489487595,0.541704804184397
-1,-0.5,-0.2,0.25,0.7,0.3,-0.873072872033002,-0.631834840315341,0.0480548014800989,0.573396064059518,1.22871218892817,0.163929537165676,NA,NA,NA,NA,NA,NA,0.165662298653536,0.205084746143023,0.165214723053795,0.30514013605473,0.27595554636278,0.192760752011387
-1,-0.5,-0.2,0.25,0.7,0.3,-1.21517248195618,-0.646131029126356,-0.277379648642341,0.366936699516268,0.890638735154084,0.169106253357759,NA,NA,NA,NA,NA,NA,0.175566985301731,0.211570618669342,0.167742525332931,0.29900780235079,0.25626046135927,0.295824224939444
-1,-0.5,-0.2,0.25,0.7,0.3,-0.775885953085954,-0.679522681878923,-0.155176378816551,-0.663022248361893,0.139325274870889,-3.17575100194221,NA,NA,NA,NA,NA,NA,0.213256433627874,0.204169618192421,0.189187479103367,0.299104941264322,0.118281693572289,3.79914682200279
-1,-0.5,-0.2,0.25,0.7,0.3,-1.00277031417781,-0.319121484456964,-0.0749430215840104,0.123967294195048,0.701411575644298,0.0287807550098195,NA,NA,NA,NA,NA,NA,0.180440170625307,0.188555402268595,0.124863330916843,0.408803061972067,0.32160455845624,0.420908806807678
-1,-0.5,-0.2,0.25,0.7,0.3,-0.899266711129114,-0.678242536600899,-0.0405604119781013,0.556151317780412,0.923095607504095,0.276842984586663,NA,NA,NA,NA,NA,NA,0.157673024508588,0.193335316791529,0.144786580962363,0.403544930869808,0.342598753002818,0.237478702817748
-1,-0.5,-0.2,0.25,0.7,0.3,-1.11616461908717,-0.188671053690643,-0.638041322884064,0.286131259708556,0.728576487915615,0.335475787462368,NA,NA,NA,NA,NA,NA,0.177192635913144,0.170891079938011,0.178646719827953,0.389602595856481,0.320728848620638,0.337056060710594
-1,-0.5,-0.2,0.25,0.7,0.3,-1.03960609928741,-0.408666047891029,-0.593284405697522,-0.324610427447486,0.268116357277463,-0.327901595464086,NA,NA,NA,NA,NA,NA,0.208260302102933,0.198414614941652,0.210731646251741,0.400795850129857,0.203892306515249,1.27834544916657
-1,-0.5,-0.2,0.25,0.7,0.3,-0.898857109355943,-0.589353080450141,-0.206847449606107,-0.087162201230282,0.640235847918413,-0.0195019112014618,NA,NA,NA,NA,NA,NA,0.204739790488961,0.224497774357389,0.162245606402528,0.330383755981837,0.26311334508514,0.541357632615095
-1,-0.5,-0.2,0.25,0.7,0.3,-1.01583168885342,-0.530740273403383,0.185239999947478,-0.068151455097743,0.597979788747537,0.287470745646901,NA,NA,NA,NA,NA,NA,0.20687450767269,0.240276360433145,0.175550417864609,0.346880731778549,0.259469106164909,0.448314906143488
-1,-0.5,-0.2,0.25,0.7,0.3,-1.00089685621076,-0.389617897846191,-0.0492227271799581,1.61008542367949,1.54996158901447,0.901491201653081,NA,NA,NA,NA,NA,NA,0.168725440040175,0.205984037804035,0.177011855751381,0.82889637167487,0.609314145823828,0.20209529344108
-1,-0.5,-0.2,0.25,0.7,0.3,-1.13228214911258,-0.470707328553027,-0.560602643200933,-0.29717112499822,0.261671290717065,-0.773330397863725,NA,NA,NA,NA,NA,NA,0.185418383983768,0.178897691844009,0.167488278745245,0.250645112442091,0.199336808419208,0.865288970396819
-1,-0.5,-0.2,0.25,0.7,0.3,-0.986594969154347,-1.01411223544599,-0.292442169848423,0.444522379815632,1.04298536998263,0.235784873922711,NA,NA,NA,NA,NA,NA,0.193436313323682,0.241730474534855,0.128411399210043,0.436372697567074,0.452848945593055,0.278295277401792
-1,-0.5,-0.2,0.25,0.7,0.3,-0.840912129305595,-0.531757738338103,-0.352755024097378,0.0380319910574901,0.844579881625956,0.157502113442059,NA,NA,NA,NA,NA,NA,0.223179810846637,0.220914811025287,0.161387275440992,0.293257984698501,0.326171172349262,0.376264673302068
-1,-0.5,-0.2,0.25,0.7,0.3,-1.19502293464557,-0.573718966211289,-0.381542819732466,0.416672308565296,0.992575675700818,0.103297634416437,NA,NA,NA,NA,NA,NA,0.178262744666495,0.211000758326,0.165720660172825,0.330809263038369,0.306655247810798,0.216876240345814
-1,-0.5,-0.2,0.25,0.7,0.3,-0.922134501248562,-0.580085515022406,-0.299698356876014,-0.400546666422517,-0.0628724424208498,-1.00605765762748,NA,NA,NA,NA,NA,NA,0.199479641871238,0.186576271084805,0.169804904365804,0.445705525802393,0.159994527504681,2.35846505467304
-1,-0.5,-0.2,0.25,0.7,0.3,-1.21545366668374,-0.490127980463433,-0.113223022320503,-0.173999716742272,0.594281348052228,-0.345900791243202,NA,NA,NA,NA,NA,NA,0.203918712168316,0.216921282239066,0.149051437753128,0.307620604100806,0.232033227915433,0.583836738822205
-1,-0.5,-0.2,0.25,0.7,0.3,-0.655996944678864,-0.771505746403661,-0.18705867262554,0.358210486172737,0.694025089254222,0.0181645647075203,NA,NA,NA,NA,NA,NA,0.147074790726418,0.178015334226087,0.12951713054382,0.388548017572219,0.301076274764723,0.385927693321114
-1,-0.5,-0.2,0.25,0.7,0.3,-1.16523244705369,-0.268214562151907,-0.328327329209434,1.17014862818166,1.26227970075929,0.808426106017668,NA,NA,NA,NA,NA,NA,0.187210237024763,0.211527364922385,0.176484914048676,1.00700635026523,0.747673673570341,0.308318413673021
-1,-0.5,-0.2,0.25,0.7,0.3,-1.23053359720703,-0.470239268421872,-0.178034219245218,-0.00737570500576967,0.538079299204351,-0.522905882066432,NA,NA,NA,NA,NA,NA,0.173641536665317,0.187072429461622,0.123780627328028,0.51159558981233,0.325499173991282,0.963774323902815
-1,-0.5,-0.2,0.25,0.7,0.3,-0.707112654548339,-0.437379709921184,-0.177932994200177,0.408841551729365,1.04520534916062,0.0549568937717854,NA,NA,NA,NA,NA,NA,0.156305528327355,0.17068603857208,0.123197174977037,0.259815169907531,0.247283987087217,0.204474228913247
-1,-0.5,-0.2,0.25,0.7,0.3,-1.293287727859,-0.408002210815069,-0.504598139405712,-0.0582229089289578,0.514324414702781,-0.224699482297992,NA,NA,NA,NA,NA,NA,0.186651833075026,0.185630046678795,0.204094079901732,0.295923455029651,0.221531784439138,0.443714657135873
-1,-0.5,-0.2,0.25,0.7,0.3,-1.06331435012807,-0.573224762789247,-0.439251611156181,0.359095781305494,0.662028992196108,0.339949084465817,NA,NA,NA,NA,NA,NA,0.174745260845524,0.183814633301722,0.148017875999198,0.459375851683871,0.346596231780387,0.382582141124531
-1,-0.5,-0.2,0.25,0.7,0.3,-0.870046041005124,-0.69739018644805,-0.162478104622666,0.0555111522744541,0.621903334401343,-0.109515504213944,NA,NA,NA,NA,NA,NA,0.169236864237065,0.186297363779272,0.129510974584474,0.297890398299146,0.264845775902389,0.422183711296089
-1,-0.5,-0.2,0.25,0.7,0.3,-1.05165295671268,-0.708012971074986,-0.292439287983921,0.65207897685821,1.20558984921722,0.0236016267329231,NA,NA,NA,NA,NA,NA,0.150253185255064,0.211045461189507,0.104682843567668,0.337991407534196,0.31885966783514,0.192759955969941
-1,-0.5,-0.2,0.25,0.7,0.3,-1.28559588069642,-0.500276092175084,0.069328570957008,0.123500470608615,0.871339700910538,-0.348007312965592,NA,NA,NA,NA,NA,NA,0.177082580316911,0.187562368774734,0.202843612006375,0.263037753949165,0.261004750036965,0.298481921424291
-1,-0.5,-0.2,0.25,0.7,0.3,-0.84312260042255,-0.49005836751071,-0.0762910792390612,0.0878053695790669,0.729580802589634,-0.131428146185754,NA,NA,NA,NA,NA,NA,0.176192900169078,0.188323352746414,0.139664014123981,0.35905456314353,0.285446531031598,0.451980214609745
-1,-0.5,-0.2,0.25,0.7,0.3,-1.23828649495122,-0.605999333542304,-0.124107158956613,-0.00525468539066985,0.351325614174432,0.113547689059956,NA,NA,NA,NA,NA,NA,0.199450619753977,0.193325753697394,0.222763331595293,0.549890965567262,0.374181686978454,0.779614374784578
-1,-0.5,-0.2,0.25,0.7,0.3,-1.13721045099404,-0.436179801199784,-0.0915786291666177,0.341821416071727,0.904664008999041,0.122275295410147,NA,NA,NA,NA,NA,NA,0.176142869738205,0.194490205817485,0.193163947082282,0.367341914912555,0.329778553252238,0.292767277583055
-1,-0.5,-0.2,0.25,0.7,0.3,-1.23582254372117,-0.517057037865468,-0.315906997622448,-0.0832306701448207,0.475239283473519,-0.378944672727905,NA,NA,NA,NA,NA,NA,0.181156368903094,0.190897909143701,0.168668302608249,0.314298303019389,0.229546110647353,0.66988343369321
-1,-0.5,-0.2,0.25,0.7,0.3,-0.896064501351908,-0.366366206749409,-0.110969509606283,0.202775095625771,0.558584776730876,0.308620020954889,NA,NA,NA,NA,NA,NA,0.181874504720134,0.18344540522291,0.154188936903379,0.506555211634866,0.386742847261148,0.545984924691252
-1,-0.5,-0.2,0.25,0.7,0.3,-0.862177622024873,-0.731776722876204,-0.171512965480681,-0.227660716363139,0.476571359530437,-0.6577762083897,NA,NA,NA,NA,NA,NA,0.2014069233038,0.201837090763401,0.168135078916865,0.222769030636513,0.166128728106057,0.589096064060593
-1,-0.5,-0.2,0.25,0.7,0.3,-0.981495107077864,-0.593445065121461,-0.102712117093778,-0.225314085159808,0.345692912896197,-0.128713523779536,NA,NA,NA,NA,NA,NA,0.196298672582088,0.199219155611023,0.166428719140842,0.277021112584306,0.180228902492261,0.695148349329882
-1,-0.5,-0.2,0.25,0.7,0.3,-1.29742347137669,-0.560735629278185,-0.27281444888529,-0.0118937049123249,0.437898260641793,-0.498952639433171,NA,NA,NA,NA,NA,NA,0.164779791929451,0.173103611497568,0.143851756268318,0.265056621981442,0.190162332004006,0.527076663963099
-1,-0.5,-0.2,0.25,0.7,0.3,-0.700313234520438,-0.708531475699525,-0.250556801187415,-0.00848779631260634,0.796019676905416,0.00330655908140194,NA,NA,NA,NA,NA,NA,0.195241251513394,0.221020972123016,0.163695812388077,0.361349436256089,0.287674699606957,0.496981036370049
-1,-0.5,-0.2,0.25,0.7,0.3,-0.774056647362442,-1.02119362707905,-0.280320342951927,-0.0909924845046912,0.687307310306139,-0.957891511594501,NA,NA,NA,NA,NA,NA,0.188088046131943,0.19761669753901,0.146514348746646,0.207530681364748,0.187634151360275,0.460420692907249
-1,-0.5,-0.2,0.25,0.7,0.3,-0.988113902423027,-0.175999111835965,-0.169696546733665,0.165625686071716,0.767318655906449,-0.200966121658764,NA,NA,NA,NA,NA,NA,0.153720955030722,0.144467942439932,0.0867652146067144,0.190580622704618,0.161353064301967,0.241886725654442
-1,-0.5,-0.2,0.25,0.7,0.3,-1.15190645875581,-0.557198978522406,-0.358024962665971,0.238246733898891,0.671558408731006,-0.00842161865236486,NA,NA,NA,NA,NA,NA,0.161793662033629,0.171290056416243,0.173880047729866,0.301706290615046,0.244104804421895,0.354778295889213
-1,-0.5,-0.2,0.25,0.7,0.3,-1.21298772002865,-0.552804984887841,-0.315021722155356,0.712249618716828,1.08719225626678,0.195818997577471,NA,NA,NA,NA,NA,NA,0.154821584974768,0.183260639714838,0.152995921590753,0.406876877182694,0.367294268950326,0.242799416166384
-1,-0.5,-0.2,0.25,0.7,0.3,-1.02415273690943,-0.277786662531094,-0.151897210673768,1.39684341328597,1.79559010133975,0.787031970939704,NA,NA,NA,NA,NA,NA,0.167903621402399,0.197902709875577,0.11345356928093,0.799776107956151,0.687038610454905,0.240452257654021
-1,-0.5,-0.2,0.25,0.7,0.3,-0.966953005363713,-0.412327936039447,0.102408987635411,0.242391472867451,0.749559142263549,0.340069077017058,NA,NA,NA,NA,NA,NA,0.173849395515614,0.208839067206355,0.190622249158272,0.379802963991649,0.364523614165515,0.359288048145636
-1,-0.5,-0.2,0.25,0.7,0.3,-0.971127975192307,-0.809103130493264,-0.360568375208017,0.576514827061308,0.848825564712616,0.158144528538082,NA,NA,NA,NA,NA,NA,0.148391248985856,0.195003935155889,0.166417830304654,0.361188403733802,0.270343240041516,0.254613613417698
-1,-0.5,-0.2,0.25,0.7,0.3,-0.960560100210498,-0.473934652583853,0.0679411215812318,-0.084263867800317,0.46827571464625,-0.0395845455561959,NA,NA,NA,NA,NA,NA,0.182769551487801,0.190170295321178,0.197267066311726,0.315159310885087,0.212680845632471,0.606555148733295
-1,-0.5,-0.2,0.25,0.7,0.3,-1.01851467297441,-0.666641843536185,-0.135694838818649,-0.119209641291763,0.317553713972618,0.0792666938268508,NA,NA,NA,NA,NA,NA,0.187838201633917,0.21447557023363,0.194607964844181,0.470153792190918,0.263574903784002,0.840513963632538
-1,-0.5,-0.2,0.25,0.7,0.3,-1.08854243502333,-0.496518654603598,-0.349143660655993,-0.117407712338579,0.286709372451915,-0.299196743512194,NA,NA,NA,NA,NA,NA,0.172421917805881,0.161147347447554,0.147465396537825,0.290432496318686,0.245759942257934,0.669939343091917
-1,-0.5,-0.2,0.25,0.7,0.3,-1.15340758878189,0.0490439991441765,0.141146510207243,-0.121161293881293,0.566934942813282,-0.823084642325955,NA,NA,NA,NA,NA,NA,0.165283262271977,0.148452945220397,0.156314896671971,0.22534520155383,0.168569041199835,0.629659086528558
-1,-0.5,-0.2,0.25,0.7,0.3,-0.796398260476103,-0.437397918605156,-0.0698777220584566,0.967483703980247,0.958834399516943,0.676937317475555,NA,NA,NA,NA,NA,NA,0.179214172250517,0.185692158094126,0.126278066536153,0.985814947659379,0.63511630339024,0.501334601602539
-1,-0.5,-0.2,0.25,0.7,0.3,-1.07913889989884,-0.232672797445272,-0.0856688004857458,-0.476590286117807,0.263392476830618,-1.73741174962706,NA,NA,NA,NA,NA,NA,0.189573318177908,0.17069357678211,0.137940428046295,0.255801609572813,0.111908931872881,1.70277870863469
-1,-0.5,-0.2,0.25,0.7,0.3,-1.0549064840864,-0.298130969890074,0.0168164675101333,0.364404060713764,0.800922135183747,0.17991830908018,NA,NA,NA,NA,NA,NA,0.157665426141769,0.178589293117281,0.142218394290289,0.311918062426508,0.294127394318487,0.288860279602811
-1,-0.5,-0.2,0.25,0.7,0.3,-1.02912173141666,-0.561608493563302,-0.25560441197797,0.202018084079957,0.596377010475426,0.0418178467328542,NA,NA,NA,NA,NA,NA,0.170234183114818,0.181160486885217,0.146600397166913,0.248441768255926,0.244635516400798,0.320702243491365
-1,-0.5,-0.2,0.25,0.7,0.3,-1.01025725140106,-0.536782627660143,-0.36234832940428,0.936896338106224,1.11273842146857,0.74259049440929,NA,NA,NA,NA,NA,NA,0.177304160035088,0.205319634088051,0.177724387667549,0.802826133809415,0.719114579046376,0.305089864926252
-1,-0.5,-0.2,0.25,0.7,0.3,-0.866194567051047,-0.295691247811646,-0.361201515635098,0.433931915406053,0.707450169332264,0.640175145343772,NA,NA,NA,NA,NA,NA,0.175019150844089,0.200372812109563,0.134325880791965,0.698084302950621,0.623173344183477,0.438674417896602
-1,-0.5,-0.2,0.25,0.7,0.3,-0.981363007856651,-0.218841901507603,-0.0525850536813924,0.72589899523118,0.882508752662397,0.482530995176534,NA,NA,NA,NA,NA,NA,0.155087187098661,0.181188761264534,0.177119867487509,0.348795522894117,0.310410593485123,0.248201257026184
-1,-0.5,-0.2,0.25,0.7,0.3,-1.01680288942494,-0.154039864011106,-0.302169659943576,0.11991291206916,0.677870815875229,0.0818130362766042,NA,NA,NA,NA,NA,NA,0.180552611227065,0.180447454569613,0.16917855319457,0.275637278203737,0.223241894811087,0.413884983989951
-1,-0.5,-0.2,0.25,0.7,0.3,-1.14496975795035,-0.528656508756102,-0.228322007623114,1.04059066141213,1.16722972826386,0.0800351007850246,NA,NA,NA,NA,NA,NA,0.130225944708334,0.181234160122489,0.142793950116812,0.473740231034827,0.459824223698863,0.1329338815355
-1,-0.5,-0.2,0.25,0.7,0.3,-0.857667991790606,-0.367664911950444,-0.391870403194828,0.121835621755255,0.668988811603879,0.457904166283774,NA,NA,NA,NA,NA,NA,0.197883115317287,0.212833740785656,0.152911334298035,0.288266778682193,0.225762821871342,0.387608363814166
-1,-0.5,-0.2,0.25,0.7,0.3,-0.920739689585897,-0.700296663968878,-0.0860617802309868,0.368714991847654,0.600865409500726,-0.288266019726406,NA,NA,NA,NA,NA,NA,0.135644849770432,0.150609502824835,0.112500405821975,0.25313142371709,0.202176842229304,0.309457093762984
-1,-0.5,-0.2,0.25,0.7,0.3,-0.961865510906844,-0.745815301260125,-0.104134694704945,0.579950431796122,0.853883147687411,0.349774198046683,NA,NA,NA,NA,NA,NA,0.171835384162737,0.203937032989016,0.176186609471012,0.49829656779929,0.368078506739339,0.341324594711134
-1,-0.5,-0.2,0.25,0.7,0.3,-0.860153062771314,-0.789395800485079,-0.35967352201758,0.0430671874510601,0.775213698737738,0.0377401352725399,NA,NA,NA,NA,NA,NA,0.192189866912213,0.226927681514453,0.151595083834278,0.335390248350697,0.282814862355245,0.375696528078986
-1,-0.5,-0.2,0.25,0.7,0.3,-1.2270811938036,-0.636225211807281,-0.163454921795913,0.264120220815871,0.824916996538456,0.0899978443226612,NA,NA,NA,NA,NA,NA,0.178511093106159,0.208931650543649,0.183270379704861,0.362095089767571,0.31438164561391,0.292853706839944
-1,-0.5,-0.2,0.25,0.7,0.3,-0.72453124754252,-0.633902549564296,-0.190471418246009,0.560271184838127,0.419044482069607,0.495879572855206,NA,NA,NA,NA,NA,NA,0.144669622718177,0.162168033094056,0.103157811019771,0.447513525871679,0.311681351051177,0.353129385598948
-1,-0.5,-0.2,0.25,0.7,0.3,-1.03081582306461,-0.388048034140413,-0.153873260661257,0.344293144225023,0.884151872976339,0.132132830667724,NA,NA,NA,NA,NA,NA,0.168317625409653,0.19132518157593,0.159219779942871,0.760556743877688,0.692024207132504,0.43785054536994
-1,-0.5,-0.2,0.25,0.7,0.3,-1.10791320687013,-0.457748225986229,-0.25208351635066,-0.0959262336932714,0.810481534550179,-0.00772229184022955,NA,NA,NA,NA,NA,NA,0.211297670857782,0.230155524597743,0.18705094722888,0.30390658407424,0.24012110745004,0.513078620696579
-1,-0.5,-0.2,0.25,0.7,0.3,-1.36446037097191,-0.777541564574595,-0.212538092545295,-0.139514900295677,0.511882603100449,-0.483598599495321,NA,NA,NA,NA,NA,NA,0.196647763969437,0.192273519972299,0.157399193947183,0.316135651155337,0.271450676079827,0.694955102875325
-1,-0.5,-0.2,0.25,0.7,0.3,-0.945564087238516,-0.465074927752216,-0.256857280323096,0.272289820259257,0.517026308731939,0.126807185301422,NA,NA,NA,NA,NA,NA,0.155896043837493,0.153875884811727,0.133104923527251,0.433049784240107,0.320024469555933,0.458097942981982
-1,-0.5,-0.2,0.25,0.7,0.3,-0.822040262674539,-0.281904701356495,-0.00368412913546486,1.20283426207163,1.49598256015979,0.491575989823968,NA,NA,NA,NA,NA,NA,0.140085523151079,0.187176815196242,0.134841859164587,0.426847386142028,0.337768064988112,0.131325021329324
-1,-0.5,-0.2,0.25,0.7,0.3,-1.25397856789673,-0.888832907656245,-0.066660859040488,-0.265496847317154,-0.152953268636571,-1.06993081172518,NA,NA,NA,NA,NA,NA,0.182868354207174,0.164547753735323,0.151503976971841,0.310728516157947,0.149982062913409,1.43713156815839
-1,-0.5,-0.2,0.25,0.7,0.3,-1.23972661144351,-0.445305619836744,-0.408066287551434,0.264548355031017,0.655114491369413,-0.203091596232504,NA,NA,NA,NA,NA,NA,0.151208586304004,0.171897951531417,0.151350090497255,0.287397160550877,0.264214669835148,0.322225968317873
-1,-0.5,-0.2,0.25,0.7,0.3,-0.988494716102396,-0.634549866362561,-0.151224565704778,0.294732084688686,0.560612016226051,-0.0707924102942362,NA,NA,NA,NA,NA,NA,0.143983298240336,0.160859480896743,0.137049882101285,0.334505478819152,0.242778446076531,0.39550031039996
-1,-0.5,-0.2,0.25,0.7,0.3,-1.02931991284035,-0.724441806000914,-0.180041218300949,0.945312333636664,1.35874526343702,0.362089395725923,NA,NA,NA,NA,NA,NA,0.172026031116456,0.219613152489458,0.184573726684576,0.708896388829314,0.559543112849086,0.25242644784043
-1,-0.5,-0.2,0.25,0.7,0.3,-0.802026050267517,-0.54880591432754,0.220468944573869,0.726206272177502,0.90976612649688,0.248419710700677,NA,NA,NA,NA,NA,NA,0.137516894705064,0.164436138430808,0.153225188161789,0.426670525816326,0.387596792734307,0.210954767581044
-1,-0.5,-0.2,0.25,0.7,0.3,-1.21947885270681,-0.518259958357955,-0.0912363809617219,0.156365619012982,0.803940970747785,-0.536880779313824,NA,NA,NA,NA,NA,NA,0.164022820095557,0.17223527768735,0.109670046990856,0.208061917012657,0.163409839609427,0.289119557282288
-1,-0.5,-0.2,0.25,0.7,0.3,-0.976151124109656,-0.425164062540987,-0.0124655382230548,0.86872676804159,0.974349633166215,0.522814472394071,NA,NA,NA,NA,NA,NA,0.160203829567585,0.183644526417061,0.139799481427099,1.0549213309302,0.942177148668137,0.322307031264262
-1,-0.5,-0.2,0.25,0.7,0.3,-0.730487552377811,-0.324057696326845,0.0237086088609665,1.47006114048594,1.71310143258487,0.658310051205033,NA,NA,NA,NA,NA,NA,0.148911650983221,0.178375310761039,0.147278664278048,0.729207769173995,0.64891208176293,0.238061026524757
-1,-0.5,-0.2,0.25,0.7,0.3,-1.29176892669722,-0.510227258020733,-0.262654379929316,-0.505368942131878,0.134881041383759,-2.37655073885256,NA,NA,NA,NA,NA,NA,0.178245322781755,0.170709874528643,0.148458323774482,0.217153434856912,0.109594006011767,1.71474718785787
-1,-0.5,-0.2,0.25,0.7,0.3,-1.06291118130121,-0.430780019909622,-0.0299701387436246,0.830729008742798,1.02288191159512,0.35577926322634,NA,NA,NA,NA,NA,NA,0.155219277572777,0.18920136233612,0.147064856669698,0.730876844866312,0.564938710162555,0.27305824138217
-1,-0.5,-0.2,0.25,0.7,0.3,-0.996662162741077,-1.07537668381105,0.012748753092806,0.0572542748992459,0.922693513390857,-0.556063059846947,NA,NA,NA,NA,NA,NA,0.183161884667531,0.217955157229842,0.163832055401449,0.217128587107116,0.182959818556877,0.272832347859388
-1,-0.5,-0.2,0.25,0.7,0.3,-0.95065051803193,-0.425227892542349,-0.38950855270373,-0.228931829810876,0.315344947746805,-0.82079681267599,NA,NA,NA,NA,NA,NA,0.193015771613646,0.17315715947483,0.190363688898501,0.493213639171069,0.263044496792681,1.91301534225741
-1,-0.5,-0.2,0.25,0.7,0.3,-1.08075835954548,-0.595851409880816,-0.144219143571816,-0.215682506290984,-0.106766161001624,0.493856506418321,NA,NA,NA,NA,NA,NA,0.232283669377674,0.230304166911212,0.174632719812418,0.470989524718426,0.333422138635429,1.00202079850893
-1,-0.5,-0.2,0.25,0.7,0.3,-0.892352697522507,-0.683558354523225,-0.109982920299886,0.655116116671366,0.916076306230347,0.505994402290744,NA,NA,NA,NA,NA,NA,0.165385137871872,0.207310762678079,0.139018443757476,0.481590314083403,0.445303641908625,0.31509141328644
-1,-0.5,-0.2,0.25,0.7,0.3,-0.98078032348655,-0.345279107129483,-0.177936301546413,0.261078629587201,0.791910729915591,0.337658251176624,NA,NA,NA,NA,NA,NA,0.186091079513833,0.193588415220069,0.186365402684644,0.410887429376675,0.376713867108644,0.341306193403435
-1,-0.5,-0.2,0.25,0.7,0.3,-0.859512046011182,-0.193411382857041,-0.450463873394754,0.251679971026839,0.703563187868271,0.357717174759621,NA,NA,NA,NA,NA,NA,0.174878426040506,0.179804886955918,0.172090186248066,0.384068562428923,0.34190289743807,0.405858773516784
-1,-0.5,-0.2,0.25,0.7,0.3,-0.777248739950223,-1.13191862157776,-0.215785250058871,-0.0309292536988066,0.847119677264714,-0.423586144523541,NA,NA,NA,NA,NA,NA,0.201296615193803,0.228011223140226,0.162359852604942,0.21500136164347,0.189550918817794,0.321085890754044
-1,-0.5,-0.2,0.25,0.7,0.3,-0.957711921846263,-0.413719331118277,-0.295618997720849,0.596073018374717,0.628487180507927,0.209984836020703,NA,NA,NA,NA,NA,NA,0.136441567606028,0.146259087654913,0.104460166617028,0.620458601101595,0.438812691253683,0.363134773391444
-1,-0.5,-0.2,0.25,0.7,0.3,-0.951161988124424,-0.381675612258167,-0.432043883610842,0.103209447962701,0.723838903306342,-0.00810109262699212,NA,NA,NA,NA,NA,NA,0.17522805935676,0.187261424787663,0.139006109023055,0.270528345386728,0.230259092123815,0.395130042211087
-1,-0.5,-0.2,0.25,0.7,0.3,-1.13162144230145,-0.8078156940134,-0.368988867281145,-0.0780167673654495,0.453017865709775,-0.0966012299037913,NA,NA,NA,NA,NA,NA,0.193592750715897,0.218054680644948,0.163954872417453,0.60523463258799,0.42406706741224,1.05777015044141
-1,-0.5,-0.2,0.25,0.7,0.3,-1.20865159614704,-0.527115840515375,-0.221535412183452,-0.208077621506231,0.601511913903385,-0.481706203685346,NA,NA,NA,NA,NA,NA,0.201469796602416,0.2017546042446,0.163501917010488,0.291840156329205,0.233094032185292,0.574705065838149
-1,-0.5,-0.2,0.25,0.7,0.3,-1.31611328894421,-0.327460297513678,-0.293191234300563,-0.416353323411684,0.295197497777081,-1.52359288549183,NA,NA,NA,NA,NA,NA,0.188827408512609,0.180573058131596,0.152536663002802,0.284257571450479,0.150054875860561,1.51940106047452
-1,-0.5,-0.2,0.25,0.7,0.3,-1.08332771402993,-0.469220342273145,-0.17621285167107,0.602346138774818,0.842123835065196,0.0206157755354377,NA,NA,NA,NA,NA,NA,0.155180700121559,0.172237693281867,0.119885639792457,0.335992721960671,0.252941055031027,0.310776928544572
-1,-0.5,-0.2,0.25,0.7,0.3,-1.19604338453816,-0.0937120457522598,-0.365633680174674,0.21826461314759,0.488717756738035,-0.0551540425548349,NA,NA,NA,NA,NA,NA,0.155488346370117,0.146644846361049,0.128706846729109,0.309638171799555,0.208112278443195,0.423480044008764
-1,-0.5,-0.2,0.25,0.7,0.3,-0.670932738695078,-0.333735303540086,0.0987883743484324,0.293523709198593,0.901991964510898,0.688016014002153,NA,NA,NA,NA,NA,NA,0.198025512225845,0.204028634427818,0.210509919183558,0.40341070886679,0.387198032352599,0.368690515106575
-1,-0.5,-0.2,0.25,0.7,0.3,-0.957203669913746,-0.708334648473745,-0.027964703652373,0.162716540384154,0.862461293885822,0.211548038308282,NA,NA,NA,NA,NA,NA,0.191594565534605,0.236246457582908,0.153086285810621,0.453294594294985,0.327610411910388,0.397042186961652
-1,-0.5,-0.2,0.25,0.7,0.3,-1.02489006544776,-0.755513912477416,-0.185637552599723,-0.402791070695924,0.482823883635169,-1.64287774121393,NA,NA,NA,NA,NA,NA,0.1983627261883,0.202135098479486,0.133957393997035,0.272350432276309,0.175820617851734,1.46420802988865
-1,-0.5,-0.2,0.25,0.7,0.3,-0.766045397299744,-0.42881091610168,0.0558135797579412,0.0115301835113836,0.585503700168512,-0.0564649776867071,NA,NA,NA,NA,NA,NA,0.175995161958133,0.184791299074566,0.124460667871159,0.261224204402096,0.202648295591151,0.490766767630731
-1,-0.5,-0.2,0.25,0.7,0.3,-1.10744521534998,-0.322439649725113,-0.234698462225837,1.3969405075811,1.63369079126807,0.549905160623665,NA,NA,NA,NA,NA,NA,0.163986076240457,0.194601254006379,0.141505563173467,1.21815271767699,0.90112840327794,0.247022055173609
-1,-0.5,-0.2,0.25,0.7,0.3,-1.36416440363038,-0.263906723801663,-0.143293228026057,-0.00997458363761961,0.446202747314889,-0.30546356926748,NA,NA,NA,NA,NA,NA,0.179703790137415,0.170315127269918,0.151084155697194,0.244279982346989,0.199367882223664,0.465262336690301
-1,-0.5,-0.2,0.25,0.7,0.3,-0.968420502003129,-0.465432813086814,0.130681442178946,0.307617031499039,0.922496772987803,0.184815500055203,NA,NA,NA,NA,NA,NA,0.18922649770699,0.208766005205009,0.154717229847721,0.533520363150388,0.414308724240401,0.526095887200864
-1,-0.5,-0.2,0.25,0.7,0.3,-0.660124170432551,-0.691118158521274,-0.36909764542267,0.183766290059149,1.01592219360608,0.257392465132771,NA,NA,NA,NA,NA,NA,0.201570319462672,0.233894783992681,0.181433959731341,0.354515670345921,0.311850386909615,0.382850194215544
-1,-0.5,-0.2,0.25,0.7,0.3,-1.17482568350897,-0.222494336056957,-0.284371720697959,0.327239585310617,0.703198308888787,0.465302191137875,NA,NA,NA,NA,NA,NA,0.18250933473203,0.201989573474012,0.162076185701035,0.381899872538119,0.302662767824434,0.332055273348546
-1,-0.5,-0.2,0.25,0.7,0.3,-1.32206586289043,-0.412967817625102,-0.257820848752252,-0.0340125241287932,0.339180983375526,-0.467138513840956,NA,NA,NA,NA,NA,NA,0.162562647070585,0.161365971149128,0.174215543993613,0.248767022522467,0.180820131615887,0.528837746849091
-1,-0.5,-0.2,0.25,0.7,0.3,-1.06000166930904,-0.511186242069238,-0.0587530765562922,0.157731323403847,0.711779242387045,0.220284464295722,NA,NA,NA,NA,NA,NA,0.202277748087547,0.204605985905603,0.169594424360529,0.365790272705731,0.300649099151325,0.453483896320881
-1,-0.5,-0.2,0.25,0.7,0.3,-0.531117527407537,-0.601207309440304,-0.0683733367572527,-0.230140824190296,0.313517791832247,0.0462966276457247,NA,NA,NA,NA,NA,NA,0.211064319823066,0.254087444111348,0.184041331512213,0.5305496123275,0.226456505095504,1.31062794527254
-1,-0.5,-0.2,0.25,0.7,0.3,-1.06434735932854,-0.519079954691806,-0.607195180306462,-0.0332457889618837,0.559751770973613,0.0146263360916177,NA,NA,NA,NA,NA,NA,0.151076424925921,NA,0.0539342465664595,NA,NA,NA
-1,-0.5,-0.2,0.25,0.7,0.3,-0.748033230626794,-0.318138237464038,-0.31448882371357,0.529947369821154,0.816588885025841,0.362306132091172,NA,NA,NA,NA,NA,NA,0.153226320328957,0.175341140006909,0.149335787877138,0.498669752261471,0.429227020475668,0.307211411340077
-1,-0.5,-0.2,0.25,0.7,0.3,-0.993301577740357,-0.623752670760076,-0.253023257845266,-0.439585166607526,0.146027778980081,-1.52972470608736,NA,NA,NA,NA,NA,NA,0.191909776324713,0.197109165767411,0.163738096500286,0.306359029435567,0.136050430731316,1.81500772844111
-1,-0.5,-0.2,0.25,0.7,0.3,-1.53157279275337,-0.561928314019558,-0.117110032674631,-0.263992364133357,0.188062959902957,-0.671875056562539,NA,NA,NA,NA,NA,NA,0.193682991517762,0.181734818834192,0.156235781570392,0.431082624635732,0.205849748911982,1.33103217296735
-1,-0.5,-0.2,0.25,0.7,0.3,-1.01780015018099,-0.611266746474351,-0.235196839152134,-0.211516195305507,0.419350700464399,-0.501512977179151,NA,NA,NA,NA,NA,NA,0.198589827346736,0.197672948848517,0.155802377883826,0.440834864403517,0.265604520541037,1.19099063101375
-1,-0.5,-0.2,0.25,0.7,0.3,-0.79959464704201,-0.962976736820578,0.231575651536462,0.624286306356841,0.933583278636642,0.431738131387009,NA,NA,NA,NA,NA,NA,0.184249744364517,0.212793329516919,0.156675862215374,1.10019552341372,0.786598436794673,0.558242271693213
-1,-0.5,-0.2,0.25,0.7,0.3,-0.727850824952708,-0.236242550353885,-0.0129315618593154,0.368552724136627,0.605365700808191,0.323678322655398,NA,NA,NA,NA,NA,NA,0.149545162959691,0.154757964701728,0.139253766220578,0.434288057382804,0.347569206231318,0.3850218686749
-1,-0.5,-0.2,0.25,0.7,0.3,-1.23712629061044,-0.533535110575009,-0.192557689554786,0.222172681365505,0.560244406021015,-0.226114147539007,NA,NA,NA,NA,NA,NA,0.162095592774268,0.156257401414826,0.135982211096674,0.252798918436062,0.216147748066577,0.361300176212645
-1,-0.5,-0.2,0.25,0.7,0.3,-0.679614860070771,-0.444208149237609,-0.125571228802524,0.204964758163529,0.814008588962382,0.35771848196604,NA,NA,NA,NA,NA,NA,0.185193349823438,0.197742348056666,0.139189125833004,0.303334747225038,0.279488315844974,0.292654356170542
-1,-0.5,-0.2,0.25,0.7,0.3,-1.78557589578365,-0.361004644440823,-0.362926553840192,-0.353158890502765,0.289799987128432,-1.75263678497193,NA,NA,NA,NA,NA,NA,0.206530076573321,0.168449583978463,0.168730986599813,0.402737565799271,0.182008275296739,2.03300378123354
-1,-0.5,-0.2,0.25,0.7,0.3,-1.19084034909542,-0.368345751313395,-0.215177366385118,-0.587593978028814,0.467529399411095,-3.14486144963502,NA,NA,NA,NA,NA,NA,0.212470167893315,0.192742221862421,0.125568971553832,0.202742753338122,0.107709171579669,2.28175754114341
-1,-0.5,-0.2,0.25,0.7,0.3,-1.03813086063905,-0.612745870513048,-0.0978774709119251,-0.117643784306978,1.04955932629877,-0.120319277713174,NA,NA,NA,NA,NA,NA,0.230454949694879,0.254386220341097,0.167602144442165,0.263229503762362,0.284430005731471,0.31766514701729
-1,-0.5,-0.2,0.25,0.7,0.3,-1.09976821763799,-0.305807553048567,-0.187092386892426,0.498789899497864,0.845628279630991,0.0479974056159275,NA,NA,NA,NA,NA,NA,0.142556694500956,0.179889000566647,0.121947881960483,0.449571515023239,0.349767312339181,0.312332406111884
-1,-0.5,-0.2,0.25,0.7,0.3,-0.906475560178263,-0.308931975233927,-0.113261399920414,-0.354453876380821,0.375119238287804,-0.0329361883401468,NA,NA,NA,NA,NA,NA,0.238489610929462,0.23641703387636,0.186765187235617,0.797405909859377,0.452499211951544,2.04882828056984
-1,-0.5,-0.2,0.25,0.7,0.3,-1.05405025055269,-0.520598549905862,-0.0822411991169469,0.798631381413056,0.865807379531863,0.959154565553006,NA,NA,NA,NA,NA,NA,0.192742757532401,0.201023844459135,0.219878969979211,1.56028725771416,1.21418807241558,0.388923998964001
-1,-0.5,-0.2,0.25,0.7,0.3,-0.997841860806134,-0.409356197850882,-0.295937901048152,0.184442900308142,0.583858915180216,0.181343332415034,NA,NA,NA,NA,NA,NA,0.172789981242946,0.180545041910664,0.176390541479104,0.597198500949986,0.41990550464628,0.581454683977875
-1,-0.5,-0.2,0.25,0.7,0.3,-1.11235925622075,-0.707296221468848,0.202041032847981,-0.379267131445001,0.188704031409359,-0.786779807924563,NA,NA,NA,NA,NA,NA,0.189476374233565,0.191323776839823,0.179730787045038,0.25725623972143,0.145875864206271,1.04248921041354
-1,-0.5,-0.2,0.25,0.7,0.3,-0.945719754355833,-0.512190984803033,0.0401367228272637,0.609305795756588,0.909024011127691,-0.0825773758041013,NA,NA,NA,NA,NA,NA,0.129627881275715,0.164636084699628,0.11778846025703,0.309019890179357,0.255167205141826,0.233931031990767
-1,-0.5,-0.2,0.25,0.7,0.3,-0.920738645976352,-0.459283078370542,-0.284634998684884,0.384522485225794,0.752440808421523,-0.0476917156904353,NA,NA,NA,NA,NA,NA,0.152965377388145,0.173022193995362,0.113891656169826,0.268910226577061,0.228680354431499,0.279131423229399
-1,-0.5,-0.2,0.25,0.7,0.3,-0.901178741723002,-0.686250702443367,-0.117015357236517,0.115108535477335,0.664649703233687,0.0132112858819644,NA,NA,NA,NA,NA,NA,0.176062855400739,0.207590598710763,0.150454845868654,0.357627430750001,0.292332547099002,0.435238587414747
-1,-0.5,-0.2,0.25,0.7,0.3,-0.896163531984096,-0.31162013637152,0.00533223238232668,0.257310311621015,0.802152673014873,0.43422815116579,NA,NA,NA,NA,NA,NA,0.199981550523382,0.203686081143178,0.174389191265563,0.579210256647504,0.449611803289429,0.510120303116965
-1,-0.5,-0.2,0.25,0.7,0.3,-1.12903090249827,-0.555483386471268,-0.316183714433357,-0.474611857763151,0.404863271995652,-1.1328695879341,NA,NA,NA,NA,NA,NA,0.233627378677216,0.22666106949988,0.190893852166735,0.281296779061841,0.186831851795061,1.24317581864042
-1,-0.5,-0.2,0.25,0.7,0.3,-0.921320949368084,-0.285234708567509,-0.165876380544724,0.208418652979239,0.624152994644411,-0.0555539879752815,NA,NA,NA,NA,NA,NA,0.153400881707745,0.156269940685494,0.124867280480699,0.26644963518981,0.231180199905683,0.344423234468542
-1,-0.5,-0.2,0.25,0.7,0.3,-0.860571596687986,-0.714759458555413,-0.25235473975903,1.24507566934354,1.57894411851508,0.650616419362501,NA,NA,NA,NA,NA,NA,0.176337026742713,0.209920498903607,0.170129270490061,0.690459444676244,0.568175441873517,0.288160875928949
-1,-0.5,-0.2,0.25,0.7,0.3,-0.888641221133656,-0.567216937687089,-0.179219445566705,0.945747847041031,1.12238844112241,0.355865326235083,NA,NA,NA,NA,NA,NA,0.146110959858976,0.171730526786856,0.137217205058948,0.614961747471003,0.50365833426143,0.264459025093752
-1,-0.5,-0.2,0.25,0.7,0.3,-1.01128668318641,-0.306805728443941,-0.409877234535378,0.587075954926945,1.14996116984602,0.125034602343769,NA,NA,NA,NA,NA,NA,0.157142419836628,0.17422115216415,0.108034060822624,0.263993454377926,0.271905748271784,0.201928522531497
-1,-0.5,-0.2,0.25,0.7,0.3,-0.776689135085786,-0.557084695870479,-0.294992377836017,0.011965433779732,0.630324346968217,0.32024779804108,NA,NA,NA,NA,NA,NA,0.199933061355782,0.218045844283066,0.162874939878441,0.53056202206428,0.338678000789284,0.694607801603937
-1,-0.5,-0.2,0.25,0.7,0.3,-1.13395540135871,-0.574580309869673,-0.428003046219333,0.408885076194664,0.707925023376095,0.0199928678145312,NA,NA,NA,NA,NA,NA,0.14903692858704,0.169517297810178,0.127409466787775,0.20468448863256,0.193369838278599,0.254049840760685
-1,-0.5,-0.2,0.25,0.7,0.3,-1.03243732661202,-0.328560581761017,-0.137773780459756,0.761480206699986,1.4675271184979,0.308695206634916,NA,NA,NA,NA,NA,NA,0.180244579256015,0.211691339027474,0.15169962699077,0.599511219193531,0.547119411489868,0.28530015676093
-1,-0.5,-0.2,0.25,0.7,0.3,-0.949350886775378,-0.543895751921702,-0.240054346413722,0.896979599728171,1.27926445865894,0.430366018603641,NA,NA,NA,NA,NA,NA,0.164350944796814,0.189045879602733,0.145878660824379,0.489528572411384,0.461069520130458,0.182118678904563
-1,-0.5,-0.2,0.25,0.7,0.3,-1.10322849891745,-0.392083198363785,-0.087992576013936,0.484854487825194,0.903299465486789,0.240328470403651,NA,NA,NA,NA,NA,NA,0.163156404057636,0.18283150901663,0.164638489716905,0.312319830178586,0.270782632087951,0.240380067248737
-1,-0.5,-0.2,0.25,0.7,0.3,-0.885657296285668,-0.451751156423861,-0.460162710290785,0.354807310915776,0.659186728482231,0.358977730390862,NA,NA,NA,NA,NA,NA,0.180308334667942,0.195601506624167,0.155789624054033,0.556652216534678,0.441515101139019,0.372395427150069
-1,-0.5,-0.2,0.25,0.7,0.3,-0.948120154805918,-0.715693067325888,-0.138039802445983,-0.107430704757114,0.256052305431298,-0.0484488159382812,NA,NA,NA,NA,NA,NA,0.235493842961874,0.196106512434739,0.211667539462082,0.622323827639323,0.465991166291701,1.3467077030907
-1,-0.5,-0.2,0.25,0.7,0.3,-1.02675635143921,-0.54073802671962,0.00298570530509821,0.340777731702256,0.673351866073868,0.236070238752004,NA,NA,NA,NA,NA,NA,0.168655567006992,0.188084629290698,0.170657490196876,0.645150562242183,0.410389564490188,0.606666433233837
-1,-0.5,-0.2,0.25,0.7,0.3,-1.10846041773181,-0.34662127612696,-0.38852487529336,-0.139439685070134,0.53603231502991,-0.036826115505068,NA,NA,NA,NA,NA,NA,0.207678320318379,0.207043809659643,0.173048285846889,0.328920942986027,0.286039725360745,0.591064052854803
-1,-0.5,-0.2,0.25,0.7,0.3,-0.958782507450323,-0.485021806743508,-0.129606563546008,0.119827135529614,0.483232344756391,0.307077983436358,NA,NA,NA,NA,NA,NA,0.189898260619132,0.191551377080356,0.141195657726209,0.449099073372513,0.336021082986018,0.552469599010808
-1,-0.5,-0.2,0.25,0.7,0.3,-0.800801689971135,-0.828548377107936,0.0495566728951335,-0.303078918254707,0.305882575561088,-0.0779710334663586,NA,NA,NA,NA,NA,NA,0.214003054365355,0.223045796028932,0.19880425548094,0.388943573481212,0.271093164420541,1.02035004689032
-1,-0.5,-0.2,0.25,0.7,0.3,-1.28657645250518,-0.637397893880517,-0.261723114070279,-0.283767876987173,0.671180490355154,-0.486584327051087,NA,NA,NA,NA,NA,NA,0.223225650543218,0.237479497580709,0.191720261319495,0.276256814726963,0.219724422259694,0.599600602453678
-1,-0.5,-0.2,0.25,0.7,0.3,-0.934740914643063,-0.508333825663453,-0.311078911987295,-0.091606735141485,0.605853604142605,0.143074592630199,NA,NA,NA,NA,NA,NA,0.200134010226289,0.210259910353573,0.158916630524451,0.271446834908113,0.230069148937261,0.443054197746821
-1,-0.5,-0.2,0.25,0.7,0.3,-1.03250492615442,-0.779973648531484,-0.312803864476899,-0.516439803883968,0.000271711998693678,-3.44459627126536,NA,NA,NA,NA,NA,NA,0.176670572073706,0.17217535431043,0.147913340481937,0.211923447600414,0.117321672639005,2.74070140598962
-1,-0.5,-0.2,0.25,0.7,0.3,-0.862438029178841,-0.456609408031162,-0.0442102141144218,0.0214656803217409,0.56425495831166,0.0415864707608655,NA,NA,NA,NA,NA,NA,0.175148740677103,0.203330383103907,0.132857833961374,0.304616287990122,0.259639454231123,0.416997042739608
-1,-0.5,-0.2,0.25,0.7,0.3,-1.1897120887374,-0.631516762017411,-0.077541665654056,-0.0489506396771775,0.638916513845833,-0.0549016943743427,NA,NA,NA,NA,NA,NA,0.208616619467649,0.221037355436375,0.184785027782443,0.364479952984528,0.295825719175753,0.554629556107259
-1,-0.5,-0.2,0.25,0.7,0.3,-1.16616958508298,-0.474600765236374,-0.21683138948646,0.156952973789516,0.558225714266474,-0.220868411871648,NA,NA,NA,NA,NA,NA,0.173296921633324,0.166219309920924,0.125018548718495,0.49664708630571,0.345227677750598,0.727571730441485
-1,-0.5,-0.2,0.25,0.7,0.3,-0.982622867350667,-0.631696368263031,-0.24897204865333,0.0282030201190893,0.519106828659329,-0.0499070134190932,NA,NA,NA,NA,NA,NA,0.185030361845589,0.188305273376769,0.150606342873973,0.328668358426466,0.256983557332927,0.533981028996944
-1,-0.5,-0.2,0.25,0.7,0.3,-1.11885135098927,-0.362243850649814,-0.0388399612991421,0.768643305334752,1.04958334048495,0.347660879613182,NA,NA,NA,NA,NA,NA,0.156560473680201,0.186321842751924,0.161388194374209,0.405888344076764,0.369381991873143,0.22821878241059
-1,-0.5,-0.2,0.25,0.7,0.3,-1.19466005911977,-0.471208026152949,-0.384848742870567,-0.629003656103231,0.325648381216499,-2.20299071677419,NA,NA,NA,NA,NA,NA,0.218903492754103,0.218205411574021,0.165812584311713,0.239278922038274,0.139300839679159,1.7936058544658
-1,-0.5,-0.2,0.25,0.7,0.3,-1.10132496967952,-0.276146318439147,-0.279538356507326,0.448936965199043,1.04049165933702,-0.0565865552872522,NA,NA,NA,NA,NA,NA,0.154421454643415,0.196812484761658,0.142861088609155,0.441335040868539,0.43101160456678,0.309170220529711
-1,-0.5,-0.2,0.25,0.7,0.3,-1.17681662397369,-0.422471870767897,-0.119437110407029,0.646256632540197,0.59085901923399,0.107152301320411,NA,NA,NA,NA,NA,NA,0.144370321392242,0.145976786579223,0.140459787978167,0.437456174855053,0.324663520518784,0.307709410560971
-1,-0.5,-0.2,0.25,0.7,0.3,-1.16083487674347,-0.339675887139179,-0.294845604796483,-0.216596477551295,0.309688776793291,-0.0277029274133604,NA,NA,NA,NA,NA,NA,0.208839459496791,0.204509053822658,0.184876060401431,0.472177200301348,0.335786641401968,0.973528384522999
-1,-0.5,-0.2,0.25,0.7,0.3,-0.90555140737159,-0.73510452312238,-0.156562374038708,0.146581517063636,0.951790592210638,-0.151030641706349,NA,NA,NA,NA,NA,NA,0.183596035840405,0.201687795033909,0.151712997400709,0.281089927821014,0.286668671973394,0.26948508511707
-1,-0.5,-0.2,0.25,0.7,0.3,-1.04524091809982,-0.102816060732004,-0.600620051594848,0.268476956586005,0.826741752743868,0.0582231862996247,NA,NA,NA,NA,NA,NA,0.169927810226324,0.192319307408244,0.142221820124959,0.352617962290393,0.304737827470301,0.261511885682918
-1,-0.5,-0.2,0.25,0.7,0.3,-0.78692263675939,-0.697439114449874,-0.201774411907953,0.0282209545773798,0.350903634222098,0.0418763566939412,NA,NA,NA,NA,NA,NA,0.187692925837652,0.209783527512443,0.189486105132605,0.612467827970575,0.276063240900116,1.10127272068735
-1,-0.5,-0.2,0.25,0.7,0.3,-1.03579029365062,-0.523647551300603,-0.111733203904075,0.571150862596971,0.670797395942993,0.338938085548328,NA,NA,NA,NA,NA,NA,0.157476542239941,0.172573095855016,0.153490608852282,0.465782297175866,0.40283904243111,0.304549338219869
-1,-0.5,-0.2,0.25,0.7,0.3,-0.9753966720237,-0.311596489261589,-0.154271558079118,0.362842451276275,0.55757282655644,-0.0284147376752378,NA,NA,NA,NA,NA,NA,0.138871582462309,0.146048429539081,0.122207872981923,0.275557636385301,0.218674578916007,0.312451216044571
-1,-0.5,-0.2,0.25,0.7,0.3,-0.732623087539477,-0.57419315228738,-0.311563447088447,0.26683475698278,0.798274615323238,0.0396293825003974,NA,NA,NA,NA,NA,NA,0.170698695974765,0.201655670023724,0.115445674789105,0.321512700066487,0.244037573855838,0.310050712439939
-1,-0.5,-0.2,0.25,0.7,0.3,-1.21863761671019,-0.188102926651059,-0.0138057129130833,0.500149543368988,0.730671481900946,0.0201767054118573,NA,NA,NA,NA,NA,NA,0.143971659473774,0.144830463112578,0.139477812258496,0.354234902977542,0.274662328620049,0.301412825997845
-1,-0.5,-0.2,0.25,0.7,0.3,-0.854535806837485,-0.517996790544227,-0.347278804649928,0.920053897276499,1.09857729342083,0.338699804433054,NA,NA,NA,NA,NA,NA,0.145929509728642,0.176431618572421,0.151135742262316,0.467813740454112,0.396991135967442,0.218629003685004
-1,-0.5,-0.2,0.25,0.7,0.3,-1.00865749812026,-0.480908682313286,-0.140004481616724,0.44159244504111,0.905074405087941,0.162152843791569,NA,NA,NA,NA,NA,NA,0.168181020329732,0.187910801010401,0.15912281283332,0.384971239474185,0.364575473609963,0.260577510048461
-1,-0.5,-0.2,0.25,0.7,0.3,-1.15063446997796,-0.590519093566625,-0.454500280873531,0.117791192623798,0.692354723019794,0.0342832800116443,NA,NA,NA,NA,NA,NA,0.177428665581124,0.193999492390857,0.159438350828714,0.322603542294508,0.249966667789448,0.383710964274437
-1,-0.5,-0.2,0.25,0.7,0.3,-0.90411783072186,-0.481224511922624,-0.0636546016822652,-0.0358188014128542,0.356929558447558,0.289471879562409,NA,NA,NA,NA,NA,NA,0.187202904339944,0.185787609510646,0.154996432627599,0.454813489295866,0.376548249226846,0.656800113692145
-1,-0.5,-0.2,0.25,0.7,0.3,-1.1174010026431,-0.639906415708375,-0.281091335585999,0.289811414286832,0.553448135270983,0.27119316448812,NA,NA,NA,NA,NA,NA,0.181042741096234,0.177223350125625,0.150063862101509,0.395448030169141,0.324906787584711,0.400472954566057
-1,-0.5,-0.2,0.25,0.7,0.3,-1.01240471263239,-0.357409726506636,0.272324644931269,0.752436703169331,1.16915700872132,0.305105906219112,NA,NA,NA,NA,NA,NA,0.160402184912954,0.170136518040126,0.169476848428474,0.548899547268496,0.433173537693545,0.188456275584256
-1,-0.5,-0.2,0.25,0.7,0.3,-1.33385003345333,-0.0364396077727516,-0.0116296945395981,0.341420835870455,0.564267504017971,0.335124026859959,NA,NA,NA,NA,NA,NA,0.174516753756501,0.161477387574536,0.165246925060867,0.369057980699949,0.344300800558279,0.331240354171419
-1,-0.5,-0.2,0.25,0.7,0.3,-1.23108956414646,-0.26976535441782,-0.348738366177487,0.281317184545054,0.870986536642514,0.124006975739961,NA,NA,NA,NA,NA,NA,0.175000535084215,0.19265256297865,0.140104863953402,0.261616316532887,0.222171502668848,0.289668597731067
-1,-0.5,-0.2,0.25,0.7,0.3,-1.27393287505165,-0.73179251196193,-0.483949206271087,-0.250325268715919,0.184857121665195,-0.753928326233252,NA,NA,NA,NA,NA,NA,0.184458723392416,0.1739295827658,0.143573673278109,0.226269143655509,0.150542382026752,0.789430141747064
-1,-0.5,-0.2,0.25,0.7,0.3,-1.09879638627528,-0.826067777534171,-0.618715474286944,-0.332702540068368,0.41712381424973,-0.126152077187862,NA,NA,NA,NA,NA,NA,0.241201365694719,0.247114989836946,0.210631365167093,0.43388476153639,0.266183126455024,1.12092045882173
-1,-0.5,-0.2,0.25,0.7,0.3,-1.06221034217414,-0.390558007512022,-0.298316945720539,0.193584300945022,0.797085220318468,0.141903972883802,NA,NA,NA,NA,NA,NA,0.175372695433158,0.188823001066844,0.173207329200398,0.320425807493145,0.28985983384527,0.331577672777745
-1,-0.5,-0.2,0.25,0.7,0.3,-0.885048488697344,-0.216759409703901,-0.33258523139733,-0.0124724814002099,0.228762732123015,0.688155616399217,NA,NA,NA,NA,NA,NA,0.210061108123035,0.187101029061155,0.195322961470899,0.60615662366431,0.370535131707475,0.811215574342497
-1,-0.5,-0.2,0.25,0.7,0.3,-0.88127460868229,-0.48196748144822,-0.184131701941061,0.451279348251389,0.70971015797119,-0.00870229568139923,NA,NA,NA,NA,NA,NA,0.139036349997041,0.155726366562373,0.0919156599440373,0.259289790806847,0.250131166507128,0.267822098617453
-1,-0.5,-0.2,0.25,0.7,0.3,-0.994092170819184,-0.768290873504087,-0.11730685212708,0.419088268675491,0.926334102295317,0.521794278913233,NA,NA,NA,NA,NA,NA,0.18910462158999,0.22097719453891,0.209010401592616,0.432656344004712,0.375837520980272,0.269344244234665
-1,-0.5,-0.2,0.25,0.7,0.3,-0.794198346981156,-0.587440188662727,-0.254924368647507,-0.189149213134629,0.192620477088565,-0.215967278129714,NA,NA,NA,NA,NA,NA,0.184393040820576,0.181122482077428,0.164801776560196,0.309442616574948,0.194232275139977,0.854367421409498
-1,-0.5,-0.2,0.25,0.7,0.3,-0.833249660292778,-0.307592115748594,-0.172336732238707,0.525309288698511,0.939168345705923,0.843225613331924,NA,NA,NA,NA,NA,NA,0.198307956593736,0.203213858603161,0.158276945723739,0.628150828004871,0.522316037035847,0.393507386426426
-1,-0.5,-0.2,0.25,0.7,0.3,-0.821761253852371,-0.869160639602925,-0.247907958271383,0.0393444450848857,0.740290464626728,0.0241979291511024,NA,NA,NA,NA,NA,NA,0.184601469205765,0.229400065976812,0.149285970976118,0.309744712149513,0.295164912534353,0.383155270606285
-1,-0.5,-0.2,0.25,0.7,0.3,-0.996670711986108,-0.504381906133481,-0.122383038747463,0.291644456793038,0.965010744840747,-0.123037009077905,NA,NA,NA,NA,NA,NA,0.15436558811814,0.185815776685635,0.138155845797891,0.252837675797084,0.269396760372309,0.227728820523763
-1,-0.5,-0.2,0.25,0.7,0.3,-0.984372375819794,-0.756622048055568,-0.499528109026189,0.529054162774385,1.19443751256578,0.446100044978333,NA,NA,NA,NA,NA,NA,0.190683029952309,0.23271745075879,0.246218370080146,0.565255437645137,0.50554830323157,0.329601518325332
-1,-0.5,-0.2,0.25,0.7,0.3,-0.802218307708041,-0.362069060526743,-0.0911522083447516,1.32921147055733,1.54700403611777,0.428836147697984,NA,NA,NA,NA,NA,NA,0.142645145732969,0.176703059032155,0.129951940381602,0.783233646138622,0.655210171112973,0.181084928129201
-1,-0.5,-0.2,0.25,0.7,0.3,-0.897053734868098,-0.270792630542581,-0.158201157707632,0.50437186454731,0.999189319477481,0.331585016791479,NA,NA,NA,NA,NA,NA,0.164412929927453,0.181448654024134,0.16187916936841,0.452858792882785,0.40387232547922,0.252570796950783
-1,-0.5,-0.2,0.25,0.7,0.3,-1.06937377455,-0.428879606080382,-0.406306167289492,0.110699566938872,0.647669542728251,0.0262496095741912,NA,NA,NA,NA,NA,NA,0.181934143515551,0.189783687033793,0.133491716719446,0.302441531118344,0.215536715856525,0.436239271734615
-1,-0.5,-0.2,0.25,0.7,0.3,-1.03183420590006,-0.544634786193234,-0.239495283047602,0.719798125271193,0.962848599700903,0.150141607189868,NA,NA,NA,NA,NA,NA,0.14382099560451,0.184039317747653,0.158113386624785,0.491439588278095,0.397398345324658,0.238805332609111
-1,-0.5,-0.2,0.25,0.7,0.3,-0.863436743073536,-0.4403741203983,-0.034681504992494,-0.310830881471291,0.531159178807733,-0.613101845026497,NA,NA,NA,NA,NA,NA,0.205775122093678,0.207383546869494,0.138061826141632,0.249825711900554,0.174618848048709,0.755387031614507
-1,-0.5,-0.2,0.25,0.7,0.3,-0.999084265701102,-0.740858119398782,-0.312507567506559,-0.505680628971222,0.108424145760894,-2.45387511057245,NA,NA,NA,NA,NA,NA,0.187642311153644,0.18799063421627,0.149848617726737,0.331939071542882,0.15375866450695,3.0148117156198
-1,-0.5,-0.2,0.25,0.7,0.3,-1.00998607496631,-0.583298447365044,-0.482158327560158,0.309624745501767,0.76513741548459,-0.10823678260447,NA,NA,NA,NA,NA,NA,0.150214673994748,0.164949114797559,0.136222417072431,0.267561112928697,0.229872752208264,0.313794941343169
-1,-0.5,-0.2,0.25,0.7,0.3,-0.802324766086391,-0.733887094024544,-0.0985251202367712,0.138487681486598,0.620501264850418,0.277271871254416,NA,NA,NA,NA,NA,NA,0.175648135265098,0.200893338151123,0.17115729901978,0.382480708352512,0.340968111849668,0.399119180197955
-1,-0.5,-0.2,0.25,0.7,0.3,-1.28172570828181,-0.37472834986496,-0.482097275938456,-0.285429777014796,0.157999518217901,-0.63221004938674,NA,NA,NA,NA,NA,NA,0.190254573499369,0.179339747053676,0.171218038400331,0.398561956940606,0.207867954513742,1.36131788317796
-1,-0.5,-0.2,0.25,0.7,0.3,-1.11024639731718,-0.607900764410755,-0.252328327926719,-0.723073718827357,-0.0849586286426958,-1.94288189861024,NA,NA,NA,NA,NA,NA,0.237976243878588,0.255985529851638,0.221690826689649,0.509448648028799,0.194090879064537,4.37194217402382
-1,-0.5,-0.2,0.25,0.7,0.3,-0.988714171112055,-0.343291466386087,-0.0789310864750702,0.45511803926196,0.712127459733451,0.558588039281982,NA,NA,NA,NA,NA,NA,0.170427218889973,0.191295380305801,0.162457119372085,0.365390843932679,0.308326414187442,0.29930366733585
-1,-0.5,-0.2,0.25,0.7,0.3,-1.19791998862151,-0.371290041087684,-0.670703733889747,0.0883588907033588,0.363380125315924,-0.00834758025183964,NA,NA,NA,NA,NA,NA,0.179546592197692,0.166361632247766,0.161128973077103,0.376630621097237,0.276141261482583,0.616423805532296
-1,-0.5,-0.2,0.25,0.7,0.3,-0.838598582352826,-0.759156093454714,0.0583146536123062,0.239027778261271,0.419205633508961,-0.336334416804184,NA,NA,NA,NA,NA,NA,0.153811276528563,0.159665393868228,0.131814227628584,0.388177275916828,0.303210508513263,0.517467892729679
-1,-0.5,-0.2,0.25,0.7,0.3,-1.02103399658678,-0.342196284206609,-0.101404570907323,-0.409723197711505,0.13187284845093,-0.882368959924108,NA,NA,NA,NA,NA,NA,0.203572655849943,0.193003142190603,0.183660432873483,0.425477992176327,0.152543558486202,2.06278283654029
-1,-0.5,-0.2,0.25,0.7,0.3,-1.2709807481649,-0.647036246838942,-0.492596677570463,0.185892546798552,0.416212116819652,-0.00327705994071177,NA,NA,NA,NA,NA,NA,0.177929599452743,0.163934354340136,0.179374418687128,0.442343916032358,0.364931155496663,0.498825921261764
-1,-0.5,-0.2,0.25,0.7,0.3,-1.100086305175,-0.520502005717464,-0.298669491647442,1.26030974391727,1.44828822561964,0.745590647920911,NA,NA,NA,NA,NA,NA,0.184379998840179,0.225425892027823,0.17726633483743,0.837490291087917,0.644719114349512,0.18164925457692
-1,-0.5,-0.2,0.25,0.7,0.3,-0.929155072722603,-0.768013904801515,-0.398173150278748,-0.736686893866355,0.279017568415931,-8.06872064063015,NA,NA,NA,NA,NA,NA,0.21715121381708,0.194092201764766,0.167193043521758,0.134101015365294,0.095273854164937,8.66313392592839
-1,-0.5,-0.2,0.25,0.7,0.3,-1.01764343363926,-0.363844354088752,-0.281150919232275,0.599620227675232,0.636485675958055,0.0386816406620303,NA,NA,NA,NA,NA,NA,0.139539128245439,0.141177997065332,0.139951334441743,0.492084485418541,0.333936924054455,0.366898633447501
-1,-0.5,-0.2,0.25,0.7,0.3,-1.04996159748331,-0.534926153941505,-0.263467882907208,-0.319830638032274,0.663504790069375,0.105533532103629,NA,NA,NA,NA,NA,NA,0.250688621163922,0.26945808516144,0.229136070763469,0.39337741131918,0.290467874379762,0.686148696652143
-1,-0.5,-0.2,0.25,0.7,0.3,-0.878772820056048,-0.64234579297625,-0.0628955925810309,-0.186174578172116,0.18346836354753,-0.0319295278984144,NA,NA,NA,NA,NA,NA,0.191610372786983,0.191519047106146,0.191939132539914,0.324828587843994,0.194189457360532,0.904889486912723
-1,-0.5,-0.2,0.25,0.7,0.3,-1.15744444269167,-0.423438252566767,-0.387771707345109,-0.527218067990572,0.361781587303063,-6.20649839012609,NA,NA,NA,NA,NA,NA,0.17627009423207,0.169593937623676,0.123864748195368,0.117956695470101,0.096957672930254,4.59208236721844
-1,-0.5,-0.2,0.25,0.7,0.3,-1.1270817164201,-0.648486597553738,-0.615032383529711,-0.375263918479922,0.416382848839979,0.188933915028097,NA,NA,NA,NA,NA,NA,0.243740128169565,0.251963518461638,0.237613377514209,0.487961251058946,0.299057151491167,1.1542910925683
-1,-0.5,-0.2,0.25,0.7,0.3,-1.22188338585399,-0.431363290634996,-0.382552433002316,-0.428388316798455,0.039337449609245,-1.74895394522856,NA,NA,NA,NA,NA,NA,0.180174689917172,0.175228862074815,0.170975598224753,0.32865525038574,0.118351903999305,2.13305528204774
-1,-0.5,-0.2,0.25,0.7,0.3,-0.869431652685493,-0.459425130384675,-0.326035171049354,0.387377280230754,0.552873453948248,-0.0142946104040345,NA,NA,NA,NA,NA,NA,0.14167575041812,0.148193830808095,0.121310418327216,0.332595967235253,0.233389760547459,0.385292440900292
-1,-0.5,-0.2,0.25,0.7,0.3,-0.855522050977788,-0.606443755175982,-0.137925141530004,0.140398990302584,0.661177986388418,-0.111300890533426,NA,NA,NA,NA,NA,NA,0.166988206219519,0.189168907728953,0.146137023306137,0.31197671579294,0.263038911202436,0.39787921492929
-1,-0.5,-0.2,0.25,0.7,0.3,-0.689659505763807,-0.97956672269337,-0.128674207909283,0.677859466500088,1.37132025774993,0.535209722771289,NA,NA,NA,NA,NA,NA,0.207041686513207,0.237180023550602,0.184665643116894,0.502121797900604,0.416292197366172,0.257399193150408
-1,-0.5,-0.2,0.25,0.7,0.3,-1.11798638876643,-0.506660508719849,0.0642048856436431,-0.0289266938369089,0.573719235951121,-0.432662852608498,NA,NA,NA,NA,NA,NA,0.169128971418704,0.171088537031083,0.127870167554032,0.211955174562637,0.175340873791888,0.36526210305235
-1,-0.5,-0.2,0.25,0.7,0.3,-1.05827495422752,-0.865035045398477,-0.115217314258419,0.242625058224923,0.656287527115681,-0.371801330347504,NA,NA,NA,NA,NA,NA,0.144823108600301,0.168590030246556,0.104647694652145,0.215017944180504,0.218727435168842,0.249673005247151
-1,-0.5,-0.2,0.25,0.7,0.3,-0.765964791550862,-0.211695158219087,-0.0814972588793565,0.706911984546902,0.803895053854155,0.685747570175769,NA,NA,NA,NA,NA,NA,0.16074473324914,0.163949684251602,0.129898403449258,0.626946927376291,0.467910375861222,0.311273560111676
-1,-0.5,-0.2,0.25,0.7,0.3,-1.18291079869746,-0.348482522861247,-0.331460398671304,0.760529009408817,0.835444458945466,0.108771733810737,NA,NA,NA,NA,NA,NA,0.139444868947972,0.14799790744562,0.142327795708354,0.287669533695716,0.269968585419024,0.196164471055866
-1,-0.5,-0.2,0.25,0.7,0.3,-0.832238350124953,-0.627101639869776,-0.2976876514827,-0.0594289768752372,0.59426428496023,0.0798790396277969,NA,NA,NA,NA,NA,NA,0.202495932691609,0.216434691779516,0.175780264767454,0.386912847074384,0.318016788012565,0.53343250737778
-1,-0.5,-0.2,0.25,0.7,0.3,-0.770273664568059,-0.629371453562716,0.187562213962006,0.934498954654724,0.613654419960508,0.626230400626179,NA,NA,NA,NA,NA,NA,0.150697021104711,0.168858113558615,0.13998422019851,0.708936072188669,0.602077382873915,0.291983540876022
-1,-0.5,-0.2,0.25,0.7,0.3,-0.815150961475552,-0.844326994181717,0.0262633392237766,0.206157302277667,0.986875822531414,0.161114442283358,NA,NA,NA,NA,NA,NA,0.206746325065533,0.238837857549883,0.186588181650446,0.3016678922148,0.307474460663873,0.290774337727832
-1,-0.5,-0.2,0.25,0.7,0.3,-1.37985962659516,0.0135886784787488,-0.300193588037246,0.54824477748219,0.770558084049096,0.210559206931663,NA,NA,NA,NA,NA,NA,0.164350239310065,0.159953768516072,0.142524136857704,0.372437144524715,0.334652124058519,0.259950819355777
-1,-0.5,-0.2,0.25,0.7,0.3,-0.728034150465084,-0.771465995120711,-0.547485326688699,0.681844324247887,0.888732357986121,0.348160782992885,NA,NA,NA,NA,NA,NA,0.142633175346616,0.17745841027764,0.154401293488095,0.816058135613636,0.620587064253858,0.429431547105736
-1,-0.5,-0.2,0.25,0.7,0.3,-1.16950710600967,-0.417536242702248,-0.165404280139717,-0.546667804808224,0.30846440709676,-1.06161274063866,NA,NA,NA,NA,NA,NA,0.226173534118531,0.210921704042948,0.185341224180606,0.309399491478097,0.1667264854403,1.529196427946
-1,-0.5,-0.2,0.25,0.7,0.3,-1.15419554686003,-0.730891437553412,-0.344216190104995,-0.0645698680550284,0.583287599848868,-0.409120590268425,NA,NA,NA,NA,NA,NA,0.174266447393139,0.184848916989833,0.137094962790285,0.255003162434942,0.209344485746187,0.450324456054055
-1,-0.5,-0.2,0.25,0.7,0.3,-0.970478227716544,-0.289118618796314,-0.190971680048523,0.371038675780012,0.919449085737029,0.477367901055336,NA,NA,NA,NA,NA,NA,0.191602145496143,0.209038107062031,0.147847635094846,0.491225736117857,0.35821781275293,0.450463215983359
-1,-0.5,-0.2,0.25,0.7,0.3,-0.947635590124071,-0.925372646553822,-0.0789541373284563,0.312041657035412,0.918770515674919,0.0571885898647388,NA,NA,NA,NA,NA,NA,0.161757086761113,0.225584071446145,0.136674987469634,0.285585559371032,0.298711993602695,0.270265623141489
-1,-0.5,-0.2,0.25,0.7,0.3,-0.935111086536422,-0.544778822909515,-0.38336375655816,0.767620092928898,1.21532312783489,0.31526813001913,NA,NA,NA,NA,NA,NA,0.162873837415705,0.186859104455642,0.164120615826726,0.682196621456307,0.560033276355626,0.324518057381274
-1,-0.5,-0.2,0.25,0.7,0.3,-0.866289044171202,-0.861527872515258,-0.250905697592762,-0.254718518679227,0.649035527839932,-0.0820764606116765,NA,NA,NA,NA,NA,NA,0.223235654240843,0.241583271691413,0.136297502859893,0.365492589576672,0.261414020518788,0.667914034630717
-1,-0.5,-0.2,0.25,0.7,0.3,-1.07358699257613,-0.619883565029708,-0.328558948000471,0.507569474550659,1.3487830774995,0.340041892647528,NA,NA,NA,NA,NA,NA,0.190320785195398,0.239155492443065,0.196572081520778,0.384177014397209,0.420543295985105,0.203343596982325
-1,-0.5,-0.2,0.25,0.7,0.3,-0.963983911611283,-0.856394417016144,-0.148496113095833,-0.372424833855999,0.563485769341998,-0.44443132674326,NA,NA,NA,NA,NA,NA,0.236545519384806,0.250228937295197,0.225334398507912,0.303622335361846,0.222048613966225,0.718114221191833
-1,-0.5,-0.2,0.25,0.7,0.3,-0.621835955358361,-0.523363527405247,-0.260403878527501,0.299267957325302,0.84012394759047,0.0168024849445823,NA,NA,NA,NA,NA,NA,0.171144004132777,0.188681678507577,0.132169150923261,0.38602861790335,0.366623710823524,0.359987847653701
-1,-0.5,-0.2,0.25,0.7,0.3,-0.959975100395897,-0.548399614974214,-0.253195595670348,0.469120216221838,1.00383668024242,0.219499184079951,NA,NA,NA,NA,NA,NA,0.175108826918713,0.192331219361517,0.179438868081785,0.596351976662501,0.499985050362066,0.358368644340678
-1,-0.5,-0.2,0.25,0.7,0.3,-1.45342919237542,-0.314144285795046,-0.421990992697863,-0.565644332308418,-0.0823914949367698,-1.51595155622252,NA,NA,NA,NA,NA,NA,0.210489991283512,0.243453252845795,0.192933443500276,0.354722496259501,0.158572250648113,2.11064753014874
-1,-0.5,-0.2,0.25,0.7,0.3,-0.980690360913844,-0.364100784688412,-0.485349911591401,-0.281113005781331,0.109857033896381,-0.676305049649503,NA,NA,NA,NA,NA,NA,0.177670202402478,0.171122977609652,0.156735527284332,0.308293978433466,0.144730156033687,1.19085348716558
-1,-0.5,-0.2,0.25,0.7,0.3,-0.893803529659134,-0.422925947258465,0.0128444582356591,0.0329918514080891,0.566668809930155,0.212539829433257,NA,NA,NA,NA,NA,NA,0.187790515105829,0.192977546525408,0.175987962598312,0.331771856150164,0.272663388252278,0.454865128631317
-1,-0.5,-0.2,0.25,0.7,0.3,-0.877627012062641,-0.560916751725527,-0.0577420857509793,-0.126730782728529,0.186514632042449,-0.224260305723489,NA,NA,NA,NA,NA,NA,0.188731453101339,0.176248244491689,0.166978106154829,0.546716901444345,0.330244957124125,1.32058652810955
-1,-0.5,-0.2,0.25,0.7,0.3,-1.14923774092739,-0.33279676180749,-0.388556569433278,0.0766194322605964,0.535210972612055,-0.146178992004576,NA,NA,NA,NA,NA,NA,0.170361931914271,0.190872860260918,0.149157945432084,0.545017094189374,0.417569460415634,0.788334227739158
-1,-0.5,-0.2,0.25,0.7,0.3,-1.24823052965008,-0.610873574701891,-0.348815289441081,-0.248420297185205,0.29489492321645,-0.74006620774875,NA,NA,NA,NA,NA,NA,0.18374833046034,0.184252586819874,0.168543174681976,0.321056430170247,0.199108794592698,1.03093136336411
-1,-0.5,-0.2,0.25,0.7,0.3,-1.09435617240841,-0.535811635373479,-0.403747309994539,0.210148385084731,1.01161361994901,0.240577849660095,NA,NA,NA,NA,NA,NA,0.203315527204343,0.221518233126733,0.181687654824669,0.271276902669557,0.275567340951662,0.310924368880055
-1,-0.5,-0.2,0.25,0.7,0.3,-0.771206111768756,-0.6074739757961,0.0933898123763234,0.122697570571723,0.888452720626655,0.300590007559853,NA,NA,NA,NA,NA,NA,0.203188897273959,0.240470058484453,0.152279025569907,0.337755981242624,0.293305535940579,0.324805216157872
-1,-0.5,-0.2,0.25,0.7,0.3,-1.2306556217051,-0.449083605938098,-0.313349726049132,0.174706248518801,0.63011233796386,-0.29685732026502,NA,NA,NA,NA,NA,NA,0.157035917521203,0.165453232299142,0.159355059046289,0.287586667927561,0.229023272018855,0.342203349722467
-1,-0.5,-0.2,0.25,0.7,0.3,-0.90743929761612,-0.752310808053629,-0.354739885671921,1.08149472279518,1.23821311113939,0.321346671787414,NA,NA,NA,NA,NA,NA,0.148628927263839,0.179334718735519,0.16258933413382,0.502299968767938,0.397758936363107,0.203437220208714
-1,-0.5,-0.2,0.25,0.7,0.3,-1.17621067748862,-0.281530022670208,-0.264066780762011,-0.0936962321346661,0.400928354013194,-0.552907483431587,NA,NA,NA,NA,NA,NA,0.179756431555096,0.163396484515043,0.153216376643977,0.415047065012767,0.285514011396922,1.00541878215672
-1,-0.5,-0.2,0.25,0.7,0.3,-1.07567091460662,-0.444329977624875,0.112144215778184,-0.454455233952431,0.202438905268992,-1.40077882718892,NA,NA,NA,NA,NA,NA,0.197193318321649,0.206384568386868,0.185929751074629,0.284806801012567,0.155983511312872,1.53576103640431
-1,-0.5,-0.2,0.25,0.7,0.3,-0.952187837504717,-0.352539339238849,-0.17319948588844,-0.155245869590285,0.470091688374076,0.0953470536753318,NA,NA,NA,NA,NA,NA,0.204886099208456,0.210789810561278,0.174086838405688,0.483692624886655,0.321889679851123,0.908372700898913
-1,-0.5,-0.2,0.25,0.7,0.3,-1.13999546713902,-0.267208609247242,-0.554139730462323,0.1720208056009,0.774587173547559,0.174526895518866,NA,NA,NA,NA,NA,NA,0.185250178113228,0.197968675911965,0.170596719315521,0.34321233045045,0.289813920997823,0.34745088076914
-1,-0.5,-0.2,0.25,0.7,0.3,-0.916275271558786,-0.523407443128485,-0.0800807751278618,-0.054556562046809,0.646721747705146,0.107301587526917,NA,NA,NA,NA,NA,NA,0.193134838750059,0.221495913843742,0.191218784592873,0.430445257469705,0.339680009025405,0.557603758217352
-1,-0.5,-0.2,0.25,0.7,0.3,-0.740591385007184,-0.0790444091234172,0.134732396138617,1.42326490635939,1.4869881138994,0.718102462810217,NA,NA,NA,NA,NA,NA,0.154506871381651,0.166830559345854,0.141621313766541,0.892908509223113,0.701112507533568,0.209089749205006
-1,-0.5,-0.2,0.25,0.7,0.3,-0.829221107503704,-0.521372452485752,0.0111722703510283,0.0357715708434236,0.75573798315295,0.673367861965476,NA,NA,NA,NA,NA,NA,0.234896793652617,0.242855995809429,0.203719118885188,0.553997609199038,0.40496550512385,0.532144067717062
-1,-0.5,-0.2,0.25,0.7,0.3,-1.2171207576091,-0.503031166580816,-0.43290259667969,0.04988850112277,0.36640912908029,-0.219205025378628,NA,NA,NA,NA,NA,NA,0.168403759817264,0.172952640738842,0.155929115003964,0.386455949585594,0.256386770649213,0.63392302304286
-1,-0.5,-0.2,0.25,0.7,0.3,-1.01077367467965,-0.537847819898012,-0.43385039530118,0.0252425155908625,0.862679010127474,0.119765685442661,NA,NA,NA,NA,NA,NA,0.203256651489371,0.239649952908215,0.162710184592568,0.289760902868608,0.259045941050152,0.397869824372262
-1,-0.5,-0.2,0.25,0.7,0.3,-0.850339797694549,-0.589091278499144,-0.508777908279044,0.552606668112708,0.886963289530624,0.97463093110309,NA,NA,NA,NA,NA,NA,0.209957071401648,0.243792833354265,0.146886923483007,0.65530601628001,0.551606033126644,0.397441123393309
-1,-0.5,-0.2,0.25,0.7,0.3,-1.14137869615739,-0.728870739694786,0.0289482860179785,-0.163092888979961,0.122941592559543,0.157638812624695,NA,NA,NA,NA,NA,NA,0.198780482815985,0.195344466071034,0.225673749575663,0.355796066644942,0.192475958248326,0.800041279723698
-1,-0.5,-0.2,0.25,0.7,0.3,-0.984401085516891,-0.258687497508739,-0.314825149838652,0.196951415594194,0.393906643105279,0.113709543086308,NA,NA,NA,NA,NA,NA,0.157058985336472,0.156657181887222,0.130203695006734,0.311666175162192,0.228627273359654,0.427237974915964
-1,-0.5,-0.2,0.25,0.7,0.3,-0.625760497276553,-0.552715802372027,-0.352623438908652,-0.160293656700971,0.322094907394457,0.0972061919470099,NA,NA,NA,NA,NA,NA,0.18948648197423,0.199849133676666,0.161292501398978,0.415732350046341,0.235657931798818,0.948079862350868
-1,-0.5,-0.2,0.25,0.7,0.3,-0.989941389471431,-0.359886644003198,-0.14715754338858,0.364386581795718,0.724763246154906,-0.138771671427416,NA,NA,NA,NA,NA,NA,0.140789354270411,0.165483567954761,0.122957077355444,0.3425658513465,0.291053162223962,0.30807046222188
-1,-0.5,-0.2,0.25,0.7,0.3,-1.30941226454093,-0.721989883533218,-0.274559717790509,-0.204623754268826,0.320983377600816,-1.03310257491818,NA,NA,NA,NA,NA,NA,0.178762372942338,0.170792858897705,0.147154027745014,0.269319070147238,0.171275256612846,0.938397104546345
-1,-0.5,-0.2,0.25,0.7,0.3,-1.10299932393295,-0.314940476698194,-0.0256505534990415,0.129718244554799,0.614837662993017,0.345890914716275,NA,NA,NA,NA,NA,NA,0.188443395708333,0.194705418799444,0.158869772519396,0.394880023517177,0.307050308843721,0.445561508752747
-1,-0.5,-0.2,0.25,0.7,0.3,-1.00736195656075,-0.344853585671828,-0.191473532700485,1.38341008622532,1.61680260787044,0.725853538664244,NA,NA,NA,NA,NA,NA,0.1731893982614,0.194342011070773,0.159209398426052,0.582225455327505,0.484544887678941,0.233495985883481
-1,-0.5,-0.2,0.25,0.7,0.3,-0.834355825739391,-0.0726428906049677,0.0193882584164935,0.570993952583031,1.01042536629137,0.361662814863259,NA,NA,NA,NA,NA,NA,0.168680810741398,0.179413455850921,0.161499236012835,0.66187096492866,0.608277248258455,0.365516800992615
-1,-0.5,-0.2,0.25,0.7,0.3,-1.04321234547659,-0.405106175591789,-0.155919043727404,0.0956833641739154,0.519120167809515,0.0249532300183324,NA,NA,NA,NA,NA,NA,0.170331970820779,0.180823310145473,0.149488555974978,0.323855307440829,0.252304757747579,0.449483199968424
-1,-0.5,-0.2,0.25,0.7,0.3,-1.18836226499098,-0.640600622507044,-0.480830322092113,0.882916542826327,1.21666260373591,0.248532442775042,NA,NA,NA,NA,NA,NA,0.155690220121637,0.202732678600246,0.123942648552493,0.394034171324493,0.334481556722398,0.174504509438014
-1,-0.5,-0.2,0.25,0.7,0.3,-1.27374884327636,-0.300746830051955,-0.446351206491593,-0.434385147817945,0.225731627914736,-0.988031040214975,NA,NA,NA,NA,NA,NA,0.204930790189055,0.195723232863128,0.186624008697168,0.265508875258857,0.139464239511013,1.26522956362954
-1,-0.5,-0.2,0.25,0.7,0.3,-0.982843863786608,-0.447024017391513,-0.272416568610594,0.198911912330395,0.566993143255784,0.639291088383937,NA,NA,NA,NA,NA,NA,0.197461567183795,0.216068309023116,0.157594403299189,0.360555419088434,0.315931936015526,0.419050028693465
-1,-0.5,-0.2,0.25,0.7,0.3,-1.46334770570838,-0.414640400539621,-0.156374577510645,0.34263017097557,0.785602551572445,-0.15550949274841,NA,NA,NA,NA,NA,NA,0.158882105588885,0.166981728093232,0.146222061998034,0.295545997104575,0.250996066352531,0.298279398201716
-1,-0.5,-0.2,0.25,0.7,0.3,-1.36151936230996,-0.304057174273288,-0.0264178960887639,0.241925485076115,0.790571813578035,-0.114979872979344,NA,NA,NA,NA,NA,NA,0.172778205805663,0.179766597608825,0.145327861825628,0.24373411833766,0.264259973345807,0.327117295972218
-1,-0.5,-0.2,0.25,0.7,0.3,-0.752470549940821,-0.94308532993376,-0.36004743548471,-0.175687316126781,0.436589849358868,0.258663086060806,NA,NA,NA,NA,NA,NA,0.234915925686799,0.257011870017148,0.156744615006793,0.458333478551722,0.351801768479343,0.770968439750123
-1,-0.5,-0.2,0.25,0.7,0.3,-0.91828293435597,-0.862234747346469,-0.282786692701458,0.0421589910201012,0.761606675088941,-0.207111830879659,NA,NA,NA,NA,NA,NA,0.190001840940082,0.20656820834023,0.1679175306515,0.203624999316458,0.191489197785833,0.356076305662938
-1,-0.5,-0.2,0.25,0.7,0.3,-1.27605283292594,-0.777541553608367,-0.198955864630879,0.355935024411763,0.710019831045605,0.226794344357041,NA,NA,NA,NA,NA,NA,0.181386871956855,0.201461856570664,0.20395881901719,0.376183819064311,0.347664628600035,0.313115292784525
-1,-0.5,-0.2,0.25,0.7,0.3,-1.02591839468098,-0.351071583418978,-0.0549523644424011,-0.0239104561601936,0.831933307622825,-0.00711655305241884,NA,NA,NA,NA,NA,NA,0.18894778482442,0.213100199568455,0.162529950663466,0.35850008809217,0.348805293897731,0.478318909569806
-1,-0.5,-0.2,0.25,0.7,0.3,-0.833918724487946,-0.635714429117147,-0.443759663421738,0.689941808480701,1.06164316528846,0.454304349276826,NA,NA,NA,NA,NA,NA,0.163755409524167,0.185493144930826,0.145061061551574,0.384649229580036,0.38665650201441,0.271870764603343
-1,-0.5,-0.2,0.25,0.7,0.3,-0.963049972926667,-0.75844292683587,-0.376987267139971,-0.119562161682271,0.636613804769949,-0.398118299536486,NA,NA,NA,NA,NA,NA,0.186591775361089,0.200017960232236,0.185633961677188,0.286189786315233,0.202115328730132,0.515172879735378
-1,-0.5,-0.2,0.25,0.7,0.3,-1.059712934175,-0.31038464863232,-0.46371789812736,0.730439502751229,1.10009812822159,0.449446579555369,NA,NA,NA,NA,NA,NA,0.163275212166293,0.214204952471852,0.153092915780112,0.391094685447071,0.410585198865448,0.213203332628384
-1,-0.5,-0.2,0.25,0.7,0.3,-1.02675049240919,-0.449015708618965,-0.163586925075031,0.578605543611872,0.821603729071608,0.212895039252762,NA,NA,NA,NA,NA,NA,0.148820135049124,0.172870898051791,0.128920055304505,0.33508302592355,0.295930929132178,0.261608147025814
-1,-0.5,-0.2,0.25,0.7,0.3,-1.13431394676241,-0.446461628129969,-0.384099473165717,0.275746071720898,0.612070556035114,-0.123403208185556,NA,NA,NA,NA,NA,NA,0.152384593432922,0.149710498742579,0.103599046935334,0.220042447997623,0.179481573650535,0.296535977653396
-1,-0.5,-0.2,0.25,0.7,0.3,-1.01464252753556,-0.640622723296411,-0.252868310855713,0.709158451556019,1.43811385871775,0.838985726475557,NA,NA,NA,NA,NA,NA,0.205604437865932,0.248022557267371,0.164076781345365,0.493648085441461,0.461569460905454,0.334323387563979
-1,-0.5,-0.2,0.25,0.7,0.3,-0.569838593858105,-0.474319467564919,-0.102513103775028,0.259620899938173,0.708105164667469,-0.121214603471441,NA,NA,NA,NA,NA,NA,0.143986413897063,0.163969758318793,0.103363013130698,0.239822569789432,0.246063685109402,0.318415119853865
-1,-0.5,-0.2,0.25,0.7,0.3,-0.716724331600951,-0.319357537501575,-0.339081613137618,0.218855618200803,0.384603551161401,0.26541494429257,NA,NA,NA,NA,NA,NA,0.173848789684936,0.156351133483828,0.142342003018949,0.636619497652435,0.420327809901292,0.698699118052897
-1,-0.5,-0.2,0.25,0.7,0.3,-0.891367120117214,-0.591919229389687,0.0223950895696757,1.06297154811818,1.38796320512509,0.51376168051731,NA,NA,NA,NA,NA,NA,0.159765096864873,0.212307173779098,0.183748057701537,0.496464194223959,0.389795643812407,0.191422016642254
-1,-0.5,-0.2,0.25,0.7,0.3,-0.797316388832978,-0.649272846982363,-0.40767572605467,-0.149507544383277,0.347906709938744,-0.342202809319992,NA,NA,NA,NA,NA,NA,0.191176027852974,0.192595786777463,0.172318792429726,0.433703939735409,0.297462066431624,1.04471229538187
-1,-0.5,-0.2,0.25,0.7,0.3,-0.737734907381822,-1.08322568229698,-0.198143020930766,0.909077041348287,1.38538032025967,0.757835072078213,NA,NA,NA,NA,NA,NA,0.18489128378647,0.233637088966103,0.151437018895345,0.616108910737362,0.500491585141333,0.28271399181163
-1,-0.5,-0.2,0.25,0.7,0.3,-0.964650498971129,-0.441162926978979,-0.0171627570307151,0.195325918761387,0.78463367895173,0.132021930650286,NA,NA,NA,NA,NA,NA,0.17506030934638,0.182049084887404,0.145710302890219,0.278882117111554,0.250387839798979,0.289528412778506
-1,-0.5,-0.2,0.25,0.7,0.3,-0.999149861216333,-0.807260525907338,-0.26361570190019,-0.160075466686051,0.370633539082252,-0.499783722261846,NA,NA,NA,NA,NA,NA,0.193038907808133,0.192462041264901,0.142265761257216,0.255749266082062,0.206039468722942,0.648965632622359
-1,-0.5,-0.2,0.25,0.7,0.3,-0.939020862197551,-0.485632360577176,-0.400960018192495,0.378843927112336,0.714133084263728,0.291291752265471,NA,NA,NA,NA,NA,NA,0.171134515467004,0.176953241011833,0.145706635987462,0.305703419385763,0.282126852413994,0.333959127189698
-1,-0.5,-0.2,0.25,0.7,0.3,-1.26959485132276,-0.314643567468178,-0.216717294845895,0.311687266365964,0.728258272974182,0.525357260249098,NA,NA,NA,NA,NA,NA,0.188682890780628,0.200478953579377,0.177861354922425,0.47061121164955,0.402677681732367,0.315863881343019
-1,-0.5,-0.2,0.25,0.7,0.3,-0.775052135883747,-0.145402045675575,-0.234690906349708,-0.52269786701927,0.227218458659115,-0.952670320613015,NA,NA,NA,NA,NA,NA,0.22588177371122,0.216353613591718,0.201409534610594,0.289433699906854,0.156266957311914,1.53793309756708
-1,-0.5,-0.2,0.25,0.7,0.3,-1.03668883563064,-0.564983430995967,-0.176502518922887,0.157723594975886,0.864915866363513,-0.00159167908032024,NA,NA,NA,NA,NA,NA,0.18414016403414,0.221566571913282,0.138472014956656,0.559215361811164,0.406502516719557,0.636411021175741
-1,-0.5,-0.2,0.25,0.7,0.3,-1.16798382860385,-0.540343298448797,-0.183692336777621,0.409696254446055,0.802549414285416,0.299219975887852,NA,NA,NA,NA,NA,NA,0.167950549584455,0.201590914205341,0.157542625781567,0.411409231060963,0.344302164692141,0.386331104617309
-1,-0.5,-0.2,0.25,0.7,0.3,-1.17038144721647,-0.629067388694397,-0.363570987045576,0.231820933560588,0.909016352855792,0.212001270684401,NA,NA,NA,NA,NA,NA,0.185002547143933,0.221093751142773,0.164756261916702,0.343991535420037,0.273835029251655,0.322520321941247
-1,-0.5,-0.2,0.25,0.7,0.3,-1.08190299126293,-0.484180077179247,-0.019074761529411,0.458951503834506,0.467588915229777,0.510070782306178,NA,NA,NA,NA,NA,NA,0.163381115735105,0.164538108455075,0.169139505232468,0.370168423527801,0.297860619209154,0.32372122066596
-1,-0.5,-0.2,0.25,0.7,0.3,-0.831846859264099,-0.412179738903724,-0.277081336886349,0.829004099682962,1.31511368918733,1.25885351356269,NA,NA,NA,NA,NA,NA,0.223856240917258,0.250865421013048,0.224666253794987,0.934421923477843,0.744560849957188,0.470230326029955
-1,-0.5,-0.2,0.25,0.7,0.3,-0.735422768805744,-0.912563847661331,-0.0267800172032541,-0.0068605610420007,0.784162884293375,0.535690205866548,NA,NA,NA,NA,NA,NA,0.227340089212314,0.275966170492675,0.202863848419078,0.333799359168154,0.308221325859829,0.428646138000667
-1,-0.5,-0.2,0.25,0.7,0.3,-1.06853249948229,-0.512203820945592,-0.0127166094936056,0.246107010003207,0.548122010390493,-0.434650211230189,NA,NA,NA,NA,NA,NA,0.138828637220393,0.149613993601209,0.132722248639497,0.321331012153406,0.227535505910557,0.487999719603451
-1,-0.5,-0.2,0.25,0.7,0.3,-0.741146863900891,-0.347342071629928,-0.342671641130945,0.11350377164973,0.587337756066427,0.0323977209399293,NA,NA,NA,NA,NA,NA,0.181433271832462,0.17935743815236,0.144908229740848,0.422809792335907,0.298952364486406,0.636258344143659
-1,-0.5,-0.2,0.25,0.7,0.3,-0.732716214178259,-1.06623075292568,-0.27914667473984,0.114819191396297,0.979359929180491,-0.142893243498431,NA,NA,NA,NA,NA,NA,0.201923920922444,0.232224527923335,0.157350574627184,0.242112666803498,0.243951442552892,0.259433739346826
-1,-0.5,-0.2,0.25,0.7,0.3,-0.799727130968947,-0.669280631650792,-0.307094423232759,0.161265574918724,0.474414760985464,0.03918042391964,NA,NA,NA,NA,NA,NA,0.16644672009147,0.179750067391738,0.140006860477427,0.386387445891581,0.271729752973338,0.479488984163012
-1,-0.5,-0.2,0.25,0.7,0.3,-0.951179980228832,-0.604970636890486,0.108198727940821,1.05472217742933,1.57676675748261,0.575376481847945,NA,NA,NA,NA,NA,NA,0.170257132163087,0.218617298281022,0.160270532380566,0.48683133436169,0.49070527535815,0.203868239094941
-1,-0.5,-0.2,0.25,0.7,0.3,-1.42604238970667,-0.552101040643121,-0.49069515524408,0.185725039556416,0.539523923554307,-0.0605697650704955,NA,NA,NA,NA,NA,NA,0.177599686529706,0.176573088582358,0.166117522344398,0.241017646112464,0.217488714621285,0.311684558172944
-1,-0.5,-0.2,0.25,0.7,0.3,-0.86357118100449,-0.764357303575638,-0.105036014756326,0.225399871497594,0.412202080388722,0.420172733107066,NA,NA,NA,NA,NA,NA,0.172254440065867,0.191232873761394,0.182568758388204,0.467746396486235,0.405523143596441,0.465888947238821
-1,-0.5,-0.2,0.25,0.7,0.3,-1.20615646870076,-0.424764322871781,0.0633846516799655,0.409132894413474,0.748728257960976,-0.179033867622887,NA,NA,NA,NA,NA,NA,0.138202903806583,0.193059734628524,0.131303479895861,0.295747553530658,0.227770354916237,0.288493946681303
-1,-0.5,-0.2,0.25,0.7,0.3,-0.50123629556141,-0.660677215808021,-0.134512292943751,0.306199991037805,1.07586254299871,0.2142705974635,NA,NA,NA,NA,NA,NA,0.201289371715453,0.257677587861582,0.142911457053008,0.372975926817738,0.329086202738445,0.304930271853101
-1,-0.5,-0.2,0.25,0.7,0.3,-0.838442944647295,-0.347365414623085,0.0942630957895195,0.500005005506049,1.01658074721952,0.521906062880472,NA,NA,NA,NA,NA,NA,0.18796580840923,0.203874098293226,0.164688301096385,0.618170213084418,0.527443279053338,0.384417834057514
-1,-0.5,-0.2,0.25,0.7,0.3,-1.09515950510511,-0.628222659108586,-0.354970357853728,0.17088939262071,0.648293009254048,-0.296906775435866,NA,NA,NA,NA,NA,NA,0.158468636689901,0.169560190355314,0.168915321630821,0.309015013622704,0.240311435903655,0.418850615642081
-1,-0.5,-0.2,0.25,0.7,0.3,-0.890447407142897,-0.372088283772056,-0.180111042193515,0.882471036473523,1.23966380125629,0.290259024027993,NA,NA,NA,NA,NA,NA,0.159317340528401,0.179292831847084,0.116444199305914,0.490905225388879,0.442356964435987,0.262270241804288
-1,-0.5,-0.2,0.25,0.7,0.3,-1.09964606970254,-0.536484260481904,0.102033400003568,0.201254669253086,0.496790936228617,0.444551864626271,NA,NA,NA,NA,NA,NA,0.183558312011268,0.198082875040167,0.175643892682206,0.392546144936944,0.298949457161348,0.464563280747824
-1,-0.5,-0.2,0.25,0.7,0.3,-1.00611662711652,-0.544721466873019,-0.22921278580434,-0.0502389905221183,0.15323593768841,0.36736976107267,NA,NA,NA,NA,NA,NA,0.198536420687874,0.183365192717326,0.159024222882092,0.611894949963597,0.377339626829905,0.960958357278908
-1,-0.5,-0.2,0.25,0.7,0.3,-0.901723115439291,-0.455803365839529,-0.0946900737363898,0.195713752055294,0.709365350023964,-0.114034947935658,NA,NA,NA,NA,NA,NA,0.153800541097476,0.165275686883097,0.139297920956421,0.259290794237383,0.24712827046834,0.351080328039111
-1,-0.5,-0.2,0.25,0.7,0.3,-0.677340221008697,-0.405145634850304,-0.0153143055069267,0.288645956571355,0.578057964979681,0.4797120448993,NA,NA,NA,NA,NA,NA,0.167584480319692,0.175112396606112,0.141100793708179,0.519914827229534,0.413462240970629,0.455163165068005
-1,-0.5,-0.2,0.25,0.7,0.3,-0.851603228297648,-0.51527501021662,-0.173916621715743,0.837921693788778,1.6099627294575,0.354241876031209,NA,NA,NA,NA,NA,NA,0.175723493078268,0.200153775917675,0.183308268000393,0.613695117072631,0.58988032178564,0.275240634424233
-1,-0.5,-0.2,0.25,0.7,0.3,-0.698162092927469,-1.04028926784013,-0.119354439468744,-0.132058781361143,0.562091771482672,-0.415428499836647,NA,NA,NA,NA,NA,NA,0.204094908583587,0.226362319485213,0.168760870267568,0.240441687970917,0.210099729420004,0.5175631313943
-1,-0.5,-0.2,0.25,0.7,0.3,-0.724036399446134,-0.453911060183931,-0.096390323029439,0.071407153398362,0.539266329889179,0.0373472996188942,NA,NA,NA,NA,NA,NA,0.170040702359342,0.178123655398858,0.143008507351545,0.242859405149431,0.209495709789928,0.396834599353553
-1,-0.5,-0.2,0.25,0.7,0.3,-1.01996397830688,-0.579186100707654,-0.183968194130189,0.213353669762143,0.921842043388423,0.279549582276856,NA,NA,NA,NA,NA,NA,0.200409951009326,0.236299020796257,0.216043038564525,0.404221744597995,0.364841998285101,0.283684494917683
-1,-0.5,-0.2,0.25,0.7,0.3,-0.976595613490515,-0.425542874737337,-0.260300482919449,0.423282946270636,1.1337253871832,0.31337205055674,NA,NA,NA,NA,NA,NA,0.1860175212732,0.219748600064195,0.154898601695214,0.309659460101408,0.336543449736614,0.257686784763723
-1,-0.5,-0.2,0.25,0.7,0.3,-0.864756388893181,-0.537263418284071,-0.151373523435963,0.300794406377267,0.317542798952276,0.194402832895774,NA,NA,NA,NA,NA,NA,0.155754905534942,0.14922418848676,0.129993567293002,0.365340399371778,0.243963918974305,0.478367007298625
-1,-0.5,-0.2,0.25,0.7,0.3,-0.735586150981365,-0.775240075134329,-0.0644718275208719,-0.175024293570302,0.720375898784321,-0.0101523963721982,NA,NA,NA,NA,NA,NA,0.221825928680031,0.25262111863583,0.211534356147045,0.242563222305279,0.187328644753852,0.409195569425734
-1,-0.5,-0.2,0.25,0.7,0.3,-1.07636726278015,-0.174478009733289,-0.253335778458843,0.678839222073002,1.11128540298877,0.296378408719454,NA,NA,NA,NA,NA,NA,0.17233617615736,0.192400468259014,0.137832161350357,0.465160521914427,0.394698998106067,0.300855847683956
-1,-0.5,-0.2,0.25,0.7,0.3,-1.12534617199722,-0.527950308033268,-0.21552420472192,-0.172163618509743,0.352247280244202,-0.624021706135094,NA,NA,NA,NA,NA,NA,0.185240155774009,0.180995388431795,0.16498271885391,0.288643033201592,0.154756077356922,0.855635039911271
-1,-0.5,-0.2,0.25,0.7,0.3,-0.670749432508135,-0.0706895206933277,-0.178958991577625,-0.741458127447555,0.0422847103935137,-3.61512382324133,NA,NA,NA,NA,NA,NA,0.241008306973281,0.245512778227503,0.2077269232716,0.374734739088494,0.111558549243297,5.97712727120569
-1,-0.5,-0.2,0.25,0.7,0.3,-0.957834275564712,-0.595723726350694,-0.238944966004957,-0.893485205329964,0.194297302269618,-9.71420557455864,NA,NA,NA,NA,NA,NA,0.236474470188006,0.221122057962297,0.183306807084047,0.142699337380978,0.10375190336798,12.4401029092593
-1,-0.5,-0.2,0.25,0.7,0.3,-0.859561039663484,-0.484826796784009,-0.180126293383616,0.0298843231773294,0.815199880558473,0.0555137552284959,NA,NA,NA,NA,NA,NA,0.195466214915353,0.21984017754513,0.155496619481772,0.328725012193533,0.241351610238803,0.448568851486459
-1,-0.5,-0.2,0.25,0.7,0.3,-1.08324154822987,-0.182132663330455,-0.0806196266864453,0.0181052813109571,0.398289851469822,-0.676490498306336,NA,NA,NA,NA,NA,NA,0.145843588811914,0.142856262153032,0.107241549424576,0.245122074063744,0.162452351691275,0.599231574834534
-1,-0.5,-0.2,0.25,0.7,0.3,-0.692815988600776,-0.992910546065598,-0.289760847627482,-0.0902949892925542,0.816006106223544,0.233522097018007,NA,NA,NA,NA,NA,NA,0.251190630161926,0.298217753318308,0.215592051327053,0.323695849922504,0.254450263384275,0.416521721631524
-1,-0.5,-0.2,0.25,0.7,0.3,-0.939675737085436,-0.429111072093848,-0.0854174982858604,0.479867730743034,0.888364024352671,0.503118386416286,NA,NA,NA,NA,NA,NA,0.177820894060482,0.199495162748145,0.167200463518086,0.500858154994948,0.412042794686741,0.313655784327315
-1,-0.5,-0.2,0.25,0.7,0.3,-1.1353842701666,-0.763651188813228,-0.545121020879346,0.00829051900083048,0.855628355851785,0.0603727411415217,NA,NA,NA,NA,NA,NA,0.218809163153703,0.242590442628149,0.240504439090566,0.261709899414293,0.258493600264671,0.326885960888072
-1,-0.5,-0.2,0.25,0.7,0.3,-1.1447150034698,-0.291566752707321,-0.183828808303344,0.383554862367015,0.829984596960752,0.284140818723175,NA,NA,NA,NA,NA,NA,0.172160910850994,0.189190008675562,0.167671963296923,0.352254276115739,0.294002562536919,0.293862704571724
-1,-0.5,-0.2,0.25,0.7,0.3,-0.850283366333187,-0.18614686618478,-0.44828742962776,0.200866179067061,0.687583803391994,0.286936162212467,NA,NA,NA,NA,NA,NA,0.189387348837794,0.20502853725894,0.194540459906501,0.435293063701394,0.334147357866613,0.45034192733348
-1,-0.5,-0.2,0.25,0.7,0.3,-1.04890639998815,-0.458948820483161,-0.0875549535711737,0.29765095729478,0.604834124196007,0.0110960895432006,NA,NA,NA,NA,NA,NA,0.149694143899282,0.168944109249768,0.163305242924387,0.414031522312656,0.369651968555973,0.362846462286081
-1,-0.5,-0.2,0.25,0.7,0.3,-0.938292024957526,-0.665903542615872,-0.256654305016547,1.28089111023896,1.18421372801709,0.578876678624695,NA,NA,NA,NA,NA,NA,0.147687045259528,0.169446318610401,0.170295656955732,0.693856792134071,0.585296901744127,0.239373720853118
-1,-0.5,-0.2,0.25,0.7,0.3,-0.949500401915853,-0.539731473241481,-0.1652171447827,0.173187581418429,0.795966244019536,-0.263649671488596,NA,NA,NA,NA,NA,NA,0.167627393034418,0.186733459093114,0.138679690059672,0.245460323054987,0.201166464524111,0.316376090996945
-1,-0.5,-0.2,0.25,0.7,0.3,-0.772194092493926,-0.60095014681339,0.0245100098238111,0.502076870574254,1.10315108470376,0.192563152099361,NA,NA,NA,NA,NA,NA,0.153583222931258,0.196650148254144,0.148910845234756,0.47487573413485,0.469795551897726,0.281544600629297
-1,-0.5,-0.2,0.25,0.7,0.3,-0.837879951612799,-0.714594661072822,-0.47810709834172,0.243013907887423,0.951705382172656,0.234060145044986,NA,NA,NA,NA,NA,NA,0.194946975337931,0.221161751346162,0.168268672413754,0.328900716595988,0.284271017929553,0.29006422495118
-1,-0.5,-0.2,0.25,0.7,0.3,-1.06906555787662,-0.424136200449173,-0.525609001408714,0.310896566977419,1.06227377802309,0.583123501575091,NA,NA,NA,NA,NA,NA,0.205444336980762,0.221137866103339,0.187228603046521,0.455731984493523,0.378145938258949,0.362216465084012
-1,-0.5,-0.2,0.25,0.7,0.3,-0.560959884740326,-0.595451235861922,-0.169849117278509,0.0993199838568499,0.816021288125143,0.199125156580056,NA,NA,NA,NA,NA,NA,0.190381876092693,0.202977715549802,0.142267049129087,0.422080651926114,0.33941193225807,0.496275782858037
-1,-0.5,-0.2,0.25,0.7,0.3,-0.803875539150385,-0.515072733955801,-0.151424318748027,1.25695639935792,1.32400128581711,0.8341247840771,NA,NA,NA,NA,NA,NA,0.171288585700558,0.187187635303963,0.136728833713454,1.41489465919141,1.08387857833918,0.326757051422093
-1,-0.5,-0.2,0.25,0.7,0.3,-1.07873995448395,-0.513516755281934,-0.258129460238345,-0.522566982953086,0.343104562424063,-1.36735938591168,NA,NA,NA,NA,NA,NA,0.211078472161062,0.201372609794207,0.202642540605483,0.246740024416418,0.146547805184093,1.24546993714797
-1,-0.5,-0.2,0.25,0.7,0.3,-0.931596995344757,-0.835148018754587,-0.0906799318282424,0.385691299531624,0.869255733326414,0.41154906022878,NA,NA,NA,NA,NA,NA,0.191479831273125,0.223958379365142,0.172738407079425,0.387921759356791,0.306359637999954,0.323463281861264
-1,-0.5,-0.2,0.25,0.7,0.3,-1.14634050500417,-0.44821896178859,-0.582105721561611,0.131107042836645,0.425587770215685,-0.0134985324681349,NA,NA,NA,NA,NA,NA,0.163810965298206,0.165605329592461,0.147243602861532,0.31263542507147,0.208933660940704,0.4601426084795
-1,-0.5,-0.2,0.25,0.7,0.3,-1.12400168392377,-0.787119302003809,-0.217482665163987,-0.0939864912288664,0.379719843260438,-0.00942058448620399,NA,NA,NA,NA,NA,NA,0.198227593245629,0.200554531668751,0.166395447589678,0.362989117997763,0.263900274808283,0.646040451712025
-1,-0.5,-0.2,0.25,0.7,0.3,-0.984863083492497,-0.623697970635857,-0.111390519630743,0.338650381903994,0.998184018688201,0.209126141138986,NA,NA,NA,NA,NA,NA,0.1797998671394,0.216064916012227,0.151867067748439,0.304280024481872,0.264927885617999,0.309581846675019
-1,-0.5,-0.2,0.25,0.7,0.3,-0.683277893729973,-1.02596983058703,-0.320290102037594,-0.278416830922616,0.75826511709898,0.162217626464715,NA,NA,NA,NA,NA,NA,0.270365362597578,0.290690478537889,0.194388121207401,0.332753688834708,0.228332328566234,0.562394306695498
-1,-0.5,-0.2,0.25,0.7,0.3,-0.76497061887223,-0.350909794511825,-0.128819078779259,0.261693937173403,0.440955922109305,0.352761992947774,NA,NA,NA,NA,NA,NA,0.158350320250747,0.162767617570409,0.13830424775834,0.350584911868436,0.254342165577135,0.421836967171244
-1,-0.5,-0.2,0.25,0.7,0.3,-0.712904621171109,-0.578932007222846,0.110103883953552,-0.579277078608217,0.210959228411484,-0.865410325607915,NA,NA,NA,NA,NA,NA,0.243335435425234,0.245914733114545,0.187642022416054,0.3919624001229,0.15556379085538,2.11871238812997
-1,-0.5,-0.2,0.25,0.7,0.3,-1.38263133962706,-0.72390110923753,-0.441362632221406,-0.359919919459023,0.376113836116537,-1.34600289897376,NA,NA,NA,NA,NA,NA,0.209422515056017,0.189717358674609,0.163687718856882,0.26419545073581,0.16684788273827,1.04274404480447
-1,-0.5,-0.2,0.25,0.7,0.3,-0.708361114596982,-0.596034340935117,-0.624583050878766,0.0169378442109827,0.619805045926501,0.397153205630159,NA,NA,NA,NA,NA,NA,0.204996485539959,0.212105348080664,0.176440025274992,0.313816800431726,0.247077236827233,0.450948864108455
-1,-0.5,-0.2,0.25,0.7,0.3,-0.593662471425593,-0.561980639238419,-0.105658195431387,0.112276765917426,0.885418924081545,0.115053722781872,NA,NA,NA,NA,NA,NA,0.188618566133225,0.2102552666411,0.135181910125196,0.563269958952243,0.457351428338323,0.599477592023216
-1,-0.5,-0.2,0.25,0.7,0.3,-0.98977852553306,-0.331363135333214,-0.164264798082608,0.232628169297973,0.741632154092469,0.233467581834011,NA,NA,NA,NA,NA,NA,0.174899595749607,0.193248636036692,0.132826547169339,0.387405388018342,0.317641239397105,0.355511703274925
-1,-0.5,-0.2,0.25,0.7,0.3,-0.828265631800209,-0.305535577902711,-0.137425294447802,0.430588810784905,0.717320320361934,0.650956296756285,NA,NA,NA,NA,NA,NA,0.174803962151691,0.189117677370629,0.162277462451162,0.427716552574642,0.385202600764094,0.340986557527199
-1,-0.5,-0.2,0.25,0.7,0.3,-1.02630131262922,-0.419979152520403,0.00397341510619148,0.147422050078381,0.397386427606818,0.572022666997604,NA,NA,NA,NA,NA,NA,0.186369205918482,0.19091678395887,0.192705282738324,0.471205501125056,0.346762301616987,0.524822856288329
-1,-0.5,-0.2,0.25,0.7,0.3,-0.789602852380247,-0.580664238867449,0.0454493825258534,-0.0873051813166898,0.697716066957189,0.0298728920761728,NA,NA,NA,NA,NA,NA,0.200719673848957,0.376900115709724,0.193271796519519,1.21803373377975,1.04115643425059,1.55464328474136
-1,-0.5,-0.2,0.25,0.7,0.3,-1.00913435166609,-0.639636245948929,-0.158955592405477,0.280801543766456,0.968780322192854,0.0732463872280237,NA,NA,NA,NA,NA,NA,0.179004615516259,0.215785141242546,0.133810962596812,0.343308295037081,0.355717472557643,0.283967463378638
-1,-0.5,-0.2,0.25,0.7,0.3,-0.800689674391062,-0.713201231205246,-0.40662628409344,-0.0958980175539934,0.4809956683898,0.426644406052495,NA,NA,NA,NA,NA,NA,0.206986080991681,0.218361659491548,0.21460614070153,0.504435808327206,0.423012244794354,0.696598564035581
-1,-0.5,-0.2,0.25,0.7,0.3,-1.11144189304558,-0.285063879303494,-0.40443997363769,0.20193306065072,0.403858497551832,0.72201244815891,NA,NA,NA,NA,NA,NA,0.205299485849719,0.193212844197917,0.167938769292761,0.503534673296147,0.410676637652643,0.481128793603411
-1,-0.5,-0.2,0.25,0.7,0.3,-0.963197360801897,-0.513463106701941,-0.195414088590616,0.378366546494034,0.506909765465794,0.582543655481068,NA,NA,NA,NA,NA,NA,0.174177647363372,0.184105022672082,0.185318505876595,0.417237374961925,0.339784482958213,0.363910126661352
-1,-0.5,-0.2,0.25,0.7,0.3,-0.94591062435528,-0.604300886408083,0.0287604895549814,-0.172843361976652,0.638578353877027,-0.0347509012971972,NA,NA,NA,NA,NA,NA,0.211742564716955,0.242527613297979,0.228592688399134,0.409775147059738,0.307551943069495,0.690310798643728
-1,-0.5,-0.2,0.25,0.7,0.3,-0.807506284970691,-0.745892699889994,-0.310739495917186,0.765169779070431,1.43315422533108,0.352537332564486,NA,NA,NA,NA,NA,NA,0.186435871241557,0.240557706737809,0.131807261191315,0.454834218724968,0.418250527641769,0.243738493580414
-1,-0.5,-0.2,0.25,0.7,0.3,-1.06905994730669,-0.719850742812105,-0.357641603282561,0.128923028884542,0.916576040413434,0.209210142925294,NA,NA,NA,NA,NA,NA,0.198707864797379,0.238125857512213,0.200161549262294,0.36828326831395,0.316896564251787,0.341492841981075
-1,-0.5,-0.2,0.25,0.7,0.3,-0.968692700168214,-0.377710509416466,-0.129946508121796,-0.0875379299036359,0.381591379527174,0.00316551322925405,NA,NA,NA,NA,NA,NA,0.185055759730572,0.185772336504228,0.153696073796785,0.314513614916418,0.199683803677771,0.63283437553275
-1,-0.5,-0.2,0.25,0.7,0.3,-0.677570924606793,-0.564803408084464,-0.22235347410347,0.287758810561445,0.666638620112694,0.451185250588989,NA,NA,NA,NA,NA,NA,0.180840344482508,0.199213528210425,0.150393870274014,0.327524900935744,0.258864759436702,0.365213284588507
-1,-0.5,-0.2,0.25,0.7,0.3,-1.25430937810994,-0.334912599653908,0.0243660339620912,-0.118456625498622,0.473761505860893,0.031877622523756,NA,NA,NA,NA,NA,NA,0.239859524017806,0.223303122371298,0.173398587534018,0.564057887781677,0.348552510413367,1.01031496496515
-1,-0.5,-0.2,0.25,0.7,0.3,-1.01859746993509,-0.262457270552611,0.0997391930211537,0.830845205860536,1.1496157441266,0.129516059206793,NA,NA,NA,NA,NA,NA,0.141058651781315,0.154285843933169,0.126252918610181,0.454789670294534,0.363691270468689,0.221202270446661
-1,-0.5,-0.2,0.25,0.7,0.3,-0.73331394523775,-0.442937978423578,-0.147844543775537,0.631144793667657,0.81802974123162,0.758808433576227,NA,NA,NA,NA,NA,NA,0.177030227432825,0.188554288323729,0.175122960006931,0.690876469866426,0.556597377953631,0.378676027347207
-1,-0.5,-0.2,0.25,0.7,0.3,-0.963592715385106,-0.470580320106053,-0.181513700284578,0.379406571251694,0.956785450723295,0.22885574070181,NA,NA,NA,NA,NA,NA,0.164285962935191,0.209250495553644,0.130914735233401,0.314421337130523,0.302435693006234,0.260940945393999
-1,-0.5,-0.2,0.25,0.7,0.3,-1.33391995231595,-0.572897843622594,-0.394968367322669,-0.15686093697525,0.520789062601394,-0.232386282272778,NA,NA,NA,NA,NA,NA,0.193449911483626,0.203292753610914,0.199998732575597,0.245809877235425,0.209122025661526,0.481143415343031
-1,-0.5,-0.2,0.25,0.7,0.3,-1.00754336154375,-0.566148767623591,-0.295367959165381,0.0609488215225619,0.57640922736628,0.256356162456274,NA,NA,NA,NA,NA,NA,0.193084864327903,0.209176108305443,0.160377251786438,0.333424206347467,0.275563526676564,0.435949496338646
-1,-0.5,-0.2,0.25,0.7,0.3,-1.00543443029498,-0.237527929788474,-0.239927336024045,0.661595336583288,0.925817118704509,-0.0101209731123855,NA,NA,NA,NA,NA,NA,0.130088593194949,0.14453563850839,0.115421143223224,0.357773391936914,0.342930326747807,0.203757522544959
-1,-0.5,-0.2,0.25,0.7,0.3,-1.01592719690399,-0.374129690919251,-0.114212354622922,1.30689373228799,1.44507617783443,0.357227761526362,NA,NA,NA,NA,NA,NA,0.146367365831769,0.183264833426892,0.173942944843804,0.708228662904994,0.558649365101089,0.251156490474156
-1,-0.5,-0.2,0.25,0.7,0.3,-0.77285441301476,-1.20759788176258,-0.212021972727203,-0.208774085010417,0.530146645621387,-0.234433220460184,NA,NA,NA,NA,NA,NA,0.231864713789867,0.234454795530197,0.20909872312796,0.227444050876826,0.202295163371232,0.495889655119206
-1,-0.5,-0.2,0.25,0.7,0.3,-1.11572932609766,-0.524982520339079,-0.0323828887340799,0.168534855191742,0.480446049844158,0.0151837351666677,NA,NA,NA,NA,NA,NA,0.175618392314696,0.171594196949677,0.156565743239225,0.300695497642668,0.239070731249812,0.442796583699089
-1,-0.5,-0.2,0.25,0.7,0.3,-1.4432339601644,-0.375024257050155,-0.239604974262967,0.0739537500970026,0.0394082914276412,0.20483296432804,NA,NA,NA,NA,NA,NA,0.259614138659866,0.153042908339053,0.203395563352126,1.07524175126097,0.65803172747759,1.37685052663313
-1,-0.5,-0.2,0.25,0.7,0.3,-0.689638591939085,-0.564248911615535,-0.144245846936686,0.957724342616191,1.59799221899143,0.716886868851889,NA,NA,NA,NA,NA,NA,0.185363845656002,0.220758987105091,0.161761591338711,0.732758540807165,0.639875316053278,0.302865741871835
-1,-0.5,-0.2,0.25,0.7,0.3,-1.07281855617246,-0.604387931503232,-0.0505000040761984,0.421918275011343,0.608893128787509,0.4612294216922,NA,NA,NA,NA,NA,NA,0.171992715540926,0.185373527034267,0.196078083488894,0.427038067559445,0.330458744191017,0.375741692072635
-1,-0.5,-0.2,0.25,0.7,0.3,-1.19094244277946,-0.597212095718205,-0.366489018725711,0.669740983587941,1.10886666689678,-0.034077383393622,NA,NA,NA,NA,NA,NA,0.153089276035188,0.17459031769952,0.159290997823704,0.286979607128009,0.27807331457955,0.23467853730331
-1,-0.5,-0.2,0.25,0.7,0.3,-1.072864647496,-0.616232204869938,-0.544761234048967,0.137595812358464,0.900691479952442,0.39824287503887,NA,NA,NA,NA,NA,NA,0.212329665521592,0.236306618993443,0.168024141036976,0.324230815251615,0.315441166427443,0.365567102155228
-1,-0.5,-0.2,0.25,0.7,0.3,-1.1491428375277,-0.267411252423088,-0.172301938296852,0.187787257081479,0.645035458976652,-0.0955163467872424,NA,NA,NA,NA,NA,NA,0.167370248161998,0.172247704519844,0.131320670836471,0.264503135521673,0.220940964373545,0.336619610065617
-1,-0.5,-0.2,0.25,0.7,0.3,-0.801368597002999,-0.655307747452428,-0.262940178093545,1.08608350775438,1.68642066240639,0.582056235715576,NA,NA,NA,NA,NA,NA,0.174130505288739,0.247812803362199,0.153171603098062,0.547275887701901,0.517123615941854,0.213785918375149
-1,-0.5,-0.2,0.25,0.7,0.3,-0.886921558951977,-0.905778073843488,-0.299368774281753,-0.140056115699701,0.776259109465889,-0.423942368744297,NA,NA,NA,NA,NA,NA,0.217742288132196,0.23930688641141,0.172536164236811,0.202208803539214,0.189027812277951,0.353952378670988
-1,-0.5,-0.2,0.25,0.7,0.3,-1.04849739923918,-0.39831381610162,-0.102957946502567,-0.152595488550806,0.25626692389238,-0.407347235509532,NA,NA,NA,NA,NA,NA,0.17329050206706,0.174456905685116,0.158739028911685,0.432697377938003,0.238846371981899,1.16879080293829
-1,-0.5,-0.2,0.25,0.7,0.3,-1.12306242983736,-0.268175864578518,-0.446908257087276,-0.124477460161107,0.753144038175904,-0.248231648436478,NA,NA,NA,NA,NA,NA,0.197586464667363,0.187830370523748,0.144166923658602,0.227880193710964,0.203027420855508,0.392266285346904
-1,-0.5,-0.2,0.25,0.7,0.3,-1.25464073712732,-0.329914921791359,-0.0279913005755736,0.35307808782443,0.77003680714267,0.0955791313468503,NA,NA,NA,NA,NA,NA,0.164427859992793,0.192881351572369,0.125837467614182,0.325145901668373,0.291985214992384,0.305404894688088
-1,-0.5,-0.2,0.25,0.7,0.3,-0.948131499021863,-0.545206919093325,-0.451061373295809,-0.0915580025274119,0.542179809393381,-0.229673600036432,NA,NA,NA,NA,NA,NA,0.189646031378856,0.195347736729031,0.165934145508179,0.270611887241927,0.19244596597927,0.567869284159119
-1,-0.5,-0.2,0.25,0.7,0.3,-0.897919663453889,-0.781039267473435,-0.26763890192229,0.617824568253761,1.0387055677924,0.159644549720712,NA,NA,NA,NA,NA,NA,0.155464376425426,0.19271917781549,0.127322947781529,0.349298976970822,0.321878604895454,0.224558547092998
-1,-0.5,-0.2,0.25,0.7,0.3,-0.855090319293726,-0.765251410267676,-0.114490495215146,0.239092997700458,0.724976639407734,-0.184420742708097,NA,NA,NA,NA,NA,NA,0.164645239691745,0.201564896390096,0.123702429483923,0.228454344149919,0.220667422659444,0.325108914576444
-1,-0.5,-0.2,0.25,0.7,0.3,-1.29657354218611,-0.675535355441578,-0.103823936756427,0.605748157826356,1.03350624857508,-0.0346580901751173,NA,NA,NA,NA,NA,NA,0.149577388559213,0.187543933366115,0.157528070435803,0.296910331902045,0.308578864214405,0.180240851963141
-1,-0.5,-0.2,0.25,0.7,0.3,-1.37853654872464,-0.190308303482705,-0.169027041492084,0.255085793155757,0.70663801232156,0.0105205772844104,NA,NA,NA,NA,NA,NA,0.161499456665356,0.192433855441052,0.145268422551887,0.379960472729071,0.342617914991483,0.293878148011328
-1,-0.5,-0.2,0.25,0.7,0.3,-0.835242390009016,-0.582338980167993,-0.176634805663186,-0.0557498432676602,0.440637039982176,0.541654626141686,NA,NA,NA,NA,NA,NA,0.220140801527107,0.220142245773097,0.177100306122662,0.470284088801526,0.393029637453187,0.629570357557523
-1,-0.5,-0.2,0.25,0.7,0.3,-0.978077360194694,-0.696672928823433,-0.215471072235561,-0.210757893185688,0.210419404953527,-0.337881068429715,NA,NA,NA,NA,NA,NA,0.19374846337331,0.18663173377925,0.184369328870843,0.411693827310573,0.242708768961861,1.20592465228216
-1,-0.5,-0.2,0.25,0.7,0.3,-1.44028342915894,-0.56361952403738,-0.56888882217707,0.00348907560019704,0.405688095149509,-0.0418440386996094,NA,NA,NA,NA,NA,NA,0.192644121565836,0.192716063736787,0.191658924437185,0.514293299888081,0.344954652936276,0.760653022325857
-1,-0.5,-0.2,0.25,0.7,0.3,-0.915538540869375,-0.388122317627616,-0.193672411781918,0.718822396200141,1.12231011331947,0.348880497140416,NA,NA,NA,NA,NA,NA,0.163725491873884,0.185611509854957,0.155617142178898,0.474375969097221,0.394818530409204,0.25493349733152
-1,-0.5,-0.2,0.25,0.7,0.3,-0.958427931136107,-0.720870212949876,-0.154869052818394,-0.321985681674934,0.462808167647048,0.174159713070431,NA,NA,NA,NA,NA,NA,0.272399214506074,0.263342860127958,0.273972327268524,0.366652053271748,0.308465891994779,0.7638526280244
-1,-0.5,-0.2,0.25,0.7,0.3,-0.688778812964901,-0.45696252154356,0.0395963870120178,0.218706094732249,0.822676270110486,0.397555004013679,NA,NA,NA,NA,NA,NA,0.178808076900588,0.206762112754887,0.167876026393703,0.301169975086757,0.243341835457831,0.339418196983418
-1,-0.5,-0.2,0.25,0.7,0.3,-1.01318309603225,-0.666606752045201,-0.272302507943799,-0.0241199634296375,0.466375841373753,-0.0622290369974675,NA,NA,NA,NA,NA,NA,0.182808911438047,0.193919692862445,0.178860809540665,0.326352090589254,0.235337087355706,0.574624218015518
-1,-0.5,-0.2,0.25,0.7,0.3,-1.47449212704419,-0.429847842372062,0.00454815120312478,-0.362887816017316,0.308139222510453,-1.60400894490659,NA,NA,NA,NA,NA,NA,0.221090018787369,0.177141675524256,0.154683050093112,0.47589137039896,0.271965596594229,2.42722766618407
-1,-0.5,-0.2,0.25,0.7,0.3,-0.945861209752739,-0.570571114767499,-0.490898341089928,1.01769376089113,1.43881922827466,0.564937840073187,NA,NA,NA,NA,NA,NA,0.166373143002108,0.240967987619505,0.155128824376237,0.527128752963597,0.543175343534648,0.217461635019523
-1,-0.5,-0.2,0.25,0.7,0.3,-0.821925793513863,-0.442409280952302,-0.576538692258871,0.516542639804163,1.08356029258202,0.630422446655291,NA,NA,NA,NA,NA,NA,0.178926325172252,0.209952097829311,0.152807631418837,0.545464498869834,0.389238638242129,0.29663856401844
-1,-0.5,-0.2,0.25,0.7,0.3,-1.09331074215301,-0.345753403192316,-0.301406712646893,-0.602385607423627,0.0446139303042839,-2.39281069474529,NA,NA,NA,NA,NA,NA,0.208824878432559,0.205523076019294,0.173542894850072,0.436480085458955,0.116669824036956,4.18123833211997
-1,-0.5,-0.2,0.25,0.7,0.3,-1.28301589674427,-0.583630105417884,-0.285162734026921,0.480625101321372,0.965660848257268,0.428960107334596,NA,NA,NA,NA,NA,NA,0.189264692785406,0.216378962163574,0.167670941085862,0.327795109557515,0.282993523216621,0.25819483579043
-1,-0.5,-0.2,0.25,0.7,0.3,-1.20931226583614,-0.451802615478742,-0.238272410187004,0.0499504380761889,0.899633228202452,0.0972051996820063,NA,NA,NA,NA,NA,NA,0.207791567494954,0.219557070965711,0.166538390850891,0.344629387201606,0.305371960970097,0.397732893796907
-1,-0.5,-0.2,0.25,0.7,0.3,-1.02383062898036,-0.621998881280607,-0.262367270914571,0.390781088969761,0.739564173489132,-0.0621423855388805,NA,NA,NA,NA,NA,NA,0.155254732735735,0.172094511601291,0.168050547173757,0.256481363849585,0.198178752364962,0.287742917423583
-1,-0.5,-0.2,0.25,0.7,0.3,-0.963033647388146,-0.369349761195863,-0.399463540064929,0.561777809007236,0.713045833042306,-0.0993438537792654,NA,NA,NA,NA,NA,NA,0.128455301887444,0.141031057193537,0.110187371837304,0.259124324429417,0.227644855918357,0.286562281794421
-1,-0.5,-0.2,0.25,0.7,0.3,-1.09528393811908,-0.475081081416075,-0.745915974670637,0.177812858162034,0.729977667362707,0.183527157523747,NA,NA,NA,NA,NA,NA,0.182998323321707,0.192428889085051,0.192311209534236,0.464256514129929,0.360932352405041,0.416452924372263
-1,-0.5,-0.2,0.25,0.7,0.3,-0.657904535023043,-0.169704871559977,-0.362733518174589,0.875873679633059,0.86189788041443,0.913993272424399,NA,NA,NA,NA,NA,NA,0.171559342732008,0.182211350887311,0.155609381607892,0.84124966116401,0.626266621596078,0.350846899578516
-1,-0.5,-0.2,0.25,0.7,0.3,-1.08381692518214,-0.345236728328386,-0.0903893476877539,0.595580893440893,0.885005447356808,0.232837391953799,NA,NA,NA,NA,NA,NA,0.155178871627032,0.165415487234082,0.153079892429837,0.366103155266396,0.303226854479289,0.277586872019789
-1,-0.5,-0.2,0.25,0.7,0.3,-1.02076295238457,-0.365263268446277,-0.1503101163757,0.752719240753479,1.1558524809554,0.275943450930766,NA,NA,NA,NA,NA,NA,0.151181256255099,0.16996417528285,0.145570158608475,0.745668740501072,0.641114702005314,0.390690161030573
-1,-0.5,-0.2,0.25,0.7,0.3,-0.973116766974319,-0.408994639346367,-0.0497143596966352,0.273884336314185,0.719793574551092,0.180464635168963,NA,NA,NA,NA,NA,NA,0.174012826099851,0.190203635628135,0.161551999674024,0.305178077674759,0.249020540878148,0.330707020525364
-1,-0.5,-0.2,0.25,0.7,0.3,-1.05717452984319,-1.06611737695867,-0.565948765076109,-0.810005005406869,0.290934662521341,-2.91807460408686,NA,NA,NA,NA,NA,NA,0.269733225685131,0.274358392306092,0.233668960449902,0.305851874931802,0.132645701607692,3.17750330739798
-1,-0.5,-0.2,0.25,0.7,0.3,-1.13845036592223,-0.3573688537836,-0.0711056590145495,0.14938393642235,0.621879575773005,-0.0122570794185702,NA,NA,NA,NA,NA,NA,0.166688679036062,0.176756367066049,0.144937002738225,0.318731790786241,0.272742328951111,0.341082672886247
-1,-0.5,-0.2,0.25,0.7,0.3,-0.82318404282425,-0.511981722177515,-0.491210216619539,0.0349248663274575,0.336095479100911,0.137014957232142,NA,NA,NA,NA,NA,NA,0.171405432560659,0.171550285546644,0.158117514091739,0.372171451262958,0.187388289698087,0.707043774686082
-1,-0.5,-0.2,0.25,0.7,0.3,-1.10513393261567,-0.305086867234682,-0.678685190115013,-0.119872597587914,0.528193644899146,-0.492235300971983,NA,NA,NA,NA,NA,NA,0.179663788714659,0.167523217591181,0.153120665403384,0.203970597825993,0.172070845878211,0.456673179452714
-1,-0.5,-0.2,0.25,0.7,0.3,-0.895357506811469,-0.325930005592105,-0.060825040959977,0.560457373645047,0.750618954659493,0.118813442394925,NA,NA,NA,NA,NA,NA,0.139115327941867,0.143570729863317,0.156406149120645,0.345446073932744,0.332402195542939,0.300677284992992
-1,-0.5,-0.2,0.25,0.7,0.3,-1.06313633913892,-0.47603839723625,-0.130240390205996,0.643663094641078,0.893916009939763,-0.00986343092645756,NA,NA,NA,NA,NA,NA,0.138252023109578,0.159159550588154,0.119089438710904,0.324854393851927,0.333334189442581,0.275739953450534
-1,-0.5,-0.2,0.25,0.7,0.3,-0.985526367447352,-0.410945906420277,0.0176652760994729,0.379862261462891,0.640674164162499,0.0244569999347965,NA,NA,NA,NA,NA,NA,0.152860572219338,0.154966866284893,0.139047378928635,0.235332212105456,0.211170855597331,0.298782882435504
-1,-0.5,-0.2,0.25,0.7,0.3,-0.956036592579876,-0.0984406572862623,-0.165013777266279,0.444961096406258,0.728475925038441,0.603573842335477,NA,NA,NA,NA,NA,NA,0.17571451368943,0.179865301745933,0.139554698834694,0.559675706802581,0.513063040180343,0.370881604518692
-1,-0.5,-0.2,0.25,0.7,0.3,-0.943467106514996,-0.391325920240858,-0.216898991174982,-0.438864604187075,0.0910300304515224,-0.806162498358236,NA,NA,NA,NA,NA,NA,0.205095134806628,0.19543846277098,0.174539103029574,0.396698320410572,0.186801221342596,1.78319290997361
-1,-0.5,-0.2,0.25,0.7,0.3,-0.989780600350715,-0.152759931785786,0.0832449403437987,0.542768783917033,0.959117209746622,0.364632571169307,NA,NA,NA,NA,NA,NA,0.169911230882726,0.19921222457243,0.178656549478837,0.405427413287929,0.381040482229498,0.263098317704794
-1,-0.5,-0.2,0.25,0.7,0.3,-0.541847469065793,-0.789793550988778,0.0207248440280005,0.448547645396887,1.08051154899208,0.491035632652299,NA,NA,NA,NA,NA,NA,0.187068711272956,0.228771180374022,0.165422201854224,0.550905740682562,0.43696305954809,0.311041136432532
-1,-0.5,-0.2,0.25,0.7,0.3,-0.924547963526277,-0.896066489846924,-0.0827242725855518,0.809534954583641,1.21213771839925,0.420470417517737,NA,NA,NA,NA,NA,NA,0.167091872091816,0.213428788054348,0.171171314278503,0.480088999014434,0.391990560241942,0.24342794729991
-1,-0.5,-0.2,0.25,0.7,0.3,-0.907643062620323,-0.463057390565257,-0.342210935027895,0.339583979459179,1.05990064633008,0.101406342913658,NA,NA,NA,NA,NA,NA,0.200019123430108,0.195398943772676,0.210855932878321,0.974277623976488,0.844823642959067,0.663872536885552
-1,-0.5,-0.2,0.25,0.7,0.3,-1.25597619310061,-0.211165824172271,-0.453697918944627,0.374942654928423,0.455942534830499,0.237183222504539,NA,NA,NA,NA,NA,NA,0.171298249458117,0.150801961781569,0.15310426784137,0.483307065797901,0.390267010571824,0.416882595514765
-1,-0.5,-0.2,0.25,0.7,0.3,-1.0807173474617,-0.390778260227648,-0.189811337802663,-0.501058743779913,0.146028271746991,-1.67589391082484,NA,NA,NA,NA,NA,NA,0.195247557933318,0.18356121246711,0.188073711942056,0.336969384583841,0.140728470448708,2.26699331712726
-1,-0.5,-0.2,0.25,0.7,0.3,-1.14673994532508,-0.402971569939335,-0.377555671315897,0.903905932599529,1.22386169068986,0.402772509652237,NA,NA,NA,NA,NA,NA,0.168913122191483,0.190765948757984,0.191899313413739,0.820560674668194,0.667161739096472,0.314447058031284
-1,-0.5,-0.2,0.25,0.7,0.3,-0.862244998116575,-0.291176033621029,-0.336634228890793,0.606183387545893,0.715309469735168,0.530555900475072,NA,NA,NA,NA,NA,NA,0.166191553950841,0.169141675492883,0.150961233653139,0.63085068474671,0.427644877556307,0.424301155030057
-1,-0.5,-0.2,0.25,0.7,0.3,-0.830377656774722,-0.539731875811969,-0.0762729011336737,0.105269156723144,0.699394539831344,-0.171808646290307,NA,NA,NA,NA,NA,NA,0.187038983194182,0.188001829195754,0.108447110218183,0.250841479311012,0.235449015614207,0.339882436276177
-1,-0.5,-0.2,0.25,0.7,0.3,-0.982201326248642,-0.605742096685446,-0.144648173869809,0.0983455921759901,0.284905740139177,-0.208409216351246,NA,NA,NA,NA,NA,NA,0.167766679379881,0.154879484617631,0.129865978941113,0.465634671794735,0.314804209364863,0.829557007065192
-1,-0.5,-0.2,0.25,0.7,0.3,-1.06397436258045,-0.588273674680933,-0.0727287714762791,-0.205846580805606,0.3954599328036,0.00486700630784678,NA,NA,NA,NA,NA,NA,0.205803972225345,0.211580731970786,0.181256740685643,0.454838942926902,0.264102036751405,0.969507580169415
-1,-0.5,-0.2,0.25,0.7,0.3,-1.16016093571545,-0.603926247617004,-0.23562510266615,0.112564230428341,0.70524471131617,-0.0196959575438118,NA,NA,NA,NA,NA,NA,0.177795414981204,0.192098220838826,0.175486260963443,0.234252466344066,0.257063906433329,0.300978455563624
-1,-0.5,-0.2,0.25,0.7,0.3,-0.860120872909359,-0.769088635974245,0.0815242671797124,0.952871576789581,0.864405182746769,0.600250784427842,NA,NA,NA,NA,NA,NA,0.153486471733535,0.181953846700651,0.140214762360179,0.622377153901408,0.511703137143549,0.264738902920634
-1,-0.5,-0.2,0.25,0.7,0.3,-1.2463644271248,-0.488805145086454,-0.045432396781221,0.0130461551869411,0.661430445368611,-0.521769851973158,NA,NA,NA,NA,NA,NA,0.168362076475291,0.18289168343487,0.123211335888762,0.30382429472685,0.236617080303907,0.50667349026696
-1,-0.5,-0.2,0.25,0.7,0.3,-0.71838715241258,-0.773605181800199,-0.164002319762193,1.24901052013619,1.52961567587721,0.364432749953588,NA,NA,NA,NA,NA,NA,0.137518882182429,0.182987381794038,0.114997564292141,0.493582488469892,0.414983972032878,0.21140970425805
-1,-0.5,-0.2,0.25,0.7,0.3,-0.985202452861529,-1.02640648799641,-0.0098459541016259,1.25479920470477,1.53571695553149,0.748850593304941,NA,NA,NA,NA,NA,NA,0.178562123122473,0.243567573993437,0.174922420779863,0.699949232161066,0.598555316209378,0.241516544636838
-1,-0.5,-0.2,0.25,0.7,0.3,-0.980773577416044,-0.458686459712836,-0.0187957433195684,-0.12033068975161,0.379045898205502,-0.45128280925811,NA,NA,NA,NA,NA,NA,0.178010171255677,0.172284121726114,0.173895273249403,0.360251800974561,0.241465519130722,0.874148202275976
-1,-0.5,-0.2,0.25,0.7,0.3,-1.03037026598225,-0.758910546624469,-0.460406856407224,0.490001459902073,0.825372891523669,0.182826291036756,NA,NA,NA,NA,NA,NA,0.157777907661898,0.181303560170754,0.138967190234782,0.339662886061643,0.28420244611089,0.250770083624307
-1,-0.5,-0.2,0.25,0.7,0.3,-0.980815043401904,-0.325770227298817,-0.233354236413737,-0.185294016372606,0.400887137624827,-0.0132603045304095,NA,NA,NA,NA,NA,NA,0.14024848686907,0.182735594511477,0.161452721179719,NA,NA,NA
-1,-0.5,-0.2,0.25,0.7,0.3,-0.85617543605212,-0.753669083655333,-0.212537461805509,0.0848264795071782,0.752448764434846,-0.152863356724067,NA,NA,NA,NA,NA,NA,0.177733172788186,0.205017620709112,0.134754191012183,0.284161987815258,0.261808626906776,0.414866323008768
-1,-0.5,-0.2,0.25,0.7,0.3,-0.859632825662872,-0.408684750895531,-0.180715969073983,0.279689254952644,0.539483123603648,0.17559069518817,NA,NA,NA,NA,NA,NA,0.153277880926194,0.161446762876001,0.142438616960425,0.376270355024405,0.331425550912737,0.383784484969334
-1,-0.5,-0.2,0.25,0.7,0.3,-1.10997782752565,-0.720547275321596,-0.136152594551147,0.110510818967362,0.754014238171323,-0.0182181620291319,NA,NA,NA,NA,NA,NA,0.193026747946999,0.221036821391607,0.139726612421259,0.205565769351296,0.188119857506922,0.290722549892603
-1,-0.5,-0.2,0.25,0.7,0.3,-1.12165212882062,-0.597690954026216,-0.491288722120069,-0.216927771100085,0.460752960126708,-1.09013489328149,NA,NA,NA,NA,NA,NA,0.172716955400152,0.173583950756512,0.132511865234573,0.203231353217767,0.159113676207701,0.671928895400363
-1,-0.5,-0.2,0.25,0.7,0.3,-1.29732023215046,-0.694524871609656,0.00829843582832988,0.238655978538065,0.50241747227851,0.427903496132939,NA,NA,NA,NA,NA,NA,0.187604547663873,0.212994174503913,0.176788620097082,0.370866650068963,0.298323945484193,0.348199551731081
-1,-0.5,-0.2,0.25,0.7,0.3,-1.05012380219045,-0.541205556941937,-0.143107212674106,-0.448094241921319,0.294679081946108,-0.698724516894213,NA,NA,NA,NA,NA,NA,0.213064151154122,0.208446020756717,0.225864055409447,0.33346594730914,0.231678418835528,1.31233649583485
-1,-0.5,-0.2,0.25,0.7,0.3,-1.1899490503595,-0.655755329202653,-0.420320831442582,0.369763070012956,0.492393755061074,0.158921325257766,NA,NA,NA,NA,NA,NA,0.159923043453632,0.162300373993358,0.127762934453604,0.4585890826139,0.324823310635619,0.405867522720174
-1,-0.5,-0.2,0.25,0.7,0.3,-1.16451291148605,-0.33671537548451,0.16164270116737,-0.516239380035175,0.0526274898400065,-1.36849277895697,NA,NA,NA,NA,NA,NA,0.203043167000823,0.218702424378711,0.166367294626107,0.292727318096432,0.156067320092155,1.62340755635204
-1,-0.5,-0.2,0.25,0.7,0.3,-0.844439717338759,-0.806730654023978,-0.159802191294773,-0.256553828845179,0.328114782486192,-0.680266262110336,NA,NA,NA,NA,NA,NA,0.184303132270094,0.190197108335964,0.165464702878229,0.272799534256425,0.165564774621137,0.905886572765486
-1,-0.5,-0.2,0.25,0.7,0.3,-0.666193647667201,-0.719683033492712,-0.280581873812558,-0.0620367228687875,0.14880454777,0.0263742924066153,NA,NA,NA,NA,NA,NA,0.173963246014719,0.17193837971407,0.156690994794839,0.35246484603514,0.242931372281206,0.794616955692783
-1,-0.5,-0.2,0.25,0.7,0.3,-1.27171304563922,-0.725598482019987,-0.317034067283165,0.252842182549692,0.6874940528923,0.229614437439649,NA,NA,NA,NA,NA,NA,0.191694635099166,0.218926672416946,0.185202048623156,0.423691553475154,0.308552181241545,0.388499983190598
-1,-0.5,-0.2,0.25,0.7,0.3,-0.922023538708815,-0.347394310733369,-0.226367624716353,0.419443839304031,1.04760903027583,0.259867496258946,NA,NA,NA,NA,NA,NA,0.186111419560002,0.194794025420504,0.175136302513313,0.553399333815829,0.429438741545569,0.401731928028563
-1,-0.5,-0.2,0.25,0.7,0.3,-1.13746943563789,-0.213445101484599,0.00901632801322774,0.356775066334216,0.497408618338767,-0.0117222792110392,NA,NA,NA,NA,NA,NA,0.158302337377804,0.152287716972314,0.132022981887699,0.363634082834146,0.247321311150154,0.431324872821312
-1,-0.5,-0.2,0.25,0.7,0.3,-0.862820052118769,-0.261265726580111,-0.0271273456425596,0.0865764275051999,0.493957326601983,0.283143439960474,NA,NA,NA,NA,NA,NA,0.183614282854141,0.187511624033162,0.162139073850898,0.306010821534656,0.230196882491164,0.460363863084558
-1,-0.5,-0.2,0.25,0.7,0.3,-0.734635391602625,-0.949230368333233,-0.31194080327145,-0.724174527424494,0.465758553984041,-2.13345494032235,NA,NA,NA,NA,NA,NA,0.276169024923837,0.25790349751525,0.182849402102785,0.293054102542906,0.134800970659382,2.18866842583326
-1,-0.5,-0.2,0.25,0.7,0.3,-1.13332898854485,-0.227551204686516,-0.147320399363932,-0.0741196555942872,0.320328463921316,-0.00668313255155984,NA,NA,NA,NA,NA,NA,0.136581944530393,0.16510833100852,0.148565558651402,NA,NA,NA
-1,-0.5,-0.2,0.25,0.7,0.3,-1.14473881667528,-0.198038107190801,-0.438482666270108,0.90604173314228,0.948652822500015,0.129085341003855,NA,NA,NA,NA,NA,NA,0.133030736159769,0.144857958481505,0.0799156927506851,0.330827337168033,0.262645407715825,0.176312079216436
-1,-0.5,-0.2,0.25,0.7,0.3,-1.0292568022683,-0.61762906139643,-0.0512207272312781,0.122612686457574,0.981658629637692,-0.0197688942135291,NA,NA,NA,NA,NA,NA,0.201206823772203,0.222589241124917,0.185258234642943,0.268645553347149,0.260614146451495,0.242926541443576
-1,-0.5,-0.2,0.25,0.7,0.3,-0.627222469864375,-0.634401019830107,-0.515837846957458,1.53075408371389,1.7548102525696,0.834171431236249,NA,NA,NA,NA,NA,NA,0.171284951987193,0.210902873426432,0.176415962004874,0.90482962318116,0.71745039721176,0.286045999398693
-1,-0.5,-0.2,0.25,0.7,0.3,-1.24989864846191,-0.575669796604516,0.129625353152206,0.0896779932385212,0.4412131573148,-0.360193418677254,NA,NA,NA,NA,NA,NA,0.156335842339143,0.159326435292362,0.131799865293862,0.358554628322471,0.287732961235275,0.587743213254459
-1,-0.5,-0.2,0.25,0.7,0.3,-1.06031746839335,-0.595830551532827,-0.410897963228656,0.33513351685802,0.953262032531883,0.333871635538588,NA,NA,NA,NA,NA,NA,0.196236781233785,0.212912427367268,0.165783520320119,0.452755053997419,0.367965593154668,0.351434326719298
-1,-0.5,-0.2,0.25,0.7,0.3,-0.968522445196374,-0.711817508231448,-0.486119207839779,-0.00869636742530944,0.0742860720267832,0.184897633629682,NA,NA,NA,NA,NA,NA,0.181199208204789,0.178497692221966,0.180983672796812,0.432060106278416,0.241810565500079,0.821325199092217
-1,-0.5,-0.2,0.25,0.7,0.3,-1.21149985844163,-0.258114047760155,-0.244239829656866,0.696521630040844,0.870663898862653,0.165655390302834,NA,NA,NA,NA,NA,NA,0.15773796177763,0.167643738858979,0.127398783609427,0.484159853522961,0.389018644269608,0.317567035928986
-1,-0.5,-0.2,0.25,0.7,0.3,-0.813497035618723,-0.45837767168558,-0.28072706068849,0.320729680627078,0.892005547198633,0.079072081072297,NA,NA,NA,NA,NA,NA,0.169756217965152,0.233368534982341,0.145038039243141,1.28094484583128,1.06899141359705,1.06660402317289
-1,-0.5,-0.2,0.25,0.7,0.3,-1.21640066719794,-0.45671737627912,-0.0297701102629828,0.761124312490016,0.93428413494462,0.748527818092211,NA,NA,NA,NA,NA,NA,0.184088824200961,0.198201874660354,0.163514239405826,0.79638616681162,0.615938566833981,0.332817716076447
-1,-0.5,-0.2,0.25,0.7,0.3,-1.05581327523538,-0.612806469548179,-0.331686494254475,0.189931848320508,0.583554070192415,0.125964160986896,NA,NA,NA,NA,NA,NA,0.170481534297827,0.188849408240286,0.124885224778996,0.28352805866364,0.230179973169041,0.330442219366918
-1,-0.5,-0.2,0.25,0.7,0.3,-1.01269187026101,-0.434795056502083,-0.508635848223755,0.221367719701368,0.685350127544372,0.456284591667374,NA,NA,NA,NA,NA,NA,0.189685282884829,0.207931538991104,0.21753888840918,0.312645035617128,0.257852892645187,0.423429399729243
-1,-0.5,-0.2,0.25,0.7,0.3,-0.916336114287587,-0.543055655044755,-0.144719044315832,0.125242823983968,0.347493337236613,0.243570053805943,NA,NA,NA,NA,NA,NA,0.179566808545161,0.190377667491071,0.171443643779254,0.491260291933165,0.288008607603676,0.646272008840251
-1,-0.5,-0.2,0.25,0.7,0.3,-0.771160000578628,-0.594631179409604,-0.18696859857897,0.584769437126987,0.829732425204767,0.46649988103337,NA,NA,NA,NA,NA,NA,0.155094849293377,0.18595959057694,0.136751375959595,0.389893192204738,0.314169925225628,0.297882772671613
-1,-0.5,-0.2,0.25,0.7,0.3,-1.06757588970918,-0.481053221145349,-0.44816694769674,0.135927563105411,0.337223245421569,0.409398281356995,NA,NA,NA,NA,NA,NA,0.176245628508211,0.178039241219977,0.18486863296049,0.37661781872623,0.257531246451116,0.487994990622404
-1,-0.5,-0.2,0.25,0.7,0.3,-1.277978719088,-0.625811328297684,-0.289635720014099,0.325851089580644,0.700707196462768,0.0617624227287604,NA,NA,NA,NA,NA,NA,0.163987158872491,0.181154136530113,0.163412455246302,0.478897974536345,0.381985303550717,0.394635342102388
-1,-0.5,-0.2,0.25,0.7,0.3,-0.763872746512011,-0.450891212862745,-0.00136322107562475,0.330877968689711,0.714433681950556,0.554772576297311,NA,NA,NA,NA,NA,NA,0.18739023718843,0.205932255393791,0.147290670657255,0.517512930924121,0.397413457617545,0.42401518559094
-1,-0.5,-0.2,0.25,0.7,0.3,-1.03607706920266,-0.423914592205731,0.0144499236940832,0.47449152284475,0.864051295718761,0.333498498200875,NA,NA,NA,NA,NA,NA,0.162169615329483,0.198335450680133,0.16132031974408,0.377926527576745,0.357533935566992,0.281320833936898
-1,-0.5,-0.2,0.25,0.7,0.3,-1.23614135812615,-0.670595983513124,-0.564745468847231,-0.0386034180744605,0.346738817447065,-0.275788906675913,NA,NA,NA,NA,NA,NA,0.168955546782977,0.186321332098915,0.16944093877703,0.494959969323091,0.304117608479033,0.91122619934331
-1,-0.5,-0.2,0.25,0.7,0.3,-1.18377864322731,-0.59297485928475,0.0385168108353199,0.500260723761889,0.766322471548681,0.233696365281274,NA,NA,NA,NA,NA,NA,0.157272809000704,0.183455604325209,0.156286801398051,0.533032577986972,0.427477713860242,0.338517847987588
-1,-0.5,-0.2,0.25,0.7,0.3,-1.19209341457166,-0.57817265211427,-0.290447931023206,0.846640005856279,1.43255470099691,0.194971587009029,NA,NA,NA,NA,NA,NA,0.166036334118029,0.215552190908527,0.175605836867216,0.678598181120164,0.608049283784981,0.242220580586102
-1,-0.5,-0.2,0.25,0.7,0.3,-1.12597707029939,-0.53868376731259,-0.192534393064492,0.280257336639593,0.691679248000076,-0.10936357100499,NA,NA,NA,NA,NA,NA,0.162182336190184,0.17406175474008,0.136533328356475,0.29965739870095,0.250476697519285,0.321301507068966
-1,-0.5,-0.2,0.25,0.7,0.3,-1.15504346054365,-0.476857285948964,-0.338948010558933,0.194474998885197,0.405072365864012,0.1470693740457,NA,NA,NA,NA,NA,NA,0.167818537338572,0.165400236629452,0.164242663658134,0.343900051428179,0.25972154474281,0.422874874167882
-1,-0.5,-0.2,0.25,0.7,0.3,-0.93266178002706,-0.179163254953825,-0.199474629115662,-0.038944295823253,0.376009003892911,-0.640121052599327,NA,NA,NA,NA,NA,NA,0.166773525303116,0.141457819346435,0.112604796422932,0.437679885413587,0.253158073971663,1.24265029555101
-1,-0.5,-0.2,0.25,0.7,0.3,-1.07047085881983,-0.898674749821865,-0.362466079590496,0.0195852389045435,0.488414557944637,0.23811958547526,NA,NA,NA,NA,NA,NA,0.193309106592315,0.221552440082236,0.208256997031343,0.402781165486456,0.378563191303578,0.554216755822827
-1,-0.5,-0.2,0.25,0.7,0.3,-0.602778360803948,-0.685755761060733,-0.072422003325799,-0.0904004523397985,0.291081497387281,-0.00452396513676859,NA,NA,NA,NA,NA,NA,0.1994900055859,0.180069553048952,0.170397473018529,1.67809048276255,1.07304109453783,3.11687752377067
-1,-0.5,-0.2,0.25,0.7,0.3,-1.14351860136835,-0.495538703542818,-0.00895090671415432,-0.248297145456139,0.320943974057728,-0.921875592293948,NA,NA,NA,NA,NA,NA,0.172721514912418,0.167328558273609,0.140639565029455,0.248027367201203,0.151747822167388,0.889876033378391
-1,-0.5,-0.2,0.25,0.7,0.3,-0.962592081474814,-0.671539248655459,-0.146828599611969,0.381283403280001,0.794756196610324,-0.0473252471035696,NA,NA,NA,NA,NA,NA,0.155259589703707,0.175093972154179,0.13775581666856,0.551242725479553,0.502899234345811,0.471091490855262
-1,-0.5,-0.2,0.25,0.7,0.3,-1.0764312320127,-0.660179790658697,-0.298334584100854,1.12426409199835,1.45126138706302,0.575261896209224,NA,NA,NA,NA,NA,NA,0.168604253577056,0.205922612364963,0.146548177164166,0.704530632926452,0.587091276715767,0.209261766944322
-1,-0.5,-0.2,0.25,0.7,0.3,-0.908377893441481,-0.0767967084917251,-0.418544465145952,0.693183431067375,1.05397735554997,0.214081198586209,NA,NA,NA,NA,NA,NA,0.14426745670845,0.144432269863741,0.0967843759225876,0.299958345015541,0.258858400024758,0.227651666815223
-1,-0.5,-0.2,0.25,0.7,0.3,-1.04111856939034,-0.78873279727347,0.0292423006395375,-0.219726915095406,0.471269011135428,-0.0348454064347995,NA,NA,NA,NA,NA,NA,0.212314102071524,0.226472527830686,0.180082282840936,0.375048844771245,0.234570294541365,0.836962449867223
-1,-0.5,-0.2,0.25,0.7,0.3,-1.14441506979338,-0.490842218773606,-0.30361006945912,0.385231387193521,0.568337356850636,0.043054749155294,NA,NA,NA,NA,NA,NA,0.150879688227611,0.160851846779473,0.141335891611047,0.352335853989909,0.25740441476597,0.33409896636371
-1,-0.5,-0.2,0.25,0.7,0.3,-1.12311519337576,-0.658006202678567,-0.076487418694583,0.0644339005977702,0.581640264497147,-0.0464042345005669,NA,NA,NA,NA,NA,NA,0.171203372324699,0.203252046163329,0.175139826523883,0.282115559940493,0.246226191423476,0.393064108147069
-1,-0.5,-0.2,0.25,0.7,0.3,-0.675184484209457,-0.842222223742366,-0.0309585854687734,-0.266558437605416,0.337710747625223,-0.0720502184959473,NA,NA,NA,NA,NA,NA,0.219446040843971,0.224821198568689,0.193321739943731,0.390845819492613,0.263225665038407,0.932222908377288
-1,-0.5,-0.2,0.25,0.7,0.3,-0.921969265134416,-0.361718584575222,-0.220909819806086,0.390513504798176,0.88077835029368,0.46459080430098,NA,NA,NA,NA,NA,NA,0.186393012495556,0.2025021907638,0.134296016022322,0.333017786519233,0.308217116022029,0.303880954631395
-1,-0.5,-0.2,0.25,0.7,0.3,-1.01709106631267,-0.291067644940912,-0.305409079738927,-0.0284835078664083,0.520824844145082,-0.0176905340898427,NA,NA,NA,NA,NA,NA,0.185385830471306,0.188989636830283,0.149480153180167,0.341495226783588,0.273082257775389,0.54662881140422
-1,-0.5,-0.2,0.25,0.7,0.3,-1.27917024390689,-0.424831818496728,-0.0331953104943705,0.0422024870915023,0.421224885076565,-0.781109674421632,NA,NA,NA,NA,NA,NA,0.152032757905252,0.150366960315873,0.128032770901552,0.235925996868988,0.181919544171275,0.539663296778348
-1,-0.5,-0.2,0.25,0.7,0.3,-1.113332511384,-0.208190825221863,-0.287688817806091,1.02263384966059,0.875708943273778,0.124437420274813,NA,NA,NA,NA,NA,NA,0.122161545873085,0.120189160712962,0.0933192790411896,0.517641827042848,0.415094037966844,0.194774938590986
-1,-0.5,-0.2,0.25,0.7,0.3,-1.2680512654655,-0.135296023218207,-0.304068137066728,0.151106663329238,0.700116830095753,0.0467848390830485,NA,NA,NA,NA,NA,NA,0.174727031689721,0.187005839765415,0.160866168560742,0.331943081972044,0.294563716234977,0.35459957993866
-1,-0.5,-0.2,0.25,0.7,0.3,-0.882719880698314,-0.432899612921439,-0.0677885544082732,0.439987842849944,0.773308658357229,0.541526863733861,NA,NA,NA,NA,NA,NA,0.172725721227263,0.197951117018154,0.146737926361805,1.15714080388412,0.76737101792241,0.523651716732208
-1,-0.5,-0.2,0.25,0.7,0.3,-1.19116282189272,-0.626820847857334,0.0282659950881244,-0.0727956955715803,0.3462254814867,-0.0716407291980741,NA,NA,NA,NA,NA,NA,0.238466641290236,0.202759363481502,0.176885599229038,0.621224673766426,0.397116653123775,1.1661531413617
-1,-0.5,-0.2,0.25,0.7,0.3,-1.06417276635342,-0.65611618073796,-0.180380863658246,-0.109055295637284,0.531593421918665,-0.20226261277409,NA,NA,NA,NA,NA,NA,0.187531641948357,0.197519159060896,0.181897970841182,0.238176850184224,0.195524202251072,0.444196700467245
-1,-0.5,-0.2,0.25,0.7,0.3,-0.824828571915088,-0.674091980133078,-0.231470058768831,-0.569777818867812,0.397540509836437,-2.12908768671916,NA,NA,NA,NA,NA,NA,0.237779426121803,0.208390272998119,0.152300567904639,0.279229051488331,0.144354653385812,2.09133615853232
-1,-0.5,-0.2,0.25,0.7,0.3,-1.24008155052105,-1.02848011226039,-0.389860373864066,-0.0325771717751774,0.366479923969824,-0.163959767415314,NA,NA,NA,NA,NA,NA,0.182566193759887,0.198299594061032,0.176089225118934,0.281258202800629,0.19052770881794,0.495954070288713
-1,-0.5,-0.2,0.25,0.7,0.3,-0.978907810964055,-0.538815741487567,-0.356634526602283,0.553270529953572,0.847675900414752,0.612867969144101,NA,NA,NA,NA,NA,NA,0.182535405320781,0.204383262075086,0.211238840618151,0.404466519453317,0.32988751497039,0.288802212586412
-1,-0.5,-0.2,0.25,0.7,0.3,-0.983725886684278,-0.450260561798755,-0.417156489192499,0.156777703685771,0.506186887929984,0.428865586421754,NA,NA,NA,NA,NA,NA,0.185573217963947,0.188200697275468,0.147036251712729,0.531549900610752,0.405746198431708,0.494833818761362
-1,-0.5,-0.2,0.25,0.7,0.3,-1.01949687701896,-0.808622148910223,0.114165928322982,-0.0990248778377398,0.52834009708403,-0.130409065299316,NA,NA,NA,NA,NA,NA,0.192053659184287,0.200016548378261,0.169872304171522,0.392188306916768,0.36451874261523,0.618570107526761
-1,-0.5,-0.2,0.25,0.7,0.3,-1.00938586823174,-0.751797272468647,-0.139170321569641,0.487930275623774,1.27246163080301,0.432569392142291,NA,NA,NA,NA,NA,NA,0.194343058845354,0.262650718068868,0.187436826020083,0.462411439009465,0.405459356020548,0.31375480252958
-1,-0.5,-0.2,0.25,0.7,0.3,-1.32764874355671,-0.530456031663966,-0.318455571099512,0.552765467493138,0.808514891350676,-0.0404757201101307,NA,NA,NA,NA,NA,NA,0.160336528575038,0.164319039733646,0.15771268561479,0.353287817892565,0.302973362244979,0.26293997055702
-1,-0.5,-0.2,0.25,0.7,0.3,-0.977414311019495,-0.508960150444223,-0.23782575848028,0.106998263281769,0.515951544320252,0.00656109727613321,NA,NA,NA,NA,NA,NA,0.166798356111162,0.16954699807837,0.157549963203078,0.310327320622303,0.245610568190176,0.416210042422145
-1,-0.5,-0.2,0.25,0.7,0.3,-0.956418258707563,-0.464041487938874,-0.276719941741059,0.341455932765873,0.8580052801615,0.335402533501109,NA,NA,NA,NA,NA,NA,0.19794899806542,0.202941138927924,0.178134199646876,0.529480355176726,0.437795848651807,0.383768740157487
-1,-0.5,-0.2,0.25,0.7,0.3,-1.00785197546419,-0.39839508452707,-0.155254524048441,0.243014352026969,0.598850444337367,0.108178122776654,NA,NA,NA,NA,NA,NA,0.159763046905302,0.166082836728563,0.135999153786864,0.271626555258995,0.233664280244673,0.348842186148085
-1,-0.5,-0.2,0.25,0.7,0.3,-1.06521963133218,-0.148825113796822,-0.0992230010165546,0.685698507831286,1.00112505156567,0.071416530921604,NA,NA,NA,NA,NA,NA,0.147354090260414,0.155587591294186,0.109754205454907,0.370631615505864,0.335425957185666,0.274281945405321
-1,-0.5,-0.2,0.25,0.7,0.3,-0.957848066639621,-0.487440804722943,0.07234354010096,-0.0247308996476342,0.435652366301645,0.123778227307351,NA,NA,NA,NA,NA,NA,0.189701381754667,0.185158750368646,0.155738630487674,0.39207498781299,0.276823969435036,0.650313849333441
-1,-0.5,-0.2,0.25,0.7,0.3,-1.09067504577985,-0.575977848503865,-0.422845730357174,0.0839878082994227,0.376532987115591,0.0311793940552897,NA,NA,NA,NA,NA,NA,0.16671537435033,0.165823872362436,0.157455703147227,0.310446049049514,0.217727272882649,0.548574576001968
-1,-0.5,-0.2,0.25,0.7,0.3,-1.16763075620543,-0.459560999192342,-0.36126799646633,-0.366082433973908,0.145830852289274,-1.67627564433026,NA,NA,NA,NA,NA,NA,0.177583679151106,0.165735219475218,0.154420616233175,0.30940884837309,0.119022788798949,1.88561681846093
-1,-0.5,-0.2,0.25,0.7,0.3,-1.20538582646073,-0.293319965802394,-0.256797462309284,0.00582643027290426,0.732315694205057,0.145547424826201,NA,NA,NA,NA,NA,NA,0.202356556021312,0.229200978166598,0.177533722594901,0.375387343609792,0.306237585725681,0.505886342016324
-1,-0.5,-0.2,0.25,0.7,0.3,-1.305327388077,-0.421968643944075,-0.447234466118499,0.20218977460402,0.85357510027473,0.503813642802435,NA,NA,NA,NA,NA,NA,0.207267401297457,0.234456771840503,0.208089453004153,0.588239687340459,0.489664146598184,0.44483160241421
-1,-0.5,-0.2,0.25,0.7,0.3,-0.810148634732903,-0.536846747601998,-0.183144515678912,0.371114465685555,0.765098897624524,-0.0259490320592715,NA,NA,NA,NA,NA,NA,0.123245024125149,0.172979324718354,0.112804832013051,NA,NA,NA
-1,-0.5,-0.2,0.25,0.7,0.3,-1.12969670059593,-0.499876045936269,-0.192198009233952,0.109897694475817,0.596277614802676,-0.0190074205078463,NA,NA,NA,NA,NA,NA,0.165872986515648,0.189437940691403,0.137045822965221,0.323664025246326,0.281337753878703,0.380994754910719
-1,-0.5,-0.2,0.25,0.7,0.3,-1.09397736444629,-0.292331555885714,-0.155981994632437,0.260289388446082,0.811822987719678,0.529007695709676,NA,NA,NA,NA,NA,NA,0.194914809188246,0.222960482442782,0.173924660404266,0.582962211602746,0.489521972558771,0.427346265044362
-1,-0.5,-0.2,0.25,0.7,0.3,-1.06440414033735,-0.23019763240154,-0.258870153830027,0.363262229932751,0.37141002396549,0.577047760049036,NA,NA,NA,NA,NA,NA,0.170300776885388,0.161195687037156,0.156226770164697,0.38830708062577,0.344467383385548,0.327463844524025
-1,-0.5,-0.2,0.25,0.7,0.3,-0.854636092302884,-0.292530955405504,-0.321406189923247,0.372863790494849,0.82133052159799,0.66772268616588,NA,NA,NA,NA,NA,NA,0.205400466018596,0.208002959499944,0.198208145281352,0.808285954870986,0.621984384507362,0.563922096595575
-1,-0.5,-0.2,0.25,0.7,0.3,-1.01338032134035,-0.441227686554322,-0.146218541977152,0.242801304689266,0.632001656908155,-0.0116004707554736,NA,NA,NA,NA,NA,NA,0.169472313924609,0.175230915280333,0.149279362389184,0.277111073310015,0.261375268753738,0.321145191504588
-1,-0.5,-0.2,0.25,0.7,0.3,-0.901056249067055,-0.859802831970686,0.0369941331225228,0.536051585717375,0.886986864258085,0.432948801883996,NA,NA,NA,NA,NA,NA,0.164987465141513,0.204808099977135,0.157253131825001,0.359617164375432,0.330891005295874,0.268733005366828
-1,-0.5,-0.2,0.25,0.7,0.3,-0.628899612186675,-0.672188497537016,-0.184077387468907,-0.0228414226731454,0.329538675587708,-0.291401924715264,NA,NA,NA,NA,NA,NA,0.16168335351891,0.168821934247979,0.133909877926173,0.442728768767674,0.248188741872772,0.979716616531849
-1,-0.5,-0.2,0.25,0.7,0.3,-1.13581332971786,-0.442498585673964,-0.32290689710239,0.297682811565289,0.49166184591943,0.750791325843511,NA,NA,NA,NA,NA,NA,0.19887833940016,0.187399915254578,0.167668686731633,0.400894578389368,0.301736482943176,0.372685632610783
-1,-0.5,-0.2,0.25,0.7,0.3,-0.969743425518475,-0.609130074338206,-0.45349030045434,0.0490475107833469,0.565263603352244,0.0698578744443073,NA,NA,NA,NA,NA,NA,0.179797236670258,0.215291663350595,0.189619265577627,0.554785766669376,0.416547996822325,0.6592640374861
-1,-0.5,-0.2,0.25,0.7,0.3,-1.28847565969235,-0.489242174620208,-0.254178307828373,0.189450863830047,0.591245568216034,-0.0486591327460706,NA,NA,NA,NA,NA,NA,0.172442792546132,0.178598755512418,0.134545533932406,0.307984994938222,0.202131402100795,0.446114823947122
-1,-0.5,-0.2,0.25,0.7,0.3,-1.01628151716626,-0.639662019619628,-0.482967897209798,-0.134492427000588,0.282862335410743,-0.434363670399624,NA,NA,NA,NA,NA,NA,0.178533787163707,0.174687863639519,0.150153878991022,0.364331203583261,0.287511923838603,0.898129846075416
-1,-0.5,-0.2,0.25,0.7,0.3,-0.85611864709567,-0.498658809915289,-0.150547695009827,0.0295829567286425,0.524154007648213,-0.0846849138324078,NA,NA,NA,NA,NA,NA,0.172320508085612,0.184415941185079,0.145505843249284,0.465116191492182,0.264329103770979,0.706888175565684
-1,-0.5,-0.2,0.25,0.7,0.3,-1.08418789339897,-0.509230648530387,-0.427337033037527,0.174410032787519,0.338197236758296,0.0647249971629103,NA,NA,NA,NA,NA,NA,0.157603909076206,0.165381135443134,0.161920943117121,0.353195074772919,0.239457672265561,0.474323071490418
-1,-0.5,-0.2,0.25,0.7,0.3,-1.11112919489312,-0.741528716930609,-0.546649225413882,0.0377651832664119,0.706182026086594,0.121702080694166,NA,NA,NA,NA,NA,NA,0.200106050492541,0.235995544449754,0.174762619876662,0.464526234434175,0.388461400641528,0.438241657628847
-1,-0.5,-0.2,0.25,0.7,0.3,-1.0168726920449,-0.404949134462141,-0.149451851970535,0.412150556204717,1.0202986303192,0.387992740228269,NA,NA,NA,NA,NA,NA,0.180011717997707,0.208021604664881,0.149007244394354,0.418682396570423,0.366882473549037,0.313377016010725
-1,-0.5,-0.2,0.25,0.7,0.3,-0.815002886755389,-0.264724724659506,-0.124009129283498,-0.0593162225805953,-0.030258469805861,1.03393803345411,NA,NA,NA,NA,NA,NA,0.228666617830344,0.223136176644763,0.206827857062636,0.733208571671137,0.461555749202468,0.873264276146768
-1,-0.5,-0.2,0.25,0.7,0.3,-1.07993505220959,-1.07746322789863,-0.241356151816868,-0.893763049020035,0.109006906041788,-12.444627475508,NA,NA,NA,NA,NA,NA,0.239807719486537,0.24263871815019,0.208131135733367,0.118270735445569,0.10149339135514,13.9026980753418
-1,-0.5,-0.2,0.25,0.7,0.3,-0.863615686570631,-0.574087735532196,-0.078168360822594,-0.110226969495528,0.369831205046177,-0.493690173406404,NA,NA,NA,NA,NA,NA,0.166071728838388,0.168471684602317,0.107166029026076,0.291690490040235,0.184298091723945,0.756594823660708
-1,-0.5,-0.2,0.25,0.7,0.3,-0.681512688761821,-0.705407378871378,-0.206686919818008,0.0808338502067335,0.759427627828379,0.29593609550398,NA,NA,NA,NA,NA,NA,0.199855473811776,0.230796218292725,0.190181822283422,0.467905150133502,0.296058514318415,0.611097520222996
-1,-0.5,-0.2,0.25,0.7,0.3,-0.895213831086,-0.913920934094693,-0.491039766085998,0.136601196507027,0.658291482520373,-0.250897742046623,NA,NA,NA,NA,NA,NA,0.164962646640962,0.195062293263963,0.129223202358442,0.289099783440229,0.252315105217967,0.406741682743704
-1,-0.5,-0.2,0.25,0.7,0.3,-0.947283155975703,-0.230858121916997,-0.175191081810786,-0.0120265947641471,0.586494683790032,-0.190501488693777,NA,NA,NA,NA,NA,NA,0.164330834489738,0.165930961722438,0.171220188524882,0.269185539564178,0.215901098937182,0.505876910741845
-1,-0.5,-0.2,0.25,0.7,0.3,-1.19844966688712,-0.161110205963059,-0.281632333331702,0.20395352571523,1.07754997288663,-0.134521586906469,NA,NA,NA,NA,NA,NA,0.195769961553202,0.244822825514151,0.120674931362831,0.355063004135739,0.2989459675299,0.282542196993266
-1,-0.5,-0.2,0.25,0.7,0.3,-0.883153577637332,-0.478471215088376,-0.352820694287219,-0.257775572933085,0.631597566241065,-0.276157395442938,NA,NA,NA,NA,NA,NA,0.223285329082078,0.216870576266938,0.158843220478504,0.254301012533493,0.226490245232896,0.571137985395635
-1,-0.5,-0.2,0.25,0.7,0.3,-0.88358019937751,-0.343678229550995,-0.307541249396211,0.0661532215575512,0.805204178798077,-0.180683085190592,NA,NA,NA,NA,NA,NA,0.180777605862991,0.180516761151613,0.162183310266417,0.298582873405014,0.265076830440503,0.379944661456746
-1,-0.5,-0.2,0.25,0.7,0.3,-0.650417844885658,-0.815303748576338,-0.273263671097691,-0.164193442735488,0.569872232717781,-0.066453185929238,NA,NA,NA,NA,NA,NA,0.2103493904818,0.223302926142056,0.172376627723348,0.38410145411864,0.290135101989346,0.6757415215984
-1,-0.5,-0.2,0.25,0.7,0.3,-0.823532553871501,-0.556609435517028,0.0817508707250483,0.63604139401832,1.52637601287246,0.267662635407574,NA,NA,NA,NA,NA,NA,0.180183488955592,0.2209263501699,0.150531919038877,0.369371065216283,0.401352377172442,0.229938295597143
-1,-0.5,-0.2,0.25,0.7,0.3,-0.902506255796716,-0.295650438581592,-0.516098277435205,0.146940561922267,0.532423402134339,-0.20531973369529,NA,NA,NA,NA,NA,NA,0.151018029221702,0.165028813542913,0.140971600880612,0.266006671994634,0.221347518176999,0.383750449189162
-1,-0.5,-0.2,0.25,0.7,0.3,-0.868053724957718,-0.47477764626191,-0.198238272532769,0.684233534414157,1.6159714588689,0.028564055245749,NA,NA,NA,NA,NA,NA,0.157679254013769,0.178535648245673,0.105537886927151,0.349840518310467,0.377309359543173,0.217796977813647
-1,-0.5,-0.2,0.25,0.7,0.3,-0.77122427060235,-0.750932780804093,-0.15629448780564,-0.0962053529758479,0.41146880644418,0.0707123512783297,NA,NA,NA,NA,NA,NA,0.197125505374074,0.209675771068039,0.186452036594448,0.304262330239994,0.21324531375253,0.538465256310027
-1,-0.5,-0.2,0.25,0.7,0.3,-0.531369785148349,-0.823868884465505,-0.0985649440980874,0.416611974313273,1.09945704547103,0.213146342848928,NA,NA,NA,NA,NA,NA,0.177793926963095,0.235828560303153,0.126774189785885,0.584827017608343,0.463727290261614,0.423980091495878
-1,-0.5,-0.2,0.25,0.7,0.3,-0.669204989434573,-0.841728645105322,0.0375495705083061,0.000734553301238757,0.913178400404385,-0.0111798761551558,NA,NA,NA,NA,NA,NA,0.248765318629442,0.253435812595069,0.160933420940055,0.305052502674847,0.298815516812211,0.344403530209863
-1,-0.5,-0.2,0.25,0.7,0.3,-1.09602464554929,-0.492847071288927,-0.662098698717219,0.625670177263846,0.882377799632309,0.316088476376563,NA,NA,NA,NA,NA,NA,0.168789328845709,0.176831117321509,0.154788153300907,0.448386015230037,0.364975558154678,0.291670096402401
-1,-0.5,-0.2,0.25,0.7,0.3,-0.997126771896231,-0.662607859738266,-0.144659083569101,0.357599399632781,0.782315819888618,-0.0543995893257971,NA,NA,NA,NA,NA,NA,0.164983546924012,0.179848091200636,0.128649394648279,0.255491857294913,0.200374907389791,0.264860651444528
-1,-0.5,-0.2,0.25,0.7,0.3,-0.967945799094052,-0.676707202817343,-0.0332975884210451,0.361513003856085,0.928449823972761,0.0231682350701136,NA,NA,NA,NA,NA,NA,0.171310275972228,0.208968088211803,0.152093670002093,0.360677661684371,0.301106414326118,0.338317722315942
-1,-0.5,-0.2,0.25,0.7,0.3,-1.03327957456447,-0.47024598070281,0.0323853471803181,-0.0878641657013882,0.325681439187995,-0.18693167976903,NA,NA,NA,NA,NA,NA,0.18174638004189,0.174061250197727,0.146953135682789,0.379219611047065,0.220420488152554,0.823827928861134
-1,-0.5,-0.2,0.25,0.7,0.3,-0.993524782552239,-0.361270865100649,-0.0660857677316854,0.428454152998772,0.625147475992737,-0.0767663398425293,NA,NA,NA,NA,NA,NA,0.133677891856198,0.151106591681844,0.111618951290694,0.243472932416266,0.227035710552508,0.243657457062108
-1,-0.5,-0.2,0.25,0.7,0.3,-0.97246400298876,-0.61462084602179,-0.2891637813774,0.0416121484631687,0.577322694049765,0.146630991975322,NA,NA,NA,NA,NA,NA,0.183285062605255,0.206890512843333,0.137540756476293,0.356557558913656,0.267103344387549,0.436973093153532
-1,-0.5,-0.2,0.25,0.7,0.3,-0.765579295845626,-0.37198340172826,-0.0144034206654564,0.632672756128589,1.01380161801193,0.300410551658686,NA,NA,NA,NA,NA,NA,0.155065172650868,0.162808241907666,0.129496585566834,0.370730685087522,0.350914472254949,0.229235469854718
-1,-0.5,-0.2,0.25,0.7,0.3,-1.01026139528699,-0.300416265986,-0.406630183619729,0.423248599808346,1.03550014974365,0.423349616845202,NA,NA,NA,NA,NA,NA,0.183478561894774,0.207421621377786,0.156311190801506,0.343741982553358,0.300438357468826,0.26458986215881
-1,-0.5,-0.2,0.25,0.7,0.3,-1.17720713750674,-0.67843698187975,0.0441379121530462,0.507776764377436,1.00145957968296,-0.0252489529679199,NA,NA,NA,NA,NA,NA,0.160879605799103,0.210861247892814,0.134141228167819,0.305481192934571,0.306469592306904,0.212335052387488
-1,-0.5,-0.2,0.25,0.7,0.3,-1.38449588758633,-0.12502781751258,-0.21006086211724,0.67822726288075,1.18049147184875,0.365052303307602,NA,NA,NA,NA,NA,NA,0.184149902028291,0.215151794759019,0.180912861786336,0.405306539843907,0.383853200964281,0.258033550567731
-1,-0.5,-0.2,0.25,0.7,0.3,-1.13605578627757,-0.369810698384763,-0.198701279150708,0.442627802141341,0.821904276548716,0.0814082019708753,NA,NA,NA,NA,NA,NA,0.162873033691871,0.182994170595691,0.149759254137305,0.311254198860899,0.274352618334443,0.264489392954896
-1,-0.5,-0.2,0.25,0.7,0.3,-0.867944819835749,-0.660021576159611,-0.0588187106295124,0.867113887910011,1.27411750320203,0.64528359622687,NA,NA,NA,NA,NA,NA,0.176971801350788,0.20076665871491,0.181827540038736,0.96690200589236,0.750542935365928,0.365542506755319
-1,-0.5,-0.2,0.25,0.7,0.3,-0.957513243433969,-0.641571967146733,-0.301174846192903,0.321539082233184,0.936294293042724,0.547564126720515,NA,NA,NA,NA,NA,NA,0.192202635720248,0.240663844557256,0.169804659202409,0.378006217044375,0.364780551000606,0.311853943146603
-1,-0.5,-0.2,0.25,0.7,0.3,-1.02204146576328,-0.603364648678927,-0.419186534566472,-0.0938267053847717,0.264285532882728,-0.0235439310007444,NA,NA,NA,NA,NA,NA,0.185636963108661,0.181613507709449,0.175916833497691,0.384540797704032,0.255368258528968,0.829804767848319
-1,-0.5,-0.2,0.25,0.7,0.3,-1.09103796414647,-0.337398482926294,-0.261783877988128,-0.139667850794159,0.49635424628302,0.079101393270442,NA,NA,NA,NA,NA,NA,0.203297138098135,0.208727563233543,0.185461651720574,0.350030321623871,0.235011892413353,0.617838226590263
-1,-0.5,-0.2,0.25,0.7,0.3,-1.14578711291173,-0.280859994515067,-0.458751279537334,0.921051723408731,1.182621528109,0.477897005147941,NA,NA,NA,NA,NA,NA,0.179641256063579,0.181328353432421,0.149612295664072,1.04000902422257,0.720598975506656,0.441263651436659
-1,-0.5,-0.2,0.25,0.7,0.3,-0.954976456695339,-0.895022671024105,-0.291434873647012,-0.203681870530687,0.540689722755373,0.190384765855515,NA,NA,NA,NA,NA,NA,0.234741547789424,0.263872643951979,0.179844792744344,0.463277397859725,0.380179323966647,0.705003757071338
-1,-0.5,-0.2,0.25,0.7,0.3,-1.27031965987139,-0.583082162379826,-0.260931205639901,0.216947797432692,0.635028473161385,0.129119994471219,NA,NA,NA,NA,NA,NA,0.199276911952119,0.196150756634949,0.205594018110716,0.677720522713752,0.483866639885406,0.603055674167774
-1,-0.5,-0.2,0.25,0.7,0.3,-0.923584999668016,-0.602450971392406,-0.273272615489809,0.900728417600079,1.17812698486216,0.395400228384708,NA,NA,NA,NA,NA,NA,0.156131377509424,0.196977275200948,0.157873506346146,0.518952795394967,0.422462202063303,0.316023118485611
-1,-0.5,-0.2,0.25,0.7,0.3,-0.824136478522401,-0.743855004387958,-0.262739206301743,0.402533798886117,1.24133527716152,-0.0172250870657804,NA,NA,NA,NA,NA,NA,0.180686900024851,0.208973482351207,0.167923402854217,0.312571733777859,0.318292770958074,0.239528928228493
-1,-0.5,-0.2,0.25,0.7,0.3,-0.930775386569734,-0.532869862046757,-0.215429642561824,0.7722811542899,1.45691455203262,0.265020384291919,NA,NA,NA,NA,NA,NA,0.174811230854645,0.22142670232436,0.148762180023521,0.632232645222299,0.496509815733023,0.258975651142782
-1,-0.5,-0.2,0.25,0.7,0.3,-0.886884845502859,-0.528281706415228,0.0221782383275588,0.206804551797366,0.882009832889928,-0.116712461814816,NA,NA,NA,NA,NA,NA,0.160553444252468,0.189073926510791,0.153192457642759,0.256512176859916,0.248541306505756,0.266211620700947
-1,-0.5,-0.2,0.25,0.7,0.3,-0.684776133838833,-0.726035246902811,-0.00748436939135198,0.213579197548744,0.745582139328504,0.00590821106984782,NA,NA,NA,NA,NA,NA,0.174971894395155,0.196398813364189,0.135559648275707,0.279757971255385,0.2487949143046,0.310335999343805
-1,-0.5,-0.2,0.25,0.7,0.3,-1.22715863758175,-0.505796522769142,-0.172319768221745,0.387847670891258,0.909945499483913,0.278471810695656,NA,NA,NA,NA,NA,NA,0.182520980819766,0.217826101963771,0.142950917398927,0.587776617315617,0.504271593803247,0.373421860360775
-1,-0.5,-0.2,0.25,0.7,0.3,-1.02063473577068,-0.530679204528287,-0.0113905005135474,0.287970234079998,0.677860986570673,0.124830240621677,NA,NA,NA,NA,NA,NA,0.158804648394755,0.184108025883055,0.166756289871438,0.298390945983007,0.265395515931007,0.298343521600219
-1,-0.5,-0.2,0.25,0.7,0.3,-0.70927642852356,-0.487387099540819,-0.0634991049703032,0.254910954565386,0.946156493903306,0.216110440885559,NA,NA,NA,NA,NA,NA,0.180704535755236,0.219100266204461,0.127706002026922,0.444384517962897,0.341916902322068,0.349208638245137
-1,-0.5,-0.2,0.25,0.7,0.3,-0.812936083552354,-0.670500702640062,-0.602002559365633,0.459722722545743,0.649428733500117,-0.00489233550131482,NA,NA,NA,NA,NA,NA,0.136833962913591,0.156056095055751,0.158828187353892,0.263195905649616,0.257426076069405,0.255351185832536
-1,-0.5,-0.2,0.25,0.7,0.3,-1.14514584315493,-0.554669704301051,-0.330134379503177,0.142803977020467,0.777068068324994,-0.0838354506998811,NA,NA,NA,NA,NA,NA,0.189106868110447,0.261875367190415,0.125743429966591,0.390235598880346,0.380074841533244,0.367815530977085
-1,-0.5,-0.2,0.25,0.7,0.3,-0.784772949745063,-0.924251505413169,0.133636155080522,-0.197465818629738,0.613828116055931,-0.408540901463778,NA,NA,NA,NA,NA,NA,0.224926654243737,0.250912442620895,0.164533996775322,0.241450513440366,0.200894237395462,0.49733680378268
-1,-0.5,-0.2,0.25,0.7,0.3,-0.816543057365995,-0.528875413133269,0.0153256422468437,-0.190159147317657,0.627269008553486,-0.936671420403926,NA,NA,NA,NA,NA,NA,0.187311906344266,0.186434077781196,0.135616051503813,0.231394623759537,0.185598686893463,0.68862968270513
-1,-0.5,-0.2,0.25,0.7,0.3,-0.857522126789135,-0.430579065164021,-0.278396248056594,0.199681584653222,0.764094662779992,0.427733663815996,NA,NA,NA,NA,NA,NA,0.191408088161834,0.216976373101848,0.135912809663233,0.360551294209839,0.292307352527336,0.354622178886631
-1,-0.5,-0.2,0.25,0.7,0.3,-0.84970317218294,-0.457410476345373,0.15100421274588,0.310702407230691,0.837401451752762,0.128908386221513,NA,NA,NA,NA,NA,NA,0.166713288686058,0.197889122040996,0.164307432813043,0.273579977737788,0.218095445745719,0.273815488489901
-1,-0.5,-0.2,0.25,0.7,0.3,-0.879181141696102,-0.566671212847485,-0.27229694857955,0.321395647335661,0.42041114942368,0.164055452501284,NA,NA,NA,NA,NA,NA,0.145260915909805,0.156379895130419,0.120418341777883,0.384238466975013,0.266422502075982,0.428593848132501
-1,-0.5,-0.2,0.25,0.7,0.3,-1.26598796705946,-0.49385410039939,-0.264134731709314,-0.196876136285129,0.333723217778448,0.101620575038432,NA,NA,NA,NA,NA,NA,0.207966830436078,0.206956109226528,0.216895615382559,0.332602125593315,0.21037614539351,0.732728258175745
-1,-0.5,-0.2,0.25,0.7,0.3,-0.879413906592412,-0.611899707621708,-0.232505139369683,0.358502591929406,0.936943466573525,0.297391771277973,NA,NA,NA,NA,NA,NA,0.17507397586156,0.212778209916468,0.165660809569867,0.448081130820421,0.399978818750706,0.314401722261696
-1,-0.5,-0.2,0.25,0.7,0.3,-0.918874246718715,-0.371494304658624,-0.279840468480172,0.343656904085088,0.286786703904473,0.60213903387656,NA,NA,NA,NA,NA,NA,0.169787316020779,0.159521275308166,0.16533916902654,0.564056925950693,0.363167867927302,0.468504927546531
-1,-0.5,-0.2,0.25,0.7,0.3,-1.12280651800946,-0.747641849062355,0.0078760445943407,-0.426139109336461,0.3457744489185,-0.403063801760798,NA,NA,NA,NA,NA,NA,0.219806156642901,0.22900381665314,0.208642378741176,0.256860133947219,0.173894491801003,0.838942481116381
-1,-0.5,-0.2,0.25,0.7,0.3,-0.638983378750996,-0.893021491006014,0.0676666775838756,0.347166588678731,0.733006594580522,0.405290261189367,NA,NA,NA,NA,NA,NA,0.17705077306226,0.206457238608504,0.245724880594608,0.434165689735182,0.297604380327934,0.406092864705472
-1,-0.5,-0.2,0.25,0.7,0.3,-1.10047213236991,-0.37395796388642,-0.521740640447695,0.615197641035264,1.04619576409295,-0.142366746300626,NA,NA,NA,NA,NA,NA,0.141772399053667,0.165556355522136,0.11011077029782,0.262680733334421,0.224485117048644,0.238382247673902
-1,-0.5,-0.2,0.25,0.7,0.3,-0.908577235174644,-0.522437362156597,-0.117567476576777,0.270936610857124,0.951126724097416,0.119379283042558,NA,NA,NA,NA,NA,NA,0.186758912915753,0.197193802118903,0.164556403472867,0.28987267429367,0.24404356077507,0.322677755564495
-1,-0.5,-0.2,0.25,0.7,0.3,-1.14185609139742,-0.669154998650151,-0.244802820470897,0.282723894522548,0.551944402257993,0.00830764136487043,NA,NA,NA,NA,NA,NA,0.155912209556908,0.170860151838549,0.156339580611714,0.360102149758815,0.258885065524497,0.420644098036896
-1,-0.5,-0.2,0.25,0.7,0.3,-0.800502036074056,-0.862592624894641,-0.312882773307881,0.200929547877084,0.691802868891514,0.131813117641216,NA,NA,NA,NA,NA,NA,0.182150561513676,0.199369636687624,0.150678120880335,0.306845675660137,0.313060634267043,0.312985836880468
-1,-0.5,-0.2,0.25,0.7,0.3,-0.809581241514251,-0.556701637026693,0.0945610729754825,0.561488995158929,1.13063822363225,0.336277533464237,NA,NA,NA,NA,NA,NA,0.17777102262907,0.193909084186151,0.137263153199356,0.472740205024003,0.398725108932112,0.323356817869394
-1,-0.5,-0.2,0.25,0.7,0.3,-1.25397775288365,-0.669711063454706,-0.178601635815936,-0.402710583128722,0.164154387952242,-1.17726216422782,NA,NA,NA,NA,NA,NA,0.191675423240025,0.187588432189796,0.183075887859858,0.299136652705222,0.172248643847955,1.30745119331083
-1,-0.5,-0.2,0.25,0.7,0.3,-0.839173530952666,-0.871816992690498,-0.171137457312267,-0.165754910549697,0.656600513956027,0.431992309279942,NA,NA,NA,NA,NA,NA,0.236578057168326,0.263646662999169,0.18136226356467,0.339316510272112,0.313890202646127,0.500053531063541
-1,-0.5,-0.2,0.25,0.7,0.3,-0.827784957591432,-0.654757650615377,-0.150456715540173,0.253356004387448,0.352902423324924,0.228727683208145,NA,NA,NA,NA,NA,NA,0.161026849203454,0.16473202642846,0.16835638112991,0.374028641420477,0.260047073006555,0.466990355130038
-1,-0.5,-0.2,0.25,0.7,0.3,-0.952968725665759,-0.518046405116456,0.0277794493747006,0.0980809344523687,0.585345178086279,0.396462568871615,NA,NA,NA,NA,NA,NA,0.202723174471402,0.207877832272525,0.186144255125921,0.708758076953048,0.552822624142153,0.675043452644672
-1,-0.5,-0.2,0.25,0.7,0.3,-1.32149899083436,-0.234273770305161,-0.0798827570198148,-0.269588455864424,0.215055842625552,0.0757004538104324,NA,NA,NA,NA,NA,NA,0.236479978895293,0.211333974684952,0.178012666660982,0.614765587690713,0.364440219014349,1.34704462257061
-1,-0.5,-0.2,0.25,0.7,0.3,-1.08548655805397,-0.368951386259097,-0.431727766278273,0.0933911517737377,0.557310024223043,-0.379547949721049,NA,NA,NA,NA,NA,NA,0.153717971574311,0.146485704743924,0.131854161448439,0.219446871524208,0.203178580095462,0.340329467431226
-1,-0.5,-0.2,0.25,0.7,0.3,-1.29306659702324,-0.766997499977461,-0.182964860238387,0.635991862351977,1.02268365126249,0.266181839740145,NA,NA,NA,NA,NA,NA,0.165434201132312,0.237125478231232,0.143634779756123,0.474580887967808,0.488001879500186,0.233116763530052
-1,-0.5,-0.2,0.25,0.7,0.3,-0.859497942337399,-0.596486575375495,-0.215676940987253,0.0613543804036832,0.396632675784879,-0.115160608844221,NA,NA,NA,NA,NA,NA,0.161227516499355,0.16281859270557,0.134505941869881,0.277613714738775,0.259583756871449,0.46575774604109
-1,-0.5,-0.2,0.25,0.7,0.3,-1.10876308967704,-0.702538267946227,-0.234421057362056,-0.353115526513932,0.485262302796654,-1.32596947405311,NA,NA,NA,NA,NA,NA,0.194803362166771,0.199584937381454,0.152562748030541,0.32072193828214,0.177389133058046,1.24004886553358
-1,-0.5,-0.2,0.25,0.7,0.3,-1.04088866641599,-0.347730963733499,-0.074225727352614,0.17556323991003,0.329471458029162,-0.0715912755882436,NA,NA,NA,NA,NA,NA,0.147724148898405,0.161652681263195,0.147170954993589,0.406118194688795,0.259257883135094,0.565186690594178
-1,-0.5,-0.2,0.25,0.7,0.3,-1.23152736689085,-0.185866227698216,0.253525050965577,0.293367620279539,0.629630179233829,0.345763942589715,NA,NA,NA,NA,NA,NA,0.177368380264861,0.19791890762263,0.160459652546606,0.316163069006654,0.279730794402802,0.331916760381041
-1,-0.5,-0.2,0.25,0.7,0.3,-1.21589163120271,-0.639805754594546,0.00965226458969829,-0.0886601045718354,0.387386106533522,0.10747386095082,NA,NA,NA,NA,NA,NA,0.193948129929005,0.202454452141566,0.172990511523691,0.327993975979136,0.230662180569831,0.567586424516987
-1,-0.5,-0.2,0.25,0.7,0.3,-0.772135535176779,-0.945974264904757,-0.201808423050483,-0.318133351722707,0.429538331549721,-0.315371338262961,NA,NA,NA,NA,NA,NA,0.221211448790413,0.242260503620328,0.159216116364318,0.318957864214985,0.235425504455743,0.855691533048271
-1,-0.5,-0.2,0.25,0.7,0.3,-1.17229482305235,-0.566044837510866,-0.380828286854995,-0.553993666374164,0.145543279816443,-4.06899545745736,NA,NA,NA,NA,NA,NA,0.170857833467686,0.167136555784022,0.152102211025094,0.206342477586302,0.0816743027405239,3.43879103762227
-1,-0.5,-0.2,0.25,0.7,0.3,-0.993532748810287,-0.338981616353532,-0.360083804948984,0.710943384873657,1.19164580932173,0.203456808700975,NA,NA,NA,NA,NA,NA,0.152790982637535,0.177344669841452,0.137715009669216,0.441330163099066,0.39961617989083,0.207774017680154
-1,-0.5,-0.2,0.25,0.7,0.3,-0.916207295184855,-0.455065755441982,-0.353857989050748,0.228811135280708,0.703575941012982,0.153857418083498,NA,NA,NA,NA,NA,NA,0.168323743701105,0.178156002601292,0.139293869603101,0.259822353816632,0.219849659072631,0.342524064414551
-1,-0.5,-0.2,0.25,0.7,0.3,-1.07403966289245,-0.598799910695866,-0.23153547666078,0.260137749744931,0.686632256405485,0.0984485329338046,NA,NA,NA,NA,NA,NA,0.175644033066337,0.186442507210318,0.130655869155608,0.380107616985411,0.30413589811902,0.410169561681042
-1,-0.5,-0.2,0.25,0.7,0.3,-0.872472942062469,-0.705151336892276,-0.533850619019437,0.114371871173223,0.581128810492395,0.0875791084772,NA,NA,NA,NA,NA,NA,0.174297759943754,0.186523729029351,0.179821059927246,0.285269143111349,0.205655422313196,0.432632953008741
-1,-0.5,-0.2,0.25,0.7,0.3,-1.176020518403,-0.57493058332087,-0.517937955574567,-0.521262004582453,0.19275434490572,-1.6221868491086,NA,NA,NA,NA,NA,NA,0.201412055379792,0.187666967794999,0.187489925025052,0.24515703195943,0.139283660818823,1.52251901090273
-1,-0.5,-0.2,0.25,0.7,0.3,-0.845013213606957,-0.432836703745813,-0.0209572879165969,0.221541529804597,0.595003141878513,0.383564875594233,NA,NA,NA,NA,NA,NA,0.170211533810967,0.177933543475165,0.152935389303961,0.323780501297365,0.293065500729033,0.37567944175649
-1,-0.5,-0.2,0.25,0.7,0.3,-0.919024929210406,-0.616784821614603,-0.271115039449237,-0.656115717230331,0.44033276049924,-1.88036368732295,NA,NA,NA,NA,NA,NA,0.260696070588138,0.243817170323712,0.176127346287568,0.267042597531712,0.166893649696065,1.7825324497039
-1,-0.5,-0.2,0.25,0.7,0.3,-0.689506256398626,-0.464873074541287,-0.135366682487681,0.185205006660159,0.918594328448353,0.485349414022842,NA,NA,NA,NA,NA,NA,0.193722451091252,0.221752842548067,0.170593760300818,0.398039017821225,0.324417628127293,0.361217882680768
-1,-0.5,-0.2,0.25,0.7,0.3,-0.862903288811483,-0.378447223920702,-0.309182782271418,1.07401213170597,1.41684199410272,0.948429301207009,NA,NA,NA,NA,NA,NA,0.194148740512712,0.206489223272025,0.154101714116668,0.82597022405124,0.770325768312434,0.31741655462054
-1,-0.5,-0.2,0.25,0.7,0.3,-1.18333498820051,-0.645056632979433,-0.00590131708488599,0.225526479573275,0.677056177898185,0.108261604968629,NA,NA,NA,NA,NA,NA,0.181006575456443,0.196727452396552,0.181311089890172,0.348331768794793,0.316832869872662,0.378632803872944
-1,-0.5,-0.2,0.25,0.7,0.3,-0.757147879811969,-0.657440530647653,-0.483516522950359,0.698477886806701,0.444829604887355,0.808584886115753,NA,NA,NA,NA,NA,NA,0.165504547477163,0.158666843500948,0.168760815955096,0.444392501228563,0.419944586178239,0.327622411381328
-1,-0.5,-0.2,0.25,0.7,0.3,-1.23053119668775,-0.133395687838369,-0.151230297166416,0.519478168769399,1.08864440665279,0.0277531446329591,NA,NA,NA,NA,NA,NA,0.163461627553971,0.213128094613333,0.139232307764701,0.453844773919465,0.429507502240906,0.238488750633494
-1,-0.5,-0.2,0.25,0.7,0.3,-1.00104641915908,-0.289454766905588,-0.00189095828922557,0.340251272758079,0.512639950031147,0.103238224367447,NA,NA,NA,NA,NA,NA,0.145795027369339,0.150289593658101,0.164221924193172,0.452971516126253,0.304478252459391,0.475365676300127
-1,-0.5,-0.2,0.25,0.7,0.3,-0.928710735350392,-0.654046565928707,-0.0942733036003813,0.318203939756801,0.626265726206458,0.163609229605985,NA,NA,NA,NA,NA,NA,0.158665446443311,0.188259937348536,0.130662869214899,0.27492372205396,0.20716974473083,0.317871996678518
-1,-0.5,-0.2,0.25,0.7,0.3,-0.760378763004436,-0.196641172578108,-0.208215495923138,0.549225051665602,1.025498032118,0.180969899694301,NA,NA,NA,NA,NA,NA,0.140470010661851,0.160140706024279,0.117622554648811,0.334720756436312,0.327103829274608,0.206642935526378
-1,-0.5,-0.2,0.25,0.7,0.3,-0.748237182951479,-0.620297426011493,-0.2565479109321,0.577051726003152,0.874018159533242,0.384355326673536,NA,NA,NA,NA,NA,NA,0.153451755406764,0.17486765448908,0.153033169475134,0.639759523809566,0.617695451180661,0.312196034171308
-1,-0.5,-0.2,0.25,0.7,0.3,-0.797980074639889,-0.575725100999333,-0.183016005901299,-0.1393833206314,0.714782579515348,-0.0962211374532579,NA,NA,NA,NA,NA,NA,0.213018818527265,0.229855286057461,0.18944065712552,0.276424354406464,0.254875763082798,0.391677682468206
-1,-0.5,-0.2,0.25,0.7,0.3,-1.12475582179524,-0.792584977462349,-0.261419115465445,-0.700114706571412,0.17004982818809,-3.56298977634258,NA,NA,NA,NA,NA,NA,0.212966486048692,0.215733924436786,0.180632996307733,0.242355881812022,0.108727899084138,3.1164403434
-1,-0.5,-0.2,0.25,0.7,0.3,-1.13035653965664,-0.103093646370708,-0.322641100290193,-0.889505788726099,-0.040528164545619,-10.7130927018995,NA,NA,NA,NA,NA,NA,0.221402375934643,0.228970575848086,0.191437010400851,0.127440214256026,0.0952481546141436,14.5957158074121
-1,-0.5,-0.2,0.25,0.7,0.3,-0.74847192609784,-0.914945102078651,-0.088172792442288,0.68799615182035,1.0547836969164,0.115209596810958,NA,NA,NA,NA,NA,NA,0.144431445377977,0.195081407430224,0.131480509298992,0.430719802502269,0.354162976336111,0.290421098978375
-1,-0.5,-0.2,0.25,0.7,0.3,-0.931069665476645,-0.484187670682451,-0.174608844974744,0.593827616405421,0.956947732720301,0.120929462036442,NA,NA,NA,NA,NA,NA,0.149689009776384,0.162294502515862,0.145375413356726,0.309018806919812,0.347864368683371,0.227915308763605
-1,-0.5,-0.2,0.25,0.7,0.3,-1.18625603758842,-0.478918642388065,-0.459236840065563,0.604844116674717,0.42159810845658,0.65297728872107,NA,NA,NA,NA,NA,NA,0.191718974097809,0.166865659820811,0.153136138267343,1.13977912549467,0.755614098242808,0.537478340997853
-1,-0.5,-0.2,0.25,0.7,0.3,-1.09681317252556,-0.713970478825566,-0.428750013491064,-0.166121122020684,0.519456788070241,-0.237336102589074,NA,NA,NA,NA,NA,NA,0.201230417399091,0.203259604426838,0.177543930834907,0.266511541557056,0.202044248643484,0.532685995768653
-1,-0.5,-0.2,0.25,0.7,0.3,-0.794948520079179,-0.514167355624393,-0.269040551207196,0.204186538662051,0.458874277487325,0.363365445840516,NA,NA,NA,NA,NA,NA,0.174186214753767,0.172358463225007,0.164101728758678,0.498515219360733,0.397980421223882,0.499258549369912
-1,-0.5,-0.2,0.25,0.7,0.3,-0.829997647994483,-0.427326686451006,-0.216907930484187,0.314050137210594,0.835188421965045,0.122188698873311,NA,NA,NA,NA,NA,NA,0.159433224149084,0.181322088608312,0.138674025967416,0.247075836074526,0.247912024682097,0.250974984906435
-1,-0.5,-0.2,0.25,0.7,0.3,-1.31161589226358,-0.562668228584778,-0.13733288575223,-0.0813937095932871,0.306878217498259,-0.460112867085455,NA,NA,NA,NA,NA,NA,0.169241854244715,0.17006864404524,0.160074688382665,0.332676764758468,0.229213411116792,0.786165165096162
-1,-0.5,-0.2,0.25,0.7,0.3,-0.938377476258668,-0.0253614102840279,-0.288872464183247,-0.474044072614297,0.196365200141084,-1.15287868747865,NA,NA,NA,NA,NA,NA,0.201213201150718,0.198755628637117,0.179843909904762,0.427535349804532,0.17805587603422,2.41888632573992
-1,-0.5,-0.2,0.25,0.7,0.3,-1.13952956213689,-0.571829098511489,-0.312724469397978,0.177484973098778,0.324015877353608,-0.145691150330593,NA,NA,NA,NA,NA,NA,0.15763416884609,0.153059903127391,0.149744605581806,0.420077847507523,0.237251849362488,0.63543066613633
-1,-0.5,-0.2,0.25,0.7,0.3,-1.10328543473223,-0.229396994770015,-0.287908328262972,0.0714892923229147,0.56558633283812,-0.0704423162122314,NA,NA,NA,NA,NA,NA,0.175567676632781,0.173163420868834,0.158329266863239,0.300799139877618,0.216718781407928,0.434749390582341
-1,-0.5,-0.2,0.25,0.7,0.3,-0.966020032797552,-0.53363955538708,-0.0875553598951744,0.355251170383068,0.739424072662732,-0.128043841945114,NA,NA,NA,NA,NA,NA,0.14196357538933,0.16361402211582,0.139509245723377,0.260126726593126,0.253232356407767,0.26273875968447
-1,-0.5,-0.2,0.25,0.7,0.3,-1.1574168301767,-0.350429309595113,-0.2750961570084,0.352103058617937,0.959261304805425,0.130805893914782,NA,NA,NA,NA,NA,NA,0.174622195337591,0.190883409516182,0.120829176181446,0.306912882722189,0.290874618428456,0.276214187435778
-1,-0.5,-0.2,0.25,0.7,0.3,-0.70469993679092,-0.630760548312491,0.00948910346959,0.0284301497701916,0.814637476547519,0.0236058382812818,NA,NA,NA,NA,NA,NA,0.195272187982647,0.221703366149096,0.163730080570697,0.259798996419821,0.219837487435156,0.385445330095524
-1,-0.5,-0.2,0.25,0.7,0.3,-0.744732480815227,-0.526026578755452,-0.142358311287346,0.541887027883952,1.29998617898767,0.237811949386196,NA,NA,NA,NA,NA,NA,0.160392337710991,0.202197013315058,0.168922501247642,0.376882916715909,0.329529085108865,0.23682122705594
-1,-0.5,-0.2,0.25,0.7,0.3,-0.921178921370417,-0.5066238543432,-0.294728273135728,0.0208606770714994,0.254870805463508,-0.126246224195161,NA,NA,NA,NA,NA,NA,0.158871876117016,0.154185090125372,0.141330288116968,0.329477610142955,0.159550855222453,0.698143604741845
-1,-0.5,-0.2,0.25,0.7,0.3,-1.00922783815783,-0.407659887525696,-0.240960174700028,-0.383560387996069,0.40669602446674,-0.6050918207938,NA,NA,NA,NA,NA,NA,0.211032976183344,0.199700525623041,0.175433070420398,0.255755641747796,0.1592552438644,0.879693855823748
-1,-0.5,-0.2,0.25,0.7,0.3,-0.9655534365164,-0.47492562984969,-0.340566469938079,-0.479288329489753,0.166789960685023,-1.56675130729067,NA,NA,NA,NA,NA,NA,0.198724533499824,0.184513916556054,0.193013034572343,0.315376091550983,0.122476585795806,2.04724641876603
-1,-0.5,-0.2,0.25,0.7,0.3,-1.12280561500077,-0.290674367390275,0.0283749602196227,-0.1318987408313,0.269120413548488,-0.179277268229065,NA,NA,NA,NA,NA,NA,0.191102627250844,0.168201176494672,0.169090967981697,0.443363988702888,0.248160907474331,1.03204081855044
-1,-0.5,-0.2,0.25,0.7,0.3,-1.09896942280343,-0.467382822694654,-0.0739943227659595,-0.094301259974716,0.38337718376346,-0.0325715326712084,NA,NA,NA,NA,NA,NA,0.243920799907059,0.187092636682408,0.166618574475486,0.753896594626427,0.554453490216953,1.33879229408243
-1,-0.5,-0.2,0.25,0.7,0.3,-0.950087497458314,-0.494571908739035,-0.325640549795369,0.181796511425938,0.714396324942355,-0.350195161735596,NA,NA,NA,NA,NA,NA,0.151472395737716,0.170182184181923,0.116078104643872,0.266399895477911,0.217609304234366,0.344294485384833
-1,-0.5,-0.2,0.25,0.7,0.3,-0.901529542888934,-0.655991825013342,-0.303529597925489,0.73057054653719,1.26984307153902,0.0714875830108175,NA,NA,NA,NA,NA,NA,0.153803321001662,0.185234641290054,0.153636466448336,0.435431954593261,0.395849385968525,0.218786980070466
-1,-0.5,-0.2,0.25,0.7,0.3,-1.13604296344874,-0.806065891896544,-0.0833243556260529,-0.589125554898466,0.183890304119907,-2.58597605058305,NA,NA,NA,NA,NA,NA,0.203331046101212,0.200101832579488,0.181415144131775,0.268854327473747,0.133535403495356,2.28618306246487
-1,-0.5,-0.2,0.25,0.7,0.3,-1.06274332780449,-0.43029140719326,-0.0532424359350401,0.425716855953403,0.785060120545088,0.384587362047355,NA,NA,NA,NA,NA,NA,0.179004029244409,0.191385722646151,0.161335647320364,0.400859652289251,0.355782827414288,0.335732941013798
-1,-0.5,-0.2,0.25,0.7,0.3,-0.971849148512384,-0.530342317616117,-0.258028365955175,-0.135703634742526,0.501858900351822,0.0810490241209267,NA,NA,NA,NA,NA,NA,0.209162770493647,0.209353899204533,0.159637161257809,0.3734766932171,0.260419090177867,0.667921061184769
-1,-0.5,-0.2,0.25,0.7,0.3,-1.03839730780622,-0.274180664650138,-0.125450651861519,-0.250118477803616,0.278120724206234,-0.277298869477823,NA,NA,NA,NA,NA,NA,0.221684007986426,0.207998557386471,0.182159713489163,1.0766026510223,0.580099946000489,3.02448117925237
-1,-0.5,-0.2,0.25,0.7,0.3,-0.747082196742476,-0.473974045655566,-0.127940249929823,0.82711079175582,1.33763356485782,0.468476515142023,NA,NA,NA,NA,NA,NA,0.167980797790933,0.211903370314242,0.173198789834032,1.0009100173297,0.733338045000686,0.328028780555825
-1,-0.5,-0.2,0.25,0.7,0.3,-0.788708091474507,-0.582850773924622,-0.181727319511411,1.13144036011936,1.71526398851097,1.25410027975604,NA,NA,NA,NA,NA,NA,0.206915380807449,0.274300242272325,0.179104904797108,0.798543385726658,0.670411839052757,0.298207259197223
-1,-0.5,-0.2,0.25,0.7,0.3,-1.08532530696882,-0.494208448967365,-0.134283412092985,0.168660070880668,0.562177443797097,0.0346515306476605,NA,NA,NA,NA,NA,NA,0.160084844591262,0.176080947139306,0.14449382732226,0.324535554027158,0.268025775423828,0.417156829460235
-1,-0.5,-0.2,0.25,0.7,0.3,-0.902890675698231,-0.671883390584559,-0.199397233685789,-0.139421352600328,0.286012431950657,-0.992245041750268,NA,NA,NA,NA,NA,NA,0.156461546176864,0.155142351056421,0.142516313647798,0.269690160468165,0.182704338820112,0.964038149519015
-1,-0.5,-0.2,0.25,0.7,0.3,-1.09424235720635,-0.659903408742997,-0.0964330353677937,0.146469071963045,0.67632408813011,-0.142074749400457,NA,NA,NA,NA,NA,NA,0.17035114442371,0.179239374090378,0.185876969923346,0.283627543471372,0.281118792237841,0.347549018607536
-1,-0.5,-0.2,0.25,0.7,0.3,-1.00623799407886,-0.494508847128736,-0.0740307478029012,0.102888586940394,0.569182629060729,-0.0494113189493653,NA,NA,NA,NA,NA,NA,0.169213899715555,0.201457290761125,0.159754835947795,0.31879227427249,0.259795219948036,0.410063809164045
-1,-0.5,-0.2,0.25,0.7,0.3,-1.03807918549516,-0.628190136085508,-0.195994759651794,0.687672472995976,0.86618903113893,0.226904577445981,NA,NA,NA,NA,NA,NA,0.146176986354277,0.174895128341239,0.159013917064133,0.323508594998731,0.273876309220317,0.253944472100442
-1,-0.5,-0.2,0.25,0.7,0.3,-0.662188084184933,-0.741078416931924,-0.101284904388408,0.113080788831435,0.404336739931865,0.403506948495403,NA,NA,NA,NA,NA,NA,0.178263250846464,0.198154554303494,0.16475700355245,0.401591715850506,0.329193740379026,0.482468832132202
-1,-0.5,-0.2,0.25,0.7,0.3,-1.24915773613805,-0.503831156608966,-0.121227769179627,-0.258662743285562,0.354993383695851,-0.603599196289378,NA,NA,NA,NA,NA,NA,0.189212749984721,0.187444567339816,0.161642102001878,0.337593911364179,0.183683389409203,1.04296341434225
-1,-0.5,-0.2,0.25,0.7,0.3,-0.823204897825417,-0.535758806440847,-0.189412027991524,0.377908508277354,0.525066204715875,0.0143312588537151,NA,NA,NA,NA,NA,NA,0.154690182503614,0.149231144829827,0.132868288137938,0.470105842118781,0.387040320739122,0.448925998263562
-1,-0.5,-0.2,0.25,0.7,0.3,-0.742066669322348,-0.771939017381194,-0.14884474055297,0.504604232819624,1.10411210483412,0.301115807020291,NA,NA,NA,NA,NA,NA,0.188290698883336,0.218789644005627,0.165245988310537,0.292638304876135,0.35483294374538,0.215580475860373
-1,-0.5,-0.2,0.25,0.7,0.3,-0.959434110557923,-0.449657294561474,-0.237685020651713,0.617707563394468,0.880013913818761,0.665214199364911,NA,NA,NA,NA,NA,NA,0.172561675846586,0.191171169015371,0.157590597104444,0.646813875176489,0.57679516742004,0.318448655837536
-1,-0.5,-0.2,0.25,0.7,0.3,-1.53165743512115,-0.146723345269297,-0.584804602328716,0.424840331401355,0.550483492513001,-0.0249475169198153,NA,NA,NA,NA,NA,NA,0.159212595244223,0.152006946236273,0.175411407586213,0.364457217784698,0.288630809102022,0.311642845859081
-1,-0.5,-0.2,0.25,0.7,0.3,-0.961524882084154,-0.0777334167618531,-0.135446762240604,0.310467079752576,0.724959445419747,0.70059545535192,NA,NA,NA,NA,NA,NA,0.193489300154892,0.202723131627561,0.132478931467985,0.47620203998431,0.408119306804381,0.349313894103723
-1,-0.5,-0.2,0.25,0.7,0.3,-1.00233920673974,-0.510256453414835,-0.117576887066668,-0.44090300636431,0.313219575633485,-1.77537739636613,NA,NA,NA,NA,NA,NA,0.186737333859542,0.177935965774701,0.134922537954704,0.238227157740671,0.11679133824945,1.49526878699327
-1,-0.5,-0.2,0.25,0.7,0.3,-1.09820425219832,-0.487699493467487,-0.0479799030246058,-0.204835326869945,0.370080486292757,-0.700657118117514,NA,NA,NA,NA,NA,NA,0.177584345877388,0.174768059376901,0.138893683574652,0.304009160216217,0.187486566374856,0.954776599147741
-1,-0.5,-0.2,0.25,0.7,0.3,-0.961905179983953,-0.331350523095367,-0.214423091026262,0.525508386369349,0.831342718557533,0.719053861666434,NA,NA,NA,NA,NA,NA,0.188091345217363,0.191051443224907,0.15401978100556,0.497969799674869,0.424855912433461,0.310683448047951
-1,-0.5,-0.2,0.25,0.7,0.3,-1.02650699500081,-0.58529928575343,-0.0560140403456393,0.221061055155048,0.664709910406957,0.268068488407156,NA,NA,NA,NA,NA,NA,0.178271423595868,0.19782812617737,0.146304586856704,0.371148963073589,0.274864375662922,0.350905819524149
-1,-0.5,-0.2,0.25,0.7,0.3,-1.18805227437489,-0.563572474629707,-0.18912696871339,0.136913739486757,0.481854806147648,-0.113422162504452,NA,NA,NA,NA,NA,NA,0.159804013944085,0.174003608649588,0.135818176558076,0.282860475245564,0.227665245302169,0.423468973222315
-1,-0.5,-0.2,0.25,0.7,0.3,-0.781511167077573,-0.526126122781585,-0.483528385393244,1.24067961390644,1.21968543432339,0.908577079485196,NA,NA,NA,NA,NA,NA,0.173650764628693,0.18521530960489,0.154934034687831,0.884689175972276,0.734420311405555,0.291280849990038
-1,-0.5,-0.2,0.25,0.7,0.3,-1.17861517355534,-0.564407788432127,-0.32351581552237,0.583072629548771,1.19894636629509,0.354660100593779,NA,NA,NA,NA,NA,NA,0.187774651027758,0.229095178907001,0.181183258109309,0.45731176649665,0.455951364891899,0.283069210918613
-1,-0.5,-0.2,0.25,0.7,0.3,-0.892301792936879,-0.37566920602103,-0.267708940241146,0.647390226513488,0.753604231123217,1.13865348319699,NA,NA,NA,NA,NA,NA,0.205630945597443,0.216277174909744,0.148725588153238,0.635118533994674,0.507085047719016,0.410004852868798
-1,-0.5,-0.2,0.25,0.7,0.3,-0.903265535938497,-0.440997300317878,-0.140183140187516,-0.328346361745803,0.342700938705508,-0.348983696468852,NA,NA,NA,NA,NA,NA,0.202480984087564,0.20163808633078,0.174294442898432,0.351525110547957,0.218009932149325,1.10104498716453
-1,-0.5,-0.2,0.25,0.7,0.3,-0.753198857765506,-0.434992408411704,-0.529729016020265,0.136755597441407,0.323450606501652,0.622952863930742,NA,NA,NA,NA,NA,NA,0.185254504057194,0.185306185580444,0.172630810859758,0.571245974455326,0.344800507031867,0.628854400722781
-1,-0.5,-0.2,0.25,0.7,0.3,-0.854679341510299,-0.541673175820982,-0.368614975062406,0.68805385202172,0.869156276456185,0.614648310244247,NA,NA,NA,NA,NA,NA,0.170062557343811,0.186221893239462,0.173454891897821,0.490994298248599,0.466180042001655,0.31902855441229
-1,-0.5,-0.2,0.25,0.7,0.3,-0.833317860656807,-0.815950825566906,-0.223741477957607,-0.0875722101280913,0.757256470224772,0.435137401886695,NA,NA,NA,NA,NA,NA,0.234281751542392,0.272300704221607,0.188063026759074,0.378622604003294,0.338720951916389,0.428053942153482
-1,-0.5,-0.2,0.25,0.7,0.3,-0.959903688391369,-0.492955849657554,-0.223214107756473,0.092104834175104,0.105123610176798,0.375478734616303,NA,NA,NA,NA,NA,NA,0.172922724155642,0.157179607528481,0.158915247346087,0.408058827832728,0.22502526209522,0.63526499028657
-1,-0.5,-0.2,0.25,0.7,0.3,-0.877428748584006,-0.500494759745423,-0.249421288483668,0.182672795669335,0.572878700415211,0.540480322530342,NA,NA,NA,NA,NA,NA,0.199212009919327,0.192668208132675,0.148900295046483,0.351049104688056,0.309388932381971,0.397598603938532
-1,-0.5,-0.2,0.25,0.7,0.3,-1.42637835459225,-0.464661533829676,-0.0976522583030257,-0.531893171646406,0.136173237777096,-1.66429756214419,NA,NA,NA,NA,NA,NA,0.204033899391908,0.192587070950998,0.201095364009632,0.311470553133192,0.123969214960567,1.96896258538405
-1,-0.5,-0.2,0.25,0.7,0.3,-1.13768081132483,-0.792643215592235,-0.323333538277418,0.0571514991499874,0.667508925492266,-0.290468271267233,NA,NA,NA,NA,NA,NA,0.179530450945756,0.198268441831503,0.142505078409086,0.218436951368557,0.205153553749339,0.321302365808812
-1,-0.5,-0.2,0.25,0.7,0.3,-0.823545641753425,-0.355550311537314,-0.383456752882089,0.144846012913024,0.631417443291716,0.119013929969718,NA,NA,NA,NA,NA,NA,0.168755517360922,0.181819797216574,0.124675988643094,0.392824585050981,0.305336686797068,0.548114776869037
-1,-0.5,-0.2,0.25,0.7,0.3,-0.978516821914869,-0.414010841311791,-0.223309402579528,0.435125625745356,0.727312440451198,0.128336361916288,NA,NA,NA,NA,NA,NA,0.145517122462326,0.168684989792589,0.119061612066251,0.321816171747958,0.313541008227218,0.263124294380776
-1,-0.5,-0.2,0.25,0.7,0.3,-0.740209933340783,-0.566712796034401,-0.282786523610485,0.103489521865882,0.623531771238167,0.263804878015064,NA,NA,NA,NA,NA,NA,0.184974716199765,0.20983999522689,0.165721865745886,0.3318439051315,0.279119191647839,0.44336421212375
-1,-0.5,-0.2,0.25,0.7,0.3,-1.16638293570307,-0.650835368759371,-0.379788178124057,0.222847119018827,0.455199222114815,0.602912635654278,NA,NA,NA,NA,NA,NA,0.184705982196047,0.218295289182184,0.172563465444106,0.654416982804872,0.568682911999562,0.478341644759673
-1,-0.5,-0.2,0.25,0.7,0.3,-1.2586654879249,-0.483922795039823,-0.0965285244575566,0.669628307540694,0.710041642504182,0.657745463294237,NA,NA,NA,NA,NA,NA,0.187235691916097,0.201329194336522,0.19994937039159,0.987889474963608,0.556469059045242,0.507261049306571
-1,-0.5,-0.2,0.25,0.7,0.3,-1.28161224862677,-0.389113778090218,-0.358019261654271,0.0189175596971662,0.65186450018515,-0.412338513086619,NA,NA,NA,NA,NA,NA,0.178046248366813,0.181029399285887,0.133910866120424,0.315948998704055,0.245379767031211,0.551761339159359
-1,-0.5,-0.2,0.25,0.7,0.3,-0.901356179045606,-0.467648964702804,-0.184720510666805,0.195697778172053,0.417419162508638,0.526107028826763,NA,NA,NA,NA,NA,NA,0.176077868411168,0.203174813855943,0.189921839656312,0.437383398021582,0.305720016904711,0.473133260591859
-1,-0.5,-0.2,0.25,0.7,0.3,-0.904178679103439,-0.521737626678244,-0.0685990603386486,0.500987333419495,0.823228097308911,0.403901377346977,NA,NA,NA,NA,NA,NA,0.16165627037243,0.180335369852849,0.181818116326901,0.687993730052141,0.56271391536659,0.384976153508904
-1,-0.5,-0.2,0.25,0.7,0.3,-0.849243614709346,-0.448222835110697,-0.0694048627103243,0.174691392875943,0.860184089173531,0.0685096011412983,NA,NA,NA,NA,NA,NA,0.173570122002301,0.194539306384542,0.129038672495475,0.343070148332379,0.320481336323447,0.305415191894883
-1,-0.5,-0.2,0.25,0.7,0.3,-1.07252917344399,-0.380463610427643,-0.382111332723773,0.375543038110391,1.00741308066355,0.0839794831290302,NA,NA,NA,NA,NA,NA,0.166956850996999,0.180331866946407,0.167597307288914,0.34925241683328,0.250592197719709,0.295617120453427
-1,-0.5,-0.2,0.25,0.7,0.3,-0.687305205805072,-0.331191889427595,-0.34106048834587,0.0326332802898335,0.216619796757523,-0.273900022110861,NA,NA,NA,NA,NA,NA,0.146762028831407,0.139020034438273,0.126416114728788,0.267059784043475,0.193134226442221,0.599513078090373
-1,-0.5,-0.2,0.25,0.7,0.3,-0.9455800957004,-0.255928112819322,0.136386726624322,1.37898485680887,1.37829356659572,0.71306306807149,NA,NA,NA,NA,NA,NA,0.160438365520955,0.191022889584033,0.157254280748874,1.10500037670305,0.899188277651304,0.269293552984687
-1,-0.5,-0.2,0.25,0.7,0.3,-1.1438286454501,-0.478248196747727,-0.383855765187897,0.563785745060544,0.90521776760301,0.133233607298348,NA,NA,NA,NA,NA,NA,0.154476377500452,0.165958554904875,0.130419185833567,0.371237219967682,0.369510686224153,0.231886798056501
-1,-0.5,-0.2,0.25,0.7,0.3,-1.07240484952383,-0.520863458147569,-0.157899241075364,0.196645315176999,0.827132097120391,-0.00741099985679217,NA,NA,NA,NA,NA,NA,0.174343100156671,0.204916006167058,0.136296717624568,0.306152222200547,0.264742082431577,0.271420578984652
-1,-0.5,-0.2,0.25,0.7,0.3,-0.879753599417006,-0.211697992724053,-0.199899191118899,1.21887383996822,1.01694122888986,1.07447769434394,NA,NA,NA,NA,NA,NA,0.180102795097813,0.189455272119098,0.157498799037283,1.68459519929779,1.30927792979588,0.305282271786221
-1,-0.5,-0.2,0.25,0.7,0.3,-1.19215875932645,-0.4962907020986,-0.294755266117621,0.173066035808142,0.629070755045797,0.456603432741814,NA,NA,NA,NA,NA,NA,0.203768695729941,0.223640660966021,0.177871226209354,0.628311342968178,0.389252363261262,0.562391487738535
-1,-0.5,-0.2,0.25,0.7,0.3,-0.659590198292876,-0.723369358120471,0.0178543547312998,0.397068536088269,0.821480601828105,0.0989999968012969,NA,NA,NA,NA,NA,NA,0.166959216834282,0.187259714910218,0.153258675056235,0.324619012520508,0.288063650712206,0.281983039014993
-1,-0.5,-0.2,0.25,0.7,0.3,-1.10463871648011,-0.616477011087238,-0.311611364478921,0.772704757399066,1.1857138604645,0.701178360827298,NA,NA,NA,NA,NA,NA,0.18230795338367,0.221958776894889,0.126025457945651,0.868371836678521,0.69885887431344,0.288566410260417
-1,-0.5,-0.2,0.25,0.7,0.3,-1.1871307021281,-0.462329555314286,-0.183949786971588,0.0780341066707252,0.576856040427049,0.0498947465657606,NA,NA,NA,NA,NA,NA,0.176488989846296,0.193702465556438,0.167303421575042,0.331265211397954,0.289608844315743,0.417896658958596
-1,-0.5,-0.2,0.25,0.7,0.3,-0.892529007976944,-0.167489886241654,-0.398328668697834,1.02790088339704,1.28770885024908,0.642609581769413,NA,NA,NA,NA,NA,NA,0.163132834531101,0.18055940609054,0.146638428908851,0.617859411001734,0.511608882926574,0.241490331220635
-1,-0.5,-0.2,0.25,0.7,0.3,-0.873875842965342,-0.536984766881876,-0.00521461432171312,0.752151963431053,1.00006434681029,0.44628950039843,NA,NA,NA,NA,NA,NA,0.152712412440862,0.201883378939024,0.161285024477669,0.767900292180385,0.695246847776381,0.295116147645447
-1,-0.5,-0.2,0.25,0.7,0.3,-1.32123233136463,-0.389718932278453,-0.295921744838237,-0.611599729225679,0.240575517357869,-2.42214586069845,NA,NA,NA,NA,NA,NA,0.204775175132378,0.188418312543725,0.172240440516832,0.271995003061159,0.0942323569958461,2.36305909144677
-1,-0.5,-0.2,0.25,0.7,0.3,-1.22306025418807,-0.805093901844097,-0.253690392800683,0.0500905733188854,0.313360748021921,-0.549119643791133,NA,NA,NA,NA,NA,NA,0.147772586285344,0.153960727409869,0.138197508180876,0.226628556282428,0.165095968216814,0.48398336331666
-1,-0.5,-0.2,0.25,0.7,0.3,-0.966978273793555,-0.768692106625303,-0.109603688017696,0.466457510598305,0.841735236467457,0.272235322195049,NA,NA,NA,NA,NA,NA,0.160638450679065,0.201341424932109,0.138626323084052,0.319498486909441,0.280357163245211,0.252442071785163
-1,-0.5,-0.2,0.25,0.7,0.3,-1.30076438987332,-0.28707857507251,-0.499274275028166,-0.0594915325710714,0.208189510599186,-0.0320299792410352,NA,NA,NA,NA,NA,NA,0.255402681613554,0.169573072518761,0.237578235681536,1.15101414731539,0.668402883483667,1.92575159942904
-1,-0.5,-0.2,0.25,0.7,0.3,-0.85979525946701,-0.521756479544554,-0.19816055471806,0.112545916577721,0.564601516789393,0.079406116101005,NA,NA,NA,NA,NA,NA,0.176277132940069,0.18022394602078,0.136247510993225,0.311781672704378,0.262037870213873,0.426712080558602
-1,-0.5,-0.2,0.25,0.7,0.3,-0.967917614638443,-0.292794330180246,-0.0415584092051162,0.705685185286795,0.737345961949206,0.141710413380376,NA,NA,NA,NA,NA,NA,0.128723885699203,0.142926211200426,0.139953367594341,0.303858806745953,0.273349421100109,0.209383623859959
-1,-0.5,-0.2,0.25,0.7,0.3,-0.789258848716644,-0.823315182502742,-0.293752419509131,0.275401801648781,1.01824588247014,0.135003430023423,NA,NA,NA,NA,NA,NA,0.196878854758838,0.249298465554773,0.10603350469658,0.335866802490245,0.298413122661511,0.293523337062216
-1,-0.5,-0.2,0.25,0.7,0.3,-1.02782064213121,-0.424969113352354,-0.218110918893547,1.62618683701933,1.56727185374756,0.562616814520702,NA,NA,NA,NA,NA,NA,0.157063953628506,0.175322864893878,0.136532302696768,0.945074003895692,0.717294428769582,0.212338925268954
-1,-0.5,-0.2,0.25,0.7,0.3,-0.949356634002589,-0.995003083341346,-0.32068205952571,0.0390813386406983,0.329783032307259,-0.114021050119007,NA,NA,NA,NA,NA,NA,0.171131616868354,0.19104583915854,0.152193868001417,0.576788203713771,0.369501892834894,0.94056312170476
-1,-0.5,-0.2,0.25,0.7,0.3,-1.50124360827852,-0.482550597797011,-0.212601147570142,0.288788026189971,0.813091519447954,-0.0725728700339986,NA,NA,NA,NA,NA,NA,0.16557498136834,0.198138898489726,0.149856230092425,0.396747765968875,0.316242935362647,0.348493798371649
-1,-0.5,-0.2,0.25,0.7,0.3,-0.980233150096137,-0.470410044662992,-0.319146164419265,-0.161194540000491,0.269935101635813,-0.379292849007243,NA,NA,NA,NA,NA,NA,0.172168826501059,0.170298751867421,0.160968212120175,0.328921094786245,0.179015476191371,0.921391612874288
-1,-0.5,-0.2,0.25,0.7,0.3,-0.734904210817657,-0.682487886540188,-0.314320554799091,0.207271572956979,0.7826855467896,0.353074976560885,NA,NA,NA,NA,NA,NA,0.190046753730146,0.224038974652988,0.140193776425045,0.380088452313751,0.295945366088336,0.324713531567692
-1,-0.5,-0.2,0.25,0.7,0.3,-0.874595464556589,-0.456641801322245,0.0682502174029644,0.65167783186809,0.768799286399507,0.433993634596001,NA,NA,NA,NA,NA,NA,0.148627155908482,0.165855037656345,0.121776351565691,0.438603718957168,0.371647394156214,0.264574841200813
-1,-0.5,-0.2,0.25,0.7,0.3,-0.979025525027151,-0.229383550907281,-0.202101921559972,0.144771213700007,0.511334821668335,0.149594479451268,NA,NA,NA,NA,NA,NA,0.166801732739123,0.168669769037016,0.134675156204218,0.456460292557849,0.322461823542356,0.551287252072591
-1,-0.5,-0.2,0.25,0.7,0.3,-0.932071557015486,-0.290305564128212,-0.114104603335768,0.489048119598389,1.04682729921178,0.513356564449926,NA,NA,NA,NA,NA,NA,0.181817021302616,0.215339038606531,0.146781708897272,0.498813409872924,0.377894908307766,0.334056495883959
-1,-0.5,-0.2,0.25,0.7,0.3,-0.865620598864029,-1.10729332338628,-0.439158004438525,-0.769725145346348,0.16946899523949,-1.61128637398769,NA,NA,NA,NA,NA,NA,0.279084091456139,0.279796886312648,0.227289370281447,0.418754784676211,0.201637096738417,3.28727438182964
-1,-0.5,-0.2,0.25,0.7,0.3,-1.06024427322958,-0.233205286054367,-0.268183173143094,-0.306853275070942,0.224694546739251,-1.29378340430017,NA,NA,NA,NA,NA,NA,0.172538346837943,0.163980046314425,0.143991091993834,0.344280636648631,0.156522549300541,1.69507435231433
-1,-0.5,-0.2,0.25,0.7,0.3,-0.882094350739865,-0.581227294917763,-0.240421817195072,-0.041224931491293,0.261927486777743,0.0179966286955624,NA,NA,NA,NA,NA,NA,0.193933554093145,0.180146383417074,0.158587218621896,0.678371272471434,0.392655974363023,1.36278530947207
-1,-0.5,-0.2,0.25,0.7,0.3,-0.640116990219359,-1.257029332225,-0.122115236780317,0.291146147004243,1.0599804936924,0.898071672535023,NA,NA,NA,NA,NA,NA,0.249013002362756,0.337296196516669,0.245338009755396,0.940415843614115,0.707302568285426,0.472434555647828
-1,-0.5,-0.2,0.25,0.7,0.3,-1.09620349472439,-0.79158049563197,-0.157314911043607,-0.106536774921962,0.16824498319691,-0.445718016540906,NA,NA,NA,NA,NA,NA,0.170995156083939,0.17013569561384,0.153166972319293,0.330683102031244,0.1975396516404,0.890418300667129
-1,-0.5,-0.2,0.25,0.7,0.3,-0.981118403777945,-0.44988745692073,0.0688200197930477,-0.0781694096956743,0.312477757612643,-0.00618830693531209,NA,NA,NA,NA,NA,NA,0.179725092875512,0.1722953384163,0.1835277898801,0.29852638316058,0.19841257333432,0.636926182326101
-1,-0.5,-0.2,0.25,0.7,0.3,-1.15490504438879,-0.269040655535332,-0.00968076447659975,-0.419575092089586,-0.0987527859615432,-0.204171555363437,NA,NA,NA,NA,NA,NA,0.233842315367429,0.230926950814964,0.218823663411523,0.346857141292355,0.173666376351282,1.35983153975537
-1,-0.5,-0.2,0.25,0.7,0.3,-0.867023048455492,-0.494509227712811,-0.386910172282701,-0.360643811673957,0.420382973568398,-0.0935624091330671,NA,NA,NA,NA,NA,NA,0.232383645026073,0.227151078175525,0.170757508868741,0.490985355987298,0.315829219848298,1.29913533668246
-1,-0.5,-0.2,0.25,0.7,0.3,-1.28228223372508,-0.48603561137073,-0.136803971986201,0.634104263613266,1.12510679375575,-0.179394204341962,NA,NA,NA,NA,NA,NA,0.142279383128185,0.182417496390087,0.156638492890095,0.308765835968159,0.295703991755996,0.178084437047597
-1,-0.5,-0.2,0.25,0.7,0.3,-1.08442926719472,-0.344853338303444,-0.176923191216497,0.17476126230946,0.711536033037856,0.160564966529382,NA,NA,NA,NA,NA,NA,0.172791964117965,0.194238958222363,0.177783292825672,0.490516150820167,0.379059883393844,0.416145584516352
-1,-0.5,-0.2,0.25,0.7,0.3,-1.07697039549049,-0.544442767923483,-0.245031814985181,1.24050159794878,1.2491969060882,0.137102162110367,NA,NA,NA,NA,NA,NA,0.122459287651227,0.161250241024517,0.100290113179404,0.506289521219864,0.454304066653361,0.183102847339166
-1,-0.5,-0.2,0.25,0.7,0.3,-0.945931823522379,-0.354874112821571,-0.335012062321767,0.175022876475754,0.502593265906786,0.0524653828466634,NA,NA,NA,NA,NA,NA,0.17652321117806,0.16724921906514,0.139750207553847,0.463414065921815,0.337658159659743,0.664125720567324
-1,-0.5,-0.2,0.25,0.7,0.3,-1.41327398498046,-0.108713083459391,-0.206276584464539,-0.114535139395635,0.294948548883744,-0.644415333317715,NA,NA,NA,NA,NA,NA,0.178184937551108,0.15914261292197,0.125912164022633,0.362440798992816,0.180008063170323,1.00158625226484
-1,-0.5,-0.2,0.25,0.7,0.3,-1.14421540433299,-0.0889402265166909,-0.299904724869257,0.169509645232249,0.726800353456648,-0.333226087589942,NA,NA,NA,NA,NA,NA,0.15983910707249,0.16235806236461,0.14529864039238,0.23949223786231,0.184292696320896,0.331337898252211
-1,-0.5,-0.2,0.25,0.7,0.3,-1.08208559839944,-0.568641197201475,-0.167078996112863,-0.165076025458657,0.549786070358215,-0.697770316883564,NA,NA,NA,NA,NA,NA,0.187774461905076,0.187511149333503,0.178898163996244,0.243310221419802,0.189998796602171,0.55871180212252
-1,-0.5,-0.2,0.25,0.7,0.3,-0.836862399053474,-0.61566715748044,-0.392107534483198,0.217677717692794,0.904295157479273,0.0871560972065803,NA,NA,NA,NA,NA,NA,0.183775760497171,0.207934648491054,0.166886435499401,0.285279232589268,0.218899579196252,0.365016199026067
-1,-0.5,-0.2,0.25,0.7,0.3,-0.670811542586791,-0.505474384612721,0.074786696724218,1.03918638115597,1.33399439299975,0.672448355102988,NA,NA,NA,NA,NA,NA,0.157810027062198,0.209407077494541,0.150102710199864,0.747005245771123,0.639840109468697,0.273031673421172
-1,-0.5,-0.2,0.25,0.7,0.3,-1.47406367504599,-0.3640004049474,-0.197098163261708,0.212883488746738,0.399101825875318,0.207061602389484,NA,NA,NA,NA,NA,NA,0.179149425425026,0.175405733859976,0.151468734246666,0.380772614807469,0.257200856840155,0.425296219733714
-1,-0.5,-0.2,0.25,0.7,0.3,-0.910408426609747,-0.666986607875047,-0.146291026199635,0.455873050311111,1.09128882621682,0.0273601580409418,NA,NA,NA,NA,NA,NA,0.161946181697426,0.200894222659151,0.140110658201091,0.261220111362716,0.265954620628296,0.20917283934857
-1,-0.5,-0.2,0.25,0.7,0.3,-1.1125371305758,-0.349348077052114,-0.0185862878441893,1.25210759180322,1.14636892506239,0.447492032271305,NA,NA,NA,NA,NA,NA,0.148517462607077,0.170897573456709,0.152156326404688,0.555752592965188,0.44719716288872,0.183254281003895
-1,-0.5,-0.2,0.25,0.7,0.3,-0.675537588665638,-0.505407088681479,0.104696987538165,0.0654242405065521,0.505703323548182,0.418303585206351,NA,NA,NA,NA,NA,NA,0.178587876521258,0.18632444472566,0.15364868306969,0.314118959658056,0.246632698231469,0.440104620529348
-1,-0.5,-0.2,0.25,0.7,0.3,-0.864135068526589,-0.495900681997702,0.0700144167872427,0.650632324684543,1.32935312886032,0.345260851836059,NA,NA,NA,NA,NA,NA,0.17438480532947,0.2089171073133,0.124651863029844,0.43949584002536,0.381628337077991,0.238782381356644
-1,-0.5,-0.2,0.25,0.7,0.3,-1.15791233152971,-0.64438617390708,0.311915207709711,-0.405704810551511,0.425836816817189,-0.600415292259528,NA,NA,NA,NA,NA,NA,0.222471310553752,0.230338844974722,0.172172265957168,0.224826993237587,0.146341545148893,0.690606189680278
-1,-0.5,-0.2,0.25,0.7,0.3,-1.11203016738314,-0.478065268246678,-0.228667334816184,-0.62456281227707,0.288478195666722,-1.85912749052153,NA,NA,NA,NA,NA,NA,0.222117352949835,0.215324895317019,0.200203166492364,0.309996262758773,0.122680414087972,2.19443496105009
-1,-0.5,-0.2,0.25,0.7,0.3,-1.09907915537102,-0.550872517104952,-0.125397183908955,0.310163772739959,0.530930207815216,-0.0214059403304484,NA,NA,NA,NA,NA,NA,0.146072430087365,0.163409223646184,0.12812837759402,0.410058379598164,0.313335396346505,0.442941194407725
-1,-0.5,-0.2,0.25,0.7,0.3,-0.81927209822635,-0.52451678338735,-0.295856272886978,0.538343072807451,0.694048745108138,0.994558514810737,NA,NA,NA,NA,NA,NA,0.192570014207923,0.198334797176903,0.177472659863451,0.597494402549823,0.505170430685213,0.37343741958586
-1,-0.5,-0.2,0.25,0.7,0.3,-0.966729976399167,-0.338842695953794,-0.158116588880601,1.05981894751917,1.34755437437764,0.647208106937175,NA,NA,NA,NA,NA,NA,0.174658253023124,0.193192214450787,0.168430325101775,0.610254287759564,0.563103846302381,0.221524199690436
-1,-0.5,-0.2,0.25,0.7,0.3,-1.04306732785379,-0.515354120921463,-0.234858278804266,0.0434713499713163,0.360693840526361,-0.0236799315929399,NA,NA,NA,NA,NA,NA,0.169842887389431,0.173145168721718,0.141117935987714,0.362709696023056,0.228666097268017,0.625743844977557
-1,-0.5,-0.2,0.25,0.7,0.3,-1.21964948755056,-0.346795504929874,-0.177242325422255,0.43309076891128,0.70226941693469,0.116931201409693,NA,NA,NA,NA,NA,NA,0.155849695796759,0.175493034553141,0.162127957586094,0.296796726953286,0.249687116804303,0.253493277178386
-1,-0.5,-0.2,0.25,0.7,0.3,-0.747355869341887,-0.475525189617875,0.0120338530023902,0.439634574646843,0.919041027713214,0.112618791940826,NA,NA,NA,NA,NA,NA,0.166364957780752,0.181238877054511,0.131730081724605,0.327993139611134,0.255135837673865,0.225001580102359
-1,-0.5,-0.2,0.25,0.7,0.3,-0.982750644887387,-0.280251337995053,-0.26788568943887,-0.415243129961991,0.256899104709762,-0.123024219544834,NA,NA,NA,NA,NA,NA,0.243190759321375,0.239513367642688,0.225147774328423,0.635015817077345,0.374948318152033,1.98426687010928
-1,-0.5,-0.2,0.25,0.7,0.3,-1.15612321937883,-0.436183608381711,-0.332773623876013,-0.57903021357774,0.299917225856905,-1.58489448691264,NA,NA,NA,NA,NA,NA,0.221796393415657,0.22008449505574,0.190175891466089,0.389001250727125,0.181175425521133,2.40621115113857
-1,-0.5,-0.2,0.25,0.7,0.3,-0.569988028300906,-0.940642174880754,-0.167596062437135,-0.368312120740671,0.586317886526133,-0.989050022797207,NA,NA,NA,NA,NA,NA,0.234151898489034,0.226199361103441,0.158415592970505,0.383506130650709,0.301741673597578,1.31308133801356
-1,-0.5,-0.2,0.25,0.7,0.3,-0.959137904699074,-0.542798890424743,-0.33700534225083,1.22701042361541,1.42149163221674,0.575163100212784,NA,NA,NA,NA,NA,NA,0.16119445450054,0.191186783390329,0.157329108674065,0.77013757142129,0.675668719395998,0.232717619492242
-1,-0.5,-0.2,0.25,0.7,0.3,-1.05765898075192,-0.382793366673069,-0.235164127589139,-0.0823976538428492,0.312024615892205,-0.824751195963546,NA,NA,NA,NA,NA,NA,0.149625812395978,0.149721256781299,0.117318894240832,0.198324275386166,0.13227099390426,0.635931449309792
-1,-0.5,-0.2,0.25,0.7,0.3,-1.16901808121373,-0.383924116237445,-0.345815727607585,0.094867352601957,0.740818260540625,-0.217083023042809,NA,NA,NA,NA,NA,NA,0.169503356878885,0.183114738445049,0.163032197477425,0.238257975274482,0.194754951992121,0.325531094005584
-1,-0.5,-0.2,0.25,0.7,0.3,-0.509691592565014,-0.448151775107883,0.198849772939613,0.408687423697244,0.734138762473753,1.06061202834281,NA,NA,NA,NA,NA,NA,0.204078410816025,0.229318422554443,0.214087818038354,0.508993094379284,0.347993951189507,0.413579300197651
-1,-0.5,-0.2,0.25,0.7,0.3,-0.986214775800975,-0.826450479479237,-0.276115995067,0.540055934333616,0.730603951130266,0.0292143569389754,NA,NA,NA,NA,NA,NA,0.135373112940381,0.186121082947194,0.133604305502879,0.334687460491537,0.314606943152506,0.26497455747985
-1,-0.5,-0.2,0.25,0.7,0.3,-1.08185661395938,-0.65835169657852,-0.578519095519516,0.0970787557825209,0.55992052346334,0.14323972210161,NA,NA,NA,NA,NA,NA,0.206972766650236,0.1875188888185,0.172011751936472,0.687375102031468,0.592812655839861,0.667167897154928
-1,-0.5,-0.2,0.25,0.7,0.3,-1.17783304902122,-0.689381600147275,0.134787500411826,0.530477188990927,0.913282043533958,0.218745773107496,NA,NA,NA,NA,NA,NA,0.168633899832359,0.189296374201584,0.164098173357371,0.297433932189496,0.29520070470459,0.24068264902909
-1,-0.5,-0.2,0.25,0.7,0.3,-0.978410664847666,-0.481603430603197,-0.342949674335289,-0.417558615813667,0.290956750703595,-0.304114712776834,NA,NA,NA,NA,NA,NA,0.225953462707784,0.212619383482896,0.186413377427965,0.40164701188973,0.237942020398314,1.35206290603109
-1,-0.5,-0.2,0.25,0.7,0.3,-1.08797651899939,-0.258452105316258,-0.364182799301341,1.59014101433381,1.52151999607959,0.67405992247899,NA,NA,NA,NA,NA,NA,0.1603626714048,0.168399965030154,0.116953449011086,1.23898405798982,0.999131919929016,0.231908863831813
