"V1","V2","V3","V4","V5","V6","V7","V8","V9","V10","V11","V12","V13","V14","V15","V16","V17","V18","V19","V20","V21","V22","V23","V24"
1,0.5,0.2,0.5,0.4,-2.30258509299405,0.748763694886441,0.573507578323203,0.255959336193542,0.415156673970877,0.231198486852497,-2.06076886452195,0.106955914112351,0.108294622588474,0.106485269274982,0.146584599930639,0.140379279800025,0.107645206911134,1.41201780557908,0.128248975450909,0.104043133539768,0.49965170141859,0.204715095711112,1.60050038325743
1,0.5,0.2,0.5,0.4,-2.30258509299405,-0.303753155454182,0.477967180545564,0.144213450399679,0.109363926967603,0.16174313039898,-0.767361626953765,0.0931576466769551,0.0888891815438516,0.0853928191303321,0.127647976719075,0.128761560317106,0.0998493909161288,0.456929170589954,0.107936117717385,0.0935923557856188,0.442051967968126,0.176945953058529,0.674578925479335
1,0.5,0.2,0.5,0.4,-2.30258509299405,-0.311392376710374,0.476326671338901,0.0260190223081595,0.139318095470649,0.335920172389073,-0.72159927709033,0.0974842037337597,0.0956045788451605,0.0920208330053428,0.135643684258893,0.135879469214621,0.102506008801679,0.446187345854166,0.107589699886985,0.099106900867404,0.450374370066283,0.180120187406308,0.667763528531329
1,0.5,0.2,0.5,0.4,-2.30258509299405,0.695941646284383,0.449616769661069,0.200747073363071,0.558139450570812,0.719320013399811,-2.01647204494229,0.106110526949682,0.106936020551322,0.099024072992046,0.161896175108069,0.154634460758199,0.0984951626930123,1.10311023284114,0.135574123446327,0.108221575376855,0.467378356464057,0.266527329097028,1.24106931385299
1,0.5,0.2,0.5,0.4,-2.30258509299405,1.51890476194933,0.881453738092484,0.200374433954468,0.577043849105043,0.035199614972203,-2.83381573511049,0.109785248711675,0.112061466873661,0.116762727954585,0.156466510975821,0.156435287190568,0.109568716848868,1.75718236320364,0.135620350561379,0.109702525537669,0.338971531076294,0.217956461129964,1.83953102931816
1,0.5,0.2,0.5,0.4,-2.30258509299405,0.768264476504431,0.585575082639426,0.226617810594495,0.223536789573172,0.20037672492367,-2.0876675711628,0.113521576209253,0.120430810569088,0.112404570561514,0.133806914215362,0.136091992999149,0.115173215045603,1.37260084034341,0.152675993142771,0.117373556978954,0.393186363395939,0.197836026314831,1.52039059022426
1,0.5,0.2,0.5,0.4,-2.30258509299405,0.254538099820454,0.544545392932006,0.191193484595602,0.33691668527421,0.393275225609102,-1.59650561303001,0.100239485843334,0.0996328523989828,0.103028764115467,0.141609254186567,0.140532127439933,0.100966904197315,0.818554085904256,0.120571499786633,0.102837097930259,0.419630292353566,0.194636090553059,0.977975524979949
1,0.5,0.2,0.5,0.4,-2.30258509299405,1.12337623616984,0.481923878539012,0.0933161211095862,0.604508421078864,0.376819841423127,-2.54609756167771,0.106577606217057,0.104736326650118,0.108815561807279,0.160813002492681,0.159136450415719,0.105386039218739,1.42799366730341,0.127671543218617,0.110638603881026,0.339283467967729,0.249013613234716,1.50633775904008
1,0.5,0.2,0.5,0.4,-2.30258509299405,0.103158712962806,0.409299682008606,0.247681533731471,0.178666118749194,0.336747919693925,-1.21362831878641,0.102155187108928,0.10146355292233,0.10523860895937,0.137344266044993,0.135449403962973,0.104607087217637,0.573836716591813,0.117011364796949,0.0942711829882233,0.367344175214977,0.183402491808962,0.728369805053692
1,0.5,0.2,0.5,0.4,-2.30258509299405,0.642030178666543,0.533696426059346,0.323403673476088,0.724065857400533,0.40595398645097,-1.88309828244955,0.0984155605523321,0.0989271972311653,0.0963182341397251,0.169855175128402,0.170374465133334,0.0968864591885499,1.10467668424146,0.142751215490041,0.110296981451036,0.55749430792138,0.265964562194082,1.27727904065965
1,0.5,0.2,0.5,0.4,-2.30258509299405,1.14514325927912,0.435517346863124,0.408846859063468,0.889837077586288,0.0987780636901187,-2.6933151155078,0.0965624672225339,0.0938399953534183,0.095546249403,0.17260267910906,0.162338655680766,0.0971857597909322,1.57174914866171,0.118958460843389,0.0950539374521171,0.441879246483989,0.243089526251473,1.66703389582979
1,0.5,0.2,0.5,0.4,-2.30258509299405,0.237481162939755,0.506947324294775,-0.00412172425339232,0.487468071050218,0.322497615750896,-1.46778483702116,0.0982359946918321,0.100418406993004,0.102983696034745,0.154886721309902,0.153420609908804,0.0985693329456007,0.80719300802809,0.117781076119529,0.101284434561117,0.50694672323499,0.24404266673707,0.985034673155273
1,0.5,0.2,0.5,0.4,-2.30258509299405,1.17751900590033,0.302223108161776,0.229600541606715,0.606268888217327,0.693256395624752,-2.29197014659927,0.112161280754587,0.109221077421278,0.107848744428177,0.169742367980961,0.161379941470446,0.104587467717719,1.41905541360768,0.128505353572689,0.103939678406194,0.472903417275958,0.262059358673125,1.54366811810217
1,0.5,0.2,0.5,0.4,-2.30258509299405,0.84405321844018,0.489047512905741,0.290250445870956,0.403654158526889,0.487644402512126,-2.07748864393837,0.111332544974937,0.111094738116153,0.113598070385914,0.149485580983565,0.144579864651959,0.108540638519184,1.17872769018049,0.132317661732593,0.112027786979323,0.392327749402026,0.244080063796819,1.29308060191072
1,0.5,0.2,0.5,0.4,-2.30258509299405,1.00899324536412,0.639613751295044,0.182549317865312,0.407327904955591,0.585776959566024,-2.34766486368595,0.114607092689457,0.113258679430809,0.113922823181301,0.155323970239655,0.160265026279192,0.110185551644276,1.42835663945156,0.132595302743806,0.117558957126777,0.374983176832355,0.23635316304033,1.53632723357851
1,0.5,0.2,0.5,0.4,-2.30258509299405,0.323886798781936,0.574098865723377,0.0678902838597549,0.554918682261194,0.588032968233215,-1.5571940308599,0.0984303795593623,0.0972559067649699,0.0953803550186541,0.167895988766209,0.160221321154576,0.0958514564841103,0.717121692258275,0.113888652200635,0.0957769437825973,0.424488899865898,0.238599629301601,0.848921765108076
1,0.5,0.2,0.5,0.4,-2.30258509299405,2.53338884576979,0.35623675980135,0.0330831800061686,0.605041202788741,0.436332547403963,-3.8516855391547,0.120182230879442,0.125392117186742,0.115368719746789,0.163358845451822,0.159800327877568,0.114703562768628,2.18625086652126,0.183488430104778,0.115460289773328,0.314622861415289,0.28664105637143,2.22249763022169
1,0.5,0.2,0.5,0.4,-2.30258509299405,-0.421688623613952,0.628194067150118,0.18292871652621,-0.207085720695936,0.157555707385172,-0.546741662343633,0.095896728416944,0.0974352064359201,0.103080497458863,0.115858780975298,0.118709129308698,0.11017742687357,0.367979382694233,0.111134419058181,0.0985580200590414,0.393470190260363,0.135510805726071,0.608138244773658
1,0.5,0.2,0.5,0.4,-2.30258509299405,0.760904487523764,0.695056654650976,0.188448597666364,0.451313781084711,0.173615091981176,-2.29925565083714,0.108478471135517,0.111736056770826,0.101829345678269,0.146119282031798,0.143969467034538,0.108107032838132,1.34832858712734,0.14539207118809,0.106923801938578,0.358645446411214,0.205540961741981,1.45221655599258
1,0.5,0.2,0.5,0.4,-2.30258509299405,2.28878694572282,0.897952532578061,0.104095454354882,0.275485425317329,0.0676267826010045,-3.34341770361334,0.124975066763184,0.122772506444365,0.128066494351345,0.13682518919649,0.139380245070175,0.12447549602521,2.21488819357634,0.164441051938338,0.120502478474469,0.246054472587582,0.180269337634248,2.27092640175557
1,0.5,0.2,0.5,0.4,-2.30258509299405,0.397063605902411,0.907165735747087,0.182325361910174,0.222354785110319,-0.289221170268787,-1.49016560893313,0.112588621385371,0.11485411594195,0.109519131551542,0.136401014247111,0.136505051525035,0.107985329580734,0.732411159840339,0.14182507379605,0.117663145676269,0.349674696420189,0.190922884951903,0.861079584739542
1,0.5,0.2,0.5,0.4,-2.30258509299405,0.528465691382871,0.537816167484728,0.225336168784329,0.542085003011977,0.361992096606199,-1.93407318702594,0.0988046116070158,0.100513540734997,0.0943983943862632,0.15678764832441,0.148908197245199,0.100582617750174,1.07099668548478,0.128549869905619,0.102234552897606,0.445968013201659,0.217854320452576,1.22336632084517
1,0.5,0.2,0.5,0.4,-2.30258509299405,-0.309933219849878,0.623131011658678,0.134861756813425,0.119991867094836,0.1580823189961,-0.732996116148314,0.0901403957686217,0.0932605669684641,0.0870286594032056,0.130468301824434,0.128533130410786,0.099025803908415,0.356092449256433,0.102826751172855,0.0885586455186024,0.346000022529807,0.155260267143237,0.518748277867902
1,0.5,0.2,0.5,0.4,-2.30258509299405,0.160696221877076,0.49788656341008,0.110071217256909,0.304396926703955,0.311150072192166,-1.383689068622,0.100829594528393,0.0987678343473326,0.109667571066999,0.137964980390925,0.133123097681611,0.101801470241093,0.684667202118165,0.115632817237226,0.105058641701054,0.384072794100738,0.190430052947861,0.830990912295364
1,0.5,0.2,0.5,0.4,-2.30258509299405,0.0550300673829491,0.570941663654324,0.357359786161646,0.310544358748526,0.159885739337603,-1.40853248356465,0.0969410131380729,0.0911950499092618,0.0925750512920999,0.137474121935846,0.136515994843949,0.100270814486662,0.677703006759518,0.110792547337769,0.0986199526624335,0.39243946231019,0.187750917703487,0.831162294340354
1,0.5,0.2,0.5,0.4,-2.30258509299405,1.96521713554351,0.432646287546693,0.0681022655718051,0.29173915783982,0.202087549713828,-3.20980560230005,0.116306355943118,0.119563023966646,0.112041644203437,0.135802456915216,0.13315635996558,0.116461151204655,2.01248340366678,0.151187823024096,0.120772000469002,0.258132436421389,0.186390759535339,2.0797062704992
1,0.5,0.2,0.5,0.4,-2.30258509299405,1.92409140652097,0.519664730095961,0.13946903610279,0.440758163448657,0.227694879599982,-3.26594568493859,0.115858996096106,0.115130629395052,0.10968861378994,0.145059138660423,0.140463993597222,0.115231563327959,2.11653770689774,0.145411718357627,0.116501390713244,0.300869656448927,0.201987244733375,2.18571874001716
1,0.5,0.2,0.5,0.4,-2.30258509299405,-0.44758634922218,0.420164395980302,0.0979931389280683,-0.488263688606275,0.365052098393307,-0.374483139228559,0.105662667045147,0.107186660876221,0.102176964367684,0.105197874676987,0.10485005704322,0.116697159151581,0.364660953079718,0.11328720067902,0.102521299724838,0.408249134242957,0.13795278275205,0.638312258777978
1,0.5,0.2,0.5,0.4,-2.30258509299405,2.03163225212479,0.749331046955629,0.17202755803641,0.338645806865787,-0.253857021607463,-3.21346683963993,0.1218195165641,0.129453326878142,0.119203790095209,0.142542466975281,0.144517620079247,0.120855951920678,2.09617348252842,0.159636782228169,0.125008296327064,0.271940235237136,0.204708320527954,2.16114714063957
1,0.5,0.2,0.5,0.4,-2.30258509299405,-0.352083951688084,0.484641000367585,-0.0367698982035197,0.141036744780853,0.709343523272839,-0.858114908737121,0.102180357790277,0.104883023217109,0.0963658583421893,0.144769492237764,0.136198523697451,0.0978643594487926,0.524961423144615,0.118870762430182,0.103244698587605,0.578932566903627,0.258706783945413,0.777985254199477
1,0.5,0.2,0.5,0.4,-2.30258509299405,0.528503515712373,0.431428028866755,0.282566603611423,0.437946437547578,0.341800767376563,-1.84623461921845,0.106204625111608,0.107072444930686,0.0997649618409502,0.14743477745356,0.144166759720332,0.104389181414021,1.05029346348165,0.133108048286678,0.103326064090927,0.429477079260982,0.230825779337422,1.19477320780227
1,0.5,0.2,0.5,0.4,-2.30258509299405,-0.344162471165891,0.648135672254989,0.179476388806501,0.51022632778217,0.387369982358959,-1.10594300863847,0.0865364693550733,0.0841695749878118,0.08031766932935,0.161929830999918,0.154088574262657,0.0921454132649081,0.425487234760613,0.0993368219322943,0.0880943489063736,0.394301087411837,0.211993699927238,0.561859957051037
1,0.5,0.2,0.5,0.4,-2.30258509299405,0.794901148830143,0.411992668236155,0.211394683848043,0.651831173221508,0.682938193417458,-2.03583619505919,0.110963884407909,0.107765286434587,0.100162635131458,0.171731140591225,0.152588151027358,0.100208995765925,1.03904038400981,0.127758751972178,0.105847015977095,0.410221289992002,0.240480263118619,1.13610388776181
1,0.5,0.2,0.5,0.4,-2.30258509299405,0.912920943403715,0.707929806181167,0.133939204180708,0.201383226672016,0.37067627394339,-2.00639126084507,0.11606198124193,0.112549672025123,0.122458940718555,0.135542279257606,0.135925600214941,0.115816290334844,1.38726428739269,0.148213278310925,0.122565908487045,0.427215120531188,0.201288716888633,1.53902593120725
1,0.5,0.2,0.5,0.4,-2.30258509299405,1.12066833535172,0.671614702577763,0.296196325510366,0.702312242637387,0.232573240189016,-2.4503671049434,0.104218282541003,0.105692403681895,0.107264173102535,0.1649857018312,0.16114830693345,0.103738513150333,1.52210618442256,0.1270107288874,0.10051299501483,0.411163373791739,0.228590270443569,1.62228750392688
1,0.5,0.2,0.5,0.4,-2.30258509299405,1.365783405101,0.6537674392668,0.240743422073536,0.306706859883071,0.0477252037370979,-2.58627441937708,0.118285812524279,0.111869929872913,0.113347079224022,0.136054908199302,0.131997482566606,0.118273031533227,1.75164568633428,0.140166470048796,0.11873438479082,0.316283645677909,0.172167619620003,1.84354171322072
1,0.5,0.2,0.5,0.4,-2.30258509299405,-0.542005084058315,0.447233715883646,0.219794369676064,-0.522695689551472,0.21977174614812,-0.2094757886771,0.101487319903664,0.0960816553301275,0.0990238986166179,0.102332084620512,0.10217234666823,0.11823086357228,0.284950531763417,0.108183246122076,0.0926390784242055,0.394440231800612,0.124960483685115,0.568358364496952
1,0.5,0.2,0.5,0.4,-2.30258509299405,0.510710014035658,0.69686142703219,0.266035820817445,0.45954242793253,0.404440474702631,-1.96849127870068,0.101412602421207,0.106428403047047,0.0949958213827128,0.14979733258182,0.147623137778322,0.101689147574723,1.1186308445532,0.132889771956983,0.10407749108363,0.445156478836496,0.229468189910108,1.26281098226979
1,0.5,0.2,0.5,0.4,-2.30258509299405,1.09084933486073,0.67534106757563,0.294977356740408,0.814874876765388,0.318374650065754,-2.36033906743326,0.100106850427482,0.10183239109991,0.107471879910167,0.170723469453026,0.164584950755671,0.0993992953583667,1.38469572332379,0.129906979255933,0.0986898146851863,0.478336301055248,0.268978415452896,1.49414842654334
1,0.5,0.2,0.5,0.4,-2.30258509299405,0.60590930341353,0.506011901647944,0.269703975169562,1.44420311620214,0.973459775170464,-2.07171131333726,0.0900529045638755,0.100014663182029,0.0885384730792989,0.255610959611869,0.224600728315877,0.0803338767153933,1.11431672946587,0.129666079890735,0.09524859454723,1.0739308583135,0.667841220867142,1.24681048458774
1,0.5,0.2,0.5,0.4,-2.30258509299405,-0.677682938004875,0.390449116075202,0.0813399152224378,-0.642989535342943,0.114606774623059,0.0892102810752309,0.0924328697729855,0.0944475765126881,0.0860467704542078,0.0980381008799383,0.0981617934998592,0.117532672102864,0.207545918884919,0.0994572754716242,0.0896011400511513,0.363217222553442,0.115191642279286,0.47905135487246
1,0.5,0.2,0.5,0.4,-2.30258509299405,-0.104674482296798,0.691999399618798,0.148159012113209,0.212761156825106,0.0984385888692821,-1.13110436328442,0.0952000523291605,0.0927918142803374,0.0954075220038865,0.139524923200263,0.143503988896687,0.104109564444218,0.554296328981578,0.125592067506552,0.101227878997878,0.41010655602676,0.209725654611417,0.735586955843413
1,0.5,0.2,0.5,0.4,-2.30258509299405,0.153402527476699,0.738151541112518,0.114711669716537,-0.155520080726173,0.0768281361416646,-1.16820993245401,0.111200385966809,0.106489774400845,0.107736866179438,0.113169766660046,0.113269369324399,0.118168697433967,0.761178447102944,0.138325336369947,0.119099945671386,0.430976600066068,0.140787938481824,0.999705616793277
1,0.5,0.2,0.5,0.4,-2.30258509299405,-0.224750399990452,0.496548464804367,0.259170667641664,0.330191736640994,0.381742437584476,-0.985141400092867,0.0919978269479543,0.0931512968867765,0.0902315525950262,0.14270407410553,0.136500334697878,0.0955879336779339,0.487623131080517,0.105311748344001,0.0839690025182532,0.452475322991616,0.210547875679865,0.66655892474446
1,0.5,0.2,0.5,0.4,-2.30258509299405,1.38603981765316,0.75100176586852,0.248676172547956,0.33271175398431,0.0440145518082642,-2.71418937275094,0.110334799704944,0.10648205748633,0.111992644537076,0.141607731306138,0.143259970297596,0.112884123339045,1.79172679120559,0.157293839936708,0.116745813108099,0.345843547915753,0.194547666104124,1.91024281762812
1,0.5,0.2,0.5,0.4,-2.30258509299405,-0.0160153641102127,0.634953893717907,0.0786126393809608,0.0782069681073188,0.237796000589488,-1.09104705020129,0.10273151294613,0.106438796070323,0.102460852396217,0.129624993128073,0.129003189443138,0.107604094761276,0.617402207791995,0.124549789005938,0.100646810064482,0.44002057257809,0.173726279874255,0.832724740026912
1,0.5,0.2,0.5,0.4,-2.30258509299405,1.36537402297053,0.430695718119781,0.303203970884192,0.542395744208424,0.406499198878469,-2.5298128484797,0.110766856083389,0.11574248466693,0.103673030013881,0.153474402276686,0.147290421189189,0.107818509690815,1.7395759878666,0.158557980527779,0.109957908392972,0.436575807702634,0.238414638570705,1.86230860882288
1,0.5,0.2,0.5,0.4,-2.30258509299405,0.0509810199048775,0.49012143073728,0.264107111229976,0.134483150250593,0.526798284099721,-1.13014444699975,0.107000157242237,0.107289882876462,0.10548748329585,0.136341031650308,0.135240206769998,0.105410663193899,0.613850047500998,0.12729256247018,0.101371755011311,0.462449711126671,0.210460431653967,0.823186514419085
1,0.5,0.2,0.5,0.4,-2.30258509299405,1.7422342006792,0.440159670735063,0.151935771300945,0.711445203582591,0.552736318413494,-3.08463223981981,0.113203774837518,0.116650037498964,0.1147820544837,0.17029581189215,0.161599298483932,0.108052742404217,1.92485211464976,0.132145482599536,0.115229883113887,0.369727452521992,0.231631052026263,1.99397267889932
1,0.5,0.2,0.5,0.4,-2.30258509299405,1.75181168286695,0.42848932192983,0.200399614617959,0.381837792750615,0.418409398243783,-3.01495733360168,0.116700421645761,0.118995811949749,0.111529699805223,0.144453703383936,0.13741076825786,0.114702165817715,1.85569730736314,0.148312264156761,0.122623167886715,0.27502323926267,0.189261434436663,1.91872415417282
1,0.5,0.2,0.5,0.4,-2.30258509299405,-0.308333604494121,0.544602190042108,0.19826665369792,0.190632479854682,0.248385442933514,-0.888927259785484,0.0909904508992021,0.0899133753572843,0.0845776701029891,0.136958042965857,0.136316135197338,0.0976299579616755,0.386351698495458,0.105356049157519,0.0869199280408474,0.34589112818512,0.197592761954584,0.528941404646341
1,0.5,0.2,0.5,0.4,-2.30258509299405,0.877594697307876,0.57797436728929,0.194324645887091,0.153538975720232,0.495552573044108,-2.20788598489077,0.117737241240985,0.120548076456387,0.117698761364896,0.130134019336515,0.131022375693077,0.114324066129177,1.53264741543137,0.151624966909617,0.112082529705771,0.36605954250065,0.175331586687137,1.67390034376005
1,0.5,0.2,0.5,0.4,-2.30258509299405,1.15575051278915,0.328616886874915,0.253323941778809,0.701179593823159,0.414229189410029,-2.63360658750397,0.10266602522124,0.101740630111917,0.0998713693626789,0.165875287116311,0.162769743765919,0.101048185576807,1.62220160873408,0.130097044775866,0.103622696308484,0.441586434773433,0.252494487901315,1.73215032638012
1,0.5,0.2,0.5,0.4,-2.30258509299405,2.22569538901791,0.533531967007229,0.29429632028121,1.25433107833077,1.04428306047846,-3.92895030365064,0.100880433131744,0.10080518588561,0.0928074064684727,0.228868971719781,0.224128968115229,0.0937732401921588,1.94056852756915,0.111350471619809,0.107184688930812,0.601660030042638,0.498348121208532,1.97280363160918
1,0.5,0.2,0.5,0.4,-2.30258509299405,0.805035085333854,0.403130283719386,0.26285833879886,0.36830078232699,0.512675801755549,-2.14179061366329,0.114325645064155,0.120200479651936,0.10089048150399,0.146654851432703,0.140213037795936,0.108506850040189,1.33796289050382,0.140159684103642,0.106887263526416,0.41682474007732,0.207052078309431,1.47316629652017
1,0.5,0.2,0.5,0.4,-2.30258509299405,2.1065806680559,0.497358186058598,0.173702810005695,0.931131177770994,0.136764052201186,-3.55769421809162,0.104980362149198,0.102851974499808,0.114771249330616,0.185049790259099,0.180094146328279,0.104642202689477,1.99359940469573,0.132021874216855,0.0985049313594873,0.350520978724922,0.286867896830901,2.03981670225617
1,0.5,0.2,0.5,0.4,-2.30258509299405,1.34926799803297,0.659078868111337,0.00239684891293229,0.842403107852103,0.321403675639663,-2.72607359982948,0.102249907580183,0.106138181280105,0.102837527218935,0.178069948322326,0.17284241258223,0.101955547327217,1.74049829342135,0.126861540412197,0.107674971657971,0.477411786763219,0.277838868918806,1.8465196077782
1,0.5,0.2,0.5,0.4,-2.30258509299405,-0.242096430095579,0.586864065843662,0.158282473957919,0.247230649574323,0.18976127773524,-0.797968761270713,0.0917858557090544,0.0955815111514539,0.0960260224673223,0.139625227953234,0.137590543537463,0.0971204164178733,0.453197436657704,0.110497828762573,0.0952195841980129,0.456834734807175,0.214975457926087,0.654242954523246
1,0.5,0.2,0.5,0.4,-2.30258509299405,0.0469642313910956,0.36309581303934,0.105588801875105,-0.00368711986453642,0.188869512696687,-0.979984111024745,0.107402545102609,0.10479811557574,0.0962945844345481,0.122727988784655,0.121278594649609,0.110959552661726,0.654284269179693,0.119068486434603,0.10249685637701,0.498157902433622,0.175203074324135,0.920139824014151
1,0.5,0.2,0.5,0.4,-2.30258509299405,1.66530639119976,0.379601896999054,0.359401213700096,1.06358117545058,0.809011193211185,-3.11579521376055,0.104788909527206,0.107149803369111,0.0950059958192728,0.206581487659293,0.180352473140862,0.096435352061635,1.72952344936408,0.130729311130294,0.101023890162838,0.439488447081962,0.293871496765404,1.7923285164792
1,0.5,0.2,0.5,0.4,-2.30258509299405,-0.37784344603399,0.639353314239351,0.373763204141716,0.280716354622718,0.369337816670451,-0.729619122553532,0.0843531610143749,0.0868525873736578,0.0881642978696121,0.147220738416783,0.148544037833075,0.0930025814955568,0.363190394178219,0.104688723496974,0.0869425846062296,0.427490451676085,0.196784700567999,0.549059098824217
1,0.5,0.2,0.5,0.4,-2.30258509299405,0.333628368439949,0.567070929437587,0.266244351810446,0.0345608505219698,0.352975076982679,-1.39462978613303,0.120016288027328,0.121463279341816,0.114271740329076,0.127093792353895,0.123174670860098,0.116725275380196,0.858747916738936,0.139226303137377,0.115300011182473,0.387731972795341,0.172207883048725,1.02222531560969
1,0.5,0.2,0.5,0.4,-2.30258509299405,0.721067969887787,0.603992499951116,0.166913432156001,0.195715470797318,0.314620056380343,-1.89834650513182,0.117262763227435,0.117606039366849,0.11177589911154,0.136260917141944,0.133427406740223,0.116680502365528,1.25357531064575,0.145969332904164,0.111835239501055,0.436035182253721,0.217110173749182,1.41558339301715
1,0.5,0.2,0.5,0.4,-2.30258509299405,1.10075144552576,0.476572221488903,0.240729156706935,0.650589609632816,0.475896639572373,-2.50539210516371,0.10828864941073,0.111296463043529,0.105735075120541,0.170298862447194,0.15907441366314,0.105150290998836,1.44783849539897,0.131126520480441,0.107961690813047,0.378082204453748,0.243898400613836,1.53356869165041
1,0.5,0.2,0.5,0.4,-2.30258509299405,-0.0369510662315306,0.396286562086414,0.189295075841825,0.237593295317577,0.5796592926004,-1.20611637129635,0.105981445794578,0.104997589142746,0.0976707395905082,0.142439979574409,0.141865112910295,0.0998525592298907,0.525298408553807,0.121561034876252,0.102836254909035,0.31875029210696,0.20268419695597,0.637927421812654
1,0.5,0.2,0.5,0.4,-2.30258509299405,-0.151893926924439,0.519144409293973,0.0972123554061688,0.263101325371702,0.425757748489621,-1.09275023959166,0.10007324603514,0.101959846077735,0.101099651842813,0.145159944339023,0.145362345331995,0.0995038900996029,0.582180803274016,0.122971112989388,0.0998248386805676,0.467353742068547,0.239746113134663,0.764999726777383
1,0.5,0.2,0.5,0.4,-2.30258509299405,1.29086084965897,0.449457178076998,0.377025989820116,0.603632653911281,0.445144451964126,-2.67356892315831,0.111467125595787,0.109644140610046,0.112550515342224,0.165881743497642,0.165134430984735,0.109700697375809,1.97423841149494,0.140578222161654,0.115164486403106,0.518925183987491,0.297799169857216,2.11584564951861
1,0.5,0.2,0.5,0.4,-2.30258509299405,0.331055611189865,0.283438369061992,0.0939559177119406,0.356245027391224,0.486577469009051,-1.55492990878912,0.110421195848477,0.11131646438746,0.0938803125794796,0.148958936494991,0.138086142250926,0.104902168275572,0.869672435450535,0.128776843483163,0.103493049028288,0.454029639258413,0.214154528947529,1.02764779725148
1,0.5,0.2,0.5,0.4,-2.30258509299405,-0.0749961995492283,0.475772510218776,0.159789279504343,0.102101337609934,0.400897683525193,-1.04544559444867,0.108859140894833,0.10950915697736,0.0989343260240629,0.134525714286485,0.128338714982125,0.105716100742005,0.521746363915555,0.120489267002623,0.100624304887997,0.405315294244,0.184117378405965,0.707980959315222
1,0.5,0.2,0.5,0.4,-2.30258509299405,0.90647509575507,0.308769522505959,0.286934309499062,0.770122879689064,0.808965165959121,-2.1459148588098,0.111190559336405,0.114579876163757,0.101414612031716,0.192851757560037,0.181818425045413,0.0991025765300792,1.1948822261098,0.136588000661845,0.10433947982574,0.584246141726126,0.409981425803675,1.30423042550891
1,0.5,0.2,0.5,0.4,-2.30258509299405,0.798443349747041,0.452336184087811,0.157547816601376,0.137737815786428,0.312785652062404,-1.84623577695,0.121320669318667,0.126562184630463,0.117676788245198,0.131966644583273,0.131790952771148,0.119715102259071,1.57121326709041,0.171779858438814,0.120985222208374,0.548651265012117,0.243834143824477,1.79680579552504
1,0.5,0.2,0.5,0.4,-2.30258509299405,1.70162385857317,0.226456224593117,0.209357654647069,0.711075332275643,0.845718208074642,-2.850234312696,0.130165087960638,0.13818759452955,0.101705805725561,0.178771490568904,0.164764750120429,0.106678287773569,1.65185667844431,0.148491040086713,0.099793120343261,0.41075519720488,0.277296170886156,1.71983969434459
1,0.5,0.2,0.5,0.4,-2.30258509299405,0.247110837242055,0.531154767939847,0.270080922397356,0.37448602312617,0.237666609826828,-1.52049414251434,0.102637784299785,0.10218001427549,0.106994295791429,0.142225714035092,0.141373114203345,0.102089311228249,0.932209837710496,0.128266783506556,0.102814280463028,0.508277980178446,0.224911697130008,1.12569773157788
1,0.5,0.2,0.5,0.4,-2.30258509299405,1.09427095192297,0.458450668210888,0.224200345020722,0.444078166074243,0.180501152354796,-2.41561295882806,0.114203761333214,0.113048615318115,0.113283518530055,0.149894252281653,0.146221221788811,0.113769996174212,1.57625494836654,0.128614632042538,0.111603010420282,0.37582545196638,0.207837300852555,1.6893759782139
1,0.5,0.2,0.5,0.4,-2.30258509299405,0.268607802896238,0.378043403184797,0.298374723764981,0.450956859352551,0.300723118299144,-1.71027583600434,0.0982790042285007,0.0976505916762982,0.099181806015637,0.146686715673557,0.150963915534539,0.0993445230619242,0.918123474276233,0.144560719244836,0.0984137214018592,0.487478548522153,0.255980812077069,1.08228429625625
1,0.5,0.2,0.5,0.4,-2.30258509299405,0.752979563399878,0.586192099336379,0.366839541207437,0.60215779906711,0.270733615881953,-2.05956518816771,0.102713281195728,0.104071598448113,0.103775894736217,0.160951748653898,0.152903409287214,0.103236244954121,1.15299690947792,0.124624459796556,0.104634470726414,0.42541772006186,0.218282741097397,1.27549004235176
1,0.5,0.2,0.5,0.4,-2.30258509299405,0.746591122817899,0.443991157709181,0.161966973864439,0.349520585515201,0.495558805598109,-1.79403665461018,0.115188572872905,0.109755117477946,0.112386300702774,0.151514654764783,0.146664029514416,0.110344361221661,1.18894105941365,0.124867377888081,0.116382810050522,0.490655421104096,0.216110269955562,1.3671125831824
1,0.5,0.2,0.5,0.4,-2.30258509299405,0.543894796039922,0.226280252669754,0.128613339785282,0.165629183426874,0.337095313751361,-1.62724233795958,0.117265884440843,0.116576628857312,0.101657505760151,0.13385858596014,0.128401993061108,0.113651871469536,0.963631066478066,0.132281729018615,0.10740837170921,0.402482923613686,0.189326792076757,1.12429031987103
1,0.5,0.2,0.5,0.4,-2.30258509299405,1.20009674117583,0.411874152355247,0.12849039187536,0.527667018389943,0.57382830363918,-2.58408045996674,0.111766015499197,0.109493058534111,0.109001657321199,0.153280761546086,0.145542300249223,0.105781864044345,1.55755264459317,0.126736420979673,0.108148554794858,0.361722491238493,0.206931976187085,1.64618817975351
1,0.5,0.2,0.5,0.4,-2.30258509299405,1.50319700514418,0.530875122755074,0.183043605991575,0.304954072917768,0.34444758017194,-2.68733103035266,0.118047447102627,0.123759486146048,0.11605551072979,0.139291008008652,0.13890744032034,0.115092174046751,1.77584744258392,0.160418950308251,0.121291005945859,0.324864076964357,0.19889802582353,1.87561228730532
1,0.5,0.2,0.5,0.4,-2.30258509299405,1.62465132782991,0.486142869826725,0.185224039753191,0.747499318616836,0.183437588517451,-3.01461967708238,0.106657629061964,0.112215579179804,0.115851598163213,0.164912817734627,0.1647733570301,0.105188952936875,1.81153456200264,0.140748562136667,0.106574896490084,0.363676482856821,0.271989409288243,1.8857071836151
1,0.5,0.2,0.5,0.4,-2.30258509299405,1.86583768431902,0.660148124795241,0.346374818067809,0.589779877431483,0.244595802982528,-3.25388606924068,0.10709312900003,0.10670037138658,0.114104030834974,0.154134495595917,0.152258520587526,0.107063746531617,1.92645707727047,0.146742552939743,0.114427137397136,0.313961042223047,0.23375001187688,1.99048541276298
1,0.5,0.2,0.5,0.4,-2.30258509299405,-0.0326607076142104,0.540128550208104,0.111833783385761,0.4420043496997,0.459041729459937,-1.27444270002811,0.0943544620598405,0.0936218230224777,0.0910817608966102,0.152416641192801,0.145681172194397,0.0965377422530231,0.598540592769407,0.110806193862492,0.0966937691645245,0.426568985451341,0.197372975825705,0.748672396922549
1,0.5,0.2,0.5,0.4,-2.30258509299405,1.87682986269641,0.164170516921499,0.125249831419682,1.69740731150312,1.23147673907138,-3.35897976723781,0.0946676762362148,0.095541813491843,0.0885170237985523,0.296144658787954,0.275229320898447,0.0880880195832989,1.67605431438334,0.112421933693298,0.0940105020526463,0.847955259691953,0.654315522765784,1.71845740429872
1,0.5,0.2,0.5,0.4,-2.30258509299405,-0.504936006582639,0.576343703518201,0.241887499001212,-0.28653895377944,0.285498022121995,-0.260645235631702,0.0877035481933042,0.0915916660585409,0.0887585111061254,0.112593021971753,0.1116149046777,0.107419063271145,0.304465614500882,0.102534179650818,0.0907027187260535,0.43167957707825,0.144909975700133,0.584712754139741
1,0.5,0.2,0.5,0.4,-2.30258509299405,1.26264283266469,0.551484446570613,-0.0143713971213342,0.847756511723282,0.519356287026095,-2.61043800845503,0.103295811047171,0.101734450821864,0.104469113644998,0.179529643721142,0.166651620322376,0.100911139580462,1.5419606038831,0.12240536650499,0.103167272413206,0.454010709104072,0.265832804113888,1.63003125833922
1,0.5,0.2,0.5,0.4,-2.30258509299405,-0.368456432740815,0.460326126749059,0.167535321522123,-0.067336629809277,0.29697560959018,-0.549939465549145,0.0998120854552658,0.101089226088752,0.0912116961079259,0.124897439722599,0.123717129498313,0.105945488405444,0.374997070778394,0.110045110991722,0.0956174636467261,0.399242791091891,0.169869921258881,0.591673652847983
1,0.5,0.2,0.5,0.4,-2.30258509299405,-0.0830954232681064,0.578134478805415,0.0575246505904187,0.252435890296802,0.30373541325892,-0.913179554329155,0.0971958421319962,0.096990982406007,0.0909673904333665,0.14511866449886,0.135815629544439,0.101963355356388,0.480435427502313,0.112825724811682,0.0981613403712842,0.444340145754017,0.188902445785472,0.676057660531791
1,0.5,0.2,0.5,0.4,-2.30258509299405,0.0998850848445159,0.627408631870092,0.301387721186361,0.395052943749729,0.607106585607999,-1.38682634506263,0.0968911935202545,0.0985792050719397,0.096516725931519,0.1512531642064,0.146653807779138,0.0967376146368891,0.732886353030935,0.125493625116608,0.0940455912465748,0.465800898601815,0.208604616044315,0.918379264138378
1,0.5,0.2,0.5,0.4,-2.30258509299405,-0.350201989170089,0.462511909799545,-0.03207733396162,-0.226829677006555,0.369185221270316,-0.636028536646614,0.0997157340646447,0.105819366839895,0.0978313940175175,0.116815546713848,0.113202830749994,0.110659483356701,0.446405229237671,0.119687544508294,0.107257159702923,0.454370338666105,0.151683007061409,0.731488203719995
1,0.5,0.2,0.5,0.4,-2.30258509299405,-0.259961717343369,0.565561473733914,0.279197178835349,0.1379298128425,0.500020890762268,-0.997154930701969,0.0975664601761694,0.0935037468539478,0.091247909547,0.136411514598646,0.138776350225499,0.101808436775416,0.485208316207226,0.107778210445474,0.0987593020214617,0.398490551496064,0.191798334505526,0.664776646347023
1,0.5,0.2,0.5,0.4,-2.30258509299405,0.401682315248347,0.641352772036185,0.0898753084154431,0.0322051750284756,-0.0151539813174183,-1.31183332709312,0.112623271815251,0.109353291196454,0.107249238135257,0.126685959435156,0.130097832474761,0.117040058559223,0.752851573820505,0.147018011145776,0.113793176077824,0.389982764061584,0.167076001125028,0.937593997384999
1,0.5,0.2,0.5,0.4,-2.30258509299405,1.30950534985427,0.403533639850322,0.0257581157684799,0.446036559052463,0.640373608255104,-2.49956732016172,0.119341799688956,0.126824080323335,0.106879164975136,0.15347115523586,0.143407726628212,0.109868257183448,1.71504901824438,0.148079798542916,0.109010702937597,0.448613407572885,0.266582987888669,1.83223963949495
1,0.5,0.2,0.5,0.4,-2.30258509299405,0.0901213562802659,0.510459389260797,0.148420088226756,0.0638622180652275,0.406875181807038,-1.01937932180735,0.105032832864737,0.104384842905138,0.0938736070597045,0.130213177047989,0.126768195134424,0.107668578447469,0.595072048686359,0.120400823024607,0.096658648096257,0.435931095493158,0.174442962454385,0.813722383074226
1,0.5,0.2,0.5,0.4,-2.30258509299405,0.253196839013667,0.347989819123856,0.154708501944532,0.0515428541627971,0.432581191348537,-1.19142223066325,0.119558799351725,0.111165991746555,0.111315425651434,0.130853815591935,0.124688230055568,0.113248736304019,0.724186073035608,0.128768298859519,0.113164599199009,0.428483373301941,0.183697772829855,0.91640822008475
1,0.5,0.2,0.5,0.4,-2.30258509299405,2.32419560461465,0.379741388762502,-0.0575427882360986,0.562941493783082,0.452703990951875,-3.8392133700164,0.112459090059593,0.115415656222501,0.108336273043083,0.155194424779953,0.153730210727181,0.108788088515737,2.09487846524584,0.160906356337304,0.118395474104716,0.305445471412128,0.27612031141989,2.13536231530651
1,0.5,0.2,0.5,0.4,-2.30258509299405,1.93864649767548,0.413362791741797,0.330128149060736,0.783555877116984,0.633492226618195,-3.41371857250518,0.109243658193339,0.112376440272279,0.103515125887428,0.177617815116427,0.164620216132484,0.10303408797676,1.93930214379519,0.135091677320045,0.105973388789723,0.409192392388877,0.30295949743284,1.99735708959671
1,0.5,0.2,0.5,0.4,-2.30258509299405,-0.318487149783487,0.481462110146592,0.233760441043084,0.310559774493026,0.350797805344378,-1.02178227010213,0.0951454655751218,0.0952272421214305,0.0877411159003112,0.145600781180364,0.142817363432239,0.0982956256000591,0.492953020595574,0.11429653932442,0.0964946622488918,0.413155902819455,0.20809051574576,0.655885352825571
1,0.5,0.2,0.5,0.4,-2.30258509299405,-0.257889646980976,0.557268747032195,0.155608594220183,-0.105524071914877,0.389157870801919,-0.701991631146006,0.100500053105567,0.0972238597161895,0.0897287765256319,0.121858847652981,0.118891043427776,0.107264539397249,0.399194656098366,0.104038920731826,0.100658877600136,0.373586031713205,0.15630145844481,0.595974026785792
1,0.5,0.2,0.5,0.4,-2.30258509299405,-0.425002118555207,0.405352668051347,0.15393956530247,-0.208925745822225,0.252122084233991,-0.355359611532443,0.0978172095492228,0.0923203879045516,0.0917960236945242,0.115382079086604,0.112773387818288,0.106104663389901,0.27327948702506,0.0935850460147363,0.0911499048464111,0.335933308393777,0.155108627675558,0.461294739419113
1,0.5,0.2,0.5,0.4,-2.30258509299405,0.070802156396725,0.554220890045739,-0.0159553146700114,0.0786128974342144,0.33722456730153,-1.22472772600082,0.10487680679029,0.112656792217683,0.107378785689422,0.131216156939386,0.126759899546446,0.10894640380943,0.735414795874256,0.132523542185501,0.122130864641131,0.477162847232997,0.199352187895193,0.960941619402213
1,0.5,0.2,0.5,0.4,-2.30258509299405,0.645451961657227,0.445449022179128,0.0675298647209226,0.512579949275591,0.23056745098353,-1.86256916343757,0.107342581754572,0.107121995613337,0.101165606179558,0.154316028104493,0.157392933886482,0.105060126000317,0.993541702130887,0.128689328221318,0.101711725064981,0.40161774643456,0.216515946941942,1.11920237850345
1,0.5,0.2,0.5,0.4,-2.30258509299405,0.837288877829575,0.717412795468741,0.14778488978769,0.543227385841388,0.267281120033408,-2.18686202601432,0.104996363791396,0.104273459816248,0.100982873612541,0.152092475303488,0.150591126265229,0.105024720174484,1.27501261889974,0.132654032318534,0.104538157161605,0.385026679680565,0.231943170096019,1.37756406827617
1,0.5,0.2,0.5,0.4,-2.30258509299405,0.978389569518766,0.493175636662699,0.0951433649996263,1.19513539623679,0.798948756978011,-2.3214621247216,0.100212492131818,0.100956241711508,0.0955971790893658,0.226138026341661,0.213122529187863,0.0906333315319361,1.36739356270355,0.119159625681963,0.09827822734825,0.780593449832323,0.499005027257885,1.48301194220864
1,0.5,0.2,0.5,0.4,-2.30258509299405,1.86537136195754,0.505198945833241,0.288454471178291,0.734080109911255,0.573036526081543,-3.09259804819012,0.111792833701608,0.103423779404082,0.107319317461105,0.169500436005004,0.17236089945593,0.106277044809907,2.032348204002,0.13078340618282,0.109178582982621,0.452932697722298,0.325397888777532,2.11452941905751
1,0.5,0.2,0.5,0.4,-2.30258509299405,1.04665751336959,0.591243304839657,0.191836123039684,0.628029528279096,0.309330155848328,-2.42900848066634,0.103998106674673,0.106542568896673,0.096478225982104,0.160887172837263,0.15855632029685,0.104041986892967,1.50750063032613,0.143666951190735,0.10311112385659,0.422009076316035,0.231969909605716,1.61998233411284
1,0.5,0.2,0.5,0.4,-2.30258509299405,1.26728107155178,0.364653751052169,0.313183898472555,0.980981060270934,0.713566854719264,-2.91599643759239,0.100013210017082,0.103609776988128,0.0931662542326929,0.193154326746061,0.178905407852278,0.0956472162038148,1.64873617318544,0.117098078248567,0.0917983393156162,0.501968267204454,0.310655594686664,1.72584249521316
1,0.5,0.2,0.5,0.4,-2.30258509299405,2.30456778411979,0.390347887006463,0.109779561416425,0.771613903036733,0.684157890289855,-3.59752149773898,0.116212905533707,0.119265056909771,0.109857374111301,0.188117205295223,0.174152241486435,0.108876285344088,2.04160014443823,0.13648780832905,0.110925983922928,0.35392323923497,0.27945392424196,2.07794769590764
1,0.5,0.2,0.5,0.4,-2.30258509299405,-0.561490188633185,0.455507280813758,0.351393367402901,-0.192640435547947,0.372073419517434,-0.372082597278482,0.0934851707910657,0.0901002133611703,0.0896421522311925,0.12030733018675,0.119517601275775,0.106690384521686,0.293075933153911,0.100150231123846,0.096824453850141,0.377029285971601,0.147118918529611,0.511162579129117
1,0.5,0.2,0.5,0.4,-2.30258509299405,1.60671474550739,0.554037453954819,0.0845358445596532,0.589184432446921,0.344929382676741,-2.96745794733449,0.111086465094975,0.117752355277081,0.107655410981635,0.159357385217506,0.162674283463759,0.109907703464881,2.21937195643973,0.181019667690651,0.109027749225638,0.506459163392139,0.350303217103001,2.35091052998255
1,0.5,0.2,0.5,0.4,-2.30258509299405,-0.331797983906314,0.896418175653134,0.268019208513891,-0.129041019821292,0.133066011609744,-0.742274968641354,0.0985690023630331,0.108090664672862,0.0969263523801682,0.117608778856386,0.118446312503393,0.109101789299161,0.432654958491303,0.12262923006564,0.105763184666412,0.381474211803019,0.149673293847315,0.647171431168179
1,0.5,0.2,0.5,0.4,-2.30258509299405,0.303341008865168,0.275711006814273,0.317830882248135,0.504852888617148,0.605071996598923,-1.49623703022625,0.108395346592818,0.110258364045072,0.093099656804446,0.158450885853028,0.147583365204879,0.0988432441537257,0.686060179376111,0.128675042029368,0.100029430060983,0.402353167291081,0.216910061993614,0.815212549533423
1,0.5,0.2,0.5,0.4,-2.30258509299405,1.83873750528425,0.183847459092694,0.0579910212122588,0.558571778556837,0.749548893032622,-3.01215995269353,0.13311922175449,0.128972136197883,0.1103003190485,0.172594139002153,0.162680525949879,0.114779574522918,1.9765900930216,0.141291717660193,0.114336168637762,0.40548454651064,0.285346768245739,2.05603949048455
1,0.5,0.2,0.5,0.4,-2.30258509299405,-0.307616552954895,0.574782845230498,0.282625884131395,-0.228043726438608,0.271559100860052,-0.822654601424236,0.105053533268256,0.117162334046322,0.127814563485719,0.116683354094503,0.115260137986614,0.115078526389351,0.408380791173871,0.124237981715079,0.110920167817913,0.30815028585636,0.150600008141695,0.57071824996928
1,0.5,0.2,0.5,0.4,-2.30258509299405,-0.202659862145757,0.353756051094534,0.119679145290394,-0.422297530141721,0.272928302918363,-0.403059298526652,0.1205121502643,0.112822626875889,0.106586778839112,0.106743338307227,0.104740452586178,0.12346178676065,0.537728618950913,0.11419454553411,0.10709313681956,0.580759730452102,0.14571316466516,0.95040100164113
1,0.5,0.2,0.5,0.4,-2.30258509299405,0.255497304687344,0.621829641351243,0.197481727009794,0.379710285643948,0.075445599110433,-1.29441211187799,0.0985993800546426,0.100556868863058,0.101358132515653,0.143604503507666,0.141146712359296,0.100578042394397,0.820285651404386,0.119151849762953,0.11070772033068,0.53418619442479,0.21781403866922,1.04218642496797
1,0.5,0.2,0.5,0.4,-2.30258509299405,0.749158704818396,0.330381541377216,0.196542728039289,0.284847685764849,0.551885173063572,-1.89607996180268,0.124232388588879,0.131984584378775,0.112997759255401,0.148770141121719,0.14014030786452,0.114232991289148,1.24541879902976,0.152954555155742,0.111066077211795,0.463383101371548,0.229511318676813,1.41015589668742
1,0.5,0.2,0.5,0.4,-2.30258509299405,0.26255466984816,0.416340597823657,0.202087549386559,0.547737469794551,0.541735162164401,-1.51097840289304,0.10039731494817,0.0956786310315278,0.0989180824571013,0.163517472986233,0.157392317535261,0.0978403739119416,0.87460930664639,0.113177206600115,0.0907027291532259,0.6710063070293,0.360331589508788,1.08626438507072
1,0.5,0.2,0.5,0.4,-2.30258509299405,0.604956373738306,0.495011548293976,0.156621307072348,0.880096181489604,0.595537258195256,-1.75971325774234,0.102500357664127,0.102494880422204,0.0982181425011741,0.191346088791653,0.178847402563324,0.0919144321224161,0.933086109541812,0.13214223858602,0.0946377578267722,0.549150800821288,0.256152985824733,1.08093597348017
1,0.5,0.2,0.5,0.4,-2.30258509299405,0.730130186556706,0.364565565222148,0.311116364668416,0.280797988158606,0.581797132202259,-1.98139241569888,0.114974672174601,0.118604713582135,0.101039658684907,0.144417745261395,0.135446133443935,0.106774497783663,1.0844947900764,0.138873780019012,0.115710781229337,0.401452373162808,0.238168937343234,1.21033478839908
1,0.5,0.2,0.5,0.4,-2.30258509299405,-0.0346283196140977,0.44845393238535,0.208000444205209,0.357420904857519,0.123269741327505,-1.2834122970832,0.095772860203382,0.0958418200500701,0.0987199984546267,0.14311644914133,0.140458724301992,0.0989345092530427,0.592522998524155,0.122825656497744,0.0985371950234214,0.395827985342977,0.216562745314355,0.740208402272321
1,0.5,0.2,0.5,0.4,-2.30258509299405,0.818671949591975,0.585816581886289,0.129365226029957,0.304708555304235,0.329218899473131,-2.11683592120119,0.116310573849889,0.122692124136571,0.117448716272284,0.141878483216772,0.140935900565418,0.113825669059092,1.34691301306226,0.163147223245398,0.11138116926104,0.419474415373557,0.262176133398424,1.47826359216329
1,0.5,0.2,0.5,0.4,-2.30258509299405,1.02865902764756,0.397709654804639,0.305464092387637,0.535929278035574,0.324931608912411,-2.23512498220529,0.110931004132306,0.110728687576058,0.107658293028929,0.153656384137672,0.149896894927964,0.106662909462014,1.28526148140915,0.134592279269458,0.109182061169145,0.375522232223655,0.23435170322239,1.38126500542579
1,0.5,0.2,0.5,0.4,-2.30258509299405,0.121699558366511,0.322624906825654,0.220681807438319,0.26356758253858,0.597475347662812,-1.17436625151507,0.107748930642975,0.113640753146542,0.0923578849299201,0.147373618735328,0.140737518515918,0.100617542645393,0.663708125140627,0.134151032567937,0.0946362077819323,0.525761646707609,0.243266427755345,0.872521318113492
1,0.5,0.2,0.5,0.4,-2.30258509299405,0.225781128718871,0.582372742018625,0.263196509974602,0.446667226547711,0.301697883810921,-1.55772543152251,0.0972841627274161,0.0947521944593261,0.0889701635999965,0.145116167732705,0.140303417324332,0.0985406410545749,0.737186124479768,0.109232617568274,0.0981265477234922,0.384598451848236,0.208897550890286,0.866235037570902
1,0.5,0.2,0.5,0.4,-2.30258509299405,-0.478627847762129,0.476054761173997,0.0937985676173143,-0.218474538816483,0.235346740024266,-0.616506636357744,0.0981801635725643,0.100156935088181,0.0966086958013717,0.114796970627615,0.113998440004764,0.109114666276291,0.369273255927116,0.11550635238952,0.100404951077332,0.373817158718223,0.155112274750313,0.588407592092411
1,0.5,0.2,0.5,0.4,-2.30258509299405,1.91850619857899,0.554107481568209,0.174979616759617,0.911386197650514,0.0578446445079881,-3.40107495136389,0.0998984382664777,0.0980905155506824,0.0983601275084686,0.173641285561514,0.172157181485362,0.10019812515741,1.87550808718645,0.146106224006691,0.103845978245169,0.340212673728897,0.28562274680259,1.92315338946501
1,0.5,0.2,0.5,0.4,-2.30258509299405,0.638384408312347,0.504744783548668,0.176691922634574,0.236126765146381,0.330001467141154,-1.86786960000968,0.114307493445964,0.119143417035451,0.116712110246897,0.136304052803392,0.137128659360373,0.113334526986802,1.29381855961699,0.16535184391783,0.118001042985938,0.463268092428661,0.200248945187026,1.46963077594588
1,0.5,0.2,0.5,0.4,-2.30258509299405,0.967777011007198,0.518142192930944,0.15531970817715,0.440002665980938,0.284829611182637,-2.03062399550082,0.11180491764187,0.119439361327301,0.106990509547872,0.151472597627427,0.146454864935071,0.110140598619047,1.31343839060834,0.1492682677944,0.108224948700968,0.447448052077895,0.22159007683373,1.46889250597412
1,0.5,0.2,0.5,0.4,-2.30258509299405,2.53557420442739,0.475071812249509,0.0629844388417383,0.705700814273056,0.439647383567297,-3.79099744130513,0.117664447340731,0.122232753908992,0.118379354589813,0.178698183987728,0.167918037488898,0.116248816870453,2.22018938773789,0.151149985441694,0.114192640628645,0.325327807930647,0.256476679137218,2.25741211810427
1,0.5,0.2,0.5,0.4,-2.30258509299405,1.5503152694779,0.237223645433422,0.0498296524656707,0.649440540540984,0.773445680492214,-2.87809041968205,0.118676570120303,0.118776658707459,0.11009499754534,0.172911658384282,0.163182731191561,0.107823633528698,1.93266694401886,0.139267864662214,0.0994451523518639,0.452564433404902,0.304963585216055,2.02015275547003
1,0.5,0.2,0.5,0.4,-2.30258509299405,0.520611156221066,0.527990374235905,0.358309452860666,0.384181023586616,0.502660534027274,-1.75113031328801,0.112160535780466,0.115059285555721,0.107119136612683,0.150351716230203,0.146757142950863,0.106738553929346,1.0742152587531,0.14108814051749,0.110192112093549,0.483550921905129,0.231211005080755,1.23804113428735
1,0.5,0.2,0.5,0.4,-2.30258509299405,0.31591566523399,0.588704880980125,0.23014560761847,0.0284447921629547,0.0932879206239625,-1.42634282513755,0.112973689043339,0.105146634984507,0.122943314223468,0.123610118513548,0.121136401815127,0.11592306539049,0.904098913442167,0.123310840355891,0.112739566742617,0.409739628715133,0.160177666108353,1.09730936918464
1,0.5,0.2,0.5,0.4,-2.30258509299405,1.43362371782839,0.487541844729671,0.320736902060734,0.604064210608496,0.22526323421416,-2.78321368364136,0.103565734098167,0.0986340326388105,0.103640075373708,0.152749914120724,0.150801502762219,0.103401396679379,1.69808023477781,0.120706874410201,0.105158939192769,0.355649686981118,0.211546766210154,1.78803091835733
1,0.5,0.2,0.5,0.4,-2.30258509299405,0.896377077634761,0.503212144298164,0.0742162692996778,0.939265963904502,0.696741308050393,-2.33736260935683,0.0959505672039999,0.0971649326969607,0.091148561886449,0.191677713363942,0.180110805028696,0.0919472057737198,1.28636505595227,0.124498313498341,0.0879238255305626,0.541636271105001,0.298950741271879,1.40410139303492
1,0.5,0.2,0.5,0.4,-2.30258509299405,1.4443780299837,0.541498706392016,0.135353298824144,1.4025740540376,0.303558898982341,-3.02511963656935,0.0893652865297801,0.0898219573554425,0.0907837346824622,0.221716107663849,0.220146914543886,0.0889122149400606,1.64961001789197,0.114807420060388,0.0919292981141233,0.655547135655074,0.441419712199312,1.72798615944234
1,0.5,0.2,0.5,0.4,-2.30258509299405,-0.632345398996041,0.516481951849516,0.209604765032364,0.0577641757743264,0.332595155380867,-0.557975550172044,0.0856452812339333,0.08511999216967,0.088570087255461,0.135471232208846,0.134352786208437,0.0978122795022394,0.28371267060744,0.0973442089716233,0.0878673412131329,0.375788545493273,0.19604585456204,0.456649372772855
1,0.5,0.2,0.5,0.4,-2.30258509299405,0.190216894843563,0.525657795192673,0.120561450057068,0.78858739784828,0.403261697358199,-1.72107576720125,0.0918284946601713,0.0968732448412114,0.0880137039853256,0.169485306920729,0.17278526730597,0.0909562378459931,0.995161523859605,0.135990686483509,0.0952510223227466,0.667762464274611,0.36469444533081,1.17132768263961
1,0.5,0.2,0.5,0.4,-2.30258509299405,1.25049724400055,0.570667316779046,0.275511490085287,0.290436104683697,0.183827550149607,-2.6433853532662,0.120343025575639,0.116323340317504,0.117062546149764,0.139234581048618,0.133620881557677,0.120550773199426,1.70599370477168,0.133937840348741,0.119728601726744,0.299091999835319,0.193284754040474,1.78613034008358
1,0.5,0.2,0.5,0.4,-2.30258509299405,1.00629138313193,0.478028684348279,0.5727301090499,0.652047592691416,0.724227117012358,-2.27153305821862,0.108736357277176,0.10152047036518,0.104050312498795,0.167717638545669,0.154655795551221,0.100362537780621,1.21930767113711,0.11682752454532,0.100418153209076,0.425548988825217,0.259813826700514,1.31473051591617
1,0.5,0.2,0.5,0.4,-2.30258509299405,-0.203645123893166,0.517955834765783,0.200199417000773,0.193056740823262,0.426878632355234,-0.809172440494661,0.0955584661611995,0.09699795730023,0.0913705027042886,0.135800900396091,0.130773735326642,0.0976777240960572,0.451929220934913,0.110277244495326,0.0916062543774229,0.455997622386564,0.194790240703585,0.668326132946658
1,0.5,0.2,0.5,0.4,-2.30258509299405,0.569124088722816,0.37183880597582,0.262839983754979,0.586064309273503,0.536113088487316,-1.98478980699037,0.101325037409261,0.102649053561635,0.095794986029004,0.16421239543957,0.157159370970878,0.0985261894029095,1.00253073855704,0.120907127581457,0.0947466126265105,0.438035612548428,0.237171079339188,1.12216582487102
1,0.5,0.2,0.5,0.4,-2.30258509299405,0.205000229588437,0.55645475865335,0.306134027445488,0.596884696120516,0.691899955269153,-1.38329795952207,0.0982676416333966,0.0929827578843477,0.0899789102817085,0.174440478197489,0.166296687585199,0.093562786765705,0.638740251955215,0.109163438045276,0.092439579051294,0.506551530047868,0.30908793925218,0.779146872725164
1,0.5,0.2,0.5,0.4,-2.30258509299405,0.981327341723696,0.327902209916439,0.134551770562899,0.196477993165155,0.392617131866932,-2.15901323622012,0.120698148160187,0.126036069841806,0.112216597396601,0.134423804061397,0.131798331898096,0.116522693785096,1.3459478308245,0.14894809224661,0.117569052145584,0.35066700395558,0.191861973203814,1.46309651009094
1,0.5,0.2,0.5,0.4,-2.30258509299405,1.52252926586625,0.473585747709586,0.358500542866346,0.333349342103649,0.375451298708168,-2.69239199679468,0.124268165456868,0.120071497545854,0.12730517190663,0.142101581323212,0.141035592625593,0.11867048375279,1.8377047612322,0.147270030526769,0.117037591215987,0.3372816218049,0.228026676633308,1.92475788189732
1,0.5,0.2,0.5,0.4,-2.30258509299405,2.44639303325808,0.720339812324145,0.0566852688487088,0.742579047108301,0.160550497393935,-3.60586056004283,0.112519939260988,0.115479403669552,0.112952696085019,0.169140303757393,0.169401868777207,0.11212851969647,2.13222622166357,0.162977564326967,0.11072273098717,0.319368915092473,0.277657848004397,2.17853208832984
1,0.5,0.2,0.5,0.4,-2.30258509299405,2.07826315300564,0.389821218420043,0.0921661934639139,1.01979712773786,0.933229664559322,-3.53525292438919,0.112714643100869,0.109329852667049,0.108788703504812,0.210912545653938,0.193428170911887,0.103140025875321,1.95025009279033,0.125815696963759,0.106796090401329,0.448097722423251,0.336765251959704,1.99003246342326
1,0.5,0.2,0.5,0.4,-2.30258509299405,1.51488207440493,0.601008007576997,0.122807836945621,0.58668238591025,0.185987645308653,-2.9774970640082,0.10669151338428,0.106009380863026,0.10735873192984,0.155858090812035,0.155178675034512,0.106752192156606,1.7590301377463,0.143644914877493,0.106516665514236,0.317325295755899,0.244584463697588,1.82784722201994
1,0.5,0.2,0.5,0.4,-2.30258509299405,0.260742882198093,0.469452075231852,0.0535863040299173,0.164503876017076,0.448897335551236,-1.2542827275458,0.113400926689214,0.111210533389805,0.113647701820741,0.140038802101158,0.134205828194639,0.107838268865952,0.635325170561218,0.124764588828972,0.110832563353305,0.388727294721578,0.203619155635884,0.783739517684528
1,0.5,0.2,0.5,0.4,-2.30258509299405,0.402484441486439,0.644986854660038,0.275198438750927,0.0969833796261834,0.276015375462238,-1.65493375253211,0.114664384021046,0.113833990489274,0.127775401224545,0.129205789814187,0.12660021694969,0.115952020432878,0.970875020415846,0.131686314675305,0.115039002724265,0.386742503155576,0.159359499643629,1.13845075709016
1,0.5,0.2,0.5,0.4,-2.30258509299405,1.41662781666125,0.481375724864573,0.0260437639486437,0.750418584421128,0.226706652951252,-2.7859690013041,0.104053233218629,0.103264506115082,0.101536029341402,0.165310523608886,0.156474795424756,0.102843522560289,1.70003643633131,0.132329860153719,0.104566643768953,0.386700273307681,0.235406969586557,1.78353580916108
1,0.5,0.2,0.5,0.4,-2.30258509299405,2.07310013192857,0.752203661088258,0.18149500569503,0.606421329545128,0.243364139404082,-3.35008129252914,0.113021304798888,0.112444097870528,0.116365432725855,0.157659203578269,0.158750856972074,0.112431265119004,2.04297135489186,0.145481333415749,0.123261805973368,0.294775138871424,0.233254348056864,2.092600799095
1,0.5,0.2,0.5,0.4,-2.30258509299405,0.591305715219822,0.558379333983194,0.2507876937979,0.227085245968944,0.336823491776944,-1.89540512063213,0.114209914336852,0.115689926258592,0.109495177631801,0.134812505452604,0.129912722315921,0.110302247745326,1.0855026103601,0.139620691261036,0.111678932131711,0.379542950411305,0.191464314502249,1.22006656946894
1,0.5,0.2,0.5,0.4,-2.30258509299405,0.889487395215978,0.493070716942679,0.254059780037339,0.484977777558933,0.422051696465466,-2.3260741771087,0.10832691177024,0.105672149400048,0.104811923245379,0.152582855775373,0.147951532152439,0.106143569608998,1.41397322750061,0.138425264798747,0.0998327325382815,0.413615475952314,0.238394432170303,1.52957105705172
1,0.5,0.2,0.5,0.4,-2.30258509299405,-0.313357112888358,0.616245203979942,0.0529509562095876,0.0820077511019358,0.160124365389634,-0.797055910490339,0.0920102687477455,0.0954904712713257,0.0938067107759123,0.128316241989491,0.128826224386904,0.0999039966217675,0.376826666770816,0.115683317720111,0.0959602002619207,0.349465325261772,0.181543903428906,0.5392602677706
1,0.5,0.2,0.5,0.4,-2.30258509299405,-0.244572638841662,0.591314125216579,0.158667818289154,-0.00580641203810995,0.189487958368267,-0.838170995158981,0.0977527597385151,0.0952205334592543,0.100463201423462,0.126111301470912,0.126330729670963,0.106401185011454,0.415010205696923,0.109560312174716,0.102159449935114,0.360237017261316,0.176403391093,0.593356561812119
1,0.5,0.2,0.5,0.4,-2.30258509299405,-0.165427712538201,0.588025838993349,0.228948569624131,-0.202310712089952,0.228985637235223,-0.857104832037922,0.104865539040354,0.10564526579593,0.0987086138672813,0.112417038600489,0.111450632715279,0.112154196183872,0.565324315801103,0.125757279782816,0.105407678812614,0.441494412109182,0.148224177693639,0.823239176251075
1,0.5,0.2,0.5,0.4,-2.30258509299405,0.567283850272271,0.484807286478792,0.18424530808616,0.330893191485464,0.451446444340021,-1.68730810457098,0.117648255939586,0.120997018797585,0.107827040054036,0.142450938425863,0.140331359902296,0.109382996883212,0.966891279124031,0.157138069319792,0.110394803190363,0.414711893390391,0.232162776640945,1.11297338244766
1,0.5,0.2,0.5,0.4,-2.30258509299405,-0.260246267694594,0.364308087975552,0.317612727506288,-0.186416513638263,0.233623668648092,-0.646331069662801,0.104827850392177,0.101990764196458,0.102689943572689,0.117223926279323,0.116942774117573,0.112671203011922,0.401553993903811,0.120541813427983,0.105008893489694,0.350726996206486,0.147489729943776,0.602716388164307
1,0.5,0.2,0.5,0.4,-2.30258509299405,0.527687446718931,0.536301446188718,0.448221749796915,0.14628722647778,-0.0164792896695648,-1.68801227910603,0.118832937805338,0.113342129616074,0.12340185026951,0.13349227543182,0.133760084047582,0.120528169550482,1.10648559315915,0.152619898863897,0.11708463144372,0.410338536743767,0.171237180700427,1.27759048106399
1,0.5,0.2,0.5,0.4,-2.30258509299405,2.3571231009274,0.614109768453492,0.339465504528584,0.502633352368255,0.275937850502182,-3.79467504295817,0.112284538507202,0.115139226984547,0.116609378199096,0.150558324900262,0.159657610658758,0.111510114197598,2.0880398276289,0.177414404896395,0.114056385769051,0.26323615810629,0.248302314367386,2.12944539422217
1,0.5,0.2,0.5,0.4,-2.30258509299405,1.53397222010724,0.593699495690645,0.186632153586342,1.10125786837295,0.769665521390981,-3.07762461524974,0.0995455403680594,0.102108408714116,0.100855559851348,0.213040804466848,0.198182056361736,0.0956026488162174,1.80876915687318,0.115607306766158,0.0988624392653005,0.547644075498461,0.340866879069892,1.88654200631999
1,0.5,0.2,0.5,0.4,-2.30258509299405,0.682803484161618,0.515399405113262,0.331561538908239,0.663551505911331,0.336960907937971,-2.02739798915065,0.102121389170194,0.103372506705141,0.102228236107632,0.167508538575843,0.161468310224866,0.100765242958551,1.07320130807999,0.129202513934757,0.105311817211086,0.424320532614573,0.263586566084645,1.1853186742938
1,0.5,0.2,0.5,0.4,-2.30258509299405,1.31658716622147,0.430365881537378,0.321428438413534,0.387095583824149,0.511561954261658,-2.52482161356212,0.116940069791135,0.123126130786012,0.117772337722191,0.145329460882996,0.139457541785617,0.11124078901475,1.71055115718819,0.162004427577955,0.126501422472475,0.377965518243887,0.216687585072735,1.83116075406917
1,0.5,0.2,0.5,0.4,-2.30258509299405,0.774587991758983,0.335467475508897,0.368129153435822,0.530846794212006,0.383040517936572,-2.2881563859349,0.10450940491099,0.105662899891419,0.105784387207897,0.15358721618444,0.147936203096019,0.103258238001491,1.27011317262273,0.131965181476035,0.104843635378005,0.383465122455684,0.213079063259041,1.38351318679294
1,0.5,0.2,0.5,0.4,-2.30258509299405,1.08747964085664,0.527734160655434,0.122237954107657,0.798807325832683,0.553641994711532,-2.63153017050847,0.102714137428183,0.104549775127077,0.0958797407498449,0.176453380903507,0.187334156176425,0.0986655660419957,1.67916742945838,0.168406393063196,0.100672768621389,0.60446475020368,0.494332201369807,1.79528364743654
1,0.5,0.2,0.5,0.4,-2.30258509299405,0.796275047716451,0.540007900236556,0.171917342200898,0.838624403351865,0.144293482503762,-2.02933897546431,0.0989208921915753,0.0996958540246536,0.0973234157094955,0.17613487790524,0.178680146871185,0.0980184295421029,1.15362807832559,0.129702309539597,0.100783473628266,0.514267166674278,0.282896000203054,1.28345977829143
1,0.5,0.2,0.5,0.4,-2.30258509299405,0.891555096183148,0.56639704246321,0.322605739487824,0.380315885556624,0.310065577762124,-2.17834323487069,0.107632811537864,0.105912620928105,0.102784043888456,0.146047745685563,0.141795425330445,0.108459848150127,1.37631504020524,0.127266642254162,0.112012572130734,0.41483145272298,0.193988679565341,1.52725511862963
1,0.5,0.2,0.5,0.4,-2.30258509299405,0.107815793845674,0.61526265134239,0.295317401352191,0.390690232410714,0.318670301110215,-1.40503955848086,0.0977446155782001,0.101922113246731,0.0990604191121077,0.148901741878358,0.151195465711549,0.100904995612039,0.724248051344316,0.123681668326185,0.110738134892778,0.462570111306883,0.245534694382994,0.887751046417451
1,0.5,0.2,0.5,0.4,-2.30258509299405,0.201512978942195,0.486248838970424,0.130063747558404,0.295899247275461,0.45885854153379,-1.49289850564812,0.105287250456099,0.107670162607148,0.0943250652575912,0.139278690397317,0.139887435539971,0.101728572763508,0.732649311607276,0.138875404780143,0.105690870994985,0.394280387487562,0.207700005710923,0.877415241529941
1,0.5,0.2,0.5,0.4,-2.30258509299405,-0.19102797172058,0.541866251830964,0.128048813691092,0.00885406699984476,0.0227238867356667,-0.764199439725215,0.0938043443749616,0.0918170015788482,0.094726863961293,0.125502262521392,0.123023288767989,0.105943628921061,0.435599337473311,0.104943713838195,0.0946446448925023,0.39719656238885,0.153703292551328,0.645766654926452
1,0.5,0.2,0.5,0.4,-2.30258509299405,0.309672611017061,0.401591060329382,0.0913841630530557,-0.00957849941954956,0.367712988140389,-1.3372386442064,0.129791626791071,0.132979873007216,0.111108950010068,0.126046208799179,0.125628923716447,0.119212274715221,0.763867133003756,0.141062320454552,0.110031034383129,0.368962234664216,0.190185918431108,0.92165548814569
1,0.5,0.2,0.5,0.4,-2.30258509299405,0.0552647087498177,0.750289809562006,0.222342653054962,-0.31639891841081,0.216913851237907,-0.600520882045613,0.115028845237133,0.123245930812314,0.121637459996917,0.113816319719858,0.116322561724378,0.124150041071748,0.493805576946133,0.128588464243955,0.116642286845114,0.448353736974868,0.147632009778712,0.776928663754579
1,0.5,0.2,0.5,0.4,-2.30258509299405,-0.0808278324073338,0.54217135449549,0.150580233447314,0.0039192653107426,0.411938121712278,-0.918630942377896,0.0997791648093055,0.0952882261537352,0.0991188378360159,0.128599262341976,0.127035419841071,0.10642263187257,0.547718012177606,0.113573662751121,0.10446722739444,0.44564380544372,0.181470543132454,0.783020752660645
1,0.5,0.2,0.5,0.4,-2.30258509299405,2.53375455267315,0.576066947868018,0.257690429441991,0.62964557418566,0.719115711711463,-3.73917105911798,0.127063692105018,0.128208668675362,0.115501532180187,0.175240381423811,0.169359661317905,0.117404811675821,2.21331591111718,0.148820909985511,0.114475392887747,0.335489124806034,0.274200613062158,2.24867433194766
1,0.5,0.2,0.5,0.4,-2.30258509299405,-0.154626026919175,0.364440304549455,0.358963880169107,-0.0547317450192329,0.399211445914199,-0.816804930164028,0.111471562314864,0.10911461068956,0.115934027551309,0.124882822665969,0.120683927003564,0.108526307974098,0.454593987823892,0.121342706085238,0.105349637656599,0.372293300047075,0.160403212125658,0.642694630812627
1,0.5,0.2,0.5,0.4,-2.30258509299405,1.29213205355041,0.601154532335493,0.219298458106726,1.43704108999115,0.617089031931574,-2.80247751555527,0.0886923375232631,0.0890178607863991,0.0930134587663098,0.233859967890036,0.220726224602443,0.0865972441942346,1.4600035972677,0.110043797117039,0.0818080795847665,0.629507160120908,0.390439669006672,1.53726641679293
1,0.5,0.2,0.5,0.4,-2.30258509299405,1.57810280501258,0.439784160116776,0.034374629452875,0.701437493203665,0.172882742318154,-2.90790221588912,0.107762383385222,0.10649944276555,0.107125001661274,0.164803856716552,0.164938596681207,0.106748139423696,1.83557652073714,0.13534202804587,0.106135257891291,0.385101170378649,0.243083188036824,1.92284545014009
1,0.5,0.2,0.5,0.4,-2.30258509299405,-0.185779689714552,0.511292181004761,0.407435577359473,0.30444089950339,0.387733756277905,-1.03273356745584,0.0965543630964543,0.0951544058146437,0.094237119939558,0.144051605587752,0.140911877795111,0.0965365266174973,0.518367859391878,0.122873638342561,0.0915446275716836,0.455601923884856,0.237790770422447,0.686545078820797
1,0.5,0.2,0.5,0.4,-2.30258509299405,2.41568397941003,0.581513623193054,0.284112619593535,0.658297312148011,0.0429816740146624,-3.74843662575711,0.112112756428049,0.113361621682656,0.107586175192924,0.159745513258625,0.160778495286603,0.11230087829622,2.12697178750813,0.144802145264513,0.107091397054942,0.286977772288814,0.240893244748524,2.1670046015108
1,0.5,0.2,0.5,0.4,-2.30258509299405,-0.250323127370095,0.530511148269739,0.280138166883021,0.0671285573166851,0.271148419666099,-0.724221744902738,0.0961454884711047,0.0905152762482151,0.0895246884431788,0.132214837606012,0.12933228894054,0.104163869633551,0.463288659244805,0.103059948725411,0.0960823402892707,0.450251608269227,0.171309260834069,0.694838355250709
1,0.5,0.2,0.5,0.4,-2.30258509299405,0.986845844531072,0.512123775437706,0.298775334019121,0.511449271763406,0.262507829912253,-2.21467133179125,0.106473136996268,0.108479339223462,0.105485698302834,0.150225972833671,0.146081886562118,0.105381626841127,1.47282221801832,0.136024066631924,0.103769019838834,0.466075103318433,0.22886632182315,1.61400785517708
1,0.5,0.2,0.5,0.4,-2.30258509299405,0.611219787206089,0.500274358355801,0.27219386284228,0.982619072697917,0.704422650643731,-1.98078820790725,0.0955894991755953,0.0957998623089531,0.0940107821470114,0.193891998508041,0.189016011240112,0.0898741559805837,1.106401986699,0.127162146642864,0.0904431349154165,0.619462765499888,0.320712598683562,1.25678145026038
1,0.5,0.2,0.5,0.4,-2.30258509299405,0.608586389045138,0.395619806455016,0.151989402626103,0.945105402986785,0.938773114572865,-1.96164409756226,0.0996862440614728,0.0994394178692403,0.0952774883673704,0.203081822236465,0.17816079525752,0.0918190452258953,0.979656422731865,0.118675076252959,0.0969090192973946,0.610813038951123,0.322891218292102,1.11300073618968
1,0.5,0.2,0.5,0.4,-2.30258509299405,0.212712922320348,0.527147798117812,0.137317218881809,0.389157917870254,0.215981999786698,-1.60812489342275,0.104559379858906,0.102144512695794,0.0996240063829691,0.146054847700997,0.144891948599232,0.103960773321415,0.790012964982256,0.131915260066165,0.102192498468384,0.41795817514381,0.235338074061844,0.936827145371225
1,0.5,0.2,0.5,0.4,-2.30258509299405,2.22200063383648,0.580434819296975,0.221659649450397,0.43269868018483,0.223635661287581,-3.53796545203065,0.113879727575742,0.115295347623636,0.124637682293938,0.144666973636823,0.141793388794581,0.112772144347828,2.0622931495111,0.159380474514632,0.119347927408166,0.260723596070042,0.228093709408109,2.11055817822166
1,0.5,0.2,0.5,0.4,-2.30258509299405,0.128878030712386,0.268487708284431,0.241238206201949,-0.188835919707939,0.318122378549356,-1.01281814475492,0.123724835358615,0.122920836262429,0.106116583599654,0.114061486764667,0.116442902497377,0.118768424521067,0.800491397409474,0.143352690928231,0.118718581516401,0.51109349067589,0.157515430536446,1.09082583022325
1,0.5,0.2,0.5,0.4,-2.30258509299405,1.73691773224272,0.314649828012315,0.101182327567795,1.51948674410982,0.869524872105453,-3.34801860830458,0.0951239586044136,0.0934404675245648,0.0897401986595445,0.260021671530361,0.235304934210606,0.0899518985382716,1.76697356417747,0.115121531491589,0.0917452693835721,0.648427687275235,0.441479721036031,1.82069162433016
1,0.5,0.2,0.5,0.4,-2.30258509299405,0.681226088536884,0.298276998665661,0.254265020527132,0.402230776956147,0.570756950476879,-1.92661986193941,0.11367514020682,0.114764162779989,0.102135497697996,0.148331733505706,0.142236882033911,0.105521267294442,1.07200620084544,0.136905342487696,0.10045361976968,0.40258856702982,0.219529931613077,1.18795905834876
1,0.5,0.2,0.5,0.4,-2.30258509299405,1.13270673387569,0.514755446459689,0.186309814649626,0.728105513370065,0.593018656768526,-2.57570369913826,0.102576938928999,0.107222701634548,0.100462355465829,0.173023543933961,0.162480605364854,0.0991412182661007,1.55508521201423,0.139716254029272,0.100910182938887,0.459511090186943,0.262534600235735,1.66731260334619
1,0.5,0.2,0.5,0.4,-2.30258509299405,1.59101547001659,0.627211101982802,-0.00423548210182149,0.523358256414025,0.4896409065474,-2.81656686237938,0.117304205752268,0.1179316987461,0.108302705596239,0.156966839211368,0.154725605849428,0.113204373857698,1.9119354043682,0.153155673793217,0.10814443494019,0.368874720736802,0.227620019363564,2.01167324206149
1,0.5,0.2,0.5,0.4,-2.30258509299405,1.06194375225309,0.525912821965909,0.238948647397407,0.856382822852801,0.829604052921909,-2.46902227222977,0.103843468519832,0.105271703143535,0.0978608552020631,0.184080816855027,0.179644001443703,0.0953924697059489,1.46181438002778,0.12356089927263,0.0991100331612873,0.528824907229943,0.337213372192039,1.5622547691933
1,0.5,0.2,0.5,0.4,-2.30258509299405,0.388677529871559,0.387903706230021,0.0428304283477787,0.130290875605627,0.354147357450321,-1.47384300317013,0.116542006979743,0.111873835305402,0.111426633240592,0.13263355845133,0.12787435051966,0.11355686875941,0.911204646626868,0.13129281524586,0.109960094423322,0.440207492205064,0.18247158583664,1.10971243353399
1,0.5,0.2,0.5,0.4,-2.30258509299405,0.40632487220269,0.558570393551263,0.345949248420873,0.0426743531397551,0.215589975925426,-1.55671016339582,0.113445452993043,0.11383638402655,0.116399103207179,0.125473717041356,0.1275570171293,0.114855823572137,1.06272447191725,0.152303805859922,0.121579936250369,0.454758895182292,0.180926814469169,1.27541276230167
1,0.5,0.2,0.5,0.4,-2.30258509299405,0.520419697725174,0.436978895484622,0.166727470638909,0.510285560342192,0.632163254752547,-1.79770113394033,0.103676683852886,0.103071065730797,0.0905081930079641,0.162407813938174,0.151638291758651,0.0994935749549929,1.03282424103035,0.122814476595611,0.098545158039519,0.546498972463852,0.268818690208738,1.20485355421552
1,0.5,0.2,0.5,0.4,-2.30258509299405,0.877517789886923,0.499315367563521,0.229487206334328,0.585774841107783,0.439180281037036,-2.20013479782589,0.106988021194696,0.10909992012823,0.104540791317276,0.161601707324386,0.162141404110088,0.104674089020793,1.53476462478168,0.144365206484737,0.107214550047062,0.561315989255208,0.307895089224412,1.69742114126436
1,0.5,0.2,0.5,0.4,-2.30258509299405,0.162240701852162,0.570103822418484,0.268987320867569,0.802014031203033,0.24225274084668,-1.75031416768916,0.0930830295258808,0.0940910296369014,0.0935753017069463,0.173775390545713,0.174118945951658,0.0938070214248191,0.97699807266559,0.128969260300421,0.0930357703655765,0.597054763996133,0.275676535584279,1.14839545500102
1,0.5,0.2,0.5,0.4,-2.30258509299405,0.546498823071685,0.683006070624216,0.246961283899126,0.116895510010977,0.156732667238812,-1.76884184430549,0.116961201810485,0.122037727982428,0.116762057343031,0.129596251292489,0.128756513076781,0.117950580712277,1.02528232625114,0.142976482770002,0.110578878603744,0.345509329836542,0.190275205252059,1.15905621902114
1,0.5,0.2,0.5,0.4,-2.30258509299405,1.0779498482728,0.592217413021482,0.176215969034708,0.538693173611894,0.347575279120677,-2.25508690200983,0.110304360786496,0.10648582649486,0.100890441506429,0.155622205061296,0.146609184983517,0.10793180807783,1.40968363160648,0.123502096524368,0.104496136389467,0.430429594009764,0.221773384184025,1.53144917347666
1,0.5,0.2,0.5,0.4,-2.30258509299405,0.62995952119931,0.681247402352529,0.202387495718699,0.8247528178321,0.215629191935599,-2.03730095254413,0.0930012195065578,0.0928710234167962,0.089836043178857,0.169608700584324,0.169129933317167,0.0931022468971479,1.11789580048585,0.117899003754975,0.0973199031076657,0.489053464202145,0.250889702394447,1.24888952866072
1,0.5,0.2,0.5,0.4,-2.30258509299405,-0.305971972773187,0.646142891903096,0.242360418071335,-0.164782092185356,0.321660357782907,-0.61902787976418,0.100752073073972,0.0991588635259255,0.10566011186308,0.122335850141602,0.122306738816163,0.110370023500039,0.41191395307192,0.115495422087768,0.100143803816654,0.410491138279797,0.16449935829211,0.64718894235032
1,0.5,0.2,0.5,0.4,-2.30258509299405,1.58558312644569,0.795212924731728,0.225635234943576,0.314596168869213,0.214390826448423,-2.74448118871603,0.12118129325396,0.120860790945426,0.128514375937246,0.141804132870388,0.138504477317416,0.121434206654433,1.85509920001426,0.153378594639094,0.124957625856579,0.294900357517188,0.183924024494975,1.93491579676372
1,0.5,0.2,0.5,0.4,-2.30258509299405,0.818534346594972,0.485053982388124,-0.00801864224752941,0.609895586851046,0.483077868313107,-2.13770953331964,0.111555980160771,0.113344716406856,0.115499245683522,0.163728277418148,0.154263981034043,0.104360154566398,1.14485562811975,0.127429767556911,0.111097421189961,0.379677849452611,0.249034773743282,1.2309745589427
1,0.5,0.2,0.5,0.4,-2.30258509299405,0.513826905222821,0.466466043175175,0.407916498235522,0.661449004167222,0.775639504932134,-1.69932634027809,0.104670186432378,0.104026534783812,0.0926356510018277,0.177711629286831,0.170811192885053,0.0940875584285755,0.960243598665314,0.137182940259996,0.0900392969674162,0.588770033839526,0.277507094431097,1.14815720484825
1,0.5,0.2,0.5,0.4,-2.30258509299405,0.975704615894703,0.639006428767399,0.281232253992245,0.833108643832959,0.477339130055914,-2.53403862865946,0.0993386609289894,0.101130817959349,0.0987778460428872,0.177925362258355,0.158727918061478,0.0979213662247673,1.43313822364452,0.124738102425956,0.0970500738746295,0.418243309891585,0.248402095532832,1.52387705655579
1,0.5,0.2,0.5,0.4,-2.30258509299405,0.334241743550448,0.517587484447711,0.251015742884931,0.409942969093755,0.550688648650162,-1.39524100118175,0.103879470628732,0.0958724327697569,0.0934237991961562,0.154533081889267,0.146589541468399,0.0999337862183468,0.72521030995941,0.11417062784163,0.0930485870842593,0.450706785384573,0.221158075741406,0.879565069493093
1,0.5,0.2,0.5,0.4,-2.30258509299405,-0.0453025613434615,0.442404283572905,0.0907903015877903,0.270477981875358,0.391071282216852,-1.05998494168657,0.0956016664922353,0.100159437535678,0.0979329657126209,0.141001516570803,0.138970298062734,0.0980621019654958,0.562689479234948,0.127377851896196,0.098280499815893,0.452025726162399,0.228443799342985,0.752713204208134
1,0.5,0.2,0.5,0.4,-2.30258509299405,2.38145799036019,0.348936658708688,0.207778892599431,0.545230299414356,0.384236616298246,-3.49736136833347,0.115467652120063,0.118207466483882,0.1075365204544,0.152394692977674,0.146964142307944,0.111714558363732,2.10559629060101,0.153954500086311,0.110073908498068,0.295932731536353,0.226476752091663,2.16341031296813
1,0.5,0.2,0.5,0.4,-2.30258509299405,0.856483944556611,0.357355093703639,0.224594648433501,0.659669488649114,0.874354191828959,-2.19518688703456,0.1098658702197,0.109383547198328,0.100470620981538,0.175138119040729,0.164860859999254,0.0986173030610589,1.16466914281446,0.128149036164872,0.0889824597546654,0.447500176167218,0.283094088688261,1.26241099337921
1,0.5,0.2,0.5,0.4,-2.30258509299405,-0.0842505554043265,0.699356806563252,0.262397283292338,0.138199374569515,-0.00389866911792508,-1.09721768829617,0.0989870827621886,0.105492774741865,0.0993128075397632,0.133842487644337,0.134825962307469,0.107197468384358,0.633742613078533,0.128393132397999,0.103192271894688,0.451547101698795,0.17871624317713,0.854349047287395
1,0.5,0.2,0.5,0.4,-2.30258509299405,1.38566202736224,0.290142065525103,0.118519424371694,1.3724335500396,1.01283210902823,-2.83825669286343,0.0947607814086739,0.099494487877113,0.0929445599727742,0.236314420658501,0.214697758175453,0.0879972540926593,1.45912903044093,0.126026312425298,0.0877939860876003,0.574931098386552,0.360938646962138,1.52819519968167
1,0.5,0.2,0.5,0.4,-2.30258509299405,-0.00061688441831061,0.300656863461443,0.173606828959828,-0.00276988066419083,0.363723408716121,-0.954430199529008,0.108547426368922,0.113666492289119,0.102443713621427,0.126861540891927,0.125848235633247,0.109153438474236,0.632428384497013,0.154750864567939,0.101911130322847,0.492004345602634,0.222223578814218,0.865995831345697
1,0.5,0.2,0.5,0.4,-2.30258509299405,2.60653954720404,0.584717132747149,0.0750923510303941,2.01315235860474,1.10397221949216,-4.21974691889052,0.092665168144117,0.0920753799684527,0.0874848001480548,0.354219771845466,0.319268979560058,0.0883376134274525,1.90112374321163,0.11256842886601,0.0918508779987035,0.950623755520014,0.638611811737497,1.92439528576289
1,0.5,0.2,0.5,0.4,-2.30258509299405,0.173804131242728,0.599386906425269,0.0621012762588477,0.0128643259384934,0.0439357969999558,-1.11788248511163,0.11344992001505,0.106125362415191,0.11331018578831,0.12789842915179,0.127948642195422,0.118181187990922,0.809170351851018,0.131648195112056,0.112159341216231,0.532233189699175,0.16471317410352,1.09611619585093
1,0.5,0.2,0.5,0.4,-2.30258509299405,-0.205992095493337,0.524999714032706,0.468207697695156,0.463486834617611,0.552906816482192,-1.17787051170974,0.0933151750651579,0.0894764725364452,0.0872944114174992,0.161296065942847,0.152210621934063,0.093610333932628,0.526750887236975,0.108158165026699,0.0906383261037292,0.487687213727501,0.262836913212384,0.694027939329274
1,0.5,0.2,0.5,0.4,-2.30258509299405,-0.0754501216437291,0.790132399230409,0.132994828563196,0.338281127031453,0.224789907175718,-1.19140834052836,0.0945366762711109,0.0913108307210127,0.0921478060576035,0.145391585794674,0.141114647607798,0.099422989222681,0.55233215094764,0.106265561460144,0.0967866171121636,0.385124645483045,0.205677385002522,0.703566387062402
1,0.5,0.2,0.5,0.4,-2.30258509299405,-0.356484498589348,0.867679058422374,0.0632667205117288,0.272329219876531,0.232777695050503,-1.10330793947009,0.0900127509330118,0.0889337390224205,0.087805516813341,0.139319714946334,0.139568164494746,0.097781834055508,0.526284992515805,0.111223418290058,0.094327319377177,0.436971848498337,0.195241645014395,0.713389353040122
1,0.5,0.2,0.5,0.4,-2.30258509299405,-0.409082390152144,0.357430760409706,0.138779906598442,-0.655577462925666,0.192684542882926,0.0301009106555448,0.108643602147574,0.107410060522914,0.103144618664137,0.0978103775298501,0.0987237008571053,0.122202154715368,0.27667206499113,0.108224241179128,0.0976475845089167,0.449174068893832,0.117361772327379,0.620691278411619
1,0.5,0.2,0.5,0.4,-2.30258509299405,0.0986838999519783,0.590749982580805,0.171365410934451,0.152745481960144,0.0303910683087453,-1.20463875790336,0.101281970476194,0.103085589488855,0.0946278297203592,0.132277022750724,0.130455879590501,0.107270093566556,0.679055912834165,0.117518822022764,0.100499071481613,0.438547629114875,0.165904067775086,0.885687514342177
1,0.5,0.2,0.5,0.4,-2.30258509299405,0.0731675861580931,0.56891261836148,0.096324816799645,0.120695732287055,0.090733475262716,-1.31780436339067,0.10226634465869,0.0996187795232398,0.103308353066031,0.130264729392108,0.129543623961951,0.107429320109317,0.639532835585852,0.12136086864771,0.104480022801172,0.368031279610613,0.18627365615005,0.802282717532417
1,0.5,0.2,0.5,0.4,-2.30258509299405,-0.161769885345103,0.448780772218546,0.141272914173764,0.0192127712364942,0.258262117827473,-0.707123562263624,0.1011280365321,0.101817988271395,0.0903463225899861,0.127492688479558,0.127859015278349,0.10682842635315,0.551310233142904,0.127971826546441,0.0934910313404776,0.530591990824512,0.201659190718165,0.830466216576528
1,0.5,0.2,0.5,0.4,-2.30258509299405,0.137597735550678,0.469741101915598,0.346591957622473,0.111926455874436,0.0769213929623783,-1.11952208872748,0.10139776160476,0.105437462852843,0.102131738209538,0.131689005813686,0.134257868658249,0.107395371385423,0.570604208847259,0.124190240118915,0.103707313515093,0.380500345960449,0.169540943023819,0.746422880911457
1,0.5,0.2,0.5,0.4,-2.30258509299405,1.4728445392719,0.645145947531255,0.275830796934604,0.873246294706202,0.162566157468006,-3.01016779067597,0.0989572106410075,0.10172786895273,0.103356497115874,0.169277275330514,0.168804457580845,0.0983311415883255,1.75679307892093,0.138868142081303,0.108228748635548,0.402768115071277,0.276235602261642,1.83435465714688
1,0.5,0.2,0.5,0.4,-2.30258509299405,-0.507876593761446,0.513693677186253,0.232885962439373,-0.483357587533006,0.112363900862795,-0.331496894058728,0.0994542641547864,0.0976937719415357,0.0950267815014609,0.103009320196761,0.103569156647643,0.119147005855765,0.340117066567202,0.109065954419277,0.100597790906135,0.407567934782437,0.128845458104511,0.631953574656905
1,0.5,0.2,0.5,0.4,-2.30258509299405,-0.288032181587907,0.419403873943127,0.153694159833581,-0.194544792100725,0.484705058975353,-0.641334551783409,0.111626616195348,0.109734948042671,0.0897398214883778,0.118871691599621,0.112700013449002,0.110012862357486,0.547201849450424,0.124641804753908,0.0949313949157371,0.53325270855657,0.15968570085536,0.878924079909596
1,0.5,0.2,0.5,0.4,-2.30258509299405,-0.40992814849455,0.675343961530732,0.169247222960591,-0.125833829028923,0.507576922081089,-0.515376561553981,0.091916372098302,0.0915746036579869,0.082594819161016,0.120935827026934,0.121773878344859,0.101091377931813,0.38229039686326,0.104574067229396,0.0872451036347564,0.463267274396775,0.189951045590897,0.638986796820505
1,0.5,0.2,0.5,0.4,-2.30258509299405,-0.105937548151287,0.437877965209507,0.184482180122348,-0.31887005513655,0.28815807279693,-0.605727746466758,0.120664358035788,0.120450505886482,0.107014559437555,0.110501725871876,0.113896642998065,0.11933259379986,0.572284466454111,0.130372989415757,0.114963515513089,0.511650563153098,0.171455560445128,0.891626111186067
1,0.5,0.2,0.5,0.4,-2.30258509299405,-0.368610665329218,0.545456008378748,0.108316651313423,0.182581076462989,0.40356548838267,-0.768181634868945,0.091005866802245,0.0863736303671808,0.0914032638429542,0.137051143103449,0.133967724519853,0.0956737820613873,0.430843760098507,0.106195350323099,0.0909549253268472,0.490064984302312,0.222325458121332,0.649825998360688
1,0.5,0.2,0.5,0.4,-2.30258509299405,-0.0883344648291314,0.476508695289198,0.0808338545031983,-0.0683636879515272,0.512993468571731,-0.782720112708913,0.110306273511758,0.10303985475128,0.0985153303537609,0.130536534584228,0.127256519323243,0.111023178661513,0.459451083450694,0.111175886545079,0.0976636660613708,0.419308078980989,0.184734174172462,0.677510642925036
1,0.5,0.2,0.5,0.4,-2.30258509299405,1.49174358059607,0.641998987648053,0.444765058670524,0.318860615344024,0.155599942299466,-2.70756920189504,0.112365608019312,0.118820899580658,0.111884974487585,0.137341050478275,0.138963388565918,0.113937004252786,1.93865955944212,0.168087391437199,0.126130630144954,0.368199357426925,0.22464876235805,2.06164520240347
1,0.5,0.2,0.5,0.4,-2.30258509299405,2.60871989467154,0.620136406858502,0.3299986723962,0.728994206116029,0.038257250051021,-4.0383213912816,0.106999598457565,0.108046601173089,0.110807322492435,0.161246941409372,0.158502489054865,0.106941241126792,2.10879451443993,0.134000222341063,0.100055481213777,0.282682322370796,0.245438496619549,2.13832929853116
1,0.5,0.2,0.5,0.4,-2.30258509299405,0.170684066372658,0.369973248717004,0.147048145099129,0.333795937777781,0.606379753946959,-1.20882536929014,0.107037726760836,0.104121625720748,0.0912819421177081,0.152170126017827,0.146693054053559,0.100382113877409,0.686581946035085,0.12391921206438,0.10536806451474,0.507657767415189,0.235998442545739,0.885037568475422
1,0.5,0.2,0.5,0.4,-2.30258509299405,2.14416640765429,0.492816829339048,0.0162926013252308,1.09376043782517,0.282305771658339,-3.59592806139686,0.100339200495743,0.0996152154160493,0.099376686227192,0.193094994790149,0.181557704450266,0.0981583585115925,1.92606530750323,0.118555028747921,0.103440980229562,0.386513145595489,0.297548197378053,1.96687112478042
1,0.5,0.2,0.5,0.4,-2.30258509299405,-0.242136206874045,0.678087329838172,0.168454852813735,0.315418819254584,0.417235300683101,-1.23458538619014,0.0948597041031044,0.0984583268308835,0.0996717808651854,0.146128455634464,0.137533883989009,0.0984053427477487,0.592302310553291,0.120112895260408,0.100026872632747,0.440333944244555,0.198468752064744,0.768361986525128
1,0.5,0.2,0.5,0.4,-2.30258509299405,1.08849721649649,0.346311100660714,0.168791215770417,0.712744225475538,0.648084594879029,-2.34148458260903,0.109552945618175,0.109836091893066,0.103748633652425,0.174029861656712,0.173756652423959,0.100438679803304,1.36097376866978,0.131069999211035,0.102509618602302,0.439254065926032,0.274751045517971,1.46655013746021
1,0.5,0.2,0.5,0.4,-2.30258509299405,1.98826260932303,0.283785935389172,0.147239125636462,0.992391730067615,0.809591057308431,-3.26414333946393,0.109136554215898,0.112784941906753,0.100929904889599,0.203690757057363,0.180201296883362,0.101263414336835,2.37629673724522,0.151959853294695,0.102220506957461,0.847650578515157,0.590460845012778,2.50829601573131
1,0.5,0.2,0.5,0.4,-2.30258509299405,0.294443166670391,0.451809578187836,0.262271711594637,-0.0149043749552831,0.11500168824802,-1.17721809979846,0.115763964306559,0.115719813326713,0.108603427764918,0.120175899209633,0.119441056746998,0.113730382448037,0.740029283305518,0.129536846404108,0.114533204538382,0.399085761816762,0.158333620529962,0.932044670312286
1,0.5,0.2,0.5,0.4,-2.30258509299405,2.26934173594867,0.732485571951536,0.261578151511199,0.702508380944127,0.021764114431883,-3.61064087790573,0.111399847705798,0.115049766180977,0.108289306170146,0.169544944157821,0.169189193494874,0.111040370980091,2.05028552401918,0.185145007507797,0.124060745325503,0.311643420284787,0.317721713072417,2.09890738934619
1,0.5,0.2,0.5,0.4,-2.30258509299405,1.14739462382616,0.438605888561372,0.151981998861022,0.672898198239096,0.386124265941202,-2.45722994849704,0.108193977117128,0.108265010866808,0.108496488849388,0.163034320441193,0.155742394707068,0.104269703521258,1.5731269671748,0.131293754487277,0.104863836106558,0.455678206688558,0.249412576315634,1.68905946456271
1,0.5,0.2,0.5,0.4,-2.30258509299405,0.179747745942231,0.552779612881961,-0.0523815264585362,0.0370728883572531,0.500470193607734,-1.30829442594204,0.110754555848587,0.115459928446051,0.0986707704283369,0.12895702991272,0.123116299253297,0.108891592104906,0.745990819549469,0.132612040889259,0.106653363232238,0.428303318523302,0.190426176745938,0.937270157418877
1,0.5,0.2,0.5,0.4,-2.30258509299405,-0.0238465613560144,0.691836820234301,0.00997837849076835,0.443665825713254,0.202490976824962,-1.2695495634223,0.0910932630125326,0.0958855691634174,0.0953398689551705,0.150181213743239,0.153434481632001,0.0952607603178015,0.588750764080664,0.126123371128795,0.0969022808725873,0.437877236846558,0.2390107546178,0.749974157308073
1,0.5,0.2,0.5,0.4,-2.30258509299405,1.17574699967319,0.441326936486155,0.327628221150359,0.975483726828427,0.806911348868257,-2.68712034436292,0.102285971712849,0.10265685531517,0.0954804718511462,0.201485073995599,0.184178216583478,0.0960041574437269,1.58122429752954,0.131690341193327,0.101446462179584,0.516182570616692,0.288331753484213,1.68680480565997
1,0.5,0.2,0.5,0.4,-2.30258509299405,2.06352217719393,0.655001127467549,0.267474550493441,0.511027542287805,0.282695915640734,-3.15149407694067,0.1184087005314,0.118924693264599,0.115596087975623,0.151173683353645,0.14527097419861,0.116742959220364,2.05758226413487,0.14078508357579,0.114231437657341,0.306634432286519,0.21200793374218,2.12011425142835
1,0.5,0.2,0.5,0.4,-2.30258509299405,1.67679828156816,0.443301379919952,0.156084274139486,0.798088394783145,0.409817324636413,-3.21137510056588,0.108873675091456,0.10924932386786,0.104906516281937,0.175854127915654,0.171394605608768,0.105356058396872,1.90237693503902,0.143974472954823,0.100118200789032,0.357902405353164,0.276090807712997,1.96453842513007
1,0.5,0.2,0.5,0.4,-2.30258509299405,0.92874839583988,0.662782883102254,0.337343609773199,0.399268755030242,0.160903217062967,-2.19571308003295,0.111883809837462,0.110767254394572,0.116349357025094,0.150250911901681,0.152322578545816,0.113091095235512,1.40092883533828,0.142829908591125,0.115547598167042,0.386815018982943,0.206559904746796,1.52604488492149
1,0.5,0.2,0.5,0.4,-2.30258509299405,0.532198567478296,0.50281276024335,0.349667098041433,0.540558325402501,0.226619002953144,-1.90827759147951,0.0996349098112306,0.0964591018803116,0.100061074280467,0.154902594990735,0.15151583965004,0.100841423818459,0.921349449515652,0.119552746982523,0.101068233123184,0.374770768151075,0.224458881159223,1.03234448854835
1,0.5,0.2,0.5,0.4,-2.30258509299405,-0.0444611988942396,0.5970517582646,0.382019403517267,0.161257038834782,0.186890681719333,-1.25958338410937,0.0991448130017338,0.0996339858913809,0.0925927150583536,0.13302661926328,0.129502475576685,0.105228450679863,0.590348142209954,0.116594341649691,0.100976813677917,0.352943947168128,0.187711822184404,0.743014702311689
1,0.5,0.2,0.5,0.4,-2.30258509299405,0.644378250058863,0.307853915877891,0.204969890790415,0.141770550401272,0.608970014786651,-1.65665329411087,0.128900655140089,0.121604325751924,0.111052671680221,0.134582322290438,0.131990561427897,0.114560024092847,1.18100070746871,0.135834886631334,0.112514198053929,0.500684162582508,0.211434250831874,1.39090905907128
1,0.5,0.2,0.5,0.4,-2.30258509299405,0.634056241451479,0.460513296229028,0.138238174667925,0.234720623336445,0.571746428693112,-1.76267838606685,0.117646786921593,0.121538509452652,0.110978065259031,0.140866750787071,0.132527459922971,0.111496832082704,1.16665375932749,0.148212531876727,0.111344776641433,0.461305063236878,0.209302534133528,1.34894488745543
1,0.5,0.2,0.5,0.4,-2.30258509299405,0.373395841231816,0.607783312333857,0.134068013302922,0.490153090564181,0.402278956448175,-1.56690723552696,0.0986934992394722,0.101945564600646,0.0982808575874497,0.158228588541094,0.155860744053576,0.0994430433133607,0.890344826135332,0.132664697128821,0.102078588750563,0.574786967437348,0.278904027276092,1.09129867194347
1,0.5,0.2,0.5,0.4,-2.30258509299405,-0.120597454145327,0.655575830301098,0.330037184573636,-0.363067551779927,0.136776029965305,-0.703369710045438,0.115389085534251,0.113284357166153,0.125456893230619,0.10591255221128,0.104855130682647,0.122448188435062,0.577280006147716,0.143907395316212,0.113937741172253,0.477128616032439,0.158076003860193,0.884447841195225
1,0.5,0.2,0.5,0.4,-2.30258509299405,1.59451365995396,0.562170064082243,0.240899109887034,0.529788268671754,0.302353176298507,-2.99992133341273,0.109257607428561,0.105344066880704,0.11713793783482,0.150426296996404,0.14536332741543,0.108718806443094,1.86784202008143,0.140297750275778,0.104259672098378,0.319031038383947,0.208303336897066,1.94400866210016
1,0.5,0.2,0.5,0.4,-2.30258509299405,-0.315941554057991,0.291840490265306,0.177997125704677,0.0318404669207919,0.485648719883941,-0.692191770330353,0.102418148401451,0.100633330385873,0.0962271867549923,0.13027698125835,0.127998185771871,0.100362544637051,0.405505764462721,0.107617493166576,0.0886607881916992,0.469663192684756,0.211597271934905,0.633611921073115
1,0.5,0.2,0.5,0.4,-2.30258509299405,0.364235615788947,0.566768155759938,0.225010541998864,0.254025320667295,0.218824445094189,-1.60245750449358,0.102490653413592,0.10083435408918,0.100238298500582,0.132862333025363,0.134200661134114,0.105415796016445,0.947721731347192,0.127693109798948,0.107628554317099,0.420655459258031,0.179442822343165,1.11452944031959
1,0.5,0.2,0.5,0.4,-2.30258509299405,0.815251980977059,0.547522369743096,0.340014551695491,1.94868998987516,1.34491203632748,-2.33590803352036,0.0883215750618064,0.0896956091205036,0.0864572651363848,0.353562459075813,0.301961955400718,0.0766376193602462,1.03775987050756,0.109651062749639,0.0869219265458064,0.92692585215181,0.604272539108517,1.10133584116645
1,0.5,0.2,0.5,0.4,-2.30258509299405,0.196630282461481,0.806779617077433,0.266803319108855,0.0767501881205383,0.193434937039181,-1.40361058230823,0.108800162492103,0.110014003741251,0.119734142066932,0.127214449831773,0.128546260657174,0.113055060547512,0.84572564112513,0.145420311226159,0.113922705423629,0.4230341093049,0.173764333315713,1.04257652117048
1,0.5,0.2,0.5,0.4,-2.30258509299405,-0.229092222902377,0.459329115979713,0.234922696045166,0.00193764720951587,0.313993756182213,-0.706725776251234,0.103344281088457,0.10245903410451,0.102805352136623,0.131059270032094,0.133518582643604,0.10748522776071,0.473599747289511,0.124254048930719,0.105269906373286,0.492756882141835,0.192375363907957,0.729344622766929
1,0.5,0.2,0.5,0.4,-2.30258509299405,-0.0775441030265163,0.133799512521264,0.16358463766269,0.569356319896382,0.971629621789469,-1.07706370978953,0.100327579394002,0.100225417758173,0.081795594294918,0.18524063324892,0.178670336880931,0.0871492832533148,0.524780481265201,0.113831826715003,0.094089470926895,0.668047946389737,0.400077037108436,0.717138873564103
1,0.5,0.2,0.5,0.4,-2.30258509299405,-0.345275883864081,0.768885731011045,0.00802206256696919,-0.512862342426476,0.0345928327232712,-0.143602479577064,0.104904682466797,0.0968320754485334,0.102034373870663,0.102478408943719,0.104216550864578,0.123329923818775,0.286203884019954,0.108070607982215,0.103255653744752,0.392176128273359,0.130450564057755,0.565730689553412
1,0.5,0.2,0.5,0.4,-2.30258509299405,0.456796175894825,0.527507308171449,0.216085281205169,0.396801708170267,0.465240693274411,-1.62400780990351,0.10288582063172,0.102616935443535,0.114010219203942,0.152415529398695,0.149102688353214,0.10362038804297,0.976719758288827,0.133603362312204,0.11010369038084,0.523956795795108,0.268515764178802,1.16173071393326
1,0.5,0.2,0.5,0.4,-2.30258509299405,1.66857928128491,0.550781542110292,0.157945232155317,0.733100944028793,0.443757286023735,-3.26609663498266,0.105860592469974,0.106360813163724,0.105605842707681,0.166630428238917,0.158975424792355,0.103700944935958,1.95157901977828,0.129468666758629,0.112140706358312,0.360432915843363,0.263113297921485,2.00957770623273
1,0.5,0.2,0.5,0.4,-2.30258509299405,0.210728876810426,0.661226598210606,0.100807149048567,0.189798413072232,0.0720346938190296,-1.26125782726063,0.103360153862485,0.103381641342036,0.111409548650273,0.135082147910215,0.135381112240631,0.10795124622015,0.720013688957896,0.122878738844969,0.11415069055115,0.432636197956025,0.175325104623433,0.912590202724776
1,0.5,0.2,0.5,0.4,-2.30258509299405,1.10521587293755,0.713120462573057,0.191010233980163,0.555586263542846,0.16169202537107,-2.42888976610046,0.105037058820305,0.105005793308452,0.101295463491029,0.15182628369485,0.151365832756416,0.105023741523325,1.55180199992964,0.139189012255968,0.102187915624424,0.417660148529653,0.231698586878932,1.67499666916394
1,0.5,0.2,0.5,0.4,-2.30258509299405,-0.116698683243897,0.722478912576726,0.0156382916641054,0.231542136365317,0.300139714728388,-1.0779303453063,0.0975339877325036,0.0957658319075106,0.0943661217285136,0.140054674656904,0.132450944858709,0.102349247049514,0.52553352676479,0.11170704382696,0.097264942212263,0.399491740513843,0.183023579418107,0.698981852093805
1,0.5,0.2,0.5,0.4,-2.30258509299405,-0.0407207293856134,0.654067865404289,0.0409491177682487,0.426022601450416,0.318351081602441,-1.32868264309361,0.0929864388625884,0.0945249765705962,0.0947234408264503,0.155087044840104,0.152374290635076,0.0974499023258419,0.55637446704447,0.114439562627942,0.0968279452501841,0.396185903853229,0.220987379476561,0.69718535534111
1,0.5,0.2,0.5,0.4,-2.30258509299405,0.612874454333972,0.391274101775714,0.373281001963082,0.683665542007247,0.719259782155946,-1.90967321296496,0.105137536007284,0.104960316743531,0.0931329311054832,0.175039845473129,0.162174058283419,0.0974897696847345,1.12289022556801,0.123151841378467,0.10248105514432,0.637179399996577,0.370365406893555,1.27481216110804
1,0.5,0.2,0.5,0.4,-2.30258509299405,-0.105679100525004,0.646471891599379,0.24488378575394,-0.0723190824283604,0.13277648101462,-1.08095231453902,0.108333871416713,0.105800564214743,0.099487444484695,0.119005323943836,0.120693397819502,0.11328681030904,0.649813715921067,0.130959680811903,0.109447640461758,0.414708871144875,0.160758709775321,0.864326121542193
1,0.5,0.2,0.5,0.4,-2.30258509299405,0.842524316905974,0.488898892325155,0.314766630281868,0.799649842541921,0.282096448146605,-2.15940427707165,0.0968633998863494,0.0939888698716796,0.0944419755041088,0.169355605537333,0.161134068861314,0.0969286183302951,1.23850383318688,0.114932989090778,0.102947340833402,0.484747056068355,0.243464448107498,1.36346750415326
1,0.5,0.2,0.5,0.4,-2.30258509299405,1.59934235002098,0.716752507055556,0.201958936653493,0.89713222965443,0.597444690535482,-3.06866372068962,0.100423150566627,0.0989382385359322,0.105103976537887,0.188737719901777,0.173817756000223,0.0985932811048075,1.77202319398792,0.123042846290787,0.097780826789645,0.462843549783338,0.309369360649951,1.8403876252166
1,0.5,0.2,0.5,0.4,-2.30258509299405,0.259504728983035,0.524273488787447,0.31276454598638,0.458877087896312,0.190034717859887,-1.56750202918768,0.0997151449506702,0.105491631247987,0.100333215402798,0.150671446843345,0.151661242113371,0.100774346456231,0.913657638260774,0.136629572749753,0.0946218374312115,0.526796266425573,0.23897164859513,1.10742302433168
1,0.5,0.2,0.5,0.4,-2.30258509299405,0.349190879585291,0.707264162977884,-0.0997963308360945,0.344813881988377,0.425333109949248,-1.63802496310256,0.101797541633404,0.100561299550801,0.0988508929919918,0.147998167529313,0.144426712845628,0.103156286971517,0.840943469865288,0.125785248442019,0.102362072848956,0.430604020390791,0.232821014520836,0.992589782433285
1,0.5,0.2,0.5,0.4,-2.30258509299405,2.7131522359759,0.550614380941881,0.0970026816812255,0.517510798855622,0.406731958975901,-3.98995596334236,0.117415535821725,0.119345200547455,0.110651666752297,0.155144901727733,0.151554544043406,0.114478281382406,2.14126319251307,0.144100342010888,0.1152111869298,0.267767055254574,0.225994608599507,2.17285260038527
1,0.5,0.2,0.5,0.4,-2.30258509299405,0.438525750669538,0.412961935365831,0.110543699038178,0.480982095262333,0.559833423705505,-1.71873622107405,0.105254675635467,0.112452123605652,0.0947772361596399,0.159720326576893,0.152880012055275,0.101423490776995,1.00349369070001,0.132097530111625,0.100978336017763,0.531063750048372,0.266125815547429,1.17413345748552
1,0.5,0.2,0.5,0.4,-2.30258509299405,0.0503418142059549,0.501024411422916,0.408151758440671,-0.178388405003921,0.222189105074072,-0.986510749262506,0.111170733465961,0.105536559799112,0.116886280460237,0.115780825631057,0.113665029048375,0.118283006916111,0.592436034091297,0.115490993497633,0.112086854995379,0.38214843986312,0.149118819988831,0.804100220401241
1,0.5,0.2,0.5,0.4,-2.30258509299405,-0.315005952878546,0.605605936866439,0.243450955836924,-0.327157156695949,0.147078778040643,-0.586494936770905,0.101945521271576,0.103000199790968,0.130408408769855,0.108431223443256,0.106527754385971,0.114229878700489,0.405412714103966,0.113535564922404,0.112692219339038,0.369198179824484,0.12922196275002,0.639278879027868
1,0.5,0.2,0.5,0.4,-2.30258509299405,0.118555642764404,0.413812229919108,-0.128090298952817,0.298851726853931,0.494415940886805,-1.34332637039499,0.101975146885987,0.10641763184773,0.0966023680306809,0.139090234824333,0.137037578989684,0.0999400692564728,0.692022407970367,0.129130087461314,0.101080605910921,0.442477560614154,0.217220015587514,0.875022193436314
1,0.5,0.2,0.5,0.4,-2.30258509299405,-0.0814706900276048,0.325204573314497,0.0929449753347349,0.0394468753133126,0.196586701361125,-1.05739589234004,0.108348910366863,0.103087304534584,0.118285836242002,0.129310586894069,0.127215520991538,0.11297547196021,0.561451007900604,0.122177477026861,0.109999636374879,0.393406624547219,0.16588849763341,0.750041944463127
1,0.5,0.2,0.5,0.4,-2.30258509299405,0.803482875664796,0.531467395985248,0.0949289787747532,0.462380279915871,0.532048218927944,-2.0923494953168,0.113978978127471,0.111031428652376,0.106927359021384,0.152851455093698,0.148802754351012,0.106377169303039,1.2140235916267,0.12482240126582,0.107790266458771,0.385203841235762,0.22270755175724,1.31879213579727
1,0.5,0.2,0.5,0.4,-2.30258509299405,0.225621706299185,0.465669081837573,0.24567381077387,0.330475361391809,0.496464116324899,-1.58705053180801,0.105176134370069,0.109119562267931,0.0940644824162038,0.149822804288864,0.143757978370369,0.104085587349994,0.785755471846091,0.132042069955619,0.0992596876989061,0.410312007619817,0.216174679612833,0.927868377193618
1,0.5,0.2,0.5,0.4,-2.30258509299405,2.32245701333984,0.660536850683009,0.180011217061349,0.641826358533604,-0.112443305369941,-3.5075189248914,0.113280407908331,0.113775322266945,0.128579246366179,0.161291332280011,0.158611227759331,0.11329625100428,2.11703091969016,0.150653635635461,0.112078698752894,0.314848663403708,0.245199718399056,2.17505795634819
1,0.5,0.2,0.5,0.4,-2.30258509299405,2.03950789128218,0.507560058327111,0.114002573750034,0.591980636923349,0.594049412524969,-3.44868479077329,0.113961606358368,0.118224114450185,0.10767238036397,0.157753722264723,0.15067602164096,0.109037757835435,2.06067965845768,0.144982665677203,0.111947295561089,0.346726005103994,0.252343352361444,2.11736176018721
1,0.5,0.2,0.5,0.4,-2.30258509299405,0.472269950137046,0.378945213782373,0.140493853403963,0.891731100469683,0.489604547116543,-1.67523924080442,0.0935049821876477,0.0984725797583055,0.0871781629261502,0.18438672511614,0.184845741233213,0.0888921965026528,0.808334679890599,0.123256088859109,0.092671215716903,0.53330136021933,0.321031262085375,0.927344100249593
1,0.5,0.2,0.5,0.4,-2.30258509299405,1.7852737220036,0.551057678965674,0.0348750657794372,0.340356895319408,0.343334771807905,-3.01917751472705,0.12937757914429,0.120504692418651,0.12484356617004,0.145903964390555,0.136045253739707,0.124654499917372,2.10568812933254,0.144617349276693,0.125315863140517,0.299418379436885,0.191186071954577,2.17779846305727
1,0.5,0.2,0.5,0.4,-2.30258509299405,0.289414911736606,0.364573217402239,0.23618294184366,0.626591810095006,0.707829064485612,-1.64872692959682,0.103083459357928,0.104840475537491,0.106385652590155,0.171261485367546,0.15443252851221,0.0939966141896316,0.750277738024875,0.118582580951043,0.102362767327834,0.450920511299268,0.247310095751673,0.872807631886068
1,0.5,0.2,0.5,0.4,-2.30258509299405,0.854688278651637,0.461466764183594,0.191568628106393,1.02035729000861,0.91049592419254,-2.11438138436239,0.100766995418335,0.0998693718028605,0.0890878477432981,0.198636769444482,0.190373516334188,0.0918215043623839,1.13125361652871,0.107740206688265,0.0926058468646418,0.658483740368442,0.413562800206698,1.24962976339511
1,0.5,0.2,0.5,0.4,-2.30258509299405,-0.235769330259832,0.404478905386402,0.195478582450768,-0.0538853362191568,0.497565930650067,-0.864744799720228,0.113351071959254,0.108845306990816,0.0902937355809172,0.129352981068622,0.12670979851379,0.108778275894739,0.534692833433554,0.119825001571875,0.100453458673974,0.476606376762981,0.199461417138456,0.77901750972792
1,0.5,0.2,0.5,0.4,-2.30258509299405,-0.570376721748037,0.441716273461281,0.186263912380022,-0.298334298760404,0.288816315432921,-0.343265258155865,0.0957492258363762,0.101476750904806,0.0897856064066615,0.113760698472141,0.116229130548977,0.11137384640128,0.35132675726764,0.121355859676069,0.0921276118309216,0.455001024801016,0.164674168622951,0.644107953457537
1,0.5,0.2,0.5,0.4,-2.30258509299405,1.00289879492723,0.58656449192195,0.277209590424484,0.655244889305748,0.174819828386365,-2.3019270913457,0.101692159951266,0.0980312996052273,0.108472999811415,0.161929568151505,0.157741369298142,0.102272210783702,1.37527265928175,0.126691284102991,0.104599955437558,0.450500883346255,0.216747725580219,1.50494534083597
1,0.5,0.2,0.5,0.4,-2.30258509299405,0.0308454377708463,0.313904868732671,0.0351649648369795,0.48876461323908,0.575176192983806,-1.31147006882982,0.0978924692210859,0.0934655615146461,0.0874814861972686,0.158009598661324,0.147643763057199,0.0944469121852999,0.596367628323683,0.109591213184738,0.0911297659280248,0.458333749606302,0.231369694999336,0.745328794049187
1,0.5,0.2,0.5,0.4,-2.30258509299405,1.04956863656078,0.447568440808569,0.406863884421643,0.644562402567192,0.701592322874202,-2.48540157076478,0.108264612704396,0.109473565602692,0.0982968769330365,0.174268159976852,0.171497632973725,0.103097376889518,1.43540313830025,0.130766464083732,0.117849851653481,0.41545115899424,0.283996357300427,1.52746801434738
1,0.5,0.2,0.5,0.4,-2.30258509299405,2.30089107343227,0.552083214901833,0.20678719082788,1.23963279643128,0.77537245580236,-3.7254012777083,0.098449550530208,0.0967857693315023,0.100105874199822,0.22379152652436,0.198905438936505,0.0950468311022621,1.91576508938952,0.124302628828298,0.100041418366595,0.581650243352245,0.420263650995079,1.96428853404179
1,0.5,0.2,0.5,0.4,-2.30258509299405,1.58061868007562,0.608465622229582,0.239975605299967,0.662623721413285,0.105488543412939,-3.15220504307829,0.104712872098459,0.105964077329441,0.101284197694376,0.159437796935344,0.156269224767771,0.105246368935704,1.84658325646151,0.138122234895782,0.112904711112628,0.316098625839916,0.227432322322147,1.91223360104346
1,0.5,0.2,0.5,0.4,-2.30258509299405,1.27731687549278,0.612874922620592,0.275263807292416,0.403147618725329,0.37746248692388,-2.60944120177031,0.114192020186619,0.113020789160677,0.107472645700525,0.147420857542016,0.143281245320675,0.113527019508785,1.72910945355494,0.14286966588844,0.116686331858905,0.359398973365631,0.200395005523931,1.83246392450971
1,0.5,0.2,0.5,0.4,-2.30258509299405,0.336167055863035,0.402393861577577,0.17136969159183,0.501890734501173,0.508863096244022,-1.72530534310824,0.105035429179525,0.101553101929804,0.0940417984280305,0.163100032199482,0.152540526373624,0.102126749349236,0.906703815890806,0.119979516940127,0.102109487123834,0.472428700321496,0.244740693330026,1.0545181674561
1,0.5,0.2,0.5,0.4,-2.30258509299405,-0.327686630705395,0.37461021102612,0.374322010038927,-0.430638806711581,0.293125068713795,-0.422744441786396,0.117012063685538,0.10922503433618,0.112500686996137,0.106408796179488,0.104971837603558,0.119028404034495,0.422514098692956,0.115629216188071,0.102592009891435,0.445798966883863,0.144180836435625,0.717874408124814
1,0.5,0.2,0.5,0.4,-2.30258509299405,1.38781980646907,0.384682712211004,0.153871064344019,1.11379519150238,0.846416535868389,-2.76889368807767,0.107032776018942,0.106325583338189,0.101731024392091,0.214016797669681,0.198746495191116,0.0949852524481086,1.50638087756051,0.119258285515861,0.0985550554871425,0.515606909407862,0.386080799725237,1.55863743426739
1,0.5,0.2,0.5,0.4,-2.30258509299405,2.12732066896305,0.429356370027452,0.413816086575134,0.573673584647776,0.381512438904063,-3.31275038218813,0.116317708220065,0.118608976715251,0.120242192537678,0.160730321685624,0.153031425517218,0.113286929855805,2.03965852704359,0.141932741767812,0.117958392576494,0.302146484301051,0.219011660696127,2.09416969560033
1,0.5,0.2,0.5,0.4,-2.30258509299405,0.645590536914324,0.488695865235577,0.0924567022272575,0.298357998537593,0.408682286963889,-1.8346796033963,0.112411145729448,0.118548116885591,0.111286138433585,0.142339788606441,0.13685144179303,0.109510778998645,1.03327213821875,0.155082378984459,0.108837017227045,0.408503370054209,0.227024222313825,1.16789643183793
1,0.5,0.2,0.5,0.4,-2.30258509299405,0.563379042298517,0.310259525747251,0.251133334330409,0.589159998041682,0.684736043821236,-1.72209800298274,0.105855315135031,0.10891269786416,0.0944805794712528,0.167922340478592,0.157457516708959,0.096521081409262,0.870809757805356,0.121355849024176,0.0972940855982606,0.497915441800129,0.285288688181029,1.00794779584538
1,0.5,0.2,0.5,0.4,-2.30258509299405,0.729104954779794,0.246777267500082,0.162907836335784,1.32383001090068,1.02094643313841,-2.08671512790814,0.0965414423904897,0.0953908577662118,0.0913434903684052,0.245903246632935,0.219825401718141,0.0853508177324334,0.940827345864402,0.118506287726893,0.0953175160385884,0.565879163350366,0.377549207606217,1.01840280204806
1,0.5,0.2,0.5,0.4,-2.30258509299405,-0.0836912780529078,0.457446858194728,0.185406425630828,0.20292686673529,0.7653641011438,-0.912432283366146,0.100912743071561,0.10278410957487,0.0880244911014107,0.143211528613073,0.135638715319748,0.0940223329361965,0.383780388770828,0.116565582025043,0.08682650254768,0.34285976289044,0.192754881592128,0.519092091434246
1,0.5,0.2,0.5,0.4,-2.30258509299405,0.958983573779077,0.442010697131417,0.171884239770347,0.5702867009188,0.431427005793287,-2.4003707353837,0.101947341555522,0.0973966692769098,0.102161558840975,0.154542633118169,0.151293062642409,0.101383015196706,1.52660174436678,0.124974758697802,0.110940496152151,0.465123381212789,0.262050085974287,1.65660944371234
1,0.5,0.2,0.5,0.4,-2.30258509299405,-0.445034531498461,0.545479704373563,0.252862463564127,0.00651858341472169,0.302807733208248,-0.787387097006554,0.0920806333303388,0.0908154221857742,0.0855372852824827,0.13226119647133,0.1397632907706,0.105040369512276,0.447719034746418,0.123753342772711,0.0957572252670634,0.468209459454753,0.212301825179984,0.69040097732268
1,0.5,0.2,0.5,0.4,-2.30258509299405,-0.278882851473454,0.613530871010977,0.292758324789746,-0.188204779311717,0.258599182201229,-0.715950120746936,0.0939332757264837,0.0897678484743806,0.109865891496706,0.116121182659355,0.117843409490805,0.108372688274382,0.43874305286355,0.110539465052663,0.109436106682854,0.414104052339327,0.166193433615724,0.680845021989092
1,0.5,0.2,0.5,0.4,-2.30258509299405,0.108122804896645,0.559965267711786,0.470708026534573,0.0828735477122254,0.257384889788613,-1.17311318550891,0.10575581915033,0.097846476897811,0.100734135147073,0.131309207152375,0.128670405727323,0.109531249835623,0.601669388064405,0.114972261539843,0.106634910669447,0.391633497625815,0.179246255076781,0.783379410476411
1,0.5,0.2,0.5,0.4,-2.30258509299405,0.159995911315053,0.515580119728704,0.165267647072663,0.454884464859581,0.168486140367359,-1.46957812702729,0.0948576262614596,0.0991583407288632,0.0965102680404425,0.15102369228424,0.148040606414806,0.100130897556503,0.69867453247974,0.122307975103689,0.0997516507227509,0.413646739562114,0.192795078523247,0.847469910684283
1,0.5,0.2,0.5,0.4,-2.30258509299405,0.0149162407782582,0.547616983804521,0.415033436128695,0.228330230214764,0.371888926918186,-1.1794799237533,0.0973645264272966,0.095146234216881,0.085444618400818,0.135278390178615,0.128732723043418,0.100065914616406,0.566546263034783,0.116038922810426,0.0965083639699084,0.418726920562773,0.197217794234309,0.739005758426984
1,0.5,0.2,0.5,0.4,-2.30258509299405,1.82676073615143,0.497747040814977,0.402493108828844,0.405405759475612,0.233721049551572,-2.99219467706816,0.121145881767251,0.11928923263089,0.119887169128487,0.146238177322823,0.141823100230527,0.119258963081867,2.04149761950709,0.139625933560097,0.121205999568303,0.307189025837524,0.207122939672307,2.12032617634124
1,0.5,0.2,0.5,0.4,-2.30258509299405,2.22914375771806,0.440345781337243,0.0443218171048868,0.772648003951315,0.518983348311405,-3.6009975607177,0.106332257981078,0.10534080904079,0.104868308817384,0.169034037218912,0.163160746511807,0.102369125730401,1.98970382648942,0.146040645844318,0.102347288507257,0.341991933888181,0.281383100115227,2.04364340856481
1,0.5,0.2,0.5,0.4,-2.30258509299405,0.689428617110178,0.846319649796417,0.344075163979125,0.818899450806716,0.765549051578763,-2.16700538183862,0.097948846123219,0.0948592647073393,0.101673663505832,0.191354425213198,0.192053512906875,0.0953373081632877,1.10119109795857,0.117897025747171,0.102198753982033,0.461038176497407,0.284670762664561,1.20357444195094
1,0.5,0.2,0.5,0.4,-2.30258509299405,1.55465084032988,0.531128198948476,0.415167102989708,0.535223811335378,0.269606740514838,-2.74088324492532,0.114140291813194,0.113128504046676,0.12188692478768,0.156736570216909,0.157718215160497,0.113611585970644,1.91252471340975,0.150941838253323,0.114758393569445,0.391676845281646,0.254893425426217,2.00936988697166
1,0.5,0.2,0.5,0.4,-2.30258509299405,2.89885975302849,0.683117284943912,0.276040443680559,0.561959603171305,0.411637798072101,-4.12315639789582,0.112145933658847,0.107227616465955,0.110023503804362,0.156468226295411,0.151858125984473,0.110327557675666,2.14133004217206,0.139045363776465,0.106083680073338,0.264918207458208,0.236692951842451,2.16807105673523
1,0.5,0.2,0.5,0.4,-2.30258509299405,-0.260330253028883,0.560499468515334,0.289968045377599,-0.031168712850722,0.384703773755222,-0.805661605884962,0.0940880262251596,0.0922168802148217,0.0921248285338578,0.121380632254701,0.122158028546066,0.101972022821939,0.414386656678637,0.115610689808667,0.0975518304412145,0.364619344798351,0.170880850360715,0.605318653370434
1,0.5,0.2,0.5,0.4,-2.30258509299405,-0.21691014744359,0.534407135618537,0.0719609396992886,-0.00423874575424292,0.233045380101852,-0.854680286029857,0.100073910534789,0.106208036806186,0.0952776612173656,0.127800632606176,0.126879413703177,0.109157429835015,0.597764902165475,0.134459355197187,0.098229028071551,0.545173043456489,0.183714589559878,0.903118254190333
1,0.5,0.2,0.5,0.4,-2.30258509299405,0.163836071777772,0.722791985909433,0.0323565761434097,0.374667057577452,-0.0377540250621933,-1.51555054219314,0.100549414785865,0.0976234429832399,0.100625611140589,0.148160276151929,0.147762197476039,0.105177842330657,0.871716850446579,0.126406559301878,0.103244827363354,0.484519959978739,0.188151357031957,1.06840048784334
1,0.5,0.2,0.5,0.4,-2.30258509299405,0.0978161525654127,0.687515546641388,0.213034915580712,0.203075267849034,0.165023795453382,-1.23582991669134,0.099614336563369,0.103413067631543,0.0969026716477105,0.133978249078405,0.133115358315568,0.104780229836894,0.627611661917057,0.117864203205718,0.102446541667901,0.380200441037529,0.187486938673147,0.788341701775279
1,0.5,0.2,0.5,0.4,-2.30258509299405,0.262959711845544,0.628448057320405,0.345653453564149,0.189997488626483,0.363421527393532,-1.38344712586338,0.106436080831308,0.107156838283665,0.10297476929784,0.135709056220842,0.130491659585362,0.108467918551327,0.720264289185106,0.122388603281023,0.103767754969789,0.385645338984139,0.169797073233227,0.878855425872351
1,0.5,0.2,0.5,0.4,-2.30258509299405,0.0557561858751817,0.552765249715964,0.218523506428407,0.415843100649563,0.7431087654833,-1.31912702397503,0.099122077545423,0.096558192658986,0.0864495060497873,0.163686168331579,0.153473459727106,0.093823087573991,0.563592779164972,0.119695955702296,0.0988013842053957,0.411993588762562,0.235253993698012,0.699416999447012
1,0.5,0.2,0.5,0.4,-2.30258509299405,0.287805699312429,0.382049736793787,0.145605454142882,0.612646723074298,0.397410138312478,-1.62635469558371,0.100082917486543,0.0966242206517427,0.0983332275507177,0.167940581457935,0.156382902094872,0.0970200006446241,0.773436205919996,0.11055450011836,0.0958189176727028,0.432516092198223,0.219745157691429,0.899928388728949
1,0.5,0.2,0.5,0.4,-2.30258509299405,1.51803376654734,0.504884345658713,0.083645842491312,0.32651293087534,0.436700202048364,-2.552743948318,0.128732228070014,0.134927577311431,0.120218305658387,0.146819412781275,0.140042425797133,0.121717933592109,1.7393230301035,0.158345572598568,0.115271516641268,0.341562614327756,0.205705001948685,1.82966857642765
1,0.5,0.2,0.5,0.4,-2.30258509299405,0.908904180980013,0.403037651536092,0.333435713419748,1.87399881497264,0.962762329681901,-2.48111258123369,0.0855308612021682,0.0892996040966106,0.0863572671195689,0.301081066092599,0.28436685703333,0.0797621085610828,1.31285596370284,0.102582039027971,0.0863304781819042,1.17989795640857,0.674783563627426,1.4194515438199
1,0.5,0.2,0.5,0.4,-2.30258509299405,0.599244048725054,0.599514928337853,0.24912825156964,0.625234170586442,0.0893738371510148,-2.08963688395259,0.0975292678630609,0.0995334897998356,0.0930095670365799,0.157247642804556,0.162853960086968,0.100062425412214,1.32037865090788,0.150952280414285,0.106135327975577,0.522145477967399,0.255073759083863,1.48795379839884
1,0.5,0.2,0.5,0.4,-2.30258509299405,1.35769096107974,0.454542555641452,0.111255841320006,0.425079752598164,0.328933355406317,-2.48152879394456,0.114808772147304,0.111007689180213,0.114490995502856,0.144787356421991,0.141562432937768,0.112162811088319,1.63848331045448,0.135845497845904,0.114980544085044,0.366244812247348,0.198386766142266,1.74243284533088
1,0.5,0.2,0.5,0.4,-2.30258509299405,0.41572448928617,0.155787214057864,0.198053328178199,0.363538972218737,0.608965442499675,-1.56178067560967,0.121176427493639,0.122893020396141,0.100216992060451,0.152863217697889,0.14365884864935,0.104618280506742,0.758407959594525,0.138743996074444,0.10510946923046,0.400948991436457,0.216155943001276,0.873266249393059
1,0.5,0.2,0.5,0.4,-2.30258509299405,0.350973482733327,0.550153681656997,0.216968222320175,0.489564319702541,0.0389546626575004,-1.46036639089094,0.0978709690329349,0.0967421363348182,0.106052422784284,0.15138666835343,0.148912125653427,0.0998388549693218,0.736911804816555,0.116881748729929,0.0991126945261034,0.413002069930179,0.211784925063594,0.878133967899949
1,0.5,0.2,0.5,0.4,-2.30258509299405,1.40237305289766,0.487727762031579,0.239729369280376,0.761348676114499,0.610150355827887,-2.7554365772452,0.106323710437107,0.105029143071299,0.101360479904432,0.171851264919838,0.163270901786223,0.101128324147978,1.6053604896888,0.122699239593609,0.0988524052266009,0.408389921543514,0.268059357890901,1.67855187010696
1,0.5,0.2,0.5,0.4,-2.30258509299405,0.320031353511639,0.335267414846054,0.260393958040178,0.179710438183814,0.539362697803472,-1.52646363589603,0.115936184849845,0.112789414250307,0.104919095675248,0.141344699756273,0.131750050139929,0.11096879282754,0.773037982871657,0.125854108148958,0.107913227618498,0.382981326166002,0.19708877315991,0.917689613750944
1,0.5,0.2,0.5,0.4,-2.30258509299405,1.16746926748531,0.294200588104914,0.162137480202623,0.711026736797543,0.660686427836152,-2.73247846928984,0.101603609094626,0.100930482906828,0.098998045577181,0.172523669491519,0.171273831346654,0.0979962816662334,1.49978728294467,0.126248455218799,0.107839990853797,0.416323177226122,0.315906558789991,1.58349929306843
1,0.5,0.2,0.5,0.4,-2.30258509299405,1.29680771495988,0.684010050234773,0.199432654106785,0.592336663169586,0.12257704637504,-2.51651743449995,0.108091389778314,0.109223501340647,0.106414730903333,0.156965364858816,0.159046486760055,0.108045713907003,1.68722562141931,0.14153502289729,0.109333446031691,0.42239025959311,0.235605779867034,1.80657531946753
1,0.5,0.2,0.5,0.4,-2.30258509299405,0.519798293938276,0.505401504254808,0.293801867814634,0.27278678733227,0.569050630975091,-1.56327137923555,0.113251545503399,0.116524723696336,0.120619980887537,0.146558366651496,0.140683715340732,0.107274408898522,1.02665789141971,0.137747558051177,0.1050600397802,0.535531576251641,0.245179797535929,1.2216011027619
1,0.5,0.2,0.5,0.4,-2.30258509299405,2.37146198207626,0.447850269929668,0.378828770480733,1.1615055337645,-0.232021867079599,-4.0076667413283,0.0956917597430977,0.0928756596385096,0.0921315766314801,0.200567247689325,0.191544945757037,0.0956300756732627,1.89008034007346,0.116975273568374,0.0999434431405828,0.374171646811047,0.31106155394271,1.91504410231832
1,0.5,0.2,0.5,0.4,-2.30258509299405,1.34543106799446,0.537649789945125,0.0609382745901389,0.890955290375618,0.486269360979411,-2.87639013019461,0.0998789020157074,0.0970671454041313,0.10264011077986,0.180568128587703,0.179416677200218,0.0986088037271769,1.766485278841,0.129287860267802,0.112401162255002,0.470136574970191,0.307978501915036,1.86308284363276
1,0.5,0.2,0.5,0.4,-2.30258509299405,-0.150521645109469,0.666278320549969,0.103155660002515,0.184741553303992,0.325807553292619,-1.1976391734588,0.0983729663825383,0.0968827970987094,0.0874860097814501,0.136624475647091,0.136227018253257,0.10294765553063,0.569136662385996,0.114511035195882,0.103818946687386,0.387283920650814,0.176792288147874,0.736950743711881
1,0.5,0.2,0.5,0.4,-2.30258509299405,-0.393464300992995,0.429996943426436,0.236585296876357,0.0779814975341927,0.321774749075796,-0.835821704794885,0.0972089163622985,0.096113845146522,0.0917050829359967,0.131516489390405,0.124440783934182,0.103860800551122,0.535471179222179,0.111552649246598,0.0903504632895199,0.522404257447875,0.199887127839729,0.796872105899172
1,0.5,0.2,0.5,0.4,-2.30258509299405,1.64447837050022,0.441979634058629,0.479789943038657,1.6842860218854,0.975625440440233,-3.11947752427967,0.0937727332807465,0.094756200261849,0.092178371126196,0.277416226175731,0.257265341236547,0.0874967481302113,1.73058140288881,0.111426599788525,0.0973648075128392,0.981741372544394,0.697193604607861,1.79915235201856
1,0.5,0.2,0.5,0.4,-2.30258509299405,0.761007504192226,0.366944908386968,0.260196277061733,1.41396909003842,1.30357253459183,-2.32895563722184,0.0969169704945407,0.0998837635347381,0.0856423505608843,0.260415018145493,0.211051795346727,0.084572657002465,1.06726709984199,0.122760314457014,0.0880321797664545,0.645734225345968,0.362486482302366,1.15182116679904
1,0.5,0.2,0.5,0.4,-2.30258509299405,-0.0731996238701792,0.568126156380293,0.280176550121257,0.274014647128503,0.142106722831051,-1.19538248649082,0.0984059725393567,0.0990533205440397,0.101832731232656,0.141419477305211,0.138824859472629,0.102451450210907,0.533090117109962,0.11181249319383,0.102762986900602,0.359243524079105,0.171756935410565,0.677018341006229
1,0.5,0.2,0.5,0.4,-2.30258509299405,0.89480531221286,0.592245302486351,0.258570849203986,0.597888863887277,0.171763601629248,-2.4810094721964,0.0984881536595844,0.0946114463907985,0.0922909498980154,0.153566832841415,0.14927553876765,0.100388280712973,1.47602996159412,0.115933272419375,0.102787090192514,0.399401884415085,0.227463306554117,1.58941499778687
1,0.5,0.2,0.5,0.4,-2.30258509299405,1.60767140479734,0.569835427735817,0.175357501664079,0.961370919141227,0.365552811212575,-3.23969270249272,0.097646227591691,0.0940750881538413,0.102059904075714,0.18655167082226,0.180558568715392,0.0972813610988759,1.79378381410367,0.118453721029252,0.0955816632352808,0.387727151307278,0.27023089178284,1.8559793641181
1,0.5,0.2,0.5,0.4,-2.30258509299405,2.32077446936093,0.494929128288436,0.35840669964499,0.660837458032956,0.360470875191775,-3.66494862392183,0.11444918921182,0.111675689939901,0.115288941279274,0.16723735944164,0.163791690181314,0.113034353601985,2.09403676062728,0.153395941115548,0.112830849139839,0.314385030915711,0.232697547955331,2.145535345679
1,0.5,0.2,0.5,0.4,-2.30258509299405,1.86446109346871,0.10850944722784,0.380450167791765,1.7547503287912,1.50743415443139,-3.40143716015758,0.104572804774725,0.107999345073898,0.0890883067006356,0.327572221225532,0.282788097870422,0.088647356306707,1.77345031321514,0.11687217387191,0.0983503713752378,1.0019564104916,0.71641610834832,1.82745696333644
1,0.5,0.2,0.5,0.4,-2.30258509299405,2.07189320359846,0.511590587176083,0.225656729967403,0.926150486753676,0.703563092552043,-3.33909754654718,0.107937637167413,0.104949251900171,0.10339729292432,0.196790409021638,0.1798314997431,0.102745631730762,1.94059107215358,0.128610782551921,0.113457320936088,0.414359144658805,0.28815290801658,1.99570750739529
1,0.5,0.2,0.5,0.4,-2.30258509299405,0.75684194649723,0.586499793293628,0.147332883552594,0.202224562980279,0.0281758798903854,-1.95825589622851,0.118243617506359,0.125843760361276,0.124489269781552,0.137164497969643,0.135820195380337,0.119708188143218,1.34728933987246,0.148859430424626,0.119965181147279,0.425250869882458,0.177363407098964,1.5214003470404
1,0.5,0.2,0.5,0.4,-2.30258509299405,0.270477681266766,0.507381729593708,0.289386087123258,0.370900362481283,0.17531432993201,-1.53249520852844,0.10019581092563,0.106026111786378,0.100260739954949,0.142219671649948,0.146368518672487,0.101938889040444,0.765019139499307,0.129751364215711,0.096563425097543,0.377817570313568,0.200008377333016,0.896713033057082
1,0.5,0.2,0.5,0.4,-2.30258509299405,1.94632914860786,0.610153066629822,0.231508217214017,0.923497946212656,0.669006662074177,-3.39219903362153,0.106215446994429,0.109127270585336,0.0980614276750285,0.19217527424896,0.182118038631326,0.102430707317104,2.06124065681748,0.145048433216067,0.108263415232437,0.564518942981604,0.43769470184093,2.13720634746518
1,0.5,0.2,0.5,0.4,-2.30258509299405,0.950095014483864,0.537750306594667,0.0206901041622427,0.286933965012321,0.452656646098321,-1.96390786605161,0.118308569078431,0.117561212782643,0.104542732106151,0.143332651062615,0.139022012348695,0.113104238411516,1.28189524418814,0.138287018592842,0.117308291266244,0.410840898358964,0.207099851392637,1.42941719783619
1,0.5,0.2,0.5,0.4,-2.30258509299405,-0.0732051520532122,0.267393939609252,0.175454975107967,0.464375558241697,0.499119290788905,-1.20021457499855,0.0955279070996563,0.0952234653404683,0.0920666299300358,0.154593833664934,0.148324919918341,0.092771759594145,0.56502003507654,0.110946015383399,0.0896848753586635,0.481349014581034,0.258875426499561,0.721508760675927
1,0.5,0.2,0.5,0.4,-2.30258509299405,0.537280671169617,0.518933711745698,0.165787172172725,0.650573934410982,0.431494105957309,-1.77846079140016,0.0994779037054634,0.100356249688977,0.0933524999707289,0.163663988675636,0.159155636441744,0.0974745609167083,0.854902442098973,0.117982230786929,0.0940916311514035,0.40213054873957,0.249221382792813,0.964631743047614
1,0.5,0.2,0.5,0.4,-2.30258509299405,-0.296418141675685,0.513653884442801,-0.00637535794334933,0.0350935318658538,0.398988631728517,-0.694643601465103,0.0997894401463736,0.101344874887956,0.10296883108068,0.134811667665564,0.130058668667578,0.102912797218956,0.390252989796318,0.10750455335779,0.0970172565778348,0.405467272105213,0.186242567911651,0.587981375760265
1,0.5,0.2,0.5,0.4,-2.30258509299405,1.65999563013968,0.397597871165072,0.136406541535209,0.507861017825158,0.321059532909478,-2.97901077280374,0.116814240427459,0.120537571673989,0.121122858288367,0.156179500146371,0.151777529100034,0.11534788292775,1.9874773416972,0.139924490972531,0.120055449166742,0.346744235165523,0.235464791006645,2.06756832610887
1,0.5,0.2,0.5,0.4,-2.30258509299405,1.74368141853034,0.291460221107137,0.19114665635223,0.507481051253166,0.625313573349613,-2.97305187638049,0.123691541406703,0.120051582828282,0.112384251157447,0.161030725211272,0.151392403006106,0.114667827475468,1.9149162599294,0.136027903723251,0.111505908662607,0.336080057791788,0.240550164234474,1.98126829488656
1,0.5,0.2,0.5,0.4,-2.30258509299405,1.73279452214081,0.555685631229537,0.245714818029756,0.58764107254421,0.522850869225268,-3.1122643843695,0.110424833007119,0.111342364099611,0.101116110799288,0.158228310762827,0.147063948040341,0.10792169047089,1.96286369132048,0.142055048463864,0.110011118886489,0.335801066220081,0.21160715807212,2.04047846668785
1,0.5,0.2,0.5,0.4,-2.30258509299405,0.132229989770463,0.51170715953727,0.199930757943168,0.90960084043446,0.701171062922786,-1.67141930025427,0.0921904868487376,0.0998628721009424,0.0883188365110552,0.19165231788043,0.178420101037089,0.0875969798618818,0.835595530143416,0.128346707219918,0.0897553364426159,0.679691704549498,0.420824193253956,0.968576878652917
1,0.5,0.2,0.5,0.4,-2.30258509299405,0.0377249315039329,0.707567568063038,0.127519692886661,0.401674499556927,0.412238660020771,-1.43889303694104,0.0950466904253067,0.0976684944394169,0.0913898817549009,0.145509979281508,0.144840727029043,0.0975601519688202,0.602930986182446,0.116197475759924,0.0958320377559318,0.329400980755708,0.204028270913839,0.716783810347384
1,0.5,0.2,0.5,0.4,-2.30258509299405,0.0826080798217177,0.774889845212947,0.355850600651187,0.00576423390600194,0.223375873771387,-1.09145531829149,0.10613689512589,0.103496568042078,0.112419200670851,0.128767158650823,0.129420936407152,0.112367175143292,0.547050333726029,0.126432072817199,0.110397937983809,0.3623269233693,0.167326233530579,0.718222160701742
1,0.5,0.2,0.5,0.4,-2.30258509299405,-0.486291370260867,0.430867459329742,0.207612460216895,-0.238144470327989,0.356046748524348,-0.485024775144783,0.100181036936279,0.0969784436724645,0.090671019263717,0.114684317023937,0.115402504945207,0.106997621194744,0.290241009300456,0.104109989492413,0.0952216049880419,0.313505244428162,0.138344975043473,0.461724746224397
1,0.5,0.2,0.5,0.4,-2.30258509299405,0.526767149999348,0.381988308955056,0.193978943453187,1.01744417250197,0.815195237235334,-2.00088850207513,0.0928311015193839,0.095500027623034,0.0847755360248556,0.206726523490076,0.183616956004567,0.0874542039567264,0.908700032638339,0.113690185152222,0.0853515975180165,0.564443720643995,0.32775695945025,1.01426132528356
1,0.5,0.2,0.5,0.4,-2.30258509299405,0.916234602151299,0.465893735154445,0.348345586140863,0.409720697154077,0.490228456595261,-1.92877643687409,0.116277378878862,0.118955108653325,0.11012376702817,0.152204005763983,0.145292212073015,0.109888809670288,1.13912691997802,0.147843501405015,0.110378925060656,0.415740252013085,0.215311624122903,1.28006122010329
1,0.5,0.2,0.5,0.4,-2.30258509299405,1.33542043879213,0.407538040013939,0.168698661134216,0.697494563536157,0.736580078367315,-2.77896965650262,0.108335064681493,0.111479668152174,0.107833263253447,0.173356728627943,0.163892479224726,0.101918134332841,1.72004278817725,0.135862644920978,0.106464069113099,0.433551021043798,0.261795727058406,1.8109251526789
1,0.5,0.2,0.5,0.4,-2.30258509299405,1.44457036449234,0.635334558005047,0.178036827697798,0.650513943580678,0.527395331922808,-2.9475298840505,0.109124399053312,0.113661600686632,0.109661038857649,0.16764296735691,0.160024197650182,0.106828010349892,1.95851708232525,0.149898263611281,0.113854898990249,0.452832861494227,0.284928766506678,2.06642733658415
1,0.5,0.2,0.5,0.4,-2.30258509299405,-0.0638543312939548,0.289974163207898,0.342412852621362,-0.0189285267403174,0.541851310506086,-0.9500628589001,0.114117072753196,0.117261377571508,0.0998223812348652,0.128189717277725,0.123592570163331,0.106839916294442,0.705292279400045,0.129121751011602,0.114491749418081,0.613079024685828,0.22307004399488,1.02693148080226
1,0.5,0.2,0.5,0.4,-2.30258509299405,1.72072046420869,0.480029874058209,0.171956799355432,0.845940255051797,0.732990838374925,-3.00207993064042,0.111737042379422,0.11008089065748,0.100156195769035,0.188074636859622,0.174074935862497,0.104058031585159,1.94118005800737,0.130351029652886,0.105308563572993,0.515587885229706,0.337588450441104,2.0300818020965
1,0.5,0.2,0.5,0.4,-2.30258509299405,-0.952439061651187,0.800143637652034,0.223804326030897,-1.31910313710608,0.0892864689066926,0.860236748881779,0.079058415154693,0.080676006479899,0.0694529135298145,0.0838273841633135,0.0839309045160772,0.110279040866456,0.133380110608712,0.0843134522722664,0.0743343613407437,0.667419827440681,0.103780097226656,0.782156313041134
1,0.5,0.2,0.5,0.4,-2.30258509299405,2.03289831845891,0.624622531901021,0.154917693432635,0.747100740446638,0.31452593913495,-3.57193962310868,0.106905235732313,0.111733113168175,0.0988022237104239,0.1655165426225,0.163486183100654,0.105158520086153,1.97713972294381,0.14036986240941,0.117617477914619,0.309253579161202,0.244199035391835,2.02109357384951
1,0.5,0.2,0.5,0.4,-2.30258509299405,0.101956284457914,0.488252438310109,0.26148442410583,0.123017833343575,0.365890549554381,-1.31342495856356,0.110873201658675,0.114655272219915,0.107012243534099,0.133205753898681,0.131969500944068,0.110310326002386,0.752316603371177,0.142100369502458,0.110058857593967,0.42596637873119,0.190817189615202,0.934390371331346
1,0.5,0.2,0.5,0.4,-2.30258509299405,1.64679603220608,0.249395501526961,0.239571682525558,0.710950206394112,0.62731166823968,-2.64498734040133,0.125148702203438,0.129553363064608,0.108427458007849,0.180147889780998,0.171690142906294,0.110168776022628,1.66865282031983,0.148131264364484,0.107103884277995,0.425592139467583,0.271783407010009,1.75241904875986
1,0.5,0.2,0.5,0.4,-2.30258509299405,0.113858295701951,0.283339924549717,0.0457421415561655,0.255306400189301,0.641422650192921,-1.25121404460151,0.111079822327437,0.112822419048288,0.0982423673600803,0.147954661737704,0.145426270694833,0.102203721484539,0.610549899059233,0.121599486625636,0.095634113388424,0.411710155671852,0.229739008619573,0.758089476886943
1,0.5,0.2,0.5,0.4,-2.30258509299405,-0.0537299460428171,0.628518952932781,-0.00711831185508672,0.242198771472916,0.357987918646827,-0.936589193521617,0.0944528191920569,0.0941597403852906,0.0949466620163337,0.145860171678512,0.141024866974263,0.0995340755210849,0.483466629511208,0.111660160880083,0.0999618777459386,0.438036953926425,0.197432417302437,0.674144497213359
1,0.5,0.2,0.5,0.4,-2.30258509299405,1.64982591491059,0.482509909290477,0.211765300055318,0.654456808879728,0.559292137153011,-2.97385768769102,0.107187965165414,0.112277077919679,0.112112412454783,0.163753539904095,0.160972795051307,0.103841201751647,1.93723420681539,0.160240797303414,0.109702366411245,0.442365396836853,0.315168399288291,2.02868077342921
1,0.5,0.2,0.5,0.4,-2.30258509299405,1.26778895048489,0.444109014310586,0.275710595644029,0.516044027102134,0.39485880100006,-2.85457745223876,0.103917065766246,0.104705196057485,0.100112635619582,0.144766624684224,0.140754498572329,0.10210964470589,1.72666558478015,0.133116446967067,0.106416344808299,0.332634051526458,0.211500419849812,1.81748214011463
1,0.5,0.2,0.5,0.4,-2.30258509299405,1.78947270455631,0.367743884942979,0.211717423623872,0.813962904231911,0.676364469882346,-3.12464226585397,0.110890295539181,0.105784076985411,0.102490815049232,0.181810965887586,0.179068972793726,0.103584398713067,1.79103684068694,0.121142878257391,0.107521524812418,0.370607318493726,0.278558927538373,1.84231717169154
1,0.5,0.2,0.5,0.4,-2.30258509299405,1.12107302255177,0.447197944676502,0.476904258288221,0.731192264684275,0.162200770653682,-2.50869955222646,0.100852083095115,0.106548078754874,0.100255108237699,0.165205362037128,0.167908675516556,0.101152206885605,1.72342270970139,0.167102551311464,0.0993019430263274,0.547291971995411,0.308429931908222,1.87241444039533
1,0.5,0.2,0.5,0.4,-2.30258509299405,1.57752783800251,0.861069837397175,0.309296978429487,0.628311802294141,0.189779429730617,-2.67417793978525,0.105577095807955,0.105448721309428,0.103074343257087,0.155394696578868,0.154435556824517,0.105365728144747,1.71537873203172,0.136603521412015,0.106938697701548,0.38486151346615,0.232923246549984,1.81047219530671
1,0.5,0.2,0.5,0.4,-2.30258509299405,0.855271071393338,0.4052573004276,0.217396501991081,0.949367793458725,0.718597956021457,-2.4028087433386,0.0982550865792501,0.101038540344686,0.0971819987096103,0.190977600351308,0.181633198595648,0.0924767716826492,1.32318602235526,0.132471780377078,0.101520417949649,0.548757821259167,0.354282539779877,1.43209039991818
1,0.5,0.2,0.5,0.4,-2.30258509299405,0.580532480803873,0.49549800236292,0.280454866993872,0.428009453369609,0.505203431319512,-1.67161772238671,0.11090955032978,0.110322808749559,0.106506610516751,0.157302154420918,0.152809768443064,0.105163214495201,1.00119167336254,0.142715010276442,0.104582271134741,0.538617788719397,0.309882557498096,1.16964041126517
1,0.5,0.2,0.5,0.4,-2.30258509299405,1.66368736009609,0.563203869788571,0.174298204691429,1.16497931683935,0.936211854181814,-3.51001898769991,0.098911859545507,0.10032691462961,0.0951562068039868,0.224194758446581,0.195954534743762,0.0943244734866758,1.77676335050599,0.124028076250779,0.0992824875604797,0.450422303849189,0.343582720281613,1.81279818155751
1,0.5,0.2,0.5,0.4,-2.30258509299405,0.714973029422736,0.427525639073305,0.11155092175585,0.433857669842929,0.645577198297989,-1.91214726205751,0.113225866108857,0.110697814451274,0.107701378263971,0.156815582985065,0.151106193373929,0.105651678074733,1.10893783724046,0.131169460041863,0.0988942068864901,0.423574117364412,0.226411785425048,1.24336832862619
1,0.5,0.2,0.5,0.4,-2.30258509299405,0.196169676936785,0.221603295023438,0.216049370020609,-0.074405536050401,0.57195221710212,-1.14531990525282,0.130958011609921,0.12551195656822,0.123619088038938,0.129126401346882,0.126945537430018,0.11850463699752,0.705801648503475,0.130429710442336,0.121514370100878,0.449032398763113,0.210602074469837,0.918096972582411
1,0.5,0.2,0.5,0.4,-2.30258509299405,0.588250887537641,0.550587022951541,0.198304133067197,0.927155567974929,0.623847994372822,-2.12539158785107,0.0931786283895861,0.0919693706423419,0.0954067039355336,0.192168607585379,0.175737597264227,0.0926157614471523,0.999582509885904,0.109348945826987,0.0941150792762461,0.455229582619117,0.259790327906685,1.0929446164427
1,0.5,0.2,0.5,0.4,-2.30258509299405,0.278979246391398,0.531326488001195,0.246276263707647,0.130400498553201,0.446224910186973,-1.3638677479019,0.1126776069149,0.115091549164788,0.11116610849197,0.132765863400185,0.126663536864905,0.110455611742792,0.801382597535537,0.142757712613598,0.110335008856953,0.417217789146074,0.179725430982403,0.986009550761605
1,0.5,0.2,0.5,0.4,-2.30258509299405,0.148358556639714,0.548297162156114,0.145488907665586,0.0742492604054888,0.12456526193128,-1.37118949593425,0.10785911935508,0.105453704271934,0.11190384662394,0.128143564939256,0.125996891238249,0.112644728910137,0.731955417738201,0.131045632865339,0.111059132369736,0.366037614798045,0.163703383914813,0.896057741899492
1,0.5,0.2,0.5,0.4,-2.30258509299405,-0.286278974060156,0.476833298410172,0.146054356795585,0.142948264303911,0.42793060471797,-0.865386300761633,0.0934116767528766,0.0923705437681926,0.0851343454713907,0.133951462865695,0.131550388736394,0.0979078415945778,0.414274289044648,0.110078240460401,0.0936914065845212,0.383994035462539,0.189753317401005,0.588157758322142
1,0.5,0.2,0.5,0.4,-2.30258509299405,1.55627711169786,0.444173539298501,0.400975566831125,0.4981654332024,0.245183596720076,-2.8669384452029,0.107428255744878,0.110888925074778,0.113239425001242,0.148851551736295,0.147229201773721,0.107198221566004,1.74174724905568,0.13666343939013,0.106872430739547,0.313566880769534,0.215031687104541,1.82211844404009
1,0.5,0.2,0.5,0.4,-2.30258509299405,0.211590077331466,0.446198998588507,0.38804305506305,0.506380591262118,0.545945510292247,-1.45751948296217,0.0952946834439821,0.0999892555118098,0.0902037493171908,0.156904123396912,0.153217712178408,0.0957540692293364,0.684334864207476,0.114544267958284,0.0919464318677772,0.41244529654779,0.200893322970993,0.818537224411321
1,0.5,0.2,0.5,0.4,-2.30258509299405,0.516007907430797,0.568215918654866,0.13408586442932,1.42550897599427,0.920485393471593,-2.06387118092026,0.0904956524356167,0.0921795320902376,0.0888896755391818,0.242969475158623,0.223794566819728,0.0822963681066898,0.982131434471288,0.102773417866111,0.0865626188496259,0.863345849565878,0.545931004866118,1.08341645401603
1,0.5,0.2,0.5,0.4,-2.30258509299405,2.47447924211732,0.456622900324354,0.227921617189853,0.376648208343954,0.218562714869526,-3.4567788996061,0.137280850966127,0.148315796562565,0.132769439924134,0.149273022909723,0.148216788308235,0.133111711098216,2.44924287947329,0.168858435551862,0.12514044672106,0.279146357498242,0.209141650509129,2.50432745391648
1,0.5,0.2,0.5,0.4,-2.30258509299405,1.11170065285794,0.336469408838611,0.305089605734045,0.701479934194085,0.913660170732603,-2.34807335902081,0.117319537887158,0.120938783843095,0.107404523780585,0.187021173606682,0.179783391722475,0.101347415503123,1.46618850092022,0.131392702351658,0.104716413511545,0.519114392399297,0.313274697757198,1.58518340888673
1,0.5,0.2,0.5,0.4,-2.30258509299405,0.535278444887108,0.341966670081442,0.212386053807794,0.494958909904094,0.737177889680634,-1.82905327476164,0.115254895423184,0.120788333538713,0.0983051026949927,0.166791391078894,0.157755518791966,0.102899630140439,0.984064036249301,0.140369744304836,0.107721170887219,0.455429161234551,0.247193525049457,1.1264375672129
1,0.5,0.2,0.5,0.4,-2.30258509299405,1.02039421707036,0.598695076782474,0.244870260241505,0.511607834956898,0.411768546800458,-2.14431446046535,0.110656251494847,0.105514454152602,0.110265668851777,0.153945026145727,0.149911292760036,0.107702297371366,1.4724896655088,0.128456588064223,0.105255452401286,0.463020605534021,0.210339696811301,1.61873995776589
1,0.5,0.2,0.5,0.4,-2.30258509299405,0.379940954286129,0.511688347996259,0.37302989849045,0.102204699874583,0.154159390845763,-1.42054092201473,0.114970660918514,0.117707035140633,0.119528013416471,0.131618220059646,0.13406646095687,0.116699347379997,0.846611958544095,0.150817306464349,0.123876711560639,0.400119977578901,0.181533015566076,1.01967617615442
1,0.5,0.2,0.5,0.4,-2.30258509299405,1.29401745145106,0.529368830173422,0.314334194730592,0.773893866085452,0.310102657766244,-2.68112646913773,0.100007958832679,0.099620619041264,0.0984226799170732,0.164922006710343,0.164554577489222,0.0996974260648802,1.5993252678148,0.149169383812133,0.101333862708782,0.423437061627276,0.298569559889648,1.69159016544818
1,0.5,0.2,0.5,0.4,-2.30258509299405,0.331627690379297,0.679002251257461,0.0521680480469963,0.0151654522191101,0.245434865374026,-1.2736016930411,0.114052160873612,0.107224492991986,0.112245820202874,0.125279447752835,0.124599738623281,0.114925831178838,0.840345343831372,0.129362380398802,0.109372916797997,0.449133043013591,0.167186697499713,1.05877803936172
1,0.5,0.2,0.5,0.4,-2.30258509299405,-0.0995422353892715,0.598393786245284,0.232105648546689,0.147983057539866,0.298803125524687,-1.04363171248401,0.0923373384287519,0.0955368247402767,0.088202254389916,0.130931240347738,0.128136220965368,0.0986722776398299,0.451409551423629,0.111925090373124,0.0982190709060616,0.342100184371928,0.174838512188204,0.594981284548878
1,0.5,0.2,0.5,0.4,-2.30258509299405,-0.483296973432774,0.650629342274439,0.0562773764458532,0.0723994808948161,0.0492116265639885,-0.727089891201848,0.0862968386183967,0.0843303895758874,0.08210754158801,0.126936822220297,0.126326150516108,0.0995187236295147,0.351336161945546,0.0989963792396274,0.0922976306037642,0.345413076305978,0.145849034014664,0.52123581925255
1,0.5,0.2,0.5,0.4,-2.30258509299405,-0.126629918852603,0.351077941691869,0.392742369642034,-0.0433767637086766,0.606457969811983,-0.89268141686228,0.119250341142347,0.108872156181907,0.0992851921819286,0.134783635623419,0.132964208877625,0.111141420576028,0.476657439827539,0.119535102424817,0.0949788455270015,0.357273191211461,0.161705844837717,0.645107003027644
1,0.5,0.2,0.5,0.4,-2.30258509299405,-0.23693274296521,0.327861330507684,0.255935630689864,0.383438368924812,0.536665644486488,-1.03556010191397,0.0963444191240658,0.101887741694819,0.0863144190769165,0.152623127736497,0.136767732463776,0.0940431380871306,0.519201649323128,0.127596199923925,0.0972303024957735,0.57605319314401,0.303268960050095,0.726132484688398
1,0.5,0.2,0.5,0.4,-2.30258509299405,1.02220246237301,0.40123951415221,0.307274081009787,0.896601441552306,0.79493119687869,-2.53311814699311,0.106249532806839,0.104077742011303,0.0951386759203931,0.192848088917351,0.183396598312094,0.0973664439322451,1.43675596575409,0.124174232820785,0.108037719752749,0.530966202963665,0.323399907464459,1.54060446352847
1,0.5,0.2,0.5,0.4,-2.30258509299405,0.240903404382392,0.425810992303323,0.0984026406002273,0.259313606775239,0.351396811370605,-1.27328348880802,0.112814625508048,0.110655658773266,0.106071921525668,0.145491113750671,0.139651023150808,0.109133263292357,0.757715743854407,0.124768729189138,0.10614683511064,0.437475436940402,0.192859608909152,0.93537358554769
1,0.5,0.2,0.5,0.4,-2.30258509299405,1.66015580704745,0.521000374796244,0.291796966503131,0.793477348841912,0.178845058468922,-3.05367876839071,0.107683495585249,0.112793597014297,0.103992856263671,0.176104602251136,0.181678559684958,0.107225635226949,1.92503422804203,0.171168262895451,0.108572228765655,0.411813216185802,0.32130560092416,2.01078206777641
1,0.5,0.2,0.5,0.4,-2.30258509299405,-0.430953730718732,0.537776996569542,0.302521368893914,-0.0971064315271531,0.252764176861219,-0.616981229277577,0.0915081672029156,0.092480256201235,0.0922656277215038,0.120594350833502,0.119772443126335,0.104916094611309,0.367371982146037,0.108123856913257,0.0971400966873641,0.386614053413939,0.15894288583288,0.585500784173929
1,0.5,0.2,0.5,0.4,-2.30258509299405,2.86821838908448,0.530905073735211,0.0717702570542419,0.652469026336646,0.565773216021882,-4.2422043371301,0.121738157371625,0.126792591708402,0.115375277142623,0.170108821415679,0.162541773981977,0.114248651967902,2.18536478544346,0.157468520188891,0.116060024352529,0.311338363260738,0.267300592540833,2.20978270432652
1,0.5,0.2,0.5,0.4,-2.30258509299405,1.98008705106187,0.766951535482941,0.192140907267234,0.506578342716828,0.0969997141709727,-3.26896556539873,0.114468517073013,0.113755562607442,0.124070890899882,0.152202732573442,0.153268246120523,0.114476208175267,2.02224530533132,0.170677098180309,0.113722039002473,0.305433012202424,0.227443021674502,2.08839833450464
1,0.5,0.2,0.5,0.4,-2.30258509299405,1.37183342597092,0.451754898739407,0.341604133590281,0.485109254326118,0.200787014821016,-2.57722875582909,0.112051390138294,0.113407497024694,0.107981149186436,0.150885095805411,0.154835682315822,0.111516960569372,1.72648211060817,0.147433550993313,0.10700273104061,0.392683884578214,0.227542197909047,1.8433504486284
1,0.5,0.2,0.5,0.4,-2.30258509299405,-0.0632238114336763,0.336782246719319,0.259281220356327,0.0679607593948229,0.597684865442876,-1.15244629680965,0.113260890536009,0.116182243772107,0.0910270016228521,0.132829403339237,0.127842694492095,0.105024131563719,0.614878408060796,0.129257753938154,0.0980003189148529,0.415146373368766,0.200758397267751,0.794767709774654
1,0.5,0.2,0.5,0.4,-2.30258509299405,0.821371707496912,0.380331037052948,0.0986107980537377,0.252164000726943,0.478238748239893,-1.89655398772217,0.11670396266841,0.116949852245122,0.112360862346125,0.141230880336184,0.135459362185681,0.111304269297825,1.13045369751092,0.137243483714557,0.119629480328244,0.401760093688621,0.198140587189885,1.27894256111921
1,0.5,0.2,0.5,0.4,-2.30258509299405,1.79707142412436,0.458811253557379,0.167384211842477,1.14878263092452,0.207872330768736,-3.22080160062852,0.100931711176593,0.0998644195371513,0.101368567054253,0.201412362827213,0.203369382137855,0.0995071582729728,1.88443714645554,0.132000798145667,0.0947520127764406,0.472353195858275,0.341676423877027,1.95315730876003
1,0.5,0.2,0.5,0.4,-2.30258509299405,-0.12397773376153,0.522424457903739,0.256828094791362,0.0369282894664809,0.221917810296932,-0.848074566599106,0.101161813427515,0.0995395783842559,0.101318873823034,0.128898809207249,0.125156378895414,0.105748014544742,0.429475784471886,0.108544039944314,0.104488296778306,0.366024170587004,0.163648017143608,0.606781876166472
1,0.5,0.2,0.5,0.4,-2.30258509299405,-0.214362842902113,0.303024571108235,0.317292742967633,-0.0179234219000636,0.453573471537823,-0.911736750177133,0.104779927872041,0.108852365046964,0.0996939322041863,0.130266447276902,0.124376382414641,0.10788623728848,0.541128400718848,0.118862815914801,0.0990636500749262,0.491383317404315,0.191333655550148,0.794356449160233
1,0.5,0.2,0.5,0.4,-2.30258509299405,0.639426701893545,0.403150226564101,0.169531721029035,0.764526110897268,0.623512140546782,-2.0581560780579,0.100035140867244,0.0988098135325291,0.0950962808551411,0.175174113759966,0.161057141263231,0.0954749509304042,1.07266457295323,0.12181154421751,0.0896402545832554,0.499768940098449,0.270008681407123,1.1978134091517
1,0.5,0.2,0.5,0.4,-2.30258509299405,1.9852123127971,0.55200423457718,0.166107476980448,0.846338601994611,0.375111784063646,-3.44446282264591,0.106073855494777,0.106015683720642,0.104168146599816,0.174367083129072,0.174826797133925,0.104071245458539,1.96302531264691,0.149709177747316,0.103327729849526,0.358237867815992,0.333194586089955,2.00700046827056
1,0.5,0.2,0.5,0.4,-2.30258509299405,-0.466002763048813,0.448493244022123,0.197565482582632,-0.256685327322443,0.342990490611148,-0.470762394703553,0.104059102160495,0.0985721339965973,0.0959284708003739,0.111908212298044,0.112326463888796,0.108305290381952,0.362283545701958,0.109964668800306,0.101953721690616,0.394496643496858,0.152992118690097,0.594609453912481
1,0.5,0.2,0.5,0.4,-2.30258509299405,0.00193429530418596,0.393243591532912,0.163830580773354,-0.00504875880753424,0.319062496401838,-1.07760374138701,0.108863152497977,0.103899112459518,0.112972643610335,0.12249626572529,0.117153628967813,0.108836269810058,0.681663612965446,0.112355171642349,0.104430679911573,0.47645423244964,0.171349140641042,0.930624202855927
1,0.5,0.2,0.5,0.4,-2.30258509299405,-0.0982876638031228,0.424517596738691,0.308933840530852,0.0967980552206169,0.410613861945054,-0.925450196866787,0.104648350849261,0.0992544950583673,0.0962406689226118,0.13372222754554,0.128511421263237,0.105988702192111,0.488772929601437,0.11415287694466,0.103240008654108,0.392487628248415,0.172100519091613,0.673477052924123
1,0.5,0.2,0.5,0.4,-2.30258509299405,1.94376917739221,0.565190990388435,0.312985710908456,1.22542169377813,0.378805492228199,-3.61403534262139,0.0952664362915653,0.0998575632182898,0.0915856520006759,0.203044549463374,0.204317003061196,0.0946903782231818,1.9667760001281,0.178686225972081,0.0968605553334179,0.581003269296864,0.540147781158103,2.02669897971287
1,0.5,0.2,0.5,0.4,-2.30258509299405,1.44985033696891,0.619881965770082,0.108314848819705,0.445031047512528,0.310413368939249,-2.78986733908367,0.11481602529837,0.115121673230864,0.117402360868145,0.148963750274785,0.145237942016726,0.113370922264502,1.90372402211658,0.147240618017457,0.116187739285644,0.368103261267147,0.217182247731199,2.00870147158602
1,0.5,0.2,0.5,0.4,-2.30258509299405,0.266073592513298,0.261247590801257,0.226797834169518,0.207503537806469,0.518687358096079,-1.30941339715168,0.115037582250436,0.11234001513343,0.104923252429894,0.135957355325511,0.133296244943547,0.104321708150202,0.757623553299126,0.128313775919943,0.106452087289189,0.467120862644043,0.243803988511979,0.935694702645947
1,0.5,0.2,0.5,0.4,-2.30258509299405,0.613491300528773,0.485706618665957,-0.0546008177443334,0.409273695349954,0.606500301133776,-1.7269063000741,0.107964894114623,0.100284084492985,0.104660426893819,0.15459676223643,0.144379685001007,0.103768731248036,0.922655954354249,0.121542424951128,0.107499316771434,0.442739542932013,0.231763035318561,1.06729606769494
1,0.5,0.2,0.5,0.4,-2.30258509299405,0.986093670564059,0.3707659497029,0.257963149224732,0.615270106054909,0.318738931779405,-2.12545143276827,0.112501675727613,0.116474998959859,0.108849817650644,0.162872276890589,0.160868408995582,0.106096919956745,1.31196329784696,0.142906617958187,0.109451409046599,0.47610665323242,0.276480965478287,1.43879684019047
1,0.5,0.2,0.5,0.4,-2.30258509299405,1.67660834716945,0.807772588900315,0.288804253471629,0.768540660567633,-0.0832810674191881,-3.0968965592855,0.105701922051596,0.100198213117216,0.106433599335176,0.165652859326722,0.157523018624849,0.105271379014719,1.8796158009297,0.132945867128521,0.112031728813691,0.361334705180304,0.235168992316788,1.95025356751921
1,0.5,0.2,0.5,0.4,-2.30258509299405,-0.285187780648684,0.652068789278953,0.173419193273465,0.467741705305466,0.341689382555971,-1.01236810322268,0.0852217374209872,0.0870381193236082,0.0858347695085905,0.150332373022351,0.152524365709094,0.092061131693795,0.482980038080557,0.121424440306155,0.0866400421370414,0.475105689647905,0.221552114039936,0.676712299749012
1,0.5,0.2,0.5,0.4,-2.30258509299405,0.745970011716725,0.530528568168198,0.0478101830457317,0.479281720801642,0.442884800147593,-1.83432115998345,0.111519038234117,0.121953846630786,0.111482510626625,0.156496808314377,0.153368424060019,0.105626188906031,1.12254296901296,0.146523161021813,0.106455293572109,0.431774396550946,0.211706674457572,1.25915570880022
1,0.5,0.2,0.5,0.4,-2.30258509299405,1.86772950232982,0.802118341971211,0.376939087899257,0.745373026888837,0.361063134961302,-3.36464516596768,0.103258550998455,0.103412234874862,0.102079952169585,0.162455405598676,0.161422747889255,0.102499379331991,1.91925961666115,0.149864944393792,0.101199999341097,0.3473310093459,0.300164717839119,1.97462744263231
1,0.5,0.2,0.5,0.4,-2.30258509299405,-0.410490647348092,0.574011019235275,0.149387280195531,0.112624432759629,0.174125812646444,-0.714012638760057,0.0908893954754072,0.096002159319044,0.0950363712152941,0.132360912971726,0.133036249736451,0.100043573918414,0.417515463950606,0.116236111717194,0.0894129384485412,0.439633929251439,0.185202164163585,0.636419926676472
1,0.5,0.2,0.5,0.4,-2.30258509299405,1.49476406619964,0.656996957239804,0.244372626990428,0.809936461757375,0.439730224983156,-2.936755025238,0.104486618933297,0.109066663267026,0.101730570818322,0.181311357403829,0.180386177731082,0.103430436320783,1.77838529049257,0.136900130089799,0.104051954194804,0.395173280632492,0.271148124516653,1.84841215571301
1,0.5,0.2,0.5,0.4,-2.30258509299405,1.55330650975851,0.773473080073272,0.185449140912753,0.535077766927228,0.370383047322889,-2.80150252634165,0.107281403386787,0.108513727666751,0.112097482006621,0.155635922886633,0.154891138470261,0.107386578655774,1.90052315587647,0.144866729071851,0.114423979649307,0.44623056131544,0.284395504872497,2.01709366741126
1,0.5,0.2,0.5,0.4,-2.30258509299405,0.439947441437454,0.682413143672735,0.27705894311188,0.502025353738848,0.133042257864262,-1.80089593446046,0.0942199460288349,0.0943413194280524,0.0903785385786663,0.147867448088859,0.147521622473425,0.0981810574825956,0.912245747375385,0.119747402483349,0.0968437904769773,0.417571293059345,0.197095658768075,1.05270301903369
1,0.5,0.2,0.5,0.4,-2.30258509299405,0.73383095495479,0.63677671300315,0.108340790815943,0.549209936969903,0.0839931722810573,-2.23324952021613,0.0990919898183859,0.102693396067304,0.103202965974994,0.150460952150854,0.149632362983551,0.100730024549239,1.26230283997046,0.136854072211852,0.103871390985965,0.400409440903431,0.209076232780694,1.38439743932026
1,0.5,0.2,0.5,0.4,-2.30258509299405,1.7385936526168,0.464370171789496,0.387356140582489,0.649879230993447,0.677255179326607,-3.0791341931142,0.112653997459858,0.106482978942315,0.106638675310883,0.170917337812249,0.161816216572183,0.107704308545545,1.87789160035153,0.12692330941997,0.109371010989222,0.353563180528295,0.26435493294111,1.9340400437015
1,0.5,0.2,0.5,0.4,-2.30258509299405,1.90302463387579,0.840524537397329,0.341717033032692,0.543734514694763,0.360989043716078,-3.46728574858666,0.107833338821893,0.112742717266086,0.104647414988067,0.153919584458595,0.157366090197392,0.107374925275337,1.89661251023467,0.174852823122295,0.113910820445698,0.291130738035039,0.28003186571817,1.94772087837916
1,0.5,0.2,0.5,0.4,-2.30258509299405,0.397524142352056,0.511221808786655,0.166492222146548,0.133401940982043,0.488539567846195,-1.56069097912765,0.110808448387225,0.110031814308792,0.100703588290433,0.132332640148838,0.125115103176385,0.108889031106267,0.900740564976684,0.131273303672439,0.108619087528535,0.402797703951956,0.183835365351543,1.06660073745761
1,0.5,0.2,0.5,0.4,-2.30258509299405,2.22212595870546,0.337018928317948,0.00430724284762084,0.709066609423587,0.412844406597597,-3.6118481867698,0.112892741257621,0.113935106509336,0.103944031470022,0.161368517614582,0.164574441200621,0.106319984507379,2.03023681997389,0.167754040251276,0.107155205586888,0.312836331334141,0.304279663095663,2.07120588796091
1,0.5,0.2,0.5,0.4,-2.30258509299405,2.24903568750262,0.416756580478697,-0.00399193246982108,0.428528306048388,0.368570399226624,-3.55950447799227,0.116973909532923,0.126711199610217,0.117315524897286,0.147138402644448,0.143536985142925,0.112709122137341,2.06107382266674,0.1785065530653,0.119539355885822,0.286410749437253,0.240973937628042,2.11528230165207
1,0.5,0.2,0.5,0.4,-2.30258509299405,-0.401782125430206,0.494838562428693,0.291811479949605,-0.105497776092579,0.41130030320384,-0.627238308150172,0.0960984495513946,0.0949436835051754,0.0884855607779029,0.120516455953552,0.12197216418043,0.102160955991667,0.343305240340257,0.1046263731484,0.0914571649305198,0.334849106299031,0.161183924681482,0.515073611064342
1,0.5,0.2,0.5,0.4,-2.30258509299405,1.61539109262474,0.775418455622562,0.156897634663753,0.302133442820873,0.178038378959054,-2.75529422580033,0.122018613333286,0.124804678426603,0.117536251896825,0.139291105838899,0.14280350745285,0.121556437868489,1.99220426995699,0.155598990873398,0.118627303835142,0.321838276052138,0.203235027159762,2.08542962190455
1,0.5,0.2,0.5,0.4,-2.30258509299405,0.346693820398907,0.704282192400717,0.261065619739582,0.600016338051171,0.122122494915409,-1.62400699283418,0.0959457652077252,0.0983262408175237,0.0976923841490549,0.156499706427141,0.157689414251668,0.0969274855195004,0.939909655670713,0.136357241755652,0.101304437447186,0.548461382133226,0.245435481265151,1.12780975331875
1,0.5,0.2,0.5,0.4,-2.30258509299405,1.82664485666634,0.520368622403612,0.257937973412318,0.5001575770406,0.186805563972889,-3.22079881868602,0.110456673810786,0.110053495996238,0.101119064283906,0.151537343495384,0.155727884161801,0.110648311408594,1.87255730185608,0.145984812020635,0.113507577977081,0.278317681672787,0.208179006418805,1.92749031977046
1,0.5,0.2,0.5,0.4,-2.30258509299405,0.430906069245239,0.610043549090241,0.0720366979350684,0.451962917036576,0.0418004970972153,-1.5812991943176,0.102833035583632,0.0980434327078792,0.10919598332986,0.152077931246304,0.146938731051109,0.104611173834703,0.846697185021552,0.11839500456383,0.11025584700862,0.445496832536758,0.205683308358665,1.00432339138457
1,0.5,0.2,0.5,0.4,-2.30258509299405,0.443058514771235,0.575565352000466,0.135388396217863,0.207260494422758,0.38939648643479,-1.56841331001725,0.109175603487987,0.108419405922157,0.109375365141925,0.138727406486944,0.135456833922243,0.109951407888353,0.882627736369959,0.133671558402162,0.114158024097082,0.418818208404456,0.20690028534837,1.04318803844201
1,0.5,0.2,0.5,0.4,-2.30258509299405,0.885067386828772,0.323623546950622,0.183503219451644,0.440640483817728,0.264574765553538,-2.01596175942634,0.108718712440885,0.10592331812209,0.109690557849271,0.149762971485829,0.140634550166147,0.108134615095043,1.22858186001256,0.125174812449425,0.106744426141098,0.42949742826159,0.204180059599972,1.36769266767972
1,0.5,0.2,0.5,0.4,-2.30258509299405,1.32787088841986,0.488738757900785,0.345510475373371,0.917164820100189,0.614652436542305,-2.71000113970252,0.100278194235202,0.104635273565936,0.0949576407527142,0.193976380602945,0.181829386369083,0.0971225691667368,1.54059285294612,0.121722206917073,0.101253751476145,0.482492713486621,0.305497471211232,1.62755685962165
1,0.5,0.2,0.5,0.4,-2.30258509299405,1.76534223828845,0.399438549599818,0.15531315121761,0.941460967375076,0.650328489006574,-3.32866880780559,0.101771148499142,0.102699865349088,0.102117792625769,0.186095382487118,0.177012085151324,0.0975269196756876,1.82478053881387,0.129041300462503,0.11051521296765,0.473683504208483,0.38117069741718,1.87923715212487
1,0.5,0.2,0.5,0.4,-2.30258509299405,0.593659266112354,0.337956077698838,0.322509974286693,0.522273955115829,0.722906550441405,-1.72073848064911,0.107350377511601,0.107287974149266,0.100858452457912,0.166292481457879,0.155804687298199,0.100092814154099,0.876117530316859,0.130390376530167,0.103307932260845,0.483325892808832,0.239430539951747,1.02563159312976
1,0.5,0.2,0.5,0.4,-2.30258509299405,0.0831562945187166,0.443156936858913,0.23866660679107,0.158167065500441,0.481415626257305,-1.11252420496224,0.106944776139567,0.108199931611704,0.100930849042578,0.137225480366006,0.134857715760568,0.103909136442868,0.623349213466187,0.126757512062444,0.11585082879748,0.458323733107406,0.226428464763513,0.816741786153488
1,0.5,0.2,0.5,0.4,-2.30258509299405,1.23209295387313,0.298942413940544,0.140267649113667,0.35843314784351,0.609459177556474,-2.31658443275319,0.13473870694406,0.138231512781719,0.109296747342812,0.146074240960493,0.135928052574775,0.114060106023366,1.62407192540276,0.154358845815927,0.111048202448638,0.436833987619203,0.21280298938309,1.7661693137858
1,0.5,0.2,0.5,0.4,-2.30258509299405,0.88699067609106,0.579108424120565,0.251812673999823,0.946495259037726,0.377445350445317,-2.37125914348165,0.096601275250382,0.0963441303900123,0.089554187587109,0.187295714058598,0.181574210167776,0.0962899124991263,1.3547293468359,0.130989020031138,0.0968524942621437,0.520492452425649,0.301305811367845,1.46673456024818
1,0.5,0.2,0.5,0.4,-2.30258509299405,-0.225257552929943,0.580884603924972,0.232816665073546,0.0751187536102627,0.399576910175425,-0.798196932141797,0.0930857162751892,0.0938654118970698,0.0956157326888812,0.134340715088695,0.133494294842196,0.102865035486128,0.437084753355227,0.108041978367321,0.0931314799616575,0.427747535753971,0.189097100536651,0.643551639022607
1,0.5,0.2,0.5,0.4,-2.30258509299405,1.92793437006896,0.32587521292551,0.0614524874385227,1.35077674559335,0.727607516811021,-3.34360507863609,0.0983187030198768,0.101635294370873,0.0976438619736836,0.228940915576263,0.209119592199057,0.0926212413462911,1.83019832510124,0.128733211257561,0.0977296983552026,0.603868420822517,0.413401945963156,1.89087329030614
1,0.5,0.2,0.5,0.4,-2.30258509299405,0.712399234188857,0.482717828685527,-0.0180173172350024,0.850886922374038,0.525718039131046,-2.10713311625069,0.0963518593168369,0.0912809014284294,0.105458468514112,0.184105627903139,0.176296544863483,0.0951570964009558,1.17181750084991,0.107637410568866,0.0997174530045213,0.583909826024794,0.317831429847633,1.30981095366507
1,0.5,0.2,0.5,0.4,-2.30258509299405,1.44587921129202,0.649421828560649,0.0610327914472838,0.544188751505178,0.0543877471788708,-2.63665017246787,0.109825434544812,0.115637889338873,0.110360141045532,0.15526591548858,0.154291500987219,0.11056365418316,1.7376532934691,0.141940915366979,0.124189538438143,0.374859052671813,0.222099651465606,1.84119056403317
1,0.5,0.2,0.5,0.4,-2.30258509299405,2.28766791718171,0.668574258648511,0.0812467806720131,0.765906565530145,0.233748594563181,-3.84127163874532,0.102942813796999,0.104084029051248,0.114535296131525,0.165220781080645,0.166184763190126,0.102591220208215,1.96563530957506,0.136993700514318,0.107535251192489,0.305835267996423,0.258147458763221,2.00405137687015
1,0.5,0.2,0.5,0.4,-2.30258509299405,2.06820194836016,0.648107629363938,0.159006408383837,0.590730214489618,0.0194621565546478,-3.39296337266536,0.109194856241048,0.11060360011874,0.101056938931868,0.15384899252699,0.158056594416748,0.1097825131603,2.03598277666115,0.15264667710893,0.10863302326822,0.3002581871809,0.237711336869065,2.09629782912967
1,0.5,0.2,0.5,0.4,-2.30258509299405,0.474458167314142,0.548635438589475,0.186981471035237,0.174502084227921,0.263159696794326,-1.62823856583494,0.110100725695376,0.110432834258267,0.116211096462997,0.132457259083039,0.128793364252585,0.111794932086651,1.10996444574543,0.137377331390805,0.111194274548108,0.476100051389185,0.175892444949056,1.32481262642469
1,0.5,0.2,0.5,0.4,-2.30258509299405,0.959598534387027,0.657554829121261,-0.0890340328919132,0.55601423229725,0.304901611674507,-2.34069349399745,0.108168343912469,0.112108811261313,0.112769693615198,0.160776372252566,0.155238866176837,0.107405920258152,1.4604820831272,0.139576738495455,0.114034804241881,0.419760679094404,0.232781581671574,1.57866834958173
1,0.5,0.2,0.5,0.4,-2.30258509299405,0.22137711627272,0.505439268502245,0.211758556786755,0.479470413526627,0.213273588036065,-1.53973193276794,0.0943639460418478,0.0923104775935864,0.0957319778960056,0.147169416701068,0.148605149215567,0.0968030930681234,0.780997779281931,0.119593592976204,0.091452991306355,0.465747282565349,0.208295156950863,0.945158413327706
1,0.5,0.2,0.5,0.4,-2.30258509299405,1.35912205096668,0.653843941752418,0.225452259910671,0.624847039532198,0.322462835243039,-2.69781620294881,0.105563300462418,0.10404273813017,0.105371712101158,0.162907443079727,0.160890436157416,0.106245785538833,1.72995881800599,0.130030365367957,0.105643935650126,0.453892833721233,0.258370409046596,1.85236055984082
1,0.5,0.2,0.5,0.4,-2.30258509299405,0.392517474738301,0.461751943205378,0.387569599300163,0.20737818733091,0.231472896140389,-1.66412282680753,0.107269621500038,0.102387830520407,0.11030805487023,0.13666056487526,0.137399370427522,0.110001280730836,1.05553463940961,0.139134867210937,0.114881987128709,0.465833805666571,0.204321759188429,1.2504602937583
1,0.5,0.2,0.5,0.4,-2.30258509299405,2.06830865606529,0.535487903362131,0.0485608164204608,0.359611383278527,0.255453991080265,-3.27523786647727,0.12079976493103,0.121516890159498,0.115116280748287,0.141777496234606,0.136118814956909,0.119104790571511,2.13668636776772,0.1598534520607,0.120208845193161,0.275207534443988,0.190918649934171,2.20176511969872
1,0.5,0.2,0.5,0.4,-2.30258509299405,1.09248175735162,0.458588712136223,0.066951847786158,1.41754480718808,0.730992764324805,-2.74185486506581,0.0927567207430762,0.0916459114998682,0.0916428338345004,0.232198612547686,0.232804784114559,0.0879155163151648,1.63376363526358,0.111100260332311,0.0945736988226484,0.902576618769548,0.602187899476879,1.74410680366157
1,0.5,0.2,0.5,0.4,-2.30258509299405,0.396183935736621,0.68067420915709,0.203714289323772,0.801988142892926,0.317384637265067,-1.7731657681213,0.0935100785532933,0.0989294435872989,0.0949180069705561,0.174393467993975,0.166307338055798,0.093334953992017,0.949263963348487,0.123700788351969,0.0990956191756197,0.558310857368868,0.281701109394131,1.09934923075303
1,0.5,0.2,0.5,0.4,-2.30258509299405,0.172598526460745,0.481794439790112,0.25044714713621,-0.0149304143637093,0.396146716821861,-1.32835675805561,0.116276373435352,0.12342126638675,0.112563230941,0.129673097417908,0.13014130378004,0.117543778576984,0.687608808298765,0.144569396910159,0.121509457928662,0.356136627350997,0.204545445601942,0.835020764501265
1,0.5,0.2,0.5,0.4,-2.30258509299405,0.0671870124868074,0.516604774057982,0.205031405417275,0.151516895927662,0.153648013989246,-1.16916857996706,0.104054810826577,0.110153654727461,0.100262051420433,0.13713366945705,0.132429180466522,0.10943757573116,0.607988486589602,0.129181463969919,0.112491294285997,0.408418696395591,0.190692009319458,0.795116829113899
1,0.5,0.2,0.5,0.4,-2.30258509299405,0.126757674062235,0.553126808912619,0.0645927950561997,0.74118379549661,0.69492812896877,-1.42684634568451,0.0969809286847024,0.104552814887571,0.0919131685752641,0.18458803373129,0.166111666540015,0.0889681477619299,0.662822458587624,0.131907404754651,0.0912660979137005,0.55537096332447,0.267302981617835,0.833494808238691
1,0.5,0.2,0.5,0.4,-2.30258509299405,1.57753013412237,0.402923691361524,0.110284896475943,0.345261781027735,0.375520066183053,-2.83850946347453,0.120646832689424,0.11581347743748,0.111231560000748,0.146197833370502,0.1428076260486,0.117977221450029,1.88288742370556,0.137761040323949,0.118811238924908,0.326862472755016,0.198285345884705,1.96870073668047
1,0.5,0.2,0.5,0.4,-2.30258509299405,1.58669636162597,0.730269882794405,0.0564437859005967,0.789239194594679,0.135423189242774,-3.06139281308529,0.103569227147357,0.0998885548801759,0.0971815367174582,0.169279212442888,0.164832760618394,0.103173380890209,1.81894930747911,0.120415678724599,0.104888437371494,0.358815765194648,0.241020586562902,1.88842516435141
1,0.5,0.2,0.5,0.4,-2.30258509299405,1.32626101690857,0.54895488890069,0.0818780148232993,1.76378673886965,1.06518921880521,-2.79453669436281,0.0888725047753793,0.0917026446372418,0.0836989798840269,0.300031272398574,0.265611154013558,0.0818823901840247,1.52030769120813,0.107131816076844,0.0890907879703018,1.12771201447994,0.743794287467203,1.60849354325385
1,0.5,0.2,0.5,0.4,-2.30258509299405,0.0500625283949582,0.436664443145621,0.265652633030564,0.293965515073552,0.40350930507349,-1.13994361875772,0.105256953380148,0.102665404947505,0.0924580775698538,0.140091232342645,0.133713018755648,0.101015716390866,0.608235687711176,0.124961768744703,0.0940502955233122,0.45102055572261,0.215583964844311,0.789663867651939
1,0.5,0.2,0.5,0.4,-2.30258509299405,0.291041526874976,0.0763014341184236,0.209398994345652,0.0604976442640496,0.429243643931465,-1.18715160554927,0.13107123997924,0.134924064147507,0.100318547170164,0.130486615447286,0.133116760761667,0.112429444304652,0.716419009445215,0.164599683383823,0.107286441849564,0.439009437016692,0.23207974730672,0.891445987573178
1,0.5,0.2,0.5,0.4,-2.30258509299405,0.0624315976108019,0.41128386298655,0.369032994650562,0.427222702108184,0.596966587594637,-1.36049646524084,0.0982521211456045,0.0987240701097886,0.0965946547550466,0.153374506488405,0.145754734661674,0.0968054692656262,0.835262958816194,0.12138628265455,0.0918409075801679,0.63794503843772,0.249335537259143,1.09259219924833
1,0.5,0.2,0.5,0.4,-2.30258509299405,-0.391400898812877,0.305434926939968,0.266726183674889,0.117695601813195,0.242421070150347,-0.730625677651244,0.0911010373500271,0.089116003827706,0.0991726864861203,0.131802679271104,0.133583125318323,0.101020571150071,0.427271429985592,0.109417348514583,0.0976719602918404,0.462393906890066,0.174782106202898,0.662905659472392
1,0.5,0.2,0.5,0.4,-2.30258509299405,1.13861432275327,0.560159579696344,0.317396734995346,0.604547488917094,0.555519604516906,-2.30371277877875,0.107724017830135,0.114887670029685,0.103907320622408,0.162490861029939,0.15249136489646,0.102428803552758,1.45182696819717,0.146782867270353,0.108489187580007,0.485527987564902,0.283236281074441,1.57415345143964
1,0.5,0.2,0.5,0.4,-2.30258509299405,1.18472706710025,0.600486547002699,0.132388736169373,0.806204332019507,0.405203929184414,-2.6962246448337,0.103554103408539,0.104129418573645,0.100720742567394,0.177594470150625,0.176540932309616,0.102354165035452,1.78754512346475,0.14288498337309,0.109424153284616,0.496765621673051,0.26925382836697,1.91560339366959
1,0.5,0.2,0.5,0.4,-2.30258509299405,-0.497660791269574,0.365566092746801,0.270467681897717,-0.186700298506497,0.337214840417883,-0.361122178731548,0.0943538137121075,0.0903885086467518,0.0889155982194906,0.118196517030037,0.117761607526605,0.106835191408686,0.299867265996462,0.0993887770294651,0.0895836712890486,0.398057084468135,0.166197235567233,0.536007796022947
1,0.5,0.2,0.5,0.4,-2.30258509299405,0.302222728162779,0.657594385755065,0.457945825604805,0.623646229468234,-0.0998845883075373,-1.59766795127151,0.0946883834503152,0.0966433672982814,0.0899674055057499,0.159455048036167,0.161135881423541,0.0968623352599893,0.794542797769534,0.114154123661901,0.0937657909429781,0.446089685132246,0.228026718719701,0.935292334910233
1,0.5,0.2,0.5,0.4,-2.30258509299405,0.145701177518107,0.430567063959306,0.247903889904234,0.16731241359798,0.217107905629415,-1.30296777270402,0.106979741329985,0.106702346740289,0.100847830721503,0.131741048477785,0.127943053950378,0.107971469814081,0.86279057012976,0.140584774146394,0.103648197090166,0.504711926281668,0.210976474166524,1.08699860110196
1,0.5,0.2,0.5,0.4,-2.30258509299405,-0.53390970168776,0.845963908777013,0.2166810180068,-0.0392274443919547,0.297289807598592,-0.786932919104152,0.0950136639373007,0.0942853824715081,0.0933858311204165,0.124757768298168,0.126029218983139,0.104603647626142,0.457454990106419,0.1176901846254,0.0969476667755068,0.428317580482301,0.163673060221602,0.688852331663592
1,0.5,0.2,0.5,0.4,-2.30258509299405,1.92819514921183,0.42885241249024,-0.0298948235692342,1.16854848376625,0.422964906677589,-3.21631863804018,0.0961660138736125,0.0950718784285762,0.0987522970183549,0.198974865149372,0.201960477055276,0.0948679644545669,1.8001163092344,0.125860559313269,0.0949645785438352,0.479959649990376,0.345342870491498,1.8628055360993
1,0.5,0.2,0.5,0.4,-2.30258509299405,0.34445391301517,0.445995810613257,0.254436158679685,0.153944969694862,0.455370916763967,-1.53463934964604,0.110467034268405,0.10752463060098,0.10889301057997,0.136312622811396,0.133615501029969,0.109957442699893,0.881272762601197,0.123540026206123,0.104352087323768,0.43004390195573,0.189763599496613,1.06614015285335
1,0.5,0.2,0.5,0.4,-2.30258509299405,0.391786866071518,0.309340094218147,0.0816116647130986,0.267112502755031,0.428470838178806,-1.59276422468036,0.102951591013758,0.0999776315407777,0.0942277166212503,0.138811653322176,0.134534417570624,0.104592825965212,1.00065772788181,0.119418165722444,0.101869785812087,0.505507056025095,0.196037714388732,1.21415181244174
1,0.5,0.2,0.5,0.4,-2.30258509299405,-0.669015619683069,0.427918495026372,0.133369736671717,-0.368924123475624,0.475423955593701,-0.161071221579403,0.0979641638208581,0.100642245104941,0.086002646941839,0.111700264872371,0.110404967487466,0.105871282988297,0.239274051509826,0.108015725985405,0.0862482908824294,0.333069378305263,0.150906391479663,0.43699038526763
1,0.5,0.2,0.5,0.4,-2.30258509299405,1.84544978924867,0.271755746639266,0.409999565822829,0.848620390255133,0.503731233173166,-3.1063197642382,0.109600579167533,0.106470253976512,0.1049607413949,0.179734476592983,0.177682662158875,0.104939819461117,1.84274392291283,0.129617315446708,0.103707467490902,0.395303402262162,0.255428324493171,1.91219680300881
1,0.5,0.2,0.5,0.4,-2.30258509299405,-0.0483684849829407,0.445493761341873,0.0585781623027803,0.402419923447268,0.569394162376411,-1.21833628233142,0.0904573293247518,0.0914733886771689,0.0862607913910781,0.146202362658751,0.142264192081197,0.0918205307314223,0.581755305377731,0.107920576930387,0.0928694509901043,0.511088512000752,0.279422611243018,0.754058267611636
1,0.5,0.2,0.5,0.4,-2.30258509299405,0.0406032109586979,0.298768817700403,0.164243505339378,0.251413101037761,0.496464616648334,-1.24118413098252,0.103853555216975,0.104756839445247,0.102291054349549,0.141128382046134,0.140086390974286,0.101260332994591,0.609728707348267,0.117412088789098,0.0934806491082943,0.415190170552451,0.21775929212076,0.76571677185636
1,0.5,0.2,0.5,0.4,-2.30258509299405,-0.208435432411939,0.506986544857543,0.0366665445412028,-0.416439156203302,0.203474241694353,-0.56237956194271,0.115254281629642,0.109285464106673,0.103646403831884,0.10452304458342,0.105095032873748,0.123450092138571,0.768757737089975,0.122629927413939,0.109180828444294,0.729977732029459,0.164088243845782,1.28620599209166
1,0.5,0.2,0.5,0.4,-2.30258509299405,-0.595609253781557,0.292859573935674,0.293293898964926,-0.200387507591541,0.355419765666547,-0.394794248773025,0.0953627974565651,0.0953492956533598,0.096061509479056,0.119742856278718,0.120389354323224,0.1054665022641,0.288501915332282,0.101209106330293,0.0937409645121598,0.346218171463663,0.158292544781356,0.483032583612213
1,0.5,0.2,0.5,0.4,-2.30258509299405,0.349303870878044,0.256407230564385,0.179791142640241,0.304996892737964,0.596761087733628,-1.1297014893393,0.11907286030424,0.111671466266092,0.102362441693017,0.154776036786853,0.156195319933791,0.102900977857043,0.663449592420091,0.124300228652985,0.108915664600685,0.497314069471646,0.252055201603249,0.857806371406532
1,0.5,0.2,0.5,0.4,-2.30258509299405,0.060043083679417,0.371783133433489,0.197917132007476,0.359264204273656,0.581575872979822,-1.30597120161943,0.0990566816592735,0.100221646600223,0.0979958594707239,0.150758143939684,0.142686991732719,0.0967776195362152,0.693010760755901,0.122892614445685,0.0961246554848517,0.540594828219574,0.278455511439563,0.887559134613921
1,0.5,0.2,0.5,0.4,-2.30258509299405,2.77378852272721,0.72968639201877,0.117217531745889,0.63724791727933,0.0911702425832383,-4.35204430237327,0.108643275811805,0.117095360046731,0.108551158125599,0.160566568658996,0.16872424368581,0.10893817582507,2.10340611492271,0.216118727320365,0.109269833714592,0.263461512622888,0.33121153940035,2.12693176544657
1,0.5,0.2,0.5,0.4,-2.30258509299405,2.25787119053178,0.69394246856131,0.0684439672143443,0.719131645091323,0.225190124154681,-3.52822392808356,0.107667701729367,0.10963588080769,0.123741414710842,0.166829459156891,0.162960337875853,0.107258539288496,2.03073102478172,0.14460218439889,0.101569263545449,0.344965485704969,0.271743491857632,2.08622187644356
1,0.5,0.2,0.5,0.4,-2.30258509299405,2.04970042993715,0.633935816177363,0.329640343502525,0.861909034820763,0.529074110507833,-3.47114158962984,0.103623151006132,0.105822997973409,0.100139745591604,0.180870984071881,0.173678745504296,0.101860087628903,1.93694343299225,0.140117837639133,0.108083364481198,0.382133853883376,0.289046429437311,1.99281898869497
1,0.5,0.2,0.5,0.4,-2.30258509299405,0.174374678286184,0.532126359819638,0.244517801468153,0.472291013048014,0.347107786701465,-1.36687256337557,0.0998616920561542,0.0950259918421918,0.0935693730933164,0.15731057704419,0.151479131945399,0.100343376147319,0.736469653276806,0.115998961553778,0.105631641613917,0.492252338726967,0.253405130235442,0.907941245347983
1,0.5,0.2,0.5,0.4,-2.30258509299405,0.271454358083549,0.593151356133659,0.0913588002217101,0.62983809050442,0.540315026152247,-1.71260459083301,0.0965601411130345,0.0952140772565833,0.0900308565162593,0.167206690051421,0.153686550923182,0.0954890575737719,0.785263972985766,0.116033994210631,0.0936446203465146,0.450656542268297,0.260951045348847,0.914503979458517
1,0.5,0.2,0.5,0.4,-2.30258509299405,1.55796428333409,0.384069734197747,0.140222027245935,0.675188157116449,0.475671433722914,-2.97477478593473,0.107800758434119,0.109732283064453,0.10584085571139,0.164487261524869,0.156484718243939,0.105443148202055,1.79481548150031,0.138408081221082,0.106924913445596,0.34813099826376,0.235631689186507,1.867963967723
1,0.5,0.2,0.5,0.4,-2.30258509299405,1.90560356574226,0.322787260669295,0.142900344003813,0.337463695271418,0.599589845442476,-3.04879414359702,0.123347525939962,0.124792034853711,0.108322673870274,0.144878616932486,0.1417001348251,0.116786915222376,2.06865135184349,0.173735599883654,0.119959903292353,0.345438177464658,0.251858856074143,2.15112014731213
1,0.5,0.2,0.5,0.4,-2.30258509299405,1.00606775946402,0.424554208187822,0.377087505939959,0.378010761787981,0.52460759845527,-2.1524010844546,0.112090604822988,0.115929628983335,0.101585899280819,0.146494662975182,0.14095885315315,0.107078854668258,1.32509428195487,0.136496690604524,0.106778105512664,0.420299604805684,0.214174864542195,1.45434797132577
1,0.5,0.2,0.5,0.4,-2.30258509299405,-0.306328354457484,0.495401076353175,0.167162176681769,0.229073026375163,0.434466362911293,-0.984728040840926,0.0927835151534492,0.0937775910402426,0.0857615875860475,0.136888274819851,0.136075285269656,0.0964963047976677,0.522403218618827,0.113724443543435,0.0914446076477551,0.451969387062192,0.199911589248941,0.725242591215522
1,0.5,0.2,0.5,0.4,-2.30258509299405,-0.34617540523226,0.549394667392184,0.0764700541283345,0.103215936964757,0.0205689937436351,-0.719796027689708,0.0872223744591727,0.084971780714583,0.0824336053573757,0.130073516239426,0.130877996137732,0.0995471475424924,0.392627878371598,0.102666342824421,0.0925506729385881,0.401457499529346,0.151234509655922,0.595101127726118
1,0.5,0.2,0.5,0.4,-2.30258509299405,-0.46300630570403,0.512203473857328,0.0856444398344057,0.353312138223669,0.686317699095537,-0.804673177327528,0.0895871267335745,0.0884101399660924,0.0829581380388634,0.161511693647674,0.160731561631806,0.0913268993751337,0.35544216309584,0.102989168240652,0.0857591011582112,0.434134995641928,0.260679082468935,0.515837958989969
1,0.5,0.2,0.5,0.4,-2.30258509299405,1.49397167646451,0.6044302253563,0.455482133510413,0.766176340628124,0.378355588128965,-2.92885162884196,0.108068692539173,0.115501193354254,0.110683307752245,0.175616013378843,0.167429712272205,0.10574826662433,1.77319449938628,0.138379375500203,0.107925189049237,0.377360596818654,0.242814205737735,1.84642410400018
1,0.5,0.2,0.5,0.4,-2.30258509299405,1.2316559061182,0.484270024859911,0.233749149753479,0.376980542127721,0.487904266022103,-2.35869731608905,0.120409874910913,0.119063621407793,0.112400310519914,0.147237686203051,0.139713378345346,0.113215354677082,1.51880331766633,0.139896797749721,0.110479984894041,0.398538339988242,0.220800208349008,1.63654633475919
1,0.5,0.2,0.5,0.4,-2.30258509299405,-0.282904247071232,0.540413953099142,0.0282716828618885,-0.1010263944758,0.383811075135615,-0.755321177368645,0.104381688648637,0.101499886175,0.0998547254729778,0.125935532408411,0.122977584978979,0.111570825117692,0.578641863552564,0.116131303875773,0.104730762166199,0.575594521123764,0.217767086426958,0.899625724509306
1,0.5,0.2,0.5,0.4,-2.30258509299405,0.360978100939485,0.545014944539724,0.318981647678072,0.151130415338514,0.285914805303133,-1.44074479870045,0.109524982381436,0.10943297553671,0.102191611417,0.133216766650881,0.130682001243235,0.110566679811145,0.85765682458684,0.126816423940692,0.110490143058035,0.415017560068535,0.191479820036718,1.0316304113822
1,0.5,0.2,0.5,0.4,-2.30258509299405,1.82628003227151,0.712220302861086,0.362891602203273,0.662192276122289,0.52821793348945,-3.07331578197115,0.110492936636994,0.112846132455089,0.107947116524075,0.167735992239383,0.165035863951622,0.108262204091023,1.90222641824859,0.147603735188279,0.110914030472758,0.346615352463414,0.255637952560148,1.96608867601809
1,0.5,0.2,0.5,0.4,-2.30258509299405,1.7827503683257,0.533000534328638,0.297357060231696,0.447660599121525,0.504934677095438,-3.03998410652648,0.119998905112506,0.124141656318932,0.109313520926287,0.155002983548415,0.153286479935534,0.114261868093511,2.11903830965287,0.168022589866518,0.106984909050186,0.393790152561607,0.278257697251475,2.21028993168957
1,0.5,0.2,0.5,0.4,-2.30258509299405,1.10269758609324,0.612945110794432,0.0883381601055606,0.696014392767851,0.274684272261424,-2.59456259120565,0.104627350341075,0.110493513420898,0.0990204436411443,0.160675425422964,0.162378379613097,0.103634834718547,1.69156131053071,0.147969400354082,0.10907451796017,0.438056791399181,0.244585349680585,1.81276568163771
1,0.5,0.2,0.5,0.4,-2.30258509299405,0.507353000910031,0.399552294641135,0.073902539235599,0.258556778216625,0.534991822334536,-1.63862925971902,0.107533851083983,0.11138959530465,0.103599337261042,0.144183761531512,0.137639193938232,0.105400156587086,0.920645814640002,0.130115077474592,0.112323171147481,0.469325468612751,0.240985824003263,1.09196220097039
1,0.5,0.2,0.5,0.4,-2.30258509299405,1.84398171138321,0.409977930726802,0.0516652779583722,0.499043365109676,0.412140450591279,-3.13938167494719,0.115905117820758,0.117006724849565,0.111752848598149,0.15196429395402,0.149433624946626,0.111202768741389,1.96208578570843,0.149124608282178,0.112383021895135,0.315597019962942,0.235332808333836,2.02308089047901
1,0.5,0.2,0.5,0.4,-2.30258509299405,0.0799977523847884,0.449198610232564,0.231589858248481,-0.0573385112557932,0.11933663491825,-1.13962362073214,0.113829449724738,0.117983559255567,0.104727956385858,0.120814001811468,0.118009498985699,0.117216880445897,0.63336399103198,0.133651104748723,0.110042403145818,0.380990867622918,0.172015269758785,0.827039845765061
1,0.5,0.2,0.5,0.4,-2.30258509299405,0.361838186813747,0.803037449282753,0.0976996224920876,0.373240457821772,0.164635461456212,-1.56009523972292,0.103545259430029,0.102681418889676,0.111912755974656,0.144844610439477,0.141392132748539,0.104441684315476,0.909330780777623,0.123911079954152,0.106016341883402,0.460570015732029,0.19121819268153,1.08629570523338
1,0.5,0.2,0.5,0.4,-2.30258509299405,-0.265351823449039,0.555989739423421,0.0525754319023956,-0.143798589352869,0.15898016862444,-0.458078312620276,0.0920566350553381,0.0926395445483519,0.0937736198017717,0.118903035985498,0.118047177287349,0.105738432170931,0.326732416090017,0.107367451588393,0.0922635813395682,0.394633948326804,0.167501384588774,0.555462218169096
1,0.5,0.2,0.5,0.4,-2.30258509299405,-0.459276374497901,0.513480378140801,0.224240578029866,0.164270774578661,0.371102088803945,-0.584197379431135,0.0858475648237038,0.0841084133193872,0.0820567214850914,0.134988071083653,0.128617714754485,0.0938240092064632,0.360789667927757,0.0934475293100129,0.0833259110042558,0.433224982643572,0.188110440555744,0.568634700063024
1,0.5,0.2,0.5,0.4,-2.30258509299405,0.752656679261753,0.411113363796093,0.2108520810411,0.965936533344013,0.448954580809075,-2.34001377397453,0.0950621720668602,0.0984574413170625,0.0928533426101165,0.187083208617194,0.181198131723165,0.0928458299434262,1.18984136942811,0.116254800439573,0.0922948523238817,0.479279727638281,0.271310749238779,1.28870626556128
1,0.5,0.2,0.5,0.4,-2.30258509299405,1.3168133291955,0.574849121093656,0.204761730147232,0.438608564338169,0.431858623594896,-2.70955953717721,0.108127226079803,0.111000302320534,0.108439300442653,0.148558708193042,0.14642640187435,0.107692120979232,1.61922677095531,0.135020617033726,0.105852751939273,0.338494014302501,0.207281584267347,1.710780697047
1,0.5,0.2,0.5,0.4,-2.30258509299405,1.33221055908031,0.611398529020009,0.175749779543853,0.562280366144707,0.390349909262517,-2.79245307807552,0.103994268582757,0.100623472319498,0.110385421754943,0.15470785723724,0.151438505424232,0.104685146770579,1.95406788744266,0.148186823852793,0.107532025450571,0.456359539159521,0.260749737679996,2.08214371395532
1,0.5,0.2,0.5,0.4,-2.30258509299405,0.256093802038303,0.714594583334411,0.230478949479624,0.548730568242914,0.594969648585626,-1.4556851079982,0.0962182352557628,0.0937439689462169,0.0850692858261886,0.158653598851266,0.149876972540497,0.0924480825242289,0.698394548252564,0.108368612919393,0.0980490052393977,0.473377637556182,0.264899314969234,0.833061867100688
1,0.5,0.2,0.5,0.4,-2.30258509299405,0.906331003099881,0.672442892228588,0.288124521345174,0.473796859126844,0.245841428496843,-2.24779192727214,0.109762146507485,0.113248213284158,0.107652708343624,0.154908950324329,0.156578580387755,0.110773613062025,1.35160095492322,0.135179842051155,0.112408144366614,0.386048463236731,0.235096928910294,1.46392506471517
1,0.5,0.2,0.5,0.4,-2.30258509299405,-0.48639280035782,0.598821127130208,0.0122756624337505,-0.176604242222082,0.172583745562125,-0.627858783870466,0.0956044461498485,0.0905045331038217,0.102789296998904,0.1147597482429,0.114510178258731,0.107247550014854,0.380938828415418,0.10639085275249,0.0999693091486963,0.359865860207492,0.13250472846882,0.589276213294996
1,0.5,0.2,0.5,0.4,-2.30258509299405,1.66415459663369,0.566071430471003,0.125190900822887,0.702704020715353,0.579992777342588,-3.12123061532834,0.105604511979865,0.106685533877509,0.10425019684584,0.176478323388725,0.177101682718842,0.103668953164329,1.94739221887592,0.136229111045596,0.103037749018035,0.440703508884006,0.306073973625548,2.03593085684461
1,0.5,0.2,0.5,0.4,-2.30258509299405,0.666793785750145,0.503597991286595,0.202977265492926,0.128434644166063,0.213074571247129,-1.77067775285097,0.119756261465366,0.11561840478454,0.124621878010367,0.132268599840334,0.132525698757835,0.120518325555431,1.08966154646169,0.133670030199071,0.113207928461012,0.377870333352127,0.172667757182254,1.24030764439843
1,0.5,0.2,0.5,0.4,-2.30258509299405,-0.056503837647055,0.397482438178442,0.270399554110883,0.151242461473282,0.503296890801146,-1.2950709115739,0.10226758063448,0.103127829416099,0.092558437825475,0.132161534059026,0.130608031543399,0.101458457492462,0.635787555020888,0.12686150972288,0.100482138575112,0.420907472344804,0.215048940262797,0.80994880321948
1,0.5,0.2,0.5,0.4,-2.30258509299405,-0.422769600020506,0.697502359163165,0.305819312704884,0.0269996035500905,0.328000719335471,-0.930362398977415,0.100988397740856,0.0984637251309441,0.101505525061803,0.129041490157273,0.129810589228644,0.107426269847476,0.461199346330263,0.119885280131104,0.102269267122093,0.373473231307296,0.186215650429853,0.636968865699568
1,0.5,0.2,0.5,0.4,-2.30258509299405,1.5291624716034,0.236776071158106,0.0334708719850273,0.459161668010662,0.38584370266619,-2.62872033793667,0.125610393190983,0.130652500694055,0.124373854173014,0.148121027391964,0.14576784890216,0.113273027632521,1.7773310111609,0.170223432986547,0.112888242299259,0.3779330740871,0.245410630805178,1.87348448741895
1,0.5,0.2,0.5,0.4,-2.30258509299405,-0.0346360170898447,0.582128330400208,0.154873315010761,0.230959162005001,0.204585169179646,-1.23703087386331,0.0933903380355521,0.0988390229228156,0.0912347719638359,0.131876406413845,0.13542976663117,0.0992977684446147,0.629137124780637,0.133176845222611,0.100469429761553,0.40789463895839,0.179258609108942,0.807997854508012
1,0.5,0.2,0.5,0.4,-2.30258509299405,1.55858835653623,0.391132868949473,0.237524088493882,0.809249046715786,0.358397201368418,-3.16418127589505,0.104859570992023,0.101400305214456,0.10130308799482,0.176113702831134,0.171334543880354,0.103510703969076,1.90544212105182,0.134325647324242,0.10299332310278,0.395369929900724,0.286137886424214,1.97518763010036
1,0.5,0.2,0.5,0.4,-2.30258509299405,-0.435614337724058,0.436155561580116,0.300972468068924,-0.196052147067941,0.431620602969226,-0.464296803229773,0.0958354819366823,0.0939611289093321,0.0883302073664011,0.120175662249598,0.11903134453948,0.104098380008928,0.294057312897259,0.100720578127772,0.0858664383700854,0.353625586144369,0.189851677587249,0.481664328829807
1,0.5,0.2,0.5,0.4,-2.30258509299405,0.453388810427049,0.636999279995073,-0.0506328203366699,0.350807408947791,0.152259777394199,-1.58858906993949,0.106670483278726,0.105209621885267,0.116400986347033,0.148671853814902,0.147939953456431,0.108338950928743,0.874434009607193,0.131025903991718,0.108445495317976,0.410488826629796,0.202488836503626,1.02572224554906
1,0.5,0.2,0.5,0.4,-2.30258509299405,0.0850976981897124,0.177286817498395,0.154719681133205,0.101316993870191,0.487519496438261,-1.04266054834617,0.112483113226088,0.104842226294881,0.0877704695743623,0.130408198734832,0.127089149916161,0.106152880211682,0.545902225931556,0.11281989435536,0.098537007616155,0.405272291950026,0.177452124389485,0.730169975282269
1,0.5,0.2,0.5,0.4,-2.30258509299405,1.06068126998373,0.652113792288759,0.0580143352350718,0.486411959060829,0.164711783889,-2.38310436464057,0.107183937586652,0.109724428426194,0.106620011596349,0.151493631689549,0.151600006775034,0.108556986904699,1.42724180144549,0.126769879575292,0.110957396134666,0.361475870134127,0.206526700419264,1.53406160252271
1,0.5,0.2,0.5,0.4,-2.30258509299405,1.51790974028467,0.68684750379808,0.248061209428751,0.531050696569531,0.521491977343705,-2.98689236449119,0.111852203060408,0.117768712324847,0.103328976311457,0.164622697017195,0.159272643523168,0.111035972316566,1.99821116207362,0.172520766833729,0.111482329942459,0.430781113726315,0.318916138448953,2.09042451877022
1,0.5,0.2,0.5,0.4,-2.30258509299405,0.455380831954431,0.528417001683119,0.0492411345661327,0.609597592723704,0.492790470063491,-1.85600160400081,0.0956561631463054,0.0951882418517737,0.0891405976995018,0.158576636388112,0.153059941497475,0.0948166801966174,0.971644988080024,0.125134606423145,0.0982735089944229,0.508175416420886,0.278880168454038,1.11328710822437
1,0.5,0.2,0.5,0.4,-2.30258509299405,0.694223919596524,0.526882369457339,0.145326848230072,0.10306299807141,0.297717319070681,-1.91470132863915,0.11603670046081,0.108435282989114,0.112766763723052,0.127346839473679,0.125435740610296,0.116440191368537,1.08458606475258,0.128459675875896,0.111246605061857,0.327042091822228,0.152506135697632,1.2013534018591
1,0.5,0.2,0.5,0.4,-2.30258509299405,0.0756751683311048,0.500124395528058,0.268384497153078,0.692355339267854,0.456251843488107,-1.14533987522731,0.0908214913733615,0.0937269688168878,0.0846644411827396,0.170899332206553,0.161004973728097,0.0886543321235827,0.542730400074775,0.104817131135307,0.0850524257076697,0.531664060991457,0.255068349727692,0.706257044848345
1,0.5,0.2,0.5,0.4,-2.30258509299405,0.345292901690899,0.729351510258047,0.143046406988048,0.612500584218138,0.263696070031146,-1.53393045680835,0.0921828416220654,0.0982661390071181,0.0968417926759339,0.15720653442628,0.15864477310024,0.0941529282050422,0.710056007355809,0.134389496999504,0.0958160609529606,0.431238555380853,0.284236112159411,0.834512100423909
1,0.5,0.2,0.5,0.4,-2.30258509299405,-0.696406449299043,0.459797095449462,0.144092406006126,-0.627011325952748,0.288840574441477,0.121385023574223,0.0940828073271,0.0990935296178397,0.100601519790967,0.100090710355228,0.0992195053107528,0.11500673448778,0.236354731643866,0.104542918353666,0.100027902507674,0.458116427271449,0.128015641087678,0.583368060398662
1,0.5,0.2,0.5,0.4,-2.30258509299405,1.55605389877805,0.506979847532329,0.201997210153416,0.972479763659558,0.382964208993156,-2.92886371474556,0.0992716479699922,0.100846074400985,0.0905329206017524,0.184663018652044,0.190133532520799,0.0969957118366274,1.75613193883327,0.126128375589008,0.0983978026258269,0.494561642562173,0.332209091469644,1.8402953710385
1,0.5,0.2,0.5,0.4,-2.30258509299405,0.117096546440483,0.25373622011726,0.127536723179879,0.165129252039326,0.229778034814664,-1.26503279553565,0.102385038309583,0.106603934040312,0.105209304590843,0.131569140608389,0.130530977139371,0.104636309757863,0.659653724857095,0.132185502283663,0.100458347455638,0.4036466188168,0.182071432246882,0.834509629018951
1,0.5,0.2,0.5,0.4,-2.30258509299405,-0.384348535647948,0.586129282401101,0.38055269421523,-0.243054761190016,0.278965894696796,-0.54966992896989,0.0940415549523669,0.0974847928220914,0.100694422634353,0.113767565731208,0.114838975799848,0.108267962049693,0.465518245408627,0.109073845282709,0.104849130303038,0.518012113920462,0.156287200574034,0.797386693736236
1,0.5,0.2,0.5,0.4,-2.30258509299405,2.22208488489652,0.297118043537959,0.163319519190059,0.936482927275256,0.567281380773097,-3.59297378615211,0.109034289970675,0.115072822408878,0.10291070545532,0.187385908996718,0.17807914368672,0.103059494471451,2.0317455534882,0.148887206674397,0.102183377297835,0.417165112494977,0.360037438857344,2.07933008776599
1,0.5,0.2,0.5,0.4,-2.30258509299405,-0.404495547353756,0.607684924236972,0.0813488935928454,0.0524621475188049,0.235478354063439,-0.659928045999809,0.0943079236761753,0.0957744141162358,0.0946330720741823,0.133351452184171,0.132459223137629,0.103517409844286,0.34509780024467,0.110645084235498,0.0937091406891866,0.350792892005188,0.162598178923015,0.517439399794374
1,0.5,0.2,0.5,0.4,-2.30258509299405,1.39494136387513,0.715809364635365,0.206187541248982,0.346174236281326,0.201839980764032,-2.84201117400184,0.111133132296941,0.114994034963194,0.117881832837447,0.140515786970555,0.144139268840604,0.112080133166927,1.70805354469253,0.151897737157631,0.111695175971463,0.283889974483877,0.188394087193172,1.78475546815517
1,0.5,0.2,0.5,0.4,-2.30258509299405,0.782067914559645,0.688444310706627,0.16796895206762,0.337095147906502,0.423566321540545,-1.85491416096848,0.111184617673289,0.112192430159343,0.112837372370648,0.149153228206434,0.146676922683314,0.111012720026654,1.24106780674767,0.148298449013303,0.114276486005999,0.451695961931283,0.213455102648147,1.41226440651851
1,0.5,0.2,0.5,0.4,-2.30258509299405,-0.014956897482091,0.280124471288235,0.164919517187971,0.448084312931709,0.745351139386272,-1.2837388246999,0.100128507424887,0.0967648610458026,0.0857640052185303,0.154414999071816,0.14615024215453,0.0914693382413696,0.539409954315179,0.108981833157176,0.0856749672940225,0.419698426249006,0.265882913278982,0.663173216349615
1,0.5,0.2,0.5,0.4,-2.30258509299405,1.96505970708311,0.534752875183388,0.242146614646202,0.601454789611128,0.168650670442788,-3.44737590351051,0.105314146312917,0.103316681155948,0.112177630911654,0.153797506699944,0.15084899411206,0.105946077754137,1.98951631095937,0.135262153626634,0.110940834759232,0.299865409775482,0.218694624913354,2.05089147559109
1,0.5,0.2,0.5,0.4,-2.30258509299405,-0.0772743303063207,0.323910138506738,0.200468441407903,-0.0876713156275531,0.363829355763262,-1.01153013864439,0.109326188577155,0.106992194057658,0.106840556114324,0.119236596607279,0.117466781137634,0.109154311618394,0.556519509169093,0.122786248369828,0.107915753738671,0.391688836264033,0.180859710108177,0.748216396678766
1,0.5,0.2,0.5,0.4,-2.30258509299405,0.526330716178717,0.756023950326543,0.363444339601206,0.320091516211114,-0.0371216801848534,-1.82628105173496,0.104730893197196,0.110198477227436,0.0986937843457561,0.139756815669628,0.141202306358663,0.107266033168522,1.02395567872516,0.139865651393769,0.106204860974383,0.395119023685054,0.192045882748941,1.17293206479996
1,0.5,0.2,0.5,0.4,-2.30258509299405,0.695549299778335,0.425315808138,0.316026649352119,0.0913204491837438,0.376585536595633,-1.80616404181727,0.119497486125961,0.118709531139739,0.112095703272915,0.131968877433222,0.1307095618893,0.117853715298282,1.01597017584124,0.141871721298348,0.113568681408262,0.355728337041368,0.205053768323656,1.14221291388452
1,0.5,0.2,0.5,0.4,-2.30258509299405,0.124336905812402,0.632996109116052,0.323824250808595,0.0222687974995986,0.0777005743158695,-1.1837881652938,0.109662970521682,0.113644633463161,0.115379347527462,0.127050933986571,0.126481477915629,0.113955205991896,0.676867833194814,0.139067760732395,0.11167902600651,0.416611398091503,0.169646980889576,0.881827065193716
1,0.5,0.2,0.5,0.4,-2.30258509299405,-0.199537778855494,0.511498740764971,0.279639806562422,0.727001431016035,0.553000861307705,-1.19692016847871,0.0834625860420915,0.0835160059551118,0.0814327971599236,0.172502075442246,0.164228193890374,0.0838265777280303,0.480169821258628,0.0983299468407588,0.0851674246739245,0.441508761818694,0.243972188948713,0.607122460437732
1,0.5,0.2,0.5,0.4,-2.30258509299405,1.26644478208691,0.386927960338904,0.20693460175132,1.12667301245694,1.08066526343126,-2.42711283226171,0.114268338226632,0.110458072089458,0.101191107658909,0.243704657200294,0.226602361408063,0.0953643252382917,1.26706466876341,0.125320880052605,0.104924970278171,0.513377687463286,0.362528912746374,1.32710156232382
1,0.5,0.2,0.5,0.4,-2.30258509299405,0.980284354507751,0.203532789646577,0.220340328081057,0.649788780814046,0.633213371287546,-2.22928326767719,0.114650492135009,0.112467002590585,0.104488929804526,0.162412437977138,0.158369802355029,0.102195251108653,1.38854780913627,0.128112159662289,0.110677469583857,0.499105288039738,0.293370634596995,1.50677521756951
1,0.5,0.2,0.5,0.4,-2.30258509299405,0.0130205314084946,0.304880050522121,0.337127133766178,0.213464574460436,0.415740083249082,-0.995482008384041,0.1086255541224,0.110324666500838,0.0990689367061411,0.137655024774586,0.128588057718505,0.102179155586538,0.558310585884906,0.122537395148122,0.0999815082438813,0.471149202255835,0.18945784159996,0.772795425648308
1,0.5,0.2,0.5,0.4,-2.30258509299405,0.253756760375267,0.305900498921947,0.173355676215063,0.121327686846339,0.502729033437977,-1.35771555816491,0.111683122107635,0.106532300214912,0.108904482411017,0.133758970590914,0.134413734393148,0.10777590893156,0.770430230598311,0.12326813830891,0.113807598526922,0.451918191366748,0.223617473646703,0.960358045916005
1,0.5,0.2,0.5,0.4,-2.30258509299405,1.87222298275845,0.375283718742141,0.108528005956562,0.844664184443168,0.672414661825771,-3.49101130977452,0.108892619322071,0.11563327996892,0.0985447067403884,0.179716247997704,0.166814777018018,0.100932939844556,1.95860831313771,0.14544695222921,0.107992091358473,0.422511690651162,0.316929519287393,2.0159193482387
1,0.5,0.2,0.5,0.4,-2.30258509299405,0.220421332686636,0.537458931620833,0.233380305784678,0.399885062118895,-0.0244797199406746,-1.46882412546808,0.0982894963655603,0.0983444827231682,0.103455176542776,0.148668330235936,0.143478243355998,0.102148158472162,0.654648464301823,0.113545849723574,0.105319263083631,0.365267064724964,0.200887288974939,0.784167761779853
1,0.5,0.2,0.5,0.4,-2.30258509299405,0.158299549909813,0.577136394959658,0.434651422117372,0.57145048654861,0.367413638828137,-1.5851935613282,0.0911577855621832,0.085539930967219,0.0888686716436781,0.153774889892783,0.153498893164637,0.0936412756744937,0.795168310090082,0.108154693787831,0.0975794100168137,0.478593664688842,0.225865953870027,0.957121259345825
1,0.5,0.2,0.5,0.4,-2.30258509299405,1.11887283994289,0.512550833594396,0.194151006962011,1.11801267735507,0.9612577346498,-2.41536010052249,0.103563975511118,0.108850355216314,0.096071431530521,0.226053084987175,0.197999773107295,0.0922886964348538,1.55552189214177,0.135807086185579,0.0986942530486043,0.892674780208128,0.581236154530333,1.68542101812462
1,0.5,0.2,0.5,0.4,-2.30258509299405,-0.164577718697598,0.546737626250651,0.44935205344456,-0.0394450138810503,0.386839281457799,-0.839583408829156,0.103432091881355,0.100565352814947,0.095446842607526,0.125795482092301,0.120457794208951,0.107846930366698,0.525759178906448,0.118104973932603,0.107752167662016,0.461818807146381,0.175894482143887,0.770513954337974
1,0.5,0.2,0.5,0.4,-2.30258509299405,1.17551006758042,0.3709341496212,0.169022923094014,1.09649914286933,0.775682993463161,-2.66885157770458,0.100611781687477,0.0982682277493627,0.102975913612065,0.211130450387023,0.208688827195775,0.0940151003123679,1.4947312643764,0.112450421522878,0.105207766005644,0.520683875385369,0.350953832133882,1.56946612640198
1,0.5,0.2,0.5,0.4,-2.30258509299405,0.318985131318407,0.509006040801849,0.22772710987612,0.302857228127849,0.427755472741831,-1.46926635709283,0.104089929218222,0.102248583012462,0.102517297748464,0.141625857819922,0.140909033579525,0.105074163624415,0.873408138009181,0.130638580218923,0.101795365796244,0.482616325376221,0.221545535351594,1.05869687065136
1,0.5,0.2,0.5,0.4,-2.30258509299405,0.340909907264396,0.614138075969417,0.398506602667959,0.120494053178655,0.132649081943769,-1.53664761186998,0.108656278781644,0.108587768653133,0.103491334759995,0.127293294676923,0.125152230488623,0.110931425211198,0.97545623646319,0.132044439450229,0.108852176228771,0.425617618623561,0.1687698555746,1.16788480883419
1,0.5,0.2,0.5,0.4,-2.30258509299405,0.950070336617075,0.632140966485009,0.193375722370724,0.444062879083693,0.0552595123268409,-2.29500496576352,0.106411794392795,0.107732986380598,0.105465491028136,0.14523077770084,0.145232595694009,0.10797830911096,1.45085909883809,0.132766314066356,0.107988622421046,0.391745608356807,0.203272553561454,1.57729015192528
1,0.5,0.2,0.5,0.4,-2.30258509299405,0.125323419630138,0.404910073798918,0.365719453575334,0.676380982738966,0.620368769699981,-1.45336237771074,0.0934118098423258,0.0915021455499661,0.0850561284397363,0.170166320671355,0.162575190377587,0.0900631011550348,0.600585340224948,0.105302859901789,0.0929737233564895,0.428713594506622,0.272979482118064,0.709912059668421
1,0.5,0.2,0.5,0.4,-2.30258509299405,0.117248551922671,0.657791920003047,0.41967049628151,0.420470734169144,0.183873973101377,-1.28150616271294,0.0949862310303768,0.101496463217032,0.0964027263413782,0.151482176381793,0.156761304111885,0.0992686229530377,0.61383736007255,0.124555982904136,0.0938221230260496,0.428230964301674,0.195475692607609,0.776694135281408
1,0.5,0.2,0.5,0.4,-2.30258509299405,0.528572616104936,0.268878195368945,0.220146227804569,0.85517672099632,1.12019292111081,-1.83878223798473,0.10672480667071,0.108591415643234,0.0907710286680841,0.202519284750365,0.186767231376712,0.0882739475388724,0.858563857027828,0.122554043564162,0.101747265009503,0.631928459798005,0.423165315940864,0.980351461578832
1,0.5,0.2,0.5,0.4,-2.30258509299405,-0.0661886054629999,0.770176614153378,0.247913639900672,-0.130646482346604,0.101303681170248,-0.892130884464086,0.10414282360211,0.105712798567617,0.104158477988348,0.114581044223877,0.116002800177181,0.111305107421121,0.477619222065767,0.122067892426771,0.105594036196542,0.331051982144841,0.134466717631818,0.64919818128955
1,0.5,0.2,0.5,0.4,-2.30258509299405,0.158855460268365,0.520496120069107,0.229191735133866,0.343515816490466,0.373516874883472,-1.20820739408869,0.0997649642691319,0.0992079876072573,0.107083805448932,0.144702501729245,0.141220103389135,0.0991458823156996,0.581781631226741,0.113887578327404,0.100207419979272,0.38527309041828,0.197005885608894,0.724543657851524
1,0.5,0.2,0.5,0.4,-2.30258509299405,0.232753299584743,0.498001414075943,0.285828237011913,0.0665379643081131,0.339703851972179,-1.33567454464531,0.115962675711122,0.114530217874907,0.114592112854564,0.130581963530409,0.127114155167758,0.115105340268297,0.914101743365669,0.135842800727495,0.108325097556266,0.494784507084713,0.205426273845447,1.14119502984037
1,0.5,0.2,0.5,0.4,-2.30258509299405,-0.232348107817478,0.392513644146517,0.106085195002552,-0.158333803928565,0.454351136115267,-0.739991131694962,0.10508633917612,0.1032620798449,0.100239011181357,0.119756979856596,0.117739189590254,0.109298524215077,0.536240462835621,0.121928281297121,0.0985539987896093,0.558992506062254,0.186742344293521,0.867549188149748
1,0.5,0.2,0.5,0.4,-2.30258509299405,0.164557186788535,0.674954064860962,0.234140902891464,0.641917473838227,-0.0724306863878681,-1.4628571129731,0.0907677519675973,0.0948959535382962,0.0937518540131817,0.158758676984753,0.161773617595144,0.0936704523625153,0.716501454890377,0.121404900056653,0.0926895666064227,0.470776551530624,0.226327797499592,0.870034288738324
1,0.5,0.2,0.5,0.4,-2.30258509299405,0.00928477238257169,0.315427669749854,0.383888516222795,-0.0357949238341477,0.423248718549157,-0.895519958536839,0.11475392015401,0.122503487911134,0.105225009849852,0.127859855364878,0.124918957470396,0.110843362685509,0.528701678362533,0.133621940538032,0.108573142295827,0.408588090566652,0.181319591355548,0.725549308827968
1,0.5,0.2,0.5,0.4,-2.30258509299405,0.570142270183475,0.530829707294574,0.215772460272612,0.26602043889757,0.595828331332995,-1.70687870161743,0.125238921969041,0.129554721036575,0.11019000899695,0.150538896426445,0.142677464788575,0.114032133150058,1.07386388415292,0.138829236306461,0.109409517869149,0.448482371969646,0.220631371200847,1.22900079308754
1,0.5,0.2,0.5,0.4,-2.30258509299405,1.67884111280999,0.385995214741017,0.19615239971204,1.0688832219285,0.844654977026044,-3.11800547629157,0.109707609666601,0.109067141383044,0.115378206259723,0.211085325155236,0.199083307099695,0.0993983302742317,1.74720691011724,0.123923906134458,0.107163307756784,0.439795029802871,0.32391218297071,1.79179912902777
1,0.5,0.2,0.5,0.4,-2.30258509299405,-0.0144716467268622,0.723373187618844,0.124489189623218,0.104686180993036,0.23446394830012,-0.916558745182888,0.102482735591774,0.101250313308906,0.103742059927938,0.135319182948952,0.134353400560784,0.109181762580368,0.652694826377707,0.114151385296534,0.106753384307224,0.54821356265967,0.184646834753369,0.93425049826637
1,0.5,0.2,0.5,0.4,-2.30258509299405,0.255186720366779,0.38525977495625,0.188518386697723,0.371018906819442,0.534388683182831,-1.40528055261753,0.106909924961845,0.104729767429157,0.0963129577147416,0.155989250971314,0.150223172249117,0.103002811248023,0.734850845643367,0.122044506612487,0.0948317459815482,0.479028834294352,0.242720734946971,0.910010454425865
1,0.5,0.2,0.5,0.4,-2.30258509299405,1.76041631725853,0.406745802090642,0.220615257462976,0.483562558651498,0.62467812485517,-2.88039337417473,0.126939107673228,0.130356179809006,0.123909996980292,0.159389724656812,0.144505221934676,0.117013001172651,1.97089776726339,0.149639561072418,0.112472651972341,0.359853952405382,0.234438038754999,2.04082415777751
1,0.5,0.2,0.5,0.4,-2.30258509299405,0.0142547574917433,0.634174417890851,0.312207308676226,0.745818301959034,0.56128345102265,-1.45746378211528,0.0892792521904003,0.0876408898534413,0.094213760024966,0.176704469125021,0.16738318052257,0.0890285640203911,0.627040989763602,0.112639839287807,0.089697843421009,0.466238018108187,0.229641096918902,0.767535239782848
1,0.5,0.2,0.5,0.4,-2.30258509299405,-0.137266781280814,0.431610250202888,0.107168147820869,-0.0206333935587696,0.343818077542452,-0.919858137223002,0.105091173726622,0.112739439769322,0.103529749365467,0.124236508697653,0.119769619571764,0.106628420602945,0.534200456822479,0.13287780345628,0.101362867589648,0.399893019346576,0.172438546843079,0.727822366433814
1,0.5,0.2,0.5,0.4,-2.30258509299405,2.95409437370089,0.474451913956507,0.308438810067301,0.393926044012811,0.458817445598888,-4.04562993899043,0.131093773732113,0.130533617920115,0.121992593056345,0.149539809266978,0.145113793223703,0.125248037722544,2.30196599910794,0.171415681367787,0.127853233540575,0.268871584124972,0.245118574309647,2.33141778076121
1,0.5,0.2,0.5,0.4,-2.30258509299405,0.278051783713536,0.383457893274351,0.233464143297928,-0.0582595016813158,0.347162547620077,-1.38885999374661,0.12706697841786,0.12685312355007,0.111027012132399,0.122238515854511,0.123417803437706,0.12176303511894,1.09021915745749,0.153548309365674,0.127804775271996,0.514968269945919,0.183796259580469,1.35185439552515
1,0.5,0.2,0.5,0.4,-2.30258509299405,0.392462265619715,0.531590225642949,0.356868544637111,0.329654109918155,0.10059454596271,-1.60598558515174,0.111184841355953,0.112536319867102,0.116492679215109,0.148069079876573,0.152689768581214,0.112237642718346,0.855226160888252,0.148244781254548,0.113831486493834,0.387320483324852,0.19683606743659,0.994084946096009
1,0.5,0.2,0.5,0.4,-2.30258509299405,3.02765447070633,0.767917577318969,0.159950808259032,0.620544215200215,0.249160371572298,-4.1487980592626,0.121583119692473,0.121001002728559,0.116714959802272,0.163844644379064,0.160961095451568,0.119926713309265,2.27973612184958,0.164567845943444,0.124064919153581,0.282485828235193,0.241728728708664,2.30586589939299
1,0.5,0.2,0.5,0.4,-2.30258509299405,1.62188196218791,0.675541000800759,0.287313149387901,0.610104911086221,0.140377007193403,-2.89805071794953,0.1073360792052,0.105962305636608,0.103510692101258,0.154482586773881,0.152826080272278,0.107712075975812,1.85943066766939,0.138258861204198,0.106784946949792,0.360024052343565,0.233532832961488,1.94737046909141
1,0.5,0.2,0.5,0.4,-2.30258509299405,-0.0715568453426145,0.442642892181096,0.293566588396903,0.19568432414419,0.188674478030615,-1.07073381295425,0.0962350069753273,0.09629251442205,0.0857400369291524,0.135439796252912,0.138983782200413,0.101649525423264,0.510849749017879,0.124138475394011,0.100362340244212,0.404888829126914,0.195104911190945,0.690374793595524
1,0.5,0.2,0.5,0.4,-2.30258509299405,0.549606283870472,0.308001413331542,0.136867428456461,0.617985348576684,0.791145934248521,-1.74996581625864,0.109240984328864,0.110707205676225,0.0949500229783306,0.165543163108026,0.146734379943839,0.0963203856822756,0.931011917282599,0.129757826618479,0.106926484806549,0.519706459758061,0.262164977202701,1.07689231679514
1,0.5,0.2,0.5,0.4,-2.30258509299405,-0.222915792202573,0.471394659847434,0.204221084095378,0.0202619166088612,0.275667656714128,-0.696365224419805,0.0919472309500159,0.0919357302314676,0.0857849931989785,0.124543865437247,0.124811963189826,0.101204434777343,0.406145503722747,0.105436464240597,0.0903390970417104,0.396487290397272,0.167399197144804,0.61056613320754
1,0.5,0.2,0.5,0.4,-2.30258509299405,1.30486378111537,0.555856684742634,0.0159492102514761,0.546178740565728,0.342130841607311,-2.62118475758635,0.11235435851163,0.116119338420235,0.114610456727898,0.156527060807297,0.15778714029447,0.109478501818439,1.8029613816626,0.169656416283762,0.115125293817746,0.432762764101091,0.291275982959047,1.91525476771638
1,0.5,0.2,0.5,0.4,-2.30258509299405,-0.316653287597778,0.504635629560708,0.105024370785108,-0.325196932866664,0.361757682897209,-0.590941537841635,0.103280952766585,0.100308039953761,0.0919961920258634,0.114156537393626,0.1158981135823,0.116285651856937,0.404268044514562,0.119633217257557,0.0992748027776514,0.394986558850293,0.168653224643649,0.637188428454426
1,0.5,0.2,0.5,0.4,-2.30258509299405,1.81840967089431,0.440552027961477,0.204829917874925,0.755776413125669,0.677184260324486,-2.87649168608274,0.11992927690796,0.117883498785359,0.106875963055704,0.181488418285894,0.180820563039834,0.109102472554995,1.86367888915921,0.135544495705336,0.11077815392344,0.436319315972023,0.317639370655808,1.93379027926756
1,0.5,0.2,0.5,0.4,-2.30258509299405,0.0164249520088683,0.605476704030876,0.221325878166106,0.172743841410501,0.146752340832009,-1.16110446945021,0.0984175959020953,0.0957933325139261,0.103342819174064,0.131142617815327,0.132273118010433,0.103182786724443,0.544244502799494,0.118991753267764,0.0970821226601632,0.347889147340476,0.164437353323781,0.691718876866891
1,0.5,0.2,0.5,0.4,-2.30258509299405,0.300773824326884,0.448125087716268,0.0914440779069592,0.22255798203692,0.470674422340123,-1.4586717600139,0.106006958690358,0.107108623295576,0.0969380537354326,0.137374635527043,0.131780128063891,0.103498350900935,0.733604588945761,0.121241558995302,0.108393046162874,0.381074300706343,0.196698045177384,0.881675621201565
1,0.5,0.2,0.5,0.4,-2.30258509299405,0.811254307672585,0.633755561537376,0.218341334747061,0.430000709676124,0.0768385041067194,-2.21452267420513,0.107529449755858,0.115552847256057,0.104199764190746,0.148489815968289,0.155963265686688,0.108859393244136,1.49424490147934,0.178704936722852,0.110035782873886,0.457568822703411,0.24244684672248,1.65567819756418
1,0.5,0.2,0.5,0.4,-2.30258509299405,0.162464616114664,0.618190227418391,-0.0433072034178461,0.341867475771696,0.253845615938583,-1.46570167655952,0.0990192871148537,0.100911445934137,0.104006381189516,0.142131511155333,0.133667220922417,0.101081961530892,0.675612243320884,0.113212908555088,0.106134954977717,0.336760367836764,0.192454661879207,0.792751055022639
1,0.5,0.2,0.5,0.4,-2.30258509299405,-0.186424754640174,0.474169957828722,0.151451898478143,0.0826336015613862,0.141201671816917,-1.03382658863962,0.0969553384184094,0.0996528756747572,0.0954455121009413,0.129352214964009,0.125980423702382,0.104455132876248,0.511348900888316,0.120559865963621,0.0998892321468201,0.409477683613503,0.175743744139325,0.709642030295276
1,0.5,0.2,0.5,0.4,-2.30258509299405,-0.384093948987902,0.690047651489375,0.280436413086728,-0.206640394046692,0.131368732474138,-0.641894223249013,0.101150159604347,0.103657343327643,0.0986527519777403,0.113681305231881,0.11514295230017,0.11174819308332,0.484748406645024,0.132085264661614,0.0998631853586334,0.481752870890121,0.164682076560834,0.77931574952567
1,0.5,0.2,0.5,0.4,-2.30258509299405,0.270852802896412,0.358846770660495,0.107589850218105,0.0496933670504141,0.433642087364554,-1.30331265898282,0.111522467875411,0.112957670027357,0.115554123010014,0.12942579528324,0.128885903996665,0.110752763890371,0.788029333262531,0.135853625320482,0.106768562118165,0.415582463682755,0.191345570186956,0.966454645234731
1,0.5,0.2,0.5,0.4,-2.30258509299405,-0.266167355336187,0.532769339564863,0.236977598266858,0.190682320850139,0.338181116331425,-0.747471010947112,0.090573490637302,0.0900325776142235,0.0874801508331233,0.136217993809075,0.130679404538152,0.0959806640809505,0.33911627864827,0.100598411954932,0.0935630786396598,0.348041649524799,0.174079093194997,0.487047052968975
1,0.5,0.2,0.5,0.4,-2.30258509299405,-0.132849069491938,0.669055198625424,0.450861835387238,0.0732992766656775,0.143219927449396,-0.93089326898626,0.0992110583893624,0.0992292659898795,0.104371359472606,0.131372046209392,0.131529028402119,0.106154548254334,0.493775447474407,0.120598700622787,0.102520712616569,0.407404568942303,0.179075220976831,0.693648615435098
1,0.5,0.2,0.5,0.4,-2.30258509299405,2.08297834362687,0.45117593504408,0.0522696854573601,1.40091427230502,0.957023191062941,-3.7976643879348,0.0973800922031322,0.097909370444621,0.0958458220949086,0.244976856794003,0.220583434076488,0.0915300420221396,1.87252304637803,0.11504802811391,0.0969799593826358,0.710676085520313,0.497583944333086,1.9200778396047
1,0.5,0.2,0.5,0.4,-2.30258509299405,-0.03753644484936,0.436471463626843,-0.0416014353108014,5.81265584293229e-05,0.269410512332762,-0.883497050454877,0.102481513355842,0.100015902923258,0.105234623071337,0.123611129612661,0.125555066792077,0.106165882118851,0.463723418496802,0.115475970109003,0.0995784718457501,0.344800605448343,0.173262673625582,0.62757424366449
1,0.5,0.2,0.5,0.4,-2.30258509299405,1.7967551762228,0.408664085791146,0.304179709134938,1.80490056566846,1.48023683634364,-3.14591755220959,0.100202505798152,0.10196052863761,0.0953102341028426,0.329334391708358,0.280227912099205,0.0868133721832782,1.67258901758916,0.125967919698044,0.0892508192790511,0.913349045367891,0.580048139251938,1.73888848312673
1,0.5,0.2,0.5,0.4,-2.30258509299405,1.86338001331378,0.441197872929012,0.139745118287643,0.548268171639254,0.525444621589723,-3.03839208678483,0.120584771271217,0.122163681395285,0.116357020885719,0.15738695499939,0.144131824619834,0.112230179207398,2.00738360901663,0.146681114266635,0.116064222505825,0.351380542308789,0.224773277811132,2.08509634186748
1,0.5,0.2,0.5,0.4,-2.30258509299405,0.319681724261901,0.582623333741088,0.152182626032583,0.255401168943786,0.454565648410567,-1.35692227512953,0.105118978299109,0.115148507088725,0.101310597491117,0.145401352885621,0.146132993155479,0.105421514854853,0.765707756019515,0.138205305386718,0.098718933562526,0.465463831813519,0.221899335105278,0.953465397191236
1,0.5,0.2,0.5,0.4,-2.30258509299405,0.114242507218849,0.647542438056557,0.309954426409718,0.189674565546601,0.15058299887683,-1.41354820557049,0.10026368302604,0.0999450068936779,0.0941774486490493,0.131624744535647,0.128731278974384,0.104823603518799,0.756004559763343,0.117265690603219,0.103976973508002,0.393059025544329,0.166301171541525,0.929559962645137
1,0.5,0.2,0.5,0.4,-2.30258509299405,0.180878294454821,0.438183156294659,0.28674944885324,0.458966235236263,0.542091483166581,-1.40426485212676,0.0967803750521421,0.0985116684851349,0.0963187587913264,0.158700337784152,0.151736351541272,0.0969088715671262,0.653706837876477,0.112990705244739,0.0964730140818286,0.462964307722148,0.257418018746628,0.805231196493869
1,0.5,0.2,0.5,0.4,-2.30258509299405,0.231850748204745,0.301884302940987,0.123765069186481,0.287025033592266,0.576462419079288,-1.39148329574147,0.108660416238545,0.105665999242621,0.110510410538387,0.147211320928405,0.147094612738553,0.104368860928583,0.862788798064885,0.133449872408111,0.106504529750618,0.568708843848794,0.293034691484804,1.07570972658813
1,0.5,0.2,0.5,0.4,-2.30258509299405,-0.404398690514664,0.472036280297871,0.0733836575706372,-0.306438820955062,0.110072363475171,-0.376467649388253,0.090824157209869,0.0917510549353883,0.0849213242882969,0.110546689932296,0.109393234372133,0.11063389217858,0.312286213416567,0.105348505048879,0.0942527686752739,0.388403598030392,0.145976082830066,0.562998508968725
1,0.5,0.2,0.5,0.4,-2.30258509299405,0.652627331704684,0.513089380800689,-0.0192980516323093,0.015534855282639,0.341634757281235,-1.66616012867794,0.140066157286866,0.146531707026056,0.15650488421973,0.132308851240865,0.13073659010223,0.132613272780862,1.1654136958946,0.167605440415494,0.128889413115422,0.390752867661928,0.175414280481371,1.33296801786116
1,0.5,0.2,0.5,0.4,-2.30258509299405,1.3441868670195,0.666689416365966,0.157416686242795,0.667322503472889,0.0296199726301004,-2.76154180758285,0.101658820804068,0.10140460019621,0.0994826926607202,0.157619125986041,0.157032190506871,0.102937915141368,1.72525458747399,0.144319965135889,0.108823281482655,0.39116651439475,0.247836802262813,1.82684560857038
1,0.5,0.2,0.5,0.4,-2.30258509299405,-0.0369163153749937,0.427406160284473,0.296424186018236,0.0729443259685955,0.370645104106427,-1.07053390920848,0.103735350772636,0.106750825528964,0.0958726285488439,0.130589214223887,0.124694407700212,0.106189675116936,0.558813859080712,0.123763483471753,0.102720499813166,0.421203968096306,0.186037706539505,0.754449709863584
1,0.5,0.2,0.5,0.4,-2.30258509299405,0.103471104241016,0.535012715281578,0.350301820222427,0.573177278575077,0.116808250551531,-1.48259623298991,0.0898391048937371,0.0915827196685417,0.0839922762092194,0.152344399253848,0.155115091610335,0.0934949520375551,0.722949771107787,0.115270101386959,0.0921196393430201,0.476353614616946,0.222242420659527,0.885348475663375
1,0.5,0.2,0.5,0.4,-2.30258509299405,1.39126268768336,0.430239307784648,0.180406414245215,0.0971948356966634,0.333686796839531,-2.41666311501587,0.126639051081224,0.127614495820098,0.114706625014964,0.127168757780933,0.126332647042388,0.124135563105401,1.92596762031234,0.159826274730011,0.12249743466646,0.382320584406043,0.196033943338492,2.06579253076588
1,0.5,0.2,0.5,0.4,-2.30258509299405,-0.135457474431899,0.44618267369072,0.30277095386032,-0.0450045485514422,0.395571391316259,-0.804116375482982,0.105694396111413,0.110514712563004,0.110920290293367,0.12838316408089,0.122619906226447,0.108582816242923,0.444172002252357,0.130161002372385,0.100505694038289,0.400937361680896,0.15954266366709,0.66340975198333
1,0.5,0.2,0.5,0.4,-2.30258509299405,1.62780514105054,0.575151391587623,0.270796595101423,0.419914992404121,0.120845228787445,-2.61194545527951,0.124700236161352,0.130251748624097,0.121584129628732,0.150742052349721,0.152520531090795,0.121808785358997,2.09014293390328,0.163036653052132,0.121455414242363,0.414909262620137,0.212663097733293,2.21916293326846
1,0.5,0.2,0.5,0.4,-2.30258509299405,1.92685322382007,0.489423883312157,0.395074986527782,0.652272606148713,0.713553348891647,-3.35879541290972,0.117837354781247,0.119689082975431,0.107852021418296,0.169523863462845,0.160601288991534,0.107772339150665,2.02742507742799,0.136033187646631,0.110179202393015,0.384544012594377,0.297585280316546,2.0822768213812
1,0.5,0.2,0.5,0.4,-2.30258509299405,1.01405639265462,0.485368541824746,0.353994910122074,1.08010288249313,1.03767164644344,-2.37943966880902,0.104192449696221,0.105925955049764,0.0909088511416419,0.225060717623297,0.202216744675474,0.0935016192728713,1.23186567205444,0.120021681049941,0.0925287715644698,0.562847135902263,0.356855794134077,1.31721371284999
1,0.5,0.2,0.5,0.4,-2.30258509299405,-0.255732216234128,0.585421880238941,0.220573187253905,0.116513496551322,0.203599002309521,-0.871492711764053,0.0942098764194063,0.100173330830029,0.092820012731121,0.131933623175336,0.131194402616852,0.101952398732533,0.428236819041218,0.115615885206236,0.0925650006161081,0.364314612842285,0.182101962286193,0.595464620161871
1,0.5,0.2,0.5,0.4,-2.30258509299405,1.11297457707579,0.483805264998368,0.205154089159901,0.426275747083392,0.450220758121314,-2.28311962365305,0.114509485733313,0.119938112122188,0.119583255759591,0.151771271086842,0.152946179975244,0.110820178365571,1.38659732804493,0.143738443387143,0.115191693730751,0.360990304394707,0.221724842112845,1.48299064790698
1,0.5,0.2,0.5,0.4,-2.30258509299405,0.627993982682451,0.321301734560912,0.150183010090893,0.126108704476101,0.479083930691848,-1.7679928988655,0.119877624257702,0.113199081348865,0.106792081557278,0.132812107306512,0.129451941316558,0.11321794681778,1.07660689598403,0.132149247698566,0.118519327380495,0.41965386608032,0.19380377588179,1.24878167509449
1,0.5,0.2,0.5,0.4,-2.30258509299405,0.626875898543857,0.571908425280931,0.14077439677539,0.237156321093124,0.186096471068895,-1.8037264124949,0.113951436485703,0.11392181962573,0.110632823194025,0.134326476353369,0.13034316606527,0.113120752021655,1.20745603970924,0.137593551973715,0.112812390040714,0.431454178152531,0.175467746324656,1.37567767251874
1,0.5,0.2,0.5,0.4,-2.30258509299405,1.54616167085556,0.600215238169404,0.109939678334899,1.07237567309089,0.730430884808581,-2.88119219450801,0.102130481376428,0.104708810481354,0.107199609788766,0.203377108879458,0.197560058504452,0.0967219423076128,1.77567980593707,0.133077682894103,0.0977734009529688,0.534288429483572,0.347650920430347,1.86301985699417
1,0.5,0.2,0.5,0.4,-2.30258509299405,1.42788144153039,0.65188484081357,0.119579071837226,0.537183550309128,0.289555541970989,-2.73496824313624,0.109999163457649,0.108091929461821,0.108234833162927,0.154178625159005,0.152801026950046,0.110441939434192,1.67221278124999,0.140219983994521,0.122988476926753,0.340522302747324,0.195583254843712,1.75289574081386
1,0.5,0.2,0.5,0.4,-2.30258509299405,1.04312032835574,0.255696454233518,0.1674073317324,0.437084131454576,0.193777629725129,-2.25949480900099,0.111001191504038,0.113774829014309,0.104569615928208,0.14806377776427,0.147069698090081,0.109779708080227,1.41526752087971,0.148761138783252,0.106339923091866,0.392221536516224,0.220009943320019,1.53731632065147
1,0.5,0.2,0.5,0.4,-2.30258509299405,-0.327843417995336,0.36547393258313,0.142879816806532,0.115492980147886,0.337931543965967,-0.865237077740076,0.0921004034436188,0.0881196934009428,0.0994171414115999,0.130125425162984,0.131005029969977,0.099228831885139,0.455323176714364,0.103448057382489,0.104467158372494,0.43297974058418,0.208157892162235,0.658214968212754
1,0.5,0.2,0.5,0.4,-2.30258509299405,0.0177507583473388,0.880837663251217,0.351373570223762,0.0150626360213318,-0.0893167531981686,-1.3079216921647,0.107160965355071,0.117468492991009,0.0937360601211779,0.122384136899429,0.124828500658743,0.112557905047011,0.726278014191079,0.156589174828149,0.111872453303587,0.394256367900533,0.174383553149726,0.922842908975522
1,0.5,0.2,0.5,0.4,-2.30258509299405,1.69660836263075,0.313269606861858,0.198087123311783,0.53151399126354,0.711423094312194,-2.75311077832237,0.122352366898363,0.116162872086201,0.118005972449582,0.160102655177422,0.154453265751561,0.110857355247373,1.77800043707855,0.133562113823052,0.105899048527929,0.380365019243099,0.24209675948871,1.86060081618917
1,0.5,0.2,0.5,0.4,-2.30258509299405,1.22003415679973,0.741496799461156,0.283649517538489,0.542447842516711,0.0223921440465204,-2.67481371762054,0.102912058273925,0.110255130195047,0.0975434905882214,0.148941148289829,0.154221172024505,0.104428812919716,1.64162003285624,0.147343633060136,0.11159768552332,0.355274407839596,0.224922763499412,1.74023285455867
1,0.5,0.2,0.5,0.4,-2.30258509299405,0.874078566142296,0.62141127204778,0.0556458292038632,0.53725293774868,0.28377240625801,-2.34252444217092,0.101797429320196,0.100356191697681,0.0961651228519023,0.152202940092325,0.152105914375391,0.102749689950655,1.5662869448375,0.151321811044144,0.102733546680433,0.497564071588593,0.271122104402566,1.7200603040563
1,0.5,0.2,0.5,0.4,-2.30258509299405,0.179974308524967,0.43097862063449,0.0090588847012607,-0.0860130097078664,0.280336238318555,-1.2468471564021,0.121596756713864,0.123506639943205,0.121347412470111,0.122131721857471,0.120569432620446,0.120831776564185,0.762363416352012,0.14374432467192,0.123274303265773,0.399981739094093,0.169924207592961,0.956267763139673
1,0.5,0.2,0.5,0.4,-2.30258509299405,0.658911443237721,0.464049659087896,0.147424208308339,0.763610147966462,0.829524953381583,-2.08282396214883,0.100849716475978,0.104740792353339,0.0901054535823699,0.183106417556984,0.163610797809841,0.0936542166204188,1.00209424682754,0.126568414114407,0.0964297859078396,0.471858166254378,0.281140200058098,1.10535587664121
1,0.5,0.2,0.5,0.4,-2.30258509299405,0.61253134379907,0.566280790980178,0.238989435040847,0.0113112687066153,0.296902617887247,-1.55759225349238,0.120868034546803,0.122892135057439,0.137416459902471,0.123975730067476,0.12465227747433,0.118941011238716,0.950945257768907,0.144832138866768,0.118446480726421,0.369423605675929,0.164478149903972,1.10553029109964
1,0.5,0.2,0.5,0.4,-2.30258509299405,-0.0382300601082312,0.12442898796424,0.233527734881176,0.107553499191407,0.564507723899688,-0.935098946787418,0.125298105517386,0.12802099510507,0.101640355144141,0.138802742872976,0.13006594796194,0.105816914906813,0.429269409621476,0.127842656844589,0.0992052274196545,0.32997733628886,0.180950681788957,0.557057900225385
1,0.5,0.2,0.5,0.4,-2.30258509299405,-0.383176992563001,0.583321610677984,0.196477180614873,0.0447515398606396,0.232520728003671,-0.704200523199326,0.0904570082457262,0.0880599853269591,0.0900421523015903,0.128245052986538,0.12312038758191,0.101952231659978,0.381018525857368,0.0998692738124024,0.0974002375757831,0.398000291239648,0.166582637455052,0.584801023737561
1,0.5,0.2,0.5,0.4,-2.30258509299405,0.0506298161893881,0.377901127334674,0.0860574145241387,-0.0521338756367583,0.586516762596176,-1.01107663705068,0.108492480735357,0.10716669940001,0.0897546101343425,0.128609261831271,0.125808330066998,0.107476791579516,0.549728922025523,0.122419572924539,0.0988132486600744,0.414058552835656,0.18888369400918,0.756765252844711
1,0.5,0.2,0.5,0.4,-2.30258509299405,-0.480460548450661,0.658744629124508,0.388776338711435,0.0457245325192674,0.310171519523892,-0.841754075168379,0.0909358919530386,0.0945997914661282,0.0965635710679054,0.128511400186774,0.127495280273057,0.100327116048888,0.35884182383583,0.101334586475451,0.096182434348798,0.310539144564231,0.151768412937195,0.497567039856858
1,0.5,0.2,0.5,0.4,-2.30258509299405,1.21751681916624,0.515386151142616,0.093341199350392,0.574081702939989,0.455445069246763,-2.43502292975465,0.110767613492816,0.106256732954516,0.107908735098164,0.163815029472133,0.152868162455774,0.108855069934087,1.56989134538331,0.133522873143508,0.111082764054255,0.442009344255777,0.24140491810364,1.68408613376979
1,0.5,0.2,0.5,0.4,-2.30258509299405,-0.0600446501556233,0.412310579219206,0.132289054431276,0.121942859772792,0.178906844426221,-0.981604469536187,0.10417398693192,0.0979071598132371,0.100440442343784,0.132569125600108,0.134237558096813,0.106987774170149,0.540725564447642,0.125158627483591,0.0989642638270349,0.416902331055508,0.184745889766807,0.733202867393596
1,0.5,0.2,0.5,0.4,-2.30258509299405,0.258004973938221,0.235787046366098,0.363051044341971,0.484180752258127,0.569088613310953,-1.36681219246783,0.10670641193724,0.113995372073513,0.0958367665027468,0.156859700003579,0.146288071159178,0.096846115413814,0.639548863291224,0.128838631576403,0.100202412686013,0.42491108337893,0.217445852098314,0.776853949542504
1,0.5,0.2,0.5,0.4,-2.30258509299405,-0.0597540966966423,0.391091568118831,0.265666880087762,0.454350114123515,0.399830832750824,-1.40230353849859,0.0967153114113807,0.0950418713482163,0.0893581927238295,0.148901242540972,0.149098853888743,0.0956448348338084,0.631768388216974,0.112206854560587,0.0936095325899506,0.428636151525711,0.244803381975059,0.775299289201985
1,0.5,0.2,0.5,0.4,-2.30258509299405,0.323082891454818,0.564866675295401,0.154924839052567,0.0928271551603982,0.377004076507564,-1.5451756270696,0.107007381738821,0.104794278270588,0.108021097315819,0.123769082487931,0.119281273665459,0.107428258213233,0.991894818809113,0.128102824838719,0.113820247411377,0.444865608649632,0.160495901820763,1.20698015367473
1,0.5,0.2,0.5,0.4,-2.30258509299405,-0.263567753586605,0.519976462180579,0.170849036914278,-0.202544372584454,0.139302076675547,-0.642765102560141,0.104848857475807,0.110371816689043,0.100800775176702,0.115232336938621,0.113733999777143,0.114494749152456,0.489428589600101,0.128985481806018,0.102447720677075,0.486950500716927,0.159557036888812,0.789630241728844
1,0.5,0.2,0.5,0.4,-2.30258509299405,1.28539239837946,0.683201982302185,0.338854626606285,0.640552953103685,-0.0806546581664971,-2.60875739835672,0.106286643330378,0.106274900035946,0.108478384051949,0.159877561584788,0.1596591524842,0.106505366074542,1.71418297662021,0.140270923557531,0.11230529098325,0.429915094829422,0.235770524862632,1.83531528790229
1,0.5,0.2,0.5,0.4,-2.30258509299405,0.543457943799034,0.405379907159825,-0.0568481826134548,0.289020729523825,0.39785764477439,-1.91200601433013,0.113031035674944,0.112602543324248,0.107271382692498,0.14135554427249,0.136444209069708,0.109405016910295,1.07435919949324,0.132111552183554,0.109216047841391,0.392351181104458,0.204471221160763,1.21105895936102
1,0.5,0.2,0.5,0.4,-2.30258509299405,1.61202539725709,0.55425713507655,0.251694857471815,1.08364115212907,0.785775942780822,-3.08242126183591,0.101827657870342,0.104552490201242,0.0925280715943027,0.210591590084337,0.186227576393042,0.0960658980918945,1.83478282188795,0.129729251996326,0.100247160950702,0.585086028129991,0.401601866010027,1.91025500384254
1,0.5,0.2,0.5,0.4,-2.30258509299405,0.379610081722138,0.587179129028513,0.188709089255915,0.0848438731747353,0.251153291830851,-1.59177309663002,0.114125730043013,0.118925117522234,0.111674480974363,0.130462195189491,0.131987137371358,0.117264142650701,1.1119447851517,0.160913868682144,0.111789969978087,0.491304186267112,0.198907755392983,1.33768295637286
1,0.5,0.2,0.5,0.4,-2.30258509299405,-0.137903312290724,0.565565917857362,0.434170104597993,0.107987999257221,0.321979078191545,-0.88043054927326,0.0975673423356338,0.0974356970546018,0.0922104260964318,0.13300702630282,0.130066413045228,0.101383134897389,0.420359402876767,0.109618392872855,0.0994910589297679,0.361069764140427,0.166134480239827,0.582762631188892
1,0.5,0.2,0.5,0.4,-2.30258509299405,1.48972751734981,0.415092471750007,0.12971380749368,0.655323760259824,0.390991198306351,-2.81744051912104,0.108445938981384,0.106733100589045,0.0990625870179339,0.167711748371066,0.156154999363591,0.107863579204242,1.82723532055634,0.132030478142206,0.109208434826233,0.401846407118089,0.230253893662675,1.92130857945591
1,0.5,0.2,0.5,0.4,-2.30258509299405,-0.172285351451026,0.465510154992029,0.260360060245981,0.53783189501027,0.642456795190888,-1.37376080273231,0.0973874538953143,0.100688896494807,0.0849602166966413,0.160933855333704,0.151983823996216,0.0935052693127516,0.732607494588425,0.124122298123429,0.102392206882308,0.6435918258467,0.278225409380522,0.96592629775535
1,0.5,0.2,0.5,0.4,-2.30258509299405,0.74598781124027,0.426477746779206,0.00355747083347042,0.489078402439593,0.394355758621307,-1.97587692682964,0.104325300290101,0.101168710080901,0.100085875143608,0.158247657178615,0.164084395995372,0.103892379497175,1.0782537539815,0.126210457987661,0.111170313823502,0.416221888980649,0.243394281594472,1.2054636513977
1,0.5,0.2,0.5,0.4,-2.30258509299405,0.27217893323995,0.450414752997002,0.026953712705005,-0.282388267357393,0.374847187647963,-0.879261493591942,0.124116084398765,0.126183367900119,0.110827932493532,0.111820290070741,0.113758555159375,0.119892233280128,0.597404227142212,0.144878041007749,0.112338757254748,0.400090943159986,0.158711417253928,0.823469377949776
1,0.5,0.2,0.5,0.4,-2.30258509299405,1.26520807384351,0.623465885904917,0.181328253743243,0.684536966624424,0.384220152636315,-2.57172315579123,0.107126296707864,0.106940861027374,0.113703675147918,0.16641051661914,0.164072414557855,0.105188858283108,1.80249902351386,0.151184552766434,0.108058834301568,0.515593778041786,0.322198952990025,1.93283276963926
1,0.5,0.2,0.5,0.4,-2.30258509299405,0.996684812276739,0.492778499083715,0.205874217033854,0.25181570266941,0.390192888567175,-2.39010359139693,0.11334887792998,0.112956615132943,0.10840714374471,0.137158852583222,0.137106848400976,0.113076729468255,1.43929190598022,0.152810251528947,0.118495100395189,0.320240782963284,0.181715540418891,1.54181615248177
1,0.5,0.2,0.5,0.4,-2.30258509299405,-0.1933421721248,0.431064310213918,0.146768373580422,-0.026984896145667,0.549794587319114,-0.979380749707259,0.0995792854889505,0.104307465355165,0.0921365608045399,0.123664354851346,0.123038392324785,0.101529643992026,0.523002352902478,0.120319804609723,0.0992805251926174,0.427257652052746,0.204390873576996,0.724810410393053
1,0.5,0.2,0.5,0.4,-2.30258509299405,1.12145945035074,0.545569144857824,0.104915097805061,0.730510212139552,0.343203507769301,-2.52795932200511,0.105587301695808,0.10757991123976,0.094965187523276,0.165221310767242,0.162388818489659,0.102468861961502,1.49052766562726,0.151859277014864,0.103439794599638,0.401835517966424,0.269374606205243,1.57352431860066
1,0.5,0.2,0.5,0.4,-2.30258509299405,1.72112929960893,0.605881803444317,-0.0323140552327984,1.88742258462719,0.925881509226411,-3.27633304830399,0.0889131622025951,0.0894291723971528,0.0889697719795104,0.314835395808276,0.298979552316017,0.084583634092876,1.69521300957523,0.115650789132318,0.0849212840941314,0.957303740280576,0.711821282085617,1.74922560739517
1,0.5,0.2,0.5,0.4,-2.30258509299405,0.0255633318009682,0.445586354971785,0.0340631270254741,0.0624344513689814,0.445823631186872,-1.14395156572479,0.105502584724374,0.102742235020482,0.107740699210636,0.131905339031612,0.128092328577973,0.108198218597268,0.643399124099732,0.121013886823884,0.109575211208535,0.433400990629827,0.173928846425918,0.854726370803132
1,0.5,0.2,0.5,0.4,-2.30258509299405,-0.154750570972153,0.586057025791203,0.0195386008891017,-0.0313749984576752,0.310007008751188,-0.682637952373456,0.0992060335073331,0.101165050364262,0.0965244701172992,0.125926339791191,0.124144053320428,0.105372554412564,0.429890837016112,0.112274135640534,0.0967689695649068,0.417692936450136,0.171387833279125,0.650758877201788
1,0.5,0.2,0.5,0.4,-2.30258509299405,-0.0253247209479757,0.460329053458349,0.193797194461121,0.214670434808548,0.482245607053954,-1.22812756773122,0.101344596644748,0.100194664560558,0.0883127472828862,0.134759697603944,0.132692737337898,0.100295628456209,0.656604705586367,0.120854301640062,0.0941202643445593,0.448508691403502,0.190730522829307,0.851185550266904
1,0.5,0.2,0.5,0.4,-2.30258509299405,0.0841996103599931,0.452998931645783,0.281513339061295,0.153513950768137,0.365742195890774,-1.18016607925297,0.103642651785874,0.102502680321809,0.103810138044263,0.136527257684131,0.143686820357353,0.106464532680477,0.62536087200413,0.113912261264363,0.105587529644681,0.404349039287624,0.200616576690433,0.803839721552793
1,0.5,0.2,0.5,0.4,-2.30258509299405,1.86624460847221,0.430403460784886,0.207679030929727,0.845578550680857,0.808812853193516,-3.17398447108362,0.110606069670596,0.117278158274869,0.104025941147062,0.187557946671791,0.177229840240494,0.102256381223409,1.88015824417578,0.134082482708503,0.112449259451058,0.452559912439968,0.327387165685696,1.94054006249127
1,0.5,0.2,0.5,0.4,-2.30258509299405,2.74007143578532,0.172379118345073,0.0404438050064982,0.623188272301765,0.682508863226127,-3.96191111960876,0.125834879119414,0.126371318722911,0.123774052052972,0.167542202095152,0.160129267574499,0.111968310639732,2.15873396703277,0.156900031917726,0.109653478787004,0.317659681714154,0.283127668481458,2.18629874598662
1,0.5,0.2,0.5,0.4,-2.30258509299405,0.740869658618333,0.498206246458513,0.357361831039985,0.543190701053038,0.491887672199276,-2.1358163616268,0.108145887360911,0.105127648046792,0.116981206184057,0.155652789334971,0.148717871759755,0.103533797763092,1.27017596628556,0.122542320843352,0.111362551608045,0.443374908647564,0.217566677606198,1.40483676466518
1,0.5,0.2,0.5,0.4,-2.30258509299405,0.527852079239498,0.472027932811954,0.08878827031659,0.21972343814891,0.369722558635657,-1.45360421206291,0.114677220888995,0.115055278961326,0.11026883164842,0.137866487336303,0.133226907887339,0.109611317100856,0.847340078427122,0.134585764547153,0.119698677951158,0.416620161058141,0.196490495088523,1.02215615785207
1,0.5,0.2,0.5,0.4,-2.30258509299405,-0.621945518368001,0.539030891858952,-0.13039992257958,-0.26115235663786,0.461058488653908,-0.222348377299091,0.0902691415163011,0.0917797489054617,0.0846277215184832,0.116510523577059,0.1154566300286,0.10144867836465,0.249834028784132,0.102459702255965,0.0804535910711794,0.368338826496379,0.16088829620664,0.4712856018352
1,0.5,0.2,0.5,0.4,-2.30258509299405,2.09495641190175,0.508802843577843,0.383539331296242,1.19704537202843,0.774873086072306,-3.4766842192639,0.102733345081752,0.102056525835456,0.0908929242644967,0.213109150737801,0.203569578477065,0.0968523962260939,1.87465085239347,0.12919635374432,0.0967020914306682,0.47552977087763,0.377854794271012,1.918632326244
1,0.5,0.2,0.5,0.4,-2.30258509299405,-0.412382984511955,0.478605124043384,0.24521381107545,0.162479590913677,0.293198127775326,-0.720339659929719,0.0911362698561442,0.0875423529231825,0.0976058799615389,0.134425869402179,0.134792869886026,0.0974007219336998,0.402713053311823,0.0978850814793559,0.0856608933933077,0.399868021813538,0.181329372070132,0.59096818048111
1,0.5,0.2,0.5,0.4,-2.30258509299405,0.536194914217761,0.573090386355112,0.342304413055538,0.925084982088794,0.572598819253321,-2.0291280151943,0.0921029143918792,0.0934974875826576,0.0936532960164188,0.185824318253302,0.177114177168502,0.0900398230533589,1.05813448964053,0.127399442046128,0.0928506261687671,0.582341670926793,0.352440065096657,1.18060492014997
1,0.5,0.2,0.5,0.4,-2.30258509299405,0.398314684144658,0.54772268279763,0.190367770768933,0.271443587343592,0.486989611990676,-1.5763383551358,0.111658623512435,0.111936656102347,0.107200244497662,0.141241919451029,0.140457654641613,0.106939618779621,0.864163520854826,0.127970614469375,0.107799900912743,0.407225247765339,0.213912914676913,1.01887279214617
1,0.5,0.2,0.5,0.4,-2.30258509299405,0.271293223533446,0.691209372851239,0.15250985545269,0.520983623116324,0.178839642624239,-1.65901752150946,0.095316123118911,0.0927032510499247,0.0985771278249913,0.151379594295804,0.15229353928103,0.0979274206611423,0.893785668272801,0.114830452952679,0.0986514393455966,0.486884626432026,0.210987744038097,1.06627065327459
1,0.5,0.2,0.5,0.4,-2.30258509299405,1.44429066588855,0.749985615680687,0.373890998130752,0.818923965751338,0.518956844475702,-2.92030816120883,0.105738227437077,0.103592844170453,0.0975661382528203,0.185261927209829,0.176117334226964,0.104407080480979,1.85129967951699,0.134222788029958,0.100262890742939,0.477230459477311,0.300157996668649,1.94681506968252
1,0.5,0.2,0.5,0.4,-2.30258509299405,2.24285392350275,0.288334850517933,0.387283584131448,0.779344878072727,0.633778585294387,-3.35420804803703,0.113730099702643,0.111872866615053,0.119703404926672,0.184461507336157,0.174593950309422,0.107422835161049,2.05674111254397,0.144413338160623,0.121321529855963,0.436452989711299,0.312121384816012,2.12571995934371
1,0.5,0.2,0.5,0.4,-2.30258509299405,-0.214304518385795,0.468448642548586,0.289107629413503,0.0414085588983857,0.156995532498729,-0.969414373430184,0.096913369616375,0.0955332873485151,0.0972722770960293,0.129726950687037,0.126502589617672,0.107746449506308,0.509231128847397,0.118981728630994,0.0997773282091845,0.44810864601511,0.163152036977001,0.740700637620744
1,0.5,0.2,0.5,0.4,-2.30258509299405,0.419894368911468,0.360016954748781,0.104119011575116,0.774438553008871,1.06195938663281,-1.68569708446135,0.106550916050416,0.104013176038521,0.0924830950414886,0.191064689697415,0.184637329325664,0.0885049184637911,0.82975480282884,0.116565882246283,0.102420891398387,0.587429983399669,0.35778156462253,0.969989084994292
1,0.5,0.2,0.5,0.4,-2.30258509299405,2.24323114714786,0.574401666358051,0.0700595687285345,0.729993950408196,0.585360869705946,-3.66046230431317,0.118432803422363,0.121235836857519,0.110749570264679,0.178008613883527,0.17863183928136,0.112463221257792,2.20920706947204,0.159998538960336,0.120297692164559,0.386289794070139,0.330491656045748,2.25727205607183
1,0.5,0.2,0.5,0.4,-2.30258509299405,1.36376911632359,0.650474947684239,0.196429598385097,0.438625053349275,0.229209437711566,-2.56048100582257,0.1134987537722,0.114355617383505,0.107909745992025,0.150616888362822,0.151541547301601,0.114357112125736,1.83200604876248,0.144185702657104,0.119828103348757,0.422615293069106,0.21996911775718,1.97075629906035
1,0.5,0.2,0.5,0.4,-2.30258509299405,0.851611039377054,0.617806145226731,0.26754699675442,0.428321441524541,0.299410501168242,-2.22673523917814,0.110991920834633,0.106419090358847,0.107938372616629,0.145419842731296,0.145173531777971,0.110021794256952,1.54185355304282,0.136507448107781,0.119870246906057,0.456498603712168,0.215466971697673,1.69235302521289
1,0.5,0.2,0.5,0.4,-2.30258509299405,-0.373716456921305,0.631036081108813,0.122838890006684,0.264447783001291,0.377754151656086,-0.805588180334995,0.0868289638144391,0.0967847917909259,0.0916251233126714,0.146194768152543,0.146589079421783,0.0945512444537871,0.395747687487277,0.120627018132673,0.0918072358743522,0.456064813600631,0.246120642032863,0.582393077781974
1,0.5,0.2,0.5,0.4,-2.30258509299405,0.609577077362562,0.492699307419391,0.251740976300236,0.960768217890541,0.650778028740485,-2.0185633750863,0.0998398242709012,0.0992203835174785,0.0935186850627739,0.194810910388411,0.177394271268915,0.0937063735315907,1.11670119991852,0.120883257552353,0.0883226846345495,0.638693363482423,0.390169088169196,1.24748592684161
1,0.5,0.2,0.5,0.4,-2.30258509299405,0.101734369194568,0.485810979924342,0.220999511853316,0.592941380018595,0.216525122172183,-1.42645953991106,0.0922793549665631,0.0938984416746936,0.0966264974483786,0.158262327016288,0.159682622444745,0.0946505565024479,0.8036499150912,0.124175118026303,0.0893705142783086,0.626914181077357,0.276791549089394,1.02574492757121
1,0.5,0.2,0.5,0.4,-2.30258509299405,-0.028889548525155,0.319834467568017,0.244400563186063,-0.00733785176431904,0.447813020032597,-1.01064300313992,0.108861741068106,0.107709604319011,0.110011676864265,0.128799616605121,0.120966104671872,0.108540466933014,0.467522733706166,0.123858106695684,0.105143348435632,0.335155041688957,0.175095477654998,0.618301433396429
1,0.5,0.2,0.5,0.4,-2.30258509299405,-0.0989199263258793,0.411839491424097,0.152461329417941,0.0693025720565952,0.33789554184546,-1.0820434610869,0.106731418093456,0.104171794265652,0.106270476335988,0.130784672381841,0.133098899992299,0.108124044244902,0.56292422899813,0.128241955363012,0.108298368556936,0.412836246470303,0.204183336650895,0.750783437943201
1,0.5,0.2,0.5,0.4,-2.30258509299405,1.02683710211459,0.48465400552858,0.396668305497092,0.685199764993162,0.0321330325977489,-2.32016783949243,0.101794421510747,0.0974718163271485,0.104538922444624,0.159677530226528,0.156555321214399,0.101645630007629,1.44047784082193,0.123978194190506,0.104627747839048,0.452394227614099,0.23943753172999,1.5636630409842
1,0.5,0.2,0.5,0.4,-2.30258509299405,0.362996115236834,0.393277219724387,0.314139371877057,0.355090323117682,0.550575929041827,-1.6404231784035,0.107647020119354,0.105253008207635,0.105998383018937,0.145370153596499,0.139306748214798,0.104292915561373,1.02476429803113,0.127317938577705,0.100487099862928,0.507297703799494,0.222374711162734,1.21837146629009
1,0.5,0.2,0.5,0.4,-2.30258509299405,0.27047704117274,0.400647902594105,0.384766832232174,0.449415699259325,0.458142745750651,-1.40360309014497,0.105355504320423,0.110554740483556,0.103169854876199,0.157101807403545,0.158743470404133,0.102109159114793,0.727106046099058,0.127705426086644,0.1028013006155,0.440575096359592,0.224392569688493,0.874209180560241
1,0.5,0.2,0.5,0.4,-2.30258509299405,0.072477183003674,0.525029202319755,0.216567800740392,0.149536835220188,-0.0143651805205023,-1.3586328185323,0.100167604716052,0.0984359743964621,0.0971202707245809,0.130330205239229,0.135038887523246,0.106382371112112,0.675580306137199,0.136997100141003,0.102827880205359,0.373051482499724,0.182196212279047,0.841443030631121
1,0.5,0.2,0.5,0.4,-2.30258509299405,0.854425890564887,0.469104271876824,0.245006584150069,0.603874917571782,0.478297901274079,-2.10641372634572,0.111207395034392,0.108815494258639,0.108678423716293,0.171944617171353,0.170948639075428,0.106272862605435,1.21740966992567,0.131639699112647,0.116122138414042,0.426263123799707,0.235769940387749,1.33447857746952
1,0.5,0.2,0.5,0.4,-2.30258509299405,0.898522418228158,0.453368530252485,0.0666345626644392,0.339781085440257,0.26704443281529,-2.1018460143251,0.108695253477685,0.111789275678602,0.11720022346444,0.140275367601403,0.14205051981437,0.108509227460846,1.11780966903718,0.141571149708384,0.109809411686125,0.329492119746071,0.206112813583769,1.21715224235247
1,0.5,0.2,0.5,0.4,-2.30258509299405,0.937650755064794,0.487510246089114,0.214558617556169,0.90312002052658,0.902321982974604,-2.33840490901398,0.104450439784198,0.102474365818475,0.103975717652437,0.201927692915935,0.195886541967782,0.0949248517058603,1.26565457946098,0.122692883869253,0.105154557637617,0.557669322383849,0.382694008022305,1.35878149024837
1,0.5,0.2,0.5,0.4,-2.30258509299405,0.895876103065847,0.507805188831665,0.133198841192555,0.669364803423893,0.34439492090423,-2.20297331987232,0.104806910675127,0.10901153460824,0.104775452921342,0.165236058187707,0.167911282149313,0.102997774836304,1.38784393338171,0.133280217611002,0.108588266831022,0.471806680021859,0.25399551463697,1.51497075168679
1,0.5,0.2,0.5,0.4,-2.30258509299405,0.628198916647858,0.606171783442618,0.200209519726198,0.661902474040644,0.385504326337645,-1.90315034240669,0.0970594561707476,0.0953423909053303,0.0924343192664251,0.161989639823747,0.162836667599888,0.0979460006790936,1.0603508857099,0.119024857160581,0.0939462784870116,0.488364218646968,0.262678959279386,1.20045491932692
1,0.5,0.2,0.5,0.4,-2.30258509299405,-0.083262016656799,0.359713982780673,0.152773614038788,0.00442352616896705,0.376290565236347,-1.08481029410441,0.106126381916836,0.115647399578669,0.115546563346494,0.125895712062405,0.122898928538266,0.10749606328388,0.566905311047481,0.138569448385408,0.111170142757005,0.407376086784045,0.162872397499181,0.767799998532787
1,0.5,0.2,0.5,0.4,-2.30258509299405,2.04733484266274,0.532508382374291,-0.0510466539793445,1.06580789671097,0.566139757417237,-3.53572403850272,0.101967173122631,0.100009312483221,0.102338142141223,0.197180022714089,0.181512156569355,0.0983037489804658,1.87210423905285,0.118654031755495,0.103988592385784,0.411208042385,0.311536202759489,1.91153962175775
1,0.5,0.2,0.5,0.4,-2.30258509299405,1.00529024550331,0.678687372510968,0.328448493796275,0.350502192897359,-0.0286431925967251,-2.47803252107535,0.111474800387932,0.109904371661903,0.113390166814437,0.14004082143604,0.135308224643076,0.112609523564623,1.6567127666398,0.134372491481457,0.110165668056514,0.362775353293676,0.192840692424029,1.77651412065358
1,0.5,0.2,0.5,0.4,-2.30258509299405,0.38467664886464,0.542572838107753,0.32854838058933,0.153830033028715,0.304576979071674,-1.54230801056074,0.108733405185027,0.105045071749966,0.107413378800179,0.133992734296149,0.129207471845099,0.110754266526434,0.984618954704396,0.125521621400824,0.117094083940261,0.486291124462232,0.194577385271653,1.20757601882685
1,0.5,0.2,0.5,0.4,-2.30258509299405,-0.113400920128581,0.477006703776889,0.0719782603442396,0.2996685139516,0.273314236291268,-1.25082571431985,0.0958895364563439,0.0993623187835033,0.0966304757830655,0.140791172475422,0.136047572119146,0.0990289872347415,0.548192757797007,0.118928716474395,0.0938228289711482,0.390090357533782,0.202141556345497,0.702447057864356
1,0.5,0.2,0.5,0.4,-2.30258509299405,2.09811498767576,0.602861089163388,0.356632384308131,0.770544452295324,0.380414714271787,-3.59927093562954,0.10776501475548,0.114495843279798,0.115506616449447,0.172606544676422,0.175379318162356,0.105827372489647,2.03103816410609,0.150851925299623,0.106282265454307,0.326152034931186,0.259937966846674,2.07840645726857
1,0.5,0.2,0.5,0.4,-2.30258509299405,2.34701419787055,0.41968592686042,0.201675858621791,0.926191882557475,0.369649179193569,-3.64828410306476,0.104787965228661,0.107516080567961,0.105515919242159,0.184850750535008,0.180366308346861,0.10341632502121,1.99939491223748,0.134653673162111,0.10398090774433,0.344173304775166,0.28873694064081,2.03328316514268
1,0.5,0.2,0.5,0.4,-2.30258509299405,0.998042056794161,0.590906029621944,0.0351302624839325,0.617216533764962,-0.0978013692488353,-2.05623622888136,0.104350318770384,0.105295289149913,0.106368542640726,0.159568320900606,0.158494941787418,0.10424889639318,1.19149814341794,0.135340474388667,0.108569464037299,0.441310432742786,0.242114458489046,1.31819957507834
1,0.5,0.2,0.5,0.4,-2.30258509299405,1.68093487737521,0.358380384657061,0.128402273663945,0.434100667682705,0.403780137623293,-3.09653614186483,0.111834165983715,0.117862664289517,0.122927959211773,0.143436770623508,0.136861479621172,0.108422541797519,1.87104160056336,0.145916500062356,0.122475734740678,0.292734469042131,0.193402180807129,1.93767258689091
1,0.5,0.2,0.5,0.4,-2.30258509299405,2.27698865723107,0.433045987026585,0.243075290396006,1.10996075681288,1.06954896983369,-3.68601641836697,0.114394294974465,0.114918016471491,0.104833543535553,0.234056233653378,0.210517866867159,0.101835321223924,2.08627360677036,0.132633534756981,0.109917946257017,0.667183373405432,0.50825862531965,2.14789134233951
1,0.5,0.2,0.5,0.4,-2.30258509299405,1.5691894164399,0.608511028770219,0.382007578345226,1.07704510610516,0.755816238650577,-3.03195484937933,0.105387211444025,0.110834828249157,0.112271914278623,0.210638502725976,0.198222019140799,0.0996228331860059,1.88614775435932,0.136343164511696,0.101675072935628,0.561476852747126,0.377741741435901,1.96488492621987
1,0.5,0.2,0.5,0.4,-2.30258509299405,-0.233474273198329,0.678099667952946,0.289950749418826,0.11380819038303,0.363826135455539,-0.863882800994528,0.0951779661314442,0.102075607543134,0.101859335207354,0.137326090404681,0.132674605519456,0.100962684771393,0.4178158609005,0.116410004022398,0.0992417315711706,0.358789832244933,0.166311666217573,0.580672483311223
1,0.5,0.2,0.5,0.4,-2.30258509299405,1.04243436617315,0.21866601639685,0.117733971977983,0.571047172180379,0.778607820912583,-2.1803014743158,0.119269732290825,0.117129406107118,0.105984364486139,0.165069538925263,0.1605744607377,0.103075456475811,1.19367059645886,0.129465979977036,0.103280008160854,0.426357300499122,0.264184983496952,1.29638686867316
1,0.5,0.2,0.5,0.4,-2.30258509299405,1.57442313043079,0.530489493886221,0.245878824074481,0.666507543311199,0.590042119286534,-2.95417783101396,0.111446805447009,0.110618123911125,0.109220274667327,0.175297882600748,0.169535867402427,0.107626621692391,1.88745846989958,0.137230375335724,0.110928825972208,0.404592746498702,0.267607475116963,1.97470102768743
1,0.5,0.2,0.5,0.4,-2.30258509299405,-0.332668778017817,0.757387263309979,0.187157297031364,-0.0598732637498745,0.263137541801965,-0.735109692230837,0.0962516166972699,0.0986886499787629,0.0890094233583124,0.121839244851127,0.123476333642035,0.105525399630369,0.441718037518766,0.128081856351292,0.111618748982013,0.420197649072471,0.186467916101077,0.665170777461828
1,0.5,0.2,0.5,0.4,-2.30258509299405,1.56420441539266,0.279254446014174,0.292253836107572,0.685497181050333,0.703514919380549,-2.91312817350986,0.117172327833049,0.114514810456883,0.10767440751089,0.175778457290533,0.159273841864345,0.107202166204947,1.70416802570376,0.134748388611666,0.112753526502776,0.374951134006993,0.262237469485061,1.76841099252943
1,0.5,0.2,0.5,0.4,-2.30258509299405,0.66449467587209,0.394085057882063,0.0794363906809896,0.707574958404217,0.678262011700378,-1.87174022951448,0.103216260704974,0.106797751826373,0.0923859438413485,0.173094545669743,0.165170687955464,0.0966665232623377,1.04496881310146,0.125211535381821,0.0988562741255393,0.541322372233111,0.285008066361798,1.1872348415687
1,0.5,0.2,0.5,0.4,-2.30258509299405,1.04119093654698,0.544309605094671,0.433667717390223,0.934311109699871,0.405360218452016,-2.63483353866919,0.0953143455056557,0.0924298236723905,0.0928951302220199,0.181924892151741,0.177239762491323,0.0948928265680356,1.49613572397733,0.115358868214561,0.0921470865016505,0.51046543497741,0.304655948117929,1.60082048381758
1,0.5,0.2,0.5,0.4,-2.30258509299405,-0.231447254517817,0.335303385250652,-0.022396081479319,0.0449187176254174,0.449431112647397,-0.935530173994865,0.10275813879045,0.106249768824349,0.0934561706619471,0.127376854205375,0.120991262652055,0.102099412729299,0.424967448202348,0.114192640860693,0.0938587754336486,0.336396366104089,0.173854534686615,0.56878821049586
1,0.5,0.2,0.5,0.4,-2.30258509299405,-0.0542977442338937,0.518248976318104,0.209437680011179,0.277864057201263,0.205041223555405,-1.18168072094386,0.097398301625086,0.0927909112497153,0.0952312861935423,0.141266365654039,0.138023353871915,0.101547826438905,0.586880361656194,0.110796790987481,0.10661551988456,0.423838408295053,0.197194963200727,0.76464416815994
1,0.5,0.2,0.5,0.4,-2.30258509299405,0.341528184330043,0.536174106544509,0.167280458420801,0.433424151661989,0.534931746343553,-1.68408944424121,0.103890905037769,0.103094402537338,0.0932572909677461,0.151255108102161,0.146557226851869,0.101314173627456,0.935582614087072,0.130228124283472,0.0997740765311537,0.491285188174609,0.22017928056074,1.11513613990552
1,0.5,0.2,0.5,0.4,-2.30258509299405,-0.339763713929648,0.419252241367719,0.197166476719102,-0.0831726242144378,0.0780841507844428,-0.781041748335852,0.0982132540289004,0.100325252309431,0.0928571990315205,0.119713559970269,0.122920497220635,0.109203843268471,0.508342587638208,0.12638812862565,0.104003752419905,0.474576039199039,0.152240161107819,0.783311315124265
1,0.5,0.2,0.5,0.4,-2.30258509299405,0.690011372550672,0.592375008843736,0.395995566480142,0.0882901958074839,0.181743464012855,-1.90590886136749,0.121852951412316,0.125106659475599,0.125094858709893,0.126483519308891,0.128943140852489,0.119877917344155,1.22699959483237,0.165632682273004,0.119666880123551,0.369502290917203,0.195931343100386,1.37139015210708
1,0.5,0.2,0.5,0.4,-2.30258509299405,0.461789055567194,0.542152682974332,0.10386602521632,0.431445399158763,0.26369126804499,-1.79308305022615,0.102518850332047,0.107252085651084,0.104351513679275,0.146046890613012,0.140695188327774,0.103042774555335,1.0844396652492,0.129141836934981,0.10458116033061,0.473240683031515,0.206190375096114,1.2532526510405
1,0.5,0.2,0.5,0.4,-2.30258509299405,1.3562857657457,0.662121094214692,0.119997815551985,0.238850976817309,0.193847673944115,-2.45861088155019,0.127835417887571,0.129963955444731,0.129211566505104,0.137828005107454,0.139440377075963,0.127056301312166,1.78182052891459,0.163972925346957,0.133697778964713,0.342804066926871,0.183365596377876,1.88431862146139
1,0.5,0.2,0.5,0.4,-2.30258509299405,0.305758705540993,0.507804574853268,0.298024101143719,0.246475925225698,0.219346327594234,-1.34739238248693,0.120032541393033,0.12252908236361,0.112876643111969,0.14321798971162,0.140513252466885,0.113334966045163,0.887639032509839,0.13250993273458,0.106741691730737,0.486939121713822,0.201937952462105,1.08770185831673
1,0.5,0.2,0.5,0.4,-2.30258509299405,0.849875155619117,0.525026167252,0.22453744062424,0.562947395511363,0.264206717392987,-2.28736051093838,0.100818996417352,0.101628027678742,0.104839896016509,0.152417947375518,0.150591136449609,0.102010122250076,1.53992557284338,0.140588115643007,0.10882256423565,0.51183472344672,0.271550654187159,1.69506715708881
1,0.5,0.2,0.5,0.4,-2.30258509299405,-0.0470591849410303,0.622039741713692,0.21094942154129,0.0650007671841727,0.139018983606514,-1.12662443509126,0.0987115114849456,0.0983798996677337,0.10164328939758,0.128748317628056,0.124885699576178,0.107421700497606,0.54440291987031,0.116487940984002,0.104864077171988,0.375165574701477,0.168664762439088,0.723176768514409
1,0.5,0.2,0.5,0.4,-2.30258509299405,0.56673725840104,0.326046108121142,0.193583276371898,0.389884807379443,0.429752741017624,-1.93422959564949,0.106454360633065,0.105636308197359,0.0989238034826198,0.143564149014555,0.138831015889237,0.103436868646078,1.02735584264037,0.124372787553972,0.10544042821644,0.39182990116127,0.203934930343303,1.15534485820784
1,0.5,0.2,0.5,0.4,-2.30258509299405,-0.101567048762788,0.469035346161002,0.21524440740443,0.125436676256502,0.374593451361686,-0.961068378619915,0.103761468855376,0.103195332675358,0.105307827178675,0.136348366846689,0.133907331207558,0.105213203738348,0.500034469120479,0.121641926869017,0.0951875246623418,0.385919645930019,0.177616893517172,0.676043136341227
1,0.5,0.2,0.5,0.4,-2.30258509299405,0.66045711550493,0.595893502715456,0.269074588071562,0.302620409122157,0.261072156115954,-1.90916920200825,0.10887519933607,0.105774773420615,0.116031215361183,0.137630249755199,0.138838135205409,0.109023276224436,1.10525319973544,0.1294791498318,0.110021801774046,0.389008253639858,0.199280171021722,1.23980083925401
1,0.5,0.2,0.5,0.4,-2.30258509299405,0.145489645520489,0.548826774813715,-0.113615552803719,0.303890611423636,0.165597954699826,-1.46459777229589,0.100346573308173,0.0981737082524125,0.114695638027869,0.141432764899412,0.13722856932539,0.102972576490989,0.814280720559227,0.114520931975975,0.114014039294517,0.444121336650062,0.202860788116578,0.994393457023662
1,0.5,0.2,0.5,0.4,-2.30258509299405,0.973147161039952,0.53060377763656,0.298175088106829,0.359370824912202,0.153596083128163,-2.2799436828158,0.108980473341746,0.106684569614151,0.115379585265452,0.139146482295942,0.139834539494362,0.109956210143569,1.41018496709773,0.14072890573795,0.110948951488412,0.360452331134187,0.200955468303416,1.52775831952176
1,0.5,0.2,0.5,0.4,-2.30258509299405,0.595579653503302,0.340134667283605,0.132874630164571,0.355336090812251,0.533702919778506,-1.90095323603983,0.112782854156417,0.105111143689399,0.102945799383302,0.146423899519635,0.140702077592421,0.107956290985421,1.11492004890565,0.122251867878123,0.104550053561061,0.417006522941626,0.203246997980192,1.25515717852177
1,0.5,0.2,0.5,0.4,-2.30258509299405,0.371906848126821,0.449716832632423,0.221450731000079,0.883943271597349,0.700028940047791,-1.88307627074015,0.0943329436121578,0.0964606460659302,0.0928234570029909,0.189244983356243,0.185452818558129,0.0907642408296077,0.92818070701093,0.119245420401774,0.0941525247085138,0.569134648742762,0.314592635687144,1.06361933600206
1,0.5,0.2,0.5,0.4,-2.30258509299405,0.645540684496011,0.55824794708517,0.178376879409509,0.744021113440828,0.35480185316738,-2.18564554530093,0.0957833166162639,0.0970980200110564,0.0935002678182284,0.168455015565109,0.163308991977643,0.0962315262271029,1.29531221465538,0.128981496924166,0.0985269660587233,0.565027811529021,0.302246665969382,1.44508463972739
1,0.5,0.2,0.5,0.4,-2.30258509299405,0.715996366733714,0.623631902918287,0.0833654922271721,1.23718266238417,0.983883539558101,-2.05647254889189,0.0901953536656661,0.0897628206860856,0.084976114322022,0.237592148189799,0.228634402892643,0.0838549407326161,0.992303330190787,0.112595802051176,0.0915090510099967,0.693960358362751,0.461183028985038,1.09629663291722
1,0.5,0.2,0.5,0.4,-2.30258509299405,0.0332883813180596,0.745250026071633,0.227510782341134,0.195233436781508,0.152461309234121,-1.11809771127227,0.0936030675321222,0.0952617314171221,0.106794623064227,0.131331698675768,0.125278113600471,0.100327039338859,0.567648645954303,0.107179611593151,0.095403387388472,0.399103526920143,0.172675601713555,0.744296177556245
1,0.5,0.2,0.5,0.4,-2.30258509299405,0.0806436515994858,0.581805831095438,0.140170964680513,0.393106183399662,0.0278710811162686,-1.11161507091212,0.0898680422715938,0.0894823214085591,0.0870434775942565,0.142287557009383,0.142217504801817,0.0955027781717086,0.619162612879424,0.11294817770719,0.0945288385736415,0.498092285562011,0.204970382212605,0.827850926651377
1,0.5,0.2,0.5,0.4,-2.30258509299405,1.12184790567367,0.542261073106062,0.360184363560363,0.918297624001799,0.591275896579789,-2.61781727789481,0.0952386714924054,0.0959135132218668,0.0954628025859619,0.181212230237829,0.175118848242901,0.0935937220765246,1.4537299378128,0.118898989491219,0.0947128522680876,0.461901655908671,0.282460084124976,1.54508002968961
1,0.5,0.2,0.5,0.4,-2.30258509299405,0.7488982926157,0.485303417550274,0.264480996059556,1.08966816046895,0.532732608518739,-2.25213022587854,0.0914199626317425,0.0907856894688516,0.087832766974356,0.199414665726025,0.195937088003314,0.0901823223883512,1.1671634208463,0.111656944704985,0.0937590007956745,0.608278774304518,0.348075407201491,1.28524195467407
1,0.5,0.2,0.5,0.4,-2.30258509299405,1.55013699982602,0.601299965989082,0.121344659603117,0.484093514112415,0.227977404429553,-2.62022099717326,0.118283625536608,0.11766830549031,0.116451482081392,0.154005880312188,0.150669787678946,0.117275217852742,1.83272133669437,0.13817730124855,0.113181091872343,0.367256732588714,0.213054610423844,1.93633063245208
1,0.5,0.2,0.5,0.4,-2.30258509299405,0.791089133329526,0.72495219715093,0.0280207784013306,1.35537464855843,0.991512590344123,-2.34424480591703,0.0899574210407545,0.0881359226248759,0.087556903118451,0.247170049535849,0.229145092642844,0.0846646891934111,1.50966472052002,0.105156104752952,0.0953030587836029,1.2449991830783,0.788904628866208,1.69272591500505
1,0.5,0.2,0.5,0.4,-2.30258509299405,1.41719105675428,0.386353045178383,0.403168229100772,0.38045689082913,0.299759091294586,-2.67759494151395,0.115021544931588,0.114709244773246,0.120526866311077,0.144817335835321,0.140908068820954,0.112619807270524,1.67672334310232,0.141071888190002,0.120822447850334,0.325516769611473,0.20400053875875,1.76683404169648
1,0.5,0.2,0.5,0.4,-2.30258509299405,2.03363442710671,0.665974323904798,0.166810235281375,1.18242885894531,0.281106275773588,-3.69317998409832,0.0937204128302691,0.0964316948394098,0.0928374088418049,0.198239415545142,0.205309552316062,0.094129661049324,1.8749393380535,0.141528463951972,0.0956256834192282,0.448430382826337,0.381437706595287,1.92041450640421
1,0.5,0.2,0.5,0.4,-2.30258509299405,0.10210418410636,0.348902029822654,0.292921362069672,0.347979666482509,0.341774851204722,-1.43194764245005,0.103098493974851,0.10098273346059,0.0958205899796266,0.146408788764409,0.138319023840372,0.103319306166285,0.685595932563346,0.115993709468443,0.0952694420090764,0.412586407359114,0.202822736459516,0.839226290379989
1,0.5,0.2,0.5,0.4,-2.30258509299405,0.694758381736785,0.504512559303403,0.290607626759764,0.498633783228514,0.149328076223449,-1.90808236317121,0.105768955825292,0.107181674796172,0.101717317957558,0.154910833710285,0.157887254500996,0.107393791918649,1.29639391411317,0.150042598905204,0.106995605272238,0.518428686654806,0.240095477546263,1.48078341590468
1,0.5,0.2,0.5,0.4,-2.30258509299405,0.277381537589587,0.509231870041,0.0729559048560291,0.187289630476115,0.489307674835701,-1.3992056661412,0.110544485301887,0.114894715395726,0.115805553713518,0.138938666266294,0.138049484911396,0.108884799340468,0.825013460174612,0.148953536719824,0.108893908571984,0.474284762568931,0.243621216723097,1.00810817119146
1,0.5,0.2,0.5,0.4,-2.30258509299405,0.464631398756308,0.699215045758007,0.0649550740795499,0.272056462657543,0.296998832796507,-1.63358820145995,0.110417742141309,0.112917543953763,0.114019220696353,0.140641128452552,0.139578715048079,0.110943180008122,1.04695035366907,0.135597770099281,0.112444055477163,0.475426720740795,0.205199264302921,1.23991192951307
1,0.5,0.2,0.5,0.4,-2.30258509299405,1.42045396430835,0.67593907281952,0.37299922229446,1.56678697422736,0.664716983304085,-3.16227248958707,0.0899890179030031,0.0922867832319733,0.087281416554774,0.254058449310637,0.23091498386401,0.0874968435094134,1.63903836035642,0.129150936649715,0.0920788298094037,0.642265650174293,0.4439241979481,1.69967194685144
1,0.5,0.2,0.5,0.4,-2.30258509299405,1.31570860560433,0.401753542752984,0.0814802599604409,0.393548264504824,0.186201237934898,-2.56482536723924,0.11740440072614,0.114091975255927,0.112297743143078,0.145340814478436,0.14513097830129,0.115657310331073,1.78427239404641,0.155359850707047,0.113479426085949,0.369144928388364,0.207663759902448,1.89494664856991
1,0.5,0.2,0.5,0.4,-2.30258509299405,0.603874417054615,0.607001466473231,0.206628037729439,0.293472703451744,0.460321374796324,-1.9130378099001,0.10771599575531,0.110645346389626,0.106089315280692,0.141526775875445,0.134389010367167,0.108083577183554,1.1712004060306,0.140231244789538,0.110408095480404,0.438568579557522,0.184042085552507,1.34850937191722
1,0.5,0.2,0.5,0.4,-2.30258509299405,2.73131256114224,0.482439490885782,0.231830962493244,0.424092091424343,0.373011607276642,-3.85756011194439,0.124589170275636,0.11994631969159,0.118429058800283,0.147298773118039,0.138666303629259,0.120426562102411,2.23082160265795,0.147023988742948,0.12326523506855,0.250414628586251,0.193025145380467,2.2665485723412
1,0.5,0.2,0.5,0.4,-2.30258509299405,2.11998227786221,0.430918695072597,0.396864005601889,0.595467154122487,0.432882328900011,-3.50466628926392,0.112209326256049,0.118728961190033,0.108502293819728,0.159435720691769,0.167818907757877,0.109550132060523,2.04817571116646,0.181684296833009,0.1139398662732,0.346607195723453,0.351293965617049,2.10156744194798
1,0.5,0.2,0.5,0.4,-2.30258509299405,0.0488017261918089,0.311911528200184,0.197030067855771,0.20976714294543,0.481768397701287,-1.1732849313178,0.105357277436196,0.104217027724303,0.102370493305608,0.139631992040794,0.133551282615454,0.101760707953025,0.572685073700145,0.115128017125115,0.0987009960406289,0.425016729635194,0.212384632897867,0.742170739152344
1,0.5,0.2,0.5,0.4,-2.30258509299405,1.88888422624517,0.466751026622232,0.227885629442239,1.62020653952107,1.26012059068891,-3.32895926673729,0.0970773286496283,0.0995178821725572,0.0909139074675944,0.284504342165129,0.249527114973837,0.0888215745540156,1.77739758033493,0.119641824626778,0.0882498490639542,0.739768455006029,0.492728073435119,1.82947979847989
1,0.5,0.2,0.5,0.4,-2.30258509299405,0.779411245147207,0.321114129244259,0.0290516544947914,0.387036200935982,0.0864351881363886,-2.09867807333716,0.112215509868209,0.112809234373825,0.107219243999685,0.14558277272618,0.142349348159089,0.111333560200828,1.25550423955939,0.137759177638867,0.10936234140275,0.388619529566513,0.198849187762462,1.38673643433547
1,0.5,0.2,0.5,0.4,-2.30258509299405,-0.240439812399618,0.522763744081067,-0.0395989610184757,-0.162726463894631,0.164256797418397,-0.759151169011631,0.104530168688414,0.10861914225298,0.105568879316031,0.118175417109604,0.118713681938479,0.115242167676069,0.444342019759192,0.132294407507845,0.114906248435658,0.37027600440126,0.16382059594781,0.650552822370081
1,0.5,0.2,0.5,0.4,-2.30258509299405,0.393901387661218,0.645120501214784,0.0533693470682433,0.428443913870138,0.219499305035897,-1.74818214176649,0.0970364396292377,0.0954787860062872,0.101524827925559,0.142672766667313,0.143931636620729,0.0998118841112264,1.08310212645518,0.130164179549079,0.103782490013401,0.529817546335878,0.20556479449368,1.291517809014
1,0.5,0.2,0.5,0.4,-2.30258509299405,1.30228916571353,0.422844812409891,0.412989580436781,0.802458821438083,0.402407043131407,-2.79980347881757,0.100442224365271,0.0966106012437074,0.101879345160626,0.170823824675614,0.169727602394293,0.0989357613546187,1.690205032473,0.124073849004416,0.104189242124461,0.44916853544997,0.293739850982284,1.7855065210544
1,0.5,0.2,0.5,0.4,-2.30258509299405,1.53450070833043,0.295092264101072,0.269407303963665,0.573071889022875,0.651528057238657,-2.83683417438857,0.120222294464528,0.120716279788331,0.111869873643847,0.16134322919881,0.154889841748755,0.109664964508698,1.86402346137289,0.136833018165841,0.109499636238185,0.430718946541426,0.268832970000059,1.9560694902488
1,0.5,0.2,0.5,0.4,-2.30258509299405,1.19991237113412,0.458461429908479,0.186272923330792,1.00083560798353,0.653815464156121,-2.90215724069838,0.101478599180049,0.103415238311654,0.0932339209490766,0.199410791893672,0.195375771326237,0.0980797047446515,1.74689544009671,0.149263461245785,0.101009655838621,0.522113690200772,0.383942118663972,1.82993244361192
1,0.5,0.2,0.5,0.4,-2.30258509299405,1.29694233142784,0.674921724308675,0.179503361808157,0.732299869327415,0.235973968504899,-2.67403388961172,0.102028974853534,0.102188715708924,0.0971852320701641,0.166927084620425,0.164414196017623,0.102354989411471,1.6811939130558,0.136404536673816,0.103932599543254,0.43102685543322,0.261339819514731,1.78259962406926
1,0.5,0.2,0.5,0.4,-2.30258509299405,-0.0442292405629342,0.544068377994754,0.164717201895958,0.233057906864938,0.437781069024507,-1.2227757691497,0.100569046230019,0.102827057016996,0.107470586512258,0.142919011453561,0.139873699154284,0.101773285976996,0.737064251341116,0.140689646373436,0.102570683748606,0.55426429075779,0.278300486732937,0.965955042528153
1,0.5,0.2,0.5,0.4,-2.30258509299405,0.995345882505566,0.61355916103201,0.21441526530247,0.448742827973637,0.283371460445466,-2.26660125391028,0.113110939472378,0.113163452982237,0.121506080740103,0.149554496904128,0.146262104579956,0.111527700820561,1.38676323883935,0.142331259051354,0.106764919712024,0.386753135329388,0.235734328199121,1.49362037661686
1,0.5,0.2,0.5,0.4,-2.30258509299405,0.0197813713924284,0.579234436247399,0.297137237829999,0.691016666548979,0.749890180865651,-1.4303778739495,0.095456357946606,0.0934173693652257,0.0936870382419966,0.176985817624083,0.172107272233286,0.0893071186719317,0.649236072019803,0.113841093106068,0.0952584265092284,0.505896417067893,0.289773488306493,0.784998770005823
1,0.5,0.2,0.5,0.4,-2.30258509299405,1.15969057350765,0.55502114279445,0.264453059411946,0.466142369792374,0.306446109114472,-2.42507413217084,0.110392362690587,0.112502564778351,0.109858012692785,0.146749526622885,0.148928046968659,0.107685728795129,1.4956631581484,0.137227545062784,0.108194179655195,0.367688400145804,0.223024181024821,1.59687237506131
1,0.5,0.2,0.5,0.4,-2.30258509299405,-0.310984629348321,0.562448576256866,0.145541323724665,-0.155170107698127,0.125663331707535,-0.645788325751185,0.0955210970922128,0.100357434984489,0.0927597548295739,0.114254733413125,0.114126652646265,0.107011112524963,0.471970326620506,0.11946533282819,0.0984093276409639,0.468932557838096,0.163553351116085,0.756099812440045
1,0.5,0.2,0.5,0.4,-2.30258509299405,2.59909928574445,0.555887130452552,0.10320474160962,0.870896002845427,0.406398034290249,-4.00450085183592,0.110109849520644,0.111666162576769,0.118921739731939,0.187669407153732,0.180858905771159,0.109341644112092,2.1366820673067,0.147052456144529,0.114950545473894,0.349937902363703,0.307171294470364,2.16760201243176
1,0.5,0.2,0.5,0.4,-2.30258509299405,0.205377651760182,0.510003973920049,0.178440097451541,0.0112163348131597,0.389485451020181,-1.36161447416064,0.113179887949254,0.107983484223216,0.118357385039314,0.12795467266794,0.121488868088876,0.115073526664489,0.848808233238052,0.120913583125802,0.121526702197503,0.439122114496015,0.168716686920481,1.06528834412911
1,0.5,0.2,0.5,0.4,-2.30258509299405,0.0487272408720691,0.387667225113461,0.137236384342661,-0.175306419501626,0.431424993864945,-1.1116340710855,0.116006684958771,0.115986408119327,0.103522460666108,0.117616906173438,0.115159804052177,0.11560964873669,0.588738855418432,0.133353315846861,0.107262174641152,0.352849777213968,0.173298148115241,0.761733767452095
1,0.5,0.2,0.5,0.4,-2.30258509299405,0.0925575720747007,0.518598639569989,0.250657992985226,0.915840818014861,0.651030110107502,-1.44499654008156,0.0861004925241956,0.0856820760809523,0.0851041893237518,0.187005909500291,0.177632767428638,0.0836779899088044,0.629731201406961,0.0983873171277981,0.0817601571332235,0.597726330542118,0.320234388530816,0.767324099221242
1,0.5,0.2,0.5,0.4,-2.30258509299405,0.221050869347619,0.517759969389996,0.241952685649182,0.444195956468116,0.365834875477166,-1.61461629188797,0.0967694789400853,0.0976852730689804,0.0987876254179359,0.15223659294952,0.146824848280534,0.0995678898059366,0.82296705753779,0.11762920906199,0.0999828497973795,0.46522754262178,0.218321529979572,0.992425863818141
1,0.5,0.2,0.5,0.4,-2.30258509299405,-0.111802764788753,0.639814767397916,0.195982022237708,-0.0708041268865267,0.302120722178749,-1.02507680732705,0.104333511526959,0.102336226014241,0.106559703409516,0.122327302327946,0.12001677841713,0.109424582064004,0.536256132881579,0.11758678688857,0.108553455173404,0.385237984025632,0.167894077981105,0.732360981130433
1,0.5,0.2,0.5,0.4,-2.30258509299405,0.723587006590802,0.904945612548832,0.123156617868314,0.39142859003937,0.0293479101648606,-2.03321563775975,0.109197578855384,0.11756058225131,0.113778833321859,0.144364845427704,0.147986367911264,0.110230019366623,1.12407420203232,0.141548836289878,0.107700949161411,0.3517918218614,0.203421884398943,1.23383705815645
1,0.5,0.2,0.5,0.4,-2.30258509299405,2.62164209892884,0.482194166418236,0.169062527533487,0.867441734112581,0.721132740463169,-3.95544156318603,0.11518457548542,0.114171778361513,0.108106075405705,0.18847642941023,0.181795890641331,0.107518023310837,2.05944113000742,0.141254758285697,0.116965361140577,0.413392019388165,0.336227623154933,2.09301946481031
1,0.5,0.2,0.5,0.4,-2.30258509299405,0.147528596714227,0.451071557812007,0.171960488457268,0.105852395637792,0.662450553677621,-1.20247499323482,0.11217726162176,0.110532910682593,0.0988980444202785,0.134950632303677,0.126609754249191,0.104164881224639,0.689277287929885,0.134229147092704,0.108308139648809,0.457028245855547,0.181128097963414,0.906197255832121
1,0.5,0.2,0.5,0.4,-2.30258509299405,0.484561301321589,0.447320459949619,0.421674439734046,0.199929630275402,0.0823525131407225,-1.56547032448491,0.109123210217157,0.10573982983706,0.104041535117086,0.134565771002246,0.133652403990648,0.110962249672627,0.902412655639275,0.145025214372917,0.110509660163412,0.407649169252074,0.212677513019996,1.06846175894849
1,0.5,0.2,0.5,0.4,-2.30258509299405,0.589684894152168,0.425253148755492,0.367414294132562,0.55561082641953,0.250809180378895,-1.60245644275991,0.102725560911161,0.106369819223156,0.103794044914241,0.157702992076664,0.156011151074202,0.101217191328146,0.939881849330891,0.124149148917593,0.103348053521581,0.516886572925651,0.242677804994148,1.11828375229179
1,0.5,0.2,0.5,0.4,-2.30258509299405,0.325411945545183,0.758972281266868,0.0981709504379766,0.149409302429414,0.0323303327317376,-1.61586202761989,0.104108726730923,0.104227996882112,0.103524504530557,0.131737120612063,0.134332755392496,0.109517856250117,0.829325614385172,0.147555011164456,0.104995988585638,0.36178172854299,0.177342002888151,0.986133440719282
1,0.5,0.2,0.5,0.4,-2.30258509299405,-0.161376021954998,0.448021489948713,0.0469282578197044,-0.0632134192945174,0.193986535917701,-0.782235778329436,0.102173557178335,0.095583621413526,0.119086886153681,0.120813669728075,0.117987661059719,0.109460326973159,0.555881851832316,0.111701580776821,0.110113230639256,0.489261967752436,0.177768013486975,0.830487078477252
1,0.5,0.2,0.5,0.4,-2.30258509299405,-0.242785988144687,0.355880427633245,0.227247332075217,0.121045467723166,0.499961160071269,-1.01942490299273,0.099858097263654,0.10783967221691,0.0912433765661635,0.130443347142871,0.128482648587336,0.0998513418663754,0.535098448847654,0.127463742218475,0.100589180348239,0.451245284351312,0.210628432343112,0.733822810157125
1,0.5,0.2,0.5,0.4,-2.30258509299405,0.941435005267783,0.55178000667317,0.00888539621035064,0.664433260951442,0.215342274301502,-2.2510136286036,0.104955224465395,0.103508311463417,0.106412444670049,0.163975200353048,0.167818578998116,0.104354050821346,1.32913834897405,0.143039848157357,0.108051242139457,0.423761209429616,0.258047767711661,1.43893268974481
1,0.5,0.2,0.5,0.4,-2.30258509299405,0.365560543371574,0.537181071726513,0.373354057552531,0.371461159575729,0.332443410860479,-1.47044464156602,0.104346981791397,0.101634230539768,0.100206185380337,0.148198342831122,0.14487095292179,0.104199405489585,0.734268740767294,0.12109145902593,0.106481336306605,0.392083585343308,0.221030364151386,0.866395701322002
1,0.5,0.2,0.5,0.4,-2.30258509299405,-0.0465458676247735,0.634317144431188,0.0235127463818573,0.332448123223719,0.0446285837435438,-1.24820838734861,0.0950042022440769,0.0964341703490494,0.0919871302907253,0.142367399218664,0.138592344129304,0.100012533709769,0.646824215654359,0.112206513904278,0.0941980379742019,0.457751474325428,0.189389106450864,0.840171853561745
1,0.5,0.2,0.5,0.4,-2.30258509299405,0.125985512119011,0.432014685632631,-0.0163290374000934,0.0779214218769159,0.315181176295954,-1.28674701409197,0.106569655711618,0.102082445831772,0.115366775088863,0.127542019070702,0.124975277416222,0.108896998091311,0.899048243526492,0.127947688991065,0.110267369956891,0.559134345394993,0.188896368820352,1.17716906056881
1,0.5,0.2,0.5,0.4,-2.30258509299405,1.93147974083306,0.459137701730334,0.309285835438216,1.4339240546987,1.18182845988086,-3.58073122713622,0.0954701049504812,0.0952464832316662,0.0926386152657452,0.263437547412635,0.233213754564726,0.0903339012397867,1.89607425269673,0.111226347537115,0.0917647755858088,0.84145635573763,0.616077458100984,1.95671330441563
1,0.5,0.2,0.5,0.4,-2.30258509299405,1.23358563827633,0.658473319431368,0.165925059573948,0.174292044312328,0.140215913649753,-2.27597335083506,0.13641996461636,0.148925337069168,0.146144992343767,0.13184273613681,0.134650120151807,0.130385746462407,1.65238449998309,0.17744567221881,0.130433632728216,0.345862150791602,0.199729995437554,1.76368771019006
1,0.5,0.2,0.5,0.4,-2.30258509299405,2.1482940784807,0.270038738973605,0.303062940417918,1.32268119671877,0.62138034822798,-3.74741671677885,0.100011608813035,0.101751473341563,0.0979254365520893,0.237366545680568,0.218635197552849,0.0957193533440388,1.9002924398697,0.124069415044074,0.100072429031302,0.523113921001078,0.361716577760799,1.94092072469717
1,0.5,0.2,0.5,0.4,-2.30258509299405,0.552781316389094,0.593426620434905,0.320491729598491,0.509068524846556,0.226880673880481,-1.7067466322114,0.101681531207794,0.101692485458508,0.109638595177026,0.155300949088715,0.151502604036293,0.102752184563983,0.890854157632045,0.120402023948984,0.100616523236269,0.414196033313928,0.228833040080532,1.02439788676419
1,0.5,0.2,0.5,0.4,-2.30258509299405,2.1189954218327,0.16355167453324,0.208474210717579,0.496313116474465,0.62936478916136,-3.10107957644589,0.13421063906454,0.129142947049432,0.111054525282189,0.157323901250138,0.152267193563743,0.118473348134299,2.09397130879709,0.151659698751268,0.116168103319944,0.34899195578916,0.240868945738273,2.15938622447346
1,0.5,0.2,0.5,0.4,-2.30258509299405,1.47119817708833,0.140648902589006,-0.0363577746519325,1.0360712700798,0.751364853291671,-2.74095151960706,0.107073399458323,0.11179280738819,0.099727088844953,0.204450988355873,0.185537895942591,0.0970630418618029,1.55394980987949,0.135278147024162,0.0944278358545462,0.503654140867791,0.310123946430863,1.63528297579168
1,0.5,0.2,0.5,0.4,-2.30258509299405,0.172925642638949,0.527453136409774,0.173763223904105,0.32819275759932,0.581266454927928,-1.30448836826252,0.0979972301917403,0.0967670090879165,0.0851466010052555,0.148347123505898,0.144285496992234,0.0977941811668578,0.602781711399061,0.111951650690871,0.0974184266409523,0.384511276649678,0.209394981207556,0.746361934964487
1,0.5,0.2,0.5,0.4,-2.30258509299405,-0.0528377304776891,0.432271180138564,0.292319518692628,0.0414230010467589,0.48038364701871,-0.995145573335999,0.103725314950068,0.0981558538312112,0.0969758845651064,0.128536504530493,0.122652545188367,0.103285096518631,0.496903902661522,0.111448662592623,0.0995546787954224,0.359509957993144,0.163896967537062,0.664197661547386
1,0.5,0.2,0.5,0.4,-2.30258509299405,1.56877622506294,0.478530985868111,0.079871459997094,0.832860846906832,0.841426378250258,-2.85285875617727,0.114853920254117,0.113247756335484,0.112715726782567,0.199035051585079,0.185378640576414,0.105200768529296,1.74263909168698,0.130777437367802,0.10465876671429,0.448957029747403,0.310649341946214,1.81133678108974
1,0.5,0.2,0.5,0.4,-2.30258509299405,0.242541435655721,0.481478530697672,0.165524215343577,0.783397626557512,0.886634338008491,-1.54400899198058,0.100828156747536,0.0986535619934863,0.0866143334806309,0.188906761829529,0.176573394856548,0.0894600294197892,0.659077438443266,0.115529505581172,0.0957707158174828,0.522082713706944,0.29760848812124,0.787878745897812
1,0.5,0.2,0.5,0.4,-2.30258509299405,1.29247115229593,0.355713024391518,0.0652564208569598,0.645777419945658,0.51486583265243,-2.45108411923375,0.109108265485295,0.106642533211972,0.0980005541929035,0.165212849191711,0.163071696628017,0.103957025591899,1.59950832811108,0.125562591291438,0.107144901220128,0.477133355967341,0.267952297459097,1.71847120857784
1,0.5,0.2,0.5,0.4,-2.30258509299405,0.63610849220157,0.30305691235781,0.282814460227059,0.436822449812893,0.536960915777367,-1.79172346154282,0.109164335839883,0.105129872586619,0.102266213562605,0.154024364553453,0.149497675356937,0.105894791091965,1.07500216874843,0.130415977368935,0.112964213261638,0.505467410911141,0.287483679164499,1.23404643182026
1,0.5,0.2,0.5,0.4,-2.30258509299405,0.314803454362797,0.749475509681509,0.0223976143381659,0.569015037744028,0.250024554378008,-1.5189372815433,0.0947655853392716,0.0942013258176969,0.093952672464364,0.159574418057256,0.154666762501841,0.09716367799626,0.790754199430968,0.119251853754754,0.0970366554246523,0.500889632677888,0.233589415433349,0.956651711370842
1,0.5,0.2,0.5,0.4,-2.30258509299405,-0.270706409767795,0.406751367335103,0.210937063056948,-0.0100206113798526,0.595863755696353,-0.697421492510169,0.106790183010072,0.100874354331996,0.101034861957447,0.131162477460369,0.135992531638681,0.102545620511975,0.399887165846847,0.113096134440121,0.0949912325970258,0.397181596878111,0.202056821425163,0.582887434539185
1,0.5,0.2,0.5,0.4,-2.30258509299405,0.664316238322089,0.617152779601277,0.254823131761492,0.49552593041232,0.0526430065586078,-1.87223086079822,0.103563594485682,0.105087659730791,0.0987987326147818,0.151145086673455,0.148629238493314,0.104808513318073,1.12085042332966,0.139261427762567,0.106616536550528,0.448763847639655,0.218592820758844,1.27360392487242
1,0.5,0.2,0.5,0.4,-2.30258509299405,1.54703308316787,0.301122049956417,0.231771572108287,1.33510116702251,1.02419769269446,-2.81651029728951,0.106689055015753,0.109977204653301,0.0966174804440103,0.241675820471787,0.209657196497,0.0922378630075189,1.5773624320285,0.123098504051477,0.0991407934278496,0.693192405686127,0.442415630831264,1.65235906062224
1,0.5,0.2,0.5,0.4,-2.30258509299405,-0.0185252416394343,0.307707919778563,0.344121396572144,0.206514189669462,0.574246846248378,-1.07167992453812,0.115150022290706,0.114447231450324,0.0950665490605745,0.144079382930988,0.14123188424251,0.103463593940545,0.520225276405744,0.127791573519431,0.100175717938385,0.426295797954977,0.234333761058894,0.684779602696659
1,0.5,0.2,0.5,0.4,-2.30258509299405,-0.00399604714922118,0.577373372744929,0.118236564766011,0.142181747864351,0.232155191570794,-1.24465170892564,0.101515250735257,0.105564253163247,0.0986426948232221,0.13427232224581,0.134593857080668,0.107230504417595,0.681461231343196,0.128597669913699,0.110713614223583,0.443117452223858,0.184817278482945,0.884359937684678
1,0.5,0.2,0.5,0.4,-2.30258509299405,0.693095734177759,0.550214196923267,0.203675722453565,0.818370911502437,0.477705231906501,-2.21489824519436,0.0997375744618782,0.107428540015512,0.10013885486886,0.175698237126311,0.168197531390873,0.096337467608038,1.4099976486805,0.161873491872703,0.103318641201643,0.611290604662624,0.375238974784201,1.54214639893958
1,0.5,0.2,0.5,0.4,-2.30258509299405,1.2364293813685,0.297853237964188,0.328539281536038,1.290622176957,1.0223835911859,-2.70884791926742,0.101210661847325,0.102126767393404,0.090094484928671,0.246384786076372,0.216974647390455,0.0914825745373303,1.53248226656945,0.108785130357926,0.0921972583632179,0.805620780752008,0.575430436562176,1.61191072847063
1,0.5,0.2,0.5,0.4,-2.30258509299405,-0.509308863766182,0.62867726133746,0.491572902980266,0.0529111528138159,0.231917322147661,-0.647987000015494,0.0887962073257415,0.0894906348787286,0.0899307250964404,0.132218494570107,0.127944965746935,0.100479797562467,0.351873924559597,0.104184428505948,0.0964785747457301,0.392232991961415,0.183413564898954,0.549715619970983
1,0.5,0.2,0.5,0.4,-2.30258509299405,0.242456720823463,0.544571512425293,0.277572349361747,0.70195792390322,0.533652350899135,-1.55654720968838,0.0943970005466532,0.0982327689141696,0.0896837024627682,0.167635640951306,0.159537510574038,0.0917179342310079,0.732171207823489,0.121867547834233,0.0876287627448352,0.459920539535265,0.242487957798765,0.863767387107624
1,0.5,0.2,0.5,0.4,-2.30258509299405,0.173643008161765,0.526498497468642,0.182482956488105,-0.00160216549514004,0.197187443142317,-1.15040901514754,0.112940291639377,0.115143915278581,0.118001066546148,0.124410825093494,0.122561620146422,0.114667874379252,0.754553812286908,0.130309234262476,0.116416437087733,0.474998719717086,0.175225910217645,0.99694144219976
1,0.5,0.2,0.5,0.4,-2.30258509299405,-0.0537069780709324,0.482977257403219,0.325768491538886,0.266995770391823,0.45967981582658,-1.01272580209961,0.0979974522582178,0.100768112501935,0.0950519871914828,0.144633850600648,0.14550588468027,0.0985289359002366,0.607155145248665,0.126658023994774,0.0894589005383369,0.527501130379667,0.230988957530602,0.839087052836961
1,0.5,0.2,0.5,0.4,-2.30258509299405,1.14458249684555,0.48860457778353,0.0743707229439824,0.460578087192088,0.620197774175277,-2.39046267793704,0.112259773645997,0.112441919689795,0.103921478591644,0.156983510189756,0.14748849369821,0.107319118378456,1.3975384138625,0.136980325875802,0.106144689006062,0.389392898666244,0.241642602425896,1.49451977909497
1,0.5,0.2,0.5,0.4,-2.30258509299405,1.11836025361154,0.341805637832345,0.378520499535884,0.504415742673518,0.44232319258163,-2.50803146924318,0.113797028475313,0.112965692729917,0.110067627807619,0.150029051966505,0.143506076686034,0.10837246014424,1.56402905444937,0.136944748062489,0.109187651318903,0.358372186513157,0.209202917180024,1.65611615970762
1,0.5,0.2,0.5,0.4,-2.30258509299405,0.798179947561436,0.411384996420575,0.308087417561815,0.0270930076606213,0.510241896909347,-1.92564760514963,0.136068650605118,0.131290047392171,0.118474781745734,0.127341135980099,0.123122164227565,0.12180252291296,1.11740214422569,0.144482548518146,0.122779480411506,0.324614681734586,0.170157952138926,1.23642009154994
1,0.5,0.2,0.5,0.4,-2.30258509299405,0.738399770513493,0.477470544055175,0.192054298337593,0.947938864664257,0.759517448115444,-2.29219622340314,0.0984858054429168,0.101527012720765,0.0957554271354487,0.1891183885994,0.172638678719768,0.0918616610203981,1.27720882892658,0.128601072655814,0.0928011438772803,0.641234923125143,0.41940237832446,1.38739078326531
1,0.5,0.2,0.5,0.4,-2.30258509299405,-0.0587111781570886,0.473031590342944,0.329655650975005,0.090307034708335,0.236478052938851,-1.11137510472703,0.0985623449166353,0.0976910572328051,0.10006471368751,0.129927640432281,0.133558614255838,0.105848985898361,0.597584178514493,0.125544876023187,0.101198934843812,0.409255056825011,0.18691216435275,0.788965655369562
1,0.5,0.2,0.5,0.4,-2.30258509299405,0.426333569663968,0.473190125080837,0.179681088150029,0.119206084293221,0.223402701468755,-1.55403841006633,0.110377489739456,0.111913154091834,0.108108860671303,0.133318588010188,0.132917063459398,0.11473214391615,0.931433108008342,0.133593828471369,0.110502804020356,0.428786670913259,0.179990549820653,1.12303090613404
1,0.5,0.2,0.5,0.4,-2.30258509299405,1.4346067499205,0.540376601072852,0.0742579915562758,0.654642756874197,0.264228582268262,-2.78054097703274,0.108704206036156,0.105829363187999,0.109077353064914,0.167001281679739,0.164059223211656,0.108237401766966,1.72858732800655,0.128755052118948,0.106777280189422,0.373580709090362,0.231374214433256,1.81943685798642
1,0.5,0.2,0.5,0.4,-2.30258509299405,0.831381189585516,0.458530743360805,0.229021085080333,0.344943366836409,0.556976976714034,-2.06015563077031,0.116669360489153,0.114881662211377,0.104943840367977,0.146429112238921,0.134556755538534,0.109791350725139,1.27158325372143,0.137006403628565,0.107313289258899,0.414901178038908,0.198560368860437,1.41113939719093
1,0.5,0.2,0.5,0.4,-2.30258509299405,0.016946745164023,0.460181377435894,0.165472866598317,-0.0533698960646782,0.455877639582542,-1.0720270614822,0.109683392527558,0.117143025629664,0.101893935898405,0.124853494135797,0.122238190061489,0.10938086388788,0.558755391022254,0.137650198132844,0.110789990214316,0.361866312932831,0.177502908822351,0.725674111149641
1,0.5,0.2,0.5,0.4,-2.30258509299405,1.1643557817805,0.360805072673716,0.156105002592598,0.337488075852643,0.317065202118575,-2.41744805064659,0.119116571542685,0.125611805338958,0.138380430645863,0.142458646784248,0.139597573185623,0.115300456395751,1.58115354441212,0.159973415900799,0.116421593614343,0.357366334713167,0.223406558115401,1.68637017836701
1,0.5,0.2,0.5,0.4,-2.30258509299405,0.294363381403254,0.456216865034023,0.128321685380866,0.30532041580931,0.406428435286525,-1.66017269184138,0.108572558016059,0.108428201991625,0.0946346935808565,0.143557867369215,0.143250375388481,0.107186636716587,0.957038531862473,0.137221584387275,0.109019870931269,0.4557247811695,0.217848496603145,1.13378310642512
1,0.5,0.2,0.5,0.4,-2.30258509299405,-0.064376322789584,0.524978320284616,0.174442732415243,0.123655808234835,0.197089047217154,-1.05930459028406,0.0994150021310267,0.10226300619812,0.104922414430562,0.130530051139282,0.134842882206133,0.104780708306049,0.565943518781801,0.12374566210202,0.104465369091292,0.403062895111515,0.180461224420957,0.752082738745864
1,0.5,0.2,0.5,0.4,-2.30258509299405,1.0240054828821,0.334031653511217,0.260660365110744,0.433537475046357,0.656253314173499,-2.17259577489486,0.119148757548943,0.121549143913614,0.10435228273723,0.14860994532118,0.15045271962423,0.104986437170389,1.67034528000981,0.155293298247768,0.116789830891449,0.555034672991696,0.31282846349023,1.83197637308905
1,0.5,0.2,0.5,0.4,-2.30258509299405,-0.415241775970096,0.477117007541828,0.100355343007952,-0.226859465942282,0.504674457191067,-0.51109892790598,0.103090346871974,0.102702392505831,0.106396052178874,0.120631848768943,0.115004210043288,0.108347061729631,0.365847980794558,0.114978183047405,0.0964612390076998,0.405122619735256,0.146563595145529,0.597838334494518
1,0.5,0.2,0.5,0.4,-2.30258509299405,-0.361026411150684,0.353132972578644,0.231575383780481,-0.149678304021993,0.438375705298438,-0.463776313791856,0.0954974367691724,0.0914693413854561,0.0843494675884394,0.121614830174473,0.1215264604104,0.105393189813067,0.362499126726339,0.104595395124821,0.0884101231309851,0.468061933007629,0.171646805503613,0.639816579021463
1,0.5,0.2,0.5,0.4,-2.30258509299405,0.253942790857219,0.359885851220624,0.249848009302958,0.805055411446328,0.565288931246391,-1.53696857656234,0.0962198518508402,0.0916315518070706,0.0936749262703621,0.18671702013419,0.17365403947863,0.0907937432522088,0.819425931560661,0.10902776411573,0.0884219685922635,0.668568076575806,0.316822159624589,1.00044127978804
1,0.5,0.2,0.5,0.4,-2.30258509299405,0.28476489816788,0.531902541290891,0.0860957140202538,0.238674488927187,0.32307445452558,-1.63303433674607,0.107374822758454,0.107999837294987,0.108431404288377,0.136065095951209,0.129350670741827,0.106766355635642,0.860996276121384,0.126887829183614,0.114664093727147,0.386328835624006,0.189157049659264,1.00495484519274
1,0.5,0.2,0.5,0.4,-2.30258509299405,1.6517950643135,0.541620244982666,0.40626923835595,0.591607006261743,0.336262688323654,-2.96289207076411,0.107165965126377,0.110456523830002,0.101967084505455,0.156504613453154,0.156925227692662,0.106127566547167,1.77400592411938,0.134391944842216,0.10905871664815,0.323674423120389,0.213533400986199,1.84727641336914
1,0.5,0.2,0.5,0.4,-2.30258509299405,-0.315748496772065,0.523787489516946,0.216016583008981,-0.260243422978169,0.343426338318382,-0.391759881394824,0.099732331062591,0.116504946489606,0.0976097888709766,0.118793017750279,0.11437953547397,0.11172462020303,0.354428611430892,0.121848121278418,0.0914109967838932,0.433211419823108,0.169136760084732,0.618837573975996
1,0.5,0.2,0.5,0.4,-2.30258509299405,0.682680751698014,0.544329753112122,0.00260061468705434,0.742492607594827,0.326136639106887,-1.90413904797201,0.100688525191768,0.103495663615969,0.098666008064803,0.175243187013267,0.174058279181288,0.0989187011641144,0.999914937793446,0.125605925349286,0.107666486421429,0.456096042345174,0.264173784556817,1.11792508555452
1,0.5,0.2,0.5,0.4,-2.30258509299405,0.42471798617302,0.548882127553579,0.0266708473769765,0.353494813620018,0.21195552045619,-1.71264122982211,0.103983932701508,0.0994386769447895,0.107333864008892,0.141326218742466,0.136269671871368,0.104460990971874,0.908022879840858,0.11113688302116,0.104370454007079,0.370820939935903,0.195753664768911,1.03883801823209
1,0.5,0.2,0.5,0.4,-2.30258509299405,-0.145121408641959,0.313857919062435,0.381184356158704,0.197897734028231,0.393384648900427,-0.980594697177527,0.100424375530697,0.10905578680728,0.10161842167452,0.140254148226765,0.133407173391249,0.102487269546466,0.524733862154644,0.128066398407741,0.0950891781376524,0.441706593323946,0.200109488937231,0.717788576833068
1,0.5,0.2,0.5,0.4,-2.30258509299405,-0.166598966559146,0.387823700483695,0.301912410871024,0.520458024336237,0.690913263658689,-0.986340032606461,0.0889661389379735,0.0908361789004566,0.079833450756533,0.16777137792146,0.151992572504317,0.0869112542574842,0.389621954526617,0.098845433665067,0.083902367641709,0.447056037840462,0.255246184430963,0.526953983278709
1,0.5,0.2,0.5,0.4,-2.30258509299405,-0.245819416837291,0.549350534173911,0.158434952188567,-0.194101109764463,0.292561961972078,-0.641427319959826,0.100550878301259,0.10234929596542,0.100314037232904,0.116023619780996,0.114972010854302,0.110413249795769,0.474075485303453,0.118777796746028,0.112530245255683,0.440752902784036,0.154481858140366,0.737003562770997
1,0.5,0.2,0.5,0.4,-2.30258509299405,-0.059909127483061,0.628439916987008,0.418622313096604,0.339760476583449,0.383405251543789,-1.18561289203785,0.0962728917006849,0.101145654789863,0.100075491324005,0.147925930415454,0.140044408442395,0.0982527726812377,0.509492199870318,0.116305747928191,0.10216690884433,0.345411431075436,0.17278663971765,0.635781808787702
1,0.5,0.2,0.5,0.4,-2.30258509299405,-0.305210737973292,0.623507753569483,0.246082403057905,0.21651725107918,0.0419086188664454,-0.81375739733176,0.0899333146769498,0.0885467336880903,0.0883423735423764,0.141926065605528,0.143320437922597,0.0992228607484719,0.376064450637742,0.108887336632373,0.0965852423287593,0.392635972283079,0.193975089301876,0.553872737592283
1,0.5,0.2,0.5,0.4,-2.30258509299405,-0.281352316682413,0.581873395492088,0.30483156951834,-0.224979933763449,0.143245719660075,-0.812760812409309,0.101465530185379,0.104618518447671,0.10047399448156,0.111415396660906,0.112357632193824,0.112917805072681,0.547008500352258,0.127428762040361,0.10665132823443,0.450157912734379,0.162472541529007,0.817452229691415
1,0.5,0.2,0.5,0.4,-2.30258509299405,0.940346432781793,0.535128432949439,0.0677291402836776,0.221956745230221,0.228829448721984,-1.93938649665118,0.119687441748576,0.11638995208469,0.117165917787385,0.136211695185808,0.134561856416501,0.118437778185808,1.42319746198442,0.140895916019692,0.122365685565263,0.445339853514164,0.174740737811047,1.60124082556367
1,0.5,0.2,0.5,0.4,-2.30258509299405,0.350368236178418,0.663142951480095,0.213943029656128,0.330299940374098,0.154376226810244,-1.58050434899791,0.102415819853007,0.104100284340632,0.107144381909304,0.139793214940858,0.141982427121888,0.104886294378526,0.939148490578821,0.13540742787314,0.104408513766001,0.455792516456629,0.215515775546256,1.12248979489494
1,0.5,0.2,0.5,0.4,-2.30258509299405,0.340236136615883,0.481476747731433,0.262619515342482,0.150731333487521,0.198012870243215,-1.6327448484381,0.10527936103544,0.104515938871843,0.112978439658179,0.129574810663567,0.126979946156154,0.108243436451062,0.854379557988787,0.122366155837278,0.112344515210131,0.3627696887129,0.178160600671483,1.00103642765852
1,0.5,0.2,0.5,0.4,-2.30258509299405,-0.220822329470809,0.562751741494551,0.314609496295185,-0.0695783495600506,-0.0850585986601079,-0.591960964590717,0.0937160079568035,0.0901628156817668,0.0859513978096412,0.121562698112914,0.123072661982979,0.106617818380472,0.403147691083796,0.108565236440305,0.099467947334541,0.410955748116246,0.147541106690145,0.636644773905274
1,0.5,0.2,0.5,0.4,-2.30258509299405,0.230914033277234,0.43919539053228,0.0979402265169294,0.651115704484063,0.590633756835879,-1.62616764417422,0.0963933489203534,0.0945125987170079,0.0948380128056753,0.168534253279788,0.159714041418163,0.0939388941784842,0.755556205163001,0.115220473182619,0.105773648257001,0.466787512405333,0.260512464275214,0.885393781019576
1,0.5,0.2,0.5,0.4,-2.30258509299405,0.584298476623444,0.542649941726767,0.265293779688721,0.156939329525533,0.444067140665585,-1.66285193892053,0.117215841372276,0.117654908256073,0.118780059167962,0.136234105053812,0.131929111758087,0.114606443510212,1.4246381271643,0.16374593182821,0.111393758472043,0.639911928310226,0.266711458706933,1.69420138467544
1,0.5,0.2,0.5,0.4,-2.30258509299405,2.15948340496177,0.472414177490913,0.129604988484133,0.705036819267289,0.246245087977043,-3.53972490040739,0.107883107311319,0.104289802804896,0.106605397408539,0.163075382770882,0.158994981926126,0.107474335974085,2.02979765581973,0.13471016962391,0.11148772484435,0.319672027027955,0.255756773141206,2.0773831364471
1,0.5,0.2,0.5,0.4,-2.30258509299405,1.3291774831894,0.452308932962396,0.168146127554386,0.881939196264097,0.227432121968074,-2.72955423516123,0.0976965529561939,0.10038813744594,0.102274218630732,0.175229037115768,0.173061498968789,0.0975413624670356,1.61224990719819,0.144601898787637,0.107892946468262,0.46388090393551,0.295157893636857,1.71912229453459
1,0.5,0.2,0.5,0.4,-2.30258509299405,2.05660692654123,0.316079021991129,0.424380241567151,1.04625116642442,1.00344505598784,-3.34652929301385,0.113649563473657,0.109984324574581,0.104035220133093,0.219433004538969,0.207308692844779,0.0997429307003031,1.89010421433526,0.120158681504922,0.0945779479504261,0.515180469378826,0.419778104253305,1.93464948340259
1,0.5,0.2,0.5,0.4,-2.30258509299405,0.573342586482624,0.574869391519108,0.394909139787611,0.257956732765117,0.213085805030675,-1.76051736195675,0.107912169658755,0.10092402571263,0.108816754555618,0.136472317971469,0.140774338884642,0.10909421507136,1.03492003934803,0.13184686178545,0.112309987883333,0.399259935908282,0.166762936265473,1.18765845117734
1,0.5,0.2,0.5,0.4,-2.30258509299405,0.952556646382822,0.467411783792938,0.296952749334051,0.144867004093085,0.195202751688779,-2.00029580733476,0.122385575876201,0.117097784048351,0.121143817946686,0.129283469493641,0.127410061364239,0.119566791186643,1.36969078179723,0.138962110997376,0.113120810784071,0.39473751076893,0.18684419488066,1.51963998550181
1,0.5,0.2,0.5,0.4,-2.30258509299405,1.30715069713703,0.598450416290158,0.334336906398435,0.810981288336093,-0.131883218677638,-2.61018984929686,0.103144304657619,0.103045303438294,0.097638387573491,0.172901114825454,0.169780656443517,0.103237061684476,1.54136017379125,0.136201843860572,0.106904187685824,0.414870208052832,0.268248640206343,1.62974749760654
1,0.5,0.2,0.5,0.4,-2.30258509299405,1.21039002134751,0.557906462239515,0.394749513314586,0.296406464527339,0.284940244796952,-2.34024359840405,0.115967803663108,0.116810679060736,0.111641267950209,0.139590272516175,0.136992641988976,0.116099242358359,1.64139031014153,0.14107668696707,0.113703903018445,0.39219843944698,0.197374277896071,1.77267412828549
1,0.5,0.2,0.5,0.4,-2.30258509299405,1.52232699110822,0.738473083310967,0.242159942459786,0.370602747269286,0.270310999010734,-2.95767920518062,0.11150499333405,0.116984023515469,0.111345312045422,0.142644173932994,0.139964713864522,0.112204455338897,1.83728340089572,0.154659995035486,0.116166326591996,0.306740331388129,0.201201390453477,1.91525496330436
1,0.5,0.2,0.5,0.4,-2.30258509299405,1.68777560613313,0.579681474685401,-0.0214243959966666,1.28016605022472,0.77436232546793,-3.23612331462039,0.0960454721271963,0.0942970430701351,0.0913884078780276,0.22114902394303,0.214112084175619,0.0916457471717119,1.69971937399641,0.112723200354012,0.0972995969418476,0.505977583051748,0.418408132920561,1.74689494007055
1,0.5,0.2,0.5,0.4,-2.30258509299405,0.0960413277121867,0.360328494863922,0.104933699325765,0.143155607157415,0.211687363948242,-1.34671497933478,0.105431442918085,0.100536605631112,0.105039862364894,0.132836285707511,0.132589271607957,0.110090893259857,0.710256737921695,0.120136001566968,0.113833728539819,0.389662925721076,0.176058054208934,0.888758544561873
1,0.5,0.2,0.5,0.4,-2.30258509299405,1.76036190843176,0.568582885940277,0.0589142831184134,1.04237631979421,0.180781359005679,-3.19777559591427,0.0980663057698572,0.0981856911735063,0.098990292712557,0.183919695667772,0.180772574127461,0.0970856992217357,1.81828193890529,0.12653680519856,0.0996037814074451,0.404042977303755,0.298623808963573,1.87705335928591
1,0.5,0.2,0.5,0.4,-2.30258509299405,-0.489666650618052,0.413700730869018,0.21565920055097,0.283718143730615,0.544123378497784,-0.765667147845772,0.0896877192228799,0.0916130972114027,0.085850586933173,0.145362757446325,0.137900385983346,0.0928177137781421,0.394621923756115,0.100979237484268,0.086972926446599,0.490594936893857,0.220322616402926,0.599806038121952
1,0.5,0.2,0.5,0.4,-2.30258509299405,0.103921477021421,0.66800327560064,0.224644830225004,0.347606711995713,0.177249838954235,-1.32385260339882,0.100356132364347,0.0967425414598372,0.0955303589274153,0.145258701687222,0.144508328165658,0.103842132986274,0.889368917274866,0.118902715337001,0.101253493163785,0.609927715992459,0.204714647305061,1.16012802598473
1,0.5,0.2,0.5,0.4,-2.30258509299405,0.933788765208691,0.673589581289455,0.358249146853378,0.104768589312973,0.291805746357873,-2.12295752075035,0.122351902158716,0.114786315572639,0.129511131017116,0.130042353465225,0.128451906468967,0.121108023065865,1.38367730635891,0.136366288439169,0.129650383244048,0.331750493217507,0.171363931333183,1.50337300933142
1,0.5,0.2,0.5,0.4,-2.30258509299405,-0.468087443676585,0.428459728414944,0.15074543088994,-0.23974964831298,0.206036560357271,-0.62776771504864,0.0987039657912533,0.101830059679864,0.103526352123119,0.111599885924236,0.111779396681555,0.109294603371769,0.400364406216596,0.116251115298389,0.111920684165909,0.36434256605295,0.150619928056879,0.614485875872932
1,0.5,0.2,0.5,0.4,-2.30258509299405,0.910099797458789,0.291836237630456,0.16731366466473,0.302061889104174,0.290665314508987,-1.92839186204335,0.124485463604398,0.128593062432845,0.119275893223414,0.142544879025671,0.140557008547761,0.116416304187795,1.32032146296387,0.14874230912413,0.115098479850862,0.456350412367183,0.220421663377769,1.48530807635383
1,0.5,0.2,0.5,0.4,-2.30258509299405,0.453783270532524,0.477495405140641,0.181010107725237,2.07734319178029,1.27199465608746,-2.10917960100801,0.0797492576987086,0.0817457108092489,0.0770647815583494,0.371178246927792,0.326714260863631,0.0723440007484207,0.919559141880222,0.104054865787584,0.0764685808326762,1.58338993117573,1.03505741303064,1.03117557466267
1,0.5,0.2,0.5,0.4,-2.30258509299405,0.785304796433853,0.594231401559586,-0.0377798529293149,0.450493633942097,0.498813733218591,-2.03588052456537,0.109774405466718,0.103897406212193,0.110169618400261,0.151692612297131,0.143368090879559,0.105537786784308,1.20221160717087,0.124269130594231,0.114064297126609,0.426297257530859,0.21423681257437,1.33445968667161
1,0.5,0.2,0.5,0.4,-2.30258509299405,-0.33408287648549,0.685579265426713,0.278150112380752,0.00466723336351299,0.166897420685087,-0.748802569746721,0.0935272609596701,0.0931100549702125,0.100994475597258,0.128000899802803,0.125834483373798,0.104782177941557,0.378589974333541,0.107028645323832,0.0990661329757274,0.365966700421467,0.144783376665248,0.568383794176072
1,0.5,0.2,0.5,0.4,-2.30258509299405,0.924756488638796,0.48602287169174,0.219307907129575,0.579128672219039,0.406261435248362,-2.31011765969664,0.106430428592625,0.107216526945405,0.110493070153795,0.152097105929439,0.152275851058083,0.102008080273742,1.43262337403856,0.143048516406015,0.109542501916428,0.430719864853667,0.263721836159919,1.54519768314147
1,0.5,0.2,0.5,0.4,-2.30258509299405,0.582227447299679,0.524507153514497,0.114230511863765,0.297391532095291,0.154545089893362,-1.68003663855803,0.102939452144487,0.106339248795874,0.0930278784194518,0.135879721266471,0.135628835051436,0.105461102529407,0.965906229789567,0.128439382778006,0.103394810926179,0.410088972826518,0.180396823426368,1.12418219334774
1,0.5,0.2,0.5,0.4,-2.30258509299405,2.38808987613637,0.469110583067014,0.0833037217249505,0.659507999343698,0.411987546282502,-3.76074977749947,0.110217799372051,0.104950257286113,0.113255292210242,0.166984677722733,0.166341168683968,0.108730745016786,2.08819025450637,0.131020972126528,0.108643559456159,0.304815052531446,0.244424986961687,2.13163968211064
1,0.5,0.2,0.5,0.4,-2.30258509299405,2.2944758640859,0.599292093949438,0.392381188711284,0.457352748951476,0.23791959118144,-3.37387396289055,0.122513745329148,0.124598540607585,0.116916097330931,0.154827702466566,0.157684444259161,0.121960262105082,2.23166620409327,0.154415916780373,0.117989580901419,0.288908114945564,0.2252398833161,2.28927771345983
1,0.5,0.2,0.5,0.4,-2.30258509299405,0.879109868244515,0.317152252369565,0.213494647221507,0.637453651025739,0.934698486753467,-2.06450979902593,0.109300414696585,0.107914792088497,0.102336643381637,0.175899033291863,0.164312740169214,0.0967803759987564,1.12084264600334,0.123402911327644,0.105112327775228,0.452151530004148,0.269862076227601,1.22718326873153
1,0.5,0.2,0.5,0.4,-2.30258509299405,0.854043042059928,0.458592131646394,0.237425461206641,0.318889009992477,0.477154791516841,-1.852003461763,0.113659643160503,0.112504850019058,0.108533167272092,0.143354354987128,0.136509135373342,0.109480136432168,1.17481595981641,0.137377320218179,0.113239327071858,0.452171427084167,0.226601105379046,1.32850980372531
1,0.5,0.2,0.5,0.4,-2.30258509299405,0.577522276516989,0.386789501435061,0.124205056177699,0.225481165680586,0.456021597454714,-1.74837006693198,0.120345945665365,0.118864904515017,0.119795864131251,0.140859185964279,0.140195991323309,0.113211650292595,1.02884706856013,0.142336080591339,0.12032675511421,0.399876631828821,0.190521252697571,1.189213046538
1,0.5,0.2,0.5,0.4,-2.30258509299405,-0.408389198496421,0.533117934683367,0.292350908797491,-0.101250707213842,0.219588391178562,-0.798332045545947,0.0976264738833539,0.10335779153212,0.0945608874979318,0.122818844764777,0.124548330415183,0.110194008757213,0.53144984202562,0.120476925232402,0.111580507815761,0.520309335206571,0.156739584529037,0.841339770453188
1,0.5,0.2,0.5,0.4,-2.30258509299405,-0.000111313686126059,0.625046242274341,0.139754533648733,0.133690181318867,-0.0154172814238634,-0.982797157210492,0.0991667189783696,0.0995876115273869,0.0951477375868837,0.129727447204334,0.130099024943895,0.104042301599362,0.484751359460545,0.122375320281875,0.0992917143771348,0.339311334616291,0.172030615492416,0.633814265471467
1,0.5,0.2,0.5,0.4,-2.30258509299405,-0.191698056733533,0.576932260288984,0.118275868476804,0.0671349357057574,0.364220205718331,-0.963852212248287,0.103034483830826,0.0951790887268466,0.0969663047451958,0.1315732339178,0.128228481304175,0.107020405866334,0.555650994769175,0.112261183750833,0.101913561849311,0.422591967458894,0.16499812207467,0.766369747593111
1,0.5,0.2,0.5,0.4,-2.30258509299405,0.295213473304641,0.658234760946584,0.345157728300946,0.410510676356635,0.265656718474516,-1.53090068825188,0.0967864987039214,0.100003342906355,0.0940437556695037,0.147240489950793,0.148041999368302,0.099746503562992,0.858886170364236,0.129277827314859,0.10237680785715,0.501397827332671,0.234826253073588,1.05431654771104
1,0.5,0.2,0.5,0.4,-2.30258509299405,-0.259148322579655,0.501053162151244,0.249157041246018,-0.098512717426335,0.141695930719505,-0.666115114780606,0.10329697795913,0.10255468667544,0.102525917691086,0.119225675580653,0.115363079717002,0.109237296475435,0.411912478263945,0.108849911112215,0.0993103935736965,0.379748654466361,0.142661228466438,0.620485295375086
1,0.5,0.2,0.5,0.4,-2.30258509299405,-0.209849161382058,0.554832480061127,0.228644791763529,0.189668426895645,0.519885535079684,-0.732586497454262,0.0901017180901066,0.0895653337271334,0.083540209897494,0.141463014415424,0.137829104183314,0.0957746811497393,0.439094975819912,0.104524616621608,0.0862005428580302,0.537819958803276,0.227945281575613,0.694024614808186
1,0.5,0.2,0.5,0.4,-2.30258509299405,0.547627172516874,0.581889445802656,0.156248566236454,0.728763781568871,0.160694798049188,-1.81510141977278,0.0965608923405756,0.0928189294698342,0.0928675344799054,0.166757516785298,0.16722418519203,0.0958030393321192,1.06926567787387,0.134250994068439,0.0971039293934319,0.611804841071882,0.30776993977863,1.25007029996198
1,0.5,0.2,0.5,0.4,-2.30258509299405,-0.113839218714861,0.411126950038484,0.149682864585852,-0.125665582910174,0.288404602814226,-0.662227193062551,0.106717623621521,0.106820233589509,0.111678978616249,0.121538588891299,0.120951566184627,0.112003135712754,0.537387794039253,0.113271564256199,0.108001810365175,0.507448710103021,0.164324832389992,0.835883706367369
1,0.5,0.2,0.5,0.4,-2.30258509299405,2.61862571978297,0.287457575021276,0.191401358087157,0.868138075696384,0.569391612614518,-3.97714732683798,0.113033305924128,0.115281080518581,0.0978784647486249,0.182395885693344,0.165815469107851,0.10549030307932,2.07079581507154,0.14200858989258,0.104094903417392,0.365675511671822,0.262097830662303,2.10486657698805
1,0.5,0.2,0.5,0.4,-2.30258509299405,2.27396036774335,0.783907722226215,0.10651685799456,0.741261835888703,0.269418308998345,-3.6637245197809,0.106071626379152,0.106935756899018,0.117987279441337,0.168291785242898,0.164957494502556,0.106524921604646,2.04677876122699,0.157383760502358,0.111887990728225,0.32776316818153,0.279383677477283,2.09670851544339
1,0.5,0.2,0.5,0.4,-2.30258509299405,0.0436620091181091,0.537290794815565,0.371074801526697,0.616649608692532,0.0296992387704162,-1.3946566769165,0.0897525922672539,0.0912054659926716,0.0956107772344547,0.161731240024314,0.161682741642014,0.0941483337226596,0.689021078246345,0.128727696693218,0.101283736995565,0.539758631260703,0.267665149707711,0.877957808202288
1,0.5,0.2,0.5,0.4,-2.30258509299405,1.94560831623924,0.555445231927396,0.290869159259414,0.697648115710176,0.355814310334595,-3.21943098104741,0.110407350308592,0.111832054552738,0.113925845659755,0.161773583173913,0.161926859932933,0.107308245434293,1.91043376905749,0.142117772290473,0.109368338174844,0.337168252816628,0.253303028958738,1.96648734900556
1,0.5,0.2,0.5,0.4,-2.30258509299405,0.165162140498388,0.632239359788635,0.179879484615022,0.255367369424555,0.16027476809134,-1.49914003255482,0.103925841188144,0.105484907984062,0.0925481889656592,0.139322426918631,0.135998189335238,0.108120356249608,1.04529099392245,0.12670898022251,0.107266762964326,0.54585642720765,0.192975914654251,1.2881744428558
1,0.5,0.2,0.5,0.4,-2.30258509299405,1.88235390191004,0.324788988821969,0.129581547733458,0.602833866021616,0.551154138097849,-3.27379742760959,0.112404746984672,0.115973514271444,0.111462650710719,0.164578038066909,0.157023183103101,0.10740376047952,1.93987625564977,0.137171714652465,0.110549494927759,0.327075464919397,0.241986866426343,2.00183959236327
1,0.5,0.2,0.5,0.4,-2.30258509299405,0.165159306860266,0.586739570330082,0.131391881578593,0.354718744052774,0.205356685232011,-1.28830809843511,0.0987708236634984,0.102879824678137,0.105188655870221,0.148793406359601,0.151362979734593,0.102091392415456,0.646059089934392,0.122869584837529,0.100345099615341,0.456346737838148,0.209119407345892,0.828014392261224
1,0.5,0.2,0.5,0.4,-2.30258509299405,1.09862442419377,0.575057951002473,0.116238364300041,0.587690690845238,0.442347710530028,-2.28658629732335,0.106975841895546,0.106558294026194,0.108073104588231,0.160153927784047,0.15801643974062,0.105250861074538,1.44248284420717,0.137074619564456,0.111745275527147,0.468867170782308,0.26315453351242,1.57021885828916
1,0.5,0.2,0.5,0.4,-2.30258509299405,0.894284918949199,0.58392237266676,0.221752450644075,0.771462004813523,0.335004076524604,-2.50680317681879,0.0936654691395269,0.0922238532369101,0.0935727020173126,0.164430771085595,0.156832554683593,0.0953153339238881,1.35992253181983,0.120255023793222,0.100572326981838,0.430902897810023,0.282795229599721,1.46064723262185
1,0.5,0.2,0.5,0.4,-2.30258509299405,2.07324003143091,0.717396860584986,0.085013373902541,0.602180919960661,0.532028735142033,-3.22230192446235,0.106927827275657,0.109561292946239,0.106658101949011,0.160982219652824,0.156456445943865,0.106579822531937,1.93632832185465,0.141699505704255,0.116770147754643,0.333963858609688,0.231522976206537,2.00514467718778
1,0.5,0.2,0.5,0.4,-2.30258509299405,0.949800867897967,0.506798814428635,0.182523779057989,1.12814751685902,0.423426972399191,-2.57252344479591,0.0915155626957161,0.0945592140994594,0.0889262741043974,0.195359811156378,0.186896720389264,0.090584819770981,1.5639599392062,0.118393008198658,0.0916769335127675,0.668459904171865,0.328660635083803,1.69526656939174
1,0.5,0.2,0.5,0.4,-2.30258509299405,1.1687144316925,0.56019187990442,0.108609147468939,0.534045501209462,0.637562360601706,-2.4122439378911,0.115179600705845,0.117212525660504,0.109837664341919,0.162912876140593,0.152543460737114,0.108321580874135,1.53400612720218,0.136761895393437,0.11041286896169,0.396689205769102,0.231612514041101,1.63024640558838
1,0.5,0.2,0.5,0.4,-2.30258509299405,-0.0982780359113736,0.357138906543572,0.293520926415746,0.163016235062866,0.377749420002568,-0.939009860010724,0.0999676345098349,0.0976267112342313,0.101573632277942,0.135286891161005,0.133345158502444,0.102755286632416,0.537685443766244,0.115151982192393,0.105626562122235,0.462999538577967,0.189355255508445,0.761768201841237
1,0.5,0.2,0.5,0.4,-2.30258509299405,-0.210961557678766,0.535464423725747,0.189290497694098,0.021292585479198,0.403971803944164,-1.00692613592779,0.0995073634717621,0.0966413268590119,0.107836846527667,0.127065033613977,0.126948163772457,0.106435781753659,0.612647470352381,0.114025364861212,0.0982356749418772,0.490855495584995,0.181169165016717,0.864531642791044
1,0.5,0.2,0.5,0.4,-2.30258509299405,-0.125324909151344,0.344041270005428,0.300622001323522,-0.0730258651013231,0.490225113226478,-0.712450665205971,0.104498357622013,0.110421382129746,0.092817747724214,0.125450090036221,0.120698001658707,0.104550162099295,0.485851143120033,0.127067281484807,0.0973136118992623,0.521794037830169,0.193698281624212,0.772116995701418
1,0.5,0.2,0.5,0.4,-2.30258509299405,-0.0944874595738254,0.352263835646335,0.256042141536772,0.180911121047328,0.590957407373831,-0.847239570257317,0.10220563265151,0.0999213417393286,0.0921992826858596,0.145467983358463,0.146403536376769,0.0986024268538375,0.443474695925985,0.115061262482575,0.0901597937961677,0.450814285227103,0.241367840655255,0.624777115436807
1,0.5,0.2,0.5,0.4,-2.30258509299405,0.397748203705313,0.599777021457963,0.242618401444546,0.540583379722765,0.278442348150125,-1.67750528924931,0.096194284056758,0.0953833925370914,0.0960542844354493,0.153359360004582,0.15193232685234,0.0967340416374797,0.744050703097325,0.113383101585931,0.094347347987642,0.353135563310356,0.230082752782165,0.846750764390963
1,0.5,0.2,0.5,0.4,-2.30258509299405,0.664677100459697,0.529354753434067,0.148838564745692,0.113121384632861,0.364643280665621,-1.66112009838812,0.125307094995771,0.122755490892512,0.124350428026946,0.132381180362016,0.12969348878603,0.119089736793949,0.983822221002927,0.136168835748055,0.117326151922552,0.378783911931202,0.205258992673412,1.12633729792288
1,0.5,0.2,0.5,0.4,-2.30258509299405,1.99862972622604,0.39792490714632,0.0879875726196259,0.634000170238603,0.459228324659307,-3.18426945697674,0.122515680894787,0.116940321396119,0.123706824240489,0.171980612176111,0.16311541705704,0.116222384640748,2.06929186243155,0.135414379677464,0.121739682772049,0.345379227274555,0.227219605908125,2.13943311872198
1,0.5,0.2,0.5,0.4,-2.30258509299405,1.76780336232743,0.735644977552346,0.321947863633647,0.702067700906054,0.313767028534367,-3.24955286421252,0.101814153264661,0.104492104750982,0.098340381130713,0.161367519873751,0.158049031039534,0.102073071441267,1.87127547832826,0.138908608299203,0.107158187728707,0.329566066124993,0.257713859233621,1.93209498411584
1,0.5,0.2,0.5,0.4,-2.30258509299405,-0.470558374649656,0.590569694759791,0.177842707336445,0.0250088894962322,0.275548756227665,-0.734954012460467,0.0913843271389149,0.093137868265002,0.0844797175402389,0.131013264458929,0.130771761433122,0.103400241993875,0.394706497555599,0.112773484996128,0.0979858874687389,0.423632172200803,0.165582210752144,0.620591827039634
1,0.5,0.2,0.5,0.4,-2.30258509299405,-0.119611950133075,0.273105395340191,0.144997850727342,0.490626189323351,0.748227878920325,-0.998457568785732,0.097960918995687,0.0979656759276691,0.0879476312151404,0.163984948086154,0.150442213835118,0.0906107163065664,0.433467966502005,0.115778100957324,0.0907668700614438,0.465365391122883,0.249459913122558,0.587010939310141
1,0.5,0.2,0.5,0.4,-2.30258509299405,0.550194412025387,0.277956915375862,0.200378524942405,1.1738472705831,1.10287232945359,-1.93736930342155,0.103619072470733,0.103885810290044,0.0936147879757655,0.242120608285237,0.212178103036698,0.0866628096141826,0.830149230306961,0.114577076007169,0.0996542566985562,0.637402469238547,0.419268078449487,0.918063166919076
1,0.5,0.2,0.5,0.4,-2.30258509299405,0.613972270721148,0.544368944839182,0.296453133524104,0.683558770711004,0.245521610408409,-2.07390778353817,0.0989672684968824,0.101584813812307,0.0978956870516827,0.166554572754477,0.171268918431978,0.100014506969061,1.13736267224187,0.127398173696048,0.100263717570467,0.455035709166492,0.2710398793744,1.26456811901608
1,0.5,0.2,0.5,0.4,-2.30258509299405,0.640148818066642,0.646135248106483,0.256098492579045,0.420606924707373,0.297355697735345,-2.03414097259743,0.102906855552007,0.106980127006503,0.108256555994702,0.144956456051236,0.143849527049404,0.104441618014524,1.35092774822079,0.150547907296142,0.112252177880115,0.48717872275535,0.23957464048346,1.52038717061954
1,0.5,0.2,0.5,0.4,-2.30258509299405,0.952464440567923,0.495748387403515,0.147736181848248,0.545060737589919,0.464096360311384,-2.32107047320037,0.107301913422101,0.109081745571324,0.112422291184339,0.160426708058046,0.154797358697716,0.105646885564723,1.31103759228122,0.137566331791458,0.108724075736861,0.39248914992623,0.24386178761977,1.41522862178854
1,0.5,0.2,0.5,0.4,-2.30258509299405,1.59880562914663,0.739555685639885,0.175402744968422,0.545552429961291,0.211329694652706,-2.92319893366043,0.1108891360329,0.111877197605355,0.101153425408496,0.15189535583831,0.14800807195649,0.110761542514944,1.93633518766577,0.133537819655487,0.12043590464349,0.3523280063389,0.210815340733957,2.02662773166748
1,0.5,0.2,0.5,0.4,-2.30258509299405,-0.390725986347911,0.481275284930659,0.294087756761334,-0.264463266480916,0.32864480930793,-0.354673266311183,0.0974163331483043,0.0995158591186302,0.0926837611257558,0.114118628111362,0.113327734037396,0.10779512071232,0.340773855286786,0.114179780315842,0.0958426488575512,0.449796271244638,0.175177663554136,0.611830156773058
1,0.5,0.2,0.5,0.4,-2.30258509299405,0.581530738557662,0.561506975340664,0.175805349302017,-0.0965913344258038,0.241954618066891,-1.57701867687539,0.11454693856057,0.118539074440399,0.108426794754937,0.118974851550607,0.120504757426247,0.118767598858756,0.912332388405491,0.142949863821103,0.116508686402676,0.350187779401901,0.160638394284222,1.07406603445714
1,0.5,0.2,0.5,0.4,-2.30258509299405,-0.179475221134296,0.599952932445582,0.316479263815648,0.0773875643406224,0.272928121129162,-0.955546462461716,0.0942375224736136,0.0964173697764176,0.0916050835829802,0.127422009510987,0.13004160466039,0.101952456065449,0.510893565719527,0.123202988147125,0.0973949494279723,0.416657251830484,0.179071532599711,0.721812376812849
1,0.5,0.2,0.5,0.4,-2.30258509299405,0.786265238376576,0.478645903726054,0.298203106151103,1.12876735422533,0.510165918658687,-2.14559230460744,0.0919257555490439,0.0918544967606737,0.0906893637745407,0.20281460891546,0.199771832497348,0.0889873569639927,1.13386477490481,0.115830899708076,0.0925954223819143,0.591476641023896,0.362870908578497,1.24949720606003
1,0.5,0.2,0.5,0.4,-2.30258509299405,0.48808777559374,0.445806029915714,0.313890945890855,0.404604433176242,0.271022725765636,-1.79412092413208,0.104936541418603,0.109253207398346,0.105151018625221,0.144953471723023,0.146171060489258,0.10544735722134,1.05236257379446,0.135041707260702,0.103914387967177,0.433444016154429,0.212076532991847,1.2045139321922
1,0.5,0.2,0.5,0.4,-2.30258509299405,0.242621975112407,0.633225942748236,0.237081953144524,0.385765675085723,0.192127697389128,-1.52831336635371,0.102056481843822,0.10041625476347,0.103618293139461,0.14875469939449,0.141831717496754,0.105017605857672,0.83570136536949,0.12042265808682,0.110213872853885,0.459772289600044,0.208295645755362,1.00970414682578
1,0.5,0.2,0.5,0.4,-2.30258509299405,-0.0449620142931483,0.592413852630106,0.290178810521275,0.263702467944774,0.00941344392299527,-1.13940972373963,0.0973001081368522,0.0971061445732855,0.0959240360777207,0.138568943812195,0.13990822904602,0.10238264014199,0.702052859711257,0.127183757662436,0.107171760725216,0.53212085606939,0.186149603876657,0.947588688575523
1,0.5,0.2,0.5,0.4,-2.30258509299405,0.028815646106323,0.449394774012402,0.218286733040706,0.110512820621119,0.0790661021439153,-0.934863377818674,0.0984829828170709,0.094316860210516,0.0995748157635655,0.132554079882967,0.132889777424052,0.107113134889358,0.537791550756235,0.110051730491343,0.0953038055004957,0.433173082399466,0.173338072991739,0.751720059585898
1,0.5,0.2,0.5,0.4,-2.30258509299405,2.09116213359792,0.410648387327615,0.361695273744741,0.518586943410125,0.461731924748498,-3.39304524962547,0.11711675001071,0.115725866562601,0.112063912453819,0.154323790895136,0.148948736320242,0.112328155643289,2.00257188087491,0.136372742848399,0.11266455645635,0.273373242915322,0.206928112054033,2.0492406410918
1,0.5,0.2,0.5,0.4,-2.30258509299405,-0.204112480899876,0.633575019251951,0.115079307588816,-0.215682578257141,0.0449375957949942,-0.676133246151998,0.104882572066229,0.101273596056563,0.112153199320044,0.113487103721496,0.115208770635484,0.1151890073504,0.426992315502992,0.119930548926663,0.109354953100039,0.388108752824755,0.144319654286991,0.65691017461382
1,0.5,0.2,0.5,0.4,-2.30258509299405,0.400789608970367,0.303944223929252,0.28869288590566,0.30731596779716,0.45953913919171,-1.45726454645456,0.113773915483451,0.110182346061458,0.101810994985275,0.148885017826165,0.148896677386584,0.106018310875309,0.741409260050505,0.132475621877905,0.102002331839877,0.446311016887439,0.250813963337245,0.895750105252925
1,0.5,0.2,0.5,0.4,-2.30258509299405,0.0442858159009408,0.720811430072769,0.193486523523113,0.189613225513921,0.070166332390063,-1.28057974556644,0.0976454600857312,0.0972001838468988,0.100410588456439,0.13371344294418,0.135031858416711,0.104158318499089,0.581152645948869,0.116103780444322,0.102600731769388,0.33531778700549,0.159145135318458,0.720038415116067
1,0.5,0.2,0.5,0.4,-2.30258509299405,0.178474137922127,0.714509118895306,0.0990095719514041,0.592408657123018,0.397759722759757,-1.87336542860918,0.0932573789043824,0.0976459606298842,0.0938671633618551,0.156981970514227,0.155021285034135,0.0956435028826272,0.910829775134089,0.133855565136999,0.10548228133119,0.428134367411391,0.234094455348533,1.04964633045294
1,0.5,0.2,0.5,0.4,-2.30258509299405,0.0062592921664705,0.743065773924552,0.19218152223092,-0.0888331665975869,0.316648555253807,-1.02015706987647,0.107580167720497,0.113838904193854,0.115317097253734,0.121684775341921,0.119497329272496,0.112756574862897,0.612161229664536,0.128853564044338,0.109697581076243,0.402335074374182,0.159310722707741,0.822711394298639
1,0.5,0.2,0.5,0.4,-2.30258509299405,1.0618566929181,0.443699586821524,0.196917107722637,0.531718075881045,0.415701960155389,-2.23211126733578,0.110439008695245,0.106547016412292,0.113953648956501,0.158931786533368,0.150347412365577,0.106396084287002,1.25559074284602,0.127387601469956,0.10966001371019,0.371364649328389,0.21803895002897,1.35558942055055
1,0.5,0.2,0.5,0.4,-2.30258509299405,0.240928531745109,0.542835912494571,0.230701238426237,0.725999310162141,0.487527197972374,-1.74622203204652,0.0912043235446821,0.0898834393983774,0.0945808139282447,0.174116916268357,0.165493644607959,0.0928931068477938,0.793101522224001,0.108797387429568,0.0875346208887982,0.479276625356364,0.2505808316007,0.925313323994061
1,0.5,0.2,0.5,0.4,-2.30258509299405,-0.178273489059495,0.509780687959558,0.275364247752074,-0.174329806995698,0.373230259156666,-0.758604228472689,0.104732456509022,0.105073890408577,0.101532623822504,0.118115661352224,0.119367170503752,0.110971911709845,0.461321161620032,0.128208261409563,0.112462655332867,0.389482175676349,0.171850651008614,0.671514765754066
1,0.5,0.2,0.5,0.4,-2.30258509299405,2.16813549103384,0.299288394465772,0.297848080179207,0.571236209546954,0.550663923171829,-3.43690224342735,0.120572762218549,0.130581175001414,0.117902168172486,0.159192624474395,0.149105549462568,0.110775022487616,1.97550224016352,0.158691947981116,0.103731344567604,0.283385357782933,0.225087801372521,2.01423426672979
1,0.5,0.2,0.5,0.4,-2.30258509299405,0.458043146577588,0.543603501673154,0.329106126295512,0.395500083717392,0.252459086152484,-1.77466778165283,0.104357871499494,0.111743614547116,0.103298786346359,0.142805543122095,0.141368219551292,0.103911120604085,0.989308965754865,0.132606872654133,0.106664947937969,0.418113310101908,0.208968209883608,1.13413499230261
1,0.5,0.2,0.5,0.4,-2.30258509299405,0.216190725331105,0.606787669109682,0.012139486108118,0.0442119158955806,0.0631967215910689,-1.18718558283543,0.107459341943772,0.104036915915691,0.110079126906532,0.126508223487708,0.126304679382571,0.111662910499642,0.661994622272597,0.133807310845297,0.113059149254185,0.380149835754812,0.161555034685334,0.841979903494063
1,0.5,0.2,0.5,0.4,-2.30258509299405,1.24465344377535,0.394504052692188,0.309395224022765,0.452272897868248,0.42527768514628,-2.61018879958236,0.116021966698993,0.109713943880899,0.108685242677589,0.149961846617757,0.141889121793858,0.111507609328608,1.67369107225325,0.12600476088826,0.113184507350658,0.368040716147817,0.210342399799401,1.7723177260399
1,0.5,0.2,0.5,0.4,-2.30258509299405,0.264453244337932,0.546898406674064,0.22095758829479,-0.0641198027518296,0.23723273832194,-1.29978211939144,0.111917920375215,0.114852771088682,0.116611182550268,0.119154423743737,0.117582871745186,0.115669673594833,0.835950969279566,0.136571115567799,0.115603995537786,0.423348194519651,0.147790513895593,1.05951492648452
1,0.5,0.2,0.5,0.4,-2.30258509299405,1.04769331666072,0.500582228947705,0.200848196366535,0.451775592038571,0.441001420297597,-2.22183430257769,0.111581247176797,0.116654621381676,0.112412636865209,0.14833081162807,0.141444812062727,0.106649558840548,1.32733129572099,0.143175456211477,0.113528421596091,0.407316568983949,0.203496909484822,1.45921012555033
1,0.5,0.2,0.5,0.4,-2.30258509299405,0.172799235866379,0.870320779465158,0.0635579700794517,0.246934969322154,-0.131248594052036,-1.26725827325754,0.103323167351403,0.103712064451912,0.101590280481065,0.14108132150233,0.143112246812799,0.105916395273158,0.64850710297985,0.123042577787684,0.0990528633930425,0.40640213452472,0.194957303710556,0.820778968500069
1,0.5,0.2,0.5,0.4,-2.30258509299405,0.132115282258396,0.494763322125034,0.120135472859028,-0.0473203411471093,0.188190856794454,-1.0319924185399,0.111673531524217,0.109781488073711,0.0986935178765326,0.120642019387985,0.12005218045706,0.11432732450097,0.617223116612526,0.126198852804286,0.104018994870993,0.395131109983702,0.151229334196248,0.820219665655609
1,0.5,0.2,0.5,0.4,-2.30258509299405,1.09000974904635,0.376057867945718,0.192352372574906,0.145183080483293,0.295522955752092,-2.16014886965501,0.131115109557388,0.130984484867366,0.129193787573933,0.131689206240779,0.131214960260925,0.123943546833332,1.6321847045502,0.149548497535858,0.119869811121799,0.415055536581384,0.181398735724317,1.7922133250246
1,0.5,0.2,0.5,0.4,-2.30258509299405,0.342785943423487,0.668402307736982,0.125767611073814,0.373870672842019,0.00349197157490038,-1.59295074882544,0.0996814977677257,0.102984369786905,0.0941877720138445,0.142672078228182,0.143351634433669,0.102471184931842,0.797180646064034,0.123687806031112,0.0997092524793712,0.397090478205191,0.198772710677995,0.944942418693563
1,0.5,0.2,0.5,0.4,-2.30258509299405,1.73325045441881,0.289168279569976,0.197653237340704,1.32961418736768,1.18850201973287,-3.13569693865015,0.101977140694802,0.107654593604503,0.0933391568469825,0.239077070048294,0.216226724115804,0.0895686501307173,1.59499248113099,0.117915166631224,0.0933709976708353,0.539530290894327,0.40628090059936,1.64209767891202
1,0.5,0.2,0.5,0.4,-2.30258509299405,1.7413170314495,0.52404011997341,0.16780174262473,0.511727136306628,0.399070038806202,-3.20565568044936,0.114414963285879,0.115248783594128,0.104620497358848,0.152670015194585,0.15014289238554,0.111303067887775,1.98673859525121,0.131591133216062,0.109047984048698,0.291328812989742,0.218130258555047,2.04301841996947
1,0.5,0.2,0.5,0.4,-2.30258509299405,2.05942220172832,0.307230007181343,0.0805210243371641,0.751629708713448,0.560480062952401,-3.45756843808079,0.109987032604503,0.106894907779517,0.105039617319436,0.172163242039026,0.170114567789859,0.104826944270677,2.00603549916079,0.146921858338356,0.104075831636514,0.36317318585324,0.274684805234852,2.0651646605188
1,0.5,0.2,0.5,0.4,-2.30258509299405,1.83440450711064,0.614292234961077,0.0578590854400589,0.861961228856587,0.43517603490005,-3.13322191648595,0.103025471060909,0.101398910617475,0.10744233542058,0.176278460568626,0.169618287134783,0.101643603890955,1.98522869263814,0.134678469354905,0.0955334619862896,0.471741512400522,0.311073816549386,2.07490966002699
1,0.5,0.2,0.5,0.4,-2.30258509299405,0.356538918617914,0.722445138580477,0.249622426687712,0.521528140503494,0.148076813814833,-1.6577410928517,0.0954259855773673,0.0991829421756515,0.0954189605742352,0.151918702136436,0.157224553740011,0.0985890348088231,0.901134974763443,0.134057528854221,0.104374964270636,0.497468379076233,0.250645781057925,1.07212440268872
1,0.5,0.2,0.5,0.4,-2.30258509299405,-0.246175017702411,0.593385558041621,0.246225454025254,-0.00119078627869543,0.116665944538996,-0.685977930784057,0.0956662606683405,0.0925598121443342,0.0937907350753661,0.12367265336469,0.121189432311729,0.103352470816423,0.461426828942394,0.109729838970306,0.0962334147105413,0.467674719044494,0.176554262809556,0.714564025703413
1,0.5,0.2,0.5,0.4,-2.30258509299405,-0.4108003181473,0.555283678718805,0.134642483333434,-0.1842178427651,0.061740324163151,-0.68881277669102,0.0967965727139069,0.0938638163679707,0.0930388440607556,0.113496153398813,0.111979135330793,0.107863878339023,0.383370363902878,0.104877524183508,0.0945031742405719,0.375347383215874,0.1496586216947,0.603731146877125
1,0.5,0.2,0.5,0.4,-2.30258509299405,0.0583406028357764,0.668065759750651,0.296303711707359,0.0250458420163998,0.132233991836728,-1.37189680846198,0.105139176933579,0.101790464689311,0.100991201315668,0.123472435055632,0.127039537418695,0.109837317512722,0.650290004384985,0.125651807262311,0.10678980569941,0.319640671909798,0.170137428666282,0.786954848365984
1,0.5,0.2,0.5,0.4,-2.30258509299405,1.41707140164452,0.463882117742298,0.103763388169216,0.941859185693704,0.803136938333534,-2.9825886699242,0.104356699511799,0.101444920143566,0.100131231155416,0.198409586568469,0.177746658765611,0.098244658962157,1.6493886045854,0.125073770753178,0.0974282691971727,0.438265772616088,0.295351850067002,1.71228631476456
1,0.5,0.2,0.5,0.4,-2.30258509299405,0.193466006423775,0.680922150163701,0.15107684287424,0.165190038229361,0.0520907540332767,-1.32119982827364,0.101156253036798,0.0957827690711613,0.0960838173311468,0.131321282436574,0.128314582522705,0.106758800665448,0.771721050039722,0.115460125222695,0.109894676810931,0.439785285423419,0.16685666301343,0.975154660346378
1,0.5,0.2,0.5,0.4,-2.30258509299405,-0.205047169431321,0.511169716166481,0.139263101216197,0.0929466898656177,0.268865057145211,-0.886857433664615,0.0978552035997143,0.0921195351489988,0.0994511536241647,0.128224919451247,0.130835234102251,0.103038171302666,0.530885365908928,0.119306680166119,0.105404153575963,0.472026686308634,0.182812252825937,0.770476712851636
1,0.5,0.2,0.5,0.4,-2.30258509299405,2.18696385905039,0.467298644974759,0.282072407541441,0.768995467386676,0.6152293394069,-3.41707298087479,0.110667886059009,0.10625860321094,0.106515927875928,0.178084043462568,0.165798947613489,0.106837712366601,1.99773040313387,0.133442539658904,0.10850720297693,0.370947788966351,0.286526873832905,2.04779000903047
1,0.5,0.2,0.5,0.4,-2.30258509299405,0.746477590464277,0.409272893439267,0.229591679775912,0.820444710375863,0.979814719208072,-2.11288338740274,0.110282384653512,0.106416625861494,0.0945998818245456,0.192330115077131,0.17849107222558,0.0949918469900961,0.980559154914854,0.113920796715403,0.102799888059613,0.443631779635018,0.275026266418234,1.06153801994599
1,0.5,0.2,0.5,0.4,-2.30258509299405,1.04011073326125,0.781402096389582,0.0689493233643964,1.2443851458311,0.0877707988043618,-2.35245933254448,0.0900643164040817,0.0926087613759841,0.0921542417337792,0.205905322674272,0.210380607227598,0.0885171415847888,1.17874159921172,0.121266043599649,0.0901046717463886,0.538105640221837,0.359711171740787,1.26766536496955
1,0.5,0.2,0.5,0.4,-2.30258509299405,0.432815248409364,0.602222829531372,0.304461284318458,0.184674555306964,0.296647759318881,-1.61163262668643,0.110183697332904,0.114222792048331,0.110789956029586,0.13412615844014,0.134193429496163,0.111865723611713,0.972198224586615,0.134964112183136,0.110062117584122,0.408493828941437,0.179463333372772,1.14306922910137
1,0.5,0.2,0.5,0.4,-2.30258509299405,0.325327980647574,0.556269572934987,0.10939855186658,0.503506335883756,0.373393552951386,-1.77024159662669,0.0994891607271729,0.0956132077267648,0.105039730480799,0.154841305659482,0.155756954957911,0.101023884049574,0.832491146101386,0.121152305162789,0.108338369574645,0.404663719954767,0.248158076301194,0.952785168206487
1,0.5,0.2,0.5,0.4,-2.30258509299405,0.514233736136759,0.341296099475436,0.202604351773465,0.419003220631646,0.541426337378516,-1.78361957806468,0.107433146862597,0.106813775348555,0.0959432907202042,0.152159058263276,0.144966114011209,0.102689208334695,0.905915252936929,0.12241038737571,0.100374409957884,0.436194322703566,0.211145656669916,1.05108790959536
1,0.5,0.2,0.5,0.4,-2.30258509299405,1.71049418456399,0.517056819022243,0.202221350071492,0.292874956205594,0.387711341099535,-2.78098046039539,0.125074800778529,0.124858000151235,0.131845268495873,0.141143322281678,0.1370036140516,0.120839440857029,1.82666438193175,0.149140189657286,0.121767249800676,0.303278073655806,0.216045800582745,1.89824285820555
1,0.5,0.2,0.5,0.4,-2.30258509299405,-0.30962264662006,0.464087985028051,0.0769876675732793,-0.247616243847781,0.294470472970255,-0.710083661336866,0.111547019531038,0.120298697860414,0.0967364092967714,0.113774018532982,0.111471000748714,0.114653333163331,0.48452611227734,0.12632792470732,0.107049431324276,0.422005702905923,0.14889028895676,0.734459239047839
1,0.5,0.2,0.5,0.4,-2.30258509299405,1.75430371434938,0.319421510296096,0.334503810892295,2.06744784733741,1.42505864322737,-3.16970156789906,0.0933177209820024,0.0937769074319196,0.0822874632806967,0.363344800606022,0.319279287000739,0.0847070571798866,1.84436261675543,0.111657697184715,0.101833019970223,1.58856954800376,1.05638511754893,1.94255215361029
1,0.5,0.2,0.5,0.4,-2.30258509299405,1.92765235190596,0.196009844605135,0.147887636939168,0.465008689076745,0.588573609375556,-3.12253481737197,0.12435274251548,0.124594758786049,0.117520681326522,0.154204947860699,0.146379011120856,0.112980356612425,1.89988083447057,0.14187426733669,0.108934715601238,0.301849065849888,0.215173129243427,1.96008570710394
1,0.5,0.2,0.5,0.4,-2.30258509299405,1.22081131262337,0.510798027498345,0.275750498100115,0.495770687091927,0.466080653810065,-2.5875775188635,0.109688932519143,0.105587761089473,0.104433418457147,0.150206699702996,0.147802546348541,0.106550584069661,1.62373995213991,0.129229071648743,0.108614424049874,0.391813340973871,0.239661433263866,1.72275405787535
1,0.5,0.2,0.5,0.4,-2.30258509299405,-0.215645198249326,0.724107955891948,-0.0649913240804404,-0.132006068190054,0.181108267549755,-0.655283329768121,0.102316314532138,0.0972710589141494,0.10346744312908,0.119156916533525,0.12094204032307,0.111224235856396,0.47892025021126,0.110228156873237,0.105977499728404,0.450126033055353,0.149047549959137,0.742671095914284
1,0.5,0.2,0.5,0.4,-2.30258509299405,0.147221511859365,0.752631518018053,0.204431564106007,0.588558847468654,-0.123474522013054,-1.48243317438077,0.0919517539345013,0.0890963578299183,0.0885445473014503,0.158052353900285,0.154680532157788,0.0950125949597107,0.794394533673037,0.121280521882354,0.092778787232503,0.564352972528295,0.257019929207442,0.989430131764784
1,0.5,0.2,0.5,0.4,-2.30258509299405,1.0540619357749,0.44142369875723,0.0905989630149787,0.485487626217699,0.538360603846152,-2.41824820599355,0.11113853325591,0.102583307437583,0.102287232954603,0.155587108622617,0.153584207756655,0.106599134335481,1.44992874845407,0.125914486909629,0.110176018189703,0.404691001868903,0.232681609963739,1.56421704270392
1,0.5,0.2,0.5,0.4,-2.30258509299405,-0.230462034001076,0.471432136301214,0.104214507152515,0.525242421472891,0.114871455491838,-1.19455345306098,0.0881290359184097,0.0868651263088679,0.0909842794682333,0.153671201957864,0.149289794703347,0.0929406500761957,0.5572697561141,0.104427016819285,0.0884914714135329,0.487600040673684,0.220639037456823,0.734302395553109
1,0.5,0.2,0.5,0.4,-2.30258509299405,0.694047269101272,0.486618691174082,0.200392222058129,0.40846929303074,0.183858455693916,-1.94210448413447,0.107227722662749,0.105092502542899,0.112650824262808,0.149426546398758,0.147672171263727,0.109291590118638,1.16934718685393,0.134899491264408,0.110981711656488,0.4325930686641,0.199770931593339,1.32068760424233
1,0.5,0.2,0.5,0.4,-2.30258509299405,0.307456724323787,0.689979224555505,0.0499303665632227,0.494310268743621,0.34338283990307,-1.79873421797339,0.0981980866527214,0.103608578202633,0.0940312141448701,0.154913524642242,0.15216417450382,0.100057348402335,1.07871490797713,0.137664382109839,0.0976171984120915,0.554959445450123,0.262409186449328,1.27215849885976
1,0.5,0.2,0.5,0.4,-2.30258509299405,-0.661246779060087,0.756770426554378,0.240537564653736,-0.378394728742443,0.0503937444142103,-0.0679674310782608,0.0865978406054124,0.0897841892302768,0.092057120541049,0.105099813956143,0.105478992321972,0.107952671963418,0.24810131525212,0.0971238775111259,0.0940540377394715,0.386431695533366,0.128341710939618,0.51092701621166
1,0.5,0.2,0.5,0.4,-2.30258509299405,-0.440607275881883,0.740669220333783,0.299897219779843,0.179757737827278,0.170105568680747,-0.738954389147975,0.0869745032949639,0.0905124264768375,0.0863767822078564,0.135712902714798,0.133829949570405,0.097726868162646,0.407056626256087,0.109935199395605,0.0921786430186455,0.473921529864992,0.168903810603963,0.640517072863831
1,0.5,0.2,0.5,0.4,-2.30258509299405,-0.253244245874227,0.419855305711753,0.129395996507435,-0.0537941271221898,0.402308922046931,-0.675108018745048,0.107106512570622,0.119564734114004,0.0937143273313473,0.125766443099138,0.123432086551741,0.106885136999468,0.464618329656969,0.136848357793141,0.0966608202683856,0.446311706116445,0.192079105381538,0.689473712287781
1,0.5,0.2,0.5,0.4,-2.30258509299405,1.17272580372715,0.646878424063673,0.282230625926922,0.565547929572957,0.338518783817573,-2.60694806164276,0.103860608786364,0.106736453410247,0.104319824952826,0.14929281477856,0.149375381657362,0.103270909465909,1.67948954749775,0.14927284117148,0.108691884459474,0.393914484457815,0.230136023965342,1.79211078670394
1,0.5,0.2,0.5,0.4,-2.30258509299405,0.781681549093997,0.295479470381931,0.189040984173064,0.623350489959488,0.210527041617862,-2.03540465106639,0.104893726170197,0.105388258817054,0.108448827390674,0.163243658514323,0.160474627027143,0.104563813400296,1.22691456719608,0.130834540959768,0.102440854415123,0.493418175032369,0.242419671423186,1.37324142914312
1,0.5,0.2,0.5,0.4,-2.30258509299405,0.32810030488532,0.430097837519739,0.172146147766348,0.153772732394941,0.359918707780643,-1.68012097043958,0.109651865636401,0.107290379285744,0.110094220066401,0.128732580969066,0.12611037245635,0.108238042097916,1.00892074744834,0.12708828360515,0.110828998914774,0.416565145150887,0.189751936903497,1.1830048051693
1,0.5,0.2,0.5,0.4,-2.30258509299405,0.307427463129174,0.613252729598777,0.176206126508709,0.446926624322367,0.249254433135547,-1.60600152723134,0.0975746137047206,0.101317489435924,0.0914744521318179,0.148731166448696,0.149063608385933,0.0997469461767089,0.737160727096675,0.122651798188852,0.0983319105290863,0.400406919656236,0.249591756572064,0.868001353667322
1,0.5,0.2,0.5,0.4,-2.30258509299405,0.477361107249869,0.452339972753767,0.133967622226747,0.18956852534834,0.319246039609487,-1.45307343717961,0.112813395143475,0.115338996449555,0.113549933690528,0.132050903983763,0.132180308023761,0.109651446058007,0.851059341006826,0.148018500222552,0.113941052402966,0.404564651411311,0.196991856486872,1.01177496479536
1,0.5,0.2,0.5,0.4,-2.30258509299405,-0.161631697521909,0.636697788416025,0.362343424542393,0.228547937379644,0.169828010590984,-1.11229462456914,0.0919277232906071,0.0948488208624279,0.0899792463525974,0.134787293848942,0.133536709923648,0.0992723402950657,0.477392142451475,0.115525017327144,0.101432783159431,0.354648421479372,0.175931819451469,0.628088563482369
1,0.5,0.2,0.5,0.4,-2.30258509299405,1.00922496054204,0.693627234395377,0.128009323863837,0.693864107977114,0.483383611910089,-2.36947660016517,0.100315346965741,0.10306019655931,0.0922871770898391,0.163157054783643,0.15638585037501,0.0984345103761874,1.30984020294733,0.121814490154792,0.0985148863059963,0.428126627209204,0.260419866922583,1.40856314167269
1,0.5,0.2,0.5,0.4,-2.30258509299405,0.334442787603185,0.712051596826745,0.159919898791117,0.441636251506187,0.325860188708383,-1.73804664942175,0.0984663403846081,0.100671420167668,0.0920487263085771,0.147068955682705,0.146458389256242,0.0998738757430943,0.879372892142177,0.131779325610951,0.100550162873277,0.420532969932906,0.198678907185897,1.02932119182707
1,0.5,0.2,0.5,0.4,-2.30258509299405,2.3742578998385,0.292654927442064,0.145118992551411,0.354680384914038,0.275434651473905,-3.47703317832918,0.123278549408389,0.128600963484737,0.124294517392567,0.143254840099504,0.14301414793052,0.119287204159196,2.19323969088259,0.170064618714947,0.123024194509134,0.270684051191991,0.202432813542115,2.25778171926949
1,0.5,0.2,0.5,0.4,-2.30258509299405,2.41646281861561,0.620118224179326,0.218528986877967,0.930447788136457,0.468106231840941,-3.77210942513209,0.105060420792037,0.104446981145459,0.10205922829999,0.18813367634593,0.18032412527964,0.103217634036093,2.0369627639404,0.126757886208697,0.105781638559996,0.343991376860916,0.264451875425405,2.07197275312644
1,0.5,0.2,0.5,0.4,-2.30258509299405,2.58484084887118,0.643842846505984,0.212956210686077,0.784784649759963,0.052911131481182,-3.88886271981354,0.10698635677943,0.106107513413999,0.103384688095809,0.172089220535869,0.167279175699176,0.107345840478227,2.0905122007348,0.140517770213213,0.10388388685296,0.308063899424496,0.25515934716746,2.12843699741757
1,0.5,0.2,0.5,0.4,-2.30258509299405,0.569155797940627,0.236712425266404,0.0426528315343553,0.058163854730552,0.168345817027718,-1.57282137497681,0.118951046376749,0.117226549870682,0.118055999520865,0.12808179984344,0.127755222565544,0.118142230856446,0.950141812125543,0.147170976201072,0.118598855405147,0.393306284317089,0.178898459458871,1.1184371219848
1,0.5,0.2,0.5,0.4,-2.30258509299405,-0.162455562672684,0.34446664801671,0.209378989425633,0.135299288927979,0.176842483024614,-0.952675966245949,0.0977666878206547,0.0990779594381027,0.0971245817159293,0.134676068791673,0.129861266459348,0.105938252385601,0.696310629935238,0.120923848644502,0.100176147508918,0.633345426118086,0.175088432704807,1.03637202487462
1,0.5,0.2,0.5,0.4,-2.30258509299405,1.41028625700299,0.539084435732814,0.406734250079294,0.536296614768021,0.362636834877287,-2.6730359519988,0.11255329782672,0.114304645293667,0.104120888325263,0.158473359142563,0.152525853418655,0.11085671558589,1.52956745757355,0.145293295142099,0.113457103636546,0.311818670174456,0.23670605610171,1.59754899413933
1,0.5,0.2,0.5,0.4,-2.30258509299405,0.515991019785956,0.790276221337374,0.404651258398145,0.274383480903957,0.0513685996593943,-1.87138419593404,0.107187184202794,0.114724190753204,0.103224693852583,0.138182310429112,0.140448191580987,0.109361520897434,1.16308248773106,0.13873670466119,0.109973078138192,0.44860400776468,0.182547526725468,1.34952319163767
1,0.5,0.2,0.5,0.4,-2.30258509299405,0.74635842742902,0.38199035853416,0.136708933308899,0.388714542832074,0.596825617825678,-1.91777727183325,0.111276248683097,0.113307927249105,0.10366228610829,0.146418978207433,0.140561883993704,0.103229165949977,1.02639733396624,0.129716647959773,0.102671684309165,0.395691361297569,0.225831678709736,1.14846511098431
1,0.5,0.2,0.5,0.4,-2.30258509299405,-0.539240171162439,0.382426019291797,0.199240854732335,0.13693662921556,0.587304261684892,-0.731726285385303,0.0916670289762757,0.0896333363636126,0.0851711135575596,0.138005213088235,0.134271621743134,0.0947808750126387,0.335805733474484,0.103173999642607,0.0895972360166622,0.379063509685451,0.185624564413846,0.504834233639114
1,0.5,0.2,0.5,0.4,-2.30258509299405,0.134394659654206,0.461087683669384,0.22815995191744,0.34466002799693,0.498163151072757,-1.41031795543171,0.0983459787324289,0.0991130955383866,0.0944051613244388,0.143416049490783,0.135531573314351,0.0966700638883657,0.625039941372296,0.111802510326479,0.0987565767963681,0.379692621408814,0.200465477253709,0.758353570520942
1,0.5,0.2,0.5,0.4,-2.30258509299405,-0.472778641878298,0.561941543715102,0.184378851970583,0.756944457748873,0.468347215571456,-1.01403511577815,0.0790084366145292,0.0761749463644948,0.0823403479765691,0.177444964006985,0.175284682037935,0.0805499045575754,0.344047113917666,0.0890059114916369,0.0772616776932195,0.395302315442212,0.262865916675024,0.444285329524295
1,0.5,0.2,0.5,0.4,-2.30258509299405,0.299411332149539,0.574401333869237,0.0815204377325557,0.747177796227651,0.563336224621181,-1.70299981978695,0.0933903302492694,0.0917226928496449,0.0917054367976609,0.178975670413389,0.175065231706425,0.0928969944926978,0.81250404009406,0.109063351820782,0.0995894766186232,0.543848516938159,0.298312030992031,0.957751901550348
1,0.5,0.2,0.5,0.4,-2.30258509299405,1.28099803864991,0.73513936434203,0.178418949804399,0.857685130504413,0.582396474029658,-2.93392410894583,0.0987752302687126,0.0960812461565288,0.105286545154204,0.176332149031011,0.172904065735805,0.0969605045386425,1.6680138339447,0.123683441941503,0.0997222513399731,0.417400210425256,0.252536718176395,1.74889558670553
1,0.5,0.2,0.5,0.4,-2.30258509299405,1.35886703932813,0.522058708211995,0.181549161635289,0.894326439205233,0.919319998802051,-2.69012654155236,0.108741454597283,0.106815482669014,0.09786383609608,0.200076453400685,0.175671749235363,0.0984940285074602,1.5331131560803,0.128381162170701,0.101703311258835,0.432755683218466,0.251014388466943,1.60356289959617
1,0.5,0.2,0.5,0.4,-2.30258509299405,0.278249471817806,0.509961862139425,0.297355829417606,0.509716343540598,0.467873244256949,-1.59239523468843,0.102716254307748,0.103904159373818,0.095286832359087,0.158804942578579,0.150717594539022,0.100746087751157,0.941502177470061,0.122528206330549,0.100196423132401,0.527474217593786,0.238135693092391,1.12580791195061
1,0.5,0.2,0.5,0.4,-2.30258509299405,0.179421863157671,0.381068339280321,0.0953579752707471,0.492248996077234,0.643747205087024,-1.45265836755647,0.100835171414842,0.106871574412556,0.100249879462857,0.152198497228917,0.143899109907508,0.0944118765910805,0.803845140165554,0.127290641739798,0.102950666537793,0.553472830001223,0.310100948323166,0.96870117987826
1,0.5,0.2,0.5,0.4,-2.30258509299405,0.876562420383175,0.683280140134792,0.285973999919126,0.646148842941269,0.173548670329335,-2.077610149494,0.0987574893957298,0.097473626593304,0.0984186437067497,0.158181456257951,0.158000022468128,0.0994905868941111,1.23987681896919,0.118111718164874,0.102620237183701,0.464205810939827,0.209996984698288,1.3783304031377
1,0.5,0.2,0.5,0.4,-2.30258509299405,1.73857331783186,0.67071653860513,0.208982811666374,0.445379195150835,0.207638254811209,-3.33173390566399,0.108956014224683,0.110819647853083,0.118929208258676,0.142299141365265,0.14060577125749,0.109416513530617,1.96708031377097,0.144669235010522,0.110482069920592,0.257463918473952,0.196034748380636,2.02091733988479
1,0.5,0.2,0.5,0.4,-2.30258509299405,2.15818916374856,0.257548088659078,0.232205630565231,0.92332726379409,0.890185583559979,-3.44413220994,0.112918902353425,0.117960587042703,0.0987875178041903,0.195963411388226,0.177119885282272,0.101762282842466,1.98560495820825,0.150763274848517,0.102854213074231,0.516500571331132,0.389783137420968,2.04432286560024
1,0.5,0.2,0.5,0.4,-2.30258509299405,1.98444524336108,0.607093569349199,0.325868335397871,0.810945535938258,0.342653424910263,-3.51010652710308,0.107159002552262,0.108044192880738,0.103807937850617,0.173700640605127,0.171614156569014,0.106257376336163,2.00578607190969,0.147294914970439,0.104108041686089,0.34478073816843,0.266131606651209,2.05686702535523
1,0.5,0.2,0.5,0.4,-2.30258509299405,0.0792827196055072,0.630452395116638,0.26765537337719,0.124865258289644,0.153374518769592,-1.09571946770999,0.0970543589858332,0.101970762973128,0.0956463632098441,0.126990941949083,0.125416563345463,0.103141865178486,0.605979253887112,0.122505764407582,0.103379102564913,0.431918941575586,0.162351562910216,0.815531507022376
1,0.5,0.2,0.5,0.4,-2.30258509299405,0.300821634948168,0.33697294926358,0.319198222598964,0.0705366030831413,0.609852535161857,-1.26587996974682,0.114429079309475,0.115167786766216,0.111389754163611,0.134624183638161,0.130093758181441,0.106197244517272,0.682727522410604,0.131567660877899,0.116257653970092,0.427920721398836,0.206540361948506,0.86068919253926
1,0.5,0.2,0.5,0.4,-2.30258509299405,0.325428962140195,0.143031681729639,0.539511455852125,-0.118772736680123,0.470012905292646,-1.22050636256673,0.141581585856425,0.129881549198391,0.115354734365412,0.121179878789216,0.115663164658295,0.121594006318531,0.702164435405369,0.13719503240754,0.11705985115006,0.36763554408594,0.151199918565966,0.878706658554307
1,0.5,0.2,0.5,0.4,-2.30258509299405,0.983239964304669,0.386707691848733,0.127839488980919,0.298905081518887,0.532845460817667,-2.12635886848383,0.117558931778811,0.11949869554965,0.114580837379751,0.142771215496747,0.133942318668838,0.110677498084252,1.38920198410135,0.137550687756435,0.119518254109757,0.404484659278233,0.197899978364648,1.53282896445028
1,0.5,0.2,0.5,0.4,-2.30258509299405,2.41344619109139,0.768456608934882,0.147511700847932,0.284627019278889,0.230610577518021,-3.54703389217304,0.126441710068245,0.129352398132147,0.126638239119006,0.143432209603827,0.145912472262611,0.125843561487452,2.26258848786137,0.188621136189259,0.12602341197905,0.253626193181105,0.200787416678061,2.31623887181729
1,0.5,0.2,0.5,0.4,-2.30258509299405,2.05716617962549,0.693047845515031,0.182946628157781,0.281076354568631,-0.000501083277263679,-3.14454146770348,0.120871729953262,0.129021664890354,0.121739887141804,0.135111171177434,0.140806654956227,0.12103770125177,2.17714386091686,0.182632784041758,0.123416385640993,0.285985720622441,0.209530060507692,2.25898299566172
1,0.5,0.2,0.5,0.4,-2.30258509299405,1.62162805795005,0.473102609815411,0.235759508690972,1.61349230994651,1.33244733151977,-3.20653583884251,0.096844560995604,0.0970978116398019,0.095553482642181,0.294452385540639,0.257995599470567,0.0886774346558142,1.62549014222454,0.10894997573812,0.0964193497777084,0.814582110065742,0.614238766881843,1.66716895510973
1,0.5,0.2,0.5,0.4,-2.30258509299405,1.0681058684131,0.562299493802904,0.211143919158961,0.684593605039489,0.333860370666991,-2.47527656670449,0.104664153591937,0.106446554071641,0.105831773229011,0.164344562209418,0.158760655464255,0.103606266119219,1.4399537388115,0.125197628761473,0.10398153864005,0.395153431551732,0.238664174928248,1.53124653560041
1,0.5,0.2,0.5,0.4,-2.30258509299405,0.972295798772813,0.571168163563851,0.241552692490085,0.514421867817663,0.388636699542278,-2.39342182551198,0.107011345163278,0.110321419497915,0.104722403791724,0.152731249543421,0.149649449324819,0.10586839142096,1.33906990768889,0.135236934307916,0.111246448652268,0.34697632470409,0.188857213357872,1.42844377342053
1,0.5,0.2,0.5,0.4,-2.30258509299405,1.34406867457384,0.378834300582513,0.429396449731304,0.639726188974844,0.609647718322578,-2.42981574215699,0.126570338004287,0.124297010859338,0.117780580662004,0.168194557386382,0.15433381444782,0.110309637862129,1.92710363258375,0.146209225052653,0.108740365460574,0.589676668980177,0.301311396093221,2.07911110163599
1,0.5,0.2,0.5,0.4,-2.30258509299405,1.16281817437352,0.560561977001416,0.220992601417045,0.414674730947194,0.540497671374263,-2.39290534926698,0.119458560313624,0.120151182522407,0.110061469282608,0.153118506789498,0.149610115007777,0.112616158028444,1.55752626714214,0.141620329402159,0.11489301839297,0.407012609765386,0.247758769802656,1.67092063894303
1,0.5,0.2,0.5,0.4,-2.30258509299405,-0.271697157572955,0.55458796870059,0.172466581314496,0.165104965371435,0.415720965064496,-1.02614233821377,0.092587809836323,0.0917132887833937,0.093047570944969,0.136125654632396,0.129575472918174,0.0992339428271144,0.494945561932727,0.106514918267736,0.104379210278818,0.411150362501632,0.195326199468882,0.674636599693352
1,0.5,0.2,0.5,0.4,-2.30258509299405,2.38102893035042,0.422262976035915,0.167042697034398,1.57447326472571,1.18204639221633,-3.67310058602388,0.103626357702727,0.102094203757053,0.0973459672091938,0.295705394815228,0.265388290943699,0.0936795069509752,1.91120829747801,0.115198610093363,0.101267568775869,0.695862890061676,0.53007948671162,1.93993067830984
1,0.5,0.2,0.5,0.4,-2.30258509299405,2.0402451487256,0.693569080302477,0.0993246466327418,0.687388228201282,0.10585626377823,-3.40789469704694,0.107338358919882,0.10413109822924,0.106082700026936,0.159262786890829,0.159081919037976,0.107273049732834,2.04239143459408,0.143924404283834,0.106018068809089,0.310450923217169,0.241454114648281,2.09731045904414
1,0.5,0.2,0.5,0.4,-2.30258509299405,1.59832781964557,0.540599519694835,0.154750355149762,1.25050245733085,0.705487011503496,-3.04991075893628,0.0974354108712452,0.100518494284173,0.0967080532976309,0.226479840906952,0.21535158696589,0.0933312278130644,1.68283441319724,0.124257104628487,0.0933993163051092,0.539300226860113,0.355037013095521,1.74739958497675
1,0.5,0.2,0.5,0.4,-2.30258509299405,1.24531784567343,0.489919864168965,0.0891699814286371,0.399040474587712,0.53053503060244,-2.45741905118531,0.114506362889949,0.116653077710757,0.113331274656616,0.14875759166509,0.13904725711646,0.110364245865529,1.5246019088121,0.139955290709826,0.118154038409035,0.359396197539107,0.190014581101549,1.63671252867814
1,0.5,0.2,0.5,0.4,-2.30258509299405,0.102754210827691,0.569332159523371,0.555634192456745,-0.169394499194536,0.25719514428889,-0.814793033233751,0.113104897531123,0.124090574065214,0.104761541504097,0.118981262764391,0.119571765140143,0.117864560534454,0.514193089523566,0.152427906788668,0.110161067464692,0.384412628772142,0.154609460661474,0.731741523744082
1,0.5,0.2,0.5,0.4,-2.30258509299405,1.32963305561088,0.451246730563222,0.227937053669927,1.09122175814678,0.113804787019715,-2.79969220195294,0.0975356467865664,0.0985389081940834,0.0957869282959125,0.194171997063083,0.202070920230667,0.0965433428996775,1.53791374309446,0.134577088317265,0.102931650446409,0.417888259489809,0.336295054363813,1.60034170137283
1,0.5,0.2,0.5,0.4,-2.30258509299405,1.53129520998667,0.359192056338982,0.101267850123782,0.673648377362235,0.531986993304422,-2.91188047031359,0.107873048638687,0.105050281089011,0.0991440096559126,0.162809775341068,0.157852626959465,0.102513588252051,1.7570879738764,0.120861145126179,0.103518365191187,0.379247761635638,0.245253408321936,1.83393041233745
1,0.5,0.2,0.5,0.4,-2.30258509299405,0.376711980582599,0.650750152618625,0.313470672915637,0.216739333271967,-0.00471794716400126,-1.70306434390969,0.106408712139046,0.105222547678044,0.106666372498407,0.135035346506667,0.136064971523298,0.109285996889744,0.908093434798266,0.130899039357373,0.114014029651806,0.350895188967619,0.170236976606517,1.04370357790819
1,0.5,0.2,0.5,0.4,-2.30258509299405,0.314544545847847,0.478161030132793,0.077813628997641,0.442772571596058,0.584070701614195,-1.60012018937978,0.101056993356721,0.0989905502834072,0.0948102696186897,0.152846375285017,0.15561435859448,0.0970308323654379,0.799088833449499,0.125771522289185,0.0994753036196373,0.485305312427245,0.32985962680956,0.939067026069313
1,0.5,0.2,0.5,0.4,-2.30258509299405,0.582941417156298,0.697558651740416,0.17032740138102,0.222212828457272,0.211611709162346,-1.81552438819947,0.107003344780632,0.105801943588278,0.109032631295197,0.132381642426884,0.135171624810883,0.109115703373541,1.1513734207437,0.143064058046982,0.114396015071743,0.433049441928056,0.194555116570127,1.32290895658678
