"V1","V2","V3","V4","V5","V6","V7","V8","V9","V10","V11","V12","V13","V14","V15","V16","V17","V18"
1,0.5,0.2,0.5,0.4,-0.2,0.960747210131346,0.587120096457049,0.212990915792102,0.629020815877402,0.418212144102508,-0.372576558525275,0.951643469395363,0.318382992013927,0.0407473834023851,0.0719325149786604,0.03960491166178,0.143249048110292
1,0.5,0.2,0.5,0.4,-0.2,0.910290976949409,0.573883662770201,0.179167858528524,0.519323111434904,0.420078984627966,-0.37168444311822,0.860069719248407,0.299519993708098,0.0451166700280721,0.0771086987073151,0.0392901414769208,0.152880606911101
1,0.5,0.2,0.5,0.4,-0.2,0.965153823171782,0.523448726476301,0.256245080250826,0.508899056312386,0.401079355755299,-0.280465475260473,1.64069210899991,0.534121700999463,0.0469895568448503,0.0715492380798601,0.0414983096324087,0.149266019837562
1,0.5,0.2,0.5,0.4,-0.2,1.00078766183043,0.522726318905929,0.186908606579397,0.457773710295732,0.387955552071478,-0.0849435458799492,0.925057064654693,0.292554861014606,0.0447594548159304,0.0660486688758445,0.0391966135706735,0.151472643840836
1,0.5,0.2,0.5,0.4,-0.2,1.22909735647154,0.349929182983965,0.175585929492139,0.390856550119003,0.357555651567294,0.205247578312927,1.33734489675921,0.426876483124806,0.0435609371622788,0.0664001851156255,0.0353817597326025,0.178175269506777
1,0.5,0.2,0.5,0.4,-0.2,0.83068369692093,0.616830636632079,0.105094435117203,0.504919834535983,0.40637269931463,-0.344674365610691,0.783036817184445,0.256255052148324,0.0464180187573719,0.0707889395363047,0.0383965470149857,0.142015856237855
1,0.5,0.2,0.5,0.4,-0.2,0.922355612131742,0.633546172479945,0.23541004221745,0.563946745811234,0.469032462905507,-0.18430748110433,0.713333486943346,0.269403232211004,0.0370627590928347,0.0703788981042113,0.0367637660075724,0.153812944831016
1,0.5,0.2,0.5,0.4,-0.2,0.996752312836828,0.473667909183845,0.20585177539225,0.437192959459773,0.368136375074775,-0.105490517415212,0.658125703283545,0.209507274426421,0.0449595356566568,0.0723421766491835,0.0379088126967667,0.165343223009381
1,0.5,0.2,0.5,0.4,-0.2,1.12191465467012,0.40558102020903,0.254379682949538,0.533251577960886,0.387979555078701,-0.187727891441708,0.636603050742607,0.214370213382209,0.0430786882922872,0.0658498159105864,0.0372230572171657,0.13802017981949
1,0.5,0.2,0.5,0.4,-0.2,0.921946866675504,0.439444170585366,0.23986485735075,0.622682561941119,0.379814760305109,-0.515384100940742,1.17126737851513,0.37525693198579,0.0434895002493636,0.0743013570570556,0.040341962595522,0.136908310832433
1,0.5,0.2,0.5,0.4,-0.2,0.935796018646948,0.478103075375157,0.226820434149169,0.60541154054088,0.354722778688848,-0.396432007543922,0.742906703978211,0.221157295962578,0.0433551331050908,0.0749952645204052,0.0392708626465151,0.147025036089689
1,0.5,0.2,0.5,0.4,-0.2,1.03241289467808,0.46366943822788,0.208262713344954,0.533082208221816,0.398072710753377,-0.217564099077075,1.78068081345924,0.594790367504341,0.0450213060691545,0.074611871645287,0.0409334479608853,0.159912798203177
1,0.5,0.2,0.5,0.4,-0.2,1.07261879338909,0.476041122157299,0.220763951270802,0.425717490390604,0.39935480826568,-0.0510156568250836,0.770385834184322,0.258347507943383,0.0454671755334087,0.0711985521953611,0.0382767753261337,0.165937597919374
1,0.5,0.2,0.5,0.4,-0.2,0.984434609637026,0.506006104831865,0.194143538791591,0.409551829044884,0.405604932941795,-0.0288871149757004,1.20137524147019,0.41009734894932,0.0442389203671835,0.068913847994766,0.0369711007839952,0.164464384655606
1,0.5,0.2,0.5,0.4,-0.2,1.13421938253567,0.507601646716532,0.222291362222796,0.529326308893771,0.434701228570658,-0.149683381683465,0.465169875899715,0.160733667918357,0.0421770684189453,0.071842544875573,0.0377381179365644,0.157008409133043
1,0.5,0.2,0.5,0.4,-0.2,1.00024810634647,0.453173484552443,0.199306821565139,0.400008798335621,0.410454545460198,-0.0228433783460953,0.918342072811528,0.323382347894352,0.0456363371129056,0.0687524725274513,0.0371863005581237,0.163891921344672
1,0.5,0.2,0.5,0.4,-0.2,1.11553052802289,0.404170051139629,0.211818966543369,0.508451745374678,0.4046298975535,-0.230311512454434,1.10925509304615,0.378813379385271,0.0443148781086402,0.0694797175668649,0.0376530332271493,0.146623089818975
1,0.5,0.2,0.5,0.4,-0.2,1.06158410692128,0.461990498089018,0.224126125399849,0.328942278350233,0.401323549055775,0.218785976063111,0.467763731916899,0.164571814560954,0.0445546036189855,0.0648678027170466,0.0378582774815165,0.175047360477345
1,0.5,0.2,0.5,0.4,-0.2,0.999386146561554,0.491431370598349,0.110344901602181,0.306595654955639,0.394693165510825,0.120470910216632,0.857411547508996,0.285993799358432,0.0457607054180628,0.063495782244395,0.0385189863172717,0.159475539914785
1,0.5,0.2,0.5,0.4,-0.2,0.916465938748051,0.540720066244377,0.218318635928085,0.520654685697807,0.364272663834554,-0.167541535020866,0.499348515996661,0.159219715288588,0.0412234938571237,0.0671963149785576,0.0385024291169351,0.143814512512186
1,0.5,0.2,0.5,0.4,-0.2,0.90713226464163,0.499725682280639,0.239034652929903,0.43294959564961,0.379364384483188,-0.14553767027543,1.05974746327977,0.34158104687373,0.0454179965545644,0.0682074734979997,0.0374367822872823,0.151416128373009
1,0.5,0.2,0.5,0.4,-0.2,1.14115958871527,0.418595357607789,0.272746959599326,0.536125304731939,0.450038230684966,-0.131049950491199,0.464364953723629,0.166117199487997,0.0415347087938118,0.0703425624609684,0.0380549217227515,0.155497003716891
1,0.5,0.2,0.5,0.4,-0.2,1.22333201690661,0.356726276633418,0.196771988970159,0.472855195343642,0.380073032310821,-0.00786182358394599,0.856816621569739,0.284103015407945,0.044461729305322,0.0698232124208862,0.0379241003353838,0.167979332372239
1,0.5,0.2,0.5,0.4,-0.2,1.0384662832637,0.512815289415301,0.192030804306142,0.431191070501312,0.380887802242517,0.0414174744914615,0.818041969196182,0.265643215088678,0.0424217485287664,0.0678165554411555,0.0383584734089258,0.163535044322729
1,0.5,0.2,0.5,0.4,-0.2,1.21332454628189,0.317896900342966,0.172718720801732,0.645208758318893,0.379609292948954,-0.320392238729567,0.770888318887241,0.243214456262449,0.0382939437860987,0.0707296752840075,0.0391483421707685,0.141786832409448
1,0.5,0.2,0.5,0.4,-0.2,1.00370082011461,0.547827051432071,0.244373890753055,0.535957182683418,0.411258934622389,-0.177738854184508,0.742093700675479,0.254045337589981,0.0423523322747922,0.0679317813742296,0.0380083435057873,0.146447294210483
1,0.5,0.2,0.5,0.4,-0.2,0.950577616240239,0.557753616541819,0.207002688746205,0.473028083453536,0.454372408081237,-0.219808677116921,0.651035583897399,0.240456932544192,0.0431913265573013,0.0715887012044961,0.0364621731210721,0.153028955427754
1,0.5,0.2,0.5,0.4,-0.2,1.14345374450409,0.359044817664036,0.121185857492112,0.702059763083846,0.376464105058089,-0.428656066017427,0.67997619853551,0.213975951618868,0.0399920386804972,0.0729995147100141,0.0383840459003177,0.140188312583829
1,0.5,0.2,0.5,0.4,-0.2,1.0163938064393,0.397295632637469,0.169906371710699,0.72264510203101,0.358518031848409,-0.590922972862223,0.646516888539645,0.195212819455908,0.0417685181023816,0.0771691181544974,0.0372810451205866,0.137167196825891
1,0.5,0.2,0.5,0.4,-0.2,0.989555598904982,0.513565428452473,0.226131380959254,0.48672715777978,0.398144917316461,-0.119318677187196,1.07510622509878,0.362433206539335,0.0418363245670015,0.0681484110540069,0.0377093860357191,0.151460265454581
1,0.5,0.2,0.5,0.4,-0.2,0.836047317955029,0.644962427931947,0.168427927974223,0.55375853653698,0.389840562716576,-0.394986130586693,0.837964446929466,0.268083947437316,0.0469833616731699,0.0695579730859525,0.0380889041490343,0.134374598354577
1,0.5,0.2,0.5,0.4,-0.2,1.12551339148661,0.478023542460719,0.287789775163794,0.528720092175916,0.418675109529299,-0.22789846267945,0.673684078693198,0.233239321205561,0.0428424603462668,0.0746354960954806,0.0374195626862797,0.161112212743419
1,0.5,0.2,0.5,0.4,-0.2,0.979305097225724,0.580103538887869,0.168493204245867,0.46087600457645,0.471290923002698,-0.19575763039335,0.608123136552138,0.23048993191682,0.0431655965846051,0.0720882813238888,0.0371049861505382,0.156199674553423
1,0.5,0.2,0.5,0.4,-0.2,0.929268909625012,0.509630682100003,0.198636971324524,0.548111257873819,0.403181204219632,-0.387998871832687,0.874392801948527,0.292188586096556,0.0439234311104688,0.0735928002271591,0.0392030987986087,0.144887570179854
1,0.5,0.2,0.5,0.4,-0.2,1.10116625870969,0.503223630042033,0.261110710552549,0.544208741564051,0.431752391489366,-0.124238708442358,0.568821818247897,0.201912263380474,0.039301987714263,0.0706072840389468,0.0378169393001909,0.156718927372576
1,0.5,0.2,0.5,0.4,-0.2,1.01227421841595,0.526683815658456,0.287483621034387,0.529800147934438,0.409940083460825,-0.253280095172554,0.855507196467622,0.293069983418625,0.0430587228000107,0.0696266343613152,0.0374222486635829,0.14419102780953
1,0.5,0.2,0.5,0.4,-0.2,1.0429627953021,0.444955417022447,0.233391879099257,0.613229996258854,0.405951687955803,-0.39809079224379,0.612065231222033,0.1987024671222,0.0398075059070424,0.0724720629989538,0.0392418629926974,0.139116130054209
1,0.5,0.2,0.5,0.4,-0.2,1.09683611383755,0.387232993174124,0.181677582893987,0.513571206351939,0.392092277701914,-0.207756060853826,0.683319258454776,0.229980711850252,0.0392905220207136,0.0728334402921741,0.0372066327799301,0.158184708232372
1,0.5,0.2,0.5,0.4,-0.2,0.85486780375173,0.543461163933709,0.134164714332595,0.503141438962291,0.382453999125359,-0.25448953428431,0.655701871916588,0.216714697757496,0.0452329050290505,0.0725455272263022,0.0369699908402558,0.152971088561512
1,0.5,0.2,0.5,0.4,-0.2,0.998937188586771,0.538105488085199,0.20006650767628,0.51927216481411,0.402636375377236,-0.261483405642541,0.890922479509674,0.301880626518699,0.0464076108920841,0.0743126871235857,0.0375174081718686,0.157390660981939
1,0.5,0.2,0.5,0.4,-0.2,0.906065378356572,0.634369535835018,0.2643295230094,0.639645303438404,0.401046725706108,-0.414664644281453,4.09111671443765,1.36062290797272,0.0531044386135806,0.105737468880328,0.0532601119828555,0.192648291614745
1,0.5,0.2,0.5,0.4,-0.2,0.911018154545196,0.583213284964889,0.203437844606688,0.564308706361754,0.423026624082728,-0.361749728049423,1.92119918268165,0.641186517569951,0.0422941674864433,0.0726187381878749,0.0505456782459987,0.145955466817246
1,0.5,0.2,0.5,0.4,-0.2,1.19083827279531,0.502386999973252,0.198549698324316,0.433660711517904,0.446840188752006,0.00796955557119202,0.671784099980603,0.244032104740918,0.0418083327995825,0.0723656614905602,0.0372455629420136,0.177660785718793
1,0.5,0.2,0.5,0.4,-0.2,1.00258421913951,0.507323318069624,0.219002965603817,0.63346525872721,0.43223515794614,-0.36002908650719,0.632146111091828,0.218823579337447,0.0404999907542496,0.0727135603188122,0.0376601071307728,0.145811073396258
1,0.5,0.2,0.5,0.4,-0.2,1.16916515008664,0.451802061510562,0.239213425825386,0.593603291802431,0.414353559414613,-0.202541145782876,0.693798753770671,0.235637208071666,0.0383461153757784,0.0697614864893237,0.0383986481992319,0.148573914155411
1,0.5,0.2,0.5,0.4,-0.2,1.09630005155392,0.498676197167464,0.185821113068403,0.457266314072454,0.458048894369962,-0.00129167176197616,0.568152659213481,0.218564594246613,0.0406667407033744,0.0692560674399726,0.0359519139069974,0.165837735526361
1,0.5,0.2,0.5,0.4,-0.2,0.809699282772711,0.604969733057159,0.162250725214984,0.53567718421698,0.41199434405442,-0.351400202023735,0.85421572240802,0.286225612486017,0.0455600958700671,0.0715725404086686,0.0391732391136403,0.140821477827845
1,0.5,0.2,0.5,0.4,-0.2,1.12086256982367,0.537925769974987,0.209661077208271,0.475134402652771,0.464549005501942,0.0594530750423853,0.464416939182609,0.17411078653204,0.0404061834249382,0.0698962620061045,0.0379453830709485,0.174949134763178
1,0.5,0.2,0.5,0.4,-0.2,0.919032450026022,0.540856266100287,0.171824786849618,0.467657852315103,0.381068292088384,-0.135973039347185,0.864280630963158,0.282833442977368,0.0461524038351771,0.0678477039936559,0.0379331208284525,0.148000945062442
1,0.5,0.2,0.5,0.4,-0.2,1.0103097789839,0.547504475981253,0.146267929456188,0.659662808748206,0.418699858228127,-0.458082774045449,0.706241437052483,0.242044814645081,0.0439904444386478,0.0825913621921371,0.0379219980695235,0.159664997060997
1,0.5,0.2,0.5,0.4,-0.2,1.11824647530618,0.465022749918791,0.211514415774836,0.496593602527589,0.397477242663063,-0.0897050474297871,0.683377876874042,0.225492517486745,0.0403267786546108,0.0675046149149068,0.0375548207844055,0.153531887373388
1,0.5,0.2,0.5,0.4,-0.2,0.950171261356209,0.47476477906765,0.188764741795429,0.495039784552499,0.361152506293577,-0.299130801528329,0.928621462194937,0.285545072158793,0.0482650828599025,0.075658091164301,0.0403086431005517,0.154573987722032
1,0.5,0.2,0.5,0.4,-0.2,1.01198992072826,0.553290360142218,0.191620846448073,0.518064054073355,0.417548293090159,-0.255325796053977,0.692281270227264,0.242444530656731,0.0417264250053846,0.071295344851933,0.038406628565146,0.147848463918889
1,0.5,0.2,0.5,0.4,-0.2,0.872946711953456,0.621649980409198,0.266145801170952,0.487150306537708,0.437383990268978,-0.214546476261018,1.68308372284716,0.597889726747299,0.0430182425369016,0.0757539948041256,0.0414012410391664,0.160156750018016
1,0.5,0.2,0.5,0.4,-0.2,1.05459893539391,0.578036961971666,0.221552262965136,0.616468155002065,0.425223290494319,-0.390815803977554,0.650052657143723,0.222714152841799,0.0401722731275117,0.075001617425201,0.0381853509566759,0.148965022161552
1,0.5,0.2,0.5,0.4,-0.2,0.988062400399853,0.448382012748556,0.197292969715813,0.418136877469469,0.45145375086627,0.0429101796206732,2.27110080884861,0.84802619825886,0.0419807616994013,0.0784020193263217,0.041559713240117,0.186929842765673
1,0.5,0.2,0.5,0.4,-0.2,0.855159802035029,0.593824384293961,0.201887000418855,0.426089018406997,0.394856072643481,-0.144677204461188,0.826100543473745,0.282558655188659,0.0475439297323271,0.0714175970343086,0.0374791008908094,0.158910293712422
1,0.5,0.2,0.5,0.4,-0.2,1.07321404010425,0.47054793571679,0.236264091974995,0.547219050179154,0.443096216941096,-0.30250672596585,0.449722368576457,0.160474817003848,0.0433904476292134,0.0762047701399045,0.0383113237974848,0.155730605827355
1,0.5,0.2,0.5,0.4,-0.2,1.10374762463201,0.469459222754447,0.183656116684894,0.484275118745313,0.428660762364909,-0.0708873337698231,0.619925426503539,0.216848405622807,0.0433287446959773,0.067846601852886,0.0378570695352619,0.153266982466863
1,0.5,0.2,0.5,0.4,-0.2,0.994091943810814,0.489002941244887,0.2331779564035,0.556978375662947,0.376200041486941,-0.263714069877645,0.962976990790648,0.31422208457553,0.0414669465054803,0.0728666616313323,0.0379163562894345,0.153856163399502
1,0.5,0.2,0.5,0.4,-0.2,1.03953295743831,0.496555010798976,0.184735912742274,0.5666629832663,0.415637833474826,-0.294560115174723,0.507303159950662,0.175085273794581,0.0411697146606756,0.0710218780843796,0.0373418307538305,0.143620432550234
1,0.5,0.2,0.5,0.4,-0.2,0.76323275496571,0.64049667070043,0.190236755514449,0.65150901893385,0.429215143450582,-0.5812001382608,0.747571256788246,0.258525918995651,0.0418713260537367,0.079700889593401,0.0375815063516474,0.141989788334894
1,0.5,0.2,0.5,0.4,-0.2,0.924975033830977,0.560692863621271,0.184690553953316,0.384691031898624,0.422524568610522,-0.00672203371405032,0.629720632244456,0.223941543341928,0.0449920340908148,0.0664802288242873,0.0371981438614036,0.155298214685455
1,0.5,0.2,0.5,0.4,-0.2,1.14007214624733,0.463582773046127,0.154270203964826,0.430212966638238,0.405734838117724,-0.00584411240481253,1.94944377387998,0.680969941909066,0.0430988443796125,0.0666021836292959,0.0393187024005469,0.158608087572908
1,0.5,0.2,0.5,0.4,-0.2,1.02060286227772,0.559260044674905,0.177321872906915,0.605819413848746,0.452708646196953,-0.386904920821059,0.654191416766807,0.24143499901964,0.0387382510988938,0.0739628002614508,0.0384351891604689,0.143333600765708
1,0.5,0.2,0.5,0.4,-0.2,0.991514640027149,0.528147074922675,0.179147557193343,0.398960087920175,0.426541160932995,0.0170757313934571,0.637598306929857,0.220783829353339,0.0428837114318224,0.0661210724740273,0.0377224599870069,0.15686789484048
1,0.5,0.2,0.5,0.4,-0.2,1.07805110175721,0.454623853897455,0.231990269682053,0.559957024661523,0.408906822893633,-0.23749468472778,0.677866673335434,0.23555713071417,0.0415047905935228,0.0773040470520031,0.0388727190115642,0.165399627846296
1,0.5,0.2,0.5,0.4,-0.2,0.91349585406412,0.536493490677602,0.116236731510983,0.563119430065108,0.364983659183164,-0.365721835631835,0.83519530240341,0.253629263672345,0.0445444233505132,0.0729644744549672,0.0396805482960499,0.144175230405528
1,0.5,0.2,0.5,0.4,-0.2,0.970779932175295,0.586117421432697,0.121287188770063,0.32119148127005,0.414282466615559,0.231577781670933,0.924269031030767,0.324784173209164,0.0428838410596836,0.0633573048618986,0.036475460555005,0.172225027588909
1,0.5,0.2,0.5,0.4,-0.2,0.98293521476998,0.557295381770499,0.219569741093486,0.519802123920249,0.394827278683254,-0.216344161345112,0.645197193592754,0.217135720113285,0.0417098472390459,0.0726606482353041,0.0364707139222537,0.155346523164231
1,0.5,0.2,0.5,0.4,-0.2,0.892598214575566,0.576211324288553,0.266752386928036,0.565778572380437,0.42334418701297,-0.383905833090028,0.621585603456031,0.210824843647034,0.0424925109053081,0.073573775737225,0.0381288066049969,0.145286814874793
1,0.5,0.2,0.5,0.4,-0.2,0.849381718229951,0.564687466771618,0.120321201955993,0.554898370473845,0.397116304266091,-0.369242444426967,0.884967663037685,0.296565563208616,0.0430394716384786,0.0717656770892654,0.0377353564128369,0.141693104657266
1,0.5,0.2,0.5,0.4,-0.2,1.08364409442897,0.434946813328458,0.150962167200868,0.584712850359703,0.372361884517788,-0.293833036075188,1.15739432423502,0.36788560892525,0.0434552117604191,0.0694864655501348,0.0389469707083628,0.140315696648412
1,0.5,0.2,0.5,0.4,-0.2,1.04102261130457,0.505078808901327,0.181827276492935,0.457757300210021,0.427559979851884,-0.0987677934888036,0.56644054746089,0.202575160427526,0.0433291228203572,0.06861761586681,0.0373517025500499,0.154023154766919
1,0.5,0.2,0.5,0.4,-0.2,1.11972606307762,0.466754184867234,0.238000874659108,0.411275763297411,0.405444829635933,0.0699437168000066,1.03097968853244,0.340067362286865,0.0413629129360785,0.0700975181014325,0.0384680338381126,0.173207247163324
1,0.5,0.2,0.5,0.4,-0.2,0.926159403135074,0.537874503300024,0.238388241551313,0.429340779276811,0.381498171709426,-0.126190304058858,3.02199036354701,0.974087451424048,0.0458023664005197,0.0706677825831605,0.0407016482960301,0.157991878679133
1,0.5,0.2,0.5,0.4,-0.2,1.00592218558637,0.49024162295053,0.244621616678503,0.574241256540481,0.47251478534308,-0.290110172526783,0.451405251951178,0.164471964867422,0.0388679998122591,0.0756767457001192,0.0381713093859014,0.15584070104424
1,0.5,0.2,0.5,0.4,-0.2,1.15620341147012,0.364416827583434,0.185207143214957,0.498033793996015,0.352199662215619,-0.144171252957729,1.09743884091755,0.341137563451109,0.0447876143742326,0.071668807030865,0.0375778060717793,0.159473034087173
1,0.5,0.2,0.5,0.4,-0.2,1.02226923364282,0.563355954057241,0.180417014659687,0.586237087358454,0.402934504712541,-0.388095244315016,1.21790331191073,0.399754763651841,0.0441927474881927,0.0740396457547221,0.0415143801283224,0.145949688519484
1,0.5,0.2,0.5,0.4,-0.2,0.903236770552738,0.519370871032563,0.215254624654254,0.552041164748954,0.363015349378753,-0.304550445987882,3.42514950644322,1.07020240310567,0.0421234321017537,0.074030306197962,0.043633569439313,0.147812013834605
1,0.5,0.2,0.5,0.4,-0.2,1.04629822703021,0.384127588889431,0.254283492822936,0.514063513874194,0.404757503295711,-0.250397684295614,0.564953300303166,0.195953818833036,0.042235810296735,0.0719344369027553,0.0374383995999893,0.151785722806807
1,0.5,0.2,0.5,0.4,-0.2,0.995705513924289,0.575346189423127,0.221379984390635,0.522552793627142,0.45398655250506,-0.173639289031593,0.545226605640239,0.200260651678044,0.0410184440095518,0.0660427310056107,0.0377491195481005,0.141755540271933
1,0.5,0.2,0.5,0.4,-0.2,0.932800384066958,0.555995181798399,0.18502107988544,0.468849912964483,0.446668169992351,-0.134194605996789,0.50529090227157,0.188134851759127,0.0416547656770881,0.0730236609987264,0.0378493051360006,0.165958954168674
1,0.5,0.2,0.5,0.4,-0.2,0.882597403767996,0.487673463297977,0.235631083256708,0.505472026561609,0.378910565298025,-0.299323620515253,0.845262617652963,0.267807724055672,0.0456312593119141,0.0687282351558644,0.0387659453525372,0.139765844995474
1,0.5,0.2,0.5,0.4,-0.2,0.979717861189814,0.484402890991422,0.247909067665514,0.511094456584447,0.385001110932038,-0.17904288294452,0.768312849934088,0.247439744526777,0.0422840169216581,0.0695860430673772,0.0370161671395305,0.14992815289867
1,0.5,0.2,0.5,0.4,-0.2,0.903574200214048,0.54462119684628,0.23222782009001,0.520431691711949,0.401390668765837,-0.312386799682092,0.540898026711929,0.178520037184509,0.0436767963957123,0.0715455585632116,0.0379087981857608,0.145603608426641
1,0.5,0.2,0.5,0.4,-0.2,1.03003092660796,0.455765813179578,0.0891953208422848,0.676287243605064,0.377118957248075,-0.454475095805678,1.61406024463815,0.518156140550199,0.0429537676508178,0.0822460174363597,0.0394971350032288,0.158918310502817
1,0.5,0.2,0.5,0.4,-0.2,0.955589775234545,0.481477784025119,0.144714219695965,0.403514263088479,0.350938114999806,-0.0305410712212861,3.99105256572064,1.23924183633597,0.0505459361915152,0.0793104414914073,0.0455759544923426,0.18733086993869
1,0.5,0.2,0.5,0.4,-0.2,1.17131799911583,0.446075634283,0.0712086971831336,0.554610797446419,0.43399090767013,-0.158883729594003,0.470846774215513,0.169666219731761,0.0386998318330159,0.0715938569807763,0.0377106014681294,0.156198269802119
1,0.5,0.2,0.5,0.4,-0.2,0.97971254065165,0.571165127797088,0.194532704420022,0.661063066135003,0.437364156972723,-0.432080505656658,0.90105373934972,0.323772619261391,0.0415746514485265,0.0779670876140556,0.0399371333777841,0.154041834108386
1,0.5,0.2,0.5,0.4,-0.2,0.789549081611369,0.473902522515563,0.179073482097999,0.495780155452098,0.360718427718953,-0.275368694379051,0.619272099101219,0.191170103798396,0.0445830914540134,0.0689725970166537,0.0386901656668284,0.140954082776993
1,0.5,0.2,0.5,0.4,-0.2,0.852708323716626,0.520670446566399,0.172826157448664,0.558784790869994,0.441018420227377,-0.359308253465201,0.674304699807408,0.239290521236394,0.0439660158917889,0.0707552751558937,0.0388178883724166,0.140441468672662
1,0.5,0.2,0.5,0.4,-0.2,1.0133750586897,0.483918454284456,0.19737976200855,0.522817698071613,0.390787690090156,-0.118289208438518,0.713572603873435,0.24198213939086,0.0388666408229301,0.0727690493432998,0.0385175761788755,0.165902737921952
1,0.5,0.2,0.5,0.4,-0.2,1.05657874519847,0.484886244214588,0.236307298744328,0.552935368405675,0.393372128236822,-0.275808642821177,0.616925755346445,0.2060711451642,0.0433251407200379,0.0707813944657579,0.0376949338071285,0.146788389870178
1,0.5,0.2,0.5,0.4,-0.2,0.96139231815503,0.524756979722588,0.190709971157075,0.367215720740262,0.437811253397518,0.0595325848207728,0.499174206483703,0.184047432708022,0.0456823356995948,0.0668731387946791,0.0370258369322905,0.168534977193491
1,0.5,0.2,0.5,0.4,-0.2,1.0609917813147,0.368394982987554,0.251965609075042,0.583224607714073,0.349397102763249,-0.246263490551312,2.2303684169837,0.694248143326913,0.0416249463314281,0.0688839940957182,0.0401163691531949,0.144647483252185
1,0.5,0.2,0.5,0.4,-0.2,1.1900051832346,0.397836920547298,0.214798158823056,0.512814906466624,0.393324759477157,-0.128774602868983,0.717938854752575,0.239373269816216,0.0432624769447265,0.0719853893857641,0.0370713796797755,0.160646789516037
1,0.5,0.2,0.5,0.4,-0.2,1.0950920277922,0.471907385298653,0.172014846974652,0.474197556488355,0.419581662446536,-0.0362398136835041,0.518070984867534,0.182542595714558,0.0401653640962224,0.0722887402839519,0.0369258341247724,0.172427261917114
1,0.5,0.2,0.5,0.4,-0.2,0.950627706706457,0.407096862915643,0.200749158344448,0.286681270354892,0.364893701780512,0.136969160993002,0.854908972416797,0.271333198404856,0.0502345694297412,0.0700644381823041,0.0366553353017286,0.18541261892824
1,0.5,0.2,0.5,0.4,-0.2,1.01801949899694,0.540558912857252,0.109983954422908,0.471291760381634,0.382630689437589,-0.0519294221864854,1.08040747896412,0.358859816219795,0.0414696043762083,0.0748226947009668,0.0361312402317824,0.181133434171655
1,0.5,0.2,0.5,0.4,-0.2,1.01968167445729,0.435220130779768,0.213396861506153,0.585497583931903,0.325978717035764,-0.345088925058962,0.909879157431286,0.261030171662958,0.0438015122551294,0.0763334582415802,0.038747706029066,0.153560177196931
1,0.5,0.2,0.5,0.4,-0.2,0.894724275638015,0.573898080363782,0.145443864672959,0.624752503238917,0.433971953034863,-0.470169129509554,0.747964147545167,0.263415017190741,0.0425919246571216,0.0830671063628933,0.038319516314252,0.158167200227104
1,0.5,0.2,0.5,0.4,-0.2,1.00779875550423,0.515674160082701,0.194923717749709,0.537295105790797,0.402660289091864,-0.205907993409998,0.81266053633382,0.271872812705082,0.0400761999208439,0.0698743219268641,0.0380379030954888,0.148924614528221
1,0.5,0.2,0.5,0.4,-0.2,1.05079330998756,0.493250830066544,0.247009263994518,0.495083866219376,0.390212505523534,-0.177938455509089,0.751351416577748,0.245730143879592,0.0438671090642666,0.0701218616338313,0.0377643297550583,0.154024752360806
1,0.5,0.2,0.5,0.4,-0.2,1.10031299019205,0.44176948802176,0.178535078536042,0.476186486718776,0.387126015742758,-0.0973267507886695,1.25541621425532,0.41208449000907,0.0437179274219805,0.0653807229474681,0.0391553146071641,0.144825287255326
1,0.5,0.2,0.5,0.4,-0.2,0.980127673131107,0.531253884463236,0.251001154324633,0.663556195476558,0.386928603657255,-0.439767066091208,1.09114281562974,0.34900112490614,0.0396998961179318,0.0749299480073832,0.0408469375671933,0.143860311481747
1,0.5,0.2,0.5,0.4,-0.2,0.949869688676831,0.557507827058212,0.244739568160548,0.503699915464497,0.394266726576873,-0.155364005603877,1.1577630975106,0.375238783147474,0.0423831860811411,0.0672019749985128,0.0386603864838071,0.147953811817511
1,0.5,0.2,0.5,0.4,-0.2,0.939177609332066,0.556613441448832,0.145950911885236,0.399992990550339,0.437627219081747,-0.0681586119987884,0.604419765676811,0.220622186092683,0.0464481271161716,0.0660409775773871,0.0372335297036675,0.149641623526676
1,0.5,0.2,0.5,0.4,-0.2,0.990981645174059,0.540177079634386,0.131019845264779,0.56679518388731,0.430589364452927,-0.308345571614336,0.761733977912839,0.274060697049524,0.0416461682864691,0.0760886545663708,0.0384303751410907,0.157476795315183
1,0.5,0.2,0.5,0.4,-0.2,1.07288155058725,0.501899664684057,0.203943006883291,0.493160657378589,0.428944771912991,-0.105615685198097,0.769050283892462,0.277384470250395,0.0412508645342183,0.0668620795768168,0.0377405426425129,0.148863038079565
1,0.5,0.2,0.5,0.4,-0.2,1.02027783828703,0.454739322814174,0.167787809018822,0.598359059971887,0.354779883048774,-0.356289615916672,1.52362469603684,0.471409968092346,0.042705996289303,0.078208207319679,0.03956236787056,0.159784938040917
1,0.5,0.2,0.5,0.4,-0.2,0.949028343468376,0.49717163679681,0.215229335789044,0.355582637095196,0.405326887404234,0.0301140425870005,1.03890094995586,0.361271045622207,0.0470339774499806,0.0696683582229062,0.0368208297796358,0.173017801844157
1,0.5,0.2,0.5,0.4,-0.2,1.03747966739641,0.488906933045186,0.172751919318216,0.495774935899987,0.400996382136097,-0.198771426557675,0.55718738056628,0.186635769979443,0.0454184514872155,0.0744940203777441,0.0375280653427946,0.162013966472306
1,0.5,0.2,0.5,0.4,-0.2,1.09795634825206,0.469214231487607,0.161285738856558,0.654306303718504,0.416092565226953,-0.376580189584225,0.551508591893098,0.183056545936226,0.0384262211128382,0.0754382690197698,0.0375651319595705,0.147862347912408
1,0.5,0.2,0.5,0.4,-0.2,1.02622010400115,0.483984956803474,0.209581070061879,0.506876103329187,0.388739604519847,-0.223485769492825,0.528543800691545,0.177522361219889,0.0437267798856441,0.0715604495846992,0.0364147094254744,0.151441822525454
1,0.5,0.2,0.5,0.4,-0.2,1.07327323800278,0.460206454458801,0.100327921046055,0.450196170811251,0.413462651396707,-0.104486039485706,0.636846762243392,0.221220443285529,0.043975423422844,0.0675918549596077,0.0375171500506148,0.153587048943078
1,0.5,0.2,0.5,0.4,-0.2,0.962922339629813,0.54961629086879,0.157692139733701,0.492666416999715,0.414822762770451,-0.158970856820726,0.598215437818149,0.208247872083418,0.0423688037691565,0.0683465463748377,0.0376355034118944,0.150185160319534
1,0.5,0.2,0.5,0.4,-0.2,1.06984204460579,0.421324148946301,0.217064443757,0.509256414321794,0.351988367591475,-0.152282986462989,1.25980804161,0.386252825318559,0.0433409193338652,0.0740924748429747,0.0384964399644526,0.165426808797436
1,0.5,0.2,0.5,0.4,-0.2,1.00153546950507,0.424180190460182,0.264479338309787,0.59781203730615,0.331549299233693,-0.393160776478566,0.980328661287238,0.281324480179364,0.0442773328220661,0.0733213599618432,0.0399646416454088,0.143013564641909
1,0.5,0.2,0.5,0.4,-0.2,0.974815247419264,0.566868286435445,0.179041033015979,0.483400228780856,0.399766770398296,-0.208970479214938,0.69756425609404,0.234747489688415,0.0436013226633222,0.0723067302552081,0.0380390039610512,0.155115734455974
1,0.5,0.2,0.5,0.4,-0.2,1.05867269399357,0.474983631319689,0.2434922211466,0.51324098388647,0.404771710524773,-0.172858622668436,0.620216390580049,0.208239503977135,0.039278636105177,0.0728286736084379,0.0373185186163502,0.159993573451562
1,0.5,0.2,0.5,0.4,-0.2,0.991369148318093,0.383542432334884,0.210442741444242,0.291999151840413,0.345406427401541,0.211117219492813,0.981435355173114,0.303031646745241,0.0490980133286805,0.0658858640799996,0.0370889753275675,0.175359106860789
1,0.5,0.2,0.5,0.4,-0.2,0.991541859757528,0.517936333465092,0.143361912078434,0.405416356486817,0.402526611530513,0.0232937285247652,1.29652408466692,0.44072415685353,0.0459270997627598,0.0734516202278147,0.0388814432521695,0.181195891270392
1,0.5,0.2,0.5,0.4,-0.2,1.06065414209313,0.528918438572781,0.198553359107591,0.531487116251322,0.444088425049272,-0.238015674775893,0.7724187642963,0.281724118326602,0.0416499300303649,0.0695606284826352,0.0375955640257586,0.143396412359757
1,0.5,0.2,0.5,0.4,-0.2,0.882668967246498,0.568232733465511,0.259546404959888,0.355005203124526,0.383405187802212,0.0778974626344672,0.814251943204174,0.269873459462371,0.047134267428697,0.0716879250454034,0.037993815645644,0.184278593183561
1,0.5,0.2,0.5,0.4,-0.2,1.17393591914118,0.359671029793352,0.223341346887538,0.481401737318107,0.389635199870545,-0.14208703775707,0.567490684012858,0.1895505799117,0.0450557242370206,0.0700209826946298,0.0371262655706745,0.153938927426942
1,0.5,0.2,0.5,0.4,-0.2,0.906487528955318,0.668544343053981,0.173647613990036,0.574478236982413,0.479935069900494,-0.308594727650922,0.733687792118308,0.275479831580669,0.0372752412888852,0.0713521601288377,0.0387489215270568,0.14524501393774
1,0.5,0.2,0.5,0.4,-0.2,0.958704328797615,0.488979412772363,0.130050183811847,0.577803636445055,0.364337877569976,-0.394657436674707,0.914812273581985,0.286751766830043,0.0449978022524254,0.0777005157600551,0.037353696782732,0.154515399485279
1,0.5,0.2,0.5,0.4,-0.2,1.08190738090155,0.488681026446026,0.21276704692377,0.597352657623261,0.450221961769582,-0.267500145287265,0.528163314425359,0.191041828805049,0.0380606852203613,0.0728487752107532,0.0380372581516199,0.15163896151799
1,0.5,0.2,0.5,0.4,-0.2,0.99928503569008,0.5347318023383,0.207123427403457,0.523717670403362,0.414902639551386,-0.286981630319994,0.507086703635739,0.171122254667899,0.0419777173085741,0.0754088935815516,0.0383993886493598,0.155897447866974
1,0.5,0.2,0.5,0.4,-0.2,1.0263628505557,0.500013848754495,0.226141926408659,0.507795260845276,0.389242383437517,-0.134240144620183,1.50337436755735,0.494795994209438,0.0398848232825754,0.0697640102969144,0.0395101318700283,0.155729062714041
1,0.5,0.2,0.5,0.4,-0.2,0.949564806831752,0.560153495407576,0.262533382197251,0.470767800973396,0.436993239464827,-0.207906014437271,0.460609636492977,0.166926397887829,0.0448691339389495,0.0681191853794841,0.036816677297917,0.144891912767328
1,0.5,0.2,0.5,0.4,-0.2,1.1438762250179,0.438333650690949,0.115886410062649,0.548172528710801,0.433447608935619,-0.226685096847906,0.701525785470431,0.245575181090221,0.0416749901462965,0.0739726720434962,0.0377594884013936,0.158588006007995
1,0.5,0.2,0.5,0.4,-0.2,1.09142747412606,0.443592180946437,0.231797000776174,0.547178528330248,0.399541664934098,-0.226966475041195,1.27199826598552,0.420952937580245,0.0416216805890525,0.0688134677381392,0.039732005748835,0.145023611144632
1,0.5,0.2,0.5,0.4,-0.2,1.06594312514,0.569981098680738,0.164313876414958,0.564741905971759,0.46606627894195,-0.230664607614073,0.699709980951387,0.257280868181229,0.0375589981787383,0.0729000651095451,0.0398791617655132,0.155328953185997
1,0.5,0.2,0.5,0.4,-0.2,0.968741612292414,0.576324894575581,0.15608564305258,0.629478602224365,0.478533819671552,-0.322644076209924,0.420573643383451,0.157915658323216,0.0384781609243757,0.07011234723206,0.038596103356252,0.139827172604382
1,0.5,0.2,0.5,0.4,-0.2,1.14034159708799,0.471337123255985,0.232839472028765,0.52713847478102,0.438310492444896,-0.0773852744995509,1.48309312319021,0.550904137747759,0.042390275587685,0.0774269136553807,0.0367656052123663,0.179744187719969
1,0.5,0.2,0.5,0.4,-0.2,0.983284518182601,0.457160434603791,0.20056330035122,0.481508648621815,0.346643154400717,-0.21183464769154,1.1195601036969,0.333808735251018,0.0449233688666081,0.0737634034604652,0.0371203579698894,0.15724136992629
1,0.5,0.2,0.5,0.4,-0.2,0.967590464119057,0.534878020813688,0.204715998468491,0.433151963753387,0.379983726968782,-0.0360625427243927,0.661539268983769,0.211732511868191,0.0423774959500852,0.0696823741937278,0.0376100243031421,0.164292436767299
1,0.5,0.2,0.5,0.4,-0.2,0.973404777854385,0.431713376884118,0.25406062595911,0.485599553770112,0.384962001445833,-0.221862576408766,0.974059362151614,0.324829589042051,0.0457865384686459,0.0716124929472138,0.0374116582127615,0.151905960993848
1,0.5,0.2,0.5,0.4,-0.2,0.954880712337908,0.514459693150116,0.260870415361602,0.53982948425053,0.414486719271701,-0.338847259535627,1.89789656241085,0.645831058919951,0.0428704860742853,0.0746141919033165,0.0423860179414134,0.147535374527412
1,0.5,0.2,0.5,0.4,-0.2,1.08921809246834,0.47905871332699,0.177966819691991,0.53180761460575,0.401182632926282,-0.179013849056176,1.86631053865183,0.633635151238345,0.0428786521480536,0.0744331807655141,0.0423250212367806,0.162709222644536
1,0.5,0.2,0.5,0.4,-0.2,0.898331798125059,0.742510043418504,0.254746858584782,0.567908971451858,0.466940378094836,-0.290078779433139,0.67083352715436,0.25244949466256,0.0413837473360287,0.0698697583686125,0.0383455601493523,0.143040075862323
1,0.5,0.2,0.5,0.4,-0.2,0.948417226329255,0.493923544536086,0.196228179305281,0.541082387823431,0.375513634271378,-0.324256082834855,1.0330322364535,0.325515086022965,0.0426784599228375,0.0712929224361385,0.039492307586701,0.14328683431324
1,0.5,0.2,0.5,0.4,-0.2,1.03082148232259,0.491835467648733,0.140421552256151,0.626407068660981,0.4157527251756,-0.426626202548239,1.29834877819799,0.439754430575955,0.0392905451964239,0.0760445869237353,0.041214488215968,0.14891916192761
1,0.5,0.2,0.5,0.4,-0.2,1.05513248199909,0.531857853456669,0.232935226965552,0.526014939474201,0.385566828236126,-0.154294015678698,0.546010919722568,0.179706066510867,0.0409981427902209,0.0684309341691606,0.0369697369447627,0.14892227526007
1,0.5,0.2,0.5,0.4,-0.2,0.917651116473784,0.448101821403866,0.143102450007688,0.543202408410293,0.367649837524549,-0.371194305122126,0.677645122772926,0.207009765184521,0.0446159321231951,0.0807711526078835,0.0398883453380338,0.162699829206637
1,0.5,0.2,0.5,0.4,-0.2,1.07243746772656,0.451448258678792,0.191397438612392,0.346324911327784,0.421513024551459,0.177468261024624,0.590247878535583,0.204349351265852,0.0465506288150541,0.0669425984899566,0.036656707457541,0.178107241315413
1,0.5,0.2,0.5,0.4,-0.2,1.1117874821967,0.402641854011627,0.161464843017929,0.50545188617907,0.379513502295522,-0.0788081933560772,0.637189432988093,0.211711167906773,0.0423195033562846,0.0716321711711334,0.0380937193540177,0.16599570572531
1,0.5,0.2,0.5,0.4,-0.2,0.906129545948331,0.517125694457755,0.279666471964298,0.391517668952983,0.386835085567355,0.0463998238462212,0.6367975988964,0.21135417505736,0.0462028534751746,0.0685278040622344,0.0386341031975126,0.167638711577777
1,0.5,0.2,0.5,0.4,-0.2,0.994100640924251,0.605272175868548,0.200169694010184,0.562550517279771,0.433707042546509,-0.314961026334379,0.705213847926694,0.251524184456851,0.04485805285911,0.0718782595194527,0.0376834231585268,0.143047391025886
1,0.5,0.2,0.5,0.4,-0.2,1.12773379801566,0.464123658503799,0.182892565340727,0.403978912032503,0.430138124217798,0.169013612519909,0.511556133414273,0.185174847625662,0.0415692991364528,0.0676028086406181,0.0370137596010765,0.177288948751658
1,0.5,0.2,0.5,0.4,-0.2,0.960769924264226,0.558016266970825,0.19111012399133,0.369622150878164,0.36499489595612,0.0960451577143874,1.52597751928895,0.492485420106435,0.0472017460542757,0.0670996884073968,0.0395347380916426,0.171491047160373
1,0.5,0.2,0.5,0.4,-0.2,1.18152488740191,0.397958106050107,0.194517851702234,0.501177850904584,0.389358093290058,-0.0314818464775486,1.06562583491345,0.360444115355858,0.0423260522138186,0.0752053357624089,0.0361057457414769,0.183320902294073
1,0.5,0.2,0.5,0.4,-0.2,1.02660114453021,0.524688462583928,0.186920375389315,0.627979409935919,0.413010457884531,-0.400302046351898,0.931589832834941,0.313675039866195,0.0404838768210195,0.0752321477578024,0.0400984048420759,0.149305219222168
1,0.5,0.2,0.5,0.4,-0.2,0.874715819625952,0.545141306749246,0.21357592238945,0.424404149919771,0.402374873448068,-0.200658139246216,1.16134739809904,0.390478317871558,0.0477071682519908,0.0735835108201502,0.038016826572677,0.160728863687782
1,0.5,0.2,0.5,0.4,-0.2,1.0818423856684,0.482711546872922,0.190228581375291,0.443368772418884,0.405183891082488,0.00415424749015037,0.480790561242989,0.162683659512412,0.0441964882250395,0.0678801183267192,0.0373051145116993,0.162001536436211
1,0.5,0.2,0.5,0.4,-0.2,1.06600925536371,0.451185065219257,0.179537695832006,0.453925337406123,0.404872246488971,-0.15448490207128,1.5080913937249,0.495278798176981,0.0437293292584269,0.0707336949282791,0.0398476920891611,0.157157419671459
1,0.5,0.2,0.5,0.4,-0.2,0.982254347318126,0.379896183370265,0.194899938910636,0.536430507934076,0.333281108439712,-0.288002284291475,1.02025914056026,0.297172589258719,0.0451645455276298,0.0694572011142399,0.0394809063247628,0.14160044719289
1,0.5,0.2,0.5,0.4,-0.2,1.10784379402091,0.427374014599905,0.199071634560987,0.534666545162006,0.356837041103327,-0.127509768807883,0.759642893502268,0.235034662535496,0.0370494391682319,0.0681920920945818,0.0382331367483886,0.148815964418297
1,0.5,0.2,0.5,0.4,-0.2,0.826758028611952,0.689438763810815,0.244948955729989,0.58337880936599,0.435536130494925,-0.453481946341037,0.628769882393986,0.221389612563903,0.0417461588140821,0.0753900054065991,0.0381440326528843,0.142469896996328
1,0.5,0.2,0.5,0.4,-0.2,1.01738270314123,0.377041352431871,0.184517100169806,0.414876752668019,0.376426687005367,-0.0413372224357714,0.60916120699767,0.2005698799418,0.0451883108003905,0.0683255429351573,0.037655094405213,0.155647172371719
1,0.5,0.2,0.5,0.4,-0.2,1.10895130412634,0.465411417677931,0.180507566954321,0.56467353179573,0.382174250083349,-0.162597034278045,0.787373602862136,0.256113273942187,0.0394789998391441,0.0715069792847981,0.0381895198433681,0.157524996134353
1,0.5,0.2,0.5,0.4,-0.2,0.912398962608101,0.43341158484589,0.283335129906284,0.611479745904539,0.335524044581311,-0.459394414090115,0.862593875568801,0.246918491070303,0.0471546359328172,0.0720962563020107,0.0389332193899682,0.136270719905122
1,0.5,0.2,0.5,0.4,-0.2,1.20504249917169,0.297152945408732,0.203969822131227,0.566717245768118,0.363055736284742,-0.238370569247732,1.44921349418805,0.452913035219002,0.0429094874411081,0.0685512421440702,0.0395052692703579,0.145158098562269
1,0.5,0.2,0.5,0.4,-0.2,0.763197795153341,0.643760791666834,0.283464767839648,0.548367890762621,0.439188344821104,-0.421976734934517,0.812640709750594,0.28489594984786,0.0444205852533427,0.0748232289129435,0.0392215583612895,0.145822313877525
1,0.5,0.2,0.5,0.4,-0.2,1.0673848534977,0.522678088059141,0.186605142736224,0.580400315051818,0.412586123301489,-0.286196272345393,0.919432511747971,0.309751100348657,0.0423900406088437,0.0703786779305449,0.0378809126475815,0.144367625545083
1,0.5,0.2,0.5,0.4,-0.2,1.05034818345732,0.539194103913839,0.229934214455201,0.564636759500942,0.417486544084051,-0.290307534416064,1.079096548548,0.377523469603881,0.0429631537496921,0.072998301771163,0.0385211636809364,0.149558377216001
1,0.5,0.2,0.5,0.4,-0.2,0.800719281736408,0.500476017066764,0.091697665584555,0.474692674816021,0.36463754597006,-0.254524805740219,1.22264634037156,0.378856751115092,0.0470163701906643,0.0696090942795099,0.0377924309372116,0.145952535508841
1,0.5,0.2,0.5,0.4,-0.2,0.98874618331656,0.51873307377073,0.254647322748281,0.502289663016312,0.388649804185191,-0.179346053176643,1.10805424478899,0.368758463624156,0.0440098551490351,0.0711307148768729,0.037489125290556,0.155052642478806
1,0.5,0.2,0.5,0.4,-0.2,1.04672482706127,0.29865954596435,0.148662977805913,0.628571053811674,0.307871348264346,-0.414478553160278,0.783486388975567,0.205712593630534,0.0447350093155742,0.0775050256475217,0.0404823211465287,0.148924115589792
1,0.5,0.2,0.5,0.4,-0.2,1.12901612301857,0.446192743457804,0.279110810377236,0.508252675796099,0.38273426031314,-0.104002516668321,0.627897975242279,0.207913062351519,0.0420970692219477,0.0678114045777377,0.0373985151343988,0.153806004443514
1,0.5,0.2,0.5,0.4,-0.2,0.914261475645909,0.425762681227728,0.11934322849372,0.401586649576673,0.333863024551743,0.0115413388455676,0.687837918307451,0.199419947152495,0.0460146469909459,0.067298001415778,0.036746193452381,0.160570961114693
1,0.5,0.2,0.5,0.4,-0.2,0.990438979824533,0.495353154869828,0.183530927632826,0.522297897421878,0.375177376875124,-0.274217281618638,0.716908636881448,0.231977166858736,0.0473296568479344,0.0762453902973339,0.0381218185599346,0.16027333534093
1,0.5,0.2,0.5,0.4,-0.2,1.09833151042157,0.499988055905079,0.236730687709994,0.55924941991828,0.406826609884585,-0.277471093478092,0.737082851948765,0.251417963160297,0.0438997288908816,0.0741521213169614,0.0385276296872016,0.153556782413262
1,0.5,0.2,0.5,0.4,-0.2,0.87084674087157,0.542434432541816,0.274029067601297,0.598357717781325,0.398837228058582,-0.445581113324685,0.588261473500819,0.196264329627161,0.0437630018258801,0.0747519652082265,0.0387445123156571,0.141007808012963
1,0.5,0.2,0.5,0.4,-0.2,0.903939511912966,0.630916697710785,0.119967730223195,0.482726191167679,0.404414882477541,-0.269224362000076,1.41432290800777,0.481889322607218,0.043577778137081,0.0700662489415852,0.0389147179276669,0.146000547680112
1,0.5,0.2,0.5,0.4,-0.2,0.876551743554735,0.489608046780051,0.209352486075005,0.449970780508598,0.376325916476845,-0.2125204431804,1.07140627121854,0.344626045648079,0.0434060002304261,0.0650996903212198,0.0378578322772188,0.136670103515905
1,0.5,0.2,0.5,0.4,-0.2,1.04686372134064,0.52718079706473,0.21616875247871,0.539254644904606,0.390569298791453,-0.110424289556357,0.566326432439397,0.191367566928548,0.0398909903286422,0.0709638591487681,0.0366497584930799,0.163393784100588
1,0.5,0.2,0.5,0.4,-0.2,0.98890834815053,0.383434967779285,0.142933460169227,0.431507212173591,0.336291677693029,-0.171227049592968,5.20858364224727,1.5502312050237,0.0476941633966138,0.0783436993499117,0.0424671672453966,0.170183482887045
1,0.5,0.2,0.5,0.4,-0.2,0.849694312731834,0.57242894665078,0.162082420415598,0.459703252902971,0.412913218896526,-0.145562486867001,0.74876750944453,0.258150002760308,0.0441133483108461,0.0731879664611702,0.0367975227756561,0.164487784224122
1,0.5,0.2,0.5,0.4,-0.2,1.0613744964177,0.432381775829702,0.224700392319739,0.545277317112012,0.440056903968694,-0.272447928947932,0.63280657482944,0.223281467403474,0.0401594884680033,0.0697816000622684,0.0370346216305513,0.144541581855507
1,0.5,0.2,0.5,0.4,-0.2,0.924558078217984,0.522610819615685,0.280281085538843,0.46213844448006,0.439023344792167,-0.243676057929815,0.826792824144797,0.301295539348718,0.0440299091209263,0.0695870867128055,0.0377403119228453,0.144951270826662
1,0.5,0.2,0.5,0.4,-0.2,0.862836867237205,0.633230427949581,0.19564450941407,0.612553345499103,0.432527856884946,-0.448096575221686,0.782849043942063,0.270376804138938,0.0421355738703572,0.0745797861709415,0.0389478964457481,0.140698422407817
1,0.5,0.2,0.5,0.4,-0.2,0.99245322162402,0.500365797721434,0.109980570177625,0.461049489983218,0.385823634775452,-0.0660260132639296,0.941832359248672,0.309004505884045,0.0415497420582675,0.0715467803593521,0.0362828853268356,0.167569602439012
1,0.5,0.2,0.5,0.4,-0.2,0.861996018118345,0.636646745999557,0.202684131962473,0.526209180778532,0.464297363327749,-0.375012109124263,1.33411191704847,0.489895352716265,0.0442536248353124,0.0769703033392194,0.0423364591802739,0.155821312151579
1,0.5,0.2,0.5,0.4,-0.2,1.02471625404338,0.530973111644729,0.250144614457426,0.445396918000866,0.456405684730572,-0.0685178499367014,0.940548185614621,0.346495984562785,0.043493912001735,0.0656077035111969,0.0378521876526811,0.152298341907339
1,0.5,0.2,0.5,0.4,-0.2,1.0140585674972,0.516248804781797,0.271825988605664,0.488265713620469,0.385367724240527,-0.165345016379904,0.85083227486835,0.276358478542401,0.0440122886684273,0.0679389675862899,0.0384989579931257,0.146694290148672
1,0.5,0.2,0.5,0.4,-0.2,1.01307262353089,0.509051400257097,0.207928572865493,0.492721775449459,0.369158722740311,-0.113489093726717,0.641417371518564,0.207967012816301,0.0424437168668421,0.0732516710012345,0.0389390131573298,0.167598380435889
1,0.5,0.2,0.5,0.4,-0.2,1.12918833352092,0.465005095630539,0.193125861461638,0.409092925677871,0.411848870929955,0.114688779147997,0.626994486184586,0.211946097587196,0.0425757537135453,0.0721662460770857,0.0377625894743156,0.187501570647452
1,0.5,0.2,0.5,0.4,-0.2,0.992972027309048,0.475061784678866,0.159598885041144,0.446094006999579,0.360819698648996,-0.149748327814828,0.73432031203462,0.223610097214422,0.0439246412954454,0.0669507754364168,0.0378055566522166,0.145372202850435
1,0.5,0.2,0.5,0.4,-0.2,1.04119285716581,0.473021863155259,0.159297021191301,0.506122948385388,0.407671057954073,-0.206899029912494,0.647628688214536,0.224380736531837,0.0414150885715591,0.070756125344682,0.0382182843458476,0.149268409587946
1,0.5,0.2,0.5,0.4,-0.2,0.983635864413718,0.598324717397307,0.212622017755329,0.420562191341328,0.447554895724548,0.0187310429529312,0.58611518451107,0.218611326252639,0.041139819302547,0.0696820816964683,0.0374555279072709,0.169906814540764
1,0.5,0.2,0.5,0.4,-0.2,0.93689430046577,0.611131492954921,0.215315855655272,0.563141989681412,0.449671730153199,-0.374633038759004,0.629226719663856,0.227006816302887,0.0414534851211647,0.070317885094163,0.0396571272777869,0.136558350844236
1,0.5,0.2,0.5,0.4,-0.2,1.09172886501275,0.435094410292887,0.264538255278914,0.462711478392597,0.41184966466241,-0.0362495482159238,0.702335401178325,0.242751447155896,0.0428921518275586,0.0722664937008927,0.0380973868730804,0.172879571485735
1,0.5,0.2,0.5,0.4,-0.2,1.01801614645602,0.416043724502188,0.200935113272139,0.360134920479578,0.357491805657532,0.0336598542882247,1.55797888362072,0.481807166760211,0.0448602417608398,0.0737548257010952,0.0381050575170336,0.183618774687982
1,0.5,0.2,0.5,0.4,-0.2,1.00472127500952,0.485349984300005,0.269425264579454,0.616513076738228,0.411490440628111,-0.418949812231043,0.582404887642521,0.194529365713927,0.0425419415882866,0.0745123429619876,0.0390147094903815,0.143564379566587
1,0.5,0.2,0.5,0.4,-0.2,1.07121300439038,0.525800129515324,0.171249774494884,0.534040514190093,0.41143102613828,-0.219537692625544,0.958969487429532,0.326450592402944,0.0406722888913141,0.068069076422598,0.0381172578537512,0.143342520882526
1,0.5,0.2,0.5,0.4,-0.2,0.975289169980797,0.5203175974031,0.161270076536287,0.391137826077671,0.402255946248444,-0.0858867022808188,0.63917325541445,0.216973783010108,0.0490972572696057,0.0670363410175823,0.038154596737952,0.150264356271246
1,0.5,0.2,0.5,0.4,-0.2,1.13446699132251,0.436525840512892,0.156084104467484,0.562079601929832,0.449611704230447,-0.194333523947406,0.414177733601641,0.151037079179529,0.0414384197161757,0.0700043794951827,0.037493603659841,0.147882311928798
1,0.5,0.2,0.5,0.4,-0.2,0.971870864083732,0.547186418653783,0.199354120194553,0.647310967672739,0.425387327076771,-0.460267092439447,1.05492278115911,0.376318955293059,0.0414671625995526,0.0832248437751924,0.0391989838106043,0.15984861643234
1,0.5,0.2,0.5,0.4,-0.2,0.984670721070263,0.457128804794087,0.263244523265981,0.622002430738242,0.416405432364044,-0.474633254984746,1.14029006017286,0.384832178100879,0.0446287073957266,0.071638496368613,0.0405212543129602,0.135538311649485
1,0.5,0.2,0.5,0.4,-0.2,1.07265737612833,0.479326707909471,0.244532758131089,0.434399459875229,0.425355327522924,-0.0630881996866477,1.00386143794098,0.357179257459273,0.0464841077867925,0.0694037544968142,0.0379474701077648,0.160158092670232
1,0.5,0.2,0.5,0.4,-0.2,1.22498186261004,0.437081153077837,0.085993384493504,0.512802219426629,0.396087474840832,-0.0564427815251759,0.605251076528841,0.20212358992128,0.0385493104001447,0.0730376306853563,0.0371473948165199,0.17399222497753
1,0.5,0.2,0.5,0.4,-0.2,0.880554269957714,0.499835968875646,0.218668235203434,0.535006162182184,0.367352627505513,-0.354145051594421,1.06632336975082,0.334444747586815,0.0441568938251951,0.0724912212280723,0.0382986841791806,0.143744169903285
1,0.5,0.2,0.5,0.4,-0.2,1.05314665690006,0.536995597321565,0.191087613874241,0.507536305332318,0.401744968282198,-0.172032453685675,0.646820117657999,0.219429961996646,0.0440374263902753,0.0708611299258608,0.0372407702909762,0.155988945032413
1,0.5,0.2,0.5,0.4,-0.2,1.12163482324392,0.570027145402468,0.232137610583269,0.610037778655685,0.537054734144041,-0.25449692446965,0.425391899762227,0.166307120234933,0.0345303674375393,0.0720324339181561,0.0372392219854573,0.151967343175425
1,0.5,0.2,0.5,0.4,-0.2,0.927223225840194,0.499846416637255,0.232821012515761,0.49609447867709,0.408589943564418,-0.199508502300509,0.89965684622985,0.314855077957106,0.0461945185225401,0.0733961629748706,0.0384053689022096,0.160778320108434
1,0.5,0.2,0.5,0.4,-0.2,1.05478718368789,0.41558155458741,0.207451938663708,0.594439246473947,0.393158835087325,-0.276148851615782,1.29869778922281,0.433206401133791,0.0430759063997034,0.0744297634445585,0.0395598746042015,0.155718369255551
1,0.5,0.2,0.5,0.4,-0.2,1.00144405040686,0.544608013958108,0.213596498716587,0.592054278828315,0.430408963603937,-0.347410193729879,0.738386148090955,0.256717130003551,0.0429298585713123,0.0804868362480386,0.0382599538425069,0.16174934037916
1,0.5,0.2,0.5,0.4,-0.2,0.903116479685095,0.488953768020048,0.0996387671662792,0.453471847178065,0.382008497906934,-0.190847337780183,1.13622463840307,0.365711423474658,0.0449525718548956,0.074275090230294,0.0379193871873196,0.16245759531871
1,0.5,0.2,0.5,0.4,-0.2,0.910203023634498,0.549874986047633,0.220805505004439,0.504140199613139,0.422098421905704,-0.308840862123057,0.7237178153609,0.243006546968767,0.044258607049258,0.0746644318930631,0.0395445924206898,0.148989874813871
1,0.5,0.2,0.5,0.4,-0.2,0.90190434451819,0.62877984119507,0.214920626411772,0.683910157998142,0.475814499000509,-0.519748230708119,0.840722545967381,0.306436150488793,0.0413535364975852,0.077128231974125,0.0400299888544203,0.142452371969142
1,0.5,0.2,0.5,0.4,-0.2,1.00737328419362,0.46519122026339,0.150676352716245,0.480680184172185,0.408452723112558,-0.196076444271011,0.71200293553251,0.24591707927925,0.043821640441672,0.0742604595123105,0.0376971212538174,0.161361465811326
1,0.5,0.2,0.5,0.4,-0.2,1.08519736294813,0.490737910321783,0.148564127750474,0.449329595591088,0.444430101339833,0.0267386988424806,0.538684242312968,0.195807154805885,0.039755745744597,0.0684722945747771,0.0378337298742518,0.165433923239869
1,0.5,0.2,0.5,0.4,-0.2,1.10333614036513,0.397656120559521,0.251904564151473,0.591182531675125,0.369276396421633,-0.291561703496369,0.590211084304523,0.181784093511147,0.0414287591140836,0.0726931024679764,0.0389669712557626,0.149261580714728
1,0.5,0.2,0.5,0.4,-0.2,0.987296305696791,0.458993669057775,0.23371178511524,0.479242077929737,0.39733675857481,-0.128437739579324,0.634884019147768,0.215848782361823,0.0439681655020911,0.0674490199161532,0.0382537712483691,0.14949283294454
1,0.5,0.2,0.5,0.4,-0.2,1.08379004418726,0.418791933240977,0.137583804457081,0.44973958849406,0.354703490668055,0.0705583946055078,1.0679481334698,0.325678103609293,0.0438088044101627,0.0695711543779102,0.0373529923271158,0.1768518713114
1,0.5,0.2,0.5,0.4,-0.2,1.02285152205853,0.445681604044649,0.195148423904721,0.538891883056452,0.362252560019698,-0.205220147280268,0.732010574148566,0.228033718340842,0.0419316528558296,0.0664443458075325,0.0396318565048565,0.138517096657061
1,0.5,0.2,0.5,0.4,-0.2,0.93222928941189,0.638918292634801,0.194466380717542,0.537746569532121,0.439393853508416,-0.258888562016424,0.536435998518538,0.191983185137052,0.0420082254894207,0.0695482866099337,0.0385379492741144,0.144106015611106
1,0.5,0.2,0.5,0.4,-0.2,1.08375210374245,0.460774470408458,0.183738011670724,0.28745605863946,0.412505553181917,0.235383978708513,0.65308883355729,0.224951602205953,0.0464737148680162,0.0734529071878637,0.0355721424417197,0.209282666881867
1,0.5,0.2,0.5,0.4,-0.2,1.16881411918045,0.412841227551481,0.168504018681958,0.573303782519606,0.413223237875598,-0.132787835173207,0.864867662738785,0.301617041981258,0.0399258551982593,0.0703699966972755,0.0382962146012494,0.157718103458575
1,0.5,0.2,0.5,0.4,-0.2,1.05645899087756,0.530433478189274,0.177209023627633,0.503390992969127,0.362773718249466,-0.148309804271038,1.12540915075294,0.348346384208769,0.0416882245477405,0.072336636132423,0.0378771550860066,0.160278423817676
1,0.5,0.2,0.5,0.4,-0.2,1.04437107479697,0.514994116767346,0.0908546504749612,0.465119694368728,0.433434419855733,-0.0617916741375808,0.510157357682257,0.184554813298101,0.0420139098541185,0.0681846352354677,0.0377632345706819,0.157503670766394
1,0.5,0.2,0.5,0.4,-0.2,1.1712315517212,0.327874038331009,0.23240229063686,0.628016159545973,0.340203864391323,-0.332906520581068,1.09818265817575,0.327104258355946,0.0411637943428707,0.0711687970466448,0.0388002426701723,0.142054659851691
1,0.5,0.2,0.5,0.4,-0.2,1.1043700970965,0.485184361145326,0.172898781796853,0.571643589004903,0.403967727546995,-0.213833598816476,0.72795375912994,0.249962602196072,0.0421064703646585,0.0730379336625346,0.0373211304824485,0.157510631805842
1,0.5,0.2,0.5,0.4,-0.2,0.994852579997575,0.472632100251448,0.165075048041796,0.587790526584037,0.408446670349924,-0.273332341993031,1.0889396450297,0.368103776236858,0.0396991236062633,0.0722762775951808,0.0380167751949267,0.150722068339964
1,0.5,0.2,0.5,0.4,-0.2,0.902428078514358,0.527129179241449,0.155897702346545,0.423531643957072,0.426584269229715,-0.131213781703564,1.03878187155888,0.355447805496225,0.0434596652199312,0.0746619788113882,0.0380178424525994,0.167931773414973
1,0.5,0.2,0.5,0.4,-0.2,1.0792023682742,0.400857238509598,0.13355505413798,0.528624260412296,0.355393808150641,-0.255939847110697,1.02373556838633,0.321116306470836,0.0450500540866176,0.0714868603649249,0.0377572731272701,0.149504974362555
1,0.5,0.2,0.5,0.4,-0.2,0.906958561328511,0.674994696362778,0.20951494926677,0.4489341801837,0.488731284503334,-0.110979544906691,0.578150800345322,0.22271158449129,0.0402375637903823,0.0720328410569705,0.0387060297490328,0.164112749444534
1,0.5,0.2,0.5,0.4,-0.2,0.88309523461737,0.580325404436346,0.151800550932651,0.482824008168462,0.382672743111116,-0.20417303551516,0.654347018194179,0.212125916430853,0.0460167736706723,0.0707761296740253,0.0378662473614148,0.152506428113336
1,0.5,0.2,0.5,0.4,-0.2,1.01751910553743,0.542208574226365,0.188702560644109,0.617035395178799,0.445310313766278,-0.363755731340891,0.660815650849078,0.229858739185823,0.0377968775496612,0.0705039174821163,0.0401920860077081,0.137606470887495
1,0.5,0.2,0.5,0.4,-0.2,1.09781487970086,0.542536845720493,0.212621248722919,0.441018734575996,0.431601170244834,0.0387609795728059,1.34969127680169,0.475339023710463,0.0420152681645103,0.0686908607236051,0.0385070095078955,0.170731481113836
1,0.5,0.2,0.5,0.4,-0.2,0.952705369504635,0.615229147268249,0.203825074966738,0.391215929785077,0.398631180942131,0.0889634071479034,0.846848473690964,0.288514698013279,0.0425649638997047,0.0733480997994122,0.0375134473329917,0.190726431308917
1,0.5,0.2,0.5,0.4,-0.2,1.00870883108294,0.556385670427619,0.170088037970425,0.514311738199828,0.438016020203955,-0.216348838158376,0.596292846542223,0.210379200184697,0.0406561300348314,0.0729201010086272,0.038025653350389,0.155004735245652
1,0.5,0.2,0.5,0.4,-0.2,1.0012105393996,0.481822371405806,0.163601445101583,0.585306400871018,0.403543178472906,-0.349726520412216,0.538682843866268,0.17773016010313,0.0415680275156611,0.0716815544490006,0.0380296170798197,0.142518750243793
1,0.5,0.2,0.5,0.4,-0.2,1.09744118150731,0.466481262386917,0.196389795384604,0.699141043506554,0.409567474999288,-0.409461819735953,0.597771335035947,0.204437398443251,0.0392041000473766,0.072743740030179,0.0376295731197544,0.140834547624276
1,0.5,0.2,0.5,0.4,-0.2,0.925716857416782,0.57448885786836,0.118463791682827,0.507747090398259,0.397809757080455,-0.320090710125169,0.998521399103361,0.334887771945497,0.0466389775824286,0.070367494602699,0.0379256596456972,0.143153051296658
1,0.5,0.2,0.5,0.4,-0.2,1.07775777039824,0.541582459629866,0.200283043764718,0.537697687566934,0.394535427775508,-0.193984012670762,0.512490646818394,0.169564545517871,0.0431074383525073,0.0699752347448387,0.0372464571909114,0.149427907517362
1,0.5,0.2,0.5,0.4,-0.2,1.16215217330184,0.356312542236676,0.164999444670564,0.56211246193457,0.358817588757796,-0.200070735736476,1.08946646719012,0.337723564645901,0.0410918112460292,0.0731256377996183,0.0382959997211858,0.156948041929172
1,0.5,0.2,0.5,0.4,-0.2,1.16608304571876,0.551031003017633,0.21089856524569,0.543009309043919,0.438321744128974,-0.135756183168521,0.857247626843206,0.309664567226274,0.0391401853578742,0.0722683809000677,0.0380066746395716,0.161324834494086
1,0.5,0.2,0.5,0.4,-0.2,0.917164547381241,0.557011696663628,0.15391855094026,0.560654833705845,0.440098350915631,-0.355204139799858,0.789662879504472,0.279995429520074,0.0425749047287447,0.073501032990988,0.0380882123423152,0.147487848573204
1,0.5,0.2,0.5,0.4,-0.2,1.00922703064789,0.495871199901999,0.205575233285076,0.525108092622377,0.382645598662727,-0.244959012837238,0.67783870493587,0.221428082053756,0.0417982240134534,0.07438981774314,0.0368512071599312,0.159596592552832
1,0.5,0.2,0.5,0.4,-0.2,0.873867480444791,0.568019405907334,0.205536399796063,0.422501781280309,0.385777093503456,-0.163874743411843,0.68352284765981,0.222100863412938,0.0469457934683121,0.0717833564993161,0.039379214816321,0.158457700590807
1,0.5,0.2,0.5,0.4,-0.2,1.05904725030603,0.507197524701147,0.145815909124368,0.567399340852378,0.446574815875521,-0.336312190826952,0.738777780525305,0.259834727091083,0.0422586946799566,0.0722644405042178,0.0387908093888794,0.144139434577857
1,0.5,0.2,0.5,0.4,-0.2,1.16923749529071,0.401414838195717,0.24312673839773,0.431910006477218,0.355330503731428,-0.00583066539220261,0.680377397225363,0.209934643867241,0.0438896818655327,0.0716086585221584,0.0385714361952785,0.171448111640642
1,0.5,0.2,0.5,0.4,-0.2,0.987446474450694,0.457440481861081,0.178091175230353,0.399186001137507,0.323878846652519,0.0174276134752883,1.56102449268225,0.455535001306102,0.0480736877064152,0.0643903210824228,0.0370814202216108,0.157557460686921
1,0.5,0.2,0.5,0.4,-0.2,0.758465599644026,0.601226924273431,0.210507063531207,0.552641239214939,0.412664680167187,-0.451942263766888,0.713713923337875,0.23689110606319,0.0461423247063603,0.0754994002280103,0.0383798456489102,0.143905844237066
1,0.5,0.2,0.5,0.4,-0.2,1.02026590341166,0.570753322368901,0.201762248760333,0.496721901616432,0.405964741690841,-0.174831890889409,0.662014541477636,0.225163210415193,0.0429203457417563,0.0708413393139459,0.0373573989564352,0.156628758747402
1,0.5,0.2,0.5,0.4,-0.2,1.22914190596259,0.396618100603421,0.24658801140423,0.428075173807032,0.384080738262094,0.120255439868132,0.706191561265999,0.237366918927206,0.0408045139680132,0.066542797645454,0.0371860164906296,0.167620746172711
1,0.5,0.2,0.5,0.4,-0.2,0.986628352141122,0.522841548800992,0.209745866816669,0.620725480180584,0.3923139036796,-0.389639604137171,0.650589642500746,0.211836009582405,0.039622918138862,0.0764646524147301,0.0385455613579284,0.150911076495829
1,0.5,0.2,0.5,0.4,-0.2,0.932393750072707,0.506260596829194,0.172509310954846,0.526505086029036,0.380290874913433,-0.281451614016847,0.644517435731598,0.206495797301334,0.0431574053724563,0.077499248182736,0.0380137589796523,0.161214263727676
1,0.5,0.2,0.5,0.4,-0.2,1.00179047916783,0.617177158245331,0.196874210473035,0.534754979286296,0.451382173539722,-0.221815890066173,0.723308820577906,0.269917989901463,0.040888083481621,0.0697741555293951,0.0370247998465472,0.148216385559407
1,0.5,0.2,0.5,0.4,-0.2,0.964648268502395,0.560995840996698,0.200184215469414,0.599421988259673,0.432109532862493,-0.391604969389536,0.793034393295942,0.276629711382584,0.0429764652944834,0.0764272290170555,0.0387534014279843,0.151954180911883
1,0.5,0.2,0.5,0.4,-0.2,1.02893964579691,0.517271749732847,0.172530073340448,0.494775825684306,0.4052723552021,-0.149654775526964,0.727847670533158,0.244894163269546,0.0431033228072705,0.0715570274226417,0.0377534287330819,0.159620815593369
1,0.5,0.2,0.5,0.4,-0.2,1.15491414126817,0.391292420613478,0.150964711997695,0.446025247287428,0.376166541357307,0.020785657041626,0.749606271438276,0.244086575389084,0.0429614653085187,0.0674559235529148,0.037017833500851,0.164327767605163
1,0.5,0.2,0.5,0.4,-0.2,1.01949557100683,0.536653719643663,0.206249321579923,0.454970294417912,0.420836489245504,0.0347829620567724,1.15755197246079,0.402026429034522,0.0423345384611562,0.0698154583087314,0.0383786757141512,0.176294340040032
1,0.5,0.2,0.5,0.4,-0.2,0.821214745981322,0.598907248853418,0.245544071518027,0.595523631063273,0.3898923247833,-0.53104437259422,0.908229001575024,0.293008837015602,0.0437598291831724,0.0738727112720916,0.0390428053926276,0.136700770774038
1,0.5,0.2,0.5,0.4,-0.2,0.96716747635476,0.567539542175904,0.216931005568303,0.484301487667332,0.401723331040118,-0.198808665940403,0.843312752765926,0.283308746074954,0.0428358452666629,0.0703578084922386,0.0379397155694837,0.151921834340665
1,0.5,0.2,0.5,0.4,-0.2,0.976861554471177,0.472570815668668,0.147350108062138,0.453106254717478,0.384794412304286,-0.220997412770793,1.32109233029263,0.429561944746364,0.0437419229142344,0.0720056319133277,0.0382323317172304,0.153154982647354
1,0.5,0.2,0.5,0.4,-0.2,1.04570679993805,0.504657527472079,0.260420473673778,0.518631070584799,0.377838720502102,-0.048179587096777,0.586876835340976,0.194426496650051,0.0413378948903,0.0709708659608664,0.0364201936031015,0.166365367263562
1,0.5,0.2,0.5,0.4,-0.2,1.00825291927423,0.517324265770059,0.230916636357882,0.607713515200568,0.397151842938371,-0.382921168336651,0.693798662557351,0.23581659474277,0.041062170504589,0.0751552445675822,0.037662152800877,0.148266931738189
1,0.5,0.2,0.5,0.4,-0.2,1.04358376177987,0.450784874536769,0.200317586735208,0.50317251860197,0.395940429911601,-0.154037579094215,1.23464030534045,0.405708045409787,0.0430992250911348,0.0707783612214184,0.0376572760013612,0.155878847560969
1,0.5,0.2,0.5,0.4,-0.2,0.88955819244166,0.529059367575668,0.211985998818662,0.513195590103733,0.42007638065833,-0.219667604102735,2.76249317159553,0.976228371552035,0.0416940825237386,0.0779113063938396,0.0418592985843213,0.169765286072924
1,0.5,0.2,0.5,0.4,-0.2,0.866423981752584,0.523156458062957,0.222532949254733,0.464391489225722,0.352510678692663,-0.16954819168807,0.782456823863654,0.236691806595426,0.0475055665012203,0.0687557520191762,0.0389197206463031,0.148659592091769
1,0.5,0.2,0.5,0.4,-0.2,1.05840910868346,0.444736656353636,0.18277095271972,0.534240325748213,0.39363690937291,-0.2743688771583,0.765502681793592,0.251057996086625,0.042569695697402,0.0712583948628031,0.0390947859014969,0.147593089017459
1,0.5,0.2,0.5,0.4,-0.2,0.985972119433952,0.527818008693891,0.285893650706434,0.40509223263781,0.436526332504699,-0.0377418732172877,0.590284946320883,0.211103593233623,0.0467410739888265,0.0715269629948849,0.0372822760629468,0.168883666356022
1,0.5,0.2,0.5,0.4,-0.2,0.988385817990434,0.500314806460373,0.202990789296708,0.468165069197163,0.409614704666775,-0.123529536153513,0.922275806704628,0.313502629060865,0.0427414322837718,0.068790733563781,0.0377286429417412,0.156751341255236
1,0.5,0.2,0.5,0.4,-0.2,0.896561735560638,0.662962481110717,0.193264915064484,0.494146835768491,0.452251620753461,-0.156977207507391,0.625623262679441,0.226107611518168,0.0403763402515377,0.0729300283815917,0.0371851243281862,0.161369433505962
1,0.5,0.2,0.5,0.4,-0.2,0.942651437890985,0.503175121147157,0.257644658653511,0.442647854012958,0.392680492946919,-0.0548695846035072,2.78670641958262,0.918135585929353,0.0425575286971207,0.0669629779646957,0.0412984824772099,0.155538968885942
1,0.5,0.2,0.5,0.4,-0.2,0.829983033550616,0.573824230049076,0.215257664014041,0.440812700588571,0.429216396557014,-0.243515894169826,1.08752533687442,0.368094718541793,0.0450171296421254,0.0669407978507141,0.0405639172754026,0.140224038612422
1,0.5,0.2,0.5,0.4,-0.2,0.906222530719207,0.429399223132628,0.172026760553524,0.510100815327456,0.347719711829199,-0.306107925787902,1.00978934582063,0.310388489034431,0.0483453436237039,0.0730488339498853,0.0380594516143087,0.150227957827285
1,0.5,0.2,0.5,0.4,-0.2,0.924276962248577,0.548941679405495,0.177422579850086,0.538133123288826,0.407267678622529,-0.379686994805262,0.899771638758863,0.306755072205967,0.0428433592085294,0.0764310130152264,0.0387275349901362,0.152826162688985
1,0.5,0.2,0.5,0.4,-0.2,0.986466038593156,0.526323351240823,0.159007921118557,0.503109884590938,0.39116001840275,-0.253192485341657,9.50847698386705,3.12373778319963,0.045203037060579,0.10513680967715,0.0934009000820578,0.173281925737862
1,0.5,0.2,0.5,0.4,-0.2,1.06095613531446,0.432445322589613,0.162358800955451,0.505209024423986,0.35294956683343,-0.187409165338536,0.857715518576622,0.257167918240323,0.0442677942431855,0.069070212323144,0.0384184746928711,0.148400619481228
1,0.5,0.2,0.5,0.4,-0.2,1.03232045889145,0.485511848421175,0.160040985076169,0.672775408618727,0.425276514856992,-0.416664495161505,0.486691139973041,0.166620751027622,0.0389320919077954,0.0746510408682241,0.0390834235546981,0.143238867716406
1,0.5,0.2,0.5,0.4,-0.2,0.894686015626493,0.527339019246531,0.211479847587232,0.472892339774895,0.390901076251361,-0.16448493343953,0.792477910600512,0.269141862008692,0.0425321898322882,0.0741585570921858,0.0371996976226756,0.164195726501569
1,0.5,0.2,0.5,0.4,-0.2,0.922924639859875,0.454393511981799,0.245396252381471,0.382277584547014,0.374320631196342,-0.0180158545162742,0.839731681158101,0.273273029479618,0.0471838101579737,0.0707813824979565,0.0373160152836306,0.168377635127329
1,0.5,0.2,0.5,0.4,-0.2,0.819674980351986,0.63162212856407,0.195000208454139,0.476880333931082,0.400675473618633,-0.28728789150735,0.783016307383756,0.258654808016793,0.0433908980030857,0.0699634704306608,0.0384567901348454,0.143350051598496
1,0.5,0.2,0.5,0.4,-0.2,1.19669807525401,0.496896651922904,0.20703722501738,0.651957741326811,0.421163000394168,-0.323338300217539,0.634760685041736,0.224783776241697,0.0391138534292979,0.0775911699085001,0.0369030511704424,0.160527800471085
1,0.5,0.2,0.5,0.4,-0.2,1.03483602787216,0.403753401615641,0.131122696656187,0.456044215062462,0.37829121689715,-0.11807680465716,1.31901364271911,0.421581335765748,0.0437508073310375,0.0723544995205614,0.0402913687089174,0.165291640844863
1,0.5,0.2,0.5,0.4,-0.2,1.04215807292937,0.411352630365443,0.165765458079197,0.43383751749445,0.358274910190839,-0.0753509934797683,1.23665988146857,0.389782828260411,0.0455224676230991,0.0651852773663912,0.0377656659737372,0.145097983206784
1,0.5,0.2,0.5,0.4,-0.2,0.958520868067176,0.451312595202465,0.208043798983781,0.522874251203479,0.398722478438487,-0.315720729298909,0.577054368667736,0.188986764824819,0.0445796550411826,0.0707511479063855,0.0367934251567635,0.144237995219824
1,0.5,0.2,0.5,0.4,-0.2,0.976919616018749,0.49214134383544,0.212973504748506,0.681155669671953,0.352960029748709,-0.520401883303216,1.74373570729249,0.508009315467934,0.0429394450516128,0.0757448394378865,0.0419536926368384,0.14089921004152
1,0.5,0.2,0.5,0.4,-0.2,1.16543953816669,0.44198751236923,0.240693691962324,0.427267115972603,0.392963536833012,0.157408373425166,0.725696681909476,0.241864762205756,0.0420787965987986,0.0655073595441619,0.0365189396548452,0.170826003431293
1,0.5,0.2,0.5,0.4,-0.2,0.936422206321464,0.532667651800996,0.179927787654672,0.355309168519379,0.425405068389884,0.0207849077005081,2.19977492727895,0.786571491962798,0.0462142151776514,0.0750780805026141,0.0406850136482253,0.188913475818289
1,0.5,0.2,0.5,0.4,-0.2,1.03813436202843,0.529131371529225,0.155380592529302,0.521051046271796,0.436013608450381,-0.22580290373433,0.541794655920999,0.192732953911567,0.041306108211653,0.0698469145651818,0.0368769914507191,0.148205686278247
1,0.5,0.2,0.5,0.4,-0.2,0.823047861610381,0.657480483512752,0.178195783074598,0.478383894411101,0.434527140151986,-0.329693885859837,0.753657792140831,0.267017118418595,0.0448053795344108,0.0784710521276549,0.0382093832852514,0.158394225974369
1,0.5,0.2,0.5,0.4,-0.2,1.17689948880514,0.49751506333897,0.20635072879178,0.651274427837344,0.428341431302705,-0.32851320198294,1.11630363772792,0.383005225572814,0.0383398485892632,0.0754635545876966,0.0422589575737006,0.156596572716995
1,0.5,0.2,0.5,0.4,-0.2,0.86295092236625,0.53116638543713,0.130100739365673,0.532670285634849,0.404901327517704,-0.301938635668001,1.05448311490051,0.355767124384591,0.0433890566781115,0.0727610291486307,0.0390253834567942,0.151088464530031
1,0.5,0.2,0.5,0.4,-0.2,0.945039575000679,0.518617873919233,0.150680897860674,0.533145207261942,0.430650380736101,-0.266893891419514,1.10480318711634,0.388129551192563,0.0418767316014834,0.0724049678443856,0.0378940844699198,0.151782279252681
1,0.5,0.2,0.5,0.4,-0.2,0.976950631079294,0.484497892030674,0.200761677795949,0.510737379248421,0.391600695259464,-0.268558359236375,0.900841499424309,0.301508830530798,0.0442611744483916,0.0693228420122407,0.0385057522232373,0.14448525700704
1,0.5,0.2,0.5,0.4,-0.2,1.00111253682538,0.439739286781653,0.208099252737383,0.605797808511206,0.41706271004698,-0.364255374014662,0.762318252247913,0.248309228131302,0.0420770874699848,0.0785163485273428,0.0394773444720267,0.158432397004005
1,0.5,0.2,0.5,0.4,-0.2,1.00996486842162,0.429242999801423,0.149025219262836,0.482454993416336,0.339528198300987,-0.150231971210369,0.676096018586479,0.201228064806236,0.046845284258127,0.0689086895002169,0.0383609066031767,0.153478445357072
1,0.5,0.2,0.5,0.4,-0.2,1.08488070369252,0.49003471284953,0.157784761232514,0.54276603347683,0.469969856789643,-0.138283111691846,0.489992116827801,0.185516096184104,0.0376022278673624,0.0660515643719167,0.038080832656261,0.146667556227532
1,0.5,0.2,0.5,0.4,-0.2,0.947617955846503,0.512808372801611,0.168818218193428,0.511956118960253,0.392101569313262,-0.315129959721336,0.848743168831109,0.27487243540021,0.0477109143194416,0.0747592684760271,0.0391839524887311,0.155652874279382
1,0.5,0.2,0.5,0.4,-0.2,1.0877020799575,0.431836133277491,0.138389832694342,0.488933789988139,0.427452209884942,-0.132021238158029,0.808259406218353,0.282138302110643,0.0413411877952777,0.0686244855541593,0.037248324312893,0.154439721989077
1,0.5,0.2,0.5,0.4,-0.2,0.936342336852418,0.554721779806281,0.248889049609199,0.487733528059657,0.42785518743214,-0.180034726160857,0.750360280371292,0.262940543638022,0.0439691398517285,0.0708259925057616,0.036848719210409,0.154278944490201
1,0.5,0.2,0.5,0.4,-0.2,0.891665542050146,0.39614119188259,0.223285805390326,0.576074888364587,0.295821909489656,-0.487622128282815,1.24589729082812,0.332656963274407,0.0475122352430705,0.071624987999977,0.0388493307591913,0.131914225788928
1,0.5,0.2,0.5,0.4,-0.2,0.914343260133166,0.556531211869381,0.1962201271841,0.421141781620271,0.428363464634005,-0.0547499465112491,0.646807521337556,0.228247461365155,0.0409815046969683,0.0714829655204283,0.0377443430323052,0.170318710615854
1,0.5,0.2,0.5,0.4,-0.2,0.938478345349636,0.44835264713443,0.125774163015095,0.566178692997889,0.342153043966761,-0.413007152244017,0.918387572509744,0.274438105229747,0.0454420985904109,0.0705809222191951,0.037849011970952,0.135424848129899
1,0.5,0.2,0.5,0.4,-0.2,1.02775363553916,0.577578077874982,0.255424883606788,0.477017082143597,0.465346099704778,-0.0739144181887431,0.609318318976353,0.232170363206551,0.043048539687061,0.0706687068460192,0.0373319833831262,0.163595799338016
1,0.5,0.2,0.5,0.4,-0.2,1.08477140919248,0.526126210871705,0.180897239743184,0.439514757809864,0.394637668244565,0.022742663658696,0.585201071356818,0.195169423631197,0.0428316830776303,0.0729114250675297,0.0366355879096844,0.178001551966426
1,0.5,0.2,0.5,0.4,-0.2,0.98048090955846,0.502511608446484,0.197472588176687,0.431231923682174,0.433929165439217,-0.0875598350853211,0.640818885862872,0.234971998912573,0.0456657033628028,0.0657571607885641,0.0363782543002008,0.146472457231772
1,0.5,0.2,0.5,0.4,-0.2,1.09229729111993,0.545316886962741,0.137879172612041,0.516632858986717,0.451906764436523,-0.150052238242795,0.704751343122575,0.252989096143092,0.0404328978158165,0.0698357126768508,0.0384980632123885,0.153665263084387
1,0.5,0.2,0.5,0.4,-0.2,0.962636748904489,0.346813586516973,0.193581081249845,0.416478321800258,0.293050330885775,-0.058399168599785,2.07262082039082,0.562322625332703,0.048720957267391,0.0716911483243883,0.0380481149526151,0.169836130312753
1,0.5,0.2,0.5,0.4,-0.2,1.02188240617175,0.550185952525258,0.270373878401931,0.487735389495152,0.435568047745946,-0.142869767216398,0.551078193334522,0.197813899944227,0.0411865057733586,0.0747866099415217,0.0391060510671366,0.167539132482232
1,0.5,0.2,0.5,0.4,-0.2,0.936321344520364,0.667300767702593,0.294402035104002,0.554874688792829,0.485785677875595,-0.345446531216795,1.11630991044904,0.414482153513225,0.041766666583645,0.076928011159596,0.0417914170969484,0.157221630341432
1,0.5,0.2,0.5,0.4,-0.2,0.93029456405827,0.566637978285425,0.178273117557804,0.517533185564917,0.448689157832507,-0.317647490367211,0.479582305780972,0.172768637323736,0.0421880922619972,0.0705322460117761,0.0385472862742984,0.140983350529168
1,0.5,0.2,0.5,0.4,-0.2,0.931578867646555,0.573272547653688,0.199899825158213,0.415908339110585,0.407633802016347,-0.0907127910764261,1.31408351058393,0.453650874485983,0.0453426765074588,0.0709603228515482,0.0397558197410868,0.163771378286351
1,0.5,0.2,0.5,0.4,-0.2,1.09174341560161,0.471091646416087,0.194879695438068,0.511377499107978,0.349953112973014,-0.0974639540759052,0.647302578598896,0.199122644395426,0.0447031891475227,0.0687149856752588,0.0376539006466225,0.155208242156384
1,0.5,0.2,0.5,0.4,-0.2,0.920112683890158,0.521838785993689,0.281896550355519,0.599227724986911,0.384352347461847,-0.347880331725031,0.874502814864559,0.278976988372895,0.0431837023081205,0.0749454789593335,0.0385550124797428,0.150035741594166
1,0.5,0.2,0.5,0.4,-0.2,0.940265932670867,0.520287278878039,0.201869350311864,0.55564170384902,0.388925118684263,-0.387069489489579,1.06301657232445,0.344067779803408,0.0417703565812293,0.0740544021720444,0.0399285683600667,0.145543879978494
1,0.5,0.2,0.5,0.4,-0.2,0.949760708775227,0.51876989030871,0.225270588649639,0.371518338317881,0.400115546138917,0.00489657804883744,1.37114607881785,0.465890176902009,0.0460928547776265,0.0744847977586116,0.0395032666048163,0.183809358253631
1,0.5,0.2,0.5,0.4,-0.2,0.968339905507802,0.563666366172175,0.317599989944626,0.440855007764934,0.440574303593038,-0.123056078861233,1.31232383081408,0.475662625274449,0.0478215609567442,0.0723215617224787,0.0393866403134904,0.161498452008088
1,0.5,0.2,0.5,0.4,-0.2,0.963632618597027,0.547649645403335,0.195993074420641,0.355481982720426,0.445775367846821,0.134688720587595,0.474693829274452,0.178028429285317,0.0450787117273207,0.0647993542690282,0.037443606494149,0.164004391071837
1,0.5,0.2,0.5,0.4,-0.2,0.726308145663987,0.516409525498544,0.242452883136303,0.542240644901103,0.353118871680422,-0.486601635436494,0.929505000832694,0.28203729765746,0.0491143227232225,0.0805186409116963,0.0385681178170571,0.152745758831982
1,0.5,0.2,0.5,0.4,-0.2,0.960377521381384,0.517125615286789,0.280529291576615,0.446345913782565,0.389407791663214,-0.0825823202033961,0.818135069295665,0.262941689447808,0.0452442211449796,0.0644289797039386,0.0386878907715418,0.144682830407476
1,0.5,0.2,0.5,0.4,-0.2,0.960190207899305,0.545849146013713,0.183129565749962,0.58709177506872,0.414542057182051,-0.359395709944172,0.989838493248079,0.334530579175181,0.0402261738868181,0.0699534712784124,0.0379832072788827,0.139554705465674
1,0.5,0.2,0.5,0.4,-0.2,1.03009238367566,0.374380815472676,0.225105622841535,0.519186898523536,0.359376492479467,-0.288859507921985,0.681455540423656,0.212996418355037,0.0461514009271513,0.0763736623300008,0.0379945708737597,0.159295461534277
1,0.5,0.2,0.5,0.4,-0.2,1.12511503421408,0.489578224991459,0.218696548878748,0.614740492536498,0.424731188751211,-0.26043385326479,1.19510844820503,0.420240005112919,0.0405527339578456,0.0697060442694736,0.0390326454013038,0.144224739463561
1,0.5,0.2,0.5,0.4,-0.2,1.13227494484639,0.394953714535364,0.175031964034307,0.576870684447274,0.393871322537733,-0.261136181117836,0.650693598738697,0.214502940482607,0.0408098457580498,0.072855751720005,0.0374339106327402,0.152306057499582
1,0.5,0.2,0.5,0.4,-0.2,0.987578064306957,0.486475873804401,0.190964108626372,0.45946994770545,0.395346596123463,-0.196174867085703,1.00717127207412,0.335562886285579,0.0477879786499733,0.0762640533296351,0.0387692619035649,0.169209179607623
1,0.5,0.2,0.5,0.4,-0.2,1.03980237477361,0.523236755067455,0.223725195504208,0.468215276870899,0.39964823589887,-0.0802961216332595,0.930910614501491,0.316951550547476,0.0396863223539339,0.0746340532431984,0.0383821547043472,0.173079261345285
1,0.5,0.2,0.5,0.4,-0.2,1.01129431997293,0.517260601418071,0.107537541673046,0.500176097966464,0.421035965196773,-0.21885330058153,0.615619298113899,0.212135127226903,0.0418302144847333,0.0696196450300212,0.0382976254489514,0.148102587361298
1,0.5,0.2,0.5,0.4,-0.2,1.08743908410078,0.43276575552509,0.176813113558852,0.501789183051146,0.388554942583587,-0.121697656156182,0.964751170841402,0.320694494062952,0.0432880032837567,0.0679304806034567,0.0374600143080329,0.151868946212857
1,0.5,0.2,0.5,0.4,-0.2,0.920817335939448,0.51367152510143,0.217407920224331,0.623808144835453,0.397559064725301,-0.487346910979015,0.946662443406408,0.31481878864688,0.0423033318745933,0.0743605781010695,0.0395413767998298,0.139753010343556
1,0.5,0.2,0.5,0.4,-0.2,1.11289867977166,0.451951706959387,0.130941190549159,0.542584605198383,0.413448967894684,-0.0821270454366747,1.18551443196145,0.409740387041054,0.0394798828899221,0.0707049930594724,0.0373199359106583,0.163122502261373
1,0.5,0.2,0.5,0.4,-0.2,0.999706974959235,0.544615903124075,0.214292327409557,0.561679063963313,0.412003003649758,-0.277726275279744,0.550998295613882,0.191528210837745,0.0411935611502503,0.0764000171371405,0.0374526194934904,0.160920241520974
1,0.5,0.2,0.5,0.4,-0.2,0.990189094492059,0.434023251830091,0.269391112345193,0.504262437654629,0.38648184414082,-0.298830069776524,0.859795037028899,0.285905519037442,0.0486128847044954,0.0731045296592946,0.0383029672017957,0.150387857152057
1,0.5,0.2,0.5,0.4,-0.2,0.933348750600554,0.521272166060259,0.223295230449808,0.539871895758614,0.396631493906548,-0.29596024892461,0.782027911963495,0.258135270802305,0.0436996191612186,0.0703382341635317,0.0381365759756025,0.144468261072078
1,0.5,0.2,0.5,0.4,-0.2,1.08796691037044,0.456166774858301,0.107557430682135,0.519179345458296,0.352008115103041,-0.258857321186182,1.52481990446809,0.458500087281242,0.0449660955698717,0.0740997365522965,0.0402946602468414,0.158269731763587
1,0.5,0.2,0.5,0.4,-0.2,0.911059255330808,0.545814806935746,0.233149848561747,0.526905248219213,0.398217815907397,-0.32307022166206,0.934991605856061,0.30417700285372,0.0459467633683726,0.0705574500606537,0.0392102645244441,0.142526390501637
1,0.5,0.2,0.5,0.4,-0.2,1.11654573477034,0.458116584278792,0.242394742765071,0.52149339289315,0.393595582648917,-0.200450874677118,1.21033966022737,0.405334596018301,0.044388131546256,0.071350306408963,0.0394001879297196,0.154452755218927
1,0.5,0.2,0.5,0.4,-0.2,1.06754699866023,0.405189022493224,0.223730307419651,0.520341895497041,0.371954364451851,-0.154114988905097,0.896035791522224,0.286637178428525,0.0443079153806875,0.0716244739069517,0.0378667850339292,0.160230196824662
1,0.5,0.2,0.5,0.4,-0.2,1.03221164444886,0.514353320598305,0.285687662264263,0.455216047107951,0.409773305967502,-0.0610288022011524,1.63640731462174,0.564595808205303,0.0457963655320556,0.0694961610881905,0.0408390382914083,0.161360236852809
1,0.5,0.2,0.5,0.4,-0.2,1.03159549114612,0.405079318602183,0.140685751538838,0.446273602182986,0.353162157879692,-0.0523162966515719,1.17486811917688,0.366305311026269,0.0448398593484913,0.0739339059531879,0.0383137717812132,0.174758425645095
1,0.5,0.2,0.5,0.4,-0.2,1.05456858779882,0.501739210955676,0.194376290793732,0.531463766082492,0.403602437409836,-0.105193093061867,0.732088103752737,0.250359887599003,0.04097200847728,0.0727623848482141,0.0360678097121749,0.167378968604267
1,0.5,0.2,0.5,0.4,-0.2,0.978793066966981,0.543493181777793,0.191183648033049,0.469271734792985,0.422971498054765,-0.162675624105487,0.718099021545152,0.249152956241389,0.0415784010726637,0.0769058116596357,0.0373183037928276,0.171507092847152
1,0.5,0.2,0.5,0.4,-0.2,1.0317432236306,0.525055319837539,0.197250462970575,0.504344133383263,0.441335759254617,-0.218927351646846,0.615722923641301,0.224042259173108,0.0415055955787977,0.0822006404107524,0.0368154689102983,0.17834728378624
1,0.5,0.2,0.5,0.4,-0.2,0.946955382269966,0.548786193897623,0.153121333669287,0.507237686444597,0.421325419789147,-0.0884692977485735,3.60634552587493,1.27850291357611,0.0423510088669086,0.0877658111506302,0.0448880952947553,0.189523740590738
1,0.5,0.2,0.5,0.4,-0.2,1.10322641164748,0.452967161004696,0.154479626340695,0.498921708416666,0.411512370927803,-0.211743028223015,0.753239284719226,0.259204337505184,0.043988157086057,0.0682904721353179,0.0377054257404313,0.14580325332951
1,0.5,0.2,0.5,0.4,-0.2,0.806601069377693,0.659339426475189,0.185048167934242,0.330604809502556,0.435818223818507,0.0612126073521617,1.27250310957802,0.450405595731648,0.0432414370614052,0.0674039848532775,0.03793134449105,0.167962452443974
1,0.5,0.2,0.5,0.4,-0.2,0.873008832217833,0.644969082012495,0.192180383233753,0.417344310238888,0.42128695732486,-0.0964253058648737,1.03958247794543,0.3612285328255,0.0443147021667808,0.0672327760531206,0.0371362342856564,0.152628585410563
1,0.5,0.2,0.5,0.4,-0.2,0.941254880778349,0.549365235395623,0.153703101869121,0.534755639812939,0.392495912134853,-0.277939309610885,0.729604871981733,0.239954314826611,0.0403005679929604,0.0718167213874377,0.0384385086759931,0.147290055564817
1,0.5,0.2,0.5,0.4,-0.2,1.01631311983837,0.569868320520696,0.227901803738246,0.581892201976461,0.437826166102397,-0.270000434403819,0.481387197603533,0.172183404933007,0.0394487584968628,0.0731547957411124,0.037786498779179,0.151398747373915
1,0.5,0.2,0.5,0.4,-0.2,1.02596985227553,0.469094223046038,0.184596271652498,0.401479479959366,0.419891338336782,-0.031303291768259,3.18057316403942,1.15914573809602,0.0464217308709323,0.0748393825404293,0.0405739436595793,0.166992590949436
1,0.5,0.2,0.5,0.4,-0.2,0.846863348601207,0.626657148709389,0.167250735582297,0.512099010914529,0.459603887964642,-0.37625877594929,3.2049012080355,1.16479063728498,0.0440733926912114,0.0882475450503925,0.0545817441472547,0.156307312972941
1,0.5,0.2,0.5,0.4,-0.2,0.901895250045364,0.511931746900076,0.193854706939124,0.558109164327662,0.380294971213339,-0.370206789913861,0.848514854828155,0.268876298693819,0.0438794008069964,0.0729626014626434,0.0392608560974465,0.144570610183833
1,0.5,0.2,0.5,0.4,-0.2,0.927396917213578,0.480286459117034,0.183951404679062,0.509390048250349,0.393538653692896,-0.275987246230171,0.618201612174376,0.212932168919917,0.0449221227821702,0.072406892531797,0.0387682425091697,0.149834326758657
1,0.5,0.2,0.5,0.4,-0.2,1.06941942645864,0.50391117157048,0.160555204132867,0.528740543958148,0.398611550077379,-0.230906168300083,0.790001429788857,0.262857124159032,0.0427745225812337,0.0763425989983169,0.0370002672534436,0.16220856229941
1,0.5,0.2,0.5,0.4,-0.2,1.02207229053118,0.430364144821438,0.221817687827328,0.508250887042729,0.343334159737416,-0.260407305299551,1.15055552642651,0.345395726816024,0.0448869627531094,0.0738836326519393,0.0382471139395192,0.151798185730441
1,0.5,0.2,0.5,0.4,-0.2,0.947054518751255,0.426249827940322,0.205222811913498,0.5647952847318,0.337771912711235,-0.353383340349441,0.876903954012709,0.25472037440465,0.045796071272115,0.0695586064262174,0.0388609097747642,0.138147211762308
1,0.5,0.2,0.5,0.4,-0.2,1.00384219332508,0.52797129423522,0.153383001284864,0.707451992032275,0.393136096453403,-0.545251757047483,0.839212029297895,0.267088769180136,0.0404787046960799,0.0755039753186283,0.03962662005214,0.135641820744043
1,0.5,0.2,0.5,0.4,-0.2,0.971014926997026,0.549413593901584,0.178696921341602,0.46322421714583,0.423082048024662,-0.096741082741306,0.755732073211741,0.256182840927732,0.0448462570098768,0.0740631728321645,0.0365933833643628,0.16998804457416
1,0.5,0.2,0.5,0.4,-0.2,1.0816523494084,0.434027910331355,0.196593893740281,0.3577159866575,0.405793936344371,0.245677506700644,0.657577045553562,0.226596492857286,0.0417382090722081,0.0631140531587337,0.0366328990147781,0.175348042373956
1,0.5,0.2,0.5,0.4,-0.2,1.04532111835395,0.365986688945864,0.150457191074329,0.53127789169762,0.338953754275504,-0.316012748131888,1.45643087150411,0.425887036145843,0.046868101368105,0.0804060667196464,0.0389390141853373,0.165828671599151
1,0.5,0.2,0.5,0.4,-0.2,1.03697955623116,0.453469096901724,0.147770940989431,0.548880216686021,0.372108935574458,-0.312712121244525,0.973026062105788,0.299467717501464,0.0459331066440271,0.0686679989811775,0.038293845223728,0.138336074529771
1,0.5,0.2,0.5,0.4,-0.2,1.16463962557032,0.445618546823481,0.171211796806594,0.492742021626643,0.373829796594082,-0.159295262077624,0.768204872907668,0.244379019830665,0.0437678898863973,0.0698111948440587,0.039339212709279,0.15387139313834
1,0.5,0.2,0.5,0.4,-0.2,0.987038007083685,0.512879390912044,0.181132985591804,0.500699933356822,0.369405516685657,-0.263615108370573,0.976466095054432,0.305856859731113,0.0437489990004839,0.0718359998787323,0.0379559716278336,0.147744899022749
1,0.5,0.2,0.5,0.4,-0.2,1.02403715550989,0.481695428092528,0.169309048988644,0.500362448609678,0.418415433901984,-0.250116326850836,1.04308021433584,0.35928428579063,0.0441376527555503,0.0705461068256751,0.0382438360481993,0.148222854880796
1,0.5,0.2,0.5,0.4,-0.2,1.12155774566456,0.344480686298165,0.255440124069008,0.435226634853875,0.345466830198098,-0.0722787430546542,3.63057883426625,1.09689789005799,0.0443806859358393,0.0636515414152172,0.0416240379323044,0.144339484267058
1,0.5,0.2,0.5,0.4,-0.2,1.00808263216651,0.566845881668024,0.128984999699691,0.48029641393399,0.433928012910421,-0.220447368031153,0.849092958876201,0.300533937874638,0.0429086843996671,0.0701783423262551,0.0378776535754982,0.148328804283019
1,0.5,0.2,0.5,0.4,-0.2,1.03536285151426,0.512185870095074,0.133849366490378,0.44544582255272,0.397180868587991,0.0384704053943761,0.674384953154109,0.229045063222216,0.0404424053994511,0.06582635869308,0.0375595401101522,0.159407956219281
1,0.5,0.2,0.5,0.4,-0.2,0.937842762154443,0.545701458385637,0.188067050073632,0.499738967043238,0.369678380593366,-0.290009766928741,0.812219933531748,0.248906135358739,0.0460297818986183,0.0722476188804356,0.0381692220898543,0.148106249269824
1,0.5,0.2,0.5,0.4,-0.2,0.896410814398792,0.55127715887451,0.235995896657286,0.455536971298299,0.418816615780021,-0.320011747286781,0.807866736878537,0.280391316350216,0.0476419669351909,0.075086368417043,0.037561992010927,0.153608700794411
1,0.5,0.2,0.5,0.4,-0.2,0.938555903531182,0.50885611203596,0.18497943745853,0.5270813672698,0.368232752312183,-0.294873576860692,0.692964416661601,0.217399991016397,0.0469775879735,0.0784127781952042,0.0370699384911068,0.164253578434727
1,0.5,0.2,0.5,0.4,-0.2,0.888300916169339,0.531113789505032,0.125407595559802,0.407825936356231,0.38286317128828,-0.115862556298151,0.682500810337336,0.222342245994796,0.0470540932184247,0.0683410203166673,0.0372909670733568,0.15266311681149
1,0.5,0.2,0.5,0.4,-0.2,0.844325355267053,0.624709809303329,0.269096184117701,0.552100183390674,0.485541902648042,-0.363830589419102,3.23416313320711,1.21807777984488,0.0439671051157065,0.0776689306852857,0.0691763472400365,0.150119777288046
1,0.5,0.2,0.5,0.4,-0.2,1.11844316866432,0.482466422186874,0.196809835768279,0.580102918149688,0.431913325501637,-0.335353013109449,0.576276563474059,0.200182069278127,0.0402321067252315,0.0751587726591485,0.0372109747003056,0.155010399994221
1,0.5,0.2,0.5,0.4,-0.2,1.0885968063242,0.54339133016226,0.21368499434293,0.56156125711837,0.412597336750392,-0.119764186801613,0.690665820356041,0.240289740354752,0.0395060354994693,0.0653163237249069,0.037466265335278,0.14237287785545
1,0.5,0.2,0.5,0.4,-0.2,0.945925330800147,0.52910474300841,0.18495148717323,0.479854480041971,0.398913785065554,-0.176313394668737,0.532508142634544,0.180558238335084,0.0451717680206386,0.0699789030710625,0.0384618517376819,0.150261903030888
1,0.5,0.2,0.5,0.4,-0.2,0.980116950238685,0.457148389871743,0.273695400171554,0.556703713999965,0.372296815582226,-0.254012600013888,0.639915532717241,0.205305632807488,0.0410490388322292,0.0745660065053483,0.0382891072708969,0.156441510666542
1,0.5,0.2,0.5,0.4,-0.2,0.940174711005622,0.536713875714986,0.14645314012984,0.586376935698222,0.38494645230022,-0.375395461768782,0.948700695054858,0.3084852289714,0.0437841844962415,0.0764710608114106,0.038045480408321,0.150698833473272
1,0.5,0.2,0.5,0.4,-0.2,1.07454480001413,0.510062964410353,0.304677211282639,0.456308180671901,0.427277623684136,-0.0626705975282088,0.53758970525018,0.193255473829965,0.0417579354736196,0.0661367119317709,0.0358856563386619,0.15059237694111
1,0.5,0.2,0.5,0.4,-0.2,1.11501966251444,0.378179594011396,0.094629682182832,0.477348209765203,0.345357590830848,-0.13240720861841,0.78613267222744,0.236635423431333,0.0440295662425601,0.0676618590147468,0.0372680310382051,0.14921800302597
1,0.5,0.2,0.5,0.4,-0.2,0.947384140733489,0.608792038560319,0.19972170445567,0.45752973253187,0.441552354057703,-0.155311895948564,0.638442721904896,0.230877133632338,0.0456347359744415,0.0724403509925866,0.0357456295817521,0.161589881974363
1,0.5,0.2,0.5,0.4,-0.2,0.826925845287072,0.600943062298347,0.191990311089052,0.580491939106284,0.426053398948338,-0.466737021625151,0.937092276933385,0.310750444690622,0.0455157247865676,0.0764626472591945,0.0399258961068666,0.145127809907802
1,0.5,0.2,0.5,0.4,-0.2,0.870095641077882,0.547073894131673,0.0868334251298313,0.506980533188481,0.411999867339305,-0.277616269735917,1.19318029160489,0.407258662060604,0.0480936508673527,0.0732059707134323,0.0388926169971477,0.152200504752991
1,0.5,0.2,0.5,0.4,-0.2,0.987084765264153,0.505123505875433,0.192120160489885,0.504893571458347,0.431662146311576,-0.179975487196894,0.765592535985765,0.272729267230318,0.041987771476426,0.0725765690245025,0.0381638738077344,0.160418078890669
1,0.5,0.2,0.5,0.4,-0.2,0.969192686103292,0.509781738021338,0.149994874370204,0.484435464781177,0.383129379567113,-0.194956015248689,1.1063554321046,0.358650598754511,0.0441623391948743,0.0681670033084571,0.0385357024303964,0.145130333685731
1,0.5,0.2,0.5,0.4,-0.2,1.07561315456504,0.572371967376105,0.235304944527021,0.562213661719322,0.427505125206488,-0.234673854302812,0.550989167095055,0.192499739294031,0.0405335739231746,0.0671001983669275,0.0369917002522844,0.139850863949927
1,0.5,0.2,0.5,0.4,-0.2,0.951344246041263,0.617006378250314,0.270092373416354,0.608950864082115,0.460144355075047,-0.418383198881343,0.490712181852597,0.177134476788074,0.0383160275505412,0.0746801899850344,0.0399801084620786,0.142812376317796
1,0.5,0.2,0.5,0.4,-0.2,1.00242847704508,0.583710676382195,0.196119577900451,0.467022180525397,0.410856306431148,-0.142608719010904,0.944784759554805,0.332460846755623,0.0452049406231217,0.0701527088378406,0.037288612307812,0.1562059856711
1,0.5,0.2,0.5,0.4,-0.2,0.895241923833678,0.683147695077626,0.186111427507276,0.428155993698412,0.425190331571595,-0.0799494464286519,1.04472410366514,0.373194871398855,0.0438531122909492,0.0702636522157359,0.0369071708869917,0.164776857030438
1,0.5,0.2,0.5,0.4,-0.2,0.961884371673515,0.608089799738175,0.284909020042838,0.475791096071016,0.435436147532192,-0.187955557130688,0.536967676465154,0.19232502672377,0.0426544682150705,0.0731182608907594,0.0382747977678256,0.158517616037566
1,0.5,0.2,0.5,0.4,-0.2,0.989633628580161,0.418661191886621,0.230637805866292,0.505737250046723,0.334307920405183,-0.238368824418513,1.00676904561286,0.296613746703925,0.0479599556595046,0.0725948869021111,0.0370892770596064,0.154948490441281
1,0.5,0.2,0.5,0.4,-0.2,0.886689075828429,0.594083751772343,0.188275756809337,0.492997941416303,0.423572819007556,-0.281788324237769,0.793703601683496,0.269173458680564,0.0446546427876902,0.0694025674479268,0.0375597808348232,0.142565111513604
1,0.5,0.2,0.5,0.4,-0.2,0.910544217315859,0.600386646405344,0.136144281063077,0.475917948984587,0.406627150007667,-0.172398400885238,0.56263025413189,0.185178922471796,0.0453734547454105,0.0724938612241192,0.0368190251240995,0.157675413063834
1,0.5,0.2,0.5,0.4,-0.2,1.06074373041239,0.451641467751955,0.233540839563462,0.480443970822362,0.371811615523018,-0.118651303946615,0.644717316731547,0.208032413996732,0.0439838833300273,0.0719381468233036,0.0364230316584015,0.162533278434531
1,0.5,0.2,0.5,0.4,-0.2,0.946046587703551,0.465880683112042,0.232107967401971,0.673895273864614,0.351326023351267,-0.51065955744366,0.962615920949453,0.291507289467435,0.0446691384622584,0.0752053669204855,0.0401180826395873,0.139193561527991
1,0.5,0.2,0.5,0.4,-0.2,0.908517515814734,0.633548678042779,0.213542308974078,0.603765451838213,0.434174675049141,-0.443132225946662,1.00119921755304,0.347678617775836,0.0423874780460845,0.0736864255747643,0.038000128120385,0.140622577652779
1,0.5,0.2,0.5,0.4,-0.2,1.12224306075233,0.467310555166226,0.233309991673949,0.372736289074657,0.383380849194492,0.227152941857719,2.07006488098092,0.675220719702765,0.0455057800359082,0.0700398715432021,0.0385599570924021,0.192852002380799
1,0.5,0.2,0.5,0.4,-0.2,1.11849686800822,0.475919865966876,0.102842992145902,0.469337937292994,0.399269832547865,-0.0190930055016383,0.592249854163867,0.203687790188258,0.0456064853253497,0.0805938844479697,0.035240866886052,0.200953957743252
1,0.5,0.2,0.5,0.4,-0.2,1.20770153657774,0.427564427261388,0.163273849483709,0.416943173313816,0.400892524247631,0.121867286689167,0.709572641575783,0.247605638282136,0.0413873512024472,0.0717414238559713,0.0364845977681726,0.189822350813659
1,0.5,0.2,0.5,0.4,-0.2,0.831901043485945,0.613615710202259,0.266335735342928,0.597471738181433,0.444808268573921,-0.50987243805982,0.617589673986869,0.215335988914022,0.0405119789190554,0.0745215882484877,0.0387421040893381,0.135903054654334
1,0.5,0.2,0.5,0.4,-0.2,0.814347940840371,0.530118677809021,0.182342357822686,0.556741525881378,0.40859024936104,-0.435329878393429,0.76341197259769,0.257393775500387,0.0429036433000387,0.0760346646676177,0.037759670737301,0.147430220178951
1,0.5,0.2,0.5,0.4,-0.2,1.0670771128123,0.388604069217014,0.155527895973646,0.636191943007545,0.340082217723234,-0.355054112046093,2.17253287573474,0.643205218053869,0.0430603832054056,0.0717009013872616,0.0416168126807362,0.141310013373236
1,0.5,0.2,0.5,0.4,-0.2,0.93037963282545,0.534489753471798,0.286444350588813,0.512758603417189,0.440292243500213,-0.350203656656229,0.932547935557109,0.33005084851557,0.0416494644258132,0.0694739517701718,0.0398753274961648,0.136105557070818
1,0.5,0.2,0.5,0.4,-0.2,1.0010627835199,0.443035976057549,0.213274983066405,0.59467056551518,0.363235919444413,-0.334491541334656,1.79006876104967,0.545791179541138,0.041589736343093,0.072662105275485,0.0407363369191387,0.147558528606965
1,0.5,0.2,0.5,0.4,-0.2,0.945535735248248,0.513453404634967,0.188520977324682,0.5322146790456,0.4020568229693,-0.29979350520626,0.74815646812224,0.241480262887209,0.0426386351171361,0.0717374388092342,0.037670959337932,0.146930112441423
1,0.5,0.2,0.5,0.4,-0.2,1.07286738460768,0.496649863507687,0.200211300886111,0.649785609360109,0.441786277434789,-0.349061360877049,0.555730479038651,0.194743617860777,0.0395274743013739,0.0848300120667961,0.0365403698743123,0.174740797237011
1,0.5,0.2,0.5,0.4,-0.2,0.894860609443206,0.479304851572601,0.224351718851229,0.347988349059797,0.361593803695958,0.00644038098413907,1.50444495061858,0.475509155606454,0.0485863770717517,0.0667789884860262,0.0378400410266712,0.158534614966048
1,0.5,0.2,0.5,0.4,-0.2,0.939711248694845,0.509170834239764,0.242204985662864,0.433735266176637,0.425914242909314,-0.128493673925702,1.50092663236119,0.527997196743073,0.0449154164792585,0.0658745177423345,0.0401662683306006,0.144337193801765
1,0.5,0.2,0.5,0.4,-0.2,0.848449209810447,0.554191276102014,0.154487725600152,0.637164530167311,0.426672158464903,-0.44952453357063,0.751457457488962,0.259747719842085,0.0391431774289962,0.0794659700365044,0.0385431514374389,0.15242884730766
1,0.5,0.2,0.5,0.4,-0.2,0.833163949684301,0.605732663081297,0.147658827177875,0.494254421064345,0.469974470596857,-0.295074758534,0.642905627791881,0.238680414133914,0.0433830013414912,0.07482800263831,0.0375013252131774,0.15504902768906
1,0.5,0.2,0.5,0.4,-0.2,0.798588877011334,0.659421451645231,0.16340314661593,0.52170089577449,0.414182782106975,-0.348587192333705,0.661032329708557,0.23017094931575,0.0486580911783549,0.0719933393970509,0.0382383130373805,0.142879018544919
1,0.5,0.2,0.5,0.4,-0.2,1.17922625480526,0.469603499655115,0.163202732989865,0.507952625722885,0.437150619130893,-0.118318005639747,0.501771054209117,0.179414768480561,0.0396480493565727,0.0704262552862525,0.0374266824579375,0.158923943986908
1,0.5,0.2,0.5,0.4,-0.2,0.875274024304411,0.563217334961946,0.20080314000014,0.58528122899713,0.420937340439203,-0.447593375570219,0.696769988867648,0.237657371445068,0.043144816245587,0.079799671983186,0.037991047737154,0.154465637997292
1,0.5,0.2,0.5,0.4,-0.2,1.06228920439875,0.462176630357077,0.208873667027319,0.58063804273767,0.431043177609699,-0.243326916304281,0.841057790303537,0.296920345697507,0.039675539264219,0.0751631238205103,0.0384351804798733,0.161465462843664
1,0.5,0.2,0.5,0.4,-0.2,1.00447642741008,0.577545202405804,0.188910007678469,0.498568207575796,0.451610970896177,-0.194500432000763,0.910970554125533,0.324047438055736,0.043864538047493,0.0696870984155028,0.0389479058233174,0.149796264917399
1,0.5,0.2,0.5,0.4,-0.2,1.10146457472094,0.430460993977069,0.164227384565297,0.429399258830927,0.385703287458003,-0.012157317126814,0.60168441353172,0.20403701534516,0.0456657845935252,0.0669914196703506,0.0368486918344986,0.157440841770941
1,0.5,0.2,0.5,0.4,-0.2,1.00866180221739,0.42900685430966,0.182405648769239,0.423753278008599,0.403767279644638,0.00601092918385156,1.6639004124461,0.560045656351331,0.0463127240018717,0.0686852631669543,0.0381162228573641,0.162622011326619
1,0.5,0.2,0.5,0.4,-0.2,0.9903581564442,0.442579355921736,0.196459619619499,0.443838988596062,0.366083754413371,-0.153776524109078,1.11695663986691,0.352420963739986,0.0458734865195955,0.0713133743328933,0.0379503369106767,0.158549739397721
1,0.5,0.2,0.5,0.4,-0.2,0.962249633524931,0.573623093045868,0.197732497997005,0.532594674486633,0.436567679373687,-0.272898863697865,0.628169995143955,0.224674094482929,0.0448737065527651,0.0710916299540418,0.036898228153905,0.147961464600394
1,0.5,0.2,0.5,0.4,-0.2,1.0548537020763,0.513700900546168,0.161255374299888,0.439734894774518,0.443965664620233,0.01818030046382,0.64372552630764,0.237161532189355,0.0390683774397013,0.0716013815685409,0.0373927631151409,0.176946536194585
1,0.5,0.2,0.5,0.4,-0.2,0.988267888606538,0.516793999190826,0.154659961417436,0.534133093035786,0.38010116147678,-0.290307684671834,0.790945054178585,0.254648844893624,0.0470539151389159,0.0766127020702648,0.0380027686575785,0.161157640943887
1,0.5,0.2,0.5,0.4,-0.2,1.04538745491066,0.548082254690864,0.145510539305784,0.578938481444012,0.433638732153528,-0.309652003504294,0.589306717813214,0.207886805481965,0.0403935018047513,0.0685851430109855,0.0374466623818169,0.137402510128554
1,0.5,0.2,0.5,0.4,-0.2,1.02575252159029,0.431554167427115,0.154460784469574,0.466159679105116,0.351278188422497,-0.154388749561203,1.02931280603493,0.311238153953657,0.0441735355052591,0.0701593653575198,0.0374893264850972,0.157422150774362
1,0.5,0.2,0.5,0.4,-0.2,0.858912856612662,0.506862578562224,0.133941886569214,0.459962778498653,0.348803011099611,-0.20860991690519,0.552806661965782,0.169964959332289,0.0458346044139198,0.0736266177571698,0.0390689801278652,0.157129414645838
1,0.5,0.2,0.5,0.4,-0.2,0.836158484186874,0.536208973412,0.184579201948591,0.418872412262664,0.37604151792334,-0.166633208619082,1.19928153277067,0.385861003640453,0.0482709437184459,0.0667408196556332,0.0378481125791588,0.144579607365723
1,0.5,0.2,0.5,0.4,-0.2,1.13851741548782,0.484235062302398,0.262401731290207,0.527570815917809,0.432250644646476,-0.118632572594667,0.459553193613725,0.160356602449755,0.0416415219061242,0.0762390220569953,0.0390717357416147,0.173633969579979
1,0.5,0.2,0.5,0.4,-0.2,0.85551904753805,0.583664504574613,0.180288197103488,0.621778516448115,0.426591533346056,-0.427124535412147,0.677230451502962,0.232151761545826,0.0398981709797022,0.0741999110720021,0.038823918626782,0.143159756269763
1,0.5,0.2,0.5,0.4,-0.2,0.797270777843463,0.505263844393378,0.221933740301231,0.499832084523208,0.374780778405966,-0.357070394977426,1.25748579312789,0.397666177949689,0.0463834843753762,0.0742276775957998,0.038323864495277,0.148584520815116
1,0.5,0.2,0.5,0.4,-0.2,1.12243028039412,0.437161059821165,0.170997897649776,0.521359356140041,0.393321649288033,-0.176131113595234,2.90629842136285,0.993905830468381,0.0417981964001982,0.0704778306823234,0.0433433445143727,0.1494581004227
1,0.5,0.2,0.5,0.4,-0.2,1.14615787978348,0.452131433755208,0.171030038142779,0.54904742993064,0.371420826470308,-0.244980206248828,0.658503669335121,0.206397960041117,0.0434489746357351,0.0728641377629274,0.0386639768248347,0.153126938282997
1,0.5,0.2,0.5,0.4,-0.2,1.08721875739442,0.571874725406517,0.149705146682222,0.584678671401265,0.431274149715009,-0.282744472941415,0.989798978675134,0.352056674899685,0.0387374831900877,0.0771086979827579,0.0387793006150257,0.162270911834325
1,0.5,0.2,0.5,0.4,-0.2,1.08929936609332,0.371635185057982,0.291056141936813,0.543263164258631,0.378433714527376,-0.274622829733621,0.857817636723592,0.274681017852877,0.0411707177333388,0.0738517618512547,0.0372543150638934,0.151761878476548
1,0.5,0.2,0.5,0.4,-0.2,0.953959725562773,0.582264772877812,0.202796318639294,0.423878738109943,0.433237793485,-0.0264311392362876,0.674837588686374,0.24365012841178,0.0439930916517894,0.0684540905820441,0.0375805653055622,0.15933292283466
1,0.5,0.2,0.5,0.4,-0.2,1.0676968161507,0.460654859817733,0.18428596965728,0.464149977517193,0.386865289954408,-0.073722726907873,0.588779769871147,0.192714482203574,0.0425604538963692,0.066093985285049,0.0379342996253747,0.149719159250828
1,0.5,0.2,0.5,0.4,-0.2,1.00494683909394,0.4747201166224,0.251981405896241,0.523177194415223,0.37961235056018,-0.271271715907433,0.831897714755268,0.264611137640737,0.0446040121478857,0.0747404884341414,0.0368215920879504,0.157107170945097
1,0.5,0.2,0.5,0.4,-0.2,0.952033352536354,0.523209393651909,0.279636875112256,0.492833541950155,0.413281925374176,-0.243743229886217,1.53772494677047,0.524523770885469,0.0436439312163664,0.0717848399233662,0.0407773934668213,0.15135081730631
1,0.5,0.2,0.5,0.4,-0.2,0.935457940635055,0.45092288642124,0.159815793887964,0.44946151739222,0.401378427102373,-0.204365484678999,0.609253162810918,0.206286648710439,0.0462619228241182,0.0670871118551119,0.0360608046722237,0.14349621549359
1,0.5,0.2,0.5,0.4,-0.2,1.14326015150499,0.431524067612226,0.174103317994339,0.424463988403763,0.361188901460843,0.102815611489216,0.633265604088092,0.198057180262151,0.043086214852823,0.0674662536406801,0.036307405735017,0.172603268583882
1,0.5,0.2,0.5,0.4,-0.2,1.0086394303308,0.50223902123497,0.143169608618764,0.549424868067503,0.3588191164433,-0.333517712438483,1.16777775536382,0.358276556808832,0.045881483057851,0.0688998485038765,0.0406852714352588,0.135536195583638
1,0.5,0.2,0.5,0.4,-0.2,1.09837936597613,0.514274324910607,0.241807475927652,0.574534108490952,0.433605379800849,-0.276695549057486,0.406902163604059,0.145932187734128,0.0439930544600687,0.0715057139127318,0.0363257212170595,0.146855290876344
1,0.5,0.2,0.5,0.4,-0.2,0.983967773684961,0.528283521327481,0.186102335259709,0.526019312568578,0.377004927053514,-0.220851206147324,1.40313669621536,0.449509196585666,0.0443662802657235,0.0700981382223884,0.0386386893690241,0.150147545909692
1,0.5,0.2,0.5,0.4,-0.2,0.897405573028087,0.604527766322445,0.186627831367732,0.485854479156384,0.458793126297248,-0.21618057909142,1.00958265483084,0.37134251817555,0.0445926733039114,0.0760725097415992,0.0385250306197575,0.162807260828627
1,0.5,0.2,0.5,0.4,-0.2,1.05609202244573,0.546043790864666,0.255668274487175,0.545309978562867,0.432700494661936,-0.245264484035244,0.496966815758539,0.173586948643966,0.041565990066473,0.0725082460639494,0.0387504799662569,0.151832914296348
1,0.5,0.2,0.5,0.4,-0.2,1.00991194687416,0.356457450707898,0.211548743702076,0.5484848179987,0.35990459765395,-0.334983925211506,0.995698669141551,0.302563997977324,0.0452047739851423,0.0713290069173839,0.0387293892544764,0.141646795503626
1,0.5,0.2,0.5,0.4,-0.2,1.21078570735061,0.341985280827216,0.198452347559495,0.53837683684913,0.368676860414792,-0.208178693916026,2.49332240530583,0.778219687314613,0.0441443508203151,0.0692757268564138,0.0425713358475273,0.151078387281173
1,0.5,0.2,0.5,0.4,-0.2,0.999847948718942,0.516568166172273,0.21543823670069,0.439627252196346,0.411383899861185,-0.14778616554381,0.815202890321611,0.283245123682175,0.0468895099903266,0.0718031654231463,0.0389677702086663,0.158899616916511
1,0.5,0.2,0.5,0.4,-0.2,1.10815642652313,0.497115203496848,0.171363959506251,0.555459815708375,0.397986979449525,-0.198543392361387,0.643318241284741,0.219245868039124,0.039849765530789,0.0722300071836726,0.0373855566741593,0.15791699523852
1,0.5,0.2,0.5,0.4,-0.2,1.07288418575272,0.455931133823808,0.204409018285301,0.628976625574454,0.402565072031015,-0.321268838539988,0.778498706136077,0.261100144183833,0.0397276304943472,0.0724458991129799,0.0383423003728003,0.146638891895679
1,0.5,0.2,0.5,0.4,-0.2,0.990158685886604,0.557756986633542,0.131010675453389,0.560707030731455,0.445789236312812,-0.275642298201322,0.691303077048352,0.247184570045508,0.039609951924197,0.0694402276639926,0.0376757143977188,0.143396013229859
1,0.5,0.2,0.5,0.4,-0.2,1.02551074111908,0.466093223414839,0.225704352985404,0.535828742774575,0.392340779963663,-0.16775296481826,1.31394872377456,0.441314122594791,0.0432109721242347,0.0740185304147918,0.0378418608559269,0.161078522559092
1,0.5,0.2,0.5,0.4,-0.2,1.08120812996298,0.519903372360498,0.184798527344324,0.520567449661415,0.461450643380413,-0.15858617404328,1.08742840640386,0.407898566390418,0.0415443247876674,0.0707419956709734,0.0387857207589565,0.156915161182559
1,0.5,0.2,0.5,0.4,-0.2,0.848293110037024,0.58945100428179,0.208301739520309,0.441616656480802,0.448781331818375,-0.22577550174973,0.536439374729198,0.191718838020382,0.0439302471203493,0.0716471799415007,0.0382309509886372,0.149920280158249
1,0.5,0.2,0.5,0.4,-0.2,1.01750432709538,0.366594612648616,0.222891819631726,0.579376270697443,0.376393619199935,-0.360728527592279,1.95906910718413,0.628023232642279,0.0423796371484708,0.0768162520204731,0.0410974931415099,0.150612543559825
1,0.5,0.2,0.5,0.4,-0.2,0.986873698099034,0.489600568490957,0.153173301729994,0.518851657929257,0.418029952238434,-0.243743841541611,0.673257022300133,0.231894646476128,0.043453478887697,0.0721144183414463,0.0395481617312511,0.151038351058945
1,0.5,0.2,0.5,0.4,-0.2,1.01896764178343,0.441702980889859,0.224814637987659,0.503612774835366,0.4219097325228,-0.173188088298797,0.736819115233638,0.258993413556073,0.0449660879412279,0.0751870411125098,0.0356844249804324,0.16654306363733
1,0.5,0.2,0.5,0.4,-0.2,0.900408058270674,0.544531236294756,0.200912339317658,0.574700364832678,0.412069027957289,-0.39958319766622,0.895567069621643,0.294353045072266,0.0435398590536731,0.0676476049390001,0.0398666446106645,0.130046758480903
1,0.5,0.2,0.5,0.4,-0.2,1.12077694340508,0.499710707086465,0.119266537242253,0.428725973582415,0.420818639987104,-0.0162518434591444,0.626098345020256,0.220619465532358,0.0406577031602684,0.0670399576603351,0.0371727144436267,0.158155629092224
1,0.5,0.2,0.5,0.4,-0.2,0.885363937932632,0.651478718189997,0.176081128736556,0.454305547529232,0.469961517425211,-0.0912226068513651,0.88161776362342,0.333677448175628,0.0436629382832836,0.0701243405195772,0.0378598737447143,0.160314688101781
1,0.5,0.2,0.5,0.4,-0.2,0.968183605240054,0.492589200309225,0.268165948195935,0.51706772100479,0.439476125036056,-0.239268511904435,1.01498353102519,0.36513229398855,0.042175298159565,0.0690853040270633,0.0389871218631174,0.145763730935247
1,0.5,0.2,0.5,0.4,-0.2,1.00699293216982,0.45147212465636,0.184199242299263,0.514402885578301,0.375819278051916,-0.312147138070986,0.952239577600782,0.300301625992692,0.0446316947168236,0.0699329524499831,0.0382918595418569,0.141349893323492
1,0.5,0.2,0.5,0.4,-0.2,1.01397751974015,0.423765507535681,0.220049466857681,0.520009709283121,0.330577927580028,-0.19912633544942,0.869194036022991,0.254769317224872,0.0465276249706949,0.0704265714101338,0.0373706444046031,0.15031118090802
1,0.5,0.2,0.5,0.4,-0.2,0.952650769339624,0.47314215957061,0.242272080828125,0.414462703528919,0.338323577217357,-0.0516209037181252,0.994218547729058,0.298193845076091,0.0458832893773987,0.0643545878072056,0.0371064021645504,0.148147161107115
1,0.5,0.2,0.5,0.4,-0.2,1.06594332141245,0.460612655958523,0.231670261009799,0.513260494791095,0.410314349800992,-0.27744000509588,0.739188617939928,0.250968470715775,0.0439410301309302,0.0759994156410887,0.0391790734117284,0.15877522943114
1,0.5,0.2,0.5,0.4,-0.2,0.9697175249158,0.64225302900034,0.206539952081357,0.591397346189796,0.451452820995661,-0.354524460950984,0.583764014200264,0.204475367834113,0.0399038623666148,0.0761013264835818,0.0389179664635911,0.151931862810457
1,0.5,0.2,0.5,0.4,-0.2,1.14865435905775,0.410147870473362,0.139311446061997,0.515865695447127,0.41715539534911,-0.0349087785444163,0.784054301105124,0.279281000386857,0.0391224001058484,0.0680022555324963,0.0360751370455042,0.158205877044074
1,0.5,0.2,0.5,0.4,-0.2,1.02309241112834,0.396790590739375,0.216667276581769,0.435440642638457,0.346432059560431,-0.153519504013784,0.76612803410365,0.232367246733556,0.0495380562477353,0.0695847524395877,0.0384365097574968,0.153017996202193
1,0.5,0.2,0.5,0.4,-0.2,0.97722214931504,0.468476648464419,0.271031592553892,0.525059734321998,0.334857691317075,-0.312239672966525,1.35185061851584,0.396139412960332,0.04490219797525,0.0721814769086237,0.039518746322184,0.147072463583234
1,0.5,0.2,0.5,0.4,-0.2,1.03829091045258,0.366451048377236,0.22439357889224,0.455470956709797,0.318523882671776,-0.122416025650777,0.99715842279453,0.280482000974483,0.0475387252543749,0.0743537369935808,0.0369225403384411,0.169609046735216
1,0.5,0.2,0.5,0.4,-0.2,0.955992684485585,0.419728780388149,0.241608025219173,0.420221520862278,0.385372547646071,-0.110484431488909,0.600216087269453,0.203320609701609,0.047113847336102,0.0680107249118863,0.036882940369113,0.152701763244762
1,0.5,0.2,0.5,0.4,-0.2,1.08681449859861,0.3657491250904,0.223694481780267,0.580383515272418,0.309583465277091,-0.247049976107753,0.843365424792126,0.235394076084189,0.0430830387125347,0.0720299254188254,0.0384892520144957,0.152081597245937
1,0.5,0.2,0.5,0.4,-0.2,0.994330250215699,0.473808177177784,0.18021812141935,0.439304287975315,0.423837607560445,-0.164000155392295,0.774873151507248,0.276221842207899,0.0448773093957459,0.0719138634657133,0.0370379982781995,0.160816205874673
1,0.5,0.2,0.5,0.4,-0.2,0.765286353098143,0.630386019930024,0.270893704683874,0.603357115614453,0.451699235424185,-0.485475391997486,0.661841941062393,0.237005824265461,0.0404010800193251,0.0756098643637664,0.0378653378198487,0.142247872945282
1,0.5,0.2,0.5,0.4,-0.2,1.00335127522662,0.60416342786771,0.18424918689384,0.596789769949945,0.437838835000547,-0.269308050867527,0.801716961844465,0.284853676439622,0.0390089270343761,0.073526495289706,0.0386570444478761,0.15307959006604
1,0.5,0.2,0.5,0.4,-0.2,0.962476401026786,0.555761716770197,0.217379845445661,0.33568332608598,0.420931842289273,0.0678741128908436,0.744137065452087,0.266362815777853,0.0477710714490343,0.0659673625663502,0.0368676426216048,0.162866193483925
1,0.5,0.2,0.5,0.4,-0.2,0.948621622862436,0.583453431641674,0.112404107315417,0.499639866459234,0.421547039935395,-0.225634830332185,0.822922821470025,0.281982339738655,0.0447946322955285,0.0713361612727605,0.0371868720244753,0.150530783420138
1,0.5,0.2,0.5,0.4,-0.2,1.00965651170479,0.493659000438546,0.238724398468453,0.607364553907375,0.392966266648712,-0.376956310164786,0.879015880348126,0.289043260391684,0.0414390240686461,0.0726348857718477,0.0389696640150149,0.14490444750438
1,0.5,0.2,0.5,0.4,-0.2,0.978579796575189,0.519067531277644,0.216372665972684,0.499970759558388,0.392545723792526,-0.191081623643303,0.741088694314749,0.247884817820688,0.0444870859019217,0.069049742285189,0.037693726894084,0.150778864832034
1,0.5,0.2,0.5,0.4,-0.2,0.866135588797324,0.59892760922388,0.158530196233637,0.559949017136469,0.424513918878469,-0.33866690838574,0.674334367881772,0.228576559776757,0.0455185067370407,0.0772738970850945,0.0377904632931733,0.158699170115216
1,0.5,0.2,0.5,0.4,-0.2,1.03685029455964,0.510857162149108,0.146497051319277,0.370028270631181,0.347582917268118,0.156867702925072,0.674136092501117,0.203789741846742,0.0453889362539995,0.0688216299515209,0.0380311647495519,0.182814361544319
1,0.5,0.2,0.5,0.4,-0.2,1.03719723508578,0.588578272968143,0.243766707059405,0.602272733919714,0.457233974353814,-0.373710427775138,0.689381990040927,0.252899254319109,0.0404708696805291,0.0740619141816883,0.0380556109877638,0.147810792356737
1,0.5,0.2,0.5,0.4,-0.2,1.07478795075696,0.501516994397559,0.164773194169578,0.558906111437602,0.401608977016472,-0.273524642623852,0.540004682373474,0.181474092057641,0.0425159408066186,0.0679840903468468,0.0381503298706252,0.138065953218634
1,0.5,0.2,0.5,0.4,-0.2,1.01805746495782,0.416896673023721,0.184750222083751,0.487830895120675,0.353635716507777,-0.186169743826192,1.27915452081329,0.389910851760629,0.0425189759743635,0.0749640226278654,0.0370909296245175,0.165407457420526
1,0.5,0.2,0.5,0.4,-0.2,0.952478580590254,0.543212871972169,0.246569981766724,0.538067178268027,0.386133207447063,-0.349378631314222,0.972024931853051,0.313597473490088,0.0445124076573623,0.0769033845806887,0.0385593739041932,0.15390872691166
1,0.5,0.2,0.5,0.4,-0.2,0.98687268533227,0.600665271740181,0.221368153330436,0.455488721049426,0.408581024704476,-0.127905516755736,0.687819361441171,0.238170280510602,0.0444881076086976,0.0670235538663663,0.0370419865967231,0.147485433526588
1,0.5,0.2,0.5,0.4,-0.2,1.11352229967883,0.529125424995704,0.0975496536017106,0.523517373404549,0.425717739459674,-0.0975467581102855,0.799882676172422,0.289307108967263,0.0396563322780391,0.0701772059004568,0.0377837674508499,0.161947823187755
1,0.5,0.2,0.5,0.4,-0.2,0.942221484161256,0.514462209044,0.184912420457469,0.573664111741747,0.380756143921629,-0.448819975283996,1.74546391974188,0.562361330836159,0.0451535978193676,0.0757649864642998,0.0406732646271525,0.142625188281179
1,0.5,0.2,0.5,0.4,-0.2,1.01988476633438,0.616165845666225,0.157318586321648,0.492150605745538,0.495629999642545,-0.0655379067330598,0.531609750875601,0.210256338062962,0.0397055553962823,0.0688035634654342,0.0378147881513288,0.158559291350282
1,0.5,0.2,0.5,0.4,-0.2,0.924781680275805,0.514264539336855,0.246963753859018,0.445848669240148,0.386537503294555,-0.107880591057507,0.847143500470262,0.283654083785913,0.0461927269120337,0.0702963010811271,0.0373157783575315,0.159740982853669
1,0.5,0.2,0.5,0.4,-0.2,0.8653103098702,0.618170610963013,0.125778604374666,0.531943963248287,0.410789427720456,-0.383792848834112,0.941083375842284,0.325283361859732,0.0462284850162606,0.0733795523576976,0.0387803134795167,0.143352143892864
1,0.5,0.2,0.5,0.4,-0.2,0.960628623384963,0.542292556347732,0.264018556702099,0.56672176957871,0.439762374685729,-0.312933668427844,0.519223329913937,0.182862171055809,0.0379769577935147,0.0706774475124354,0.037638937242766,0.142146082598019
1,0.5,0.2,0.5,0.4,-0.2,0.855087155788,0.604182624791579,0.109142220973612,0.457818374174773,0.384514947346724,-0.111550020286566,1.41574942996551,0.466694582573044,0.0440289573147529,0.0730026913890661,0.0381144054836015,0.168953492888283
1,0.5,0.2,0.5,0.4,-0.2,1.00670618711587,0.502907313812218,0.136187126372779,0.531459294565353,0.389529852403842,-0.301877450586401,0.671736734094382,0.225101632921212,0.0436763294597185,0.0760206561646361,0.0372516658875783,0.155263217732726
1,0.5,0.2,0.5,0.4,-0.2,0.856812440255674,0.478595778646296,0.227659757516532,0.551836708364757,0.380098879726025,-0.405117468193461,0.687485127320031,0.226696510125776,0.0449544559749696,0.0775214583916762,0.0376885093147792,0.151321031500415
1,0.5,0.2,0.5,0.4,-0.2,1.06636123658371,0.418103757638093,0.28473481653489,0.504276471653537,0.372429453288605,-0.154653572896989,1.03077519265791,0.333451179527648,0.0433351410489351,0.0741276846039429,0.0382002978738979,0.167192477322488
1,0.5,0.2,0.5,0.4,-0.2,0.942679089295571,0.522960291710869,0.229788611713748,0.449981123340996,0.399772923232093,-0.195484449831825,0.611911048528974,0.202819306278265,0.0454337019695609,0.0692231141414388,0.0390904322718043,0.147389000158444
1,0.5,0.2,0.5,0.4,-0.2,0.967277496006619,0.550190065881069,0.215200809250265,0.498952449049375,0.45242596987998,-0.26019795868446,0.620860554843171,0.232697731608717,0.0437143746741325,0.0690401134953611,0.0379855806063511,0.143400671772175
1,0.5,0.2,0.5,0.4,-0.2,1.03398938033017,0.467741922650051,0.216847006415462,0.457987257912058,0.399795417545655,-0.144471629517188,0.564132048069983,0.190761436514281,0.043427157476139,0.0704404338124224,0.0383231537667187,0.157178605257529
1,0.5,0.2,0.5,0.4,-0.2,0.944195105910667,0.545978637965158,0.242534577287184,0.351735994409311,0.37705360342232,0.0184632369606078,0.716151545345465,0.235319122158413,0.0499013748682319,0.0703233493404417,0.0370244784147561,0.172830684008359
1,0.5,0.2,0.5,0.4,-0.2,0.932696464611439,0.485446495460717,0.170700324247205,0.328925022687723,0.409857912699134,0.05469773790208,0.576665090391098,0.194151651545488,0.045663895654393,0.0673133341461153,0.0382188113712455,0.164187734946049
1,0.5,0.2,0.5,0.4,-0.2,0.983128421628796,0.539692861921306,0.185465741960484,0.520576260427161,0.368664097043922,-0.186618378060969,0.722854109197277,0.22191131023124,0.0433839888625726,0.0718248424434045,0.0380294380450837,0.155496146939181
1,0.5,0.2,0.5,0.4,-0.2,0.895766274308618,0.454416223300411,0.136253339161812,0.477053963096794,0.371619236931609,-0.313418700090787,0.620513681165457,0.19028936808277,0.0460000602072936,0.0749771379741397,0.0390117292809952,0.153638058047253
1,0.5,0.2,0.5,0.4,-0.2,0.995233767031309,0.431859910068349,0.210215201347465,0.365656372486022,0.373673511613857,0.00532093074390189,0.941190482842939,0.308837268720253,0.045113568707859,0.0772777694525745,0.0371791839087482,0.192201198603869
1,0.5,0.2,0.5,0.4,-0.2,1.06009647961876,0.445998707106218,0.181517889049162,0.654650787751241,0.430037580820416,-0.435196747579978,0.699509623288421,0.24544289820931,0.0401083294944716,0.0746415202573466,0.0382020074893779,0.143957466855359
1,0.5,0.2,0.5,0.4,-0.2,1.14153795644987,0.444730469897513,0.201314254903113,0.408718437487672,0.40177439029171,0.0896131211959603,0.654577942855966,0.228374939151755,0.043976900483766,0.0674234075004126,0.0367448514825689,0.168827956285164
1,0.5,0.2,0.5,0.4,-0.2,1.02148034720889,0.45042037311226,0.136944990021655,0.450367836271327,0.366192684771067,-0.0446528323913516,0.793354384492407,0.250342480641656,0.042468595436384,0.067812931827609,0.0377828485062134,0.156213150475997
1,0.5,0.2,0.5,0.4,-0.2,0.915207261453602,0.569036101252626,0.255044332625946,0.64822744439665,0.409247034716063,-0.550797199915495,0.924330679263959,0.308843725533924,0.0418938802041476,0.0775268868179308,0.0398341573051363,0.142614041744536
1,0.5,0.2,0.5,0.4,-0.2,1.09134199854529,0.397182762196998,0.210105970668008,0.562615483475246,0.373782362073215,-0.227023308740833,0.741557258249256,0.235258534082603,0.0442851183762041,0.0667503620305359,0.0385541579031834,0.14129290840114
1,0.5,0.2,0.5,0.4,-0.2,1.15711185716134,0.510072933112238,0.146730536023689,0.444038372314668,0.464072253700988,0.135275079140503,0.530733955627564,0.198702871942324,0.0398744451110926,0.0687770626879972,0.038266040495802,0.178150008548128
1,0.5,0.2,0.5,0.4,-0.2,1.06485417204565,0.502798697488267,0.189950343376882,0.571764780060259,0.339299938102014,-0.265255720752575,0.93476112785041,0.275613554656578,0.0438999476117702,0.0722940498395743,0.0397169576707573,0.151371836340279
1,0.5,0.2,0.5,0.4,-0.2,0.98263445537665,0.540654677327954,0.234836930104762,0.581629871181502,0.413555377399127,-0.398260819860085,1.0692410897081,0.354481675917273,0.0439789222978929,0.079428854032719,0.0390969631029634,0.15880681966621
1,0.5,0.2,0.5,0.4,-0.2,0.938289496793062,0.528419420096187,0.213810650203682,0.443960736210587,0.373265736598525,-0.125030386510751,1.31994632502389,0.42655916618886,0.0448224927793944,0.0749911740290216,0.0371776376309992,0.17381204519488
1,0.5,0.2,0.5,0.4,-0.2,1.06721770597549,0.357970533650574,0.256297581050187,0.565203753962678,0.350058709690526,-0.293732144417135,0.782618260742825,0.237688102824182,0.0451905651141015,0.070251871556914,0.0377968678669724,0.144243378564598
1,0.5,0.2,0.5,0.4,-0.2,1.08861710151612,0.42773665469358,0.207049222313658,0.464609697561374,0.375946754685034,0.00959443909523765,2.80029994989839,0.910505466322501,0.0431196466550134,0.0718829288811341,0.0394375846922732,0.17260571772176
1,0.5,0.2,0.5,0.4,-0.2,1.03620156167965,0.464744778492984,0.181779424322851,0.460227379243234,0.415992667554958,-0.0348429916456958,0.728148136940872,0.255118265626711,0.0413506058676576,0.0707364354899624,0.0372525399082897,0.16432352490398
1,0.5,0.2,0.5,0.4,-0.2,0.903594398435771,0.67845950315106,0.209788149254378,0.525109464736892,0.446842300590293,-0.277273404012342,0.61894750346626,0.224991782811337,0.0422759422017444,0.0746283945375768,0.0376987864301664,0.155384713693562
1,0.5,0.2,0.5,0.4,-0.2,1.02066166181002,0.586456594202754,0.182786457452998,0.502498439273238,0.427718608558569,-0.0988956010289243,0.863923278346574,0.31051629764007,0.0406841510061902,0.0732371284465702,0.0388515994872181,0.168425829731721
1,0.5,0.2,0.5,0.4,-0.2,0.994067339829073,0.477950729244365,0.164086687069954,0.510575275654016,0.406362173307766,-0.255070309126044,1.20498477259617,0.415590797416181,0.0478943558366675,0.0777147872204853,0.0388480850129953,0.166172213202066
1,0.5,0.2,0.5,0.4,-0.2,1.13000825099863,0.429055741937778,0.225801663734194,0.497627193946783,0.41886965882378,-0.0352516127903784,0.570973774379539,0.197643339477102,0.0404904504927003,0.0691202467776685,0.0375534189675127,0.162179830012696
1,0.5,0.2,0.5,0.4,-0.2,1.00746702473182,0.548590603131578,0.201959333439307,0.426035639751745,0.404296436306135,-0.0516665412634533,0.849095554360079,0.282240059530907,0.0450436716589853,0.0679093907589583,0.0375052267571805,0.157543099892051
1,0.5,0.2,0.5,0.4,-0.2,1.11271379815223,0.405756043158704,0.215525240965511,0.580569700956533,0.355001118642389,-0.168057848912362,0.829809167227306,0.261134403629204,0.0415276387415585,0.0712453871933695,0.0380362440713323,0.156874292688233
1,0.5,0.2,0.5,0.4,-0.2,1.29927485977501,0.357126675098491,0.17340403813692,0.474687350463615,0.364033006701642,0.0482018897868528,0.859274229709213,0.28436109888513,0.0413513171337545,0.067326483400543,0.0370146878141704,0.165094782403712
1,0.5,0.2,0.5,0.4,-0.2,0.965833288796721,0.502036975164071,0.141133368026858,0.414259064885339,0.456568663976273,-0.0644784257066688,0.882241751582751,0.326558249971566,0.0405476777617462,0.0690732823871445,0.0381796577855028,0.156201816121323
1,0.5,0.2,0.5,0.4,-0.2,0.911556509022344,0.4617276641885,0.185622125383137,0.545591132220691,0.350947482364322,-0.303867011146451,1.74611480540501,0.541361401626234,0.0467735935386485,0.0713505800170744,0.0395132381478858,0.144186827867505
1,0.5,0.2,0.5,0.4,-0.2,0.944223399719514,0.519610574999982,0.181061370176329,0.652562715254261,0.412975316547875,-0.456366940853678,0.911486455792984,0.302732785075034,0.0417710751033763,0.0760586140580264,0.0399197183362029,0.146446129255439
1,0.5,0.2,0.5,0.4,-0.2,1.1326341929217,0.368833314371782,0.233482930010131,0.391206346393484,0.354191952387284,-0.0132336276133413,0.711950728976863,0.220584142226038,0.0473556515999606,0.0715515840359397,0.0367016735085406,0.169188873237239
1,0.5,0.2,0.5,0.4,-0.2,1.12114753880435,0.481980048872306,0.214095422169509,0.512366166292725,0.384151681680043,-0.212622073542015,0.649161640829786,0.213387861201097,0.0435385099921783,0.0707616486613077,0.0382002119691163,0.151041521845165
1,0.5,0.2,0.5,0.4,-0.2,1.14450918554346,0.400840907133937,0.238375250745777,0.471603660834924,0.364833773803008,-0.033325980794593,0.656865082868038,0.207242409588672,0.0440000446430805,0.0748890938302991,0.0388150366755904,0.178204588004842
1,0.5,0.2,0.5,0.4,-0.2,1.08473389954636,0.396545169659195,0.150164866793582,0.496208534523979,0.379037404629027,-0.103193064476054,1.66605684568194,0.552667427370747,0.0429657335373079,0.066026358835096,0.0390271952408561,0.144254192984545
1,0.5,0.2,0.5,0.4,-0.2,0.974184443317859,0.456704607080128,0.276938199328085,0.581628699957082,0.37881282476474,-0.331676850660179,0.923885969260168,0.293210137907081,0.0439587628336253,0.0675387300145701,0.0381609233741846,0.134491987906791
1,0.5,0.2,0.5,0.4,-0.2,0.95414780248427,0.554429799263782,0.216602623443975,0.580736091811061,0.424565601019492,-0.406198376022785,0.879733647361214,0.30829072934281,0.0428233096046401,0.0704635520101972,0.0383641443743458,0.136666843583478
1,0.5,0.2,0.5,0.4,-0.2,0.942193102127095,0.537529843719085,0.148217382470011,0.703851417800059,0.402290950560619,-0.643383016409088,0.555535498561228,0.182222570578548,0.0425904221260564,0.084448119558362,0.0376811829670863,0.149184831965893
1,0.5,0.2,0.5,0.4,-0.2,1.07829713189722,0.508501458345889,0.222005050215381,0.561808957009112,0.451581266470359,-0.350158586527683,0.790212793234995,0.280059406329272,0.0423467176599973,0.0726979134332109,0.0397881164498669,0.145845518794003
1,0.5,0.2,0.5,0.4,-0.2,0.977331858685787,0.568741834519957,0.214189499716232,0.473639257810858,0.47526844131023,-0.0343016018772984,0.61198020374079,0.227771511251381,0.0399068822320372,0.0687270425855577,0.0372353669798582,0.161671574530364
1,0.5,0.2,0.5,0.4,-0.2,0.913806216818798,0.58821857122086,0.257700655496632,0.600441476863318,0.426813693161934,-0.426536914907563,0.680027703471232,0.231207687041954,0.0438642048701456,0.0742595198253751,0.0392426798707096,0.141698813558179
1,0.5,0.2,0.5,0.4,-0.2,0.965201010708214,0.601379195861602,0.199887655009846,0.52623106188848,0.483633161273382,-0.239532807759351,0.476406278902357,0.181153853514998,0.0407949610481294,0.0740656671820989,0.0378121802757785,0.154048590388072
1,0.5,0.2,0.5,0.4,-0.2,1.04611486722528,0.451155316920007,0.261805974850027,0.519882606537632,0.359171180466313,-0.191981984062233,3.05995952628761,0.949178554524141,0.0438889609315123,0.073331327043617,0.0453451258123863,0.162982847462068
1,0.5,0.2,0.5,0.4,-0.2,0.887024485081237,0.552087452253744,0.194740389098886,0.450588245491832,0.419045295381906,-0.202208423391583,0.554010980253409,0.193530248157938,0.0419532378499283,0.072885182353318,0.0386887762315067,0.155495052991709
1,0.5,0.2,0.5,0.4,-0.2,0.898933592137072,0.480364183888381,0.148099726413014,0.649481984057754,0.376654799207702,-0.548988175809372,1.11299056190929,0.361043647187625,0.0425322331784746,0.0772133253791542,0.0387472656814321,0.141536455836228
1,0.5,0.2,0.5,0.4,-0.2,0.846864076278277,0.56822670744825,0.19116946584113,0.468343743318962,0.383979976387109,-0.286228270294921,0.842262962650076,0.275687328157606,0.0470321439233867,0.0693479552218223,0.0387021668246848,0.140300085542921
1,0.5,0.2,0.5,0.4,-0.2,1.01944504751291,0.43807859586611,0.283821605573205,0.570553886381539,0.397281833727328,-0.360243276122026,0.696409536192374,0.228784692876024,0.0433028428580046,0.0734207189135529,0.0378995840808674,0.145125977402962
1,0.5,0.2,0.5,0.4,-0.2,1.00006485383903,0.604836287407744,0.180051972018719,0.635576823084211,0.408761148479891,-0.379908602857659,0.563462526181156,0.188665305873681,0.0399283456153471,0.0734780155718069,0.0378474016847296,0.147104925564809
1,0.5,0.2,0.5,0.4,-0.2,0.945848186661182,0.507815719527193,0.21470126371409,0.504802623886217,0.390033216641313,-0.185505113303257,0.568852978458072,0.185590643571804,0.043461254320465,0.0754659662991009,0.0387891617510784,0.167207400483332
1,0.5,0.2,0.5,0.4,-0.2,1.17202066536868,0.431796360107005,0.166628824691952,0.556668849489507,0.38263248377152,-0.160309995567656,0.89939334849727,0.294390858875109,0.0448779680034758,0.0691291321756944,0.0379329312694779,0.151778530784169
1,0.5,0.2,0.5,0.4,-0.2,0.94808284492034,0.487540610608923,0.211831274565766,0.529671062814478,0.366685266777449,-0.270720688168662,0.49182689560933,0.155403120074642,0.0448037431457534,0.0685067264518588,0.0393560205887749,0.139077451499196
1,0.5,0.2,0.5,0.4,-0.2,1.00627874750121,0.507305099404695,0.238172172540062,0.535487089511748,0.396475265452291,-0.243340551517313,0.596974976652235,0.193418498415422,0.0441309020446659,0.0705745261049634,0.0381616446074541,0.149831759417009
1,0.5,0.2,0.5,0.4,-0.2,1.09618300778001,0.395025645575467,0.232763139271878,0.484385641926024,0.355315528286146,-0.115328054238741,0.853313248982297,0.261052626425541,0.0434001011417252,0.0685373880482117,0.0371365017848921,0.15619323077971
1,0.5,0.2,0.5,0.4,-0.2,0.914673455657494,0.45900661820327,0.172600531070052,0.509276414111451,0.39134481725202,-0.354174687864206,0.77797641533461,0.254400679236602,0.0439808725069525,0.0756919702370509,0.0400943383770354,0.150741038018828
1,0.5,0.2,0.5,0.4,-0.2,0.889814165957908,0.503582693420549,0.176672699291915,0.445703115457755,0.438369774250383,-0.19503558342336,0.582402846932477,0.212463710691312,0.0444178271944896,0.0738862579139197,0.0385948964630237,0.160430923078921
1,0.5,0.2,0.5,0.4,-0.2,0.93966260449961,0.606744028328556,0.179675804808867,0.550443860443082,0.4102940915045,-0.308877207618125,0.713546062741974,0.235410703616056,0.0435328144839025,0.0752784459358665,0.0384957661986937,0.154353865415365
1,0.5,0.2,0.5,0.4,-0.2,0.878411236221785,0.520134679996071,0.133964364824107,0.58013779849345,0.344658353295022,-0.432886190277185,0.804477164437159,0.236513873213328,0.0447875300747013,0.0718388867582774,0.0381813620947264,0.13829504511476
1,0.5,0.2,0.5,0.4,-0.2,1.10781328513911,0.348929299103157,0.259341535759874,0.566055718646166,0.322609243126097,-0.302691897911229,1.00577559556986,0.292828850764291,0.0425586848944405,0.0724775832580646,0.0389511784078331,0.148223268298889
1,0.5,0.2,0.5,0.4,-0.2,1.06988818747506,0.503452295420863,0.186288364105917,0.454341415821543,0.402415300318067,-0.0333230938575465,7.17258749457896,2.43579062725037,0.0420863339160538,0.0689842044155955,0.0667847084589645,0.204947154957546
1,0.5,0.2,0.5,0.4,-0.2,1.1577542243641,0.317676515699041,0.296967896277715,0.428388571057307,0.339198715095191,-0.0336129414481033,1.10956928981041,0.326071529655517,0.0464991433657563,0.0681169049039664,0.037236506742751,0.160241792007989
1,0.5,0.2,0.5,0.4,-0.2,1.03524364961296,0.449432823223109,0.169459638133954,0.568146423138182,0.377693483844236,-0.385507061356432,0.815712379360243,0.257430068265068,0.0443643096219353,0.0801679925311547,0.0380774742347739,0.159930856481719
1,0.5,0.2,0.5,0.4,-0.2,0.88284497531761,0.572634869968304,0.19081557446181,0.678705110831326,0.419340435454984,-0.531610956449289,0.743282100656017,0.253651241478303,0.0406977300159048,0.0745884643747414,0.0377776285889176,0.136364945730951
1,0.5,0.2,0.5,0.4,-0.2,0.946411233742103,0.591466568143135,0.254984113037296,0.488762714007652,0.414693759248663,-0.198856394084621,1.04243843890496,0.359553696706354,0.0430769845308468,0.0718708768730135,0.0388530222892522,0.155023536708715
1,0.5,0.2,0.5,0.4,-0.2,1.04112106519908,0.572171372334602,0.16388764954284,0.52958936733696,0.472852428524053,-0.21689544054545,0.750588327193093,0.272631590454439,0.0401003753686224,0.0709455221550443,0.0404548715215849,0.155241317945945
1,0.5,0.2,0.5,0.4,-0.2,0.918016614249495,0.497611396105948,0.172782630270214,0.452748853293994,0.391972512614597,-0.138203574651777,0.771074988711215,0.258147233097058,0.0430674352796425,0.0742892781334119,0.0366650328075446,0.16565664708087
1,0.5,0.2,0.5,0.4,-0.2,0.823874315031247,0.575148348977073,0.201946918846583,0.455289457414982,0.38830197908532,-0.208827136925452,0.789238132705786,0.260928488626389,0.0486378572211829,0.0767927971373818,0.037023878018989,0.170162998230387
1,0.5,0.2,0.5,0.4,-0.2,0.819942706945687,0.615332872445398,0.178542522400415,0.545009889941327,0.404710060460973,-0.360572753024187,0.992889593822002,0.329848034241934,0.0421142719123165,0.0733458246589026,0.0394240313944733,0.145344201877134
1,0.5,0.2,0.5,0.4,-0.2,0.98356877903455,0.458480664424443,0.156237774819018,0.49616054070747,0.395005555373371,-0.230909957476201,0.642498232106669,0.212448045326111,0.0424325487213056,0.0684400686440077,0.0385117213728102,0.142586978015227
1,0.5,0.2,0.5,0.4,-0.2,1.0011814086667,0.465669628912237,0.166487968290256,0.510335671111268,0.411786521275579,-0.176806191605643,0.554849483489801,0.191091856191727,0.0426957199491665,0.0690564385048385,0.0373814148386251,0.149775764290351
1,0.5,0.2,0.5,0.4,-0.2,0.978308024910024,0.434498140927255,0.205298034233842,0.510448231770028,0.386165602331984,-0.30130659138604,1.31026967319379,0.424928789917059,0.0432012025408521,0.0724305451499672,0.0406131483380588,0.14916253671354
1,0.5,0.2,0.5,0.4,-0.2,0.9496403397896,0.493850860571657,0.242513113487894,0.462603628830822,0.377884946768293,-0.120328330375607,1.19705516797717,0.383726617031115,0.043462879444319,0.0706172028734145,0.0374783787411985,0.158544584515182
1,0.5,0.2,0.5,0.4,-0.2,0.945716578677365,0.505441600464806,0.240282551962303,0.529154730638428,0.394141790804186,-0.278279412239873,0.895316828834743,0.297728621296169,0.045084849923087,0.0698487732323804,0.0382828470440936,0.143337836204185
1,0.5,0.2,0.5,0.4,-0.2,0.990086045665128,0.523675779913272,0.176644863416084,0.386451076081016,0.399440714048525,0.0179177029312784,0.564695624818959,0.190190670322926,0.0465002607010531,0.0697125241256839,0.0382914576501703,0.169252500319382
1,0.5,0.2,0.5,0.4,-0.2,0.950742860336642,0.56775088944157,0.197072115438595,0.505080283481319,0.409742772967487,-0.182796403348438,0.563721869853691,0.18904316530141,0.0420466826776271,0.0737686416238989,0.0374823996259755,0.161866443129085
1,0.5,0.2,0.5,0.4,-0.2,0.980721329289746,0.44608861994858,0.187879983305811,0.437876688427334,0.363190119789696,-0.171270041492323,3.24314034505058,1.0297413023661,0.0498475411409119,0.0719871420135414,0.042014407971683,0.162292053769289
1,0.5,0.2,0.5,0.4,-0.2,1.13731499736494,0.283660103926304,0.0939237244943993,0.520312727034482,0.31912320545326,-0.231124720700657,2.13848808165213,0.600995247145223,0.0449048351862825,0.0732238288979165,0.0402542282989261,0.156118822257201
1,0.5,0.2,0.5,0.4,-0.2,1.00260701811463,0.46163030780584,0.19555538849334,0.393442944144281,0.36130134712877,-0.0271520332578841,0.817785830960586,0.253306301934333,0.0468881751836707,0.0709941500283795,0.037544449099494,0.166181831493002
1,0.5,0.2,0.5,0.4,-0.2,0.903844522223632,0.477790917058021,0.177656839186942,0.62397651713248,0.308469048929945,-0.43807421528783,1.27342973635755,0.349777820558762,0.0436743423295377,0.0779281991204493,0.037196237589341,0.147630074895003
1,0.5,0.2,0.5,0.4,-0.2,0.915012308075308,0.543918429719025,0.179407488425531,0.437832335284836,0.436786339961807,-0.14737098170652,0.674153013552618,0.244486957665291,0.0432655756715556,0.0709599106124822,0.0385420590860562,0.156981061672942
1,0.5,0.2,0.5,0.4,-0.2,0.8878515048214,0.559400879313219,0.191900639135248,0.674270741378971,0.428050365169961,-0.561650914232561,0.892656977700338,0.307208340899296,0.0390698594331632,0.0749400109682104,0.0391233615813954,0.134800947852034
1,0.5,0.2,0.5,0.4,-0.2,0.892956714693748,0.601371665821982,0.182231045384177,0.641496712602443,0.433786768928561,-0.48345264368081,0.815481128864432,0.279267285717031,0.0417865555955339,0.0782839337052524,0.0402262830653888,0.146109262940477
1,0.5,0.2,0.5,0.4,-0.2,1.06707079644216,0.42071444784783,0.28295621540174,0.450295014263582,0.360073554633693,-0.01059264888589,1.91636015156122,0.589774734424452,0.0427997701193857,0.0682622147937868,0.0367764638620639,0.161289556216645
1,0.5,0.2,0.5,0.4,-0.2,1.17376953127666,0.376137640456482,0.146762154418272,0.517761830872895,0.367166395944913,-0.168915554546073,1.26387744176535,0.391438738883287,0.0451433562365498,0.0799786046544256,0.0391537381203657,0.180325863372613
1,0.5,0.2,0.5,0.4,-0.2,0.990341444041562,0.545869792061771,0.188235364780565,0.603787649984749,0.428873935265562,-0.411039792535693,1.40601608985857,0.48358116629374,0.0434808927377456,0.0719503975522746,0.0445046086242168,0.137340744016699
1,0.5,0.2,0.5,0.4,-0.2,1.02254720390363,0.511281090655715,0.155065651353087,0.478909596266249,0.401747887504128,-0.124714309360378,1.01143400283492,0.3347105820089,0.0413619066989096,0.0674801481338986,0.0388034099407532,0.152309920293937
1,0.5,0.2,0.5,0.4,-0.2,1.10432224337984,0.471320186155123,0.25460749193629,0.569115733143446,0.451747289641481,-0.177238404191328,0.422082506223096,0.15545676397663,0.0407744081329827,0.0739370247037322,0.0374315989243756,0.160180342087162
1,0.5,0.2,0.5,0.4,-0.2,1.00417583348399,0.437962198780306,0.244239731592942,0.554047898734594,0.372080650607301,-0.265143225431579,1.19725803029948,0.387547132469882,0.041944604925404,0.0682964705575935,0.038310871183424,0.137847382749076
1,0.5,0.2,0.5,0.4,-0.2,1.02105670247949,0.408828073830774,0.239823135234377,0.436592232961708,0.36701154295556,-0.026607751423477,0.678650760864791,0.213864554059837,0.0435144457259333,0.0669424010614451,0.037143459259273,0.155793303952463
1,0.5,0.2,0.5,0.4,-0.2,0.809638692178865,0.572254454023774,0.24921063108516,0.396954188081153,0.40414497849951,-0.167254283738204,1.50829165681131,0.508921766727893,0.0496603598610205,0.0684863312438874,0.0393129888769184,0.150419145790526
1,0.5,0.2,0.5,0.4,-0.2,1.15015193377258,0.379752609170075,0.160892886012085,0.434018017869976,0.394932321674277,-0.0843928772659098,0.781619472959831,0.261358872340721,0.0440529486513691,0.072710958852058,0.0380098753958618,0.166342004878603
1,0.5,0.2,0.5,0.4,-0.2,1.01999088354373,0.562696780308439,0.151815417923151,0.481909783869934,0.456539752319351,-0.160553588025498,0.740721404260579,0.271918663436002,0.0421081016968867,0.0683978174188387,0.0386707841520077,0.147961991743538
1,0.5,0.2,0.5,0.4,-0.2,1.04850694925007,0.472266987950902,0.183622895078545,0.62149546520092,0.429164001595463,-0.44997075805332,0.914941220590733,0.308218583168531,0.0390540231257092,0.0708444786451805,0.0397117305322104,0.134081062748974
1,0.5,0.2,0.5,0.4,-0.2,0.990557255807696,0.505778733476291,0.169031695320965,0.458595827630204,0.383498158189827,-0.115265576675747,1.08623380470732,0.348212220841733,0.0450692743379351,0.073042187229798,0.0378083263636197,0.165797888862027
1,0.5,0.2,0.5,0.4,-0.2,0.810421930848057,0.692243082723077,0.232365960262389,0.525124655782569,0.455428918001706,-0.365157392771161,0.65705536070201,0.238379061834444,0.043203048234768,0.0795272409734138,0.0380085228325939,0.158847113879868
1,0.5,0.2,0.5,0.4,-0.2,0.971690112774115,0.599470013790436,0.133499805244011,0.594897467484064,0.425990586710271,-0.30178043261868,0.794514996040464,0.272747845025342,0.0382665306442505,0.0735173285587542,0.0377285285543207,0.150666161080491
1,0.5,0.2,0.5,0.4,-0.2,1.00203400247242,0.439319186702847,0.218319139651756,0.532540019343766,0.423304915634914,-0.346538281024993,0.726654958566157,0.246997586091076,0.0448029494567461,0.0772390368367435,0.0376657987366068,0.156270643240211
1,0.5,0.2,0.5,0.4,-0.2,0.799325953461576,0.55157889413235,0.221563175477288,0.442637880527612,0.409267961341235,-0.263773176737113,0.704425735216294,0.236501087345092,0.0455164345337444,0.0676559396780854,0.0384761055735228,0.139077315710306
1,0.5,0.2,0.5,0.4,-0.2,0.91576499237373,0.666086756952765,0.164712794679609,0.433764243936944,0.457532711019276,-0.0214579544960898,0.578358708574552,0.213126040685228,0.0453906051507863,0.0686988102603563,0.0375165828834303,0.163259499838971
1,0.5,0.2,0.5,0.4,-0.2,0.993566142774387,0.568807450375243,0.0659586114361916,0.638432693705761,0.444628474742085,-0.356792747969715,0.643557380250214,0.228999707092947,0.0383795506084839,0.0797215351040058,0.0379066849335414,0.160024159823112
1,0.5,0.2,0.5,0.4,-0.2,0.982836427744351,0.548664477794391,0.126234276441283,0.559091280304953,0.382316130830734,-0.300901631754038,0.611127598174255,0.192360634529979,0.0426033377374671,0.074183728807586,0.0377354714298453,0.152733217232343
1,0.5,0.2,0.5,0.4,-0.2,1.15031074494572,0.552864263853822,0.257011024928571,0.486174297782124,0.421209328654402,-0.0198323912740293,0.542476319717585,0.18894183969653,0.0421247232827334,0.0671922816321972,0.0372651571681664,0.157335504666458
1,0.5,0.2,0.5,0.4,-0.2,1.06055887281816,0.366433811549442,0.186165781803056,0.464304974135835,0.332179671304167,-0.0917896563059524,1.08228979253021,0.321439603885941,0.0464440298358135,0.0694556445859105,0.0363504701564645,0.157860484872138
1,0.5,0.2,0.5,0.4,-0.2,0.970981281145508,0.486934052209737,0.182408224976718,0.548763841568514,0.378779433457483,-0.296916148341615,2.21148215618061,0.706212401656983,0.0450911334538386,0.0746978910337985,0.0421974821821276,0.153953775942492
1,0.5,0.2,0.5,0.4,-0.2,1.05776493018584,0.486982421951489,0.123905774268748,0.483894201853093,0.379936409973309,-0.141943799072758,1.06397911672335,0.349206627410376,0.0453820355215615,0.0725519294980453,0.037482014991632,0.162716124236258
1,0.5,0.2,0.5,0.4,-0.2,0.945062251082343,0.437128375551212,0.217612720435929,0.547235473014419,0.356671700829029,-0.304715714465773,1.40946804362327,0.431014791939349,0.0446215852724506,0.0704302220192779,0.0395467000941864,0.141898110313746
1,0.5,0.2,0.5,0.4,-0.2,0.969856074409555,0.527005364055096,0.219206072264336,0.489602600203092,0.383422554785783,-0.134312677813489,0.672012070385822,0.219251652005808,0.0450065839120933,0.0796548118590863,0.0374968543098875,0.183459600942406
1,0.5,0.2,0.5,0.4,-0.2,1.01304732576151,0.502853145792945,0.106199733236519,0.56579716018536,0.399050293092067,-0.284659164188826,0.936652036018561,0.312218506218259,0.0412505323858696,0.0733522467724316,0.0369974245802321,0.151781372697563
1,0.5,0.2,0.5,0.4,-0.2,1.04790585533708,0.482276419962627,0.209407159153588,0.499970567465812,0.377430812452124,-0.160121053793822,0.999513402013165,0.325671935343433,0.0431683215733435,0.0728027609244405,0.0382247741829667,0.162348329430111
1,0.5,0.2,0.5,0.4,-0.2,0.909806433869516,0.660370499123211,0.219014668746598,0.511442363027697,0.437362668866313,-0.359743495893678,0.582509236672884,0.207175475563079,0.044333686982027,0.0770612019374358,0.0389841726057533,0.153010111264911
1,0.5,0.2,0.5,0.4,-0.2,0.953961720040039,0.483646253154509,0.210102219066407,0.475728233663394,0.444756303603055,-0.18286281460181,0.694744512250995,0.248366695914271,0.0414812017975856,0.0688003828011291,0.0375621566037335,0.147887308460035
1,0.5,0.2,0.5,0.4,-0.2,1.11525718273714,0.492701334855218,0.185441743189291,0.443600179741577,0.388736266929081,0.00334190202022256,0.738804534985149,0.243043652801905,0.0429580958542614,0.0700204727619401,0.03743204973135,0.168502603099458
1,0.5,0.2,0.5,0.4,-0.2,1.04599675307783,0.487409724804394,0.133205786781493,0.449175183788284,0.369714393234475,-0.0590706674199738,0.615182876055977,0.198542963395966,0.0445899081633837,0.0740397467526078,0.0367434785002158,0.177435119272652
1,0.5,0.2,0.5,0.4,-0.2,1.04256052204197,0.47791424832369,0.147272341846702,0.606504860391337,0.367929825840623,-0.367181155109967,0.989127520673059,0.30150942770566,0.0401150853182536,0.0745867415404009,0.0393732524158931,0.14753770111546
1,0.5,0.2,0.5,0.4,-0.2,0.980316048934231,0.419731223326384,0.239282129489703,0.575470706559288,0.426369926522448,-0.368620056148693,0.670223701989209,0.230386905358798,0.0414631287373599,0.0692661556011776,0.0391617794065544,0.13597522842518
1,0.5,0.2,0.5,0.4,-0.2,0.962521226176982,0.524009970782075,0.200382788992527,0.45934365767764,0.394104190710957,-0.167709492767805,0.799622161438114,0.265363617838862,0.04409065702831,0.0778704584176646,0.0391433112832607,0.175339039828656
1,0.5,0.2,0.5,0.4,-0.2,1.05858577630928,0.509838961426308,0.220305619418898,0.581346011481481,0.419231361972563,-0.262542878509967,0.979209446847729,0.335768191705631,0.0431620784737053,0.0796883813565425,0.039125468704635,0.171577959752485
1,0.5,0.2,0.5,0.4,-0.2,1.05038775585334,0.468777301105228,0.255883775538722,0.586297116773116,0.354105920572918,-0.316463895950055,0.687265201660804,0.210385351566922,0.0434506728702008,0.0725271306980859,0.0376681941058511,0.148067323618372
1,0.5,0.2,0.5,0.4,-0.2,1.0222169389137,0.553953536044662,0.233018315580493,0.663216323866565,0.438691477417004,-0.405335613124983,0.590969237674064,0.209443013432467,0.0380600046339676,0.0756440691665129,0.0391580414489262,0.145663345135464
1,0.5,0.2,0.5,0.4,-0.2,0.835650428674505,0.604158130072923,0.238801311253855,0.594077645250865,0.405956855207965,-0.506454847211688,0.79292952773936,0.262095079260767,0.043376792559008,0.075140454097246,0.0386765955903294,0.138146905722168
1,0.5,0.2,0.5,0.4,-0.2,1.00499432386071,0.482447614317283,0.237975501718541,0.562985354549143,0.355170516027715,-0.329117171586393,0.654126291177403,0.205907601096187,0.0465160872652813,0.073785539701433,0.0375183126893676,0.148969090237006
1,0.5,0.2,0.5,0.4,-0.2,1.03510873059074,0.417785844764909,0.195653863376078,0.504208766270078,0.370441929428015,-0.197904855081455,0.998920596596803,0.316341404191723,0.0443112220596926,0.0726762409546185,0.0384127203995326,0.156885363752396
1,0.5,0.2,0.5,0.4,-0.2,1.05422814615506,0.409773817088513,0.213533238226805,0.607269969530097,0.337406726782744,-0.358662307334457,0.672842564394665,0.196043933040585,0.0406905989227287,0.0772130289029675,0.0389994443700194,0.153155917206182
1,0.5,0.2,0.5,0.4,-0.2,1.00293572011604,0.467913661143555,0.195270650221394,0.521319679721497,0.430432689963303,-0.13776454400999,0.771445486246865,0.272736779864721,0.0394007003667793,0.0714618589640598,0.0390483946593442,0.161301811619609
1,0.5,0.2,0.5,0.4,-0.2,1.04062902010782,0.484179227306475,0.174703463825934,0.46885795593696,0.420984126845864,-0.145454567642223,0.870478336053751,0.300685255024282,0.0444616558881605,0.0708006026196523,0.0377765902068831,0.158128791501864
1,0.5,0.2,0.5,0.4,-0.2,1.04952988974125,0.409065271300276,0.247697795752487,0.51090048151269,0.345335399317295,-0.285181736272574,0.773585879047657,0.231929013873574,0.0467645048116544,0.0744538913332998,0.0369736946316628,0.15502311743657
1,0.5,0.2,0.5,0.4,-0.2,0.997894090985986,0.441481452197083,0.144999813762372,0.433092254362946,0.348223330417498,-0.0849758206302228,0.654463777916398,0.201526618011493,0.0477986629239506,0.0680944870781439,0.0368630465698978,0.155270394076152
1,0.5,0.2,0.5,0.4,-0.2,0.896372783762529,0.446582832805036,0.220593480166079,0.537335741204974,0.344329557821227,-0.393555968709813,1.02477267920538,0.308519977886827,0.0479357793286757,0.073053950679495,0.0387184086833009,0.142169585702047
1,0.5,0.2,0.5,0.4,-0.2,1.13405236364006,0.409202615614237,0.199748690555501,0.490863439523775,0.362607096087017,-0.135989199356081,1.40930849335048,0.440073401997415,0.0424340771111659,0.0690017353512459,0.0393001183457235,0.15391490917938
1,0.5,0.2,0.5,0.4,-0.2,1.10495764283294,0.39997714068873,0.184845919114513,0.365757650250484,0.369152582278876,0.14500533012792,0.651522189265932,0.20856324552513,0.0437571712856259,0.0646871726987741,0.0366539305931101,0.168588721818498
1,0.5,0.2,0.5,0.4,-0.2,1.01320753759516,0.446795622980538,0.0969523820757811,0.561452686067095,0.388971176987407,-0.354328787368089,0.730873236731959,0.240475313009871,0.0439450311106294,0.0698975837301469,0.0382857682042781,0.137479726970057
1,0.5,0.2,0.5,0.4,-0.2,0.97104673698475,0.447519656243183,0.24461440027554,0.420427960511336,0.382840875776964,-0.176187832013944,1.2448628814935,0.408931356783252,0.0491814358747016,0.0720234565143035,0.0368674810073522,0.158436460805771
1,0.5,0.2,0.5,0.4,-0.2,1.08172046358602,0.525146702448588,0.168346180446587,0.486858385574382,0.425643102523952,-0.0771795361861997,0.687674658314856,0.246509168466816,0.0403195506431802,0.0699390478917051,0.0380828169322138,0.160402320279107
1,0.5,0.2,0.5,0.4,-0.2,0.93020932928414,0.594776836221209,0.154381684645278,0.51057624674233,0.429416494222225,-0.314127498216915,0.643186277582843,0.224685493098297,0.0430642544979757,0.0691340932241268,0.0397785343171434,0.13674453079938
1,0.5,0.2,0.5,0.4,-0.2,0.931462978569186,0.605124005985037,0.190211307400426,0.343468320499376,0.436724686197092,0.133231801277304,0.59934347026992,0.219151522999444,0.0422950938714447,0.0684532282165926,0.0370070135015586,0.179227826649895
1,0.5,0.2,0.5,0.4,-0.2,0.969272794554653,0.538960539569055,0.207472770501123,0.483864528107434,0.399884443298931,-0.125733015174106,1.31378485031621,0.446191339048667,0.0431790658861906,0.0629374243627056,0.0405125432692361,0.140509002772695
1,0.5,0.2,0.5,0.4,-0.2,1.04458610051828,0.52038365874191,0.262041603987867,0.519527955368894,0.419482795595233,-0.178430614332832,1.2944828397021,0.463538456739938,0.0420034546914177,0.0726558344626712,0.0375531027963645,0.157946583373379
1,0.5,0.2,0.5,0.4,-0.2,1.01640769276469,0.578766003955523,0.174909086423668,0.419873497876737,0.430336743612836,-0.0578504238902079,0.494045089196725,0.181029418929915,0.0420576272855454,0.0682656333829437,0.036161799463251,0.157703832907691
1,0.5,0.2,0.5,0.4,-0.2,1.0464624825395,0.451218311759671,0.162104487594612,0.486845390674156,0.404875276847085,-0.145692684846283,0.63837002379409,0.220130249068283,0.0450463333561846,0.0706207755250219,0.0376218047883702,0.15599833542383
1,0.5,0.2,0.5,0.4,-0.2,1.0445132096215,0.446061164878887,0.243509717270768,0.554453278421131,0.385504984071264,-0.266535131403199,0.841023554403223,0.277638339017184,0.0447303480191937,0.0733959053629357,0.0366336234449792,0.15533321737803
1,0.5,0.2,0.5,0.4,-0.2,0.941130746204193,0.447861887677372,0.303708876535584,0.438438321917375,0.410740364281001,-0.158431698094576,1.69458465341991,0.561846714966442,0.0465904010400501,0.070068686054555,0.0425415448506013,0.152905699164659
1,0.5,0.2,0.5,0.4,-0.2,1.29295425389982,0.330800430114798,0.17494037564648,0.480685293569537,0.348024262685547,0.0262417455778808,1.36596567225775,0.423325847082969,0.0425083534315147,0.0693016719886172,0.0378623339260247,0.168399711354801
1,0.5,0.2,0.5,0.4,-0.2,0.937463315103454,0.596179721083352,0.301331364041286,0.421870862275966,0.420141786368273,-0.0514251394522451,0.644078940178335,0.226635410429369,0.0474560674157144,0.0686011446296369,0.0378035467713591,0.159219452598738
1,0.5,0.2,0.5,0.4,-0.2,1.08055319685087,0.386686339767211,0.212933070659407,0.493036393848886,0.352904117183124,-0.112808692178632,2.77500979235925,0.844397748093754,0.0438158978755711,0.0673110846240495,0.0403521592707942,0.148140423978056
1,0.5,0.2,0.5,0.4,-0.2,1.15471062235388,0.413434990968336,0.153957747552988,0.380758048452437,0.384292197215357,0.26332758970212,0.619150243109283,0.207264280687512,0.0406821686638918,0.061575384488894,0.037697390188168,0.168160151245209
1,0.5,0.2,0.5,0.4,-0.2,0.864971561445894,0.518778204559671,0.186282403993602,0.450485671118331,0.392949075629861,-0.222501256576763,0.789562459652339,0.2606478324429,0.0476268177484046,0.0722282537400501,0.03798458890666,0.153674447008602
1,0.5,0.2,0.5,0.4,-0.2,1.12157244908463,0.375823059708897,0.177769774364126,0.48045533867169,0.397400475687068,-0.0802908272437253,1.12669189457196,0.387607661075599,0.0435309761555273,0.0701969050562467,0.0374972923875659,0.160096076947906
1,0.5,0.2,0.5,0.4,-0.2,0.957226962600116,0.402573798546829,0.29484984186866,0.534724249081037,0.373699468955819,-0.363231993677923,1.91540695092188,0.601449616795001,0.0462011432891081,0.0764218840280496,0.0423935924237916,0.15453182062161
1,0.5,0.2,0.5,0.4,-0.2,0.966779118975185,0.650272924606687,0.153888145681672,0.557211500732603,0.406398931554179,-0.320930473677963,1.0934649201819,0.371256199343738,0.0442440938532248,0.0735037020407347,0.0393938785980211,0.150950976692941
1,0.5,0.2,0.5,0.4,-0.2,1.05212675522775,0.358602492049237,0.151121676804634,0.576214817802305,0.343460189449551,-0.281017431714886,7.5042611766547,2.19130156658191,0.0450024136870559,0.0772882328979902,0.0611298878823324,0.152233347722493
1,0.5,0.2,0.5,0.4,-0.2,1.14106048212683,0.440002657300994,0.204385280483734,0.482103604413477,0.426326657616186,-0.00196285661761855,0.518958364620346,0.18096409307504,0.0397099847239061,0.0685494864269859,0.0372528102109717,0.164282121168816
1,0.5,0.2,0.5,0.4,-0.2,1.05504408587778,0.494168986796998,0.228602391454318,0.391145665321759,0.431619814435595,0.011967902895611,0.846046701600747,0.304199665436216,0.0434413024311003,0.0695658873782177,0.0376973320888824,0.169274303199192
1,0.5,0.2,0.5,0.4,-0.2,1.02848315157292,0.456326479812778,0.203849875963555,0.489219726800483,0.380359574394931,-0.153143819369612,1.12996722409771,0.369738373864914,0.0422689828954625,0.0671720453640065,0.038058125350819,0.145360926265979
1,0.5,0.2,0.5,0.4,-0.2,0.970627152207967,0.609308221832751,0.186159960449277,0.493635494917635,0.435373206547743,-0.149127590661759,0.521075833395783,0.186630640003506,0.0408892729920463,0.0677528904663502,0.036876487877135,0.149865772256471
1,0.5,0.2,0.5,0.4,-0.2,1.01558281521207,0.540671858600919,0.20801537215524,0.534565653895398,0.434692503248058,-0.136215595131245,0.655974359105208,0.24022015687861,0.0415227705040241,0.0744768731445289,0.0374800401453857,0.170474201537075
1,0.5,0.2,0.5,0.4,-0.2,0.964148236208359,0.49219836295616,0.216850397249824,0.472106796551792,0.38124194475337,-0.178534119709755,0.887540868541661,0.287631392805442,0.0481442610178349,0.0703953312902672,0.0373418124988864,0.151674817929476
1,0.5,0.2,0.5,0.4,-0.2,1.02007657726195,0.518907261602134,0.229329872859237,0.456294835775373,0.427883966257661,-0.148769359096851,1.02674556397588,0.363439847508931,0.043527171677573,0.0683215739347667,0.0376719028070114,0.149240719501955
1,0.5,0.2,0.5,0.4,-0.2,0.986038086468635,0.575937056533633,0.155543338875479,0.516777252687521,0.418700595474672,-0.256125195691117,0.660367919605287,0.230191470885396,0.0434317799023144,0.0690925430029026,0.0383492272440683,0.143099246024449
1,0.5,0.2,0.5,0.4,-0.2,1.03261684719451,0.494855901084249,0.171629410646191,0.453706802573706,0.387570571889617,-0.0478007352566718,2.70665388599521,0.901264617248154,0.0446264578862257,0.0735935149663142,0.0392856538125297,0.172065009064479
1,0.5,0.2,0.5,0.4,-0.2,0.858028901225801,0.677507362612221,0.216605118878108,0.466975170236103,0.465852242018927,-0.149923106231877,0.768306681492576,0.277226180924936,0.0396726873994947,0.0722397597168894,0.0394210283804921,0.159866661264483
1,0.5,0.2,0.5,0.4,-0.2,1.22741493985721,0.327986547982218,0.145970418095805,0.392257755042841,0.427457760708107,0.222529935795632,0.657479664644194,0.234408166399709,0.0426784731024389,0.065910278615241,0.0363340160747412,0.179293854083719
1,0.5,0.2,0.5,0.4,-0.2,1.0700080351158,0.521451159445408,0.203704798505937,0.607110540675435,0.382885945693036,-0.296242268423038,1.10080663951581,0.35953853399829,0.0431487865896219,0.0730895204383924,0.0393203254076091,0.151433372449436
1,0.5,0.2,0.5,0.4,-0.2,0.918524331040876,0.555414774231173,0.19097608542454,0.527302933310455,0.43433029019639,-0.3124492830772,1.04101113851064,0.365883529822051,0.0456398183260557,0.0768958917976832,0.0403834449993696,0.160079346630424
1,0.5,0.2,0.5,0.4,-0.2,1.05697566528239,0.515068707481703,0.142712067912422,0.654673019460183,0.39898743752507,-0.415636693414688,0.969386785000677,0.315875765016228,0.0422254944323571,0.0799331010125475,0.0386290782537127,0.158151905186028
1,0.5,0.2,0.5,0.4,-0.2,0.837606397841241,0.72089425812174,0.243741897366392,0.476850673864416,0.47478519955673,-0.152258297588026,0.83502400643262,0.310653686684483,0.0411168111973053,0.0748600819235874,0.0381086141161497,0.169989785065741
1,0.5,0.2,0.5,0.4,-0.2,0.927994209112296,0.627269432680505,0.150477526152171,0.466831713437422,0.475632413328946,-0.0852928314263195,0.568087125635712,0.219727339078038,0.0400505296611531,0.071070720836351,0.0380245987341471,0.165891069443747
1,0.5,0.2,0.5,0.4,-0.2,1.0672373888486,0.40610532216565,0.182454587307697,0.509857559414456,0.411926100506391,-0.228092947882933,1.00570678837062,0.34403290556317,0.0416064899571023,0.0686282836497509,0.0392436458643215,0.145553649721222
1,0.5,0.2,0.5,0.4,-0.2,0.769909969860239,0.590863256480772,0.243440755093249,0.468814568225872,0.402207837028783,-0.316022653976806,0.858169770930832,0.287602308976163,0.0489236026325856,0.0774673871336875,0.0388017135856891,0.159829157257931
1,0.5,0.2,0.5,0.4,-0.2,1.0492172912349,0.397716595095353,0.219310669607333,0.537640449278069,0.414393345224643,-0.192378051566909,0.611259775142912,0.210246596932331,0.0436250394610906,0.0691716682134073,0.0382158744406686,0.148070578481969
1,0.5,0.2,0.5,0.4,-0.2,0.929994739386476,0.547905567215808,0.288983854545991,0.508663050721347,0.429720136380277,-0.301308962811057,0.520860529265154,0.182657664613162,0.0440799427413918,0.0667935144593775,0.037619062618494,0.13390819601977
1,0.5,0.2,0.5,0.4,-0.2,1.08419956686621,0.43494426798053,0.119578566098094,0.372096445041944,0.423672798281306,0.144454780616497,0.790290933858486,0.284005989730202,0.0429374781565889,0.0649761012130789,0.036390276851812,0.167739777358988
1,0.5,0.2,0.5,0.4,-0.2,1.11578451918027,0.446004206962434,0.192360689581396,0.568658315474975,0.381735058214315,-0.193845882815159,4.77868994962791,1.54097987446795,0.0407823658149328,0.0668110267394534,0.0579890564076432,0.160852071157051
1,0.5,0.2,0.5,0.4,-0.2,1.13194593557564,0.485643468060681,0.246259636725258,0.55379467114125,0.377251138275613,-0.153325845611914,0.925855972986894,0.292394613031446,0.0409572894919061,0.0738944623715426,0.0386695758491412,0.164812253062522
1,0.5,0.2,0.5,0.4,-0.2,1.01248487630749,0.46110073322502,0.182608686655039,0.423603281273659,0.413590011325846,0.0146367654540848,0.765309182631057,0.265353948840932,0.0430637937114482,0.0654983871565396,0.0371842272384328,0.158426679831719
1,0.5,0.2,0.5,0.4,-0.2,0.984101108835668,0.587887252916711,0.102751918655821,0.443330418931947,0.411334796968314,-0.0346311940781676,0.58846023827731,0.203047952382859,0.0438505239223351,0.0713355208324114,0.0365606317965692,0.16949557654936
1,0.5,0.2,0.5,0.4,-0.2,1.06223346731744,0.456549633542612,0.201762955969351,0.564298289706636,0.41067246379638,-0.234854611836364,0.869146952416174,0.296118986750801,0.0407176282118048,0.070779156178591,0.0391860182036058,0.150415940468933
1,0.5,0.2,0.5,0.4,-0.2,1.05121883524094,0.468528435302042,0.263717099802148,0.457857368392447,0.37888448043607,-0.10801028878272,1.46014623047022,0.472584553098788,0.0459567268809993,0.0735347334750362,0.0381763363208524,0.169167860646698
1,0.5,0.2,0.5,0.4,-0.2,1.02016316963094,0.55955128362902,0.207851938196568,0.574560211199312,0.439744345642615,-0.282100813496194,0.63383317371507,0.229680366849828,0.0417333778996564,0.0763841476092192,0.0368673262050995,0.16107819726686
1,0.5,0.2,0.5,0.4,-0.2,1.15780043113057,0.470109322496208,0.256928056622644,0.500851724301681,0.409770451777739,-0.0288191547027532,0.79248556608628,0.269649179013228,0.0402181334122959,0.0673206492052698,0.0382392797305643,0.15865028429249
1,0.5,0.2,0.5,0.4,-0.2,0.952834943043557,0.550109294690726,0.256610147192262,0.694489411567127,0.41494320937807,-0.547956051233889,1.24050086772195,0.419574886777807,0.0391401787750759,0.0772701374426364,0.0426936994798297,0.142748605439875
1,0.5,0.2,0.5,0.4,-0.2,0.995504762312481,0.552672039587141,0.147535900829648,0.566261196422916,0.454937718677867,-0.227017468498622,0.654577922270062,0.240812980789251,0.0404506925429046,0.0732227042743623,0.0367270415393096,0.156595880679042
1,0.5,0.2,0.5,0.4,-0.2,0.942372763782699,0.517512353412292,0.131014389700837,0.455099755079133,0.403525693785533,-0.13624809810567,1.08822112473607,0.362537684129687,0.0431410214139411,0.0703825557079381,0.0389022770142604,0.156028243683874
1,0.5,0.2,0.5,0.4,-0.2,1.09906458978673,0.381843773184287,0.170475134883501,0.537541482945041,0.374905493639618,-0.150967249020929,2.45675838133891,0.794465472624138,0.0406245414845389,0.0730978388219933,0.0425167530184591,0.160638401475778
1,0.5,0.2,0.5,0.4,-0.2,1.02027779706208,0.463452762646953,0.187589985533208,0.522100380120192,0.349806954030245,-0.265078156550544,1.39112456056887,0.428314170473501,0.0455405778103869,0.0688685895297244,0.0384280608818892,0.140579036538925
1,0.5,0.2,0.5,0.4,-0.2,1.01847682718153,0.541404868337905,0.203043652775358,0.483961113588867,0.430040689576554,-0.175189413617049,1.48477725047155,0.517934931819387,0.0427510521658763,0.0713984008330244,0.0419151426054882,0.161199236682005
1,0.5,0.2,0.5,0.4,-0.2,0.921072335185322,0.521104923046148,0.188204977882264,0.411344651243723,0.383956720364914,-0.01803286175377,0.722351555223041,0.234887724521787,0.0471288053681889,0.0693703212056416,0.0377376431056509,0.165421815528568
1,0.5,0.2,0.5,0.4,-0.2,1.05365105261003,0.480749352001435,0.0958409962216674,0.51059136649597,0.366465928628763,-0.206661976265459,1.24359267800987,0.396388478121597,0.0438251347064486,0.0714637049955511,0.037570639676809,0.153546109006135
1,0.5,0.2,0.5,0.4,-0.2,1.12340104384233,0.464656671478847,0.209519216418676,0.505029893525062,0.407279226374616,-0.131492170835627,0.795844097154664,0.263236742429069,0.0424678204159316,0.0694281670501621,0.0385736481709526,0.152462696374667
1,0.5,0.2,0.5,0.4,-0.2,0.996286925814908,0.426258936875183,0.254489606849099,0.614199313860673,0.348977067231711,-0.370874376143811,0.929070476032026,0.282888863621213,0.0438021665518009,0.079083885972339,0.038183786116027,0.158401925884145
1,0.5,0.2,0.5,0.4,-0.2,1.08251918071152,0.403454026926143,0.150726699941529,0.465646523178071,0.338013156347066,-0.0942420354270804,0.743330613890459,0.216790583379817,0.0424990717857403,0.0684895280925341,0.03728273976609,0.155681535175405
1,0.5,0.2,0.5,0.4,-0.2,0.91735315049572,0.485797146504085,0.129620058763944,0.526187922419548,0.389633382105456,-0.335067719376538,0.728101445558823,0.235996937359217,0.0448645251780298,0.0826258522575328,0.0385086613238309,0.168583799323714
1,0.5,0.2,0.5,0.4,-0.2,1.06794810766185,0.50413412945256,0.166105698575611,0.392706768821027,0.449664422201815,0.0665999025828798,0.674488358291129,0.250557904602434,0.0428466499879318,0.0714095130276503,0.038431958211314,0.180056216611458
1,0.5,0.2,0.5,0.4,-0.2,1.12370342027249,0.391375445487654,0.152122713297806,0.631439671673151,0.343994647784121,-0.403751263203615,0.688443773929199,0.199219113735945,0.0396332452797433,0.0707526831488357,0.0401840734580323,0.137105520382396
1,0.5,0.2,0.5,0.4,-0.2,0.935551298826135,0.485137509042051,0.222407482428115,0.48153531676301,0.371297111952367,-0.158477887430353,1.06755363543924,0.340227604639789,0.0451339228924205,0.0704680356184819,0.0374765809189983,0.156151437345981
1,0.5,0.2,0.5,0.4,-0.2,0.847972393596858,0.577692103454985,0.195568893074621,0.438868646972762,0.406231729609952,-0.219931561088584,0.68471860303685,0.233440265875862,0.0458328702647809,0.0701506974295516,0.0372555188109846,0.149937732824662
1,0.5,0.2,0.5,0.4,-0.2,1.13206499481278,0.375206336803795,0.210736622043588,0.535462523041849,0.368904298501738,-0.225106679301013,0.689769454186318,0.220291528497425,0.0445674576029081,0.0725428907403079,0.0380964610156653,0.155569150460204
1,0.5,0.2,0.5,0.4,-0.2,0.898279237085084,0.560898517471971,0.155412713469593,0.594493933636458,0.381879959287915,-0.399106371690138,1.03046152300175,0.327713358894894,0.0426398160638342,0.0775657889848315,0.0386988252194175,0.153197056363486
1,0.5,0.2,0.5,0.4,-0.2,0.851362871756197,0.582512155811827,0.211608548768799,0.516514518068171,0.454498102504858,-0.284651778431485,0.506750963636218,0.188996065342631,0.0410749776691474,0.0718088972844022,0.0399057378513981,0.14436090689262
1,0.5,0.2,0.5,0.4,-0.2,0.922329498306451,0.446141065668514,0.205026705498541,0.56297615491437,0.352783527172827,-0.368823231285863,1.92525982554118,0.590099000403249,0.045542270171181,0.0780471561661181,0.0391492200845033,0.154366537789693
1,0.5,0.2,0.5,0.4,-0.2,1.05120522189519,0.484520094078911,0.173769466899568,0.502528149319748,0.420035741367695,-0.219520967914315,0.915716725838188,0.315157313935731,0.043439497394655,0.0684982232605284,0.0393670967870735,0.145522315861885
1,0.5,0.2,0.5,0.4,-0.2,1.01951332248151,0.451286463913764,0.180961652592712,0.58091805925794,0.357469261772933,-0.308274525948988,1.16133087924855,0.360143903607484,0.0408176508577818,0.0667877332901911,0.037468502904509,0.133853455640198
1,0.5,0.2,0.5,0.4,-0.2,1.03878045729076,0.53884919814948,0.181245946846894,0.525986614365574,0.444119216878624,-0.237907458289949,0.833426164787252,0.294201886500635,0.0416957471049117,0.0729587658685545,0.0380117462571985,0.156708873499606
1,0.5,0.2,0.5,0.4,-0.2,0.905439115512891,0.558605128847894,0.149499927854577,0.431196721321016,0.460497707435347,-0.1211633171372,0.65603796461762,0.241873643288944,0.0449224688773156,0.071461168980066,0.0375632235379304,0.159777178271438
1,0.5,0.2,0.5,0.4,-0.2,0.767579454920712,0.579362700219594,0.228703397439293,0.447958113040981,0.400022064794233,-0.297602305608593,2.3171519330216,0.774906134091793,0.0493045418994934,0.0739105793660795,0.0428981173488921,0.15236648703656
1,0.5,0.2,0.5,0.4,-0.2,1.0576784779633,0.426357200920859,0.232020345336835,0.523486148487708,0.387728765226934,-0.218457707180556,11.0483941982944,3.55497769467428,0.043027004759051,0.0731576254136469,0.124148939869498,0.22201024536363
1,0.5,0.2,0.5,0.4,-0.2,1.01967559867434,0.511623152036502,0.14626568680323,0.587364779490878,0.40842534257605,-0.282598220327504,0.590681435648148,0.202058803993619,0.0435392433717522,0.0739208777439649,0.0364498665353835,0.153295436837591
1,0.5,0.2,0.5,0.4,-0.2,0.933152555949338,0.455165212800364,0.211414451283696,0.52929480938285,0.380199636697677,-0.329319802468105,1.443900704698,0.45721089336693,0.0440545244748301,0.0718349233292385,0.0398849118185928,0.145588271320813
1,0.5,0.2,0.5,0.4,-0.2,0.965450717615134,0.468907198825444,0.171044900144766,0.517027716882308,0.432912794613691,-0.284546786061708,0.732535705903729,0.254012286151152,0.0428413128996514,0.0697840192730693,0.0376679967997393,0.14483662285524
1,0.5,0.2,0.5,0.4,-0.2,1.0941238117601,0.354715961828422,0.160986184652114,0.430535048476268,0.33193778609148,0.00611395305892445,0.719919688671062,0.214837982608697,0.0442558315415203,0.0700505335021686,0.0371676009030392,0.16627276583079
1,0.5,0.2,0.5,0.4,-0.2,0.990362970615246,0.506638311542936,0.142704061184978,0.486290477588835,0.430118756208546,-0.0758971312262159,0.85544295925965,0.304849093755905,0.0421813613389205,0.0687103864687336,0.0374639578132849,0.158782787698813
1,0.5,0.2,0.5,0.4,-0.2,0.950246569814508,0.567172070342505,0.197959010913273,0.444870500254109,0.441596583398672,-0.108831758074695,0.60943213674214,0.220406313802656,0.0406958269974825,0.0667478469095041,0.0376358249750646,0.148201741987758
1,0.5,0.2,0.5,0.4,-0.2,1.08647602417505,0.53144721125995,0.222698456421317,0.486871909644274,0.44662781409706,-0.0623117882428492,3.64182437670795,1.31914615418712,0.0418009705232471,0.0792302175966551,0.0517336968946212,0.184499828311653
1,0.5,0.2,0.5,0.4,-0.2,0.785974493980512,0.683855066866391,0.124302352370329,0.526401029064559,0.41720939052299,-0.308181596851249,0.566513244171181,0.194784747652643,0.0426270389999445,0.0721335961453833,0.0393007358514071,0.14611433362728
1,0.5,0.2,0.5,0.4,-0.2,1.1363399487166,0.495821732359327,0.221007976353514,0.499726230711051,0.403394024303869,-0.0444646595519643,2.11342819356667,0.718729352016621,0.0428469032345733,0.0689609690614809,0.0404102152696755,0.16414051738786
1,0.5,0.2,0.5,0.4,-0.2,0.854763890674316,0.596184014080252,0.145039986845132,0.403463122137497,0.403864466649994,-0.0924060685633868,1.16559018570252,0.395327419720148,0.0486593139945815,0.0733845260429101,0.0381849258757714,0.171761131510179
1,0.5,0.2,0.5,0.4,-0.2,0.965335338911824,0.566572477787364,0.208066951760449,0.392953755433798,0.431910626768268,-0.0341349141867531,1.5726302995537,0.562475754413699,0.0440814151528047,0.0725324337487804,0.0392845770557778,0.172212605321958
1,0.5,0.2,0.5,0.4,-0.2,1.03712149963828,0.435123189689854,0.177436086893474,0.589585997435224,0.411910771644376,-0.389851641728188,0.700232842448932,0.240383819686486,0.0420328160495352,0.0774846963958134,0.0372220201628866,0.152445876924331
1,0.5,0.2,0.5,0.4,-0.2,1.13355933372163,0.4303875262116,0.23351520022126,0.477170055330269,0.403184087436517,-0.0160802616766086,2.03913319132069,0.69645679093479,0.0426651325599852,0.0704684669356489,0.0398088888312505,0.171901708854653
1,0.5,0.2,0.5,0.4,-0.2,1.33586344334196,0.293224322164858,0.151438070627486,0.535978842854095,0.326002435155908,-0.0428412435847696,3.24657742792383,0.928611090397244,0.0427595470583632,0.0744361848305665,0.0431004615571225,0.181012253287648
1,0.5,0.2,0.5,0.4,-0.2,0.77508871308422,0.700254606294085,0.182020142153041,0.60553917307512,0.456175636017213,-0.427189040307591,0.602709222882258,0.21546756837764,0.0385237203367361,0.0739024532333684,0.0386974362978219,0.141993440742865
1,0.5,0.2,0.5,0.4,-0.2,1.07733026178626,0.378998592895564,0.176612404176205,0.671469689659339,0.381892469464038,-0.509677175752381,0.599987763583302,0.190669290687227,0.0434841244401228,0.089742709440833,0.0378320906234986,0.17101510842746
1,0.5,0.2,0.5,0.4,-0.2,1.0864327660395,0.541184936380224,0.162138494193248,0.426227074516483,0.428949128258905,0.115262427365856,0.521967255102349,0.189009166067767,0.0416211128645271,0.0693296971540464,0.0359069102656519,0.18034541750705
1,0.5,0.2,0.5,0.4,-0.2,0.93348639935591,0.471732544568478,0.188212504609305,0.531408507274866,0.395459698853452,-0.315686534347772,1.17370645302999,0.370356819931333,0.0445964138579684,0.0738805031385375,0.0407844953741733,0.151424040995053
1,0.5,0.2,0.5,0.4,-0.2,0.970757664044799,0.496423177923234,0.227769851115458,0.472013833400394,0.383071341964938,-0.153879446974755,0.73260966804747,0.241819336781418,0.0425795752839941,0.0709755943982712,0.0364448896448031,0.155413626523589
1,0.5,0.2,0.5,0.4,-0.2,1.00314997758806,0.540707333672059,0.146075592674102,0.435727716406802,0.421251255766762,-0.164285768456863,0.949585588094989,0.340526364887864,0.043479861020426,0.0753164978313031,0.0371930949906019,0.169119514816055
1,0.5,0.2,0.5,0.4,-0.2,1.06873362146028,0.477892281944601,0.161365212110104,0.382238648859393,0.411648235340568,-0.0102339614729259,0.812542748733675,0.280317461093598,0.0445905205608255,0.0696327880287664,0.0370510359047679,0.166570830142518
1,0.5,0.2,0.5,0.4,-0.2,0.97667712348308,0.422927211456517,0.269536348431146,0.434077742866368,0.400479880419314,-0.0929445242457901,1.11796549192543,0.382946561127893,0.0436612941284997,0.0694245165939475,0.0378532098237843,0.155194595952939
1,0.5,0.2,0.5,0.4,-0.2,0.85836452003226,0.483480291238384,0.180079984507986,0.401984743306315,0.421601318594762,-0.150143377290504,0.592526911120367,0.211406650518168,0.0457627106461705,0.068993893592824,0.0379002361478846,0.152025713122637
1,0.5,0.2,0.5,0.4,-0.2,1.07176222511848,0.505048789867964,0.133306388734475,0.526661030432109,0.483934470534028,-0.205634866921144,0.479546554404647,0.1857841421732,0.0405216645904109,0.0712564057801993,0.0364927372617902,0.152869505500247
1,0.5,0.2,0.5,0.4,-0.2,0.838067008612442,0.681875251724887,0.242825067644724,0.622211380617731,0.46391540728383,-0.442972935860163,0.788132970975636,0.286136111571971,0.0441418523556563,0.0750729591771493,0.0405196260145283,0.14480185776828
1,0.5,0.2,0.5,0.4,-0.2,0.873270107259763,0.492473170692091,0.148341764241204,0.500152829731454,0.408929306815394,-0.332997961246955,1.40742481204381,0.478243919945432,0.047698647754783,0.0758457301378732,0.0397403038430554,0.153391077614788
1,0.5,0.2,0.5,0.4,-0.2,0.929837735297352,0.464073281965287,0.141574760367004,0.469247244267776,0.379746759955656,-0.236951011752587,0.66738647616336,0.220642170307028,0.0462410578422278,0.0702606629514739,0.037613171185946,0.147014823371443
1,0.5,0.2,0.5,0.4,-0.2,1.01766158557973,0.518204844369521,0.149888629088698,0.449923286015722,0.423567525578615,-0.138925804646128,0.547700589896326,0.190067872804558,0.0439858289372249,0.0713341291546025,0.0370161997876663,0.157089151435007
1,0.5,0.2,0.5,0.4,-0.2,1.05490640319106,0.553733062741459,0.266451515836016,0.459201809082816,0.434031974566841,-0.112104789083802,0.7546918182161,0.273076529713363,0.042484637345678,0.069340471990542,0.03699449877693,0.156090411700385
1,0.5,0.2,0.5,0.4,-0.2,1.01581518501266,0.462945147120256,0.136669645131066,0.540391885849701,0.364184913883741,-0.304551952137535,2.22336968892559,0.702486825058519,0.0445234854229714,0.0780337021584703,0.0426059366873861,0.165871271954013
1,0.5,0.2,0.5,0.4,-0.2,1.02397576281778,0.62149723992207,0.158936891065141,0.532679030958829,0.465096000714025,-0.244918432461089,1.07653883399394,0.394149122871234,0.0424169256883102,0.0729010888938387,0.0396149569007858,0.152565289296063
1,0.5,0.2,0.5,0.4,-0.2,1.18701604204256,0.437404938623362,0.137054534231936,0.489640991523084,0.403984923404947,0.0390230171114468,0.804230436648759,0.270498601446368,0.0398416756310984,0.066616054588345,0.0368359837709615,0.163027915960889
1,0.5,0.2,0.5,0.4,-0.2,1.08152033840595,0.475738194419687,0.0718324702631989,0.670825064753711,0.43543368168528,-0.384928782671157,0.518636573602248,0.181644537725913,0.0379293616580567,0.0733359507810529,0.0386490598194361,0.144555884374532
1,0.5,0.2,0.5,0.4,-0.2,1.10116895878776,0.446106636286485,0.183096037804983,0.51364971761397,0.379447905011654,-0.208466107064403,0.769753500381818,0.244585464973646,0.0426607613327191,0.0700052423379861,0.0373882464337875,0.148499811644228
1,0.5,0.2,0.5,0.4,-0.2,1.08089955589947,0.340722312449556,0.142245844304195,0.486676936847414,0.297331813931451,-0.221149563939328,0.826041602273489,0.217590837859477,0.0486589236840693,0.0688183576039225,0.0388306598467769,0.146084655098672
1,0.5,0.2,0.5,0.4,-0.2,0.883165183141966,0.54215642673637,0.173446330179049,0.502225634853525,0.437082541447846,-0.234761319370207,0.658153898659105,0.237440644730124,0.04511616844097,0.0725862223375148,0.0375562362097726,0.155960605057548
1,0.5,0.2,0.5,0.4,-0.2,0.910810612854388,0.512674633056371,0.238005069680831,0.411387793656377,0.419327423700609,-0.117731811589323,0.863677183395003,0.308828240012349,0.0469234953264419,0.0689622490481108,0.0384484278706344,0.152969921644989
1,0.5,0.2,0.5,0.4,-0.2,1.08981969493657,0.454448022545286,0.226997264311206,0.574942387699457,0.338952440202278,-0.265908316645373,0.700454647402409,0.204737273159464,0.0409249501098519,0.0698936753442672,0.038534976900162,0.144091917821441
1,0.5,0.2,0.5,0.4,-0.2,0.927525912195777,0.564585869902467,0.138546325540662,0.570767600135472,0.382284780400655,-0.394493423571438,0.607693475643685,0.192370843979206,0.0429671711091597,0.0735997357980825,0.0387910984411228,0.142953591634967
1,0.5,0.2,0.5,0.4,-0.2,1.04757096617158,0.356578414924427,0.205615830995838,0.606284410335066,0.33002030118257,-0.363369480772935,0.992779916499572,0.291549756626987,0.0423101937009619,0.0745701954166714,0.0373885899311821,0.150073267969804
1,0.5,0.2,0.5,0.4,-0.2,0.880053269164134,0.492166131740503,0.199910056225044,0.344110468611703,0.405908879717658,0.142780325758312,0.78116336714961,0.268380434695095,0.0458442702777647,0.0659872075602632,0.0366572058437463,0.169229633220921
1,0.5,0.2,0.5,0.4,-0.2,1.11516320447627,0.490722439915001,0.225859713692473,0.50405095318764,0.451705353709199,-0.137131832272454,0.737118924490503,0.271913758913897,0.0429144967922745,0.0705548718802118,0.0383439461644849,0.157099460401923
1,0.5,0.2,0.5,0.4,-0.2,0.881631482468885,0.687075912760782,0.210295257291206,0.406826272696966,0.464786361039557,0.0160373974696079,0.551304178948322,0.208685557462874,0.0413081803824663,0.0721743655355427,0.0363155540688593,0.178403115622447
1,0.5,0.2,0.5,0.4,-0.2,1.05838895752985,0.513076734102894,0.182068693149125,0.423253904060793,0.424012637830747,0.0550876794037238,1.17584499092469,0.407673787467062,0.0422346037242516,0.0677253180412908,0.0395156444241278,0.170970650808196
1,0.5,0.2,0.5,0.4,-0.2,0.950232424188653,0.551523021362869,0.165010381578569,0.501873170165269,0.41213455898253,-0.195730657769068,1.47479120850396,0.494650598237357,0.042446787176364,0.0761832123930686,0.0397765410088723,0.165207429620002
1,0.5,0.2,0.5,0.4,-0.2,1.0077770722327,0.539859177383669,0.206257619149175,0.463245014801003,0.415823823032702,-0.0742778372797744,0.727730440064619,0.249893368273074,0.0428443530542632,0.0660835781040635,0.0375529549121847,0.151692526338287
1,0.5,0.2,0.5,0.4,-0.2,0.922470989811043,0.531407040878635,0.224577489368426,0.632591027027172,0.416812324976579,-0.445247570843001,0.959969525615773,0.327305096774383,0.0421501440097391,0.0761899760370273,0.0417777198678009,0.146418110783518
1,0.5,0.2,0.5,0.4,-0.2,1.07890442606005,0.42534566940271,0.25199864794249,0.388065706383915,0.376850527682062,0.00469673428006205,0.695351409867503,0.217912727467296,0.0436713071885168,0.0672910394469608,0.0379566021015745,0.159086998013953
1,0.5,0.2,0.5,0.4,-0.2,1.1227486659468,0.37309436728679,0.172485132612333,0.473298092426014,0.38483892736507,-0.0933276732904983,0.838913507388267,0.267681860697226,0.0466965623674109,0.0712645342900839,0.0385162396249803,0.164696299990949
1,0.5,0.2,0.5,0.4,-0.2,0.999735124455548,0.522811169887095,0.122585550614197,0.454000926378537,0.4321777060732,-0.184870353216906,0.660743261048305,0.240402435983896,0.043123299717968,0.0709627181346459,0.0382149632592359,0.156319810016625
1,0.5,0.2,0.5,0.4,-0.2,0.961675985325221,0.509798978089369,0.218322104927889,0.514295640819578,0.380732245308002,-0.24083235490039,1.14177004333847,0.371766474799804,0.0441413064214862,0.0718847179410785,0.0388166181451471,0.153129644452074
1,0.5,0.2,0.5,0.4,-0.2,1.19221377009859,0.328871935505029,0.193568320018895,0.526776513757607,0.367761474038243,-0.147534902041949,0.611120838563763,0.191635284439649,0.0428963548373228,0.0673228243674005,0.0374034407020717,0.146361519125225
1,0.5,0.2,0.5,0.4,-0.2,1.09119696423485,0.401798311431611,0.203605538493686,0.469090787188016,0.353510531046799,-0.0722080779632734,0.748449646494498,0.231338536896898,0.0461186260656091,0.0708196703388901,0.0388439060162321,0.164990147598737
1,0.5,0.2,0.5,0.4,-0.2,1.01017415931251,0.461136712888321,0.184007613388232,0.526400397801831,0.35230084839521,-0.243451821041591,0.802059762828243,0.246492417117745,0.0449323032831418,0.0696309066629999,0.0390549534118559,0.146829397907179
1,0.5,0.2,0.5,0.4,-0.2,0.918042800812006,0.387452699082602,0.122271983247547,0.416588862168181,0.343405529811603,-0.155624798952797,0.909519551771772,0.278227373196644,0.0491757622169583,0.0696906893393608,0.0365682646826311,0.154507690024516
1,0.5,0.2,0.5,0.4,-0.2,1.13458172938248,0.36613415324923,0.240848872726951,0.427080428807139,0.344634304117213,0.0112819168446303,0.729140728432813,0.223585605379803,0.0447326666542173,0.0670489903179314,0.0383004393472726,0.157173650979003
1,0.5,0.2,0.5,0.4,-0.2,1.06030429453664,0.572816725566482,0.232326588499117,0.420112710016948,0.496172532430054,0.0520439274192473,0.426867685077762,0.166968576432021,0.0405065803446836,0.0670661748173571,0.0375518346756422,0.163163203408178
1,0.5,0.2,0.5,0.4,-0.2,1.03222188525609,0.590241025543333,0.234014180071438,0.506102054019595,0.429446018883295,-0.0627993070025435,0.696308214727028,0.24583823904171,0.0395859740223806,0.0682117883681946,0.0384180307875897,0.159042373102627
1,0.5,0.2,0.5,0.4,-0.2,1.03306502445796,0.512850505212007,0.195316018959151,0.582496574001951,0.418680979276076,-0.259291274477659,0.725873783159057,0.250259022601309,0.0405237776825979,0.0676641145632605,0.038519350810581,0.139682110218647
1,0.5,0.2,0.5,0.4,-0.2,0.978223915952124,0.546909996367195,0.177506043655163,0.498204301344825,0.425046453624066,-0.188524669919895,1.07698665300983,0.387479841447584,0.0423638740190267,0.0718917336744293,0.0379927540297411,0.157403808375867
1,0.5,0.2,0.5,0.4,-0.2,1.05361710449595,0.609814591386585,0.12935839553867,0.49349242941924,0.471263039518765,-0.134368688235897,1.3272974601573,0.491676864481772,0.0414762133971677,0.0725702464526879,0.0429390986698257,0.158658969634729
1,0.5,0.2,0.5,0.4,-0.2,1.09796300169508,0.440624691912051,0.187779401066533,0.451322110922507,0.354535131556255,-0.0139947423953136,0.884256129576474,0.276920128930729,0.0427926563087397,0.0708058346538035,0.0368522623173454,0.168124099444801
1,0.5,0.2,0.5,0.4,-0.2,1.04849980498446,0.448098672986294,0.220214788954979,0.57364348441559,0.412264202975732,-0.328833382064211,0.730961176748132,0.246470024901474,0.0417209923996522,0.073182228097554,0.0382991358792137,0.147718422691807
1,0.5,0.2,0.5,0.4,-0.2,1.03615749275367,0.480912031692521,0.208611426563947,0.539611278069503,0.387156409163991,-0.231608358943765,1.08732663974623,0.34743838189076,0.0410386142388433,0.0729770178712406,0.0386901528576616,0.157390571898886
1,0.5,0.2,0.5,0.4,-0.2,1.0056965750137,0.560879245069252,0.186796266655669,0.526498006122165,0.411700700535787,-0.178948460269448,0.624424793382451,0.21949589211085,0.0370010019865448,0.0683450467892294,0.0365481375059136,0.146578673561134
1,0.5,0.2,0.5,0.4,-0.2,1.05070298557582,0.528122123884968,0.145164957011506,0.473643401087739,0.421469729156006,-0.062546569322036,1.15416702834622,0.402033770023312,0.0443836617890757,0.0703414087669885,0.0380220455630608,0.16268626970616
1,0.5,0.2,0.5,0.4,-0.2,1.09427478077383,0.384190679253381,0.155368625155814,0.519431795670966,0.359516618955811,-0.282205145466221,1.93984631796945,0.604247351186533,0.0449044491629016,0.0735694939641044,0.0408245287575796,0.151353351551845
1,0.5,0.2,0.5,0.4,-0.2,0.984190006630623,0.56385748849508,0.220348225721012,0.410648253100373,0.383470705744125,0.0310835243486007,0.809223578545205,0.265426102807745,0.0443271100686347,0.0670149228483227,0.0370598202453882,0.163042367916474
1,0.5,0.2,0.5,0.4,-0.2,0.958195567174009,0.412342085126468,0.260416200306935,0.418816350718778,0.388905356557206,-0.131093891251149,0.915120373068701,0.309722390208515,0.0432247442646297,0.0753605143646566,0.036996216427615,0.17312974662127
1,0.5,0.2,0.5,0.4,-0.2,1.04030733461591,0.504062379540231,0.174609587598748,0.535257983229386,0.419806082591453,-0.207787647414536,0.734681999449977,0.251429703318625,0.0415576819582523,0.0717744525167952,0.0374825544757428,0.152012181242138
1,0.5,0.2,0.5,0.4,-0.2,1.01123316683981,0.520871886624801,0.149265746429545,0.595243914474866,0.391326585771388,-0.360932479309703,1.57136790116228,0.519488674469405,0.0437836221609256,0.0661001279000889,0.0410558850097711,0.129242621159804
1,0.5,0.2,0.5,0.4,-0.2,0.955888316796611,0.477903674232205,0.154770506819381,0.428721442392916,0.395340074231323,-0.0373019879485463,0.639257849482911,0.214854430697409,0.0466011865506447,0.0697757048019358,0.0372273336369024,0.165680246368507
1,0.5,0.2,0.5,0.4,-0.2,0.89855587519871,0.635929787725072,0.104593060276912,0.413536031134755,0.474387464790593,-0.0431251841349067,0.805735065383501,0.311323528822462,0.0433696624630583,0.0709509158447265,0.0380890221037333,0.168074267960409
1,0.5,0.2,0.5,0.4,-0.2,0.996875020925069,0.484607330299544,0.241505360611068,0.58541985396738,0.372978014479494,-0.396609770403102,0.594715999506172,0.187067892843777,0.0438917806438929,0.0762268266952335,0.0369212566415345,0.149625702330511
1,0.5,0.2,0.5,0.4,-0.2,1.03921014609525,0.509959240028486,0.179680144340435,0.511325941502848,0.401012678418873,-0.191621951442349,0.715850882312291,0.240264955337997,0.0422882982734861,0.0743995305647197,0.036801114055876,0.161167491571435
1,0.5,0.2,0.5,0.4,-0.2,0.867067023588238,0.628606389562192,0.143474200345038,0.549706043198862,0.429786205022298,-0.347919052475183,0.575381904490692,0.20394314682376,0.0423413282144469,0.0697948019146211,0.0383115093733355,0.137477912552591
1,0.5,0.2,0.5,0.4,-0.2,0.837893228701063,0.687026468995001,0.159759456460287,0.467585034756428,0.443164540104672,-0.200816037184692,1.53236590011579,0.564000439526213,0.046353615713471,0.0694242450048513,0.0396165096835105,0.144236688964887
1,0.5,0.2,0.5,0.4,-0.2,1.00965534810486,0.4656265378787,0.192383980787191,0.479401766857949,0.367094617400685,-0.211790557971068,1.30329095441035,0.404515932721202,0.0450138546261191,0.0681362967101507,0.039475989892367,0.146043406047486
1,0.5,0.2,0.5,0.4,-0.2,0.752597530835849,0.603703630626529,0.172980902147393,0.501339950555341,0.385770950431061,-0.393429793467771,0.742235189527482,0.238209492624374,0.0455891348399314,0.0719201040977832,0.0380326693126186,0.139153234789165
1,0.5,0.2,0.5,0.4,-0.2,1.06367712067176,0.466323682375002,0.172339522505461,0.583359637041473,0.434981377255612,-0.259280759149068,0.680319084746137,0.237533835910398,0.0405261608658067,0.0729079536565274,0.0364874113000866,0.153643038462144
1,0.5,0.2,0.5,0.4,-0.2,1.04423327624017,0.554135325598245,0.162049320334263,0.485357775426265,0.424839417494829,-0.185352927672293,0.590726993326187,0.207897651015229,0.0436528613044753,0.0708397890815674,0.0365018328737198,0.155266181250924
1,0.5,0.2,0.5,0.4,-0.2,0.927341362157724,0.549046272884188,0.158849490778655,0.380397467354583,0.466550174677733,-0.0458718438589057,0.60987150482449,0.231480238710408,0.0458858986138075,0.0659805251688946,0.03712736185252,0.150761817687522
1,0.5,0.2,0.5,0.4,-0.2,0.981835336000179,0.491769230548738,0.179483430767208,0.470255230717114,0.373977486849049,-0.165841124558438,0.595037198211686,0.190863509777918,0.0458324102864339,0.0692686540980933,0.0376042461255014,0.151266539202816
1,0.5,0.2,0.5,0.4,-0.2,1.05253268100571,0.459011733836719,0.20755687164766,0.517173065781271,0.469947177669887,-0.140669327582028,0.493918524308849,0.184850366678259,0.0402329119295952,0.0710585777317296,0.0366162267231117,0.158124119467109
1,0.5,0.2,0.5,0.4,-0.2,1.12153469751685,0.459044505899073,0.240022238647167,0.507465977482817,0.454198796724037,-0.106204843275204,5.41168308291405,1.98314327352696,0.0455449432918858,0.117795903130482,0.058836570592776,0.206171961172497
1,0.5,0.2,0.5,0.4,-0.2,1.19738610343312,0.427090957448194,0.184159717415359,0.56320690190955,0.396263252907235,-0.0522851671626063,0.646487845775897,0.217254942806029,0.0391998837303887,0.0715255525291793,0.0361260721288725,0.169653951063074
1,0.5,0.2,0.5,0.4,-0.2,1.11865543104379,0.464975902013013,0.198629924185161,0.520412964154435,0.404862568152492,-0.164091006169956,0.729047881851353,0.250544694119094,0.0419129944893701,0.0693671580969266,0.0367685016441478,0.150023779373674
1,0.5,0.2,0.5,0.4,-0.2,1.01843488791468,0.460655566569638,0.272101462594105,0.512710866264261,0.369430683949998,-0.235557834722424,1.10519046951049,0.349805414807862,0.0450089539426862,0.0704972535815871,0.0380118190396139,0.149934853798781
1,0.5,0.2,0.5,0.4,-0.2,0.891931813044632,0.526297323005149,0.117709435826408,0.400448851014514,0.38235751865527,-0.0446027839021313,0.61118626789052,0.198317855833078,0.0474164649161602,0.0688584370656638,0.0380395016253574,0.160227304884047
1,0.5,0.2,0.5,0.4,-0.2,1.02092028228061,0.458093094090173,0.346275812715622,0.445905860134964,0.399299772778183,-0.0432053919956241,0.679829552195081,0.228441520626105,0.0455094884047797,0.0674023837122763,0.0377422950499415,0.155410287526714
1,0.5,0.2,0.5,0.4,-0.2,1.08765750805307,0.4192182119265,0.196665071823686,0.597391931609356,0.370886351088382,-0.345388212965422,17.4140975670562,5.41899608798322,0.0454206358739149,0.135167135329706,0.174124316861381,0.182541430782144
1,0.5,0.2,0.5,0.4,-0.2,1.09021588641758,0.540577658163122,0.226572934364148,0.43369187840704,0.389765737661328,0.0565740049297268,1.32346505129814,0.439029261528935,0.0437493477577484,0.0688049476828273,0.037743284021706,0.169693925577963
1,0.5,0.2,0.5,0.4,-0.2,1.09193126571762,0.429367497910279,0.175934701354408,0.481056172775661,0.391454850749149,-0.0491571384138731,2.7255249722149,0.885287110761377,0.0437235465786902,0.0690508369045757,0.0474059564476208,0.163303357941592
1,0.5,0.2,0.5,0.4,-0.2,0.972165276796686,0.473685629099918,0.260583382701248,0.517554184218417,0.365257134755624,-0.259270910978465,0.833553116718052,0.262840003199014,0.0447505874227093,0.0737814249579095,0.0378651220323291,0.154218324588532
1,0.5,0.2,0.5,0.4,-0.2,0.982409191830857,0.567056923965875,0.209052297113815,0.486044560671924,0.432727440051263,-0.162285294465721,0.708912000996449,0.248301866818332,0.0416454530517441,0.074388455683339,0.0379184444519682,0.166215169168316
1,0.5,0.2,0.5,0.4,-0.2,1.01713586490801,0.444214621434584,0.176048800009485,0.552137243129375,0.363755240558967,-0.346156798399503,0.705933177989618,0.219955903313227,0.0446383153189765,0.0708484466286321,0.0385559138203497,0.14118193342445
1,0.5,0.2,0.5,0.4,-0.2,1.13359897160609,0.436248580149653,0.158826830445982,0.509381756090953,0.4171304123219,-0.164044780249821,0.560099835682715,0.196111425565448,0.0410917251123253,0.0720416763571227,0.0379068729745065,0.15629151053507
1,0.5,0.2,0.5,0.4,-0.2,0.879760153237847,0.701210438911567,0.246284136279901,0.481824369201687,0.50509832481463,-0.13583020611086,0.639839856775857,0.257119241839535,0.0404943967955761,0.0693653602096545,0.0369745072003282,0.156133822022762
1,0.5,0.2,0.5,0.4,-0.2,1.13109722491195,0.400922474908052,0.169079513216628,0.608710738934752,0.380660251168782,-0.38857586712181,1.03581641996847,0.320510627622853,0.0428877128911938,0.0766729144967703,0.0411361559318024,0.149460403422187
1,0.5,0.2,0.5,0.4,-0.2,0.921862420094438,0.577538974667527,0.208895538462595,0.598205146140176,0.447637267394313,-0.316233693270658,0.550476982141786,0.196856407653515,0.041216617663422,0.0763627010445522,0.0375101863896081,0.158418525422053
1,0.5,0.2,0.5,0.4,-0.2,1.02226311001561,0.445341916776548,0.165905927858745,0.518079599596661,0.395621466522121,-0.273019117242977,1.18357491478589,0.39992034645198,0.0451567853481162,0.0687751992257638,0.0382166602917464,0.143190236805496
1,0.5,0.2,0.5,0.4,-0.2,1.13810296943787,0.561501855124123,0.20855233114759,0.429137224846108,0.464489087348796,0.0811135520231541,0.599710925313196,0.227324753666936,0.0408088877174959,0.0724637481518735,0.0372982529063241,0.188661737926514
1,0.5,0.2,0.5,0.4,-0.2,0.965534568827923,0.518088759115215,0.220598810728917,0.45658179195613,0.421141836633938,-0.0502245643498934,0.640769616326651,0.222879474343762,0.043774233885159,0.0684306493069306,0.0368435486217645,0.159455364181561
1,0.5,0.2,0.5,0.4,-0.2,1.22186663989083,0.473860344718922,0.264964669709644,0.564458687409916,0.417646823189545,-0.0782364683963298,0.525062000955823,0.183036811066191,0.0373207994855716,0.0681762602817261,0.0379960843343324,0.155418677592191
1,0.5,0.2,0.5,0.4,-0.2,0.931322447239886,0.45998512182594,0.236970472066078,0.629960635709609,0.405988314859622,-0.489919578828713,0.657173391047889,0.223957151195953,0.0422915370472329,0.0810345733491322,0.0373920922841696,0.151684035304928
1,0.5,0.2,0.5,0.4,-0.2,0.895071120272743,0.570428792598227,0.223664535976245,0.516981476065538,0.369995144724922,-0.246174032595233,0.787626383323583,0.252198478665458,0.0453872573097435,0.0731901964506733,0.0368402080726853,0.155099496725358
1,0.5,0.2,0.5,0.4,-0.2,0.836058088706477,0.623209009002039,0.207960766824234,0.459979827722134,0.435411644821778,-0.236625338642277,1.20208010457658,0.422949624742199,0.0439511052473145,0.0708016574074294,0.0397242003380726,0.150157339340816
1,0.5,0.2,0.5,0.4,-0.2,0.930375287864411,0.605038489948239,0.161757638709591,0.490710781390412,0.436014612578948,-0.1663647554843,0.722266631980882,0.255582736932883,0.0423120988739011,0.0694613911593809,0.0379427154789105,0.152395568655125
1,0.5,0.2,0.5,0.4,-0.2,1.01397674975376,0.466185309977097,0.217265331025623,0.572373416778807,0.416245665138382,-0.311963704452081,0.520752689284765,0.176573218489533,0.0428982347900384,0.0700984476701034,0.0370046181225589,0.141167201161964
1,0.5,0.2,0.5,0.4,-0.2,0.996742971901772,0.53330574569533,0.258877016811005,0.4521041741644,0.451785865873683,-0.0827806412086385,0.603494237071402,0.223261855550133,0.04388844902731,0.0708092115408521,0.0378442920670797,0.16412490687135
1,0.5,0.2,0.5,0.4,-0.2,0.929261466742026,0.537577012907919,0.218447824004626,0.484986355204862,0.412385908749467,-0.164034466448366,0.617145615960231,0.216194803768836,0.042855437803723,0.0739899429292412,0.0364094109685643,0.165757801414319
1,0.5,0.2,0.5,0.4,-0.2,0.981327881929975,0.483093547525458,0.258370237598646,0.509940693161458,0.374991433522862,-0.324571967597101,1.43329850495767,0.448167113488491,0.0502489785027391,0.074254791774703,0.0399821079152855,0.151655002466071
1,0.5,0.2,0.5,0.4,-0.2,1.06273781742306,0.529780024230962,0.189616893430955,0.410234330977292,0.407485292038992,0.0370793993270075,0.624443638222816,0.217081911589721,0.0448711516496232,0.0635959007249195,0.0375201960268274,0.150753055516598
1,0.5,0.2,0.5,0.4,-0.2,1.19819007429793,0.458590171208302,0.173191931277104,0.49851590296495,0.466227630325011,-0.0564501812592473,0.455847233706895,0.171062755328103,0.036242748058982,0.0738330494531188,0.0368597012892172,0.173745612353195
1,0.5,0.2,0.5,0.4,-0.2,0.99702468121337,0.507870535068848,0.294803499240615,0.549547948740132,0.41053000668225,-0.273339067094038,0.816864769790715,0.279310362924059,0.0440991087429925,0.076032399470987,0.0365728209926796,0.162153085242054
1,0.5,0.2,0.5,0.4,-0.2,1.021763215616,0.477690653631917,0.258774176910639,0.59197018371693,0.383669169548354,-0.346958368188871,0.748129393746536,0.244868395799906,0.0439105763701335,0.0739439869644927,0.0374156724366841,0.148586639326745
1,0.5,0.2,0.5,0.4,-0.2,0.89455208699369,0.488057837171623,0.219119397053722,0.463018406452662,0.376991753694376,-0.201729503114085,0.939879189617845,0.298831267266828,0.0430407439800679,0.0708445944333741,0.0369833543320322,0.150944740119314
1,0.5,0.2,0.5,0.4,-0.2,0.983586753735171,0.568721175251852,0.243335701800207,0.458928007827757,0.454644774809558,-0.185847894639103,0.740829007346499,0.279724606550482,0.0452097420400478,0.0713718772919884,0.0367928370332557,0.155923864428035
1,0.5,0.2,0.5,0.4,-0.2,1.17837863733422,0.437436037415866,0.206951823150356,0.415176388831913,0.393723815237678,0.0679284868714606,0.5605983270811,0.190606784141072,0.0422607074795686,0.0694133251945614,0.0373464152974311,0.173925432025036
1,0.5,0.2,0.5,0.4,-0.2,0.833530933974472,0.622392381502914,0.244898780476366,0.396029212091987,0.452410365329802,-0.0562661582271034,0.649744350685919,0.239222734695166,0.0426248285971205,0.067115360059644,0.0375003906979144,0.155984366870131
1,0.5,0.2,0.5,0.4,-0.2,1.23814839256714,0.381816288867653,0.200632243295731,0.526408834041087,0.415913860082973,-0.0776349743318657,0.752696678849126,0.262105275505042,0.042434304866494,0.0762335503987613,0.0366140679837953,0.181034430513599
1,0.5,0.2,0.5,0.4,-0.2,0.859859566473022,0.58529913397181,0.174868701899345,0.565250418218071,0.406357519207684,-0.390945543193129,1.52247242929211,0.506633151094991,0.0437302190307982,0.0715294748175415,0.0421252660028424,0.138235533254251
1,0.5,0.2,0.5,0.4,-0.2,1.02210765131952,0.463616570253147,0.201882662169689,0.566961047019761,0.436522238746886,-0.338438999075974,1.19878246966924,0.421252198640622,0.0414932485080693,0.0728162391984938,0.0404955795111055,0.146494425033482
1,0.5,0.2,0.5,0.4,-0.2,0.997582186200886,0.516573484421157,0.234238186060579,0.660354708188425,0.42351046827321,-0.494257951362445,0.698700723194772,0.250673784462983,0.0439680848126517,0.0769866618840365,0.0380084716839135,0.145133627478456
1,0.5,0.2,0.5,0.4,-0.2,1.14397135702076,0.399743888696327,0.245907248708543,0.517042997945259,0.391364268971058,-0.198587629988424,3.85188298643816,1.27609521366695,0.0408164924394297,0.0766359615622509,0.0433547495952205,0.155313913349197
1,0.5,0.2,0.5,0.4,-0.2,0.879559344749371,0.451835507454527,0.206169630315381,0.535275894722487,0.377245536893245,-0.381314869342913,1.02051400195891,0.323220289065467,0.0438085592635638,0.0718802355942908,0.0388031363625187,0.141693883565842
1,0.5,0.2,0.5,0.4,-0.2,1.17772935283449,0.38454799624232,0.260456005095019,0.483541710761933,0.349492939737163,-0.0699054338416287,0.908490149711013,0.277567191546109,0.0450623352573106,0.0693627611792337,0.0369883063575037,0.16239657764717
1,0.5,0.2,0.5,0.4,-0.2,0.980450380612635,0.543365912796924,0.303892168688817,0.534476666942975,0.47861785181477,-0.173652405522145,0.677937758495564,0.256025279975762,0.0380120382286323,0.070851764822323,0.0394398891214216,0.154525176727319
1,0.5,0.2,0.5,0.4,-0.2,0.993156548930278,0.543908020253938,0.280548206455399,0.502692672391717,0.404846429184167,-0.1238778753731,0.670761881793514,0.231081268006278,0.0419895257880302,0.069282595097228,0.0382464397158484,0.154668849364242
1,0.5,0.2,0.5,0.4,-0.2,0.936629225085653,0.533955890458991,0.253059467427688,0.627695653213277,0.440971292131672,-0.400849363839273,0.592920853158984,0.209606680056923,0.0388737668946441,0.0770706663649126,0.0381158091899746,0.151515235233034
1,0.5,0.2,0.5,0.4,-0.2,1.05876882077517,0.384054341939485,0.192270391159117,0.432769623240947,0.323999452558853,-0.116017847375246,1.06042948669572,0.308206417729475,0.0445615376972025,0.0701247100405727,0.0374307710770973,0.161114236511312
1,0.5,0.2,0.5,0.4,-0.2,1.14438219069704,0.437828829133874,0.173131183158316,0.630798314431542,0.350914542180133,-0.3709842352322,0.745137721970237,0.221714614734948,0.0434654971045875,0.0781397662220534,0.0378599914002332,0.156302449146271
1,0.5,0.2,0.5,0.4,-0.2,1.04344763119049,0.528752888816915,0.311993065794198,0.558549860065711,0.394870782420864,-0.245575194145881,0.724614640508837,0.239214150119134,0.0414682931349483,0.0709189828116951,0.0363117569457187,0.149204210497922
1,0.5,0.2,0.5,0.4,-0.2,1.1506176561814,0.396633634690414,0.149002104223139,0.423453222025191,0.346394306398888,0.109879231042132,0.943528530443584,0.28154769756179,0.0447946482803403,0.0647726298105298,0.0376105668398277,0.162211897814106
1,0.5,0.2,0.5,0.4,-0.2,1.07779128034122,0.483798267987412,0.194234868343174,0.584763344512316,0.418565139396655,-0.268229068540323,0.847159018768465,0.295156239884002,0.0384341480937878,0.0718099258715089,0.0387013555202885,0.151823980014289
1,0.5,0.2,0.5,0.4,-0.2,1.00709174563849,0.443741079294682,0.193657644188745,0.380721306753466,0.387392056136583,0.0984939874754701,1.11791605253327,0.376784484861115,0.047696549682069,0.0680003686273316,0.0370108942577973,0.172212893182534
1,0.5,0.2,0.5,0.4,-0.2,0.911791915413586,0.547683159732976,0.151597865269788,0.560326860030982,0.416230678286036,-0.356460971769454,0.922005335559145,0.300957328982876,0.041615181251155,0.0696914178872334,0.0386709206675958,0.136672790526562
1,0.5,0.2,0.5,0.4,-0.2,1.07739451664286,0.35037077907804,0.237784886707199,0.434912524053208,0.356240560079485,0.0347517948316917,0.804463075555058,0.253191981177086,0.0448415633159972,0.0752443920968078,0.0362339441942234,0.190634501545733
1,0.5,0.2,0.5,0.4,-0.2,1.04017200721816,0.463004040472481,0.260593629684838,0.397356223619511,0.429792869953536,-0.00420216966693176,1.19578480044686,0.429110937332951,0.0447738438246859,0.065628442734758,0.0383311970848857,0.152789771391329
1,0.5,0.2,0.5,0.4,-0.2,1.06325081737577,0.463744339508178,0.254885309790794,0.448124136906764,0.402061088242284,-0.0999052944506249,1.11443903733847,0.37282619791317,0.0449270086548366,0.0715320574379811,0.0373964608415259,0.163483495536906
1,0.5,0.2,0.5,0.4,-0.2,1.11814989449069,0.482526541032151,0.264646634724005,0.417213264645083,0.412263958785071,0.0880764618884153,0.98525614709371,0.339942222967958,0.0429574350824972,0.070710782005996,0.0384862702242933,0.180149532875704
1,0.5,0.2,0.5,0.4,-0.2,1.16161807700473,0.417869273037626,0.209035083695159,0.414387418098444,0.376603790106862,0.0950016045961882,0.758604926675926,0.249089926210378,0.0453653175935261,0.0652000666798787,0.0368709675625331,0.163241956030319
1,0.5,0.2,0.5,0.4,-0.2,0.90432702376754,0.56036866836068,0.236373615535556,0.405802714054628,0.437666153287758,-0.0589918724529186,2.38331454378,0.85139281084491,0.0453527056389538,0.0697059395141041,0.0493143989802916,0.158623954567421
1,0.5,0.2,0.5,0.4,-0.2,1.03177290998866,0.527410072925639,0.189559801288979,0.530415535872343,0.384949914859998,-0.112249410711227,0.810589272398262,0.268391760771182,0.040607894354577,0.0682436141930495,0.0381496757902975,0.151105291717343
1,0.5,0.2,0.5,0.4,-0.2,1.02651479353746,0.546691604115517,0.142483066598459,0.504819015558459,0.481053032057338,-0.167636480846235,0.82345598378584,0.320130269027457,0.0390303355448096,0.0765653122745006,0.0372780891197728,0.169764562477119
1,0.5,0.2,0.5,0.4,-0.2,1.00685364598662,0.576784834452627,0.170824411599385,0.51886537013136,0.47203267504846,-0.286619362541371,0.598057382363262,0.220140471545334,0.0425332392769791,0.0743945773888337,0.0381650960131353,0.15466310368701
1,0.5,0.2,0.5,0.4,-0.2,1.10235571577109,0.393210623050892,0.147863442474008,0.485101972195117,0.366410926534178,-0.180801109315167,1.07914721020004,0.340604027443811,0.0454910291681716,0.0744908037842267,0.038020040452921,0.166176801707869
1,0.5,0.2,0.5,0.4,-0.2,1.01464115450398,0.47444286595163,0.176232523119133,0.409295705877545,0.378974032431341,-0.0224812580029789,0.970098051373104,0.319907651694135,0.0450706738507016,0.067866465044942,0.0382677060382856,0.160801823289761
1,0.5,0.2,0.5,0.4,-0.2,1.12768727552743,0.550849058976399,0.194907549313621,0.584829886887547,0.451130712673696,-0.235300627052786,0.67835811224907,0.247703118588693,0.0382302409489344,0.0713092247631644,0.0392778703123723,0.150736052075534
1,0.5,0.2,0.5,0.4,-0.2,0.918322883321946,0.444940524200698,0.260651027432635,0.574193066599569,0.376902829369351,-0.384564009996115,0.937775496077415,0.295877447094903,0.0434048746578515,0.0731006413306121,0.0387533648650359,0.143593492652677
1,0.5,0.2,0.5,0.4,-0.2,0.951604941113502,0.45227594986178,0.232215577458536,0.534286067629756,0.427882131028159,-0.302835119534611,0.969475281949349,0.330756410624648,0.0430167423506268,0.073413755016708,0.0401410334102483,0.150349289058191
1,0.5,0.2,0.5,0.4,-0.2,0.876949716741547,0.587599896493457,0.210634907070308,0.546006502978261,0.402617751099003,-0.318198835423396,1.24445601195109,0.417870063182579,0.0440979402394244,0.0767463122058033,0.0399948419201674,0.155852282352182
1,0.5,0.2,0.5,0.4,-0.2,0.86978291977802,0.556179860167867,0.208490725579289,0.566700443563324,0.396067547752267,-0.380765698137626,0.813725014049674,0.270333451433961,0.041598456970655,0.0704643055137757,0.0392916591267709,0.137568349810028
1,0.5,0.2,0.5,0.4,-0.2,0.941031966547733,0.504800341921398,0.198866123723994,0.652124828311238,0.367394755663748,-0.488663497711432,1.00265023092315,0.311528583577028,0.0405384665048492,0.0753405803350031,0.0395047164358137,0.142453435843288
1,0.5,0.2,0.5,0.4,-0.2,0.928408094456732,0.622682130137964,0.196889757321541,0.527324714213695,0.473736793623653,-0.25383146983587,0.662031449578069,0.253772462433957,0.0407071596216443,0.0760197952256968,0.0375946390171906,0.164149110016781
1,0.5,0.2,0.5,0.4,-0.2,1.20481251750049,0.369866559138117,0.256759235708712,0.433927397175677,0.409210986413202,0.0908456564536131,0.648290325088192,0.220274072135869,0.0440765913805354,0.0683544733181683,0.0371284301916551,0.172980525385903
1,0.5,0.2,0.5,0.4,-0.2,1.02798610170808,0.473331187359334,0.119555653413154,0.478780903316357,0.368512445487075,-0.162420420952222,0.58246010257513,0.184392287000674,0.0458913498591697,0.0793133302704156,0.0372493678727981,0.177830708757396
1,0.5,0.2,0.5,0.4,-0.2,1.0434763086354,0.3876608648084,0.273911407500657,0.552394212307343,0.348412846275971,-0.287576483294234,0.711042760122588,0.214588080260973,0.0440133500338704,0.0768364300050819,0.0387445502714494,0.16313505530652
1,0.5,0.2,0.5,0.4,-0.2,1.0691821698439,0.452118675378117,0.144546990194394,0.595872656087525,0.438154560184797,-0.195576723846649,0.582147517451189,0.208546316473215,0.0397829594648765,0.0741875042787867,0.0401317083161815,0.162794078197118
1,0.5,0.2,0.5,0.4,-0.2,1.15646547344231,0.468396319421447,0.241378487372554,0.542511775908033,0.44988259810683,-0.115431923038358,0.834817979271944,0.308236313523356,0.0376856518474155,0.0724459567217391,0.0379311387198031,0.164264883355253
1,0.5,0.2,0.5,0.4,-0.2,0.871661500694828,0.505820324002371,0.243913640950161,0.556178665250557,0.342899386537124,-0.339076189779112,0.652114524218045,0.190751253396155,0.0437099417612078,0.0747893511922921,0.0387278761481209,0.149944833838945
1,0.5,0.2,0.5,0.4,-0.2,1.09702231018752,0.397864136928491,0.227344118478628,0.507418722665945,0.415980865113973,-0.133498035422519,0.779386976398239,0.275428009747139,0.0429889220001648,0.0741422241744727,0.0373226512964106,0.169788659697708
1,0.5,0.2,0.5,0.4,-0.2,1.11729695073659,0.457987964940876,0.086885866092596,0.563456389938557,0.40726496807466,-0.318449422322893,0.858239784171398,0.281985728956998,0.0431788584879528,0.0751892528054288,0.0397170979542613,0.154200971258652
1,0.5,0.2,0.5,0.4,-0.2,0.85460720388576,0.508429599050447,0.183739539187801,0.469454740643208,0.386582911876924,-0.272965702066676,0.976780764976928,0.315575742975569,0.0469764038237888,0.0783113518765731,0.0394394198671416,0.165805615600169
1,0.5,0.2,0.5,0.4,-0.2,1.03471814103127,0.550200445632856,0.297478759350472,0.50579373569928,0.43941357023166,-0.143791651966253,0.72141856892788,0.263398759044782,0.0416624834113181,0.0683244276548591,0.0378603569612822,0.151446386852894
1,0.5,0.2,0.5,0.4,-0.2,1.03051366326009,0.600511321948542,0.187094669153623,0.494608182916927,0.452361124077891,-0.0976086358923841,0.58136040241159,0.213144243185885,0.0405798328526999,0.0707251949358676,0.0383361660383456,0.160517192525823
1,0.5,0.2,0.5,0.4,-0.2,1.00688669090551,0.478324929728624,0.194936669669751,0.660294336795849,0.368641571460908,-0.464794942759557,0.748676262478941,0.233885353833931,0.0425243704565534,0.072974226245826,0.0393572155463532,0.136837137125126
1,0.5,0.2,0.5,0.4,-0.2,0.857288757569964,0.610476029885152,0.237149606121653,0.589821148800482,0.379664532091474,-0.351717786952008,0.607832785144185,0.189768594618993,0.0421943215370079,0.0706280234600543,0.0390859911495862,0.1397582762005
1,0.5,0.2,0.5,0.4,-0.2,1.07203348943566,0.495644018799554,0.141166838571799,0.564999982799307,0.429915105973186,-0.199776632791321,0.614305022517355,0.211146683589762,0.0380459893275554,0.0703762890818566,0.0370741401212081,0.151895797717305
1,0.5,0.2,0.5,0.4,-0.2,1.11097154031822,0.431180838043066,0.216987082926093,0.444876087368555,0.362566217262976,0.0219978009669997,0.713307514186918,0.227456205072887,0.0432900929732881,0.0689891530873029,0.0380049060788159,0.16845963955843
1,0.5,0.2,0.5,0.4,-0.2,1.08166934846014,0.470952015188097,0.149521485672733,0.492802193729022,0.436898625877628,-0.0926284998710611,0.649316603709104,0.230156593455508,0.042528258263337,0.0729921659265158,0.0379599147333339,0.170268538136233
1,0.5,0.2,0.5,0.4,-0.2,1.02134062536264,0.472142151610922,0.18883620950886,0.520965220199506,0.413401592688917,-0.240377286417391,0.59596685447846,0.200057718711579,0.0398964973995836,0.0733289108840795,0.0388468247536423,0.155536151148482
1,0.5,0.2,0.5,0.4,-0.2,1.08008466185057,0.465821888686437,0.246725262337372,0.571884201613053,0.399214868968008,-0.320239697530543,0.784894141472417,0.260368366173564,0.0439331117834017,0.0745703686957731,0.037156146747545,0.152447103280356
1,0.5,0.2,0.5,0.4,-0.2,1.02903269676596,0.499210417418104,0.194431111044512,0.479591484291772,0.374961324830598,-0.101957359363762,0.654493938743071,0.213096368453336,0.0422643565683219,0.0661764862094855,0.0373950215999037,0.145759401076294
1,0.5,0.2,0.5,0.4,-0.2,1.04228484497658,0.528405575732959,0.229101077655982,0.42910941399762,0.439094615978985,0.12278065721391,0.758397469035673,0.278897605777899,0.0405095444337815,0.0682343828015505,0.0371589930522578,0.178831195850917
1,0.5,0.2,0.5,0.4,-0.2,0.836384597117755,0.658445538192022,0.201513837343494,0.502136387635903,0.430214993787634,-0.222864207918017,0.812679298445643,0.287697719638217,0.0433554791299482,0.069390900978044,0.0380451397298405,0.148061481306696
1,0.5,0.2,0.5,0.4,-0.2,1.20808240552238,0.351175344454735,0.195797106909639,0.485063107068024,0.41145092581147,-0.0731293803335628,0.628719479370535,0.218536045096046,0.0409453314507692,0.0679501570940256,0.0366482905484427,0.15679666016463
1,0.5,0.2,0.5,0.4,-0.2,0.97304761925381,0.433353288440909,0.227771564529841,0.641189018702121,0.355386758813333,-0.501062260370886,1.33278626827411,0.409083130173032,0.044753779091662,0.0875206688872994,0.0384060185636999,0.168164012913627
1,0.5,0.2,0.5,0.4,-0.2,1.06842381695632,0.535026157510522,0.118712257431786,0.551595277842975,0.419984310336101,-0.2106894401989,0.684723843084867,0.241746767107668,0.0408662106990808,0.0681610477097659,0.0374342027324353,0.144396476087902
1,0.5,0.2,0.5,0.4,-0.2,0.919779032515479,0.439760425811693,0.191811020049994,0.504234633814333,0.352144965444435,-0.282888708011712,0.930638377496046,0.283783680495332,0.0463711785794168,0.0747319668602667,0.0382659713346118,0.156860318877122
1,0.5,0.2,0.5,0.4,-0.2,0.878789687625737,0.553181948836163,0.131857853958135,0.597634759192093,0.421736638254659,-0.477255888908055,1.45168688984603,0.503151465749777,0.0452025914932052,0.0795679204841503,0.0393933894060583,0.14846317485456
1,0.5,0.2,0.5,0.4,-0.2,0.957372647914451,0.571736936704829,0.173328792187767,0.451792466478157,0.418918464071946,-0.154162396205283,0.685034514987441,0.238471849815046,0.0424771370429482,0.0711342840212776,0.0378228925395039,0.158237155464881
1,0.5,0.2,0.5,0.4,-0.2,1.0453288823264,0.43758327397978,0.197144847971891,0.434965843865562,0.318527232938191,-0.0677799834706008,0.773920518918342,0.221752642708034,0.0475692674952832,0.0716471792975167,0.0373349951256658,0.16712462003168
1,0.5,0.2,0.5,0.4,-0.2,1.00012729065341,0.457225342920798,0.270187320567506,0.456560809747525,0.380737333318604,-0.169827247596378,0.902909822379629,0.295081382476693,0.0478046936803064,0.0691206202840465,0.0373626300290745,0.150919489557725
1,0.5,0.2,0.5,0.4,-0.2,0.941223398508788,0.523296253243393,0.230473141113847,0.446913490344243,0.4047408955316,-0.117066659210364,0.716526795662161,0.240392285942029,0.042825993851372,0.0697128226250721,0.036024333848921,0.15688135586955
1,0.5,0.2,0.5,0.4,-0.2,1.03032799315049,0.531570683148831,0.171787921215149,0.564832108976932,0.409387348120118,-0.318795523931638,1.49010312185221,0.509746978753881,0.0434813874461001,0.0714700500278366,0.0409004208840404,0.147181049187917
1,0.5,0.2,0.5,0.4,-0.2,1.0590332240035,0.44252372805336,0.260158178891956,0.529118988821903,0.352487351603759,-0.201459849943974,0.705711415875328,0.218495731686034,0.0421327055709397,0.0704910618187239,0.0367118412753507,0.151408348435391
1,0.5,0.2,0.5,0.4,-0.2,1.09432753208028,0.466643481630946,0.230989382226878,0.468592032077156,0.389608275493059,-0.0631872056464343,0.889219849110657,0.301376229556873,0.0423316688095524,0.0703294622924057,0.0371057183214739,0.164151307906429
1,0.5,0.2,0.5,0.4,-0.2,1.02563608988928,0.609673084213539,0.173210117873512,0.605514984874255,0.45595179045031,-0.341308330995928,0.927695097351185,0.335508001779808,0.0390431770375269,0.0736309809437396,0.0393819487317671,0.151985532020088
1,0.5,0.2,0.5,0.4,-0.2,0.879859041747755,0.633521049817608,0.189866795357945,0.511940395051616,0.430364817593485,-0.329173876652417,0.512390952299388,0.182034067080274,0.0429658737462373,0.0708420567222566,0.0378937166986686,0.138857599737743
1,0.5,0.2,0.5,0.4,-0.2,0.97167239348595,0.59521268669898,0.0895400333632896,0.517872886542095,0.42648454598552,-0.15631910022806,0.640856490106797,0.221378187847987,0.0423634707526337,0.0750732247504271,0.0376727119867527,0.169001385954141
1,0.5,0.2,0.5,0.4,-0.2,1.12736887660162,0.427954505280908,0.225353870934232,0.481997540539398,0.35249912326606,-0.0791509398952448,0.743120751052554,0.230442611071224,0.0440831562628427,0.0688131173612393,0.0368740833625627,0.158904111050099
1,0.5,0.2,0.5,0.4,-0.2,1.02484038957507,0.535791758624576,0.291160419489588,0.552263416799454,0.432129551544475,-0.282914582309791,0.975237431758731,0.346756404571729,0.0453232349598081,0.0751560412124134,0.0382910855040661,0.156561747518547
1,0.5,0.2,0.5,0.4,-0.2,1.09558822731351,0.410911201677604,0.133517154451426,0.588591562181327,0.417726179114566,-0.179454505635891,0.668098374904516,0.230419764702552,0.0375987477961338,0.0741480955341717,0.0381555201089866,0.162853555285382
1,0.5,0.2,0.5,0.4,-0.2,0.833694303957562,0.650308217266911,0.211384420326512,0.587807136972914,0.43836738946723,-0.415233196051819,0.601879331150455,0.215008204647431,0.0415463163443868,0.0773296349881852,0.0365993686582493,0.15153666398372
1,0.5,0.2,0.5,0.4,-0.2,0.927352255808776,0.585757210930963,0.228073292982492,0.612867353815135,0.419177532545833,-0.402748544068838,0.624556585945961,0.210195039378195,0.0398032902013039,0.0720930005269814,0.0405377335987849,0.139124625118393
1,0.5,0.2,0.5,0.4,-0.2,1.16534969938047,0.445949307983012,0.241320319812338,0.482025257544415,0.40583740480002,-0.0635214481249729,0.627101027775575,0.219655025784374,0.041294167077981,0.0714817737624801,0.037738676332563,0.167755251062074
1,0.5,0.2,0.5,0.4,-0.2,1.14169927239553,0.380586766552695,0.229927417670797,0.444670939937694,0.3644740362399,0.0038804002531913,1.37431395218314,0.426064019504755,0.0450737749922484,0.0719232133704469,0.0373895274551062,0.17328366713417
1,0.5,0.2,0.5,0.4,-0.2,1.06358131680599,0.402413094790219,0.202016670685962,0.383158907409335,0.373685335973772,0.120333781635762,1.09359666490124,0.353996059447871,0.042992270162233,0.0665198070549876,0.0374736914514211,0.168302145863541
1,0.5,0.2,0.5,0.4,-0.2,0.975992815116855,0.587487212803799,0.285665027799523,0.589441010847326,0.432567771924422,-0.386285609899744,0.806313620021896,0.282302508355277,0.0419438642578832,0.0719634813934106,0.0386494261143308,0.140905929300088
1,0.5,0.2,0.5,0.4,-0.2,0.942629902159354,0.561834418744788,0.168812188826391,0.523712975067165,0.426097368271819,-0.27291803130531,0.941877849217096,0.342453576192289,0.0425311214508968,0.0696254194969035,0.0389895404835194,0.14489890930342
1,0.5,0.2,0.5,0.4,-0.2,1.03238673594434,0.446910861597671,0.177198721203052,0.623461824131377,0.349337418907431,-0.348871837610938,0.809245136665071,0.239220180614475,0.041460189583714,0.0757192806440718,0.038398183348658,0.153776308419255
1,0.5,0.2,0.5,0.4,-0.2,0.996974239795853,0.485532033283811,0.1856649536159,0.413762522939424,0.39643113438673,-0.0429925874048105,0.800476081524047,0.265753604832685,0.0420006230865935,0.0739360505050735,0.0380370831831292,0.17794212945731
1,0.5,0.2,0.5,0.4,-0.2,0.980526547812719,0.532728770766275,0.265909980396252,0.510647227285264,0.429996326220363,-0.168926001825543,1.0590950770174,0.363062648552022,0.0416212140937659,0.079882087848195,0.0376148040695115,0.178891285192901
1,0.5,0.2,0.5,0.4,-0.2,0.858260446052319,0.597783768744474,0.232744813904285,0.410894294802458,0.45151039720696,-0.160791852535246,0.478219556235103,0.17521680365055,0.0454318947266464,0.0745939611841695,0.0389905141406934,0.164490492177121
1,0.5,0.2,0.5,0.4,-0.2,0.913886862195138,0.640818361222172,0.192013499379059,0.392783114428087,0.45459332153525,-0.0493583440732597,1.57099324207381,0.578978961505992,0.0453110278657671,0.0712242566210957,0.0404578025005779,0.170624966355948
1,0.5,0.2,0.5,0.4,-0.2,1.11337527636407,0.516040130099028,0.185119872667238,0.51712488065934,0.433395529978038,-0.0553621924988777,0.605754768848526,0.216489750127488,0.0392708788347958,0.0690569033356318,0.0365662023689033,0.162025958107976
1,0.5,0.2,0.5,0.4,-0.2,0.972910171513745,0.496253206327721,0.190209504737645,0.500685295378523,0.4162118328518,-0.325002727347967,1.04937822292745,0.355155375392068,0.0453298236095149,0.0738859576679371,0.0404595443382355,0.148965662894684
1,0.5,0.2,0.5,0.4,-0.2,1.01899233540943,0.540086110676178,0.116675755577229,0.549228508553889,0.392408023821292,-0.258375715703892,0.783769778235461,0.261781021311843,0.0446145135601465,0.0717482508104922,0.0383625530608004,0.149242464437857
1,0.5,0.2,0.5,0.4,-0.2,0.844382344863239,0.675284404538401,0.238372381628653,0.556164045320578,0.459292058739965,-0.34561067692972,1.00629875286606,0.364525137726752,0.0405344256584622,0.0731507082733034,0.0419424818202027,0.147219021829818
1,0.5,0.2,0.5,0.4,-0.2,0.981246550175832,0.453533451379984,0.285906852573913,0.655560849498396,0.413073598860273,-0.537823136981291,0.982995530972064,0.337675177979335,0.0445834838683463,0.0744825956602491,0.0395585040631462,0.13595684896778
1,0.5,0.2,0.5,0.4,-0.2,0.931487819042998,0.617204870962018,0.198783914791716,0.569439661259396,0.453596702845497,-0.380780601185957,0.638922065556979,0.228255076724377,0.0412821587753053,0.0738426654074354,0.0374757285977423,0.145837661204809
1,0.5,0.2,0.5,0.4,-0.2,1.11579990366215,0.500036603432577,0.200396702086577,0.567211597518163,0.4456532973333,-0.206087844733984,0.566097817205721,0.206997521327991,0.0399720596155993,0.0737964547884343,0.0375941814305607,0.159860303773192
1,0.5,0.2,0.5,0.4,-0.2,0.940534331083734,0.565137255310593,0.209972827588598,0.397661761984325,0.448944287241728,-0.103963595918575,0.751280451690947,0.275766526529861,0.0455785881803318,0.0685359740394629,0.0387055795618306,0.154203546190473
1,0.5,0.2,0.5,0.4,-0.2,0.896619614702757,0.560738045018993,0.225733535016931,0.642072652799808,0.429376409291563,-0.533787455893698,0.956173471925563,0.331862058344914,0.0416475969667626,0.0832547597775234,0.0409522481180013,0.154230029165014
1,0.5,0.2,0.5,0.4,-0.2,0.879701296624344,0.50104522722176,0.261609546818248,0.40449459659729,0.353087792253387,-0.151586327431741,1.23277107421893,0.386122410392264,0.0503915752458679,0.0745282751170496,0.0360052041687639,0.168354502944826
1,0.5,0.2,0.5,0.4,-0.2,1.13236779859012,0.47689071067703,0.15752484005763,0.448562365363766,0.375780241833626,0.0438692142899251,0.840421027511991,0.271988663292951,0.0422463405097534,0.071746156695613,0.0368878785351548,0.181750956622574
1,0.5,0.2,0.5,0.4,-0.2,0.900568422771567,0.557696386183035,0.201999467311917,0.486973825527168,0.410724008301742,-0.247185944202871,1.96515022688869,0.66697066766233,0.0462950534004501,0.0686485442762699,0.0429820245250752,0.147591775351487
1,0.5,0.2,0.5,0.4,-0.2,0.999155465758984,0.571372580886335,0.191934987834754,0.536929093691589,0.458460719802175,-0.275341189650334,0.549493521010444,0.199772743916267,0.0429401912374648,0.069115755288834,0.0385723934122834,0.140566317394958
1,0.5,0.2,0.5,0.4,-0.2,1.02966070578305,0.608296694222278,0.241045286258733,0.517462996572401,0.469268244803215,-0.13469725054602,0.541044301630242,0.213698972618502,0.0382067542502253,0.0680485538569656,0.0372194561874464,0.150606989446634
1,0.5,0.2,0.5,0.4,-0.2,1.0859652174637,0.406857218345753,0.169039301593265,0.61412567409235,0.345491345254027,-0.357603412876686,1.20921230511069,0.369848461944873,0.0410730486951069,0.0747438760293403,0.0397795183001687,0.149219576310801
1,0.5,0.2,0.5,0.4,-0.2,1.01261711593231,0.451325914600206,0.20764353905484,0.555135680439983,0.364199958659521,-0.352286051661177,0.803239415535402,0.242302537251273,0.0429683289772662,0.0752322864656531,0.0390250165468782,0.148735827899939
1,0.5,0.2,0.5,0.4,-0.2,0.944655532918983,0.533556990866216,0.135397253462189,0.584602302506193,0.351652471815353,-0.397799164465215,0.804863676198491,0.241772119895583,0.0435065660976873,0.0744533622190589,0.0384109063829815,0.146520930235019
1,0.5,0.2,0.5,0.4,-0.2,1.01501646765966,0.429283680058452,0.177183682494623,0.519094908249023,0.368792076854763,-0.285515892939052,0.988332748975812,0.306692364776108,0.045302460836991,0.0718460909484469,0.0381407289317183,0.147930556049167
1,0.5,0.2,0.5,0.4,-0.2,0.98588011795228,0.456891525526672,0.188797030114187,0.372499258724953,0.307510299345094,-0.00238203368915203,1.29930695578615,0.362177551758199,0.0473927676613574,0.0636634886843899,0.037743192771402,0.146622332192128
1,0.5,0.2,0.5,0.4,-0.2,1.03084459086828,0.62584418666388,0.251612048028361,0.486530378978889,0.471486283722519,-0.0771891273458522,0.782292804633711,0.303535959152763,0.0419068894171141,0.0693426614186499,0.0388786305368227,0.161584683582662
1,0.5,0.2,0.5,0.4,-0.2,0.924220959059359,0.592427468376194,0.165654060433876,0.456888323991277,0.422362116626569,-0.0323032442182349,0.649655789154433,0.219382977901744,0.044335217017138,0.0717776094633374,0.0363106065169347,0.171406059675127
1,0.5,0.2,0.5,0.4,-0.2,0.914291194262788,0.583267913686491,0.18527557083128,0.424744915483029,0.460021329632703,-0.0966069637522405,0.508836455395245,0.190975166573614,0.0411177415243094,0.071854989950345,0.0378477267171254,0.164086825491909
1,0.5,0.2,0.5,0.4,-0.2,1.04980247916735,0.469570030881074,0.199586356756133,0.563955345703392,0.392664450204327,-0.230871282185083,0.760127946762113,0.256426435033825,0.0423509810930335,0.0731991168876201,0.0373618026842989,0.157058997378131
1,0.5,0.2,0.5,0.4,-0.2,1.17269789491856,0.404042999151564,0.193371800781795,0.462800910648872,0.402456170033587,-0.0408259042048486,0.633552239816458,0.21461142875266,0.0421674027963621,0.069227201129271,0.0376748177789968,0.160995494080757
1,0.5,0.2,0.5,0.4,-0.2,1.02852791791159,0.383633984370116,0.160882867946464,0.414716778007588,0.33132658708614,-0.0296646535554414,0.954729477752683,0.283353692517014,0.0500853352105624,0.06965142255152,0.0383761971096333,0.16419551363832
1,0.5,0.2,0.5,0.4,-0.2,1.0495118963887,0.496183880558988,0.191386886718974,0.616808211270296,0.408673773840615,-0.440244524736511,0.907248468020076,0.307380045127899,0.0431010141150635,0.0730357489384181,0.0386710469480075,0.140550647005869
1,0.5,0.2,0.5,0.4,-0.2,1.13554285129474,0.436148538894604,0.233024862199095,0.510365736267047,0.387344824202025,-0.249919302206458,0.644710213791803,0.207312962899252,0.0440784993066032,0.0740844513274615,0.0388790705395397,0.15477717981473
1,0.5,0.2,0.5,0.4,-0.2,1.13961489085598,0.369986407428079,0.259432706451502,0.408686143716218,0.355746294117611,0.00567553783046332,0.78188719866414,0.239878571362077,0.0460198775928442,0.0717042830742567,0.0376281604520476,0.172595237324333
1,0.5,0.2,0.5,0.4,-0.2,0.846342535611739,0.498272796224845,0.247901810886492,0.464946263596182,0.361615274269517,-0.269882923543814,1.57184768116998,0.498877634518425,0.0484972149570294,0.0716746593583745,0.0387663800795951,0.150545854981845
1,0.5,0.2,0.5,0.4,-0.2,1.19058085037574,0.365815626031653,0.215963683951811,0.470355823207085,0.38176714339452,0.00955750851460287,0.647553033630304,0.215492044079033,0.0409162447867288,0.0710500143088243,0.0378225368390854,0.169651304478324
1,0.5,0.2,0.5,0.4,-0.2,1.03752782581497,0.509074269466208,0.197410523256211,0.471936120902472,0.431714549355635,-0.114057014891911,0.906571613296245,0.318191015138038,0.0447438560042709,0.0734136485320866,0.0381627382253049,0.170009591119268
1,0.5,0.2,0.5,0.4,-0.2,1.15626616936906,0.393453581633581,0.162485294258858,0.549046367975103,0.387851438507988,-0.22679007979134,0.682832966121631,0.225172009626509,0.0421774198458686,0.0731253737366196,0.0379270359587716,0.156291847278242
1,0.5,0.2,0.5,0.4,-0.2,1.0656149346961,0.409442411770162,0.204582448360887,0.528464524792919,0.348035812083874,-0.254042169375899,0.87354908227679,0.260319754731001,0.0459749424123758,0.0756438055924357,0.0375312892967607,0.161204664817169
1,0.5,0.2,0.5,0.4,-0.2,1.02898967284458,0.590017615001409,0.148039386547888,0.595179880488322,0.474844591306865,-0.216024001724129,0.856423436799937,0.333813524778869,0.0378870633132761,0.0685341984058081,0.0395219850870089,0.146100584781166
1,0.5,0.2,0.5,0.4,-0.2,0.990023639806604,0.49936254361347,0.185213384068793,0.593248094301757,0.423563207831366,-0.373394514605611,0.898984541529208,0.305171574519927,0.0444805373942002,0.0778217826909067,0.039640342137372,0.155358060071602
1,0.5,0.2,0.5,0.4,-0.2,0.977014656995023,0.501231320485417,0.242665113827003,0.540163546087194,0.37544360238652,-0.292098775484948,0.929726589249333,0.299303330226642,0.043703799370743,0.0741215550053608,0.0382977065445912,0.155291471793188
1,0.5,0.2,0.5,0.4,-0.2,1.0888867632952,0.474432544738424,0.211628195070994,0.542103378052015,0.446753641362466,-0.1440910045375,0.684745392357753,0.245055585633698,0.0420447123263235,0.0726728353556235,0.0363917514025208,0.163421501948074
1,0.5,0.2,0.5,0.4,-0.2,1.00454487834244,0.541756656751737,0.114972502637056,0.44699039871622,0.436174606233068,-0.0497009331194125,0.550955919636413,0.196646348145065,0.0407704236369393,0.0695357863420325,0.0370379887982205,0.163878368144413
1,0.5,0.2,0.5,0.4,-0.2,1.08632169092112,0.390566536272242,0.189039870522752,0.50796452149511,0.378586143267758,-0.167158825818084,0.938694667200456,0.307912102013839,0.0433974354406268,0.0695221377377532,0.037216619854441,0.151702087405019
1,0.5,0.2,0.5,0.4,-0.2,1.01922798322695,0.514022761035002,0.247470244837002,0.511909739477427,0.42412606685158,-0.20816199542237,0.962583135937156,0.339490647846732,0.0431554194430653,0.0721442003315926,0.0389649576238291,0.153703455701925
1,0.5,0.2,0.5,0.4,-0.2,1.0873579483316,0.515680931876545,0.245106063627064,0.534557396153771,0.482137869619417,-0.13138689873395,0.598426124821149,0.231659354306663,0.0383905413693814,0.0721926425024178,0.0377167008276762,0.160373029416975
1,0.5,0.2,0.5,0.4,-0.2,0.867901953629374,0.590691549262719,0.248188310286289,0.48022870840966,0.397129484137449,-0.225812918283348,0.681338172080623,0.22822379865545,0.0433368037804267,0.072626754454052,0.038031675024795,0.153749581841248
1,0.5,0.2,0.5,0.4,-0.2,0.874733053658932,0.619528612406848,0.26025570191205,0.614253963378584,0.407517971671453,-0.406903775360276,0.766128985692799,0.259726204081593,0.0454890526299219,0.0764715554903262,0.0378493526212994,0.149995098167733
1,0.5,0.2,0.5,0.4,-0.2,1.12776325889072,0.431302530265911,0.262628127579427,0.501965033403556,0.357229625648115,-0.195291296035037,0.886927278997058,0.276644191098843,0.0465004249218991,0.067572852760755,0.0390631106664478,0.144408435445081
1,0.5,0.2,0.5,0.4,-0.2,0.879634782784031,0.616467039546713,0.273558565963599,0.620872003571627,0.440010318335963,-0.452049192059387,0.619020294508571,0.221452675235138,0.0418402462990925,0.0755813528392761,0.0389140726405531,0.142953344240455
1,0.5,0.2,0.5,0.4,-0.2,0.905316865088906,0.542329710748998,0.217167344972174,0.380247304474574,0.38493476126026,-0.0950926997127282,0.677638462036664,0.225096458295861,0.0502968222780698,0.0680932578444184,0.0386932733223808,0.154208772734238
1,0.5,0.2,0.5,0.4,-0.2,0.938596044242294,0.484408426767274,0.226572629216893,0.503438590657896,0.398840104686456,-0.189753417863192,1.81200799862268,0.617125185450465,0.0420631030238877,0.0762763697094393,0.0380157497810488,0.164575120818351
1,0.5,0.2,0.5,0.4,-0.2,0.991898774699658,0.53925035928353,0.189203257728324,0.407478545919956,0.389444371009101,-0.00170598846438434,0.687629442341144,0.228885963883599,0.0451006497318152,0.0717638892029922,0.0362905756913402,0.174919215402868
1,0.5,0.2,0.5,0.4,-0.2,1.18483143182334,0.420236105603444,0.209700124886987,0.613384249944934,0.411487360252283,-0.238031425908763,0.591540578859748,0.198993093266459,0.0394703543710216,0.0710882750277945,0.0380075644649725,0.147920921168349
1,0.5,0.2,0.5,0.4,-0.2,1.11605421099351,0.390600083312301,0.257871587096728,0.535967442264098,0.38405000014421,-0.173689555937071,1.64873979703668,0.530935469560093,0.0400853280877729,0.0719956742033923,0.0398699808307472,0.159317602483549
1,0.5,0.2,0.5,0.4,-0.2,1.13958812213995,0.500174224938662,0.176484522857169,0.554783729884667,0.410973549041674,-0.148376190626498,0.543195240149432,0.186734641947592,0.0404047778171668,0.0680658542998053,0.038588305233823,0.14919585324216
1,0.5,0.2,0.5,0.4,-0.2,0.882036867361622,0.642075899319124,0.16649382865478,0.548837376366046,0.453021809451821,-0.283099728124077,0.583478747431337,0.210086545486349,0.040306366129049,0.0728808624227134,0.0379453464649365,0.151660773436026
1,0.5,0.2,0.5,0.4,-0.2,1.030289969842,0.450889333286201,0.262446425278464,0.55196462182394,0.403555208954192,-0.31775766483494,0.793777547410711,0.263082531626615,0.0410326784786432,0.0725664269516712,0.0388321572289056,0.146945697033914
1,0.5,0.2,0.5,0.4,-0.2,0.976384558257185,0.407244422330165,0.260022655075198,0.568399413336617,0.333817964462899,-0.403621772193954,1.47818717929607,0.421016648449359,0.0457758919107112,0.0735764229660478,0.0390348044639091,0.143710129441283
1,0.5,0.2,0.5,0.4,-0.2,0.920520230526935,0.499826015696407,0.260275522809899,0.289005501282714,0.397858273087633,0.37100451940415,0.632750442549359,0.222725246200291,0.0444034980777721,0.0636306919055988,0.0367614244781083,0.191785680192016
1,0.5,0.2,0.5,0.4,-0.2,1.06736105354032,0.452585300501049,0.277276809014479,0.599838021269821,0.423257277175937,-0.33328626164889,0.764836270630346,0.261718004233866,0.0402688990409888,0.0706633010696311,0.038582160026021,0.142055147335945
1,0.5,0.2,0.5,0.4,-0.2,1.06403169852278,0.425454154929492,0.191558927564508,0.44259644595515,0.379498160247111,-0.0434908413388509,1.58579591935417,0.520003437652162,0.0436000835020706,0.0759568626919027,0.0370908974043602,0.183067120019911
1,0.5,0.2,0.5,0.4,-0.2,0.931385524873438,0.52513268485174,0.245802237408631,0.355286099049943,0.414556878033058,-0.00237002452683548,0.822247536749169,0.281342333907104,0.0467210894757839,0.069792163264238,0.0377651047411975,0.168152047557226
1,0.5,0.2,0.5,0.4,-0.2,0.889792034762693,0.519053964444143,0.236604370739263,0.649707471891362,0.407157817392426,-0.533258924275332,0.874125474415869,0.280441279336787,0.0386598517648364,0.0791070236375574,0.0399600698839591,0.14764155511102
1,0.5,0.2,0.5,0.4,-0.2,0.98709032379256,0.419240615847031,0.181124520917144,0.688721849080839,0.377212877977198,-0.484509506594952,0.592777071239063,0.185836105435533,0.0406788562727312,0.0743896071669158,0.0384082493640748,0.136777883150733
1,0.5,0.2,0.5,0.4,-0.2,1.039638268463,0.40949251725158,0.253552405739351,0.615869200224371,0.373635049793688,-0.3707499023998,0.876700527997405,0.279452577527032,0.0438136263238741,0.0846485589571043,0.039803137105913,0.169527672419539
1,0.5,0.2,0.5,0.4,-0.2,0.984531594695965,0.507990389279609,0.231587222814151,0.364890945080662,0.376695308415926,-0.00681549633076743,3.52377572298114,1.16141710990672,0.0467373753590512,0.0707095594700122,0.0402675749543187,0.1683004731857
1,0.5,0.2,0.5,0.4,-0.2,1.11449295874142,0.357707627977873,0.163346594490256,0.479047456139706,0.351625715787297,-0.0530249164482849,0.61827249141795,0.19162545112563,0.0424377683624155,0.0671430747947594,0.0369801550680438,0.154618601969061
1,0.5,0.2,0.5,0.4,-0.2,0.951594422943408,0.53468250475885,0.185527749556541,0.52844060404664,0.389934829900502,-0.271667165202467,0.689850801220299,0.229316818315143,0.0443748308974554,0.0692879609985598,0.0388575259168377,0.142437014259747
1,0.5,0.2,0.5,0.4,-0.2,1.14883681256411,0.512002502708673,0.184954973744827,0.555854063016752,0.364719906852999,-0.134551251836289,0.685319664216292,0.216964538332289,0.0406158170939814,0.0711053368532552,0.0369210940166641,0.159488676653325
1,0.5,0.2,0.5,0.4,-0.2,1.2213143024885,0.380918188632233,0.225222284107125,0.56356007097456,0.415351050732475,-0.24967521674481,0.691324076961665,0.236590342929791,0.0409191684884932,0.0751227202642224,0.0381877660370326,0.159630273365219
1,0.5,0.2,0.5,0.4,-0.2,0.927697155633502,0.593088001869346,0.266991126977546,0.52629847864913,0.455166709522116,-0.228315401308093,0.540043161601292,0.193470003691666,0.039877023298607,0.0694902517969,0.0387804555602062,0.145742550924329
1,0.5,0.2,0.5,0.4,-0.2,1.03809920230349,0.421602768847885,0.212141568822821,0.441310420794192,0.361896106402132,-0.114544238949577,0.884086512775545,0.278242115022253,0.0443523267162709,0.069910696483869,0.0381785392257637,0.15800408696057
1,0.5,0.2,0.5,0.4,-0.2,0.911010497965019,0.530307347103918,0.213550145484923,0.586730608720304,0.386948129062865,-0.366733051440898,8.27990838982028,2.6662349753783,0.0455478503545865,0.132463702623544,0.100743050375201,0.226229384905868
1,0.5,0.2,0.5,0.4,-0.2,0.99667381886476,0.458204101028909,0.201488030744033,0.4261515630241,0.397504626974995,-0.0281096439991765,0.801130757198331,0.271351519528773,0.0434719162585762,0.0721794096127553,0.0373353436135557,0.173335158437287
1,0.5,0.2,0.5,0.4,-0.2,0.998615644747812,0.465145551401957,0.149225746873945,0.476260227795009,0.373989878198593,-0.21552415373504,1.52436206671595,0.490010401848444,0.0477563744924104,0.0749383718720146,0.0395032198309183,0.163767240115102
1,0.5,0.2,0.5,0.4,-0.2,0.994257160290641,0.499398538651386,0.1506904517459,0.464741945245513,0.355440549995424,-0.203037029258789,2.05829850122046,0.623497531594613,0.0462286010434548,0.0738037489297728,0.0404489437686359,0.161842269889821
1,0.5,0.2,0.5,0.4,-0.2,1.00881944054038,0.540040431301467,0.109710022284845,0.464586925334485,0.443798142458738,-0.00983917541904302,0.52462475293971,0.190568748376029,0.042767403796856,0.0683105606501523,0.0377133465461795,0.16297126818187
1,0.5,0.2,0.5,0.4,-0.2,0.884477256236898,0.634115817585422,0.227097072265782,0.463305394182062,0.419798289091069,-0.13706499142684,0.493781153010388,0.172355718847508,0.0431362399596067,0.0667817176475416,0.0371421186454603,0.146813841703066
1,0.5,0.2,0.5,0.4,-0.2,1.02231783023634,0.553098896187765,0.178344901076382,0.467319520370729,0.431202607979582,0.041475943393976,0.482425098531378,0.176855842140216,0.0399058315681547,0.0701070616165919,0.0357591302433336,0.17539679942316
1,0.5,0.2,0.5,0.4,-0.2,1.08924408203158,0.437277440172225,0.162141734108327,0.571924308248908,0.393552398794811,-0.222693146748227,0.569023280467786,0.187693962977472,0.0412575478519678,0.0708755213292416,0.0379399032697061,0.149976249259207
1,0.5,0.2,0.5,0.4,-0.2,0.847383436336847,0.611650703839238,0.204024900755172,0.569464243478786,0.415554937790355,-0.348653956578437,0.667753216640581,0.227747330710317,0.0412930397703071,0.068334938032038,0.0389094657965681,0.134965913942462
1,0.5,0.2,0.5,0.4,-0.2,0.980365186633027,0.587472422078167,0.197119710556111,0.505276094009638,0.413568530560986,-0.207245432868009,0.921097218386847,0.316332373516251,0.0435105631111268,0.0739716645112168,0.0370152578272193,0.16110354672003
1,0.5,0.2,0.5,0.4,-0.2,0.975963015235199,0.590917059161331,0.191739987941564,0.423807712632379,0.415903125489193,-0.000101942498456209,0.466011759235297,0.159822440068581,0.0416075831847531,0.0689792978937974,0.0382740159619966,0.162734958175273
1,0.5,0.2,0.5,0.4,-0.2,0.84312479597537,0.548298001638619,0.177194031373926,0.50061828312832,0.41000500448166,-0.229784797546992,0.630407005508795,0.212866059632214,0.0414127762519445,0.0716376254163282,0.0376901896227503,0.153004855892579
1,0.5,0.2,0.5,0.4,-0.2,0.8498875868273,0.565089277057074,0.188730436274307,0.518376401503825,0.401043830413285,-0.333903603454342,0.714352648281691,0.237358522148107,0.0443535779560882,0.0725803342657749,0.0378205532966593,0.146503347501138
1,0.5,0.2,0.5,0.4,-0.2,0.939130628418316,0.541324143453471,0.124486593241522,0.508493689009207,0.371823243553114,-0.175047000783375,0.727004830799413,0.234647734346956,0.0418245301576029,0.068233617856936,0.0375606672465974,0.147051753662035
1,0.5,0.2,0.5,0.4,-0.2,1.0827579588485,0.50831967249285,0.179096188976204,0.550405702678681,0.420620718810974,-0.12310862938147,0.672039432637324,0.227101341614805,0.0392484435416385,0.0723926663267274,0.0376576034182216,0.166789189189929
1,0.5,0.2,0.5,0.4,-0.2,0.928218674859168,0.496164606162583,0.119828258100521,0.491357119880152,0.421502913428651,-0.253582349546802,1.13368301583635,0.394346089166204,0.0443813053695113,0.0722332370658753,0.0400663259786208,0.151884837131497
1,0.5,0.2,0.5,0.4,-0.2,0.90020521220034,0.513041909292417,0.273012037644335,0.398374803193469,0.427575254918483,-0.0881440484454614,0.8657234790161,0.309429210606927,0.0446344089116749,0.0706163592362244,0.0380706800537327,0.160370978898784
1,0.5,0.2,0.5,0.4,-0.2,1.06647994206887,0.471004595397102,0.20105295389695,0.593866252569842,0.395814693640683,-0.270914866326597,0.643772157481403,0.214752450373726,0.0396772954070315,0.070941258650963,0.0371664255425634,0.147859210367463
1,0.5,0.2,0.5,0.4,-0.2,1.04046938296289,0.475467584645126,0.19263874750422,0.555880638381516,0.395624521626077,-0.328130510292061,1.4147326698746,0.457658678693913,0.043508677476359,0.0773800920653517,0.0407876199583345,0.157669042811507
1,0.5,0.2,0.5,0.4,-0.2,0.971225607325204,0.60560352257344,0.239058580481842,0.513093764525466,0.462645486416346,-0.238022492022415,0.699409032300852,0.266733301565028,0.0416637609447666,0.0696027159106756,0.0374101553438085,0.146364199686196
1,0.5,0.2,0.5,0.4,-0.2,1.14134400946513,0.313881882222025,0.166184482633186,0.479005575833339,0.315262133023437,-0.162246374104113,0.809326345057829,0.227448219068587,0.0459465278098272,0.0713062794055477,0.0376275990399986,0.158540067840974
1,0.5,0.2,0.5,0.4,-0.2,0.985562520462284,0.49537044465262,0.215350390561234,0.430117545640058,0.413260860893371,-0.0339873683733846,0.812767789098057,0.285787588040461,0.0435186206899809,0.0666954194297345,0.0383320305049195,0.154311245476452
1,0.5,0.2,0.5,0.4,-0.2,1.12962257778703,0.417564812432715,0.190964028408712,0.538909768789549,0.399509555328541,-0.157712782141399,0.720155626986279,0.246500878415592,0.0433299055102352,0.0693001881991955,0.0367570093236711,0.153325200658977
1,0.5,0.2,0.5,0.4,-0.2,1.02561572202035,0.487914812607658,0.254514546842255,0.447239365200636,0.435600704468874,-0.0997865336481103,0.59309876024828,0.209795525570318,0.0424022563837229,0.0731929493928289,0.0386113534039756,0.166438427755807
1,0.5,0.2,0.5,0.4,-0.2,1.02118739218432,0.535704944496281,0.199716062210845,0.527780606655828,0.425378708759095,-0.216099343607324,1.01222289501626,0.352491780576224,0.0425047544710568,0.07004969828959,0.0386655608082548,0.15010562315175
1,0.5,0.2,0.5,0.4,-0.2,1.01678322270629,0.451242068332824,0.248202596732888,0.515633822501052,0.372282025145155,-0.205734141458355,0.990669958178586,0.315181693457375,0.0439983039322285,0.0785563170786424,0.037225310316081,0.172544242500432
1,0.5,0.2,0.5,0.4,-0.2,1.16157086606869,0.451304963803629,0.179257863825218,0.482503611106125,0.429311470017272,-0.103989897748788,0.803348405635064,0.28856147296227,0.0419326422958599,0.0745350984174555,0.0383376407636746,0.170723866717274
1,0.5,0.2,0.5,0.4,-0.2,0.973253128790352,0.521470962611136,0.223071419250493,0.571204391432544,0.409432216406103,-0.322965933513257,1.00456426030773,0.337795629264139,0.0422541431573509,0.0752238238601839,0.0391356367220525,0.155234081961707
1,0.5,0.2,0.5,0.4,-0.2,0.837231124266259,0.65671041320351,0.282536315765686,0.655056323645044,0.440604376938732,-0.545415988080585,0.555448167358722,0.196065318825023,0.0394939363101639,0.0786381198191555,0.039397654181201,0.145687182897989
1,0.5,0.2,0.5,0.4,-0.2,1.00943919680869,0.671845955329065,0.220567292263102,0.548933612196675,0.493607266160952,-0.244564843691594,0.416945383592008,0.161400496941653,0.0405446295226199,0.0728929450506655,0.037948042616021,0.154434039321775
1,0.5,0.2,0.5,0.4,-0.2,0.928320075838233,0.559867712950137,0.154839529557783,0.560729338520487,0.419968759290626,-0.291200662385675,0.55395821779497,0.188150235017753,0.0425138213532834,0.066798312621868,0.0386643581488944,0.135484481037058
1,0.5,0.2,0.5,0.4,-0.2,0.926930501394782,0.63389778447148,0.0803322308894007,0.587249243341373,0.467295551682355,-0.336241060525324,0.611919888239903,0.225595936994746,0.0376800882951165,0.074246243005372,0.0365697262660157,0.152371973986008
1,0.5,0.2,0.5,0.4,-0.2,1.03539854216163,0.424093301559794,0.170524615743377,0.410717269999911,0.378587826860996,0.0145653216499802,12.2186714320763,4.09319188109172,0.0511717640228105,0.141285018110431,0.0456555436567593,0.286947856897616
