"V1","V2","V3","V4","V5","V6","V7","V8","V9","V10","V11","V12","V13","V14","V15","V16","V17","V18","V19","V20","V21","V22","V23","V24"
-1,-0.5,-0.2,0.25,0.7,0.3,-1.37095283266047,-0.132254565680195,-0.18033831095015,0.82690072340718,0.795945566927244,-0.855233623509783,NA,NA,NA,NA,NA,NA,0.225855572010351,0.167080478711612,0.112388000079737,0.354992736651505,0.120436023620774,0.587142140485101
-1,-0.5,-0.2,0.25,0.7,0.3,-0.831430916025272,-0.955964192825686,-0.223967391224887,0.467106928229293,0.922458862453178,-0.488444799316349,NA,NA,NA,NA,NA,NA,0.343864623387514,0.243447795198749,0.119526421922867,0.267141215384991,0.120785954517054,0.484414566502029
-1,-0.5,-0.2,0.25,0.7,0.3,-1.10919595008373,-0.47356445315499,-0.155708622780249,0.292300115438138,0.653918000721885,-0.00586175611693688,NA,NA,NA,NA,NA,NA,0.347550100661439,0.283971702131522,0.113310994289327,0.235433637988533,0.117014991574705,0.590549052480394
-1,-0.5,-0.2,0.25,0.7,0.3,-1.14597757957408,-0.583013288129744,-0.235840152232005,0.24107140304345,0.706313070348266,0.278175492794143,NA,NA,NA,NA,NA,NA,0.349360979851363,0.242074925010632,0.123139354730453,0.263715476715975,0.105080804836318,0.801719677432183
-1,-0.5,-0.2,0.25,0.7,0.3,-1.29790679235972,-0.266991423334978,-0.274785488088042,0.46255879383483,0.677319825208807,0.0287389680277268,NA,NA,NA,NA,NA,NA,0.289250642434339,0.218697904564319,0.109380789220206,0.207488141426519,0.104889878038011,0.50816759404875
-1,-0.5,-0.2,0.25,0.7,0.3,-0.942079856527398,-0.77024042199895,-0.193201775550542,0.567925736920822,0.838702438037532,-0.499692848025049,NA,NA,NA,NA,NA,NA,0.274142757542332,0.200445461288395,0.105893200969322,0.22073855796171,0.128589896980602,0.411663731616134
-1,-0.5,-0.2,0.25,0.7,0.3,-0.776934448350839,-0.590716822800971,-0.372586755301832,0.266665949719874,0.775120942972214,0.721118283991116,NA,NA,NA,NA,NA,NA,0.329096733883352,0.19727182050284,0.122456561889991,0.191388756053279,0.0852181391950896,0.712040091430576
-1,-0.5,-0.2,0.25,0.7,0.3,-1.03133693484259,-0.497060211896299,-0.231669995423228,0.131690170751694,0.72346834280379,0.839029201109824,NA,NA,NA,NA,NA,NA,0.35673158198654,0.217478430470752,0.139414391462275,0.199330336483015,0.110874072295768,0.848955976663043
-1,-0.5,-0.2,0.25,0.7,0.3,-1.34225516546348,-0.404407894960885,-0.356540023549244,0.50774743428153,0.94010702912996,0.168751888207166,NA,NA,NA,NA,NA,NA,0.281231599572292,0.191279777097018,0.0901767589702221,0.190549251925328,0.121262140118824,0.483475188104548
-1,-0.5,-0.2,0.25,0.7,0.3,-1.14764682261124,-0.450184790359205,-0.273989698690088,0.191958548614344,0.795770742814106,1.58227921178268,NA,NA,NA,NA,NA,NA,0.391880714141057,0.27340662201718,0.0981727740700613,0.230714358020127,0.0759399353897811,2.06250269292192
-1,-0.5,-0.2,0.25,0.7,0.3,-0.542559241253425,-0.681742856001471,-0.0827580593383077,0.0337366236629539,0.686591735489921,0.967018531098648,NA,NA,NA,NA,NA,NA,0.416754473020031,0.28446432790987,0.145128854711007,0.216134485698864,0.093535117789305,1.08115028876073
-1,-0.5,-0.2,0.25,0.7,0.3,-1.39610317843863,-0.209905718721493,-0.234051699104354,0.460346571399177,0.526137908402965,0.0430007954464965,NA,NA,NA,NA,NA,NA,0.297308532046448,0.258872442793649,0.112726747476678,0.184324030355186,0.128341463101246,0.428144847789604
-1,-0.5,-0.2,0.25,0.7,0.3,-1.01446525606167,-0.601412437636298,-0.26516962030371,0.311257955681614,0.873785393968327,0.52524139923347,NA,NA,NA,NA,NA,NA,0.301467922024509,0.183675808964153,0.0982686640203984,0.186648932609417,0.10479841417969,0.592440790059217
-1,-0.5,-0.2,0.25,0.7,0.3,-1.25287695227451,-0.446937525321095,-0.262262019725336,0.189691393582432,0.75245190656752,1.36917166139068,NA,NA,NA,NA,NA,NA,0.39004165428689,0.287133935803906,0.132664392060658,0.21916174304506,0.0697399985261615,1.51476218018921
-1,-0.5,-0.2,0.25,0.7,0.3,-1.52534692813449,0.0373458307607759,-0.141363405546319,0.514388290884891,0.492726081434184,0.063264141814096,NA,NA,NA,NA,NA,NA,0.266175850730206,0.206922233134834,0.14031691978003,0.23566998800432,0.122840503834209,0.579924082165227
-1,-0.5,-0.2,0.25,0.7,0.3,-1.1823497593049,-0.385788806989444,-0.31463435070953,0.248596368511505,0.588697138231125,1.41516119818538,NA,NA,NA,NA,NA,NA,0.317117350467266,0.237969919530138,0.112827375769259,0.204424913324064,0.103499703802367,1.43829598767888
-1,-0.5,-0.2,0.25,0.7,0.3,-0.392086643203852,-0.979265427153964,0.266163571328061,0.246814476646396,0.992140190857311,-0.218022989648536,NA,NA,NA,NA,NA,NA,0.352754456124765,0.257221500744987,0.150149489990589,0.174977811964918,0.119791610710006,0.349215061606619
-1,-0.5,-0.2,0.25,0.7,0.3,-1.02920474895394,-0.599939970928995,-0.141183636096606,0.332707579093648,0.739806327578823,0.393375134747178,NA,NA,NA,NA,NA,NA,0.329418207519757,0.217697068484718,0.0964722864451471,0.243625193430549,0.100985646935149,0.763060206032466
-1,-0.5,-0.2,0.25,0.7,0.3,-1.75309243445669,0.0852323512543427,0.00148986921221817,0.637762341500491,0.744820243486699,-0.321410694555798,NA,NA,NA,NA,NA,NA,0.276373860060216,0.21651800900846,0.131176722350058,0.257825229848641,0.113967545262356,0.520763580767104
-1,-0.5,-0.2,0.25,0.7,0.3,-0.910912935372231,-0.829115173674897,-0.22594734182626,0.46361849451234,0.700111092589677,-0.347895573789948,NA,NA,NA,NA,NA,NA,0.333168045570701,0.306033067067411,0.154724605203866,0.300414738135001,0.114886870839876,0.621076534698643
-1,-0.5,-0.2,0.25,0.7,0.3,-0.718162455820247,-0.577921338921718,-0.212121456500667,0.127765906230866,0.549360763678598,0.398381855497094,NA,NA,NA,NA,NA,NA,0.41112317454221,0.289152075690731,0.131140824169386,0.206077422794946,0.114856169279338,0.593554900699499
-1,-0.5,-0.2,0.25,0.7,0.3,-1.1095073076691,-0.329643380684684,0.0166214642654907,0.161526604283133,0.590179045819558,0.917515627830305,NA,NA,NA,NA,NA,NA,0.350819975561055,0.253400242869588,0.191429299103008,0.19535712458305,0.123403439835406,0.805535524533379
-1,-0.5,-0.2,0.25,0.7,0.3,-0.541875061960078,-0.850936011461225,-0.270384976377662,0.142370492882934,0.748429837440481,0.481097366644955,NA,NA,NA,NA,NA,NA,0.393722028008069,0.294943064992112,0.152381343737586,0.210491515526463,0.103451861647678,0.671942217569022
-1,-0.5,-0.2,0.25,0.7,0.3,-0.972823602347498,-0.640104471663371,-0.50400963392469,0.29727422825513,0.823607015342507,0.348693700509529,NA,NA,NA,NA,NA,NA,0.418449373213673,0.391605422989438,0.153876800970035,0.249870785040077,0.115909909502141,0.776759529469519
-1,-0.5,-0.2,0.25,0.7,0.3,-0.911960806522602,-0.411774506526159,-0.0642550557219293,0.231530467197471,0.638377245510541,0.589001015234403,NA,NA,NA,NA,NA,NA,0.329640051166443,0.193110132318266,0.147550072077015,0.214733272566278,0.113255464128579,0.797648991524549
-1,-0.5,-0.2,0.25,0.7,0.3,-0.61972927359404,-0.763917907513038,-0.362504344270477,0.258629429196502,0.678831067488356,-0.389763184838605,NA,NA,NA,NA,NA,NA,0.427769205217053,0.324294941104918,0.208293854807468,0.344360089132167,0.116441112004214,0.704473416122372
-1,-0.5,-0.2,0.25,0.7,0.3,-1.17919358499285,-0.372152467790022,-0.3085797896314,0.0714201862498528,0.613686558936605,4.98296572076301,NA,NA,NA,NA,NA,NA,0.344168525437574,0.235169290112116,0.118809655378289,0.120528508658141,0.0871984591264695,9.81853209123214
-1,-0.5,-0.2,0.25,0.7,0.3,-1.19437962356127,-0.509421578000047,-0.177456049494259,0.1686847827121,0.84851423623363,1.91520897826782,NA,NA,NA,NA,NA,NA,0.338267334013621,0.199636473290448,0.0801718274171964,0.199988061646201,0.087004165802619,2.2252982669302
-1,-0.5,-0.2,0.25,0.7,0.3,-1.52696547532047,-0.201853555603947,0.0216437716724695,0.58321646425278,0.757134537917028,0.338516248904694,NA,NA,NA,NA,NA,NA,0.243966175637831,0.13529567930531,0.0839654161300422,0.230904317356434,0.122816029137045,0.677795271066302
-1,-0.5,-0.2,0.25,0.7,0.3,-1.28801912739783,-0.632880625470894,-0.261999845482903,0.823086317884508,0.777576667186998,-0.322723734981263,NA,NA,NA,NA,NA,NA,0.212980767567893,0.176751826713833,0.0916830069601279,0.239202126480917,0.11106342736389,0.49210044089298
-1,-0.5,-0.2,0.25,0.7,0.3,-0.811321524578071,-0.285902923445528,0.0724599872185422,0.00296700813659576,0.605316095900159,1.2520525287739,NA,NA,NA,NA,NA,NA,0.435542635682279,0.294891555746045,0.164468271870802,0.219199510307516,0.097504138756097,1.22635993692432
-1,-0.5,-0.2,0.25,0.7,0.3,-0.816018526405113,-0.530279830007725,-0.221944010703984,0.102880949713106,0.641803341958462,1.22480927391684,NA,NA,NA,NA,NA,NA,0.372803208638061,0.255533089616919,0.108835288770738,0.170410681242084,0.10419146415699,0.852338056832453
-1,-0.5,-0.2,0.25,0.7,0.3,-1.26529655089739,-0.473498054972085,-0.100490097787381,0.128212521710135,0.755614788300574,4.96562827147004,NA,NA,NA,NA,NA,NA,0.281378170149466,0.219238686507099,0.0705839719227813,NA,0.067487305819226,NA
-1,-0.5,-0.2,0.25,0.7,0.3,-0.945444967834098,-0.524706720850494,-0.156433945282361,0.48886350179479,0.619443934782165,-0.18335043992841,NA,NA,NA,NA,NA,NA,0.336113570531508,0.272594686314934,0.105283200258085,0.315579273271322,0.116890380912963,0.697002632899472
-1,-0.5,-0.2,0.25,0.7,0.3,-0.869380394103449,-0.671794438506829,-0.0912691960153109,0.188508461949039,0.850919907794645,2.1459876447603,NA,NA,NA,NA,NA,NA,0.323149283441089,0.183674241175136,0.0693894673592587,0.361380394503208,0.140736633885283,6.116530628117
-1,-0.5,-0.2,0.25,0.7,0.3,-0.500611183519141,-0.676282020492417,-0.34930163398313,-0.0491142334921871,0.631205431238239,0.958937937886832,NA,NA,NA,NA,NA,NA,0.459031489871102,0.316728957407233,0.167569082073299,0.243045168505916,0.100938188146112,1.22140619099847
-1,-0.5,-0.2,0.25,0.7,0.3,-1.16417006236774,-0.58382565934483,-0.0985352700695022,0.211364112180162,0.808770924116512,2.67690487463551,NA,NA,NA,NA,NA,NA,0.34040984152105,0.24551567599375,0.0775688929588039,0.180087703507833,0.103641358119995,3.97892583348644
-1,-0.5,-0.2,0.25,0.7,0.3,-0.992663205458439,-0.417951877424379,-0.423065011234791,0.559481012723198,0.741142630246979,-0.491250722463274,NA,NA,NA,NA,NA,NA,0.316696196618001,0.243319541490086,0.0924231792303904,0.330042965560558,0.104441283269385,0.618149917494833
-1,-0.5,-0.2,0.25,0.7,0.3,-0.386948597037958,-0.68211998636402,-0.202593005428214,0.123100114169249,0.745543966948894,0.57266986095192,NA,NA,NA,NA,NA,NA,0.413070938520987,0.284804381724314,0.101573091531006,0.20772509346536,0.113182600644999,0.6658109649611
-1,-0.5,-0.2,0.25,0.7,0.3,-0.964250362168283,-0.667828678506894,-0.121691062193147,0.559943320402233,0.828857670249796,-0.466091008999847,NA,NA,NA,NA,NA,NA,0.289399716834017,0.16702742088313,0.139431063520958,0.311280803071143,0.124852794283036,0.580502440682472
-1,-0.5,-0.2,0.25,0.7,0.3,-0.988948650469315,-0.229148063581947,-0.352868502810178,0.193575018143584,0.688898747011352,0.867510836020249,NA,NA,NA,NA,NA,NA,0.374489431998615,0.298398188395578,0.142321527476298,0.206760710933743,0.121691745119538,0.917779758130794
-1,-0.5,-0.2,0.25,0.7,0.3,-0.858373155951835,-0.427676588108213,-0.0703958123619308,0.137539470246672,0.597581905280834,0.63081711216719,NA,NA,NA,NA,NA,NA,0.408958326518528,0.289899887945142,0.124925314501009,0.238444033301825,0.114715865955886,0.870768445139836
-1,-0.5,-0.2,0.25,0.7,0.3,-1.32175670910487,-0.168727962018612,-0.256035970278805,0.186706877450992,0.378308262968226,0.958511283497895,NA,NA,NA,NA,NA,NA,0.337000701021054,0.227961865160455,0.172346036364336,0.211467006911468,0.11736468217745,0.959246862779097
-1,-0.5,-0.2,0.25,0.7,0.3,-0.852047562070788,-0.68556606650525,-0.204103026025584,0.374652125344365,0.732248620226349,0.24855723155877,NA,NA,NA,NA,NA,NA,0.295646598518455,0.200950014245508,0.0943805457077864,0.248009943019765,0.151237055005196,0.719841639626161
-1,-0.5,-0.2,0.25,0.7,0.3,-1.46067582850074,-0.13575883196435,-0.227450141524808,0.442895584563657,0.747738330698632,0.440284132767428,NA,NA,NA,NA,NA,NA,0.324788743558512,0.311996122099095,0.0969030226787722,0.204068293485581,0.110512434600989,0.632346399075266
-1,-0.5,-0.2,0.25,0.7,0.3,-0.970089514413752,-0.193580645416521,-0.068296404340236,-0.0999466416686342,0.51088804169477,4.25317885637556,NA,NA,NA,NA,NA,NA,0.418800344843119,0.353761122353228,0.124982352271173,0.12826780942518,0.102522107957272,8.90941161325185
-1,-0.5,-0.2,0.25,0.7,0.3,-0.759553472067508,-0.652814966976081,-0.220880108103562,0.08522076389013,0.630598209381801,2.04525352123371,NA,NA,NA,NA,NA,NA,0.389882952316188,0.282905397942119,0.0928540744020629,0.175610434383121,0.100156016019787,1.72582524905571
-1,-0.5,-0.2,0.25,0.7,0.3,-1.14981546607898,-0.526023716228008,-0.0681564470250085,0.446282623544129,0.693190411009995,0.281391393255374,NA,NA,NA,NA,NA,NA,0.302714290088445,0.224896749099103,0.102467481061226,0.272330621363313,0.097256662802212,0.836570440664176
-1,-0.5,-0.2,0.25,0.7,0.3,-1.20265171806756,-0.370903488578699,0.100338986323024,0.105025163610662,0.733162157558908,1.58261974545907,NA,NA,NA,NA,NA,NA,0.377611396476062,0.229688747371807,0.117389868796162,0.210272064700939,0.0853852931479874,1.74068573729582
-1,-0.5,-0.2,0.25,0.7,0.3,-0.390175262775823,-0.824772065877167,-0.312439792571874,0.0426254424147918,0.637404991524149,0.856433423536529,NA,NA,NA,NA,NA,NA,0.438301102768977,0.266474934095968,0.110669791320127,0.286791381597534,0.0909685399905665,1.42624934315957
-1,-0.5,-0.2,0.25,0.7,0.3,-0.749906335805445,-0.538077232895091,-0.419265897037098,0.317697910423635,0.658533041739727,-0.339163322509547,NA,NA,NA,NA,NA,NA,0.352187697495003,0.273935723331646,0.133201160097568,0.223610333760725,0.130724888297933,0.4423170430899
-1,-0.5,-0.2,0.25,0.7,0.3,-0.411585449544095,-0.796197209423841,-0.227587341981545,0.00466749440073825,0.650201665006408,1.64505162368649,NA,NA,NA,NA,NA,NA,0.404046687501032,0.307980617094581,0.163382553608615,0.196176745175064,0.109885086939574,1.70735448257323
-1,-0.5,-0.2,0.25,0.7,0.3,-1.39981883583541,-0.23544715307171,-0.189078648414357,0.466534139907861,0.761438780895793,0.20347938377403,NA,NA,NA,NA,NA,NA,0.296640465981328,0.211035717568069,0.0815193060865994,0.204867272994457,0.100075398935969,0.514120282363585
-1,-0.5,-0.2,0.25,0.7,0.3,-0.890943592003125,-0.76251612081735,-0.214185401133181,0.133376571574204,0.786395270929714,1.71405859962793,NA,NA,NA,NA,NA,NA,0.336505392957889,0.203001715733387,0.13356869615365,0.209911538545393,0.0984040291021159,2.02478977264035
-1,-0.5,-0.2,0.25,0.7,0.3,-1.05045294470084,-0.381528139898006,-0.290701718224585,0.51238184215117,0.684388991145881,-0.157455136066407,NA,NA,NA,NA,NA,NA,0.260990495967524,0.158412663296249,0.146971503703822,0.277707854115691,0.123412643342777,0.618786939387398
-1,-0.5,-0.2,0.25,0.7,0.3,-0.561524955712619,-0.769050093681471,-0.215267734935733,-0.0668263047037784,0.781454839985354,3.35045085393698,NA,NA,NA,NA,NA,NA,0.421638215231926,0.311302144345873,0.0899336424904904,0.155428509096592,0.0894509507945505,6.24906863603549
-1,-0.5,-0.2,0.25,0.7,0.3,-1.13900141741421,-0.389831247003423,-0.171406586186961,0.133493799539782,0.727613384492302,2.44522752861895,NA,NA,NA,NA,NA,NA,0.350415407131671,0.270928806754599,0.113145320751358,0.178423499938903,0.0908056099110462,2.75330264443892
-1,-0.5,-0.2,0.25,0.7,0.3,-1.02940142929378,-0.370414860194283,0.116504691507217,0.407626333704192,0.621950390897465,0.132086113123516,NA,NA,NA,NA,NA,NA,0.292038423382876,0.181187111900259,0.117956395587687,0.318902062477592,0.120082078480047,0.925466820886471
-1,-0.5,-0.2,0.25,0.7,0.3,-0.606099964644962,-0.910525484139596,-0.127294258021534,0.455006426466512,0.700773296188777,0.146278991479534,NA,NA,NA,NA,NA,NA,0.28415934418375,0.203320053477168,0.11334235993506,0.24094897883391,0.10539764788597,0.666097505054577
-1,-0.5,-0.2,0.25,0.7,0.3,-1.23296414516148,-0.404823121826149,-0.256735891058448,0.133968442004637,0.81492168720658,2.13149605693031,NA,NA,NA,NA,NA,NA,0.424822192416835,0.281769981294153,0.126564124777108,0.220802714329851,0.109791307030759,2.96600954761619
-1,-0.5,-0.2,0.25,0.7,0.3,-0.747111347847218,-0.806236007187206,-0.238111256353736,0.198827032186715,0.810522416775775,0.624292759517743,NA,NA,NA,NA,NA,NA,0.354199616362874,0.248934161639041,0.134241458089808,0.194974152084817,0.103710884911052,0.675121193253031
-1,-0.5,-0.2,0.25,0.7,0.3,-0.7289384397042,-0.665651531639323,-0.251479456703286,0.201622543114255,0.691517218584146,0.0639015024989145,NA,NA,NA,NA,NA,NA,0.399835884645416,0.298150977775609,0.151751326338962,0.233444271413441,0.0993018442488365,0.570508133722503
-1,-0.5,-0.2,0.25,0.7,0.3,-0.92183049876963,-0.528046436003032,-0.0445471563585935,0.309285192925484,0.732010222200007,0.170084755404689,NA,NA,NA,NA,NA,NA,0.34299379258753,0.215451598098455,0.109379508412214,0.193851389486802,0.0961009193788047,0.447002796829767
-1,-0.5,-0.2,0.25,0.7,0.3,-0.186648353464196,-1.24718757190774,-0.140168268956737,-0.0913224227120807,0.800853338112452,2.94062858752368,NA,NA,NA,NA,NA,NA,0.432000078173919,0.299797006845029,0.0753445653045563,0.174185302292452,0.0912805403651797,4.81747185178391
-1,-0.5,-0.2,0.25,0.7,0.3,-1.20193283512255,-0.419317750749146,-0.0290174034289923,0.289689913281648,0.669431267935224,0.831081273763271,NA,NA,NA,NA,NA,NA,0.296801638210181,0.182845309225252,0.0899352222789409,0.177376003766134,0.085886727759917,0.667530258021522
-1,-0.5,-0.2,0.25,0.7,0.3,-1.15317187494078,-0.327304629511519,0.0746660153300259,0.458130693588913,0.568454354777143,-0.118853144873947,NA,NA,NA,NA,NA,NA,0.281457889279258,0.196987269997171,0.117945371479751,0.18241699353187,0.116844868825786,0.392237328799156
-1,-0.5,-0.2,0.25,0.7,0.3,-0.723228175624889,-0.91716582484119,-0.18465222567173,0.690245559824754,0.744455244082559,-0.550751625802517,NA,NA,NA,NA,NA,NA,0.252109653939694,0.192757858154175,0.0988861032159483,0.345964619147536,0.128056527532636,0.680325594195202
-1,-0.5,-0.2,0.25,0.7,0.3,-1.2836981055406,-0.0466389175670296,-0.122355049171311,0.229654015456601,0.465850995286688,0.4561432971023,NA,NA,NA,NA,NA,NA,0.345908237914682,0.290098868473043,0.16891256403815,0.202922355524317,0.129740362418446,0.650909186564161
-1,-0.5,-0.2,0.25,0.7,0.3,-1.19362676835176,-0.274658195460552,-0.0651931375286244,0.512511193132568,0.721864130252096,-0.756279294774754,NA,NA,NA,NA,NA,NA,0.295643070468533,0.210131799596901,0.111831268533741,0.290281913441311,0.119253828633071,0.496601432766383
-1,-0.5,-0.2,0.25,0.7,0.3,-1.1619526963095,-0.319041042291081,-0.11363550353849,0.159749101398866,0.614606489780484,2.05495945466489,NA,NA,NA,NA,NA,NA,0.347098074960622,0.232186312409394,0.0966322773230321,0.172540508786961,0.0865902208494012,1.77557224211449
-1,-0.5,-0.2,0.25,0.7,0.3,-1.46130343962276,-0.345637593285799,-0.180582465367911,0.502336425048636,0.72067353347895,-0.0823432092678236,NA,NA,NA,NA,NA,NA,0.278538371021956,0.17751862784903,0.123753423054028,0.192895696921237,0.111392555650908,0.42689745816784
-1,-0.5,-0.2,0.25,0.7,0.3,-1.49563077259592,-0.312624798859232,-0.192490972247073,0.689323887444493,0.92524040910393,-0.330540604442305,NA,NA,NA,NA,NA,NA,0.247842170433223,0.203938029645425,0.0694174748812121,0.219583961947112,0.110386329597228,0.439493555984296
-1,-0.5,-0.2,0.25,0.7,0.3,-0.268749901222231,-1.06460484801198,-0.113471113864676,-0.105647707254843,0.831292060799508,1.89262574348918,NA,NA,NA,NA,NA,NA,0.444486599129574,0.299501072776157,0.102906345653222,0.207506143348286,0.0794917353972975,2.36034325082443
-1,-0.5,-0.2,0.25,0.7,0.3,-0.71079645855083,-0.631482460658618,-0.263373022032192,0.0436473580054961,0.650594944644079,0.690258235921333,NA,NA,NA,NA,NA,NA,0.435056415207507,0.372246826747043,0.144869182458963,0.200348093654428,0.09856142083052,0.741525114293452
-1,-0.5,-0.2,0.25,0.7,0.3,-1.60347637668389,-0.267061272010122,-0.166388049077033,0.577304518954244,0.848868647753946,-0.0575307707771013,NA,NA,NA,NA,NA,NA,0.254704937915418,0.139595287656053,0.0642160183178791,0.231575503348206,0.11106669572685,0.533506337999141
-1,-0.5,-0.2,0.25,0.7,0.3,-1.30931207071766,-0.274051442467909,-0.0981690253325868,0.476542784086251,0.797437827907706,0.217843008931165,NA,NA,NA,NA,NA,NA,0.326792026131321,0.254829645277507,0.0910453501604487,0.287309421009708,0.101216373215079,0.832847420015035
-1,-0.5,-0.2,0.25,0.7,0.3,-1.76193552426501,-0.202592207810605,-0.0915935597493891,0.650401976949006,0.903424177780591,-0.212193247146375,NA,NA,NA,NA,NA,NA,0.235836404934613,0.154732372261462,0.0605552421643292,0.195767863108667,0.110161071803775,0.408296914188988
-1,-0.5,-0.2,0.25,0.7,0.3,-1.06429798763985,-0.384241965457618,-0.26859622914223,0.00889058206198252,0.679998867507126,2.40004152783046,NA,NA,NA,NA,NA,NA,0.429126910105898,0.32391240180256,0.105188630789794,0.194676053425915,0.077528474979358,3.43140192705367
-1,-0.5,-0.2,0.25,0.7,0.3,-0.637925658431859,-0.762893932780229,-0.194989748000912,0.188170951826599,0.618629817719241,0.871069990428346,NA,NA,NA,NA,NA,NA,0.339549191092185,0.19670653495726,0.118775406035833,0.215009915214198,0.118471208838639,0.964090439029318
-1,-0.5,-0.2,0.25,0.7,0.3,-0.838898705700754,-0.575767599935738,-0.0303450361106344,0.274732407027628,0.739110302682047,0.0010190046555837,NA,NA,NA,NA,NA,NA,0.340012446839964,0.286046560471572,0.125052999228431,0.248768538046148,0.111904365687336,0.65290584895345
-1,-0.5,-0.2,0.25,0.7,0.3,-1.46401414219885,-0.21904688409844,-0.23400898730699,0.681722965507805,0.657126235663317,-0.53448662537275,NA,NA,NA,NA,NA,NA,0.250198486924614,0.20735770988677,0.0899480325669372,0.301264610552672,0.114446618232985,0.567242320716813
-1,-0.5,-0.2,0.25,0.7,0.3,-1.05773699774019,-0.602405519272193,-0.32943447014534,0.233544144015923,0.668763765837718,4.98488519243862,NA,NA,NA,NA,NA,NA,0.292153902489349,0.209565286451135,0.0519973537470368,0.11488725337045,0.0824264421655532,9.39539504286841
-1,-0.5,-0.2,0.25,0.7,0.3,-1.52681146890884,-0.405440769238002,-0.0429950996891245,0.690367406620624,0.924304706333823,-0.374478139665451,NA,NA,NA,NA,NA,NA,0.258748237375967,0.168450405046639,0.0688026546490514,0.312143721375617,0.116879123693043,0.637493467514545
-1,-0.5,-0.2,0.25,0.7,0.3,-1.10948429543275,-0.26174065746171,-0.36552045345906,0.301939878851714,0.816238419981689,-0.0154017218817712,NA,NA,NA,NA,NA,NA,0.412218395247614,0.298893356308326,0.258655901662178,0.348492848753807,0.135507314595977,0.861089675464413
-1,-0.5,-0.2,0.25,0.7,0.3,-0.836312064053721,-0.581865148130599,-0.314592647819322,0.233801672412986,0.743796878402116,0.205370679675829,NA,NA,NA,NA,NA,NA,0.350637895145818,0.237654272752281,0.121783324252956,0.214153129323603,0.108673474921887,0.578703874218855
-1,-0.5,-0.2,0.25,0.7,0.3,-0.42940845215695,-1.00591277949669,0.0313966650993258,0.129608356741769,0.879918081948578,0.765484899385661,NA,NA,NA,NA,NA,NA,0.374433130689011,0.322687671217371,0.108484955120269,0.182525252708478,0.0960981401700481,0.712407463037509
-1,-0.5,-0.2,0.25,0.7,0.3,-1.17116389985427,-0.410028789721879,-0.254811778569942,0.239023154181231,0.661637573508588,0.664917038871769,NA,NA,NA,NA,NA,NA,0.32298981343075,0.226359332724724,0.100221087064842,0.186037483938482,0.111822154082052,0.642894230757876
-1,-0.5,-0.2,0.25,0.7,0.3,-0.0563911027568628,-1.06068605406295,-0.212607474412713,-0.0145955653578682,0.717154741039826,0.959864432550323,NA,NA,NA,NA,NA,NA,0.492380457512786,0.342420795690935,0.122884980051823,0.260646443882585,0.0933145957288283,1.28552442659126
-1,-0.5,-0.2,0.25,0.7,0.3,-1.5578918632963,-0.309744572392215,-0.433288947282945,0.366236838400941,0.914277635739342,1.48692558717989,NA,NA,NA,NA,NA,NA,0.398413817525937,0.351854176262778,0.0784612577930693,0.294659686234461,0.0802253141897575,2.46399132844431
-1,-0.5,-0.2,0.25,0.7,0.3,-1.3625887575244,-0.254568163647295,-0.312075486018593,0.57562441097236,0.700467826947565,-0.440625079432254,NA,NA,NA,NA,NA,NA,0.274580099869065,0.193281650467807,0.0943219784149487,0.256175880573407,0.121282954686679,0.501053806717674
-1,-0.5,-0.2,0.25,0.7,0.3,-1.50334002594778,-0.0556189391999913,0.1313185982367,0.327322405920379,0.528645765232471,0.104981343931382,NA,NA,NA,NA,NA,NA,0.331697480169663,0.248481473212157,0.141338751164024,0.258828798573847,0.115310188593212,0.683666989267506
-1,-0.5,-0.2,0.25,0.7,0.3,-0.611472832139401,-0.705257991238695,-0.0296516165082922,0.128856511200295,0.684537187460143,0.144605467188973,NA,NA,NA,NA,NA,NA,0.425701302929075,0.262184317478346,0.160335838543719,0.308902595227808,0.0989326848912036,0.873405463440753
-1,-0.5,-0.2,0.25,0.7,0.3,-0.27994264711262,-1.05191290808087,-0.196074953396615,-0.0846278120093713,0.690316967520891,2.77402250661562,NA,NA,NA,NA,NA,NA,0.413482079046276,0.292836358134896,0.165613514623442,0.176833545513006,0.0794936175266983,4.15083805741246
-1,-0.5,-0.2,0.25,0.7,0.3,-1.10389427036977,-0.489061843932451,-0.142680899015071,0.772122606948137,0.823593633529419,-0.98760803408358,NA,NA,NA,NA,NA,NA,0.251458757432615,0.20203720668428,0.122571512002438,0.331322342131418,0.16265234520594,0.506559219013303
-1,-0.5,-0.2,0.25,0.7,0.3,-0.819631320419571,-0.507221119996513,-0.346986850379814,0.218062313219814,0.580017948089563,0.583114630513225,NA,NA,NA,NA,NA,NA,0.335839088678744,0.20667496151735,0.155707266520653,0.197887779053264,0.131613251316947,0.68420545042526
-1,-0.5,-0.2,0.25,0.7,0.3,-0.325819108283596,-0.992812818815866,0.044117604195884,0.244762214921191,0.854643990364673,0.163876609988769,NA,NA,NA,NA,NA,NA,0.485321694961665,0.392328233442186,0.156214587411957,0.341748022152311,0.0962438406648876,0.961789166227806
-1,-0.5,-0.2,0.25,0.7,0.3,-0.405950798577068,-1.0442714034331,-0.197822420250282,0.103801030316209,0.686601003959051,0.582699971541834,NA,NA,NA,NA,NA,NA,0.449032644557896,0.303164536534877,0.129990553432989,0.265419793127381,0.0979766268277974,0.940295158456943
-1,-0.5,-0.2,0.25,0.7,0.3,-1.07426922455851,-0.311284579245381,-0.333063074348897,0.268778956143041,0.480059331685521,0.447791259529872,NA,NA,NA,NA,NA,NA,0.320240772321116,0.261869369739585,0.136392762276698,0.223680198299564,0.13561056927724,0.784220614264584
-1,-0.5,-0.2,0.25,0.7,0.3,-0.828882512328866,-0.562265261246821,-0.190305413704658,0.13326998948486,0.772027489668833,-0.0965409082123501,NA,NA,NA,NA,NA,NA,0.449765609998924,0.365404773304839,0.156490377393384,0.25411008162223,0.116914368406037,0.594222170149465
-1,-0.5,-0.2,0.25,0.7,0.3,-1.43539233726508,0.0294770153700331,-0.168566581187758,0.302775702511031,0.610005105836668,0.192336775152366,NA,NA,NA,NA,NA,NA,0.364041607844245,0.30239254833632,0.136455785874473,0.243859251055989,0.0998275775436008,0.639782973510885
-1,-0.5,-0.2,0.25,0.7,0.3,-0.901393602142287,-0.463606606778995,-0.0978198453466419,0.151657254955109,0.923848961864893,0.505636150327642,NA,NA,NA,NA,NA,NA,0.407645847511775,0.249040788274666,0.0915487049478676,0.244382458355011,0.112429318077604,0.802733873884682
-1,-0.5,-0.2,0.25,0.7,0.3,-1.56161267596945,0.109037214403371,-0.334246827442085,0.243900005436247,0.455466704746746,1.18600057239527,NA,NA,NA,NA,NA,NA,0.338906861191646,0.270906260353543,0.137474475607666,0.224045099417791,0.101778684513719,1.34420526649082
-1,-0.5,-0.2,0.25,0.7,0.3,-0.871623541857671,-0.539091674335142,-0.146608027663352,0.269266518641218,0.531291222393612,1.19116755363607,NA,NA,NA,NA,NA,NA,0.361860409664617,0.305527420375877,0.107337212692194,0.213345510870712,0.111218131685398,1.2524151264351
-1,-0.5,-0.2,0.25,0.7,0.3,-0.993765621411997,-0.41856067452594,-0.0715171646401293,0.20945123724875,0.777886569452726,0.708847165638222,NA,NA,NA,NA,NA,NA,0.376819056934938,0.272850631661931,0.0900151776368876,0.184807649355861,0.0983569929422395,0.618894786214896
-1,-0.5,-0.2,0.25,0.7,0.3,-1.13348140372224,-0.520175453958554,-0.229598749973855,0.114092603376258,0.805066242389962,0.95930061461262,NA,NA,NA,NA,NA,NA,0.381988869086728,0.258285238496914,0.110754253244976,0.224222502060762,0.0851425039898517,1.0812020572667
-1,-0.5,-0.2,0.25,0.7,0.3,-0.675889070897949,-0.700676688162634,-0.378907174299701,0.104792156804404,0.634124781688214,0.810520107591408,NA,NA,NA,NA,NA,NA,0.399281407637106,0.306607366494091,0.152912900991325,0.226347250785269,0.12609048947958,0.946543734177869
-1,-0.5,-0.2,0.25,0.7,0.3,-0.76794739574056,-0.949410080828331,0.0352796702902004,0.366711691514182,0.807661701216596,0.336288081720122,NA,NA,NA,NA,NA,NA,0.315716362154082,0.219131541846806,0.132042145618064,0.219042453781766,0.094809506848352,0.66676737587946
-1,-0.5,-0.2,0.25,0.7,0.3,-0.835642175288239,-0.658047706354778,-0.145755268405602,0.0150449753015909,0.803502652575541,2.90801563489489,NA,NA,NA,NA,NA,NA,0.380763220004125,0.257027073031108,0.0875147660684977,0.187564024997047,0.081018452632155,6.00257985738923
-1,-0.5,-0.2,0.25,0.7,0.3,-1.65354203032001,-0.262266450914409,-0.165158036323581,0.473801780274264,0.781470245085561,-0.0487705932537513,NA,NA,NA,NA,NA,NA,0.284722901104353,0.213708260014422,0.156790319411711,0.23407065517647,0.110431780658328,0.590800115568269
-1,-0.5,-0.2,0.25,0.7,0.3,-0.426977635659165,-0.683491199080655,-0.29715242816261,-0.212363487671991,0.573208044298081,3.72807920433986,NA,NA,NA,NA,NA,NA,0.486649844057362,0.37455754578241,0.167262499209229,0.149346555841819,0.081245290075075,7.45060231584559
-1,-0.5,-0.2,0.25,0.7,0.3,-0.441842072861753,-1.15449227132627,0.0495248869888967,0.0495892251588936,0.822817780485336,0.777564511999504,NA,NA,NA,NA,NA,NA,0.396411399046408,0.231429542717424,0.114765136509091,0.188672797166167,0.0939118862885971,0.758275165104889
-1,-0.5,-0.2,0.25,0.7,0.3,-0.93011752868587,-0.00904665551505798,-0.166738975824463,-0.0631225036455025,0.413394343249564,4.87762395158146,NA,NA,NA,NA,NA,NA,0.389189696257523,0.287021463364305,0.1467657038985,0.121186151261094,0.0984357243771868,9.19037472545287
-1,-0.5,-0.2,0.25,0.7,0.3,-1.15502447164268,-0.52246446186123,-0.310880425957037,0.367848993444257,0.772200156467574,0.096471664178259,NA,NA,NA,NA,NA,NA,0.366659412990106,0.27291797179287,0.13191425764695,0.256352127060268,0.0974278990362465,0.65593296485627
-1,-0.5,-0.2,0.25,0.7,0.3,-1.11774045931889,-0.533567382470424,-0.288984832854625,0.45134674039219,0.681679185768406,-0.0515580184124521,NA,NA,NA,NA,NA,NA,0.288650698519148,0.179217075127301,0.12499960662453,0.212943428556088,0.0999492309620249,0.476933267968502
-1,-0.5,-0.2,0.25,0.7,0.3,-0.847263803849785,-0.522375897605018,-0.407917332498097,-0.00601140695570442,0.79012196766232,0.853334055302916,NA,NA,NA,NA,NA,NA,0.50520664198153,0.345997091034383,0.142430901745822,0.226419631417963,0.108608827480908,0.936690029889846
-1,-0.5,-0.2,0.25,0.7,0.3,-1.28941774112958,-0.385077664792565,-0.353750785894616,0.401819194629819,0.811255902076189,-0.262509199219932,NA,NA,NA,NA,NA,NA,0.330561073141442,0.242113935922539,0.1234402776771,0.224582140554094,0.113764238322616,0.474455501790922
-1,-0.5,-0.2,0.25,0.7,0.3,-1.13341626670738,-0.304005018743235,-0.225453656581698,0.408035487564823,0.5119917321924,-0.0558048369274847,NA,NA,NA,NA,NA,NA,0.31096168301533,0.211446038456298,0.124698142498524,0.282753999691991,0.118365140743355,0.678899865169233
-1,-0.5,-0.2,0.25,0.7,0.3,-1.14698776061056,-0.564995259250433,-0.133813566080586,0.124069965025212,0.84449915639479,2.12378826866173,NA,NA,NA,NA,NA,NA,0.328460119330748,0.176056072758507,0.124431394901501,0.210164886304588,0.0823522249601139,3.11812630434555
-1,-0.5,-0.2,0.25,0.7,0.3,-0.403742018018446,-1.05157391205961,-0.217519518840777,-0.0657956880071572,0.741052740492705,0.762390777771587,NA,NA,NA,NA,NA,NA,0.539331645903835,0.432599883910389,0.135903378016919,0.213235867660433,0.0988297000271076,0.775202827589474
-1,-0.5,-0.2,0.25,0.7,0.3,-1.03409834045052,-0.52406913655457,-0.0303973688302619,0.317938371396806,0.742740551384875,0.451201664363124,NA,NA,NA,NA,NA,NA,0.344301402125832,0.23410001980136,0.109361605295959,0.218764957711055,0.101399075536384,0.665839244146311
-1,-0.5,-0.2,0.25,0.7,0.3,-1.27047772308316,-0.458005578596604,-0.118187216305304,0.175319507097513,0.671463356017897,1.96443597665371,NA,NA,NA,NA,NA,NA,0.365950671966045,0.303535882520731,0.132530901534152,0.201692730541278,0.0914617859681439,2.31839711020959
-1,-0.5,-0.2,0.25,0.7,0.3,-0.868556366102045,-0.703510746423117,-0.0995752368773,0.109540418834354,0.781113628588127,0.941350418701923,NA,NA,NA,NA,NA,NA,0.421684037856944,0.31840359857012,0.121831590175643,0.232159423596288,0.0883188763719231,1.10396889121846
-1,-0.5,-0.2,0.25,0.7,0.3,-0.519889726461293,-0.921652613983598,-0.280652789118321,0.326569830793492,0.915645214678181,-0.00707107212505673,NA,NA,NA,NA,NA,NA,0.317095535231702,0.202642573994747,0.0840387647447684,0.234598571774866,0.119347988825123,0.586203750926437
-1,-0.5,-0.2,0.25,0.7,0.3,-0.85278857940121,-0.621454830883077,-0.150505465581419,0.184918063015816,0.791925225250044,0.839438980903158,NA,NA,NA,NA,NA,NA,0.341817003546469,0.190991741694773,0.0897607010257618,0.172797833935989,0.108270847946734,0.664011966878478
-1,-0.5,-0.2,0.25,0.7,0.3,-0.6547044238544,-0.656251469931905,-0.411024883355374,0.0599849330377449,0.64131859694901,0.67541770974692,NA,NA,NA,NA,NA,NA,0.419841504793088,0.340971150282717,0.143397946689698,0.200603510739285,0.100254507761167,0.723221470620546
-1,-0.5,-0.2,0.25,0.7,0.3,-1.22058995766087,-0.356294093624594,-0.385388412431119,0.386578940087766,0.925740332911332,0.53249060637196,NA,NA,NA,NA,NA,NA,0.295782032357207,0.201835936950724,0.104416574654702,0.209326805568463,0.092734569373901,0.768720698462951
-1,-0.5,-0.2,0.25,0.7,0.3,-0.277131613858906,-1.04731075396911,-0.235527972440464,0.00765687522635457,0.809478012377897,1.06348098337797,NA,NA,NA,NA,NA,NA,0.39471666156085,0.242598480417338,0.132960588192987,0.211390316092506,0.0848995296652837,1.15110900984148
-1,-0.5,-0.2,0.25,0.7,0.3,-0.304423284573708,-0.974625445388743,0.0297936043034035,-0.0823648896701453,0.703575383820873,1.857204338495,NA,NA,NA,NA,NA,NA,0.460552956504752,0.340404013055583,0.163078525042095,0.206083918142247,0.0942891746253734,2.22467043296737
-1,-0.5,-0.2,0.25,0.7,0.3,-0.832711864748833,-0.606465720232802,-0.0942740093695264,0.272765021241525,0.808602796827055,-0.0448630272640522,NA,NA,NA,NA,NA,NA,0.343271602282563,0.237674289713515,0.123281988591073,0.188701327942681,0.100599415431769,0.439694803611667
-1,-0.5,-0.2,0.25,0.7,0.3,-1.75325455436525,-0.310861220314811,-0.227623928992207,0.547908158785688,0.961369272352836,-0.154073302365494,NA,NA,NA,NA,NA,NA,0.26528708193295,0.166815800245304,0.0791232786673488,0.217441254560614,0.112927566430187,0.495296246293974
-1,-0.5,-0.2,0.25,0.7,0.3,-1.07266447036685,-0.642716888050897,-0.261777326141438,0.241867572470128,0.753229611748261,0.600718723577199,NA,NA,NA,NA,NA,NA,0.382407001871668,0.304863968887215,0.13242272563373,0.265974248648896,0.113145788764644,1.02225646791322
-1,-0.5,-0.2,0.25,0.7,0.3,-1.75495531564528,0.048634550069716,-0.167179031642922,0.431731613878343,0.649274896752238,0.192590285501912,NA,NA,NA,NA,NA,NA,0.28735948081845,0.189718093289905,0.0946793933358033,0.20099641238844,0.105244353596612,0.516800594001569
-1,-0.5,-0.2,0.25,0.7,0.3,-0.628178578969519,-0.732314120891947,-0.22296525995069,0.0757136426968342,0.688696709708929,0.371001932936835,NA,NA,NA,NA,NA,NA,0.439806444118788,0.302227981066559,0.182001631885456,0.239058525184924,0.0986480159073464,0.752468223992095
-1,-0.5,-0.2,0.25,0.7,0.3,-0.731750758962765,-0.794590272024281,-0.348441988618914,0.0592703661065642,0.744465003618698,1.04763500885992,NA,NA,NA,NA,NA,NA,0.416371350739341,0.305288788130385,0.132247042194048,0.229980485240797,0.0972757397351165,1.23138906102547
-1,-0.5,-0.2,0.25,0.7,0.3,-0.709005547852491,-0.603109146106916,-0.282580023228858,0.177370600882386,0.660101697620514,-0.362159013879166,NA,NA,NA,NA,NA,NA,0.392114448240815,0.295346345595258,0.164084982416629,0.239191948703629,0.113120300277193,0.503087732110841
-1,-0.5,-0.2,0.25,0.7,0.3,-1.53199030326281,-0.00167109535792101,-0.132651794658872,0.464214511417449,0.660191739628355,-0.122720351839862,NA,NA,NA,NA,NA,NA,0.290586552351423,0.232438102919654,0.0974182688132204,0.197382714223321,0.112129255366527,0.446564051271452
-1,-0.5,-0.2,0.25,0.7,0.3,-1.05716402653721,-0.50184079313889,-0.109153323218901,0.763056356347151,0.790646522875872,-0.405894202128236,NA,NA,NA,NA,NA,NA,0.225249661288028,0.14957743102396,0.0763946611326115,0.240026345309516,0.118524669360666,0.466099107600101
-1,-0.5,-0.2,0.25,0.7,0.3,-1.15406719277719,-0.333177102062754,-0.0930298148602587,0.388898828719041,0.701701347333192,-0.190062523127085,NA,NA,NA,NA,NA,NA,0.343792352563469,0.242297789313532,0.138324874014639,0.256158878460761,0.0974303742906319,0.554288524796296
-1,-0.5,-0.2,0.25,0.7,0.3,-0.658812770990087,-0.851344977665497,-0.200409675404566,0.233464362644548,0.887051942012457,0.00600132440222736,NA,NA,NA,NA,NA,NA,0.350242920442303,0.252684430181074,0.104343390236541,0.192092309475264,0.104529306411078,0.481018199631246
-1,-0.5,-0.2,0.25,0.7,0.3,-0.878042123460384,-0.329964556979065,-0.188151371552401,0.200546818443291,0.739382830777032,0.0298631018799644,NA,NA,NA,NA,NA,NA,0.39642058690192,0.306603643744717,0.137983041373652,0.195647243786478,0.113591492081803,0.437929475346431
-1,-0.5,-0.2,0.25,0.7,0.3,-1.1419380859975,-0.383672017589197,-0.142550686609239,0.600569379745218,0.73837019722216,-0.52974425696445,NA,NA,NA,NA,NA,NA,0.2847418382084,0.202602477803623,0.098285169001524,0.255023253939337,0.142255565086333,0.475098064402158
-1,-0.5,-0.2,0.25,0.7,0.3,-1.25301634064383,-0.0360035497099603,-0.169728099512135,0.6250438454272,0.585240042792989,-0.786865451626679,NA,NA,NA,NA,NA,NA,0.277582958647072,0.279394198008155,0.14841231899481,0.3698212395802,0.130559008387793,0.647575981256175
-1,-0.5,-0.2,0.25,0.7,0.3,-0.25627465974942,-1.37048740319579,-0.354521362325356,0.0912413137842216,0.927142285991984,0.662614852287056,NA,NA,NA,NA,NA,NA,0.440507957307346,0.333449818153372,0.0971346962089706,0.204526230862323,0.0919764520730731,0.747118918257445
-1,-0.5,-0.2,0.25,0.7,0.3,-1.46542104440757,-0.278263743339492,-0.153448479255465,0.320175535582167,0.670009501383544,0.834668472966128,NA,NA,NA,NA,NA,NA,0.358914966631213,0.249740418322423,0.121562419178351,0.213348227941331,0.0981866840459426,0.860992051722455
-1,-0.5,-0.2,0.25,0.7,0.3,-0.748590983495227,-0.865326397161223,-0.282465896602418,0.465125145659671,0.723944828383178,-0.220200907137435,NA,NA,NA,NA,NA,NA,0.289358643597217,0.232104899614811,0.146478767505591,0.234883716134067,0.102953932602766,0.517178300408915
-1,-0.5,-0.2,0.25,0.7,0.3,-1.13755584517225,-0.508756312191528,-0.349591739098585,0.224685012367853,0.939096428676368,1.57473928020461,NA,NA,NA,NA,NA,NA,0.310821270285011,0.176652350861466,0.0774316861727268,0.198625294401042,0.0896132571377478,1.60556220742743
-1,-0.5,-0.2,0.25,0.7,0.3,-1.44555304606385,0.101126142164443,-0.268575695441154,0.438412127887926,0.516860198999733,0.170134218868425,NA,NA,NA,NA,NA,NA,0.28633877981942,0.229816084418012,0.117759887789032,0.211471403041051,0.11159524701264,0.553460544590576
-1,-0.5,-0.2,0.25,0.7,0.3,-1.03070519714853,-0.181492563586266,-0.654926932134311,-0.0505774973321988,0.437060728849982,3.75878426608093,NA,NA,NA,NA,NA,NA,0.399845116888933,0.335781434390989,0.149687408005171,0.144623321530832,0.109893600690455,7.48829445029376
-1,-0.5,-0.2,0.25,0.7,0.3,-1.02689906399606,-0.558151913077997,-0.241901609045655,0.115437246832325,0.806514469257576,1.67319141679014,NA,NA,NA,NA,NA,NA,0.362425118896945,0.184975809536213,0.101351013031832,0.203306548500824,0.0906647589183597,1.70978428814954
-1,-0.5,-0.2,0.25,0.7,0.3,-0.713046734044189,-0.539657251993561,-0.306056437633003,0.143484423458956,0.661455268822528,0.640874437102515,NA,NA,NA,NA,NA,NA,0.463668853303143,0.341516132971958,0.132654943990425,0.24189806097495,0.10956374501185,0.83269303402499
-1,-0.5,-0.2,0.25,0.7,0.3,-1.14753868319818,-0.310497056470394,-0.0674435242868848,0.185436049295296,0.673069038365688,0.417133072887082,NA,NA,NA,NA,NA,NA,0.374136492880131,0.304159114066654,0.13087058695389,0.241340167363255,0.109279233749779,0.791161131670748
-1,-0.5,-0.2,0.25,0.7,0.3,-0.520008789412103,-0.792545510277176,-0.127093827702918,-0.234772464651347,0.662777132502607,4.46889061540885,NA,NA,NA,NA,NA,NA,0.491488854833591,0.342775812530928,0.159918937052037,0.126715045148301,0.074868757855378,9.82593813010912
-1,-0.5,-0.2,0.25,0.7,0.3,-0.882282521503902,-0.724516193101339,-0.214480760325227,0.46742546170798,0.777369615285559,0.0116024829844175,NA,NA,NA,NA,NA,NA,0.298998904149587,0.167877522471959,0.110443967117436,0.241733872806883,0.115957383939991,0.543693590404577
-1,-0.5,-0.2,0.25,0.7,0.3,-0.563218508824694,-0.948348199199425,-0.317444497944948,0.434065833638507,0.870970140940501,-0.451308454454309,NA,NA,NA,NA,NA,NA,0.335436444388279,0.254788413329005,0.102395498705444,0.253978454144787,0.12554930465493,0.501655366063877
-1,-0.5,-0.2,0.25,0.7,0.3,-1.24797592474046,-0.562873955258484,-0.270486902809995,1.13972596204316,0.88257967346179,-1.26537350791845,NA,NA,NA,NA,NA,NA,0.196525497439914,0.155675238748721,0.0732107121752718,0.341178220890822,0.136396676838028,0.47848405635989
-1,-0.5,-0.2,0.25,0.7,0.3,-2.07118171652378,-0.14112406419158,-0.0362809841411464,0.922989744090824,0.84362156974847,-0.246592759490138,NA,NA,NA,NA,NA,NA,0.191698718511989,0.145893370856999,0.0778144826821277,0.22800996682589,0.125153264020382,0.471088863452836
-1,-0.5,-0.2,0.25,0.7,0.3,-0.882131184492765,-0.434665442946338,-0.201815077888922,0.269919499667174,0.580301206679903,0.510064770517416,NA,NA,NA,NA,NA,NA,0.349223467424791,0.248816822157111,0.11576415596766,0.236045032512306,0.106165668981459,0.821834707715384
-1,-0.5,-0.2,0.25,0.7,0.3,-0.987410089479775,-0.609989447120937,-0.749217327091048,0.957134367789974,1.20073846495083,-1.1654848883671,NA,NA,NA,NA,NA,NA,0.143129719490182,0.0613490138323924,0.0677906206798346,0.389237765775567,0.173443427632718,0.567085430284572
-1,-0.5,-0.2,0.25,0.7,0.3,-1.08632331444237,-0.422671571002158,-0.229563782712415,0.433855645800995,0.877769200172018,-0.299977079831298,NA,NA,NA,NA,NA,NA,0.329449916680621,0.226500629357283,0.107101135827852,0.280422430122697,0.113210814631902,0.57303460140829
-1,-0.5,-0.2,0.25,0.7,0.3,-0.0391661270791254,-1.1587206758966,-0.356883899909025,-0.0405755947265897,0.720863524647513,0.607234481602337,NA,NA,NA,NA,NA,NA,0.465350529242621,0.373091882435189,0.198445948291916,0.189981252167367,0.107282332831575,0.622112791168604
-1,-0.5,-0.2,0.25,0.7,0.3,-1.0873463906805,-0.38717250157018,-0.210569751841814,0.212388646311255,0.723776476348821,1.47113893109982,NA,NA,NA,NA,NA,NA,0.333912379278509,0.19806898657912,0.105095081165089,0.198650502453254,0.0967730267446794,1.35431523963033
-1,-0.5,-0.2,0.25,0.7,0.3,-1.37516142629853,-0.391836292057964,-0.113028939882871,0.576711549535779,0.998496013308354,0.0563146615534935,NA,NA,NA,NA,NA,NA,0.229842484623928,0.125036554931939,0.0551987403173091,0.248122711982431,0.116872618746609,0.647748543447923
-1,-0.5,-0.2,0.25,0.7,0.3,-0.758859305633037,-0.616720378026433,-0.298108043213064,0.190903967506326,0.655144136846079,0.512976617327501,NA,NA,NA,NA,NA,NA,0.415315020827542,0.391208207083823,0.150338138153201,0.205545916981196,0.112469900332235,0.681304867898521
-1,-0.5,-0.2,0.25,0.7,0.3,-0.920375185842556,-0.594825115494048,-0.0924268976235934,0.0647291479005658,0.732561659432649,1.16250625163038,NA,NA,NA,NA,NA,NA,0.414312684888013,0.313800693928253,0.0976600340169134,0.218093072356229,0.0779781590958348,1.26881382990077
-1,-0.5,-0.2,0.25,0.7,0.3,-0.621584575119939,-0.748034752252485,-0.42036221560904,0.0404844929418378,0.606715715448954,0.966321715938339,NA,NA,NA,NA,NA,NA,0.451565631818365,0.320261750573553,0.193427876885896,0.262666614478106,0.0914427804532742,1.36768332121723
-1,-0.5,-0.2,0.25,0.7,0.3,-0.858722598368938,-0.577369236314016,-0.238947351746558,0.112916752501833,0.693411270757413,0.847773403723142,NA,NA,NA,NA,NA,NA,0.366818262826144,0.21669365081012,0.136187033971,0.276841719853623,0.111379460039863,1.33757248229366
-1,-0.5,-0.2,0.25,0.7,0.3,-0.947816257636451,-0.473084635207525,-0.227950953614282,0.25366633982669,0.730947170454849,0.6740645772688,NA,NA,NA,NA,NA,NA,0.324848333154997,0.219680405933215,0.126365842979883,0.239981548375292,0.100608867734223,0.971735495397957
-1,-0.5,-0.2,0.25,0.7,0.3,-1.05475019911816,-0.346550944127699,0.200754411712102,0.201527071612331,0.701844216714807,1.4741737177911,NA,NA,NA,NA,NA,NA,0.347289149122611,0.307197918856236,0.126626923489466,0.19597017373734,0.117125288541708,1.31141868730079
-1,-0.5,-0.2,0.25,0.7,0.3,-1.27397745183622,-0.564991243323893,-0.252222224609949,0.460903340682848,0.793810050665255,0.0619073118489967,NA,NA,NA,NA,NA,NA,0.269521563004056,0.162978387577348,0.118176617522494,0.233017791732064,0.104692462782357,0.606991566527402
-1,-0.5,-0.2,0.25,0.7,0.3,-1.17713368104781,-0.452709159153306,-0.248761594266115,0.329225725931452,0.820317380711864,0.0484658544656389,NA,NA,NA,NA,NA,NA,0.329188679117116,0.244715148673899,0.0970347705194968,0.21611209247825,0.100145402302579,0.540799538798853
-1,-0.5,-0.2,0.25,0.7,0.3,-0.502577625408213,-0.897989190643248,-0.2813758127954,0.0139556894363324,0.84034269308032,1.03889244665726,NA,NA,NA,NA,NA,NA,0.464938578566224,0.320478163654539,0.154527876632122,0.238066899617956,0.118882372567223,1.27767225433805
-1,-0.5,-0.2,0.25,0.7,0.3,-1.48817217716677,-0.0521699780692936,-0.303580042963692,0.361902728219266,0.516777977632091,0.273491069667497,NA,NA,NA,NA,NA,NA,0.322718790938667,0.265791378134932,0.160762481237544,0.237861908592222,0.114132602399268,0.671503142200152
-1,-0.5,-0.2,0.25,0.7,0.3,-0.504148966935027,-0.932915255069613,-0.0982287435245769,0.138832741585372,0.752605011602172,1.69194170395606,NA,NA,NA,NA,NA,NA,0.397633171832787,0.280267440398553,0.104284497803315,0.199659349393568,0.107065321423608,1.61938692508723
-1,-0.5,-0.2,0.25,0.7,0.3,-1.12161185764265,-0.428210688599411,-0.125970532376823,0.584432595626915,0.607516237041892,0.155358689489812,NA,NA,NA,NA,NA,NA,0.258387722469086,0.182790536492209,0.109035009058718,0.24678085609657,0.114873748738271,0.66984739535954
-1,-0.5,-0.2,0.25,0.7,0.3,-1.4376745491825,-0.0917043405237005,-0.340386486661441,0.532014748742313,0.502002400274239,0.407092060686209,NA,NA,NA,NA,NA,NA,0.247971167715457,0.198651935248714,0.10962777530435,0.195432890690607,0.154090677919122,0.564526720914758
-1,-0.5,-0.2,0.25,0.7,0.3,-0.718124240984976,-0.754707644811483,-0.345511227662359,0.102159256749638,0.623270328401922,1.10551884387938,NA,NA,NA,NA,NA,NA,0.364788089014458,0.260539388439295,0.128596603982377,0.178254933966711,0.0871199911108121,0.813001904204604
-1,-0.5,-0.2,0.25,0.7,0.3,-0.612728986256116,-0.533077166292646,0.0194303124927251,0.0911241590654447,0.59802684318784,0.959238700972126,NA,NA,NA,NA,NA,NA,0.350634933935974,0.198391989327938,0.131967057216904,0.185287441912679,0.0938225011090866,0.884292790519936
-1,-0.5,-0.2,0.25,0.7,0.3,-0.592571550485681,-0.831693032702809,-0.378657737356281,0.046841488412236,0.752822305938296,2.25639559664385,NA,NA,NA,NA,NA,NA,0.462015861691842,0.381008612902779,0.127035299287828,0.207111927500564,0.0900987839939869,2.90573825657491
-1,-0.5,-0.2,0.25,0.7,0.3,-1.30842177706178,-0.326624789591954,-0.0189858678829253,0.248125870648334,0.703462283251049,0.696328885398543,NA,NA,NA,NA,NA,NA,0.377147398491164,0.26757898591826,0.106139443866571,0.19126884934919,0.128735657718682,0.652392550417063
-1,-0.5,-0.2,0.25,0.7,0.3,-0.838863057025498,-0.553467489963541,-0.132076894388777,0.109630091427797,0.655728187601206,1.41076675713768,NA,NA,NA,NA,NA,NA,0.379442555815372,0.271340958514241,0.121294356672986,0.2250465602582,0.0958065559731741,1.65900678222696
-1,-0.5,-0.2,0.25,0.7,0.3,-0.689803130735054,-0.90482235449618,-0.239622893509332,0.736975780380648,0.806023468520456,-0.937396885055673,NA,NA,NA,NA,NA,NA,0.248917222175044,0.158500926188627,0.112042509422094,0.318872575131007,0.140952995529054,0.466563770164138
-1,-0.5,-0.2,0.25,0.7,0.3,-1.55490160903093,-0.200071728969046,-0.00657716627619765,0.584614578218827,0.707565624204646,-0.0993037974636753,NA,NA,NA,NA,NA,NA,0.314483140447669,0.270688274437671,0.121985303312899,0.274830094965889,0.120501415004981,0.655046996793871
-1,-0.5,-0.2,0.25,0.7,0.3,-1.02430290357311,-0.445313110990117,-0.446226495582913,0.164345759684969,0.667250825132869,1.28746978209401,NA,NA,NA,NA,NA,NA,0.352345537888402,0.191381252087984,0.12464008874306,0.243072962510674,0.0982762816365538,1.64624727522714
-1,-0.5,-0.2,0.25,0.7,0.3,-0.954847541330803,-0.554169624159968,-0.176675526695876,0.51828612511887,0.807506449381626,-0.594490212799716,NA,NA,NA,NA,NA,NA,0.318568027630628,0.235843391362683,0.111018209063925,0.257440184372146,0.118533031842467,0.453811183918929
-1,-0.5,-0.2,0.25,0.7,0.3,-0.768585149477241,-0.530298065337108,-0.16052448938402,0.368662865410961,0.67243727519224,-0.0221133518122529,NA,NA,NA,NA,NA,NA,0.30427462034302,0.17428940573443,0.152778937523776,0.222781160049298,0.103537716811974,0.53596456990478
-1,-0.5,-0.2,0.25,0.7,0.3,-0.843135762007176,-0.482721575709969,-0.246150056068051,0.0891323095591818,0.85635986029917,0.0443155061080875,NA,NA,NA,NA,NA,NA,0.408108858063811,0.291061973323291,0.141470553241842,0.212600428658611,0.114987367930911,0.523210772910491
-1,-0.5,-0.2,0.25,0.7,0.3,-1.08855844239974,-0.602266212732805,-0.269882796603583,0.339849079975127,0.758555333330797,0.466294415671719,NA,NA,NA,NA,NA,NA,0.294097383846868,0.207714821025822,0.0883275135478184,0.255010361437513,0.109440441723739,0.902870358995346
-1,-0.5,-0.2,0.25,0.7,0.3,-0.464740609634793,-0.968657166805093,-0.301583753498878,0.127907548023237,0.722289300645354,0.125416335117622,NA,NA,NA,NA,NA,NA,0.400186441651492,0.313965583357219,0.177610673718034,0.203055843599568,0.129903170840352,0.500686137355342
-1,-0.5,-0.2,0.25,0.7,0.3,-1.28404650551618,-0.292998145054169,-0.331734101581123,0.815869511097593,0.775417916585634,-0.531616827182046,NA,NA,NA,NA,NA,NA,0.218513138979409,0.147020871393553,0.0905116448029048,0.23677634019303,0.117475849343517,0.463761548649774
-1,-0.5,-0.2,0.25,0.7,0.3,-1.36466481762099,-0.0881351663492263,-0.0874488289119754,0.486940697944634,0.493849344252168,0.0458954330140326,NA,NA,NA,NA,NA,NA,0.275760639590595,0.225897146341091,0.1038913497417,0.227534804793243,0.114570200931179,0.569680144995183
-1,-0.5,-0.2,0.25,0.7,0.3,-1.43384553471164,-0.315878187146761,-0.293657479027318,0.703085998452948,0.551202895509694,-0.716232749388439,NA,NA,NA,NA,NA,NA,0.244193430682512,0.220468259928905,0.108274593735311,0.246218828296085,0.118975890108208,0.429815123677095
-1,-0.5,-0.2,0.25,0.7,0.3,-0.558404959588077,-0.804061107610118,-0.0836285789513789,0.242092143519665,0.73820977869689,0.633113199256767,NA,NA,NA,NA,NA,NA,0.383307408650083,0.293902611005873,0.127545135410507,0.24982472381116,0.0868649299150427,0.996545380449363
-1,-0.5,-0.2,0.25,0.7,0.3,-1.34342476376783,-0.460609106449449,-0.267301328787006,0.861720490516281,0.796674698742997,-0.54005501139656,NA,NA,NA,NA,NA,NA,0.221555413391263,0.170508688706167,0.0862916135640607,0.352769114345824,0.130741471481365,0.673716989021604
-1,-0.5,-0.2,0.25,0.7,0.3,-0.78404842614699,-0.694015178486721,-0.0141452920951,-0.0844996178753935,0.735899293795974,1.58661320728413,NA,NA,NA,NA,NA,NA,0.447294524700316,0.345540260024619,0.132515706670697,0.174239983854704,0.0866950200562277,1.27509949538431
-1,-0.5,-0.2,0.25,0.7,0.3,-1.50834007120099,-0.405746412339213,-0.106025605285963,0.794946899176348,0.844930606552318,-0.373189360794509,NA,NA,NA,NA,NA,NA,0.2308961175496,0.175720749385684,0.0770235565942142,0.210535253003688,0.112157326070578,0.424536796925558
-1,-0.5,-0.2,0.25,0.7,0.3,-0.661686038108039,-0.629261047368341,-0.175017959912336,0.0166365843284408,0.717339738037222,1.65479830588535,NA,NA,NA,NA,NA,NA,0.37515534420195,0.187930029427402,0.149621637338063,0.200538941033258,0.0794708458913843,1.85030670869942
-1,-0.5,-0.2,0.25,0.7,0.3,-0.652014154589678,-0.703189954026673,-0.223224256867936,0.182593801185926,0.799502197072539,0.684012045849843,NA,NA,NA,NA,NA,NA,0.394761726419416,0.277753086918734,0.108554231345804,0.212541510328036,0.0906808844374953,0.793774541422815
-1,-0.5,-0.2,0.25,0.7,0.3,-1.40827181726019,-0.283705690129947,-0.188835941257796,0.426446835285971,0.841985212212727,0.26373324346868,NA,NA,NA,NA,NA,NA,0.267115268065317,0.162015747715145,0.0686333706405425,0.235840689213357,0.109697821082253,0.71827363869021
-1,-0.5,-0.2,0.25,0.7,0.3,-0.631570938317524,-0.911462625895204,-0.06009460401696,0.0826778448114635,0.786046294130696,1.33691779515908,NA,NA,NA,NA,NA,NA,0.390840642773652,0.241649334507915,0.139139230133134,0.217730701359503,0.102432713290898,1.42701703216047
-1,-0.5,-0.2,0.25,0.7,0.3,-1.08821123097089,0.123624961154889,-0.176041903740469,0.161944293769181,0.306367065074162,0.613687563067687,NA,NA,NA,NA,NA,NA,0.403524351612917,0.365319606620238,0.161994206955385,0.233212970147195,0.1161483108996,0.771411792287749
-1,-0.5,-0.2,0.25,0.7,0.3,-0.990683686527212,-0.57740036772879,-0.206332367122991,0.278279543766039,0.721450513145661,-0.233905238767178,NA,NA,NA,NA,NA,NA,0.39366330947653,0.335341900365108,0.135292417408102,0.241640427546432,0.101718809174421,0.513899275409966
-1,-0.5,-0.2,0.25,0.7,0.3,-1.63080304101573,-0.349211581031238,-0.0862449109206907,0.9850247592241,0.966548846999599,-0.786947774769699,NA,NA,NA,NA,NA,NA,0.188108242481092,0.0948551689928326,0.059776531673114,0.300854330179877,0.13594797148865,0.489010223053141
-1,-0.5,-0.2,0.25,0.7,0.3,-1.13119123358454,-0.508647845234644,-0.383142977549625,0.423303577811835,0.858605313681141,0.188752479147844,NA,NA,NA,NA,NA,NA,0.293791953263326,0.202539725505234,0.0733141903684338,0.212023776315666,0.100902652597663,0.559084863017415
-1,-0.5,-0.2,0.25,0.7,0.3,-1.22974024218273,-0.509386709012064,-0.300721709827525,0.423830269141232,0.734336676969986,0.0836723019704735,NA,NA,NA,NA,NA,NA,0.299384073858944,0.211045275092952,0.116810789775534,0.238690034683509,0.108818494450954,0.637440975185281
-1,-0.5,-0.2,0.25,0.7,0.3,-1.137345349122,-0.359522836844264,-0.269530753600316,0.125720826105127,0.606514296252535,1.09371099569785,NA,NA,NA,NA,NA,NA,0.379739262829083,0.228891500904785,0.188992999876354,0.248530554215693,0.104333017374291,1.33820420675945
-1,-0.5,-0.2,0.25,0.7,0.3,-0.813178121354333,-0.652265886424063,-0.166685508231429,-0.00850044999355914,0.547575705516183,1.27391802231617,NA,NA,NA,NA,NA,NA,0.420697727001553,0.425227535175364,0.146842437168148,0.289794712185501,0.138593934488292,2.09351860386328
-1,-0.5,-0.2,0.25,0.7,0.3,-0.850022021457358,-0.640836200642661,-0.149661855309415,0.339793486945846,0.70679452846701,0.173873964043861,NA,NA,NA,NA,NA,NA,0.335283005231263,0.177180469192649,0.108955215929364,0.281636771456178,0.14488537710377,0.758517432090366
-1,-0.5,-0.2,0.25,0.7,0.3,-0.852989824605178,-0.44337607046672,-0.204338275028182,0.245939657821959,0.583718460831747,0.621912565305608,NA,NA,NA,NA,NA,NA,0.32901995882582,0.208738754533612,0.127721433918086,0.22323614613166,0.1118456953526,0.863005576329867
-1,-0.5,-0.2,0.25,0.7,0.3,-0.720130309322853,-0.971023487015556,-0.471043278707003,0.380073558694595,0.776813720229666,0.255242929107675,NA,NA,NA,NA,NA,NA,0.337949778860515,0.26836883961933,0.156336017458489,0.250317363073692,0.100216504844239,0.729262047872094
-1,-0.5,-0.2,0.25,0.7,0.3,-1.29570777745344,-0.48111415147872,-0.018987336939348,0.588304070173913,1.08141343907025,0.0456090153498948,NA,NA,NA,NA,NA,NA,0.236930869374088,0.146299208847218,0.0734766036983305,0.201196857425573,0.132137069341561,0.481114333277411
-1,-0.5,-0.2,0.25,0.7,0.3,-0.774620769571101,-0.516989925740763,-0.359545887206384,0.101327714520254,0.758178764906597,0.256385085312045,NA,NA,NA,NA,NA,NA,0.434346397674329,0.309371832275976,0.130255021667513,0.266683347086648,0.0941306155127312,0.777181278386208
-1,-0.5,-0.2,0.25,0.7,0.3,-1.09448673262737,-0.241183271748008,0.0563687393847606,0.267780199889936,0.642484953916068,0.355727398879609,NA,NA,NA,NA,NA,NA,0.341740110614557,0.272069073564524,0.139127790828114,0.219298548061553,0.112066518938747,0.627275687274676
-1,-0.5,-0.2,0.25,0.7,0.3,-0.988495590847307,-0.684106503979738,-0.0834280638458726,0.350520870154679,0.805955562314703,1.16298027453397,NA,NA,NA,NA,NA,NA,0.320040553809213,0.245810637151692,0.0844759878850309,0.191250622559407,0.0881267548238805,0.995405411530273
-1,-0.5,-0.2,0.25,0.7,0.3,-0.449865762428599,-0.953910458530346,-0.206458091502218,0.13987973277475,0.770404553700543,0.271477700344499,NA,NA,NA,NA,NA,NA,0.377170184199383,0.262100069289543,0.156095387331997,0.17906683462941,0.103125841420727,0.474707675191248
-1,-0.5,-0.2,0.25,0.7,0.3,-0.350343007824446,-1.21690551545469,0.0743174695911735,0.286030400925452,0.735787357094326,0.28645793666217,NA,NA,NA,NA,NA,NA,0.343970439368342,0.251659837450973,0.113638235271844,0.221503373708977,0.105790025415203,0.607951160148905
-1,-0.5,-0.2,0.25,0.7,0.3,-0.798884396030342,-0.6352358048529,-0.0739532043438437,0.0695274033949059,0.736577634084004,1.34499073491717,NA,NA,NA,NA,NA,NA,0.378235303923526,0.287678204225546,0.140649078044165,0.278195820628929,0.133993828967053,2.10024249055599
-1,-0.5,-0.2,0.25,0.7,0.3,-1.00956409179136,-0.630268321154063,-0.35312462035916,0.271131585769201,0.942844389515458,0.947022808553176,NA,NA,NA,NA,NA,NA,0.331596723045668,0.206316487999319,0.0718814863572192,0.177810732326969,0.0974252744548502,0.809725379076856
-1,-0.5,-0.2,0.25,0.7,0.3,-0.688477828569152,-0.763401799212683,-0.254146953118191,0.0823536988088521,0.730054468083055,0.570052380942679,NA,NA,NA,NA,NA,NA,0.395239016729326,0.270779706925272,0.117310065487203,0.240459240177901,0.102892738802164,0.948363896083185
-1,-0.5,-0.2,0.25,0.7,0.3,-1.05116786142329,-0.739179081173702,-0.158269970427293,0.457507263275086,0.856630574064004,0.0756257925566041,NA,NA,NA,NA,NA,NA,0.291351269918897,0.229732401140882,0.0845882579744915,0.186266341743939,0.102784338374453,0.44614145567508
-1,-0.5,-0.2,0.25,0.7,0.3,-0.435860970665372,-0.814792134144735,-0.186895067237793,-0.0946029476314499,0.629506763308787,3.68727003629586,NA,NA,NA,NA,NA,NA,0.414348972091361,0.282394828392848,0.125315474056307,0.14472619563803,0.0729005986755352,6.97446188031175
-1,-0.5,-0.2,0.25,0.7,0.3,-1.14120854765402,-0.368993324392425,-0.243549480627219,0.0890438785191593,0.63394816323894,4.71042233830825,NA,NA,NA,NA,NA,NA,0.346265318650845,0.240889005334621,0.102387894726689,0.12252084011431,0.0765157913677636,9.78624504673962
-1,-0.5,-0.2,0.25,0.7,0.3,-1.39412741008872,-0.0465935405964407,-0.324024145769714,0.212881574920828,0.616486422455327,0.940944592941296,NA,NA,NA,NA,NA,NA,0.339387666111618,0.242677661826464,0.120819363494579,0.195660713741044,0.0969871374663307,0.938148225897556
-1,-0.5,-0.2,0.25,0.7,0.3,-0.589917488266925,-1.05230839202925,-0.0348444834481968,0.0162915034807809,0.858110656049171,2.16326426035246,NA,NA,NA,NA,NA,NA,0.394136715233954,0.283363248984004,0.081717072101647,0.188812256671365,0.0901280556323718,2.6255447443076
-1,-0.5,-0.2,0.25,0.7,0.3,-0.80714211302503,-0.709315722696881,-0.21870706547253,0.187911338285913,0.887067069663858,0.231828745085508,NA,NA,NA,NA,NA,NA,0.389008946302762,0.270589719114974,0.0941850442341916,0.200127117506016,0.111537738470239,0.477584003112792
-1,-0.5,-0.2,0.25,0.7,0.3,-1.28328241109935,-0.393314622583659,0.0395126197770813,0.322674496738098,0.69784116932606,0.397099921320944,NA,NA,NA,NA,NA,NA,0.327935954519251,0.266967597471943,0.103076970172273,0.209864324572406,0.127803328014687,0.612846028269359
-1,-0.5,-0.2,0.25,0.7,0.3,-1.2263729911584,-0.310040507613149,-0.101499660168416,0.365213224245331,0.635194643390842,-0.059082039995692,NA,NA,NA,NA,NA,NA,0.317584694470487,0.222051931850454,0.153617309278872,0.210223776418092,0.102212740084624,0.503177262661914
-1,-0.5,-0.2,0.25,0.7,0.3,-0.937055619728541,-0.635552117211163,-0.247473376111988,0.0799275947848105,0.73460391422282,1.2185703683466,NA,NA,NA,NA,NA,NA,0.423815186175431,0.270356454098034,0.0843753780469342,0.231589432435098,0.100054707800843,1.38324829237508
-1,-0.5,-0.2,0.25,0.7,0.3,-1.66426510142813,-0.288875952502821,-0.212603652203678,0.784867721281693,0.887942861746164,-0.380992001318456,NA,NA,NA,NA,NA,NA,0.21141730867519,0.137359626086013,0.101718225465963,0.237546056585078,0.112012785318151,0.478802915355917
-1,-0.5,-0.2,0.25,0.7,0.3,-1.06537539199767,-0.717359447534334,-0.254768488151603,0.469598365146521,0.844769384466744,-0.104363212361993,NA,NA,NA,NA,NA,NA,0.281399733590277,0.211367858323958,0.106519431137229,0.215738594370289,0.104813716482917,0.495057274606203
-1,-0.5,-0.2,0.25,0.7,0.3,-0.780547718129807,-0.802903631422356,-0.168682187876809,0.243248266589346,0.770275814132098,0.262691782072871,NA,NA,NA,NA,NA,NA,0.359211168053263,0.261110428388334,0.124993205874566,0.201813436582984,0.0988319780186087,0.526770171728678
-1,-0.5,-0.2,0.25,0.7,0.3,-0.896979104786257,-0.747933816151492,-0.00278256937055788,0.323298554393453,0.951724588101419,0.68052156338405,NA,NA,NA,NA,NA,NA,0.325399906781416,0.229038519640995,0.0727116113149685,0.195512438154204,0.104243129876775,0.674315967246883
-1,-0.5,-0.2,0.25,0.7,0.3,-1.59060955964919,-0.0354235304926746,-0.30296385316682,0.320076683527248,0.525887379700939,0.256855456259973,NA,NA,NA,NA,NA,NA,0.337103135537653,0.250645263794657,0.150262923503175,0.220760969627579,0.110363898340264,0.595918522475287
-1,-0.5,-0.2,0.25,0.7,0.3,-0.5426987835053,-0.984851017455091,-0.324123262471346,-0.0165040849082074,0.885857870011458,2.06285492210165,NA,NA,NA,NA,NA,NA,0.369187923430439,0.213932052969225,0.111492471105636,0.195309649758082,0.0827012877253047,2.52843185278775
-1,-0.5,-0.2,0.25,0.7,0.3,-0.821956080930332,-0.619921743159874,-0.300218590315897,0.250076338898523,0.855735182948642,0.551432381491177,NA,NA,NA,NA,NA,NA,0.330218655121003,0.246256335231524,0.0884642990619212,0.199598517324446,0.100065520948563,0.700155464492846
-1,-0.5,-0.2,0.25,0.7,0.3,-1.05457581123649,-0.605528263661009,-0.119563475051658,0.346941406081986,0.819009209637921,0.0632413796647874,NA,NA,NA,NA,NA,NA,0.39413598932571,0.300943905263471,0.10720583308401,0.278426970035174,0.107587131580771,0.664400222723797
-1,-0.5,-0.2,0.25,0.7,0.3,-0.712258936787096,-0.749066467243529,0.0264675420977219,0.0791042757258752,0.627695471406693,1.24724618292631,NA,NA,NA,NA,NA,NA,0.406919229779058,0.301563925037351,0.160902038923789,0.244581644872745,0.103631553653669,1.57002285039597
-1,-0.5,-0.2,0.25,0.7,0.3,-0.779809498397324,-0.651460228067898,-0.262030922727949,0.276225280428954,0.744054855924211,0.493583859690252,NA,NA,NA,NA,NA,NA,0.330982027938448,0.224915410469641,0.101627354019662,0.20624758985832,0.118364073285147,0.712015195209627
-1,-0.5,-0.2,0.25,0.7,0.3,-1.72139208547757,-0.0249211487709355,-0.302248977048801,0.859695271534676,0.816078338554261,-0.612868099712541,NA,NA,NA,NA,NA,NA,0.19966621675823,0.129712240832298,0.0655825552483545,0.266733803112855,0.133546571119888,0.487264551141773
-1,-0.5,-0.2,0.25,0.7,0.3,-0.786231347837044,-0.588759902227317,-0.28506409524364,0.138895841046166,0.555566324392006,0.69054590156851,NA,NA,NA,NA,NA,NA,0.367894374626408,0.23128242625418,0.138224216941439,0.18276314751706,0.0970146525296229,0.619365759707565
-1,-0.5,-0.2,0.25,0.7,0.3,-0.894852929083255,-0.659924482638284,-0.245300086237615,0.672188633036785,0.79024066854771,-0.497720510370108,NA,NA,NA,NA,NA,NA,0.244307858710885,0.16198525567232,0.0681334712548705,0.260304356090894,0.131163285204461,0.487777951187885
-1,-0.5,-0.2,0.25,0.7,0.3,-1.11101387821812,-0.473359593457228,-0.228253298934503,0.36140794842909,0.819897693410107,-0.267161300063167,NA,NA,NA,NA,NA,NA,0.338112524383784,0.23968823848648,0.146136123735627,0.234971414898487,0.129812096078806,0.496675145999824
-1,-0.5,-0.2,0.25,0.7,0.3,-1.04101180099319,-0.527737857046801,-0.324350587079306,0.184907151510773,0.820168933850286,0.840675184899918,NA,NA,NA,NA,NA,NA,0.359393877670519,0.27083750702285,0.101912215054219,0.214710647447543,0.0857154895750983,0.955474236906004
-1,-0.5,-0.2,0.25,0.7,0.3,-0.343635100122167,-0.783417663773961,-0.337653707091279,0.139370133415356,0.723977491181574,0.701646924643937,NA,NA,NA,NA,NA,NA,0.379103450605478,0.24466696499106,0.117902834069797,0.205842281756537,0.104402832129556,0.76267753740078
-1,-0.5,-0.2,0.25,0.7,0.3,-0.86645341214058,-0.676911654653359,-0.294501516088987,0.211967406402101,0.816314080443932,1.41141290103729,NA,NA,NA,NA,NA,NA,0.327489148912259,0.230136512098123,0.106760041124233,0.179737916230926,0.105851726846451,1.15199312956744
-1,-0.5,-0.2,0.25,0.7,0.3,-0.959822863380196,-0.353352580092191,-0.170270658261073,0.149907434929626,0.674959273855854,0.540104986580768,NA,NA,NA,NA,NA,NA,0.445861387919048,0.306790927875831,0.0950057722910947,0.256963091089024,0.0854290425037664,0.87529898036703
-1,-0.5,-0.2,0.25,0.7,0.3,-0.528258999093989,-0.675443091658745,-0.0333309002844098,0.236337315021504,0.678730604296749,0.176221774104406,NA,NA,NA,NA,NA,NA,0.39658343448056,0.295426722972806,0.136875429744557,0.251561168826376,0.126933157376213,0.667199770695359
-1,-0.5,-0.2,0.25,0.7,0.3,-1.06697465331858,-0.434559607356547,-0.226378760079353,0.0391956842837704,0.792902296723448,1.6698849996036,NA,NA,NA,NA,NA,NA,0.384521559417496,0.248924118361797,0.116045273307017,0.229006913122451,0.101733532006323,2.22876033744376
-1,-0.5,-0.2,0.25,0.7,0.3,-0.69684219871377,-0.454241341882621,-0.335158446999465,-0.0852779707586944,0.545712022378148,2.21142368697543,NA,NA,NA,NA,NA,NA,0.44617505839121,0.282641830145876,0.148554952396017,0.215682112681069,0.0983752567678023,3.22904287545092
-1,-0.5,-0.2,0.25,0.7,0.3,-0.483135212084069,-0.719886520263896,-0.246362829371638,0.131907906137721,0.470929919692914,0.23779279472113,NA,NA,NA,NA,NA,NA,0.390095051720677,0.320230343792726,0.156548732431316,0.225759642177969,0.116351011848935,0.621652562459205
-1,-0.5,-0.2,0.25,0.7,0.3,-1.10183893782175,-0.294703252221784,-0.0731327122342763,0.052827389666451,0.526983634707471,3.31341304626254,NA,NA,NA,NA,NA,NA,0.355096479996767,0.239946484777909,0.158684738094954,0.15431194247772,0.0965351583630091,5.53003955540816
-1,-0.5,-0.2,0.25,0.7,0.3,-0.670713665402722,-0.825362989890903,-0.18485323060507,0.189415806491021,0.815160344569751,0.669166387367127,NA,NA,NA,NA,NA,NA,0.350124702329672,0.236760056177672,0.108913240692545,0.185292210638446,0.0942473931451791,0.62322410526594
-1,-0.5,-0.2,0.25,0.7,0.3,-0.922975650075868,-0.132354492104159,-0.187822028012394,0.150420461596384,0.511986354029492,0.716939227133923,NA,NA,NA,NA,NA,NA,0.364834665040969,0.313066634777449,0.163215550115339,0.206234711515446,0.114608943021921,0.808475780872985
-1,-0.5,-0.2,0.25,0.7,0.3,-0.942588576984954,-0.235862162091035,-0.106925877669258,0.179020019906456,0.587624806032249,0.00271667606365697,NA,NA,NA,NA,NA,NA,0.402241539947077,0.332995111718195,0.170523570442335,0.24501653948395,0.126037998118043,0.593123023309818
-1,-0.5,-0.2,0.25,0.7,0.3,-1.43098085506287,-0.202998509857256,-0.240573011851841,0.41374113265212,0.743932855308256,0.499741896454211,NA,NA,NA,NA,NA,NA,0.28569649454452,0.195807804409398,0.115691321704458,0.189406889172032,0.103310688869655,0.588268604289252
-1,-0.5,-0.2,0.25,0.7,0.3,-1.08392584305692,-0.35803570438075,-0.395396590769398,0.0726722332383656,0.661714327775376,0.955179362540954,NA,NA,NA,NA,NA,NA,0.396494176775844,0.29521285753511,0.155876674454109,0.230322992439975,0.101052386314394,1.13201790492015
-1,-0.5,-0.2,0.25,0.7,0.3,-1.42421595858264,-0.356616927165038,-0.278053687013609,0.352180347483742,0.693426501548523,0.799716437572179,NA,NA,NA,NA,NA,NA,0.326967384474279,0.221964919265809,0.102497211051002,0.229054030423832,0.091627941137468,0.954790526793366
-1,-0.5,-0.2,0.25,0.7,0.3,-0.594196775922387,-0.820273534378819,-0.140887748015905,0.0423757321712218,0.734570567802245,1.19626847941169,NA,NA,NA,NA,NA,NA,0.53152594810628,0.409338144117021,0.156361942274103,0.256325234257552,0.103915255174317,1.51054166469744
-1,-0.5,-0.2,0.25,0.7,0.3,-1.04596274374288,-0.204785149828792,-0.378565186275342,0.230796801993269,0.652956828233759,0.819569073276477,NA,NA,NA,NA,NA,NA,0.357969804200311,0.260296127605882,0.10919728269464,0.244228535053071,0.0938730551471962,1.08412024137477
-1,-0.5,-0.2,0.25,0.7,0.3,-1.04630957872315,-0.278226912082039,-0.137427613155434,0.0452832474788849,0.548594047221763,2.56635630705964,NA,NA,NA,NA,NA,NA,0.374897233473866,0.225762189754801,0.142438767125235,0.226821563559364,0.0948188104925409,5.25360571164377
-1,-0.5,-0.2,0.25,0.7,0.3,-1.11136458681914,-0.68203923809088,-0.293898339660204,0.475602037276772,0.925416914812758,-0.423746744745157,NA,NA,NA,NA,NA,NA,0.285086172169091,0.198441580471633,0.0758878171328732,0.340657654398898,0.144887426339094,0.675352670596956
-1,-0.5,-0.2,0.25,0.7,0.3,-0.259616486861079,-1.24473871474626,-0.571060764118512,-0.0107733941783268,0.683905359302892,1.30096359862433,NA,NA,NA,NA,NA,NA,0.429240691900798,0.297340760762121,0.176652150737741,0.202780140359863,0.0908584098499284,1.28523754634112
-1,-0.5,-0.2,0.25,0.7,0.3,-0.879166674918992,-0.548936196180771,-0.100788610172462,0.0877301988153977,0.709239060613219,1.74837480509886,NA,NA,NA,NA,NA,NA,0.416235245507155,0.282832436424373,0.136207580326288,0.24258490148685,0.0913500005797949,2.24135108845482
-1,-0.5,-0.2,0.25,0.7,0.3,-1.41538850882545,-0.208534850041308,-0.277784948009657,0.3673809339477,0.664239627105132,0.21651804170635,NA,NA,NA,NA,NA,NA,0.304401590090896,0.199352044412924,0.118029647415136,0.249827319713237,0.0972344278360314,0.764595579890247
-1,-0.5,-0.2,0.25,0.7,0.3,-0.926697221193094,-0.215638289869845,-0.0928139239044782,-0.0364806371711311,0.586071044092186,4.42097784092494,NA,NA,NA,NA,NA,NA,0.395248771216619,0.246538558412112,0.127269346645335,0.127823018327091,0.0846491955001113,9.99170400581033
-1,-0.5,-0.2,0.25,0.7,0.3,-1.51609300330207,-0.120144716179501,-0.0749913843051185,0.716743226764679,0.74802312143705,-0.63310259913382,NA,NA,NA,NA,NA,NA,0.252674459009231,0.200644629489475,0.100924871340494,0.316018026534809,0.131770180208741,0.559425258033854
-1,-0.5,-0.2,0.25,0.7,0.3,-0.589549663094931,-0.984502538269956,-0.0811594288284727,0.126795649448655,0.980781334839175,-0.022316296391697,NA,NA,NA,NA,NA,NA,0.35469024652168,0.274454649734811,0.140237233256212,0.213617452700702,0.148287319764355,0.533717518493389
-1,-0.5,-0.2,0.25,0.7,0.3,-1.18214624203152,-0.393613407836751,-0.154256464197086,0.186690352822732,0.821259539221135,0.878161495626319,NA,NA,NA,NA,NA,NA,0.357530810488743,0.235354825597568,0.113552215908106,0.198342327284807,0.0973150687813625,0.887908636435865
-1,-0.5,-0.2,0.25,0.7,0.3,-0.493376198431204,-0.814212797958037,-0.164647063450127,-0.0778715214876754,0.814067775791014,1.87885325407452,NA,NA,NA,NA,NA,NA,0.430971696156499,0.27428713072246,0.0972026555468668,0.181625808375109,0.076340803540956,1.88184792681511
-1,-0.5,-0.2,0.25,0.7,0.3,-1.12604662572116,-0.521135270700556,-0.323433314260339,0.582697185247721,0.742132743835068,-0.535088768768161,NA,NA,NA,NA,NA,NA,0.284615603937132,0.214834069191256,0.0968484795085758,0.268449303652434,0.127547471013124,0.502713154845619
-1,-0.5,-0.2,0.25,0.7,0.3,-1.48297217093169,-0.160609411621864,-0.148260782575451,0.490667814213397,0.719374899247747,-0.359579527850402,NA,NA,NA,NA,NA,NA,0.289735788500461,0.206448953411161,0.108344058415847,0.236215017208584,0.115758987087842,0.475179670232764
-1,-0.5,-0.2,0.25,0.7,0.3,-1.40200168081614,-0.306427028340298,-0.224694801548703,0.368734160841998,0.705446991858034,0.0447094664170822,NA,NA,NA,NA,NA,NA,0.319204543927015,0.224469496397697,0.107688792004626,0.21507561187332,0.0993032130831901,0.511948419395149
-1,-0.5,-0.2,0.25,0.7,0.3,-1.0685427700365,-0.45257824789955,0.0329874028109494,0.528829271708338,0.636774065713022,-0.258049021807774,NA,NA,NA,NA,NA,NA,0.310116649893844,0.222837194231119,0.193261886968442,0.352750998135588,0.110757850530109,0.75739231320214
-1,-0.5,-0.2,0.25,0.7,0.3,-1.47572163144453,-0.0346063943644221,-0.0512249484043281,0.496446006284809,0.503181164936886,0.235986771549075,NA,NA,NA,NA,NA,NA,0.290928626328214,0.253429185837944,0.110570008549724,0.260702462788658,0.129248115394515,0.776821227703587
-1,-0.5,-0.2,0.25,0.7,0.3,-1.18572354536897,-0.305707977817375,-0.189446437830874,0.333249261191918,0.52216252924425,-0.0264069249436323,NA,NA,NA,NA,NA,NA,0.343681835223023,0.30333653069397,0.167589390614801,0.262570696579567,0.110923215006932,0.624787158575735
-1,-0.5,-0.2,0.25,0.7,0.3,-1.71243633610785,-0.190290357755412,-0.181418475429833,0.387196449684355,0.610484969804629,0.981153449640116,NA,NA,NA,NA,NA,NA,0.28122124198325,0.178290612636624,0.10434573135725,0.229720484482578,0.0988648880609221,1.1435064683527
-1,-0.5,-0.2,0.25,0.7,0.3,-0.711844624053808,-0.667235460042256,-0.0602647041957824,0.0742014814499686,0.708151270337929,3.28125775464427,NA,NA,NA,NA,NA,NA,0.390697547552815,0.311031666864285,0.107047207973706,0.166564822557996,0.0910084116674992,6.41484024701491
-1,-0.5,-0.2,0.25,0.7,0.3,-0.769696128307581,-0.638623384002861,-0.207213647898644,0.421953596360519,0.823267904278871,-0.354033156051182,NA,NA,NA,NA,NA,NA,0.32503228139723,0.201403876169477,0.111278909558564,0.263356829598776,0.109613289467316,0.532272137502841
-1,-0.5,-0.2,0.25,0.7,0.3,-1.22331121464798,-0.251608712648292,-0.274514174176543,0.399703528883456,0.398850742327194,0.036563410461891,NA,NA,NA,NA,NA,NA,0.30731263134171,0.250541526582869,0.120131414018651,0.250214739238608,0.128947642923692,0.626970326610496
-1,-0.5,-0.2,0.25,0.7,0.3,-0.90332356718909,-0.454600093974366,-0.45577922263014,0.145838839417357,0.679122770695663,1.07693638969248,NA,NA,NA,NA,NA,NA,0.380910608587093,0.250418455823714,0.120516593325996,0.256539083134195,0.0846178355392632,1.50674066610476
-1,-0.5,-0.2,0.25,0.7,0.3,-1.10446849300609,-0.303343347596049,-0.446066684181973,0.534962435820212,0.524215700458478,-0.297575243813593,NA,NA,NA,NA,NA,NA,0.263746925370441,0.203916000791625,0.142420595318553,0.218082658597517,0.125150839506665,0.451438861124451
-1,-0.5,-0.2,0.25,0.7,0.3,-0.935180370674829,-0.404284433796493,-0.0756701260175503,0.240197859174893,0.566410922387968,0.643764657393738,NA,NA,NA,NA,NA,NA,0.340911450372906,0.209952143925621,0.106392710908664,0.1855363690777,0.104780042984999,0.614352132916455
-1,-0.5,-0.2,0.25,0.7,0.3,-1.52128843603038,-0.0782313551148127,-0.292695742513632,0.245659947032056,0.75417600398919,0.576233375657192,NA,NA,NA,NA,NA,NA,0.367320484566094,0.265388773861058,0.102640086971782,0.272000770267071,0.10667228094127,1.02047197784797
-1,-0.5,-0.2,0.25,0.7,0.3,-1.19324986203266,-0.404381366818441,-0.00738888796954911,0.380365997098071,0.682055071055693,0.20133174464953,NA,NA,NA,NA,NA,NA,0.306170589034648,0.214922342044836,0.144452750818826,0.244384732335262,0.116465640665881,0.682221180755267
-1,-0.5,-0.2,0.25,0.7,0.3,-0.941002389027187,-0.534499686845584,-0.297634588311915,0.447127716375992,0.542493091629712,-0.247249088792102,NA,NA,NA,NA,NA,NA,0.313282711788557,0.232847689985834,0.105236854217317,0.228013359965919,0.106640610361558,0.451456862826779
-1,-0.5,-0.2,0.25,0.7,0.3,-0.547848855016656,-0.876770932680286,-0.199644118724099,0.134360503047684,0.748354978638722,0.211969133099596,NA,NA,NA,NA,NA,NA,0.4135297105009,0.294634457437407,0.148693173749043,0.191323609790194,0.11974070395005,0.479495456293716
-1,-0.5,-0.2,0.25,0.7,0.3,-1.03181941684923,-0.533369752893946,0.083538480725706,0.892115384578474,0.928449920964525,-0.85634792131048,NA,NA,NA,NA,NA,NA,0.242172972527501,0.190420656427884,0.0828691776889914,0.271981151391254,0.132418272898649,0.424346396911515
-1,-0.5,-0.2,0.25,0.7,0.3,-1.0912490823212,-0.334994394445705,-0.0842497551149514,0.348433687556785,0.657514114591371,-0.194529796634333,NA,NA,NA,NA,NA,NA,0.351428044526746,0.252659302791018,0.120334242156579,0.263637658324876,0.105182083501713,0.558814348133927
-1,-0.5,-0.2,0.25,0.7,0.3,-1.81990321430074,-0.00156327162310684,-0.335687158980992,0.530782900950603,0.554077459961201,-0.0156186438726349,NA,NA,NA,NA,NA,NA,0.282546328550843,0.21811334514017,0.129186467852549,0.256818925497268,0.115951827429431,0.608477059077949
-1,-0.5,-0.2,0.25,0.7,0.3,-1.25782752594378,-0.176002221975017,-0.0542466258435833,0.295370181640907,0.541801060869634,0.53275198586515,NA,NA,NA,NA,NA,NA,0.334408359686868,0.21487686042909,0.136278585620631,0.254975356463788,0.097744011230243,0.918188996141502
-1,-0.5,-0.2,0.25,0.7,0.3,-0.875251556406725,-0.736877478848822,-0.388124858598406,0.45533824609544,0.742132637808286,-0.236255469798824,NA,NA,NA,NA,NA,NA,0.288479206398502,0.182352006046247,0.108654587029748,0.239533839221088,0.125683087634145,0.503841363795069
-1,-0.5,-0.2,0.25,0.7,0.3,-0.770230006336506,-0.547311283095415,-0.0518005318480189,0.089940531421153,0.572003586948665,0.57665411157357,NA,NA,NA,NA,NA,NA,0.500515996322739,0.400691050573793,0.132657176359002,0.352535480058784,0.10515415323203,1.40529405409534
-1,-0.5,-0.2,0.25,0.7,0.3,-1.28324937620707,-0.602221291944382,-0.220860787886104,0.772663631124658,0.710480485932263,-0.401785302994443,NA,NA,NA,NA,NA,NA,0.246646633955196,0.204779548073863,0.117611158675398,0.239039493732343,0.116665504563202,0.446098430526321
-1,-0.5,-0.2,0.25,0.7,0.3,-1.28115719895657,-0.348047123008643,-0.211869663926951,0.569764602766617,0.951588275836832,-0.410476340475335,NA,NA,NA,NA,NA,NA,0.278145821651258,0.202761554861765,0.0716212828067809,0.213578886876681,0.108515127406422,0.415125734427957
-1,-0.5,-0.2,0.25,0.7,0.3,-0.505112640854602,-0.750535488375656,-0.0218890324388884,0.307118641741481,0.70536898109037,-0.367974975644053,NA,NA,NA,NA,NA,NA,0.363120622881827,0.246180477445036,0.138998916150334,0.240561926608823,0.109241539222469,0.478079771858983
-1,-0.5,-0.2,0.25,0.7,0.3,-1.05974279802465,-0.567596306490188,-0.25257994212675,0.0830155328776587,0.614596693299421,2.36572740336473,NA,NA,NA,NA,NA,NA,0.418363947526912,0.331449706016708,0.113380168782283,0.207584603927117,0.0673865308260608,3.31379172330296
-1,-0.5,-0.2,0.25,0.7,0.3,-0.98605910233871,-0.59746643381738,-0.133347908688214,0.26324534933949,0.720633941603498,0.326801135457077,NA,NA,NA,NA,NA,NA,0.343965146667175,0.236596628246253,0.154406651507721,0.211165708392395,0.10311365183623,0.6519191532307
-1,-0.5,-0.2,0.25,0.7,0.3,-0.717697977874712,-0.685468802475429,-0.0635610725646498,0.210741076058958,0.748391839030226,0.612091818026466,NA,NA,NA,NA,NA,NA,0.358721096686796,0.272157345766946,0.12931818052724,0.19672844399657,0.0908774296478016,0.731938753440677
-1,-0.5,-0.2,0.25,0.7,0.3,-0.286318273957122,-1.11812866085582,-0.179652362348528,0.1513159452691,0.771723795955568,0.373296331830438,NA,NA,NA,NA,NA,NA,0.430740095780036,0.342629574584925,0.174723339502332,0.252858036689215,0.0990865781166019,0.764501570538566
-1,-0.5,-0.2,0.25,0.7,0.3,-1.22061478235224,-0.211899900434629,-0.331552347115489,0.311175990092973,0.627980539681989,0.888557934733709,NA,NA,NA,NA,NA,NA,0.305809624310438,0.197208866714979,0.132077770808189,0.197659178675021,0.0881041039403418,0.817070591902719
-1,-0.5,-0.2,0.25,0.7,0.3,-1.37816548941152,-0.148787581735276,-0.350541271484669,0.48236708152456,0.620633972817009,0.155920693267852,NA,NA,NA,NA,NA,NA,0.333619461785532,0.248835669833105,0.102990155268096,0.282302093223699,0.102675304558181,0.757469513935887
-1,-0.5,-0.2,0.25,0.7,0.3,-1.01662147800227,-0.625154027574032,-0.350079078238451,0.299266759001204,0.85181561715438,0.58148431817581,NA,NA,NA,NA,NA,NA,0.316590841193008,0.203715109661442,0.11865813971599,0.205339360755095,0.113870772609755,0.716145552760967
-1,-0.5,-0.2,0.25,0.7,0.3,-0.895004941105238,-0.475993986582649,-0.133834332502069,0.0653664542828907,0.657851051793934,0.903716672503258,NA,NA,NA,NA,NA,NA,0.432175853293843,0.281264171594543,0.157586177174414,0.219014104870996,0.104776918638223,0.887362371137336
-1,-0.5,-0.2,0.25,0.7,0.3,-0.610785852887378,-0.972705054905566,-0.0466783030015309,0.0591204558405593,0.811066396600757,2.23016489319415,NA,NA,NA,NA,NA,NA,0.345793962296956,0.199990881734742,0.088234039634641,0.180064221426442,0.0904195289418759,2.60867212968007
-1,-0.5,-0.2,0.25,0.7,0.3,-1.26652918445716,-0.471000344458547,-0.0676261885165436,0.517851610925574,0.874327212867503,-0.190391694896449,NA,NA,NA,NA,NA,NA,0.286885889581439,0.203053895825258,0.077026528550138,0.232278065547969,0.108394962363247,0.519003913419827
-1,-0.5,-0.2,0.25,0.7,0.3,-1.02485567717094,-0.583941028973349,-0.264545017229405,0.3155534305048,0.852005051324835,-0.209653078706604,NA,NA,NA,NA,NA,NA,0.33982249871673,0.227010545669686,0.100131946746445,0.264975453147236,0.127741533110238,0.558743967496053
-1,-0.5,-0.2,0.25,0.7,0.3,-0.497762789279385,-0.970944707185903,-0.333832708863054,-0.00528628477556572,0.715798592967746,4.65320247493708,NA,NA,NA,NA,NA,NA,0.363366189654812,0.257041496783873,0.0973231143734742,0.12048838181109,0.0755366053723196,9.53621282263206
-1,-0.5,-0.2,0.25,0.7,0.3,-1.43824355623002,-0.137728417712563,-0.126127119593047,0.229944336530243,0.771296600368704,0.138699085208333,NA,NA,NA,NA,NA,NA,0.470232923815373,0.370668645660482,0.11858155645431,0.335436621528948,0.103722774423316,0.943744239320067
-1,-0.5,-0.2,0.25,0.7,0.3,-1.05340415572188,-0.371087034214958,-0.200560189406393,-0.031116382790336,0.551165832607208,4.3451344579214,NA,NA,NA,NA,NA,NA,0.38227232968978,0.2766591142973,0.139063129225177,0.126100288407596,0.0707448472726963,9.36884072399443
-1,-0.5,-0.2,0.25,0.7,0.3,-1.23762065344392,-0.48252732250845,-0.253450787540334,0.319665389497837,0.908987605093129,1.4350498818708,NA,NA,NA,NA,NA,NA,0.271774200997164,0.157707889022936,0.0657405758645712,0.173075085437522,0.0914659362438868,1.16469471865554
-1,-0.5,-0.2,0.25,0.7,0.3,-0.443609227632287,-0.549215786261637,-0.177133536003506,0.112345245138657,0.615694491023778,0.334107170512669,NA,NA,NA,NA,NA,NA,0.948562794274633,0.421848722467772,0.727967969978296,1.18472651106147,0.183758903071851,3.93948709853371
-1,-0.5,-0.2,0.25,0.7,0.3,-1.12917830502295,-0.343438134013586,-0.240957799415897,0.267287582008351,0.749001103311478,0.294234320197052,NA,NA,NA,NA,NA,NA,0.363892642831153,0.243074198995624,0.114279273127472,0.314885200223746,0.103786254343379,0.99262201200442
-1,-0.5,-0.2,0.25,0.7,0.3,-0.497050487699402,-0.567570162433126,0.125814046129467,-0.0521806951834593,0.54961227347664,1.52268417944027,NA,NA,NA,NA,NA,NA,0.426180652679596,0.346503430134711,0.160090286133862,0.182901856001271,0.117098827515942,1.33035603149744
-1,-0.5,-0.2,0.25,0.7,0.3,-0.749884121448745,-0.666633509161279,-0.235828688259822,0.258953378193755,0.758740309832954,0.0509164951688462,NA,NA,NA,NA,NA,NA,0.363788379640255,0.256587030248909,0.140144730942639,0.28314539804144,0.106257112823648,0.755552144039967
-1,-0.5,-0.2,0.25,0.7,0.3,-0.253980274801056,-1.02146207672746,-0.222960586695346,0.0969855092688815,0.765683246713458,0.462357698864662,NA,NA,NA,NA,NA,NA,0.460071460409575,0.358798064252529,0.115787657582557,0.24308092743018,0.105363591653435,0.7926182438407
-1,-0.5,-0.2,0.25,0.7,0.3,-1.07047372336219,-0.580973389503226,-0.108340330954674,0.35337317178036,0.818233335644392,0.381452195255956,NA,NA,NA,NA,NA,NA,0.292289235789528,0.176809634650813,0.078234069480837,0.250869405047415,0.115031597991202,0.812494278221558
-1,-0.5,-0.2,0.25,0.7,0.3,-0.799283524668346,-0.631960269884247,-0.349905529105973,0.228928691902452,0.778476172592371,0.357263230380257,NA,NA,NA,NA,NA,NA,0.330935521539719,0.2071808600732,0.112901125222305,0.225991893455866,0.106267414107997,0.708029377836267
-1,-0.5,-0.2,0.25,0.7,0.3,-0.91287572744475,-0.64049036392175,-0.293091404115987,0.171132976016124,0.688133109175387,1.47434542566598,NA,NA,NA,NA,NA,NA,0.349113394501159,0.26291963937759,0.103343294587114,0.183483938210713,0.107001756897706,1.20859840867471
-1,-0.5,-0.2,0.25,0.7,0.3,-1.04168619911444,-0.479688941193531,-0.264451116176162,0.0835969162680924,0.595274330060463,2.06043162770519,NA,NA,NA,NA,NA,NA,0.35487336020606,0.164760154370852,0.109242200078546,0.222926289719792,0.0851161778737983,3.14250833146486
-1,-0.5,-0.2,0.25,0.7,0.3,-1.2597490226673,-0.532821296356423,-0.287510367150665,0.717080508446108,0.632775198744883,-0.699847737401288,NA,NA,NA,NA,NA,NA,0.256689100252597,0.235381158794064,0.106301249416892,0.271147625108122,0.141595575214141,0.4684114448475
-1,-0.5,-0.2,0.25,0.7,0.3,-0.88628874145237,-0.741869878414823,-0.124756446501756,0.455917159818838,0.902081043684818,-0.150435684518205,NA,NA,NA,NA,NA,NA,0.286106602775219,0.172707649211486,0.0840912448153807,0.184242087606929,0.122676405285484,0.388306882337846
-1,-0.5,-0.2,0.25,0.7,0.3,-0.266398060799194,-0.814164122739156,-0.274764353125441,-0.165057392803365,0.707082011584126,1.26885320111515,NA,NA,NA,NA,NA,NA,0.479143897614295,0.250573705426757,0.165358873780864,0.233829972387817,0.0934971461720285,1.49056011797317
-1,-0.5,-0.2,0.25,0.7,0.3,-0.87683784490206,-0.631928622888652,-0.0604172687153499,0.081227964984169,0.786288718070987,1.89007468076567,NA,NA,NA,NA,NA,NA,0.521049022087773,0.367485721401349,0.140123647065563,0.335422492026365,0.0795588717149276,4.17849246106786
-1,-0.5,-0.2,0.25,0.7,0.3,-0.596195318718077,-0.847365944036316,-0.204052445005072,0.178925037842365,0.806764971577283,0.452708210232679,NA,NA,NA,NA,NA,NA,0.424952459594503,0.37822125754567,0.146124326707163,0.253802774754261,0.0953964588374443,0.830389704788842
-1,-0.5,-0.2,0.25,0.7,0.3,-1.07201543658234,-0.571890991699214,-0.0963208565193306,0.319410069538272,0.748243028285924,0.299688580100793,NA,NA,NA,NA,NA,NA,0.327382542686926,0.255574829615097,0.133719991769779,0.171852162673398,0.121601461182846,0.496769599876406
-1,-0.5,-0.2,0.25,0.7,0.3,-1.10487688585871,-0.31755813336185,-0.235251816084608,0.19708978622236,0.72722211935463,0.554821399361756,NA,NA,NA,NA,NA,NA,0.387956249238687,0.287322450261976,0.136118686735362,0.190907784294927,0.107056167360413,0.586755122807731
-1,-0.5,-0.2,0.25,0.7,0.3,-0.940029939668114,-0.649127028464492,-0.207436919890211,0.388274314335111,0.756262666074211,-0.286169455213431,NA,NA,NA,NA,NA,NA,0.343033037630848,0.280124940493971,0.157538621995944,0.232682486624447,0.113292151014098,0.477904556955578
-1,-0.5,-0.2,0.25,0.7,0.3,-1.20973456867664,-0.465239692929008,-0.182427560893885,0.424017547149221,0.758799945720797,0.0591797408539787,NA,NA,NA,NA,NA,NA,0.380074260354131,0.293550716048352,0.0984832569328077,0.324909451824702,0.11048985530287,0.884586549743406
-1,-0.5,-0.2,0.25,0.7,0.3,-1.35685105018796,-0.310743887079414,-0.315922857822271,-0.0422260557219321,0.692640028946444,3.64627814423249,NA,NA,NA,NA,NA,NA,0.377649890872131,0.21709441495435,0.124938872562204,0.145990235935025,0.0784608334832443,6.62838119659685
-1,-0.5,-0.2,0.25,0.7,0.3,-0.806522034898817,-0.75338487315922,-0.352693024229313,0.149583201880957,0.671816305942219,2.50130387152557,NA,NA,NA,NA,NA,NA,0.347814206426017,0.230621379294237,0.0891294366002881,0.185511317457877,0.089997466346446,3.07373122593539
-1,-0.5,-0.2,0.25,0.7,0.3,-1.21744193350658,-0.304019797053866,-0.00530736468204072,0.107025917215619,0.545958577179164,4.39586113786894,NA,NA,NA,NA,NA,NA,0.341522858224391,0.240491908385733,0.0748824327775025,0.130107738759398,0.083076770677109,10.119907961509
-1,-0.5,-0.2,0.25,0.7,0.3,-1.20447764367499,-0.471925518433437,-0.0390348494996151,0.236878034142878,0.747855254498696,0.489595575442067,NA,NA,NA,NA,NA,NA,0.432052079281527,0.315043822314982,0.128089841947237,0.27345127447636,0.102801368443866,0.952041941367979
-1,-0.5,-0.2,0.25,0.7,0.3,-0.688637838323758,-0.745874400058727,-0.306776883047204,0.101567325729245,0.830988353328686,0.590588899865822,NA,NA,NA,NA,NA,NA,0.419112556768167,0.351078517967311,0.156537859935696,0.199278152114089,0.100435337641087,0.68126951217661
-1,-0.5,-0.2,0.25,0.7,0.3,-1.57551183615422,-0.0987928951744402,-0.232545911149668,0.503969497380746,0.750630692230426,0.321847002330779,NA,NA,NA,NA,NA,NA,0.294112505704061,0.246324787016601,0.0886808119244671,0.206618935592574,0.103893269308653,0.556705670607419
-1,-0.5,-0.2,0.25,0.7,0.3,-1.11915807180129,-0.636578443696623,0.0130699760298759,0.631253056875759,0.59958575383347,-0.901429067131933,NA,NA,NA,NA,NA,NA,0.271522904851984,0.235307455392187,0.171553082338588,0.312874857532556,0.135794270982792,0.507463296691725
-1,-0.5,-0.2,0.25,0.7,0.3,-0.990185151363355,-0.625351993271325,-0.237043390240288,0.399256716009064,0.668357037157806,-0.327118497317605,NA,NA,NA,NA,NA,NA,0.600331187850835,0.410955516105692,0.342284133077249,0.959769130334095,0.112282565818725,2.12743140286984
-1,-0.5,-0.2,0.25,0.7,0.3,-1.51234548754365,-0.00740911364946143,-0.0856377365706582,0.425908825733354,0.60527657253329,0.424649629642897,NA,NA,NA,NA,NA,NA,0.293046289694914,0.224355596592398,0.102080510827057,0.234719813403723,0.126876523786799,0.755830661012451
-1,-0.5,-0.2,0.25,0.7,0.3,-1.06139575054196,-0.611377292781868,-0.14381825482851,0.301881338353345,0.862405633634589,0.549168360023808,NA,NA,NA,NA,NA,NA,0.296012798675577,0.1794489175397,0.0851409686512568,0.183930247629267,0.0998218186980484,0.600241306155562
-1,-0.5,-0.2,0.25,0.7,0.3,-0.925005561362132,-0.561569318702062,-0.463682245675458,0.124784884763527,0.690481088799512,1.30693226966539,NA,NA,NA,NA,NA,NA,0.358424869520777,0.231736150202273,0.112665791464223,0.209720484429357,0.0836078042888595,1.41335430775191
-1,-0.5,-0.2,0.25,0.7,0.3,-1.70510092034033,0.00589273793683538,-0.260879503315959,0.376245755359532,0.830237528176365,0.288791794207476,NA,NA,NA,NA,NA,NA,0.31788524631853,0.25724271036789,0.081450557277243,0.23043870015035,0.136766294791922,0.654021397768473
-1,-0.5,-0.2,0.25,0.7,0.3,0.168302299944534,-1.06992876061303,-0.317918039136274,-0.320434346316977,0.761105406522081,2.16956183387989,NA,NA,NA,NA,NA,NA,0.562535375566493,0.295703042468758,0.148040665773899,0.213956020465053,0.0827971237700148,3.04232326394758
-1,-0.5,-0.2,0.25,0.7,0.3,-0.783987124731097,-0.38476617707778,-0.164162469244377,0.0795692038792444,0.549090855155413,0.958805990880397,NA,NA,NA,NA,NA,NA,0.39852476054061,0.292220375818394,0.186304578275469,0.25013670545741,0.104539065835012,1.26199438681104
-1,-0.5,-0.2,0.25,0.7,0.3,-1.336584463013,-0.296468014547403,-0.072132982764659,0.514691606626162,0.747457255504583,0.0193018999939484,NA,NA,NA,NA,NA,NA,0.316196218468089,0.231599821889253,0.113693704941074,0.250816412502697,0.0926876337568418,0.592614502893326
-1,-0.5,-0.2,0.25,0.7,0.3,-1.21264367337803,-0.211806171585561,-0.1898865522173,0.587982988606387,0.6322746797004,-0.596311013581897,NA,NA,NA,NA,NA,NA,0.283878503871304,0.232407136712124,0.10897479121942,0.321988053579909,0.118550746566373,0.595452261092456
-1,-0.5,-0.2,0.25,0.7,0.3,-0.925525803831487,-0.600099284825092,-0.143120797574159,0.318127289705789,0.640026057576481,0.125957858925256,NA,NA,NA,NA,NA,NA,0.325139185621811,0.205124349073489,0.116905322244515,0.225810059904655,0.126308178068746,0.633096602092934
-1,-0.5,-0.2,0.25,0.7,0.3,-1.65640616196526,-0.00808790136477621,-0.0311958260492678,0.447546594875179,0.665584661714452,-0.103316283670417,NA,NA,NA,NA,NA,NA,0.324891322734519,0.264369167453418,0.178903533339268,0.244820188803972,0.111878585728009,0.546837382715046
-1,-0.5,-0.2,0.25,0.7,0.3,-1.38304124120451,0.145378801847152,0.210210206387146,0.52305170741689,0.502682949949574,-0.503007133278672,NA,NA,NA,NA,NA,NA,0.327189006056989,0.266530865582401,0.203239839560656,0.423242131917865,0.126333785820065,0.805184586490309
-1,-0.5,-0.2,0.25,0.7,0.3,-0.449623719798298,-0.879737854372946,-0.156233060988025,0.163748500496998,0.748111097062923,0.508798552612897,NA,NA,NA,NA,NA,NA,0.367981259051052,0.249746764399018,0.12906235866417,0.191950348981079,0.0981021969131368,0.640249239007598
-1,-0.5,-0.2,0.25,0.7,0.3,-1.1283316180409,-0.405217045106196,0.1640221857473,0.452035030257944,0.650660640936009,-0.0361922223401205,NA,NA,NA,NA,NA,NA,0.299788735801456,0.215216089404379,0.150339252607635,0.214109145327019,0.119727672659174,0.485034157174684
-1,-0.5,-0.2,0.25,0.7,0.3,-0.549712546624978,-0.528180057771739,-0.223940263144915,0.381053314677641,0.689823364586893,-0.0255938400996233,NA,NA,NA,NA,NA,NA,0.326806676487486,0.215879549503657,0.131588993245017,0.276238735302315,0.127713573267657,0.656800206597192
-1,-0.5,-0.2,0.25,0.7,0.3,-1.41919308920344,-0.252095421519771,-0.273883056932229,0.281740300750071,0.864363061845585,0.814004451217876,NA,NA,NA,NA,NA,NA,0.270732237453818,0.134455527403489,0.0994589021708721,0.188483128766178,0.115186204685572,0.790793094048237
-1,-0.5,-0.2,0.25,0.7,0.3,-1.57336919754779,-0.264650923745079,-0.180313219905938,0.517767728311197,0.693021625631683,0.241480617607201,NA,NA,NA,NA,NA,NA,0.25441736360462,0.147340403912292,0.103060100640269,0.189395919969624,0.111761347938285,0.527472612673498
-1,-0.5,-0.2,0.25,0.7,0.3,-1.42931949658589,-0.262336726530026,-0.0682707055371684,0.324070212562391,0.835081452750832,1.7321803185706,NA,NA,NA,NA,NA,NA,0.321333180175374,0.256219259735119,0.0885087268375838,0.235289527544096,0.0804613603925213,2.33969533249641
-1,-0.5,-0.2,0.25,0.7,0.3,-1.36027020888327,-0.300086149540144,-0.203530793508167,0.438851180803661,0.652092904939729,0.696773977799046,NA,NA,NA,NA,NA,NA,0.325813993576624,0.209297052530454,0.117111483725595,0.382371467349469,0.0950928510981908,1.70807264926453
-1,-0.5,-0.2,0.25,0.7,0.3,-1.13702520822054,-0.379107571723158,0.0449562992534387,0.322731090576191,0.699505498195929,0.659897820923594,NA,NA,NA,NA,NA,NA,0.316144272507384,0.227132505159547,0.12006181185866,0.197712194109818,0.109213302697075,0.68799012088258
-1,-0.5,-0.2,0.25,0.7,0.3,-1.46353984923567,-0.347502002336329,-0.231747318152234,0.53110608613601,0.641908270211755,-0.247072178131499,NA,NA,NA,NA,NA,NA,0.296015133869015,0.169554879171183,0.0880156474444606,0.219000166083712,0.127684434856358,0.421232865596949
-1,-0.5,-0.2,0.25,0.7,0.3,-0.902817919280613,-0.409937539397626,-0.0819452457818078,0.162712901203822,0.612876047814995,1.1079632869989,NA,NA,NA,NA,NA,NA,0.355268511469896,0.234968074931742,0.17092085874859,0.214813748757596,0.110979787554994,1.21112297638594
-1,-0.5,-0.2,0.25,0.7,0.3,-1.04980919573083,-0.636139769589121,-0.171484919791258,0.229568548984959,0.758525839676428,0.317009122041848,NA,NA,NA,NA,NA,NA,0.363409602019876,0.245977324300256,0.108280924727475,0.19856190977456,0.127767561764939,0.5691949837849
-1,-0.5,-0.2,0.25,0.7,0.3,-0.819083292787584,-0.465815144100862,-0.0141501372174064,0.238225783364282,0.463700486203953,-0.0543238487616921,NA,NA,NA,NA,NA,NA,0.343634201882565,0.246733640798453,0.175725199130961,0.22653263121734,0.109157216029835,0.543058532287749
-1,-0.5,-0.2,0.25,0.7,0.3,-1.15501972112745,-0.58665414667203,-0.252473163909349,0.482907208247249,0.918920314138348,0.0360656334311659,NA,NA,NA,NA,NA,NA,0.269491190507867,0.185681741600411,0.069410789335155,0.168986797907076,0.102697399847302,0.391601800464353
-1,-0.5,-0.2,0.25,0.7,0.3,-0.967069499698164,-0.628595099715594,-0.156234530679721,0.520852810314131,0.787484428444271,-0.192865392283444,NA,NA,NA,NA,NA,NA,0.27573848772525,0.168048870103465,0.11693911757794,0.203795434847208,0.11732100161246,0.436342822965135
-1,-0.5,-0.2,0.25,0.7,0.3,-1.32502671798573,-0.491552202392275,0.321486528238076,0.299113595455501,0.540175895673597,0.669140518841314,NA,NA,NA,NA,NA,NA,0.322842992914241,0.224915830630594,0.162997570258552,0.209590837677093,0.100923724289407,0.754331997977861
-1,-0.5,-0.2,0.25,0.7,0.3,-0.622426662339005,-0.66439010189891,0.084907129232924,0.0888491752974047,0.697281231478514,0.650074849586965,NA,NA,NA,NA,NA,NA,0.398823233635716,0.245022770943383,0.133943114465999,0.25922585343467,0.109969869679133,1.01562481129088
-1,-0.5,-0.2,0.25,0.7,0.3,-1.23444403197008,-0.401637787606328,-0.179271512580538,0.121249716269492,0.708868337049384,0.90991679936798,NA,NA,NA,NA,NA,NA,0.387899408226351,0.232865059996873,0.143744583895735,0.277419596362926,0.0968788943713297,1.41930231104607
-1,-0.5,-0.2,0.25,0.7,0.3,-1.14920469509184,-0.373980276880717,-0.11306722869138,0.452948977571659,0.645991484528816,-0.193241885404533,NA,NA,NA,NA,NA,NA,0.303092711768411,0.222015750282379,0.0957509926514467,0.264860103714198,0.119198662537514,0.581137630199146
-1,-0.5,-0.2,0.25,0.7,0.3,-0.48038034861956,-0.963564862975283,-0.109581350079585,0.630476742777576,0.854074427247058,-0.42912468859864,NA,NA,NA,NA,NA,NA,0.257025812029242,0.171425703783628,0.122713787774778,0.281543425004691,0.134038501994729,0.559496202516786
-1,-0.5,-0.2,0.25,0.7,0.3,-1.26917135414266,-0.356873129644002,-0.257738254902214,0.578235760833936,0.594432811317521,-0.532788388847966,NA,NA,NA,NA,NA,NA,0.313774434409849,0.285279599292615,0.182030364326022,0.250499199887032,0.128875251125886,0.44447355357901
-1,-0.5,-0.2,0.25,0.7,0.3,-0.687934048446697,-0.803880073520021,-0.0022428109915547,0.0915048735070354,0.719514398731827,0.486920191529505,NA,NA,NA,NA,NA,NA,0.413081016529415,0.29640774643209,0.147284062223761,0.195242160779276,0.0992714005350397,0.592042360337063
-1,-0.5,-0.2,0.25,0.7,0.3,-1.30250771399466,-0.378967251073996,-0.1849598573541,0.322381467547728,0.751304280374187,0.721294257159114,NA,NA,NA,NA,NA,NA,0.33475405231939,0.264127810528862,0.132646687551153,0.232703750000759,0.0936237555507844,0.932000310516112
-1,-0.5,-0.2,0.25,0.7,0.3,-1.03247928445053,-0.597076038782818,-0.0604398267007591,0.307035998982342,0.762418382197419,0.766817137479151,NA,NA,NA,NA,NA,NA,0.383896909057643,0.229938163187277,0.0883879497643632,0.360351977525026,0.0939851262707563,1.63020691648712
-1,-0.5,-0.2,0.25,0.7,0.3,-1.73144972922613,-0.375269971898968,-0.15770236600894,0.795263867880754,1.01144571129037,-0.105652338478142,NA,NA,NA,NA,NA,NA,0.232009063537131,0.165712425025999,0.0545321241507422,0.235940309329626,0.0972448798686181,0.529413361637836
-1,-0.5,-0.2,0.25,0.7,0.3,-0.318246897378946,-0.919480471668471,-0.153180065241454,0.13982397734792,0.832411158391914,0.568346229752038,NA,NA,NA,NA,NA,NA,0.373994185227905,0.257160310655273,0.109026853667969,0.19662497595064,0.0999543481571457,0.663265955398335
-1,-0.5,-0.2,0.25,0.7,0.3,-0.759720646692254,-0.710107892581472,-0.334579787096323,0.132606561206086,0.734400167437807,0.624732882539717,NA,NA,NA,NA,NA,NA,0.400177711724838,0.252216659224697,0.129725592408848,0.233147841383828,0.0856198165973394,0.829386758788029
-1,-0.5,-0.2,0.25,0.7,0.3,-0.805287226522755,-0.502916317120109,-0.175789990154277,0.215220459586534,0.655072201273936,0.599575865055119,NA,NA,NA,NA,NA,NA,0.37473031775333,0.277570729070483,0.154309689830126,0.208921119959428,0.0958282765275227,0.739826820117532
-1,-0.5,-0.2,0.25,0.7,0.3,-1.81515417270898,0.0464559883353212,-0.427137106030433,0.770366769591715,0.761682728014606,-0.541845687201645,NA,NA,NA,NA,NA,NA,0.230030967327482,0.161961776310348,0.109259439070634,0.240062531545989,0.115914369807038,0.444380713818855
-1,-0.5,-0.2,0.25,0.7,0.3,-1.35442498867368,-0.0957623122355936,-0.158249160169992,0.369046931124622,0.761339070602642,0.740504043199449,NA,NA,NA,NA,NA,NA,0.326459870956289,0.238611460822697,0.0901218238689842,0.265430917329326,0.100639446175398,1.17454179032494
-1,-0.5,-0.2,0.25,0.7,0.3,-0.390414387348202,-0.761630076728866,-0.336523852308837,-0.187226888976112,0.740037170146445,1.91314939695171,NA,NA,NA,NA,NA,NA,0.507262457414219,0.310991183510932,0.121701645822159,0.211546274568143,0.0917275726750739,2.23383427110099
-1,-0.5,-0.2,0.25,0.7,0.3,-1.36974626847996,-0.335625578613953,-0.477541080529537,0.194106677707681,0.961656006171477,2.13163408111678,NA,NA,NA,NA,NA,NA,0.286440145402151,0.124418682720497,0.0588953761407627,0.210110788423951,0.113001718636226,2.89681774353458
-1,-0.5,-0.2,0.25,0.7,0.3,-1.06822576591011,-0.59316118983052,-0.231597196245558,0.324255281486875,0.766649823646621,0.198232145589555,NA,NA,NA,NA,NA,NA,0.329714410582974,0.209538544521654,0.150385204685788,0.286841372868579,0.131665407451513,0.824120447376129
-1,-0.5,-0.2,0.25,0.7,0.3,-0.98397474925469,-0.683423811712746,-0.0962862640604794,0.52958404809639,0.777548101110226,0.0040048723496804,NA,NA,NA,NA,NA,NA,0.301560760804175,0.217771304913282,0.1095728060187,0.232890370004154,0.10135245593101,0.547576483156567
-1,-0.5,-0.2,0.25,0.7,0.3,-0.244675290486152,-1.07408646602509,-0.264760824908381,-0.0287656220646611,0.667911582344588,1.13570663406115,NA,NA,NA,NA,NA,NA,0.435753651975759,0.314853348471484,0.140767298754479,0.186829568877972,0.0865661074555681,0.984792606041889
-1,-0.5,-0.2,0.25,0.7,0.3,-0.342480260821853,-0.872639078040877,-0.345419776154739,0.0613124425710309,0.687247731790404,0.534054712747989,NA,NA,NA,NA,NA,NA,0.433113582442514,0.302282032948498,0.132067418875231,0.258897713129194,0.106375197155133,0.911663003641867
-1,-0.5,-0.2,0.25,0.7,0.3,-1.12977871418467,-0.18047034160889,-0.461714421839326,0.156155038968977,0.633312751839269,1.80507892269482,NA,NA,NA,NA,NA,NA,0.356302767738684,0.226243197898261,0.103686351785937,0.218283732287812,0.0951353185877228,2.25396101964222
-1,-0.5,-0.2,0.25,0.7,0.3,-1.14239437160017,-0.487510162882086,-0.393562328493679,0.462515350296684,0.769316790668229,-0.227406591122765,NA,NA,NA,NA,NA,NA,0.340310358310195,0.264719342761609,0.148511873399252,0.310386434133982,0.120540835514109,0.702833739672591
-1,-0.5,-0.2,0.25,0.7,0.3,-1.36861403957101,-0.2361048465798,0.298182249936079,0.543408267768253,0.861628761338588,-0.205749746162934,NA,NA,NA,NA,NA,NA,0.297447680785788,0.206567627545844,0.0821432193236837,0.252205752102654,0.115418628051303,0.524644088235749
-1,-0.5,-0.2,0.25,0.7,0.3,-0.847807962015445,-0.657080650343433,-0.157767356714139,0.109143760928028,0.740146986788979,1.36392533463781,NA,NA,NA,NA,NA,NA,0.395957246454211,0.275270779545586,0.151399547252973,0.227433645615594,0.100982535924923,1.53623154554766
-1,-0.5,-0.2,0.25,0.7,0.3,-1.33382576337753,0.0238151721913766,-0.243944467404924,0.0629148401226934,0.692413450050895,1.76604866142875,NA,NA,NA,NA,NA,NA,0.372665871287732,0.344970293550276,0.130711194455336,0.231135568521154,0.122485764033439,2.41196713106297
-1,-0.5,-0.2,0.25,0.7,0.3,-1.77854157059972,-0.0992355348236155,-0.524820991810506,0.551384733795407,0.905864329734278,-0.106216701679375,NA,NA,NA,NA,NA,NA,0.263189466038271,0.159621368246392,0.0789992878897694,0.213974924174703,0.119040691787861,0.468804552587947
-1,-0.5,-0.2,0.25,0.7,0.3,-1.19861117424991,-0.416129819518601,-0.150263544111897,0.420592443065247,0.64592113110175,0.520281071366606,NA,NA,NA,NA,NA,NA,0.394378787163108,0.313430053572426,0.108902883009843,0.355900381983592,0.101577124654179,1.28731766982531
-1,-0.5,-0.2,0.25,0.7,0.3,-1.57513221724008,0.180550894878918,-0.295279329277446,0.549609210757745,0.358831104072297,-0.543793789276117,NA,NA,NA,NA,NA,NA,0.298742411608137,0.330611712690655,0.160791276672801,0.309226343812624,0.158977460714787,0.585605319744607
-1,-0.5,-0.2,0.25,0.7,0.3,-1.34344465811652,-0.44014031572642,-0.312764007492107,0.45591661539647,0.907183690614566,0.696819980392246,NA,NA,NA,NA,NA,NA,0.262509455939307,0.16115454883837,0.0701862578395417,0.222930390966723,0.104268721050354,0.900166175474455
-1,-0.5,-0.2,0.25,0.7,0.3,-1.19419733156701,-0.203122355087216,-0.199321639218962,0.442286682601787,0.703870563830165,-0.00424958318979632,NA,NA,NA,NA,NA,NA,0.290777616386627,0.214434449860657,0.116509660823574,0.217634387791,0.109130167299412,0.489106385860296
-1,-0.5,-0.2,0.25,0.7,0.3,-1.2714649004439,-0.291599045851924,-0.115286058000879,0.81037553090348,0.700934864049473,-1.00292542962548,NA,NA,NA,NA,NA,NA,0.244917915609676,0.206330242789588,0.125987565082551,0.334124498186973,0.126542097280943,0.52461448366003
-1,-0.5,-0.2,0.25,0.7,0.3,-1.16478189206386,-0.394687405540293,-0.169155574670571,0.302080431224248,0.667439634712368,0.0675429466165383,NA,NA,NA,NA,NA,NA,0.336709593866597,0.236708104365718,0.115734367069452,0.195558157861825,0.106089254279887,0.474209885634448
-1,-0.5,-0.2,0.25,0.7,0.3,-1.81017134131173,0.107120652002175,-0.0998509124341809,0.573696068559529,0.582683040568834,-0.286919971521086,NA,NA,NA,NA,NA,NA,0.286417070414387,0.208130874257472,0.106701150382911,0.262762669192225,0.108060135846302,0.542787364482453
-1,-0.5,-0.2,0.25,0.7,0.3,-0.00951628420592725,-1.03170523054299,-0.257013811852368,-0.200255906190476,0.629711596557005,0.94621144546693,NA,NA,NA,NA,NA,NA,0.555356411779129,0.310717725935615,0.22383806299184,0.217748731806039,0.102914637941315,0.885324480928238
-1,-0.5,-0.2,0.25,0.7,0.3,-1.36802684636151,-0.359277999043854,-0.461854189939525,0.264165548355647,0.731033909152013,1.02268843539316,NA,NA,NA,NA,NA,NA,0.350277790452034,0.244615935851028,0.100185985581899,0.216804502709767,0.101487252121269,1.02642304422489
-1,-0.5,-0.2,0.25,0.7,0.3,-0.800340594011023,-0.678165226717997,-0.190990177730712,0.0104027359448207,0.779908789576481,1.82055472568514,NA,NA,NA,NA,NA,NA,0.432759498585155,0.300149385699422,0.0921500379209121,0.192531122016764,0.0898891381367683,1.92227993296138
-1,-0.5,-0.2,0.25,0.7,0.3,-0.968492256155785,-0.520771577289399,-0.307547995367554,0.109465517158735,0.844415644341643,2.27331987215228,NA,NA,NA,NA,NA,NA,0.361256249892167,0.229847435470934,0.10583750913517,0.178521479097984,0.0722588141802148,2.53639580769681
-1,-0.5,-0.2,0.25,0.7,0.3,-1.25261287228586,-0.296891524307653,-0.507845091151985,0.495485538127504,0.592732287043844,-0.151948710602913,NA,NA,NA,NA,NA,NA,0.352712569410821,0.268610531645174,0.110333201506874,0.408114731533501,0.136697885298698,0.925393615975295
-1,-0.5,-0.2,0.25,0.7,0.3,-0.820928041112382,-0.584000673942302,-0.218035243314213,0.0782848306846951,0.819386105914916,1.63475011054183,NA,NA,NA,NA,NA,NA,0.357058986167074,0.215114456897808,0.108795744582877,0.176290714832286,0.0848100568350479,1.40273935685149
-1,-0.5,-0.2,0.25,0.7,0.3,-1.05713243235708,-0.406675702258786,-0.320732004088136,0.153415634511804,0.80383511104571,0.321251004859999,NA,NA,NA,NA,NA,NA,0.362442023903646,0.224439989108225,0.113884134567844,0.201168065593298,0.110965072342757,0.591333348889622
-1,-0.5,-0.2,0.25,0.7,0.3,-0.948763429553722,-0.690952267157917,-0.199717991227077,0.297241576675496,0.651254888864001,0.174754637706557,NA,NA,NA,NA,NA,NA,0.345008406421439,0.23177929508645,0.133253683701312,0.202134004338108,0.0956324636666797,0.511145454582386
-1,-0.5,-0.2,0.25,0.7,0.3,-0.793675403579566,-0.450423640319077,-0.379599381854073,0.043958213888668,0.621868320731969,1.23182027033958,NA,NA,NA,NA,NA,NA,0.380324103291022,0.237527795940082,0.123657797709692,0.183670335048968,0.104619015610614,1.07438433618391
-1,-0.5,-0.2,0.25,0.7,0.3,-1.29729564756315,-0.546180451139637,-0.0487020476845264,0.445692172867735,0.829134606203731,0.206430440161592,NA,NA,NA,NA,NA,NA,0.26669990277742,0.146367403331492,0.0733485041166737,0.176276124803637,0.101509850844979,0.440948495620121
-1,-0.5,-0.2,0.25,0.7,0.3,-0.341460731727403,-0.832303040942579,-0.283291078751674,-0.165083438102936,0.812466013987393,1.47012504634557,NA,NA,NA,NA,NA,NA,0.490183261387757,0.313240332837185,0.116800326086349,0.21193143458256,0.095135103412392,1.53007175397898
-1,-0.5,-0.2,0.25,0.7,0.3,-1.05523665077147,-0.538275757991705,-0.00674332484857244,0.474384546866661,0.848923821759472,-0.272777301437056,NA,NA,NA,NA,NA,NA,0.322069769251667,0.223253554229757,0.109304631647898,0.205183740090239,0.107858975541683,0.413155812554604
-1,-0.5,-0.2,0.25,0.7,0.3,-1.28707574142902,-0.422460846592379,-0.0429594337730916,0.239884452827302,0.785567835651863,1.39509077369833,NA,NA,NA,NA,NA,NA,0.321962312531785,0.162347714856883,0.072332704617296,0.197974946567175,0.0900012244725135,1.28038542008918
-1,-0.5,-0.2,0.25,0.7,0.3,-1.02694795774687,-0.499838169145816,-0.199799214697015,0.263231391965337,0.656341273879895,0.25036822506748,NA,NA,NA,NA,NA,NA,0.341348345799517,0.238584496872794,0.140657410536862,0.196259821698369,0.104649961726252,0.507323357967656
-1,-0.5,-0.2,0.25,0.7,0.3,-0.913381257291929,-0.808410780603497,-0.366358490034109,0.353248042919606,0.875550052972429,-0.155437427376969,NA,NA,NA,NA,NA,NA,0.363979280769175,0.267528574593614,0.113254982860346,0.245936586050874,0.117692475538666,0.533226248482955
-1,-0.5,-0.2,0.25,0.7,0.3,-0.888238992756071,-0.812250434822546,0.133698687121125,0.654835926437868,0.881486670145163,-0.719404754272145,NA,NA,NA,NA,NA,NA,0.258846896232497,0.167742418337696,0.120872894616655,0.338468103417415,0.144841411599504,0.584056414744687
-1,-0.5,-0.2,0.25,0.7,0.3,-1.18097457866465,-0.396555679723405,0.0421830137851691,0.627736697590922,0.474344429110941,-0.485325686121962,NA,NA,NA,NA,NA,NA,0.255690973637536,0.226608263792112,0.167560796608793,0.250199342418903,0.127778529555467,0.476058306937895
-1,-0.5,-0.2,0.25,0.7,0.3,-0.994295644337279,-0.450208826051231,-0.223376883136098,0.108631958038665,0.72516340959412,1.64214157477436,NA,NA,NA,NA,NA,NA,0.355218848241465,0.22624313129324,0.084574047112149,0.180061944212653,0.109318586195693,1.40578000063877
-1,-0.5,-0.2,0.25,0.7,0.3,-0.496042992589219,-0.902104009873708,-0.144323467235536,0.318436575933878,0.791281048633545,-0.0316603461373014,NA,NA,NA,NA,NA,NA,0.548839800970967,0.472820468556904,0.20157619769816,0.470385798865023,0.1001526195011,1.12737176851789
-1,-0.5,-0.2,0.25,0.7,0.3,-1.16235812500394,-0.404786781058663,0.128139310440567,0.407315587856078,0.767443235644755,0.0675353583953848,NA,NA,NA,NA,NA,NA,0.329060000822264,0.239663571679021,0.0979639312538197,0.290301217304167,0.111675692678198,0.774067861023392
-1,-0.5,-0.2,0.25,0.7,0.3,-1.36820410978815,-0.513048619308392,-0.344592018591095,0.562480249603711,0.720295144487242,0.00532425235341284,NA,NA,NA,NA,NA,NA,0.276405847551498,0.202026735191936,0.101158508238603,0.225992980243123,0.118779267550017,0.529823660961522
-1,-0.5,-0.2,0.25,0.7,0.3,-1.10905575707679,-0.443316930047782,-0.305169421699211,0.505377774392836,0.72470042433311,-0.414135935681883,NA,NA,NA,NA,NA,NA,0.304511998198527,0.199374777823811,0.116331048655026,0.249147092801195,0.115196182315418,0.458495838564161
-1,-0.5,-0.2,0.25,0.7,0.3,-0.667531559565376,-0.481691924487776,-0.183987787535912,-0.027377483911,0.641227739199149,4.89218950325238,NA,NA,NA,NA,NA,NA,0.375544469126762,0.263486368930346,0.0996393942128066,0.118993858883453,0.0891179606232304,10.071032707387
-1,-0.5,-0.2,0.25,0.7,0.3,-0.964098074469239,-0.418281981045935,-0.00764769591843275,0.221136851661883,0.666971308787376,1.10372430174476,NA,NA,NA,NA,NA,NA,0.338899382637392,0.211892738040668,0.151951041595739,0.316367269406894,0.1052017737106,1.88950939923273
-1,-0.5,-0.2,0.25,0.7,0.3,-1.65453013531037,0.0401500924888271,0.189469616852294,0.244312435747345,0.471706752226862,2.16105340996302,NA,NA,NA,NA,NA,NA,0.311369373719647,0.244893843540979,0.118648917736921,0.217846872428912,0.0922397016970193,3.3845103841348
-1,-0.5,-0.2,0.25,0.7,0.3,-1.22424657568519,-0.554372538847038,0.00413147680544471,0.816801940408075,0.932766867473973,-0.648086749439589,NA,NA,NA,NA,NA,NA,0.229209449367036,0.141165440370687,0.0697145123581294,0.289690097216104,0.135074113449831,0.487582831888251
-1,-0.5,-0.2,0.25,0.7,0.3,-1.16136198158542,-0.337906399772079,-0.319124088561779,0.267779121555397,0.913310544712109,0.0655836893271942,NA,NA,NA,NA,NA,NA,0.366246408928984,0.304348240408345,0.135840510898445,0.348623346482866,0.136356870544002,0.970123697218213
-1,-0.5,-0.2,0.25,0.7,0.3,-0.967883432872438,-0.629133256266055,-0.0606191122250215,0.0751404667971907,0.643028949116772,1.20651467929138,NA,NA,NA,NA,NA,NA,0.411715003321349,0.281014806965967,0.139877789389845,0.209809761091163,0.0912919235573414,1.1193816453223
-1,-0.5,-0.2,0.25,0.7,0.3,-1.20768549430744,-0.129957023905584,-0.388446877259015,0.453337820701708,0.401072038124557,0.123112786706606,NA,NA,NA,NA,NA,NA,0.286855357916889,0.240996465461363,0.142254970234424,0.213268372920332,0.131931447117717,0.50419560946327
-1,-0.5,-0.2,0.25,0.7,0.3,-1.82457831535355,0.100072351474816,-0.0468910661805885,0.984556169437636,0.732761921594085,-0.978297747314701,NA,NA,NA,NA,NA,NA,0.196746944375575,0.146914459769737,0.141778304506173,0.415766477519559,0.143613754423517,0.640190481449456
-1,-0.5,-0.2,0.25,0.7,0.3,-0.646621801528155,-0.616451130287272,-0.130454161144083,0.212882410846222,0.592207738971179,0.0620268865917854,NA,NA,NA,NA,NA,NA,0.366318360713254,0.259124363439211,0.117991425601036,0.221945007768582,0.113467063713878,0.553687774159769
-1,-0.5,-0.2,0.25,0.7,0.3,-1.22784066844811,-0.243988237654729,-0.131804636368167,0.365696258212886,0.450674088661849,-0.0788640401526418,NA,NA,NA,NA,NA,NA,0.311045723128134,0.227272153125964,0.14959463543263,0.301892977605203,0.123837249425286,0.732216804953375
-1,-0.5,-0.2,0.25,0.7,0.3,-1.55717396547281,-0.329359590553975,-0.0122231502455008,0.861248049399189,0.759303296698194,-0.64175892084837,NA,NA,NA,NA,NA,NA,0.234120732233744,0.186186188641254,0.111044720932549,0.263517270244906,0.134516551319426,0.450014562448391
-1,-0.5,-0.2,0.25,0.7,0.3,-1.02981372605824,-0.460653784480622,-0.295553498303483,0.0305492459780856,0.701141436294995,1.78416384146334,NA,NA,NA,NA,NA,NA,0.389922563095123,0.218649165633297,0.12067227696451,0.176004819425349,0.0840489850697426,1.5441725387194
-1,-0.5,-0.2,0.25,0.7,0.3,-1.52759916160422,-0.0328733019351216,-0.220809922518291,0.185395377489697,0.595770844421269,0.871118217756112,NA,NA,NA,NA,NA,NA,0.361053893144084,0.27145464381808,0.12888816896903,0.214934154908324,0.110015190807771,0.929642182938646
-1,-0.5,-0.2,0.25,0.7,0.3,-1.14988750739298,-0.50779130330031,0.0844625418509174,0.263131066378026,0.607926382836882,0.26791569577219,NA,NA,NA,NA,NA,NA,0.358412457140142,0.250894614512112,0.153349226085509,0.230686842468801,0.109905884054068,0.670960440266547
-1,-0.5,-0.2,0.25,0.7,0.3,-0.747353687033422,-0.748015654699516,-0.0650353617421541,0.24483818553598,0.708651769631691,0.136249653512837,NA,NA,NA,NA,NA,NA,0.387271314719511,0.28521060508036,0.126475480888966,0.225006868487805,0.0986543794082728,0.556592243697574
-1,-0.5,-0.2,0.25,0.7,0.3,-1.1222998713781,-0.46247505694153,-0.0183072554705204,0.641010054142663,0.737773599202168,-0.159435737512725,NA,NA,NA,NA,NA,NA,0.2552172996533,0.181005661658337,0.119072918344905,0.258597465542233,0.119128732952911,0.554569317057466
-1,-0.5,-0.2,0.25,0.7,0.3,-1.13702051141983,-0.226935470277604,0.0388586946407039,0.132049135254467,0.559622664527993,0.569911875123087,NA,NA,NA,NA,NA,NA,0.383326724431297,0.295207524681113,0.146297217498438,0.215071615763113,0.105408717973078,0.765521786004718
-1,-0.5,-0.2,0.25,0.7,0.3,-0.494439405716984,-0.819110277094022,-0.148332877068483,0.184993738568974,0.777585817644813,0.704429614190232,NA,NA,NA,NA,NA,NA,0.37434077227137,0.25067057403408,0.104594223191494,0.220272320931707,0.119253039957183,0.862260805809238
-1,-0.5,-0.2,0.25,0.7,0.3,-1.67709410093342,-0.160003825307016,-0.0569119910709198,0.712032179579345,0.747819864507154,-0.771218957091114,NA,NA,NA,NA,NA,NA,0.255223962027533,0.14117218292769,0.102605555193049,0.453911588857472,0.158739836721287,0.773636495727367
-1,-0.5,-0.2,0.25,0.7,0.3,-1.07809142742197,-0.48733007486724,-0.485673250795767,0.227188021410832,0.744029483966231,1.10067906429794,NA,NA,NA,NA,NA,NA,0.345618311158738,0.260056719416816,0.122296758691441,0.196558711114728,0.0847493201852516,1.00751531157506
-1,-0.5,-0.2,0.25,0.7,0.3,-0.803076766607523,-0.360601521943872,-0.39120284100621,0.154957325288588,0.601102908216122,3.98950184245238,NA,NA,NA,NA,NA,NA,0.321745614194529,0.232167695734526,0.0750171485465573,0.138719316530854,0.107919076619296,8.72323227847473
-1,-0.5,-0.2,0.25,0.7,0.3,-0.974360887961453,-0.577808079249805,-0.108389975380497,0.210963291135831,0.733152297840301,0.883759879935524,NA,NA,NA,NA,NA,NA,0.326080726131213,0.186256870522514,0.0824135661326554,0.207592264553462,0.0924734991705529,0.914044668942311
-1,-0.5,-0.2,0.25,0.7,0.3,-1.08329930886041,-0.455482886932745,-0.276560445553495,0.482728553740645,0.803877709953256,0.0664066561665644,NA,NA,NA,NA,NA,NA,0.261140696064943,0.183842783048896,0.0936734632113035,0.230625605267153,0.115828565029187,0.605924905342925
-1,-0.5,-0.2,0.25,0.7,0.3,-1.32928701540551,-0.208231196260426,-0.157875606434618,0.183388294928406,0.745096356291873,1.04873231871262,NA,NA,NA,NA,NA,NA,0.411410615865559,0.296165450683395,0.119038070093016,0.248887399905492,0.0936666111100652,1.29956851021779
-1,-0.5,-0.2,0.25,0.7,0.3,-1.48247189959212,-0.393532984866858,-0.145765835509411,0.468181457788732,0.716281513287993,-0.0503937885830895,NA,NA,NA,NA,NA,NA,0.293421219809706,0.209219744575405,0.0808477780421348,0.243009382836436,0.104336549951416,0.568839138553242
-1,-0.5,-0.2,0.25,0.7,0.3,-1.41521567548513,-0.454866532508775,0.00115291992731013,0.634127967075566,0.880527133875686,-0.579193045887787,NA,NA,NA,NA,NA,NA,0.266983564853674,0.199754350553595,0.133423109101655,0.388794570845163,0.130872917498283,0.723639961990179
-1,-0.5,-0.2,0.25,0.7,0.3,-0.729667291309655,-0.744394006394867,0.0758808302468932,0.22814059213191,0.799236000227403,0.755278923766317,NA,NA,NA,NA,NA,NA,0.344769860883055,0.218808948529852,0.0926656631445815,0.246583244429495,0.0991589485839924,1.14835509302744
-1,-0.5,-0.2,0.25,0.7,0.3,-0.959457366073269,-0.216550598305518,-0.389393466453757,0.0877082543228429,0.633435663347297,1.52933925944569,NA,NA,NA,NA,NA,NA,0.414469933218732,0.317884988230404,0.116448470714081,0.237745923084675,0.102137952965878,1.85502667603841
-1,-0.5,-0.2,0.25,0.7,0.3,-1.16196903389649,-0.476453199982651,-0.158410765279344,0.284495094901752,0.869801302024864,1.05218657525539,NA,NA,NA,NA,NA,NA,0.483819452786607,0.26376576919031,0.136807322992049,0.513729010510521,0.167842370225902,2.87806471845455
-1,-0.5,-0.2,0.25,0.7,0.3,-0.946093174629295,-0.640334499107911,-0.0789875022947653,0.18028919603255,0.659037820964434,0.555383607924721,NA,NA,NA,NA,NA,NA,0.374990646102621,0.276735956498949,0.144209113176106,0.231864811007701,0.108830272418435,0.874170761364959
-1,-0.5,-0.2,0.25,0.7,0.3,-1.4086094748043,-0.263271063265966,-0.27580236189597,0.323910825566702,0.659897543230841,-0.0504638622531303,NA,NA,NA,NA,NA,NA,0.342513041557947,0.233329972665078,0.146868049660845,0.23693366259897,0.104457671435733,0.548012034442152
-1,-0.5,-0.2,0.25,0.7,0.3,-0.94604069887209,-0.703669447184874,-0.0581528478249366,0.237015736625339,0.801903989096475,0.512981244541418,NA,NA,NA,NA,NA,NA,0.355884344587029,0.259893115346067,0.0997234070859973,0.213073237291258,0.117146193074447,0.734913848878706
-1,-0.5,-0.2,0.25,0.7,0.3,-1.01127008470495,-0.832013922991878,-0.214075818306141,0.40922518772099,0.953293914617713,0.113004088843403,NA,NA,NA,NA,NA,NA,0.294957188580766,0.251155932777499,0.112393001019554,0.22751393574384,0.125796073685554,0.608560279399802
-1,-0.5,-0.2,0.25,0.7,0.3,-1.61904141140151,-0.214403543266563,-0.228899695045654,0.529908737649025,0.874057616735493,0.154542975375342,NA,NA,NA,NA,NA,NA,0.255595995487545,0.206250699809249,0.0798273725651856,0.19393635603603,0.0944396046345723,0.508968336004513
-1,-0.5,-0.2,0.25,0.7,0.3,-0.378624178068994,-1.19165221265472,-0.0254814856521367,-0.0632422707050559,0.900944501031008,1.48756911567902,NA,NA,NA,NA,NA,NA,0.444994256996913,0.340049200857015,0.131230586242343,0.182947206785487,0.106447604418463,1.19032085666076
-1,-0.5,-0.2,0.25,0.7,0.3,-0.375908945818817,-1.094757608672,-0.149590174768985,0.134772154579714,0.843135087731786,0.74162873633124,NA,NA,NA,NA,NA,NA,0.399013225230445,0.326723326021952,0.106233523833147,0.215682730985622,0.0833381844393895,0.939901215183452
-1,-0.5,-0.2,0.25,0.7,0.3,-0.976657752351139,-0.658554085533966,-0.333490690122199,0.295782762677632,0.701335989324547,-0.178862299750378,NA,NA,NA,NA,NA,NA,0.367573975369653,0.223148312146438,0.133673726776061,0.238558958215795,0.119125845351669,0.479629895366941
-1,-0.5,-0.2,0.25,0.7,0.3,-1.67638112201898,-0.19352422707858,-0.212459630875942,0.557804355426154,0.743775645331225,0.115790987316852,NA,NA,NA,NA,NA,NA,0.268585128554795,0.187068113087226,0.0848028845829954,0.211164754480944,0.113302859321489,0.500240138165791
-1,-0.5,-0.2,0.25,0.7,0.3,-1.05139596408252,-0.392491525427326,-0.128863582838613,0.13332719194498,0.623737885105021,0.55466947005454,NA,NA,NA,NA,NA,NA,0.439522173252631,0.376518647890662,0.127447948931998,0.252957721971937,0.112447156789925,0.844416378906199
-1,-0.5,-0.2,0.25,0.7,0.3,-0.981800350319608,-0.277533494463512,-0.320909253769894,0.287002380636399,0.432497441471109,0.287615803802599,NA,NA,NA,NA,NA,NA,0.322881046075702,0.24143322173614,0.156616817673062,0.204794515606856,0.127928619534702,0.583593937530262
-1,-0.5,-0.2,0.25,0.7,0.3,-1.25298532291136,-0.397091817240789,0.104416345447894,1.52898430595803,0.8981921719195,-1.72443398230992,NA,NA,NA,NA,NA,NA,0.173858134061785,0.14973083197911,0.0586720581023942,0.701811573345023,0.143532275424991,0.854263659318679
-1,-0.5,-0.2,0.25,0.7,0.3,-1.07266131045051,-0.269370170457582,-0.330031778455775,0.0261618498700474,0.659538885343283,0.706404185596012,NA,NA,NA,NA,NA,NA,0.410802559549187,0.318010500128239,0.159236991033739,0.197922114798662,0.104608976417774,0.769456118943894
-1,-0.5,-0.2,0.25,0.7,0.3,-1.28669681199879,-0.650387796154977,-0.326764651771077,0.406134199049254,0.832868317669652,1.30855804093142,NA,NA,NA,NA,NA,NA,0.262887945713908,0.158249295568097,0.0620700617946712,0.19253663981209,0.0820954992227785,1.2524959612892
-1,-0.5,-0.2,0.25,0.7,0.3,-1.45776042686236,-0.128628483257385,-0.0518303074150393,0.459847467878374,0.404979578123899,0.113993805715175,NA,NA,NA,NA,NA,NA,0.273183287980289,0.169092426104911,0.147611583938002,0.228366059932886,0.108057095663409,0.588853003709364
-1,-0.5,-0.2,0.25,0.7,0.3,-1.69326476014818,-0.137128345488037,-0.023117878768962,0.437448199514474,0.747291435568513,0.489986068672594,NA,NA,NA,NA,NA,NA,0.291262148579651,0.218781885983714,0.0793571273194122,0.189183671170993,0.0905656238426498,0.601757678135601
-1,-0.5,-0.2,0.25,0.7,0.3,-1.45770125878582,-0.198809824688704,-0.0280219046581962,0.807118573133198,0.727322884674714,-0.583498101878563,NA,NA,NA,NA,NA,NA,0.230085756670053,0.149420477398702,0.0833836979547953,0.263125682563257,0.108615301093449,0.441522812002306
-1,-0.5,-0.2,0.25,0.7,0.3,-1.17944629959225,-0.276769891461838,-0.0271410294483921,0.191932857703397,0.648481907311456,0.248768066495704,NA,NA,NA,NA,NA,NA,0.365761396165955,0.234751600273127,0.164029527873164,0.216819253628294,0.120493799046956,0.591863943671708
-1,-0.5,-0.2,0.25,0.7,0.3,-0.418774038632365,-0.658916671506778,-0.471234053229914,0.0622399137229142,0.584388502789772,0.25571808710941,NA,NA,NA,NA,NA,NA,0.426604628556813,0.302496899887581,0.186962444657368,0.211945376871291,0.122464161937436,0.592723753110144
-1,-0.5,-0.2,0.25,0.7,0.3,-0.877711669341358,-0.572688212630595,-0.342000040995171,0.203818354745547,0.659641087011425,0.356047373500449,NA,NA,NA,NA,NA,NA,0.35032227344061,0.233110030837812,0.128001453713821,0.165860171249524,0.112408757534497,0.431271455318911
-1,-0.5,-0.2,0.25,0.7,0.3,-0.734501119727254,-0.761305131901967,-0.135720432320987,0.286116106873009,0.886428317551048,0.549539519915706,NA,NA,NA,NA,NA,NA,0.31426186333696,0.196092455389145,0.0908659680104756,0.17676326365194,0.10332104045438,0.556432074761829
-1,-0.5,-0.2,0.25,0.7,0.3,-1.26203404420888,-0.453804780975178,-0.292664305960837,0.460447068755496,0.792641947384135,-0.137982671914649,NA,NA,NA,NA,NA,NA,0.302301608555651,0.264062914573995,0.169131385655708,0.215238221190244,0.108681314897721,0.496725647447179
-1,-0.5,-0.2,0.25,0.7,0.3,-1.57756115329619,-0.303100055801533,-0.11478500078925,0.57776938292816,0.989018383202689,1.25708677355826,NA,NA,NA,NA,NA,NA,0.228588083983901,0.130649049824413,0.0548400232072027,0.179245629741977,0.0943809622485065,1.04019119589159
-1,-0.5,-0.2,0.25,0.7,0.3,-0.214294157353286,-1.02153582648425,-0.0811423599797783,-0.0460865548070987,0.675137309279499,1.13039499080182,NA,NA,NA,NA,NA,NA,0.500942611327518,0.360607557309366,0.147987603362783,0.267003673006559,0.0872352894302442,1.48229900961886
-1,-0.5,-0.2,0.25,0.7,0.3,-0.789415101696533,-0.500245112604711,-0.141766854622453,0.100909040627118,0.683703920414901,3.8169415554572,NA,NA,NA,NA,NA,NA,0.34561553825266,0.264052172605493,0.146203508694817,0.138346630786156,0.0888978349798742,7.42047229500368
-1,-0.5,-0.2,0.25,0.7,0.3,-1.3974479290269,-0.273597250895851,-0.148273910670385,0.567982371348736,0.867066575246187,-0.435644962844388,NA,NA,NA,NA,NA,NA,0.317431687072074,0.261409497675655,0.0839149697339677,0.267813994411762,0.113852107041257,0.506929937271983
-1,-0.5,-0.2,0.25,0.7,0.3,-0.650258363076993,-0.668964743953796,-0.261743210443592,-0.0911826526676846,0.813343361028469,3.80877793387226,NA,NA,NA,NA,NA,NA,0.413351270612894,0.249986090858708,0.117393727226434,0.138788601579332,0.0760307309545327,6.85475842606736
-1,-0.5,-0.2,0.25,0.7,0.3,-1.30717769345968,-0.362912939054743,-0.103120745720798,0.523111331625709,0.662300587707887,-0.071097742298048,NA,NA,NA,NA,NA,NA,0.297848154053137,0.253930910047535,0.102927440872085,0.224030358117305,0.117794128263191,0.481918649875286
-1,-0.5,-0.2,0.25,0.7,0.3,-1.36107552002498,-0.329524910600119,-0.0925337234110532,0.442109089734044,0.860266547789473,0.305269632108631,NA,NA,NA,NA,NA,NA,0.280461238094006,0.165298126037881,0.0806841429755254,0.229005474798681,0.110517295168938,0.656746226260646
-1,-0.5,-0.2,0.25,0.7,0.3,-0.707133770013632,-0.794945421020696,-0.169228897188542,0.20221069700832,0.758664886537726,0.255713658279673,NA,NA,NA,NA,NA,NA,0.389721069732614,0.280549652179747,0.135134161912173,0.214988781630077,0.102512725652375,0.592000159582075
-1,-0.5,-0.2,0.25,0.7,0.3,-1.47320906845602,-0.157298622198437,-0.231503457359169,0.452798898775339,0.736748981452182,-0.157943844020153,NA,NA,NA,NA,NA,NA,0.296131810622284,0.213407988410347,0.114113399402799,0.224515077762181,0.104356751228701,0.516025825070112
-1,-0.5,-0.2,0.25,0.7,0.3,-0.563863708587574,-1.01096956962949,-0.129421560127419,0.151024087343173,0.846878530076142,1.1197465481115,NA,NA,NA,NA,NA,NA,0.420925837239037,0.317041334347359,0.103507837139446,0.297610491522972,0.0939301538666969,1.84169885474204
-1,-0.5,-0.2,0.25,0.7,0.3,-1.09058487814132,-0.370187354677458,-0.207907094071138,0.23259777719863,0.650613127620145,0.534123414266577,NA,NA,NA,NA,NA,NA,0.367135479225619,0.310632121506843,0.121554454768118,0.207264371591458,0.0955005991262404,0.703000431496911
-1,-0.5,-0.2,0.25,0.7,0.3,-1.39446255131019,-0.267666270424909,0.0800813803835349,0.491123547114925,0.831662572004211,0.360982396550006,NA,NA,NA,NA,NA,NA,0.257890237533399,0.182767003971555,0.098375662088278,0.206651612271616,0.121260094937626,0.645501993009496
-1,-0.5,-0.2,0.25,0.7,0.3,-1.15571335700699,-0.515490607374327,-0.166308465932679,0.391575233968025,0.781818721839174,-0.333562651440783,NA,NA,NA,NA,NA,NA,0.336013662426493,0.25171647104193,0.0924331322697177,0.209182442438548,0.110484119230037,0.409651510896976
-1,-0.5,-0.2,0.25,0.7,0.3,-0.981471008465805,-0.438487266028145,-0.422427593675899,0.293599315489207,0.734513206905237,0.355579652738089,NA,NA,NA,NA,NA,NA,0.29137676080456,0.175869774281845,0.117283013474239,0.1854159670049,0.112836689522303,0.551217560366229
-1,-0.5,-0.2,0.25,0.7,0.3,-0.88357967638721,-0.630526384544896,-0.491908968080648,0.288853210661219,0.778744728235497,0.44349613064149,NA,NA,NA,NA,NA,NA,0.338053437608156,0.245324481676258,0.109544610685968,0.202050702047504,0.100782947748878,0.647157271803034
-1,-0.5,-0.2,0.25,0.7,0.3,-0.271720883966705,-0.806683273952633,-0.218624237156061,-0.170417253462169,0.690366815266003,2.61375340955236,NA,NA,NA,NA,NA,NA,0.457494996518391,0.245162065539919,0.107165202748857,0.178874216262095,0.0778254050033056,3.74850517834516
-1,-0.5,-0.2,0.25,0.7,0.3,-1.37124144396596,-0.453561240152386,-0.320458600437067,0.538673154948688,0.684241686059695,-0.318894513236621,NA,NA,NA,NA,NA,NA,0.287653949892168,0.201145938673927,0.133018284014899,0.313164079130054,0.130654817695605,0.643053665050908
-1,-0.5,-0.2,0.25,0.7,0.3,-1.2575745798178,-0.433404447885024,-0.238960692502773,0.469515777622375,0.724870557548714,0.0804764900435701,NA,NA,NA,NA,NA,NA,0.28239802335912,0.208836796793799,0.135144882229692,0.230023632550032,0.0985411335182756,0.612094345509989
-1,-0.5,-0.2,0.25,0.7,0.3,-0.596318551420695,-0.626814786529827,-0.147767092722845,0.0120828567928191,0.73174417928234,0.880309782130826,NA,NA,NA,NA,NA,NA,0.41408026379933,0.292642157420931,0.154422529202177,0.189734162461765,0.0977818666921286,0.794327048153586
-1,-0.5,-0.2,0.25,0.7,0.3,-1.14010117432835,-0.359802261740714,0.0445852438916494,0.0732250872138974,0.547273977419841,2.22439571584928,NA,NA,NA,NA,NA,NA,0.388303473690303,0.252963220934611,0.111031453652784,0.284451341052953,0.130664641447817,4.76646274902331
-1,-0.5,-0.2,0.25,0.7,0.3,-0.579686182735119,-0.320544901054726,-0.265485995745567,-0.102885549555953,0.414858564852209,1.75721611458746,NA,NA,NA,NA,NA,NA,0.44426973557461,0.31620872586012,0.178320315455345,0.280868838911706,0.122426624116072,3.13197767707513
-1,-0.5,-0.2,0.25,0.7,0.3,-0.951675524999171,-0.504830619619541,-0.159900868341542,0.130892968934422,0.715108671467396,2.2723243022796,NA,NA,NA,NA,NA,NA,0.364684214706281,0.283058300307574,0.0845607547309024,0.190620417829142,0.104432246744403,2.80985539589958
-1,-0.5,-0.2,0.25,0.7,0.3,-1.4770755420901,-0.297255051911518,-0.149597710477408,0.353263510879339,0.680856505732951,-0.410371092347657,NA,NA,NA,NA,NA,NA,0.331057179778876,0.202845480142603,0.108206868006592,0.231501173538871,0.127165096159791,0.42474314517897
-1,-0.5,-0.2,0.25,0.7,0.3,-1.16097784440883,-0.4776635971293,-0.126533520322581,0.446148696552224,0.675238983090557,-0.0773020530384096,NA,NA,NA,NA,NA,NA,0.289328379534602,0.222829180143323,0.146522462171505,0.233547167148703,0.134524008874089,0.545675864707346
-1,-0.5,-0.2,0.25,0.7,0.3,-1.26404611414453,-0.204676502744487,-0.179267938430653,0.00979976292671833,0.677083581738943,1.79603816978844,NA,NA,NA,NA,NA,NA,0.39394587219551,0.252519532086946,0.131861502921172,0.185627769672506,0.103459272103415,1.6750388402457
-1,-0.5,-0.2,0.25,0.7,0.3,-1.23862842330866,-0.514821798244357,-0.205952772408333,0.448522116975518,0.786019071249589,0.0221320740718344,NA,NA,NA,NA,NA,NA,0.302187690664137,0.189386416562426,0.104266103518858,0.250761374181539,0.103367276969769,0.625567581280937
-1,-0.5,-0.2,0.25,0.7,0.3,-1.7152277576145,0.212657749789774,-0.253827874504157,0.793168396313403,0.593282787144149,-0.379468376142414,NA,NA,NA,NA,NA,NA,0.219824004957394,0.164734378635717,0.117883155413223,0.262475032425408,0.124006898602915,0.525938240008849
-1,-0.5,-0.2,0.25,0.7,0.3,-1.44698077693957,-0.262632154115941,0.0875588761855103,0.551153110531932,0.862546545960769,0.398465092557437,NA,NA,NA,NA,NA,NA,0.269796320240698,0.198791974602508,0.117113097096459,0.192232587168859,0.112797866103996,0.550361925685007
-1,-0.5,-0.2,0.25,0.7,0.3,-1.3809536196087,-0.213695736711564,-0.441708592869998,0.386248492536223,0.645415451962089,0.908799116516222,NA,NA,NA,NA,NA,NA,0.323407919631727,0.28496832713426,0.112760330341955,0.211506553062915,0.0991835369512979,0.916114788959251
-1,-0.5,-0.2,0.25,0.7,0.3,-0.836091718425421,-0.331316828685483,-0.308882849798635,0.0811328732400566,0.633441951567073,1.41026525203949,NA,NA,NA,NA,NA,NA,0.404024819296827,0.264164862609965,0.102840239912188,0.230336537530685,0.091419528323443,1.68262940255403
-1,-0.5,-0.2,0.25,0.7,0.3,-1.46807552020448,-0.378791396181896,-0.214003800056192,0.474049644872041,0.799256327672922,0.52445368466972,NA,NA,NA,NA,NA,NA,0.271711836800227,0.180791699378946,0.0794479835509781,0.220110212773885,0.121573746694221,0.761359578934764
-1,-0.5,-0.2,0.25,0.7,0.3,-0.658859144283289,-0.64013235257239,-0.243427755406458,0.197414253653955,0.855946293389579,0.111944070532034,NA,NA,NA,NA,NA,NA,0.351039545188885,0.215341677527601,0.112746742770832,0.208684062128767,0.121692590657811,0.565349081266317
-1,-0.5,-0.2,0.25,0.7,0.3,-0.40880645975741,-0.78732589612371,-0.269081849090502,0.0601726688641086,0.630089825942802,0.266718384401622,NA,NA,NA,NA,NA,NA,0.434924810828858,0.344295824233805,0.151902115678403,0.251807936935716,0.106872903188063,0.733718321244689
-1,-0.5,-0.2,0.25,0.7,0.3,-0.893671958408317,-0.630285342912045,-0.0657946023907872,0.282737267606378,0.863491173184236,0.994131128939591,NA,NA,NA,NA,NA,NA,0.326873137915083,0.201691723776534,0.0786914884966596,0.212516987795994,0.0931145723735513,1.02235155566478
-1,-0.5,-0.2,0.25,0.7,0.3,-0.882264011355355,-0.695153741247368,-0.135935373324634,0.541604688993999,0.838466734098571,-0.296064338321145,NA,NA,NA,NA,NA,NA,0.255046683126363,0.128589127911368,0.0686918098160359,0.263541219770747,0.150763185811043,0.548694877172755
-1,-0.5,-0.2,0.25,0.7,0.3,-1.44651465411498,-0.317827626284272,-0.0516865237553606,0.347253066503109,0.786695831731553,0.877596528275548,NA,NA,NA,NA,NA,NA,0.29725346890137,0.216802142789081,0.0947812931492331,0.207504266329265,0.0976797380570796,1.01019041029936
-1,-0.5,-0.2,0.25,0.7,0.3,-0.296341550974166,-0.610397088328582,-0.0674078999452826,-0.212059837021889,0.461704480530398,12.4829274530652,NA,NA,NA,NA,NA,NA,0.439904945976163,0.315048004242739,0.151047543561893,0.11448669872418,0.100963130961611,1.64625257274728
-1,-0.5,-0.2,0.25,0.7,0.3,-1.07768095467656,-0.486264001866927,-0.118296190388052,0.668932936933129,0.7641690932158,-0.476717372505599,NA,NA,NA,NA,NA,NA,0.245304923337834,0.162431747631709,0.136682522007547,0.53705092720499,0.182539697872796,1.08043668308653
-1,-0.5,-0.2,0.25,0.7,0.3,-0.887523849215192,-0.693187160217894,-0.109277404547463,0.172686655962031,0.827588522070025,0.82377056288306,NA,NA,NA,NA,NA,NA,0.394245102585726,0.25396604892348,0.115979039055365,0.261429123729696,0.0924858985843861,1.15073038473662
-1,-0.5,-0.2,0.25,0.7,0.3,-0.615862879732927,-0.603743181196254,-0.20081900531116,-0.141537745290007,0.630273463295024,4.3967538161046,NA,NA,NA,NA,NA,NA,0.414608958995939,0.223468753650184,0.0938197296682019,0.125842912669096,0.072457352190914,9.50684467407927
-1,-0.5,-0.2,0.25,0.7,0.3,-1.06816865361537,-0.427228125434262,-0.170273243137831,0.155243978927262,0.764081379866943,1.14831677192826,NA,NA,NA,NA,NA,NA,0.360224931176037,0.210595392056479,0.104477541587078,0.250310846742511,0.100765465953212,1.55326625637773
-1,-0.5,-0.2,0.25,0.7,0.3,-0.243058830061823,-1.08837306551874,-0.126047109194007,0.232800267757399,0.824271491500113,0.193315550310135,NA,NA,NA,NA,NA,NA,0.41413268976701,0.288834804506045,0.141601834175299,0.331546842285057,0.120941765239176,0.954805099798049
-1,-0.5,-0.2,0.25,0.7,0.3,-1.1887713080346,-0.464019966574736,-0.311562265883487,0.965670126338271,0.871506227061241,-0.94838800687122,NA,NA,NA,NA,NA,NA,0.205353272118879,0.140621379573013,0.0939030616479008,0.248224647197702,0.1397670066656,0.375416173465392
-1,-0.5,-0.2,0.25,0.7,0.3,-1.08289773702112,-0.28982940860029,-0.184120603023572,0.147362827635661,0.68286590742278,0.733924179313111,NA,NA,NA,NA,NA,NA,0.371168320983828,0.264063269357103,0.105924679146028,0.208235696817322,0.101895122600616,0.861227407785986
-1,-0.5,-0.2,0.25,0.7,0.3,-0.701732364380458,-0.786389878126655,-0.358694872488496,0.262783492775006,0.883183714464949,0.113931702129008,NA,NA,NA,NA,NA,NA,0.371506718467196,0.248712437535107,0.147479463197946,0.314086414517179,0.107765879306397,0.87668598796543
-1,-0.5,-0.2,0.25,0.7,0.3,-1.00566204346462,-0.442868883786686,-0.197435268808449,0.0987511226055675,0.818670254807931,1.43933859717657,NA,NA,NA,NA,NA,NA,0.380561482713628,0.220961346872349,0.106101486023025,0.225691767490679,0.079463932904683,1.76326718622477
-1,-0.5,-0.2,0.25,0.7,0.3,-0.633898240452012,-1.05216610901549,-0.355038077428519,0.0311342146830163,0.85526292180261,1.65846463751692,NA,NA,NA,NA,NA,NA,0.40722868701485,0.333082715171974,0.10567940986081,0.216757279882005,0.090237072587083,2.10676274127828
-1,-0.5,-0.2,0.25,0.7,0.3,-0.992653608022404,-0.589659118399343,-0.223895686843045,0.280527875755752,0.792797960752501,0.264364757891034,NA,NA,NA,NA,NA,NA,0.339641449769957,0.175975149890237,0.0945188351045962,0.218262845746721,0.129756664852059,0.602369418031828
-1,-0.5,-0.2,0.25,0.7,0.3,-1.36327518685437,-0.334907515697897,-0.187468901395785,0.415452167911297,0.657232846601985,-0.229789874149524,NA,NA,NA,NA,NA,NA,0.325281862285566,0.254495464628864,0.157442259026074,0.246990707861111,0.112874996081289,0.53975769897093
-1,-0.5,-0.2,0.25,0.7,0.3,-0.897130485699719,-0.569915793514701,-0.326016701065249,0.299029043315364,0.804434690567345,0.155416773851429,NA,NA,NA,NA,NA,NA,0.368705814252687,0.276673574381466,0.146446646694923,0.230694514465351,0.107612925136404,0.637997742866768
-1,-0.5,-0.2,0.25,0.7,0.3,-0.791538395593471,-0.672019102774802,-0.293016344536658,0.358595453642098,0.700561252133202,0.248484163725099,NA,NA,NA,NA,NA,NA,0.313525399952429,0.212973492797377,0.112593358777048,0.237224103544955,0.100690002868205,0.686570674114478
-1,-0.5,-0.2,0.25,0.7,0.3,-1.09834736640355,-0.475868601469305,-0.245966535074021,0.0865671682079932,0.716260258973749,2.07240268061247,NA,NA,NA,NA,NA,NA,0.353865124846826,0.206729173908115,0.101336093985236,0.203396777192362,0.0823060289045943,2.75379229573241
-1,-0.5,-0.2,0.25,0.7,0.3,-1.08007810615798,-0.422451855295834,-0.060656441974615,0.347205689100636,0.749410861497732,-0.100839251391756,NA,NA,NA,NA,NA,NA,0.329631480594745,0.247673517984003,0.112090233612123,0.186109402170506,0.104768894759432,0.421967780207766
-1,-0.5,-0.2,0.25,0.7,0.3,-1.49870008785334,-0.178707829170344,-0.131269710459595,0.530634849096358,0.639425388725399,-0.276184260414237,NA,NA,NA,NA,NA,NA,0.305952027217362,0.211644156792187,0.0899991624312777,0.278816323496199,0.111717773147816,0.582275965129633
-1,-0.5,-0.2,0.25,0.7,0.3,-1.32934438426766,-0.209257642232254,-0.0186409658692843,0.315201526291573,0.576509866445576,0.238018267703283,NA,NA,NA,NA,NA,NA,0.364603650463068,0.271718474135618,0.146468718656804,0.309389254829902,0.10692576987069,0.922446365293769
-1,-0.5,-0.2,0.25,0.7,0.3,-1.43100882486991,-0.227055911508435,-0.446459104926171,0.328228960675553,0.866522221956864,1.02527424712689,NA,NA,NA,NA,NA,NA,0.284525124956288,0.139718420501843,0.0726947904612571,0.199264780456472,0.093972343901554,0.993407080268618
-1,-0.5,-0.2,0.25,0.7,0.3,-1.15601128204265,-0.422179935430486,-0.194113628199872,0.169835127564634,0.612603525511581,5.41629523279266,NA,NA,NA,NA,NA,NA,0.312371111088897,0.235588725451994,0.0849491724743331,0.113819529303943,0.0795196924528628,12.7427020440671
-1,-0.5,-0.2,0.25,0.7,0.3,-0.812086923804047,-0.576195665546109,-0.462198637890361,0.0354950026681718,0.895897588377057,2.86641009858887,NA,NA,NA,NA,NA,NA,0.393631119136052,0.273908925475579,0.102163464937696,0.260754421794663,0.10551322007552,7.308418379894
-1,-0.5,-0.2,0.25,0.7,0.3,-0.637112213572169,-0.352815272539565,-0.0517699438841528,-0.0314647117195766,0.388170177453392,1.0599743715623,NA,NA,NA,NA,NA,NA,0.437450631322327,0.301396628040111,0.212498094342576,0.237108796355199,0.106967974139667,1.20033299515804
-1,-0.5,-0.2,0.25,0.7,0.3,-1.00160589898444,-0.517761279585576,-0.291462363453713,0.476712971263492,0.736658162337639,-0.0497695613433611,NA,NA,NA,NA,NA,NA,0.293801687290167,0.179932584342535,0.0931441047284173,0.261186773658723,0.114276244307013,0.628167328498484
-1,-0.5,-0.2,0.25,0.7,0.3,-0.454777927597281,-0.810827990874983,-0.0574414066510766,-0.0251267026118175,0.724861243737412,2.31240512677592,NA,NA,NA,NA,NA,NA,0.402266717464909,0.264219763138699,0.10730181637372,0.274488303152607,0.113395530196626,5.51110939406755
-1,-0.5,-0.2,0.25,0.7,0.3,-1.25513551504069,-0.199245420546734,-0.0835804854811126,0.466027452606497,0.536834170838926,0.599945143907681,NA,NA,NA,NA,NA,NA,0.280002458891338,0.209002157379123,0.0965023211502389,0.237338227342515,0.112580777366753,0.860889459389397
-1,-0.5,-0.2,0.25,0.7,0.3,-1.04774612627584,-0.65879645246996,-0.283841218414537,0.387496772080489,0.903149680284127,0.196523359707596,NA,NA,NA,NA,NA,NA,0.289245147709301,0.209975913199854,0.0896038580694342,0.203499037693166,0.107617413548014,0.541117845576317
-1,-0.5,-0.2,0.25,0.7,0.3,-0.729543312142977,-0.629970633092825,-0.225204398143264,0.137096793239098,0.623613996335732,0.297767346728539,NA,NA,NA,NA,NA,NA,0.388421053436933,0.311727794193715,0.153136466371404,0.20570264965494,0.107826289810108,0.555676270902882
-1,-0.5,-0.2,0.25,0.7,0.3,-1.42057402592338,-0.167818081876798,-0.394757406826746,0.297113737316366,0.719792502814675,0.702364620133908,NA,NA,NA,NA,NA,NA,0.307998596962504,0.206913085746295,0.101011153985203,0.194604410415971,0.100991272844469,0.762254173999225
-1,-0.5,-0.2,0.25,0.7,0.3,-1.27879934115964,-0.0216197004860628,-0.199321959632304,0.155483240335934,0.605759314864128,1.67098084992997,NA,NA,NA,NA,NA,NA,0.345618127235514,0.215320801758236,0.140020860124164,0.202613814018131,0.0775328247715243,1.80530433287885
-1,-0.5,-0.2,0.25,0.7,0.3,-1.53549077209526,-0.179692876173092,-0.302381994580001,0.451288506372402,0.773564548471299,0.210268560056379,NA,NA,NA,NA,NA,NA,0.313375522941696,0.253059527814995,0.128179303420945,0.252300109145189,0.11266815970798,0.743148282876424
-1,-0.5,-0.2,0.25,0.7,0.3,-0.98041590628005,-0.367454316320935,-0.347781531839252,0.303768361302776,0.6736785535367,0.207105282142007,NA,NA,NA,NA,NA,NA,0.315545167533322,0.238166201891979,0.142359316333359,0.27130538022946,0.137986577831526,0.779118964534696
-1,-0.5,-0.2,0.25,0.7,0.3,-0.598541513781357,-0.798101116429718,-0.0447613598685925,0.196365679274182,0.744634498214613,0.509102363325381,NA,NA,NA,NA,NA,NA,0.363058441551908,0.269575069149762,0.0986136632064898,0.208812480771901,0.129400251019386,0.655344925423911
-1,-0.5,-0.2,0.25,0.7,0.3,-1.7348967112661,0.0877296566581151,-0.302130538743764,1.17571830672616,0.608587937090148,-1.33458474390407,NA,NA,NA,NA,NA,NA,0.223564215429215,0.23499729025202,0.107515356317818,0.449464056660236,0.152281402998901,0.605151774885473
-1,-0.5,-0.2,0.25,0.7,0.3,-1.2787786169144,-0.398006357115931,-0.280959978139696,0.345791786059454,0.621665817711424,0.371600512187767,NA,NA,NA,NA,NA,NA,0.316942995517457,0.195685843749976,0.168314969563454,0.245181186604372,0.106364026237966,0.773782739611709
-1,-0.5,-0.2,0.25,0.7,0.3,-1.0599303364475,-0.540905037442087,0.00795101915470324,0.607691466325549,0.640831479766544,-0.235014413904864,NA,NA,NA,NA,NA,NA,0.267729742120386,0.227348660783892,0.10683435335777,0.227811159479321,0.117324662322903,0.464596154442455
-1,-0.5,-0.2,0.25,0.7,0.3,-1.18164172041395,0.0456087395672942,-0.0497082797709453,0.214496978376163,0.503307258559932,-0.260445638707499,NA,NA,NA,NA,NA,NA,0.447431017422352,0.394184216946751,0.20906634952885,0.29136281635889,0.129122033774733,0.607917574382208
-1,-0.5,-0.2,0.25,0.7,0.3,-0.480531670693441,-1.03672952013095,-0.168547055119802,0.0728506348765824,0.790183333647435,3.27900763757893,NA,NA,NA,NA,NA,NA,0.394729701808233,0.280145660565198,0.128414826170949,0.289862828366542,0.117695950850686,13.5386821426856
-1,-0.5,-0.2,0.25,0.7,0.3,-1.57862730107546,-0.0868364887667527,-0.178556281288736,0.492524993773296,0.769963491810165,0.6481412876986,NA,NA,NA,NA,NA,NA,0.281732852276946,0.184037730315861,0.0922007816915098,0.344714953871279,0.164576191165025,1.38870473554822
-1,-0.5,-0.2,0.25,0.7,0.3,-0.872143771848706,-0.636800891459508,-0.151920967399518,0.267591327250431,0.594376889485261,0.232935701407124,NA,NA,NA,NA,NA,NA,0.335342242838478,0.23116380095087,0.12785612414929,0.206626600211462,0.113799228943958,0.560237831348293
-1,-0.5,-0.2,0.25,0.7,0.3,-0.376619198754038,-0.894078471869344,-0.300991160090445,-0.0416226479940006,0.755357561993813,1.34689764660125,NA,NA,NA,NA,NA,NA,0.440336679406994,0.276677285791408,0.122447565197183,0.240816908203963,0.0912756461157949,1.69232451967971
-1,-0.5,-0.2,0.25,0.7,0.3,-1.16790141122641,-0.380670922355296,-0.220981267335224,0.16849005840073,0.832632540399783,4.36887172033196,NA,NA,NA,NA,NA,NA,0.320866301365929,0.226147688275804,0.0637228114946385,0.123795116916702,0.0770510044641994,9.36985024342427
-1,-0.5,-0.2,0.25,0.7,0.3,-1.18609581272532,-0.39986517716862,-0.231426367938006,0.357579319808248,0.662802527237511,0.739731569047897,NA,NA,NA,NA,NA,NA,0.302692644341644,0.191838245724867,0.0940177704465902,0.239178660783553,0.104528790484192,0.99129835645231
-1,-0.5,-0.2,0.25,0.7,0.3,-1.17790333389382,-0.480919099525679,-0.106641219934097,0.362681557605203,0.700500555535848,0.237369750985842,NA,NA,NA,NA,NA,NA,0.347653677683253,0.262973173407584,0.106342955567286,0.248746061784114,0.102442232549091,0.719043739773142
-1,-0.5,-0.2,0.25,0.7,0.3,-1.1293615940607,-0.352864967372231,-0.201582285709864,0.389352419219645,0.702721072871994,0.299752882070144,NA,NA,NA,NA,NA,NA,0.33162187202036,0.233639377985041,0.110134615881815,0.220086266340143,0.127446714595628,0.65327857009505
-1,-0.5,-0.2,0.25,0.7,0.3,-1.61285536092634,-0.203330611130137,-0.132181374757308,0.495082013706335,0.638216728037574,0.00312652196032856,NA,NA,NA,NA,NA,NA,0.291614669406151,0.200148425802322,0.124824282450346,0.216372863990014,0.111670711632068,0.516601411175794
-1,-0.5,-0.2,0.25,0.7,0.3,-1.22595303455949,-0.417572418966158,-0.165842071272703,0.192930073736329,0.850835804695663,1.8613723201519,NA,NA,NA,NA,NA,NA,0.335218235250103,0.177351576351118,0.0628604807164119,0.227538152963896,0.0938213934279912,2.43291692282305
-1,-0.5,-0.2,0.25,0.7,0.3,-0.940110756485526,-0.474501954032681,-0.220746493605523,0.0628173525030518,0.66844698965641,1.29818901001231,NA,NA,NA,NA,NA,NA,0.372396628770172,0.235212800239481,0.181332113525,0.210048190782671,0.11731010570204,1.32521140195904
-1,-0.5,-0.2,0.25,0.7,0.3,-1.08081200332015,-0.477048991134654,-0.278317405580924,0.591619896979601,0.614526994955219,-0.36771275912421,NA,NA,NA,NA,NA,NA,0.286526279706146,0.24549932026012,0.100085125276202,0.249281481252692,0.12152518079717,0.486665041590771
-1,-0.5,-0.2,0.25,0.7,0.3,-0.858862055182283,-0.723926970583371,-0.222392865577667,0.091307057511409,0.763064286061096,1.2488498761523,NA,NA,NA,NA,NA,NA,0.382887393968116,0.219168591001697,0.111166090936266,0.190059710615313,0.0985200883403966,1.11011427248474
-1,-0.5,-0.2,0.25,0.7,0.3,-1.1135897697216,-0.456740745776839,-0.254455601466094,0.183966133079498,0.68480422574821,0.743262963409838,NA,NA,NA,NA,NA,NA,0.360150945991554,0.194060606250421,0.148663236822403,0.244307408159725,0.0970144759543425,0.987792721328571
-1,-0.5,-0.2,0.25,0.7,0.3,-1.0658397023706,-0.365199339195983,0.0725568170208411,0.347790020208575,0.669834698143233,0.430001732149498,NA,NA,NA,NA,NA,NA,0.310964833192489,0.24692542081775,0.0971524539758213,0.208948798428455,0.12440016803078,0.667586149374712
-1,-0.5,-0.2,0.25,0.7,0.3,-1.36850505182885,-0.340026192934629,0.0479781322416069,0.547651789487726,0.656881223663541,-0.257635989407992,NA,NA,NA,NA,NA,NA,0.262936474421891,0.173947145575644,0.106460392847567,0.248152667433347,0.121373450405044,0.537458454060231
-1,-0.5,-0.2,0.25,0.7,0.3,-1.53100301455104,-0.436096324658885,-0.131053735609654,0.713407435069523,0.970703791811409,-0.151067994742669,NA,NA,NA,NA,NA,NA,0.243135241018657,0.174794266763894,0.0721105112546862,0.307364809769118,0.104689795425101,0.775004306740891
-1,-0.5,-0.2,0.25,0.7,0.3,-1.18374600502538,-0.302678510114519,-0.37805603684838,0.346378835504534,0.664804266058285,-0.181215375478609,NA,NA,NA,NA,NA,NA,0.369502617509318,0.255756605445161,0.150230465072258,0.265518068364757,0.113978533229585,0.54795475543331
-1,-0.5,-0.2,0.25,0.7,0.3,-0.986362225512621,-0.696422191502954,-0.00128067698553703,-0.0504141670372697,0.631793005963813,3.26178960301621,NA,NA,NA,NA,NA,NA,0.406389672152009,0.252317918735884,0.145911709032424,0.175444487303069,0.100996012329948,6.38279135444657
-1,-0.5,-0.2,0.25,0.7,0.3,-1.10392848335429,-0.468750180231475,-0.114159655015011,0.251121538983411,0.698419856140956,0.750928219534872,NA,NA,NA,NA,NA,NA,0.316882305692669,0.189181911150674,0.104161645962749,0.194028336596352,0.111633661079334,0.761037350330047
-1,-0.5,-0.2,0.25,0.7,0.3,-0.916960220250169,-0.53483180151077,-0.386098799494644,0.063193275358301,0.763345682110799,2.37127727856906,NA,NA,NA,NA,NA,NA,0.389709091211364,0.277383994693287,0.0656520273527038,0.202322990770335,0.119249819145829,3.25117962240507
-1,-0.5,-0.2,0.25,0.7,0.3,-0.988577844215152,-0.74580138897747,-0.386562994241316,0.188350234004962,0.719702292358999,0.501506741473802,NA,NA,NA,NA,NA,NA,0.360262353767838,0.270381401499462,0.134375219410888,0.183712722364934,0.0977030882439056,0.55606944976746
-1,-0.5,-0.2,0.25,0.7,0.3,-1.06854659575476,-0.548996467604801,-0.207271364905487,0.20517352090803,0.789780414397486,0.884972932147677,NA,NA,NA,NA,NA,NA,0.34674741114635,0.252006320665046,0.102079350008412,0.186680388970737,0.0960549996045784,0.805116896210678
-1,-0.5,-0.2,0.25,0.7,0.3,-0.711180576868253,-0.607554169209049,-0.214951163104967,0.125469510551879,0.676756997958297,0.461951938659751,NA,NA,NA,NA,NA,NA,0.394665173829132,0.307096888221191,0.117633941408125,0.203799171413702,0.131554124961172,0.608614046629132
-1,-0.5,-0.2,0.25,0.7,0.3,-0.82535921334069,-0.720087195310627,-0.487714186889969,0.148346323425591,0.579064642550093,1.31507293285553,NA,NA,NA,NA,NA,NA,0.368903017388714,0.254469384952178,0.107587012014199,0.203329738115322,0.0886949518942171,1.2534182639997
-1,-0.5,-0.2,0.25,0.7,0.3,-0.87768433017865,-0.561105446390926,-0.286200935780274,-0.0315816776589737,0.686513054715673,1.64615586276664,NA,NA,NA,NA,NA,NA,0.46227854325664,0.332667688253181,0.123206842746141,0.188387398085916,0.0942318497143004,1.50679402484766
-1,-0.5,-0.2,0.25,0.7,0.3,-1.27969461024237,-0.461887499468716,-0.0836006395646552,0.358712691306056,0.753621626708946,1.22697230523267,NA,NA,NA,NA,NA,NA,0.316807761027899,0.233640813401698,0.109054418974128,0.22928188030647,0.091240089541709,1.33499966845004
-1,-0.5,-0.2,0.25,0.7,0.3,-1.04785416636196,-0.465625238965845,-0.151989440614118,0.175169414053506,0.681647387253027,1.16691470527763,NA,NA,NA,NA,NA,NA,0.400030626401755,0.306681222884285,0.107013017139311,0.254932285288377,0.0881154106616545,1.55258165112771
-1,-0.5,-0.2,0.25,0.7,0.3,-0.863416009543909,-0.694124973084241,-0.0774728745874964,0.237395084428489,0.764099946494194,0.987505813601936,NA,NA,NA,NA,NA,NA,0.320028090101818,0.206178817576825,0.126339509555318,0.254033850950252,0.0948191122999358,1.37353896952938
-1,-0.5,-0.2,0.25,0.7,0.3,-1.49112199037567,-0.215063932739619,-0.143936987273534,0.585742483325716,0.682414954424294,-0.0112601719132656,NA,NA,NA,NA,NA,NA,0.318703636184868,0.295626642318994,0.100510867109521,0.229652378658198,0.121396610226515,0.523750955386237
-1,-0.5,-0.2,0.25,0.7,0.3,-0.71401589734652,-0.801679657193705,-0.235640014176506,0.308994956917777,0.863960358778769,0.144086184452644,NA,NA,NA,NA,NA,NA,0.335386124836388,0.225751517661051,0.0908695682823024,0.211828690307656,0.0962939692844792,0.545256376178926
-1,-0.5,-0.2,0.25,0.7,0.3,-1.18944919263404,-0.259982753817186,-0.267805401973597,0.454947684437305,0.595032003288075,-0.323075722620282,NA,NA,NA,NA,NA,NA,0.340022098425062,0.270571679796566,0.123902589124441,0.28277163111533,0.141613335098646,0.568514442791463
-1,-0.5,-0.2,0.25,0.7,0.3,-0.198875281897119,-1.15910518883448,-0.254828050328483,-0.152948424224626,0.82026844678639,4.53395778013524,NA,NA,NA,NA,NA,NA,0.430959157582669,0.333588209123577,0.102892283046152,0.116416757211321,0.0834545919602774,9.19079248103992
-1,-0.5,-0.2,0.25,0.7,0.3,-0.907733916759988,-0.147908327156652,-0.414706626578965,0.0962010653356249,0.497130438461813,0.35910270572305,NA,NA,NA,NA,NA,NA,0.429306414534231,0.357573286400079,0.1506117984686,0.235580019554419,0.118006287501811,0.700585775275925
-1,-0.5,-0.2,0.25,0.7,0.3,-1.71066004004796,-0.0789466995337214,-0.15472407482107,0.16441650795117,0.666929596068793,1.48237590272119,NA,NA,NA,NA,NA,NA,0.351840414210773,0.212663310972048,0.119208615295756,0.210309752588837,0.0936914035904541,1.59779517342097
-1,-0.5,-0.2,0.25,0.7,0.3,-1.00914954736965,-0.538105617454393,-0.101396015482056,0.267167151624836,0.682889291786138,0.0337385828467609,NA,NA,NA,NA,NA,NA,0.351256457022749,0.255251368892394,0.147541541848237,0.179108711406901,0.11978968124029,0.414157160117363
-1,-0.5,-0.2,0.25,0.7,0.3,-0.8875450147241,-0.508227218095929,-0.124940694938055,0.109685900257159,0.783238622739618,1.69262116184882,NA,NA,NA,NA,NA,NA,0.385515953696944,0.213790249914705,0.124679355846964,0.254443355396681,0.092750536613378,2.54194949193972
-1,-0.5,-0.2,0.25,0.7,0.3,-1.20617661838139,-0.423249586554787,-0.0374333011583035,0.438266850428468,0.655676015270125,-0.0072058710767389,NA,NA,NA,NA,NA,NA,0.342439617890636,0.295242700413198,0.152901557587558,0.265302929561819,0.108091255676501,0.665063201172885
-1,-0.5,-0.2,0.25,0.7,0.3,-1.57808617831749,0.0875227216601979,-0.191517200795292,0.56564486750154,0.638489430088433,-0.23990334030703,NA,NA,NA,NA,NA,NA,0.256100235925043,0.193335035721988,0.114870752396172,0.211526900397929,0.119465829788576,0.440737380647258
-1,-0.5,-0.2,0.25,0.7,0.3,-0.384547092150963,-0.570317889251007,-0.101433333264982,-0.202929370628147,0.428444788895119,2.88833395583441,NA,NA,NA,NA,NA,NA,0.492340881214217,0.299003617498275,0.183370010083431,0.209872582348358,0.088136796210484,5.45730077411278
-1,-0.5,-0.2,0.25,0.7,0.3,-1.04374702447796,-0.347331743307761,0.150938072018534,0.406886878778895,0.795640760510567,-0.102434888274743,NA,NA,NA,NA,NA,NA,0.326851713221849,0.261143008128835,0.166273625565573,0.234330269105663,0.105600212947575,0.537812846745935
-1,-0.5,-0.2,0.25,0.7,0.3,-1.10784540316308,-0.507157396300211,-0.277826950858379,0.362701167162157,0.713371201133725,0.160366107732013,NA,NA,NA,NA,NA,NA,0.334286911661789,0.250327451267058,0.107188774264557,0.223813449360432,0.100085828352572,0.567485763448338
-1,-0.5,-0.2,0.25,0.7,0.3,-1.58581202719711,-0.256746437518224,-0.291525765440424,0.383289483776376,0.835019467156598,0.0937065846377436,NA,NA,NA,NA,NA,NA,0.309266816604513,0.220530869187567,0.0961977406133546,0.1727068661976,0.105744057402588,0.414822265030531
-1,-0.5,-0.2,0.25,0.7,0.3,-1.49946329532324,0.168896511181076,-0.301382846267899,0.359702789687081,0.52628681174541,0.184184729030513,NA,NA,NA,NA,NA,NA,0.326827116525372,0.301215386738344,0.136015428231764,0.194820091528614,0.106055614344828,0.476331178293832
-1,-0.5,-0.2,0.25,0.7,0.3,-0.945201187532633,-0.458749763645204,-0.276713821387016,0.0273642239710393,0.57806831697664,3.46880044194452,NA,NA,NA,NA,NA,NA,0.374873397343535,0.219553627123343,0.108732745317794,0.165232937538799,0.0957388163642939,6.63092349118189
-1,-0.5,-0.2,0.25,0.7,0.3,-1.36007548856544,-0.238829061817761,-0.226165860464612,0.44082384058108,0.824673942279267,-0.487078700567548,NA,NA,NA,NA,NA,NA,0.322833402603375,0.22461275357071,0.0960053051302469,0.230873511155175,0.116524717444674,0.43500929073577
-1,-0.5,-0.2,0.25,0.7,0.3,-0.971555080215915,-0.469888037532195,-0.0602903209604584,0.421510246412639,0.738146667360305,-0.590054494960823,NA,NA,NA,NA,NA,NA,0.33247432295659,0.242375003969813,0.122872561017199,0.258046905305577,0.126787431440885,0.466198177817272
-1,-0.5,-0.2,0.25,0.7,0.3,-1.06693828028233,-0.422986149264407,-0.242998014340316,0.106228510043104,0.703549837766717,1.54337847278208,NA,NA,NA,NA,NA,NA,0.385327914858362,0.251353447841282,0.120021603544936,0.268568079675454,0.0936797168851294,2.41063594763899
-1,-0.5,-0.2,0.25,0.7,0.3,-1.05063313608552,-0.589352486087722,-0.162373244736608,0.306405800990541,0.814198936349504,0.422469725845196,NA,NA,NA,NA,NA,NA,0.333333874838295,0.256201643675158,0.0998502783098641,0.187673972514218,0.0978681175961878,0.591692664173909
-1,-0.5,-0.2,0.25,0.7,0.3,-1.18872628986577,-0.388873150098875,-0.203080263924023,0.0739370633725022,0.719910608407239,1.26892125220076,NA,NA,NA,NA,NA,NA,0.380721379252072,0.249553390124142,0.107471986821448,0.197311549160114,0.0847772380418783,1.22743942475494
-1,-0.5,-0.2,0.25,0.7,0.3,-1.12662398674985,-0.556868575473668,-0.207853729251921,0.5958290362547,0.956401719097939,-0.388953218899523,NA,NA,NA,NA,NA,NA,0.260915519614525,0.163518352483748,0.0602741958250861,0.277895525174462,0.121927469223093,0.559735675956906
-1,-0.5,-0.2,0.25,0.7,0.3,-1.59909069843405,-0.288005667658209,-0.0698971525836613,0.693951201889765,0.723375467111669,-0.45814496481945,NA,NA,NA,NA,NA,NA,0.236480948589603,0.163461149669832,0.093663066078749,0.204641373687798,0.140322404122395,0.365618738902258
-1,-0.5,-0.2,0.25,0.7,0.3,-1.36166846202243,-0.59415959992684,-0.24673876097967,0.715564787989422,0.903636963165964,-0.010940365743132,NA,NA,NA,NA,NA,NA,0.215322522616379,0.128271433564613,0.070136522748314,0.193520638901489,0.0984364920171966,0.442362777920587
-1,-0.5,-0.2,0.25,0.7,0.3,-0.891467642405166,-0.622111569224799,-0.205857900810572,0.124682679623286,0.735022888129332,4.94320815675862,NA,NA,NA,NA,NA,NA,0.318912447608424,0.163190323508621,0.125920941203038,0.125730142640436,0.0891653799518399,13.8488654033912
-1,-0.5,-0.2,0.25,0.7,0.3,-0.99468441784357,-0.499736774045814,-0.0302739413445973,0.311279300921933,0.815777900215477,0.2822642137236,NA,NA,NA,NA,NA,NA,0.361530580429509,0.274227630768941,0.101796853987584,0.251429968397533,0.0998160780596544,0.747852652234537
-1,-0.5,-0.2,0.25,0.7,0.3,-0.779533301562074,-0.416909616233504,-0.0210767995668454,0.25286056020827,0.440870132135379,0.18408588525755,NA,NA,NA,NA,NA,NA,0.326979056099812,0.242135628090054,0.188442108927613,0.205959821310972,0.121300636799776,0.54297307969398
-1,-0.5,-0.2,0.25,0.7,0.3,-0.618518837932923,-0.799253837047717,-0.345557203935478,0.0980492005764122,0.68179770519086,0.481808951236036,NA,NA,NA,NA,NA,NA,0.406704689304119,0.29575995281878,0.148763231942589,0.199149313247865,0.104153093076756,0.615363082017578
-1,-0.5,-0.2,0.25,0.7,0.3,-1.16377349383521,-0.634055566067579,-0.289648347424731,0.502578816986767,0.842125416241586,-0.156448921918424,NA,NA,NA,NA,NA,NA,0.28119030476462,0.20594782475386,0.0990224249729752,0.193511932431766,0.110837056167607,0.439168458576755
-1,-0.5,-0.2,0.25,0.7,0.3,-0.613653099007952,-0.90616865673302,-0.134108617244827,0.0641846290768669,0.777782521679882,4.82123128234768,NA,NA,NA,NA,NA,NA,0.334267040255638,0.213414035246396,0.0723774498413649,0.108025708948493,0.0782198004184261,6.9118611542326
-1,-0.5,-0.2,0.25,0.7,0.3,-1.17513934881796,-0.34410701534919,-0.379749013069356,0.241153585558273,0.685619124698454,1.36350877412812,NA,NA,NA,NA,NA,NA,0.313798495416547,0.220928434752655,0.127171620320524,0.201143630759788,0.127884425250788,1.36391445250773
-1,-0.5,-0.2,0.25,0.7,0.3,-0.807642788518482,-0.773056307923588,-0.176749818326053,0.365330656789003,0.832429249452416,0.268600384869612,NA,NA,NA,NA,NA,NA,0.290965837808297,0.17628008882516,0.0841204930510583,0.174558870882429,0.102677002756822,0.483297768724226
-1,-0.5,-0.2,0.25,0.7,0.3,-1.13570761557477,-0.455002705603241,-0.00709037801783676,0.287569805179493,0.770493932541806,0.336758731832104,NA,NA,NA,NA,NA,NA,0.375262316522565,0.305066644424445,0.103710749741025,0.270386449356818,0.102875924800849,0.83926142682008
-1,-0.5,-0.2,0.25,0.7,0.3,-1.42429869911192,-0.295127198403027,-0.390270808301658,0.87133283605093,0.78130331720564,-0.336076874298997,NA,NA,NA,NA,NA,NA,0.20219273001808,0.146300244200714,0.0672097624657658,0.205080499831667,0.113447791337336,0.392861477740211
-1,-0.5,-0.2,0.25,0.7,0.3,-1.09439455511022,-0.596854241219935,-0.218472497712145,0.22791371187975,0.976166973872694,0.804631549359469,NA,NA,NA,NA,NA,NA,0.327314992982611,0.238883276931147,0.0856417360475589,0.199984596977768,0.101004162323469,0.883459296793328
-1,-0.5,-0.2,0.25,0.7,0.3,-1.30397693658409,-0.305279315973984,0.0163984542850929,0.426761512886975,0.780102793547208,-0.476408921432326,NA,NA,NA,NA,NA,NA,0.332604116127832,0.255457936047946,0.147199954864372,0.234839613836254,0.132255983096065,0.431004094670365
-1,-0.5,-0.2,0.25,0.7,0.3,-0.89952603262589,-0.313935748410028,-0.33245861478309,0.139056581307934,0.540839777353111,0.505297841094822,NA,NA,NA,NA,NA,NA,0.436894256835788,0.394692656290677,0.163172426290173,0.251833491618553,0.111603986535625,0.851938559076866
-1,-0.5,-0.2,0.25,0.7,0.3,-0.723513850382167,-0.772122014353788,-0.265408588408946,0.251278595880653,0.782516585017779,0.152480617947572,NA,NA,NA,NA,NA,NA,0.378550660736115,0.287433484043453,0.12359378369198,0.250489459230986,0.117127704055183,0.680216197466895
-1,-0.5,-0.2,0.25,0.7,0.3,-1.62750775301245,-0.192615609039583,-0.170313295098526,0.612399003647014,0.840257012511492,-0.149100903928547,NA,NA,NA,NA,NA,NA,0.265613437369878,0.203608146385796,0.0972199384533785,0.214657468286029,0.101134889621572,0.460036630412755
-1,-0.5,-0.2,0.25,0.7,0.3,-1.19990624177965,-0.409937196215189,-0.273877850446469,0.25617837879204,0.837364214138818,0.223392556704205,NA,NA,NA,NA,NA,NA,0.358135165181363,0.238133122266619,0.125726138939085,0.222314863954461,0.114110329906115,0.589783206616738
-1,-0.5,-0.2,0.25,0.7,0.3,-1.39877780219667,-0.319356765399131,-0.0822692196691834,0.544209328098362,0.737867519658837,-0.0752675248160639,NA,NA,NA,NA,NA,NA,0.28711573740398,0.188962710953993,0.0845434457766717,0.255880036999026,0.110153143581307,0.583013479392418
-1,-0.5,-0.2,0.25,0.7,0.3,-0.657337460868345,-0.704404117772623,-0.195078853807871,0.0575176599355597,0.864002745045157,0.859517337273997,NA,NA,NA,NA,NA,NA,0.456131779430061,0.343867205772857,0.0833806332752917,0.19300486228345,0.101852630915817,0.879421935340687
-1,-0.5,-0.2,0.25,0.7,0.3,-1.2014510761246,-0.554886095915097,-0.282461154603057,0.171611007227796,0.797477744449875,1.17216221183854,NA,NA,NA,NA,NA,NA,0.356783444910005,0.25190330344937,0.063056024035396,0.202723088891629,0.0904531621123331,1.1153268459697
-1,-0.5,-0.2,0.25,0.7,0.3,-1.05244204350353,-0.369406366593178,-0.283300623319695,0.380183245063255,0.855644888244632,-0.303810702745256,NA,NA,NA,NA,NA,NA,0.339537791043189,0.285009152534903,0.147915235592355,0.254089645185716,0.126483274315514,0.54786717977871
-1,-0.5,-0.2,0.25,0.7,0.3,-1.32876871043716,-0.188373935838918,-0.0766745696846075,0.306019272227496,0.502250815653858,0.972941030597478,NA,NA,NA,NA,NA,NA,0.323270449105788,0.259396886294381,0.136292994006168,0.239166611117258,0.107790724190154,1.15449902258853
-1,-0.5,-0.2,0.25,0.7,0.3,-0.583736597996209,-0.851383166622739,-0.295644919100455,0.0370337860589237,0.769179880291129,1.52406262041119,NA,NA,NA,NA,NA,NA,0.386605177565312,0.297231351348692,0.0900308192308742,0.233197819366178,0.118481439266063,1.911252133433
-1,-0.5,-0.2,0.25,0.7,0.3,-1.65825429704934,-0.147744457632479,-0.288090475473085,0.36300508834703,0.72369423973315,0.667175759674783,NA,NA,NA,NA,NA,NA,0.285161889560204,0.199937424713974,0.0740020185463161,0.239842884218421,0.115785701304703,0.98528814635981
-1,-0.5,-0.2,0.25,0.7,0.3,-1.28305334982583,-0.254428444061643,-0.216889757511722,0.509405761941759,0.750412409605694,0.113757091872985,NA,NA,NA,NA,NA,NA,0.27403276728242,0.183111561315352,0.0940272788124069,0.198079616150537,0.102346960778281,0.541261009979812
-1,-0.5,-0.2,0.25,0.7,0.3,-0.608927800586284,-0.83471969181587,-0.412806088453065,-0.0310280237065984,0.696319913999722,1.90556537679149,NA,NA,NA,NA,NA,NA,0.479441067003631,0.282824282821071,0.16176786877593,0.253370639322808,0.0781810076640262,2.85101970039137
-1,-0.5,-0.2,0.25,0.7,0.3,-0.846256884043811,-0.541704027726463,-0.0758869048788285,0.0700471822374674,0.752768633826465,3.35906581462081,NA,NA,NA,NA,NA,NA,0.368809502110851,0.257486978585083,0.0831009556502155,0.164426850186854,0.0853809504875797,6.48324228968515
-1,-0.5,-0.2,0.25,0.7,0.3,-1.61545201990319,-0.186887876977818,-0.141533056535526,0.495153451526451,0.885475264834309,-0.395189186002417,NA,NA,NA,NA,NA,NA,0.308375434773786,0.181214110431274,0.0765832492611069,0.25098004472943,0.129443825199057,0.477354154676014
-1,-0.5,-0.2,0.25,0.7,0.3,-1.59400071036894,-0.251734042060726,-0.126076807689259,0.552759321462735,0.977854963206761,-0.220692582030007,NA,NA,NA,NA,NA,NA,0.287552368081526,0.195212421460428,0.0821131751932172,0.243093978034869,0.110929529543337,0.508336190830518
-1,-0.5,-0.2,0.25,0.7,0.3,-1.16978307760589,-0.409185082043892,-0.363669100981517,0.351613093189946,0.809844031551244,0.167999727026332,NA,NA,NA,NA,NA,NA,0.304709734741232,0.219636103717673,0.108867774194622,0.225704953516693,0.125347792404685,0.66509933211126
-1,-0.5,-0.2,0.25,0.7,0.3,-0.545486668424799,-0.821644102564511,-0.0906970763566105,0.0346578592981844,0.804956468908662,0.73546978912974,NA,NA,NA,NA,NA,NA,0.415801148432408,0.263891073129095,0.123335585981336,0.200317957657443,0.111605668045366,0.703505512417663
-1,-0.5,-0.2,0.25,0.7,0.3,-1.48659841991219,-0.0236929992174427,-0.297951129812637,0.365192127629145,0.704878121997295,0.128193589430474,NA,NA,NA,NA,NA,NA,0.314390234144482,0.215021169542324,0.139858852417439,0.233918254470258,0.106484516344856,0.630239322455761
-1,-0.5,-0.2,0.25,0.7,0.3,-1.34806407014059,-0.384536507431865,-0.3939764508326,0.641188092427452,0.768793766501876,-0.615537078179358,NA,NA,NA,NA,NA,NA,0.252796115377144,0.173060936610613,0.105569919316212,0.240882491153164,0.125622853428411,0.418939819591867
-1,-0.5,-0.2,0.25,0.7,0.3,-1.22286039635464,-0.26268940718562,-0.120102633098538,0.329048382840084,0.740590243308082,0.315825655491214,NA,NA,NA,NA,NA,NA,0.387601209041749,0.325701458101665,0.119824115291659,0.233536799740372,0.0982393490592827,0.636592690664959
-1,-0.5,-0.2,0.25,0.7,0.3,-0.734572814953338,-0.738487691690874,-0.0979033574819399,0.132124650706163,0.728922158683188,0.75652935129619,NA,NA,NA,NA,NA,NA,0.487045399823357,0.312451267691259,0.176625006396534,0.318415360270184,0.10402637828485,1.36341165546606
-1,-0.5,-0.2,0.25,0.7,0.3,-1.43491564952458,-0.142982582651928,-0.0449442355126315,0.344187740010432,0.598355447863631,0.382321182437936,NA,NA,NA,NA,NA,NA,0.305693155607158,0.238658400372413,0.119590624181781,0.229464787517157,0.109839641770198,0.72312555340419
-1,-0.5,-0.2,0.25,0.7,0.3,-1.38393088185086,-0.0809060981231681,-0.290080686785906,0.303672844912291,0.504755897507281,0.184295434939581,NA,NA,NA,NA,NA,NA,0.333277704178236,0.297963323160061,0.141227169244563,0.325026374577136,0.142494380326769,0.949800134452568
-1,-0.5,-0.2,0.25,0.7,0.3,-1.4050435850833,-0.0944432934783386,-0.177030870719713,0.533196101784924,0.653600623962215,-0.481162218938044,NA,NA,NA,NA,NA,NA,0.296309567090797,0.247556061971534,0.118281998419588,0.24233032594779,0.121513723426766,0.455774189342244
-1,-0.5,-0.2,0.25,0.7,0.3,-1.54561532085408,-0.3503974623988,-0.388367877890962,0.98458540975231,0.756123604926829,-0.906930391394045,NA,NA,NA,NA,NA,NA,0.194056469800367,0.150387833626315,0.0941379897192511,0.262341753242648,0.137085146191357,0.417733188892851
-1,-0.5,-0.2,0.25,0.7,0.3,-0.890255037726236,-0.601907150876096,-0.469427745979413,0.126431286022451,0.685225923193474,0.753249855732103,NA,NA,NA,NA,NA,NA,0.400724171031967,0.347984824372649,0.14364265593069,0.210422827599505,0.102791580362097,0.854336401147115
-1,-0.5,-0.2,0.25,0.7,0.3,-1.21745369734062,-0.331122461456196,-0.338079973132905,0.446313382985488,0.553194531023647,-0.0830068629515227,NA,NA,NA,NA,NA,NA,0.310644534163714,0.265395755104367,0.169658035870461,0.310919883244886,0.124813622267144,0.736606753791903
-1,-0.5,-0.2,0.25,0.7,0.3,-0.501274633464221,-1.10440709535385,-0.039977281114757,-0.00417937223706378,0.734206504653937,13.9515057866123,NA,NA,NA,NA,NA,NA,NA,NA,0.121552600368579,0.0965641132741228,0.0982105851525575,NA
-1,-0.5,-0.2,0.25,0.7,0.3,-1.8814994333909,0.567794193485827,0.530432227909319,5.52984752457071,0.356310087990757,-6.00953264982988,NA,NA,NA,NA,NA,NA,0.0295080961732926,0.0298615261276532,0.0273433409971214,1.79335117853782,0.123245257009908,1.7874812147913
-1,-0.5,-0.2,0.25,0.7,0.3,-1.47947878046659,-0.428631897006726,-0.416662553643098,0.622501406555732,0.810060008265672,-0.406416654657654,NA,NA,NA,NA,NA,NA,0.2763445187184,0.169036909260782,0.0847885874295917,0.274771377045637,0.130910761282542,0.542896162141143
-1,-0.5,-0.2,0.25,0.7,0.3,-0.601702772388731,-0.641687046024287,-0.221988619789548,0.117007926054979,0.666679634662134,0.715777847654637,NA,NA,NA,NA,NA,NA,0.369939267115145,0.221811435379704,0.106416906407336,0.182098703910518,0.109217345895548,0.676030502231789
-1,-0.5,-0.2,0.25,0.7,0.3,-0.59649049819947,-0.640593375823498,-0.177746193209679,0.0501610354497357,0.510847787826722,0.311215940258976,NA,NA,NA,NA,NA,NA,0.427886443558035,0.270137159327714,0.19798287977242,0.236750146458689,0.10172672189715,0.704578383512244
-1,-0.5,-0.2,0.25,0.7,0.3,-1.3236016561477,-0.41473605563974,-0.464186763530968,0.574895815653056,0.94696686586716,-0.288370325578986,NA,NA,NA,NA,NA,NA,0.264900336548653,0.178244891905925,0.0809514920441463,0.214637006380204,0.120820491519465,0.472392099816816
-1,-0.5,-0.2,0.25,0.7,0.3,-1.28267685146009,-0.51431439731934,-0.245259444769986,0.614557827326007,0.868471426949227,-0.435991395685935,NA,NA,NA,NA,NA,NA,0.260293185798265,0.187247510014925,0.0894018988684054,0.207137526733384,0.111640234135799,0.406730064646371
-1,-0.5,-0.2,0.25,0.7,0.3,-1.33175933391227,-0.0611900601821537,-0.222634642294505,0.254582163246849,0.624877018501601,1.02062414724726,NA,NA,NA,NA,NA,NA,0.334641693377188,0.266811136578629,0.115979689610053,0.180669681818515,0.0967684880415083,0.817048860401604
-1,-0.5,-0.2,0.25,0.7,0.3,-1.18964176583762,-0.056021271889021,-0.205494151229645,0.0941655315687303,0.562235341857332,3.1246077861541,NA,NA,NA,NA,NA,NA,0.350144230964876,0.237202914753196,0.117460800555663,0.171088552835269,0.110358737167113,5.86584050254369
-1,-0.5,-0.2,0.25,0.7,0.3,-0.469751715086185,-0.762322649587549,-0.297297534006115,0.189764770408126,0.675132743318579,0.414182148334175,NA,NA,NA,NA,NA,NA,0.368057469337116,0.240538372929894,0.128478985203945,0.212537437133007,0.101013031049012,0.654508839249063
-1,-0.5,-0.2,0.25,0.7,0.3,-0.601745419346724,-1.077129240557,-0.330003380367533,0.100047392471824,0.917058990818872,1.28615231599929,NA,NA,NA,NA,NA,NA,0.419643501086165,0.286014690667873,0.116901717354484,0.267541896493568,0.082035784210382,1.86093638586046
-1,-0.5,-0.2,0.25,0.7,0.3,-0.709501110711904,-0.89183182158994,-0.1244621640652,0.281009789252941,0.784669322736706,0.526544500337414,NA,NA,NA,NA,NA,NA,0.323345333520446,0.186059136250641,0.102170477656492,0.213380799281147,0.116266209975869,0.702212577778128
-1,-0.5,-0.2,0.25,0.7,0.3,-1.24355142770907,-0.332722447619798,-0.269208397713536,0.0574459804429155,0.60935287022696,2.71242169208791,NA,NA,NA,NA,NA,NA,0.367063108375283,0.271488604004311,0.111485767729046,0.203145142179181,0.11941741104814,5.32189142702732
-1,-0.5,-0.2,0.25,0.7,0.3,-1.12462994275395,-0.477873406061075,-0.2475237115257,0.248193612252404,0.708942536245092,1.89113874989842,NA,NA,NA,NA,NA,NA,0.310641194435414,0.244424458375094,0.161377985068362,0.276023928396959,0.13185583380012,3.30535788335429
-1,-0.5,-0.2,0.25,0.7,0.3,-1.16157793593601,-0.246110620907838,-0.19719999357858,0.305625821630108,0.723232605928838,0.711335939244231,NA,NA,NA,NA,NA,NA,0.314158983197097,0.244286492730691,0.0986299739966713,0.172727325443361,0.109450773266405,0.59439373517286
-1,-0.5,-0.2,0.25,0.7,0.3,-0.799429517275462,-0.322254109424356,-0.204662674769355,-0.0288905432033864,0.508705210111369,1.44262488665066,NA,NA,NA,NA,NA,NA,0.542490718215805,0.33318719930186,0.337779143570692,0.522528662538977,0.195277230226726,4.37245963047558
-1,-0.5,-0.2,0.25,0.7,0.3,-0.734081893119256,-0.588255435038141,-0.0302079853383469,0.238721273430752,0.844505873021073,0.352702111775362,NA,NA,NA,NA,NA,NA,0.364556251370131,0.257186140244353,0.0953341240566549,0.274239281743899,0.121934223217241,0.846929832838373
-1,-0.5,-0.2,0.25,0.7,0.3,-1.31419671677106,0.016671933585155,-0.126061344183096,0.126119294833027,0.504679422318869,1.57541116677185,NA,NA,NA,NA,NA,NA,0.389540009070981,0.295742574598993,0.102009654310736,0.211219988534425,0.0998570183489903,1.60895896820058
-1,-0.5,-0.2,0.25,0.7,0.3,-0.723195831704843,-0.641060717399453,-0.424220007713408,0.0822381547179228,0.74721116610419,0.539254496400732,NA,NA,NA,NA,NA,NA,0.419918913356536,0.256505539682331,0.148522064626933,0.332065882981151,0.113098969191898,1.28538845358987
-1,-0.5,-0.2,0.25,0.7,0.3,-0.315309906686031,-0.699773858231935,-0.0545560119016305,-0.112653990394611,0.636602936183004,2.52072924230675,NA,NA,NA,NA,NA,NA,0.45591913980197,0.33643126981591,0.161762785574005,0.204040750521495,0.0969871982731307,4.30325436231699
-1,-0.5,-0.2,0.25,0.7,0.3,-0.574968069656209,-0.954467792660465,-0.310193849265923,0.282103819887625,0.919877610165986,0.282235082530326,NA,NA,NA,NA,NA,NA,0.318581210266973,0.203781421576969,0.105382819518683,0.228116747795799,0.120672194668323,0.667351785713442
-1,-0.5,-0.2,0.25,0.7,0.3,-0.404457196984883,-0.854594310473824,-0.378514260753467,0.0599027881828312,0.839124176928915,1.00606127534547,NA,NA,NA,NA,NA,NA,0.383062152754644,0.294406254397947,0.136842740728545,0.238733674843795,0.138350714412655,1.26402007448058
-1,-0.5,-0.2,0.25,0.7,0.3,-0.838676603341688,-0.827615230451799,-0.324578052277597,0.333983491301448,0.869224378739571,0.0653068951286734,NA,NA,NA,NA,NA,NA,0.342393629136501,0.252814363017789,0.090927925565641,0.214094457957767,0.112380204249272,0.53793696979609
-1,-0.5,-0.2,0.25,0.7,0.3,-0.968915660265629,-0.712477505166895,-0.184996335841235,0.225083757866287,0.692765806429349,0.346058162960159,NA,NA,NA,NA,NA,NA,0.339400746612932,0.275774881671787,0.130963148909768,0.189993887061823,0.106320131383251,0.537648486153935
-1,-0.5,-0.2,0.25,0.7,0.3,-1.05886588984211,-0.350159378798707,-0.391130870570566,0.0115858418636932,0.75208254914268,5.36542569387774,NA,NA,NA,NA,NA,NA,0.383993659716451,0.282872661897431,0.109458011329248,0.115341545853706,0.0878948015031196,13.9409226936486
-1,-0.5,-0.2,0.25,0.7,0.3,-1.2612013843516,-0.348431966139108,-0.307125730285078,0.485494360635362,0.731807997476747,0.091982190220751,NA,NA,NA,NA,NA,NA,0.306295125331829,0.198969560304471,0.10646366615789,0.300258270587629,0.104995113649421,0.788532132612387
-1,-0.5,-0.2,0.25,0.7,0.3,-0.122233566263079,-1.06712792420899,0.015611702057611,0.215348589104912,0.689732160398949,-0.118423843426778,NA,NA,NA,NA,NA,NA,0.35062458988576,0.254674651936266,0.164948561677174,0.207178932682722,0.114276339186206,0.482405692319544
-1,-0.5,-0.2,0.25,0.7,0.3,-0.936150243219851,-0.378983126342473,-0.344569056510696,0.0713541832253727,0.77625579069358,0.804160803437037,NA,NA,NA,NA,NA,NA,0.395430851252299,0.212386634947275,0.10648418942484,0.205858148501564,0.130076568706201,0.761795067533015
-1,-0.5,-0.2,0.25,0.7,0.3,-1.29700700566331,-0.282590755765543,-0.152283024249742,0.392248587361564,0.791586186481167,0.165259025378698,NA,NA,NA,NA,NA,NA,0.291932981331353,0.203184742582671,0.0966885908043608,0.213947539510546,0.105699078949709,0.565849601963664
-1,-0.5,-0.2,0.25,0.7,0.3,-0.551149730945628,-0.61012498462446,-0.224249836975764,0.108467152080074,0.602379503793574,0.512489308651493,NA,NA,NA,NA,NA,NA,0.452840765303653,0.358337804914388,0.127524229059185,0.236934112975185,0.103767285018232,0.785119944230044
-1,-0.5,-0.2,0.25,0.7,0.3,-1.33718683642904,-0.267054330129369,-0.119504281244734,0.443877721713849,0.664892050467792,-0.0315678606157022,NA,NA,NA,NA,NA,NA,0.295252983988627,0.188722567038679,0.10494260326347,0.204448621305216,0.111239012133271,0.451019317796858
-1,-0.5,-0.2,0.25,0.7,0.3,-1.92241963284962,0.129757355134227,-0.0749204697913788,0.915370124166116,0.952687218688912,-0.571883375658699,NA,NA,NA,NA,NA,NA,0.219660553944582,0.196619300819528,0.0563907751350261,0.221983414448774,0.123313005830653,0.415652693682329
-1,-0.5,-0.2,0.25,0.7,0.3,-0.864383210341323,-0.58638601674331,-0.241364720548776,0.0447420753982226,0.752021072360973,1.74651012749643,NA,NA,NA,NA,NA,NA,0.409602496448038,0.287924695581063,0.0897120377000867,0.206592013144434,0.0763105035359173,2.03950689219916
-1,-0.5,-0.2,0.25,0.7,0.3,-1.30847632220321,-0.253344556442796,-0.393676764798603,0.144201995418058,0.485623870467258,1.1031035511604,NA,NA,NA,NA,NA,NA,0.352964756400546,0.25146879398493,0.164716341899887,0.192123605874055,0.133434334800168,0.930411571736664
-1,-0.5,-0.2,0.25,0.7,0.3,-0.983761130267027,-0.358333927925961,-0.341616559875801,0.239999217144702,0.729850523817793,0.398972922374299,NA,NA,NA,NA,NA,NA,0.348668368879674,0.253536699207749,0.144550260538821,0.254868534549444,0.105977093214606,0.863650961469737
-1,-0.5,-0.2,0.25,0.7,0.3,-0.852731760667634,-0.557919586278859,-0.259788386747897,0.207299431506912,0.632485819003819,0.432181280841164,NA,NA,NA,NA,NA,NA,0.350008932042734,0.255391462547406,0.107174496098723,0.227591426248086,0.106604252780833,0.761151463039767
-1,-0.5,-0.2,0.25,0.7,0.3,-1.54831380285495,-0.425353673734815,-0.232141694712927,1.63778508861157,1.12963399710094,-1.6540548707934,NA,NA,NA,NA,NA,NA,0.120553266822471,0.0918692551637704,0.0515072921735696,0.491626145639869,0.160675154759012,0.626087690777742
-1,-0.5,-0.2,0.25,0.7,0.3,-1.10264769664704,-0.638730292076309,-0.235348630907069,0.345373715177117,0.71780837738237,0.132857158280635,NA,NA,NA,NA,NA,NA,0.331078813263334,0.276305060381933,0.104506314914633,0.218269394102829,0.124522475365721,0.524972621363672
-1,-0.5,-0.2,0.25,0.7,0.3,-0.616896841756842,-0.690197954096209,0.0116713683105026,0.259714724253562,0.745946752101435,0.887032048744976,NA,NA,NA,NA,NA,NA,0.347823384842862,0.241702643975681,0.129382203966043,0.215450643559314,0.0823467693917525,0.961230180759835
-1,-0.5,-0.2,0.25,0.7,0.3,-1.38882012566694,-0.371687576528629,-0.120090207148189,0.309322811771027,0.673221753002573,0.657134315228701,NA,NA,NA,NA,NA,NA,0.319052418125151,0.212037697328528,0.106565995357832,0.19587689727885,0.105619128557243,0.673915286161267
-1,-0.5,-0.2,0.25,0.7,0.3,-0.925670787971331,-0.413462296265082,-0.371599459642027,-0.0338695957034912,0.676853507772172,4.04941529530407,NA,NA,NA,NA,NA,NA,0.382210155370658,0.250022914925345,0.12098008032864,0.135901392142593,0.0830798770987923,8.89396477711977
-1,-0.5,-0.2,0.25,0.7,0.3,-1.27793900974265,-0.547049221942635,-0.178750635507987,0.594293994790727,0.722705307054174,0.308959144717625,NA,NA,NA,NA,NA,NA,0.265866142672354,0.205546125751696,0.0741433850353363,0.224004832471137,0.105751386557802,0.651652422835871
-1,-0.5,-0.2,0.25,0.7,0.3,-1.02973279426282,-0.553760517416173,-0.0189696596170964,0.253457759421201,0.746479651896304,-0.00107833470704967,NA,NA,NA,NA,NA,NA,0.407519717061679,0.266601988347572,0.121172772146451,0.294956365656555,0.10996889446651,0.711888118758542
-1,-0.5,-0.2,0.25,0.7,0.3,-1.35651013245058,-0.261375931736561,-0.063756269292202,0.860869463646802,0.76077957672013,-0.782924556823886,NA,NA,NA,NA,NA,NA,0.255241067500172,0.241599730447065,0.109554193593005,0.2968711357098,0.140278721098767,0.501516843085346
-1,-0.5,-0.2,0.25,0.7,0.3,-0.917100967456655,-0.587667499543199,-0.101374427883065,0.204267745252012,0.662066705083086,0.567070004300207,NA,NA,NA,NA,NA,NA,0.375525449042534,0.288615838730905,0.119162703145982,0.214642105591954,0.110082353102409,0.728860533307873
-1,-0.5,-0.2,0.25,0.7,0.3,-1.41114810211157,-0.371642825082967,-0.364721398357655,0.424025585472078,0.876879858999813,-0.0107314614465946,NA,NA,NA,NA,NA,NA,0.30427151962975,0.22675757751331,0.091192148325614,0.227674044521699,0.103327722542293,0.592730040849001
-1,-0.5,-0.2,0.25,0.7,0.3,-0.533785577061675,-1.02975224647239,-0.217063490453751,0.401252299935361,0.760899027147945,-0.502691041288976,NA,NA,NA,NA,NA,NA,0.333291008270381,0.260473391852176,0.154136196993024,0.267893718756318,0.106661198314041,0.497525556869195
-1,-0.5,-0.2,0.25,0.7,0.3,-1.26862582033603,-0.345510460790911,-0.115661100818103,0.23643263849202,0.695926668784498,1.03726776119679,NA,NA,NA,NA,NA,NA,0.323945150975484,0.186578158437965,0.0843239790685052,0.22819044683808,0.100640768087702,1.17530172643266
-1,-0.5,-0.2,0.25,0.7,0.3,-1.04379835233757,-0.653900935751335,-0.303258860480812,0.302522358425974,0.822058758743336,-0.102821728287305,NA,NA,NA,NA,NA,NA,0.351307825873616,0.267951433236175,0.134467678397853,0.273721000426667,0.12263762877037,0.686463060851203
-1,-0.5,-0.2,0.25,0.7,0.3,0.123296762758984,-1.06395934261263,-0.490529726521056,-0.394483359863154,0.785319672301545,4.56574547550523,NA,NA,NA,NA,NA,NA,0.54254613148499,0.303768340154762,0.200448548977022,0.128202831266063,0.0683183862596977,9.94974143273892
-1,-0.5,-0.2,0.25,0.7,0.3,-0.758235296414434,-0.789634930571299,-0.469652161444965,0.404009522144781,0.750737867859498,-0.53062401801263,NA,NA,NA,NA,NA,NA,0.345380118651462,0.275608871390382,0.14625518324019,0.231586021352992,0.107441418301932,0.425275594512307
-1,-0.5,-0.2,0.25,0.7,0.3,-1.50444083947608,-0.198273517621747,-0.275998555901312,0.459538552004002,0.81677562552028,0.668769303474642,NA,NA,NA,NA,NA,NA,0.269946039264828,0.16948442615326,0.076015867463943,0.200794569925799,0.115506389496517,0.739449406017974
-1,-0.5,-0.2,0.25,0.7,0.3,-0.887488614444574,-0.633308114584787,-0.112121025151673,0.218736700926211,0.782534452063748,0.446502779004389,NA,NA,NA,NA,NA,NA,0.328758208771673,0.169763705442121,0.125437487691566,0.21492618438273,0.110190327787835,0.72017686691625
-1,-0.5,-0.2,0.25,0.7,0.3,-1.19257255811294,-0.504688286495465,-0.210274451537279,0.226667958015601,0.849684271359835,1.98713951828797,NA,NA,NA,NA,NA,NA,0.353315362535196,0.236364462150111,0.07932709114205,0.207297989042157,0.0805634107672301,2.52493872564254
-1,-0.5,-0.2,0.25,0.7,0.3,-0.873780743138219,-0.860744690115873,-0.329166560818769,1.0086429174557,0.925244836453081,-0.959361802547209,NA,NA,NA,NA,NA,NA,0.197608960389154,0.133282713355523,0.0924165568882896,0.311945921235768,0.133298444921324,0.485113364281677
-1,-0.5,-0.2,0.25,0.7,0.3,-1.28044450405561,-0.432911951107363,-0.312743737757428,0.223076984213459,0.707997093902972,1.10705109028173,NA,NA,NA,NA,NA,NA,0.348309695887079,0.25327666843586,0.113645946090028,0.181066340056243,0.0928586058745305,0.870289089322648
-1,-0.5,-0.2,0.25,0.7,0.3,-1.04767652731114,-0.320206568137381,0.00455503289487898,0.00672972531574657,0.75345211306148,2.45727354352666,NA,NA,NA,NA,NA,NA,0.432841874865652,0.281805281752684,0.114345629458522,0.223205053314372,0.0819810410929597,4.09822220127646
-1,-0.5,-0.2,0.25,0.7,0.3,-1.69521232522697,-0.0515942919119472,-0.401883129574824,0.479452210910269,0.722234943952971,0.787489975056879,NA,NA,NA,NA,NA,NA,0.297731500537648,0.227540571309596,0.104133365865382,0.214733886378242,0.10085146161419,0.836565364122933
-1,-0.5,-0.2,0.25,0.7,0.3,-0.659441727089559,-1.01917729573595,-0.00237030602734758,0.252982937868441,0.872687898995561,1.05950073206829,NA,NA,NA,NA,NA,NA,0.316530349301568,0.221448225366616,0.100608134283016,0.20567227635452,0.086554805049106,1.08322235958436
-1,-0.5,-0.2,0.25,0.7,0.3,-0.37851102815638,-1.21770926791356,-0.343565625097665,0.134651550632482,0.806663003206607,-0.0227214232833385,NA,NA,NA,NA,NA,NA,0.440406979497396,0.355058463111342,0.194254281134632,0.268304454243865,0.114474426947399,0.639450710519798
-1,-0.5,-0.2,0.25,0.7,0.3,-1.07733009044434,-0.534244054502609,-0.105684150228649,0.496692571392565,0.751021930908136,-0.529255255325138,NA,NA,NA,NA,NA,NA,0.318903272848874,0.198151697475405,0.112974053257593,0.329292293997273,0.126504172112041,0.598544374780294
-1,-0.5,-0.2,0.25,0.7,0.3,-1.28145476113252,-0.466954749232786,-0.249690423807245,0.276055761814873,0.847026851855277,0.303991983307354,NA,NA,NA,NA,NA,NA,0.324648323783548,0.24251205627359,0.131339346997505,0.242573055866407,0.117436118257275,0.756090579065299
-1,-0.5,-0.2,0.25,0.7,0.3,-0.711884464252045,-0.540102782914266,-0.0959797604193811,0.537062619399628,0.478142342198119,-0.499569778000264,NA,NA,NA,NA,NA,NA,0.281641833894809,0.229779092641745,0.150490295823411,0.289856399338321,0.116572815077186,0.550845132066868
-1,-0.5,-0.2,0.25,0.7,0.3,-1.20169832468847,-0.245283478120475,-0.0862491651466818,0.128706916005483,0.71350972009359,1.38507631962466,NA,NA,NA,NA,NA,NA,0.371774083355184,0.252026963595075,0.0990536364770038,0.183904025440439,0.0929617200949519,1.10519534457727
-1,-0.5,-0.2,0.25,0.7,0.3,-0.957767134255247,-0.689476752478097,-0.0541914221376567,0.181108280250186,0.583820349319252,0.581497260086196,NA,NA,NA,NA,NA,NA,0.359310405899956,0.286630450957501,0.123787269476143,0.187937408773871,0.127855116948309,0.63651578688481
-1,-0.5,-0.2,0.25,0.7,0.3,-0.690200114153532,-0.727011318043107,-0.403174996068097,0.138234093931088,0.707037997511191,0.991221709290666,NA,NA,NA,NA,NA,NA,0.474940326533854,0.399671079605109,0.173114806220655,0.285902700235488,0.0951494376712468,1.51404955704913
-1,-0.5,-0.2,0.25,0.7,0.3,-0.494558564756682,-0.679766627709609,-0.259183541244897,-0.00745576158581097,0.634053931698735,0.71145434498213,NA,NA,NA,NA,NA,NA,0.445177183365148,0.31580417106289,0.138531289972525,0.214905168353593,0.102828311906152,0.82879262065553
-1,-0.5,-0.2,0.25,0.7,0.3,-0.588772947927417,-1.01049140061921,-0.232396374498786,0.107392959683766,0.767986959234706,0.661498214692439,NA,NA,NA,NA,NA,NA,0.389031368623208,0.260410593667498,0.107594315035594,0.198971402655765,0.0848429907327521,0.694204180583602
-1,-0.5,-0.2,0.25,0.7,0.3,-1.06420345358249,-0.31495190850369,-0.329923408836656,0.296369093594664,0.397682406742427,-0.148070078437666,NA,NA,NA,NA,NA,NA,0.322221229718149,0.228311477366993,0.187630948512279,0.191159001137374,0.117146312529859,0.379962857243776
-1,-0.5,-0.2,0.25,0.7,0.3,-1.19018474545587,-0.500172451168447,-0.151198762493344,0.662515976904392,0.747732412761752,-0.556300223957969,NA,NA,NA,NA,NA,NA,0.273637327987548,0.212176728419299,0.123558412791858,0.248727845369695,0.107124028317213,0.461236633498228
-1,-0.5,-0.2,0.25,0.7,0.3,-0.780071002396344,-0.583122886459589,-0.132480291460337,0.304272641378513,0.651785411009709,-0.132137156379134,NA,NA,NA,NA,NA,NA,0.345575705492264,0.313337873342337,0.194283897962711,0.323609689504915,0.150829851411126,0.749743413461891
-1,-0.5,-0.2,0.25,0.7,0.3,-1.3093825373986,-0.403769765941897,-0.167884582681646,0.828259638969568,0.738162788160793,-0.876226439187316,NA,NA,NA,NA,NA,NA,0.263886023049159,0.214820458776563,0.132580001150241,0.359550832297544,0.106555817400522,0.585118266734895
-1,-0.5,-0.2,0.25,0.7,0.3,-1.40758133790226,-0.253115856573371,-0.337853634743794,0.214294419100066,0.64172339787911,1.4446321970998,NA,NA,NA,NA,NA,NA,0.327493611352764,0.231863367050863,0.120490318286386,0.1738031965933,0.106862504359002,1.15260427589372
-1,-0.5,-0.2,0.25,0.7,0.3,-0.253774992819449,-0.900998018421753,-0.224698465782895,-0.101745954924161,0.624771466219346,4.08581588675738,NA,NA,NA,NA,NA,NA,0.414222253107554,0.253190805062992,0.104353735766851,0.134087327515245,0.093266865601065,8.46148147003836
-1,-0.5,-0.2,0.25,0.7,0.3,-0.783238606721536,-0.580244680896319,-0.0426644102990017,0.112060437597307,0.611313378734438,0.625711878467358,NA,NA,NA,NA,NA,NA,0.376857756179833,0.282532923543931,0.167256591707702,0.178219779498559,0.103410067909769,0.635006981616508
-1,-0.5,-0.2,0.25,0.7,0.3,-0.860432643792302,-0.732277367319214,-0.448074698605016,0.243712984733346,0.776125286646589,0.152254781935767,NA,NA,NA,NA,NA,NA,0.356224240806951,0.310323873683494,0.144334077785642,0.211922484931632,0.119573169339627,0.572102961950467
-1,-0.5,-0.2,0.25,0.7,0.3,-1.10239718807013,-0.689086391946749,-0.26920098275086,0.456009499027365,0.924357396492275,-0.0299028836369812,NA,NA,NA,NA,NA,NA,0.330554623786218,0.255048499426705,0.110360982525875,0.212037128662019,0.0956668484011931,0.484041247930463
-1,-0.5,-0.2,0.25,0.7,0.3,-0.57033419490221,-0.765482157269563,-0.253260049889323,0.124565193949068,0.790135861417582,0.938792835162551,NA,NA,NA,NA,NA,NA,0.405952188173698,0.238643720645211,0.113243610691089,0.263383141060122,0.108053779034909,1.24635658841444
-1,-0.5,-0.2,0.25,0.7,0.3,-0.429219369167011,-0.798914300156596,-0.233694179934298,0.375248922162942,0.755485569769201,-0.468480019768813,NA,NA,NA,NA,NA,NA,0.350356683338698,0.246002114682703,0.229789169126945,0.340267148357531,0.130301796932915,0.668095792946608
-1,-0.5,-0.2,0.25,0.7,0.3,-1.37319198522158,-0.215834182500975,-0.12205216156888,0.215630285734716,0.74626161768616,0.0808977722499594,NA,NA,NA,NA,NA,NA,0.369641426150187,0.245455161277393,0.0954413101648817,0.202057478478379,0.114012711865292,0.46116743370065
-1,-0.5,-0.2,0.25,0.7,0.3,-1.21428019335989,-0.448177270065827,-0.321673727795069,0.276392890887161,0.758940443377227,0.627973962400507,NA,NA,NA,NA,NA,NA,0.339128431913323,0.230851055047443,0.0849547398949594,0.220966520956845,0.100204194475994,0.801645026698671
-1,-0.5,-0.2,0.25,0.7,0.3,-1.07998831672815,-0.389975604756227,-0.163124607247,0.13184400869094,0.59246804456974,0.782648554188727,NA,NA,NA,NA,NA,NA,0.392675214878927,0.2371086321249,0.116845321405414,0.253126576562734,0.0856869282118772,1.08820082146485
-1,-0.5,-0.2,0.25,0.7,0.3,-1.39676212861311,-0.379361540319664,-0.513648114530775,0.75471803255415,0.836985447316464,-0.79534897036532,NA,NA,NA,NA,NA,NA,0.247311817671036,0.191848752157602,0.117957524629791,0.317670662165305,0.115323878126436,0.537542789019613
-1,-0.5,-0.2,0.25,0.7,0.3,-1.41049023267373,-0.273057663199604,-0.0157405828781545,0.41255424982249,0.704731866966527,0.311813221970944,NA,NA,NA,NA,NA,NA,0.299608976616351,0.179207989628256,0.128832642004609,0.226489596964534,0.100547356013813,0.662753086750367
-1,-0.5,-0.2,0.25,0.7,0.3,-1.26165786890502,-0.3306035990058,-0.369085813614427,0.253586661463884,0.555780078126212,0.499891116277195,NA,NA,NA,NA,NA,NA,0.333029682611765,0.264327235157621,0.122582299770301,0.189557888917978,0.135618747320753,0.63410772800901
-1,-0.5,-0.2,0.25,0.7,0.3,-1.15580683246496,-0.390543581291487,-0.0906571775019766,0.443664978992951,0.766106015149482,0.104094395682032,NA,NA,NA,NA,NA,NA,0.360037095847314,0.254758211140114,0.100243436074244,0.294675197594611,0.110848686608966,0.762723888114501
-1,-0.5,-0.2,0.25,0.7,0.3,-1.16227175013495,-0.482655326497498,-0.280897739800416,0.6219590338301,0.838701368376546,-0.645688480519422,NA,NA,NA,NA,NA,NA,0.263878992104611,0.191903837235633,0.0785760283740512,0.241781961702035,0.131402107565508,0.422821639469306
-1,-0.5,-0.2,0.25,0.7,0.3,-1.66548639874446,0.0728089769778048,-0.0123069712447624,0.437693572585696,0.523444033112422,0.197910737868371,NA,NA,NA,NA,NA,NA,0.300186736024462,0.258612996045118,0.127510728218269,0.213037415881908,0.118452449759092,0.552406474395127
-1,-0.5,-0.2,0.25,0.7,0.3,-0.371798010936622,-0.821268366608499,-0.353325941256355,0.0798114570960252,0.713785200841145,0.0555366236909041,NA,NA,NA,NA,NA,NA,0.460988797516176,0.33190615624759,0.227098466748113,0.350095538316568,0.179752917342186,1.00651827656309
-1,-0.5,-0.2,0.25,0.7,0.3,-1.35263083547738,-0.198857689874976,-0.276709421264767,0.106753202524999,0.580861523052605,1.15863684702166,NA,NA,NA,NA,NA,NA,0.378029523590011,0.248379168793143,0.137787166026483,0.213893206089374,0.111834834884981,1.17678605712819
-1,-0.5,-0.2,0.25,0.7,0.3,-1.26125816897044,-0.444188530047659,-0.329114573994097,0.366151341277348,0.738074497606052,0.267627024437199,NA,NA,NA,NA,NA,NA,0.301670067240592,0.170045301333418,0.111519065475089,0.218245611344107,0.106299258655622,0.58412234256429
-1,-0.5,-0.2,0.25,0.7,0.3,-0.79709233354286,-0.618813068259809,-0.230842200505659,0.203177971759113,0.873969716071263,0.408774637900075,NA,NA,NA,NA,NA,NA,0.346337145994037,0.252345810193378,0.113510795854946,0.197357801101569,0.109473365823494,0.593357005675165
-1,-0.5,-0.2,0.25,0.7,0.3,-0.639180449044799,-0.862870476446921,-0.187724811155788,0.0723424570978974,0.71980167412583,1.36240623381195,NA,NA,NA,NA,NA,NA,0.400852220392838,0.257015144446602,0.118546351326288,0.188711713442454,0.0904328926403699,1.13256620063797
-1,-0.5,-0.2,0.25,0.7,0.3,-0.868311358463847,-0.588073047661329,-0.0921170913601849,0.21981994812027,0.788971493438552,0.532079767050839,NA,NA,NA,NA,NA,NA,0.34006162433569,0.232187082259163,0.124005375854975,0.201032240911145,0.11042302608876,0.660557025552446
-1,-0.5,-0.2,0.25,0.7,0.3,-0.480569701438906,-0.747376881087167,-0.179127081049271,0.176507678046552,0.774664309881521,0.510411369598563,NA,NA,NA,NA,NA,NA,0.355871323674849,0.242976470807215,0.133229106514263,0.205508350742026,0.11036506435823,0.711527543483649
-1,-0.5,-0.2,0.25,0.7,0.3,-1.21291003638451,-0.528042663457199,-0.164495270907913,0.875518255586808,0.76280620760892,-0.718133137211066,NA,NA,NA,NA,NA,NA,0.211490133786377,0.144701245417883,0.0811067340278177,0.402744920471912,0.113280974013165,0.720274842914215
-1,-0.5,-0.2,0.25,0.7,0.3,-1.30850385295145,-0.489874603783347,-0.137256552612753,0.279336403237844,0.848459925772675,0.581644581652384,NA,NA,NA,NA,NA,NA,0.323995162143915,0.222596659101042,0.0992762045200165,0.186425294855344,0.108331602414854,0.657998282456775
-1,-0.5,-0.2,0.25,0.7,0.3,-0.851616394801317,-0.659222694232821,-0.153314794954202,0.0513465090182591,0.681817948961648,1.07769880190108,NA,NA,NA,NA,NA,NA,0.420572525882396,0.253648412164097,0.118629418668852,0.267535159079504,0.105405895932676,1.54574240986926
-1,-0.5,-0.2,0.25,0.7,0.3,-0.988523518895107,-0.182332229886881,-0.212572795579731,0.122866059399737,0.49548705716257,0.456737620306899,NA,NA,NA,NA,NA,NA,0.402009269469724,0.307577732218758,0.144353499095251,0.252952190420159,0.135352244746051,0.813638580864584
-1,-0.5,-0.2,0.25,0.7,0.3,-0.533931180636803,-0.660615629473314,-0.038300442326539,0.0171859591300358,0.696796660780943,1.25635128769201,NA,NA,NA,NA,NA,NA,0.392992324172547,0.207876689466605,0.176401493136525,0.234487502885924,0.111813316321733,1.48414978560264
-1,-0.5,-0.2,0.25,0.7,0.3,-1.25230462683163,-0.207424085645201,0.100942378893382,0.162871750492066,0.769676577499628,1.3705332709278,NA,NA,NA,NA,NA,NA,0.388318638575093,0.247061776855222,0.100875047146994,0.278194677071396,0.0901765278658517,2.06190970292268
-1,-0.5,-0.2,0.25,0.7,0.3,-1.73426714526207,-0.334513120996601,0.00381959445916769,0.868594764827682,0.846195292710695,-0.591834768254278,NA,NA,NA,NA,NA,NA,0.205322076657417,0.13754479719652,0.0967813429077482,0.246742973818671,0.12920424782532,0.439507950975261
-1,-0.5,-0.2,0.25,0.7,0.3,-1.0813607069038,-0.417587374574575,-0.670537189809685,0.508946370773138,0.693989866739857,-0.221595028419821,NA,NA,NA,NA,NA,NA,0.291826163663617,0.200629811845384,0.187983260906818,0.251631948471792,0.109924889872371,0.550467487474767
-1,-0.5,-0.2,0.25,0.7,0.3,-1.41849638827049,-0.360304466271588,-0.249469185873423,0.387570992268535,0.714409463421057,0.137111475256512,NA,NA,NA,NA,NA,NA,0.360296738184774,0.302983876208165,0.101610566539753,0.204476833197373,0.112468243507719,0.508769360539121
-1,-0.5,-0.2,0.25,0.7,0.3,-1.32535485790611,-0.431886773953796,-0.076411684502624,0.27595059953906,0.824203528221507,2.82195619276495,NA,NA,NA,NA,NA,NA,0.303642418777153,0.237402835575175,0.0697571969162364,0.191093178493865,0.084603513584095,5.78818373763619
-1,-0.5,-0.2,0.25,0.7,0.3,-0.619112756001589,-0.889390429599129,0.00906091678460034,0.0794473400128922,0.801242677539748,0.481667539080944,NA,NA,NA,NA,NA,NA,0.418352070460544,0.315688616212451,0.121966710478647,0.209119405119763,0.0987554393771485,0.68592260562237
-1,-0.5,-0.2,0.25,0.7,0.3,-0.649383849265392,-0.63990099001188,0.134646440463565,0.0676772455732109,0.651156955880562,1.72750609838807,NA,NA,NA,NA,NA,NA,0.386310154926935,0.258340995482765,0.14325032012162,0.234451153880667,0.11474717389829,2.38380317535794
-1,-0.5,-0.2,0.25,0.7,0.3,-0.889856982671318,-0.413663118963668,-0.085646228922039,0.140222413393352,0.553496281422149,1.07511408108656,NA,NA,NA,NA,NA,NA,0.37436196749224,0.244549096828061,0.191079067183581,0.228855225628713,0.099087768685366,1.20060439323579
-1,-0.5,-0.2,0.25,0.7,0.3,-0.992310079837425,-0.701403440226256,-0.225567304643535,0.430897272306613,0.951873239240255,-0.333139896009439,NA,NA,NA,NA,NA,NA,0.306638074525032,0.193609034836702,0.0905881040233882,0.279633813177305,0.122593024394946,0.600499985710354
-1,-0.5,-0.2,0.25,0.7,0.3,-0.885148300906036,-0.404877670317509,0.061347796863147,0.0831147934625435,0.617551892781994,1.25999711087581,NA,NA,NA,NA,NA,NA,0.375931468850507,0.236603237830065,0.138239630132785,0.226830519350129,0.106789006675882,1.48581116476255
-1,-0.5,-0.2,0.25,0.7,0.3,-0.851803368737148,-0.726059394244159,-0.21403722191996,0.181208985765615,0.816766335256808,1.36797096125397,NA,NA,NA,NA,NA,NA,0.351319638090103,0.215265707321544,0.0784189326172417,0.187155209484666,0.098886757128827,1.16712626172105
-1,-0.5,-0.2,0.25,0.7,0.3,-1.31377918674213,-0.483818067838799,-0.244791690017406,0.372554514692762,0.757099655581773,0.362623384314524,NA,NA,NA,NA,NA,NA,0.31120588634903,0.222756302162663,0.0895605271610458,0.21501348483739,0.0902682572186934,0.649755239991667
-1,-0.5,-0.2,0.25,0.7,0.3,-1.54729517762281,-0.41957222024278,-0.071494989420305,0.675853591979243,0.836998210999324,-0.476785913409508,NA,NA,NA,NA,NA,NA,0.301174431623622,0.208290377973126,0.140208372057003,0.455630377954186,0.117103647823835,0.893242389571647
-1,-0.5,-0.2,0.25,0.7,0.3,-1.52647975147246,-0.300475059044117,-0.108512569227897,0.443376622352997,0.672384936028697,-0.144134829072264,NA,NA,NA,NA,NA,NA,0.337150081761394,0.287049631521626,0.128632263376225,0.234499972739014,0.106782945755077,0.51609955950979
-1,-0.5,-0.2,0.25,0.7,0.3,-0.928740819716094,-0.450094619328964,-0.285541996790028,0.187352106568891,0.692950881687541,0.546375834876098,NA,NA,NA,NA,NA,NA,0.358620007667041,0.244190714956119,0.143809457592937,0.187850789712516,0.100186013572895,0.603495641501643
-1,-0.5,-0.2,0.25,0.7,0.3,-1.03290433756179,-0.390605160747561,-0.123979313958811,0.189129399607432,0.640398592433531,0.916811994815862,NA,NA,NA,NA,NA,NA,0.38869896863304,0.288761703746674,0.125481875182799,0.24292141886628,0.0999486958340627,1.18729323871594
-1,-0.5,-0.2,0.25,0.7,0.3,-0.428703732741657,-1.20760736406519,-0.236697826929418,0.125801549483087,0.792344096767186,2.68099603412083,NA,NA,NA,NA,NA,NA,0.334034009153899,0.215781586571969,0.0885496427355564,0.179411186978792,0.0760362741337879,4.21316343761789
-1,-0.5,-0.2,0.25,0.7,0.3,-0.132862132195263,-1.02756754551971,-0.307775955211038,0.00607992742087028,0.75863977424365,0.130921812544853,NA,NA,NA,NA,NA,NA,0.523362047801998,0.345132624934714,0.162662920787337,0.254520418673424,0.10916976489669,0.629159742306716
-1,-0.5,-0.2,0.25,0.7,0.3,-1.29665468172305,-0.358732300934099,-0.178101396365499,0.333277296782226,0.71299700625713,-0.132371130656842,NA,NA,NA,NA,NA,NA,0.401847971230369,0.263371103888442,0.161398117166309,0.318578866451784,0.114762336536831,0.712596659943451
-1,-0.5,-0.2,0.25,0.7,0.3,-0.990372000573542,-0.604592419967643,-0.0850815833257744,0.756222173313839,0.747187064366595,-0.686199430366401,NA,NA,NA,NA,NA,NA,0.24086339851522,0.184178408212247,0.100715941764142,0.314838194224096,0.132138839049087,0.581487148262838
-1,-0.5,-0.2,0.25,0.7,0.3,-1.09978788371454,-0.461432572827642,-0.261124610980214,0.406660408263251,0.680729369123497,-0.247016800528273,NA,NA,NA,NA,NA,NA,0.327785911316552,0.247592610293518,0.0972731580951917,0.260320005829007,0.106881414543975,0.561093145934044
-1,-0.5,-0.2,0.25,0.7,0.3,-0.743263706694772,-0.211043263916112,-0.482947722503195,0.0661430026777179,0.47468003118866,0.651061650766195,NA,NA,NA,NA,NA,NA,0.416429675702751,0.350172034562608,0.189269889580571,0.244985723046681,0.11999517692547,0.952522958886272
-1,-0.5,-0.2,0.25,0.7,0.3,-1.20549002375367,-0.330434677373543,-0.320284275643226,0.32270144485781,0.773512089177976,0.90276113654946,NA,NA,NA,NA,NA,NA,0.302368674182766,0.227007705621606,0.0745968789224686,0.203060904296701,0.0902301036394099,0.912025372930235
-1,-0.5,-0.2,0.25,0.7,0.3,-0.980090003538431,-0.374096019833449,-0.132301503926018,-0.0183432676433688,0.659703213527427,1.1478666134422,NA,NA,NA,NA,NA,NA,0.561207945816998,0.357735491154455,0.146481074619035,0.344254503493532,0.09857323565127,2.12803236301399
-1,-0.5,-0.2,0.25,0.7,0.3,-1.48978339584001,-0.18772497296456,-0.163176993014735,0.710643072680278,0.702228984251022,0.000119314096962979,NA,NA,NA,NA,NA,NA,0.215328880343886,0.125317667320161,0.087373345047911,0.23930456443868,0.11885468069511,0.596074756519405
-1,-0.5,-0.2,0.25,0.7,0.3,-1.28391027491257,-0.44862296932262,-0.373745116336747,0.733635708958796,0.665119208805923,-0.514385288879579,NA,NA,NA,NA,NA,NA,0.232983600406475,0.172326801126056,0.110106314184435,0.501165987601921,0.129360265836568,1.01904663411431
-1,-0.5,-0.2,0.25,0.7,0.3,-0.393994679056681,-0.671910556186261,-0.275114304444955,-0.120985436730284,0.711376340022963,1.29543876087535,NA,NA,NA,NA,NA,NA,0.470556821445445,0.291889852244854,0.13623199796187,0.177157659711577,0.0869585382781536,1.01609460550325
-1,-0.5,-0.2,0.25,0.7,0.3,-1.05720499153361,-0.252944369201524,-0.317370624886188,0.021256459068145,0.668481641003258,1.38248649498272,NA,NA,NA,NA,NA,NA,0.392791706091424,0.249628318451295,0.139178846551466,0.196195492938619,0.101914775076843,1.27088056444953
-1,-0.5,-0.2,0.25,0.7,0.3,-0.972294453024621,-0.589484722710077,-0.320181213783747,0.618510906867042,0.636401679846092,-0.302457313589522,NA,NA,NA,NA,NA,NA,0.242553693826144,0.170931082615529,0.118477471702843,0.249866541534907,0.121843536441002,0.53524520380429
-1,-0.5,-0.2,0.25,0.7,0.3,-0.703240629854289,-0.698644347919131,0.158789908346073,0.206269280091602,0.94046369641859,0.732754832437719,NA,NA,NA,NA,NA,NA,0.343431372716363,0.211300484806718,0.0843582198575874,0.244931315988702,0.0973191786781886,1.05561622981135
-1,-0.5,-0.2,0.25,0.7,0.3,-0.912360851948128,-0.412735104025381,-0.150647386736541,0.279751287292142,0.805796470401786,0.0122899789713952,NA,NA,NA,NA,NA,NA,0.330145952690028,0.219352026243035,0.10992884656694,0.21288225998972,0.123953689901305,0.52204150840935
-1,-0.5,-0.2,0.25,0.7,0.3,-1.22519454304293,-0.445187266730414,-0.121563781608754,0.450557516255054,0.53529943708223,0.0946340637224811,NA,NA,NA,NA,NA,NA,0.285654617177511,0.2158121170005,0.119401952144784,0.201965239564021,0.101688942474951,0.482151476428228
-1,-0.5,-0.2,0.25,0.7,0.3,-1.20326356363951,-0.180868886128454,0.0204749571956952,0.292395084036739,0.738712051714839,-0.00944927464440486,NA,NA,NA,NA,NA,NA,0.371665381858573,0.318948960541209,0.133191018867827,0.247781523419768,0.112564745604152,0.58804436269682
-1,-0.5,-0.2,0.25,0.7,0.3,-0.438236297904194,-0.709017634195749,-0.29863344131191,0.0818182106332425,0.650691765006136,0.896528726774908,NA,NA,NA,NA,NA,NA,0.388232891433889,0.260911418222742,0.134262145186074,0.214699352717275,0.115309174278841,0.902278501648944
-1,-0.5,-0.2,0.25,0.7,0.3,-0.29211121489439,-0.819750595606046,-0.18408295633487,-0.0274288444975031,0.682226013022072,0.516958915212146,NA,NA,NA,NA,NA,NA,0.46650623380676,0.335078721033735,0.154433290438823,0.213723834807235,0.103208254578561,0.724781232284262
-1,-0.5,-0.2,0.25,0.7,0.3,-1.19322872021337,-0.363111527226151,-0.219979804866764,0.575801747727892,0.772674550900209,-0.165204399025371,NA,NA,NA,NA,NA,NA,0.258765364866205,0.184855555288314,0.0884999283216076,0.243418338865088,0.1378618014273,0.527822635287677
-1,-0.5,-0.2,0.25,0.7,0.3,-1.17616201961876,-0.564874776047733,-0.18520987198186,0.286122820735051,0.635693722317073,0.25923457474156,NA,NA,NA,NA,NA,NA,0.332713511204417,0.279677567365372,0.11033675687712,0.235555199542176,0.146433687028075,0.681995841226212
-1,-0.5,-0.2,0.25,0.7,0.3,-0.745438209598286,-0.363586342994327,-0.200481302164443,-0.0755900719747099,0.499976066835275,1.68075025563974,NA,NA,NA,NA,NA,NA,0.468152522864755,0.420557710152941,0.111049575969285,0.16441934927073,0.134310397936324,1.21285576565242
-1,-0.5,-0.2,0.25,0.7,0.3,-0.313881813595987,-1.07190954150398,-0.00998006806084378,0.259152771180959,0.552488575267375,0.379972938515844,NA,NA,NA,NA,NA,NA,0.346626243896739,0.250742028800505,0.117924403873649,0.220321293281518,0.109675017087911,0.657815393171928
-1,-0.5,-0.2,0.25,0.7,0.3,-1.38800723632859,-0.35097365227024,-0.282887056748729,1.37347627814831,0.876707777594336,-1.40672878803115,NA,NA,NA,NA,NA,NA,0.144572727627182,0.0979831003942162,0.0477003766135415,0.373279414216675,0.158918018839374,0.513708985092785
-1,-0.5,-0.2,0.25,0.7,0.3,-1.1698343889471,-0.221931589600834,-0.18377404133755,0.103786232388896,0.648887494427628,2.29502072247392,NA,NA,NA,NA,NA,NA,0.349089106264238,0.1882050318157,0.102464948096049,0.233824400761489,0.0893852228084246,4.12550332636216
-1,-0.5,-0.2,0.25,0.7,0.3,-1.01997669688804,-0.610754235138411,-0.130159490329186,0.307647457854415,0.720912954745352,0.699684308990097,NA,NA,NA,NA,NA,NA,0.482741548145865,0.392638779118218,0.168491247276847,0.363302116021757,0.0980695367451743,1.49051032258313
-1,-0.5,-0.2,0.25,0.7,0.3,-1.27624387815842,-0.275817161066212,-0.300789827691101,0.334828879024602,0.876716338259957,0.112562177675553,NA,NA,NA,NA,NA,NA,0.324465726699064,0.23449110784447,0.11130747422172,0.289410808242546,0.138591979087405,0.809522039592887
-1,-0.5,-0.2,0.25,0.7,0.3,-1.19964847712389,-0.419685198707531,-0.247410067088396,0.423790926180481,0.673936157710651,-0.0209169626970078,NA,NA,NA,NA,NA,NA,0.34205920228183,0.263999796270951,0.129715756792528,0.256331855186163,0.119412355644481,0.627983499424202
-1,-0.5,-0.2,0.25,0.7,0.3,-1.08317012058968,-0.269606998839736,-0.462513458218414,0.00452345712762823,0.457360042631084,0.702298719190368,NA,NA,NA,NA,NA,NA,0.449752888258955,0.318623853574728,0.183117119255489,0.265439008868964,0.116353652163957,1.09854226516389
-1,-0.5,-0.2,0.25,0.7,0.3,-1.02243657146698,-0.743065505616984,-0.142610809506289,0.74265221598195,0.973869162828341,-0.419914023463468,NA,NA,NA,NA,NA,NA,0.241785154866907,0.172727585760302,0.0718334397727016,0.259267716792412,0.124306292519062,0.504017001138399
-1,-0.5,-0.2,0.25,0.7,0.3,-1.21889733940638,-0.331305258194981,-0.23021464757965,0.459783161518303,0.721922178526118,-0.0568002267703484,NA,NA,NA,NA,NA,NA,0.322958060785741,0.226214145786234,0.116383551929811,0.408634883465096,0.0987736606060894,1.03315405969472
-1,-0.5,-0.2,0.25,0.7,0.3,-0.971714898800785,-0.538511336811772,-0.137158191583489,0.192125495866922,0.759986886105112,0.602460347601385,NA,NA,NA,NA,NA,NA,0.350869981935813,0.286074121396485,0.122265423598262,0.201447386779491,0.107023088730239,0.711125407952607
-1,-0.5,-0.2,0.25,0.7,0.3,-0.492568693234901,-0.846693124642592,-0.173379263029843,0.0245793425587318,0.765384084510664,0.947001322378137,NA,NA,NA,NA,NA,NA,0.437345335382145,0.336940835170097,0.156288203979759,0.203417749936041,0.0989100990512486,0.956306208027765
-1,-0.5,-0.2,0.25,0.7,0.3,-1.55914608863311,-0.249478543152733,-0.060955736658223,0.60320985998225,0.645021387434456,-0.222101936469925,NA,NA,NA,NA,NA,NA,0.257918377216051,0.17660287230461,0.105103327220328,0.215842207556982,0.105994610268378,0.449115332819255
-1,-0.5,-0.2,0.25,0.7,0.3,-0.525729072042236,-0.851993031799664,-0.453458864427707,-0.0387999825860695,0.799795187865296,1.26986031912976,NA,NA,NA,NA,NA,NA,0.45800413180084,0.249716866125448,0.143294708304569,0.219147198646181,0.096518575750308,1.31044350708046
-1,-0.5,-0.2,0.25,0.7,0.3,-0.441693792026503,-1.2903984851848,-0.344724780701191,0.144578330222351,0.820313828667348,0.399161248879654,NA,NA,NA,NA,NA,NA,0.406168443579769,0.352796300420227,0.146102231958307,0.203133839333596,0.1010373027426,0.611131378455414
-1,-0.5,-0.2,0.25,0.7,0.3,-1.60407638170706,-0.358671078500061,-0.246106256748944,0.940864904283899,1.04607387410737,-0.731572230019901,NA,NA,NA,NA,NA,NA,0.194244854577534,0.129518078482147,0.0802026659687071,0.257464323169562,0.13622628821018,0.427119621289245
-1,-0.5,-0.2,0.25,0.7,0.3,-0.424002261387184,-0.683372877173159,-0.210546241661341,-0.171199488470022,0.711648427568653,3.09186705760381,NA,NA,NA,NA,NA,NA,0.451716637140449,0.278234754112885,0.106482456287564,0.17061774022542,0.0782236466058188,5.90241620960408
-1,-0.5,-0.2,0.25,0.7,0.3,-1.01874287170642,-0.344524144991627,-0.196822028936761,0.141601615887625,0.629339834340695,0.339461139539201,NA,NA,NA,NA,NA,NA,0.450206793311079,0.361820510270057,0.135486836285111,0.243119231204607,0.0980608422479966,0.757168874577777
-1,-0.5,-0.2,0.25,0.7,0.3,-1.03224721338519,-0.418479565342011,-0.306760762868051,0.462951769486104,0.533120266148992,-0.158818652785624,NA,NA,NA,NA,NA,NA,0.296580249372722,0.214357007024928,0.132731084929819,0.282501325901472,0.113507489885855,0.649063713146459
-1,-0.5,-0.2,0.25,0.7,0.3,-1.43291162396903,-0.33002148065781,-0.215597611787452,0.302200741849174,0.891358149607364,0.505396243661847,NA,NA,NA,NA,NA,NA,0.311454036101116,0.216140235471866,0.0962763979545946,0.184752965553525,0.112151208880576,0.606152564672094
-1,-0.5,-0.2,0.25,0.7,0.3,-1.22644797669146,-0.359716201417439,-0.250214775681442,0.256787708627038,0.748764156721815,0.764704162267571,NA,NA,NA,NA,NA,NA,0.431677512173889,0.346636589407275,0.172730571589357,0.305860971605464,0.0924121992174839,1.39398731169733
-1,-0.5,-0.2,0.25,0.7,0.3,-1.17291617885868,0.00655940919561243,-0.258012537095009,-0.0295731167870733,0.446231720585242,2.89944407174745,NA,NA,NA,NA,NA,NA,0.40350908258617,0.291092682038921,0.126328730831529,0.185687311960716,0.0950163682195595,4.90025146045355
-1,-0.5,-0.2,0.25,0.7,0.3,-0.815448755895021,-0.610068296108785,-0.222146820734092,0.340394652917011,0.827321449575886,-0.0398625802638798,NA,NA,NA,NA,NA,NA,0.323085617566973,0.215097774627793,0.0727875703306882,0.215371710015388,0.106999959891789,0.499298240522376
-1,-0.5,-0.2,0.25,0.7,0.3,-0.839146246781783,-0.563091490982917,-0.0768196470394648,0.309505860403556,0.695871824860164,0.0177578237907352,NA,NA,NA,NA,NA,NA,0.326779835504206,0.208982794782422,0.156894484157432,0.21973376012467,0.120823163470349,0.542581859862496
-1,-0.5,-0.2,0.25,0.7,0.3,-0.886487285389917,-0.564922878617111,-0.0456935906345241,0.112505379728412,0.742746401929672,1.21648004323568,NA,NA,NA,NA,NA,NA,0.368436969392719,0.2498775275517,0.133068771622443,0.193432593936112,0.0980274716308142,1.12706663639277
-1,-0.5,-0.2,0.25,0.7,0.3,-1.5997403014737,-0.0933210254452012,-0.145884581139308,0.568942367549728,0.384882661817532,-0.229306894115559,NA,NA,NA,NA,NA,NA,0.271100899073862,0.193738301727501,0.155485423414223,0.26019049032313,0.119661352803157,0.514675228135461
-1,-0.5,-0.2,0.25,0.7,0.3,-1.06646531631275,-0.356081731850351,-0.413400456131967,0.0377867467625579,0.644239666681153,2.19587481427717,NA,NA,NA,NA,NA,NA,0.380540839937801,0.238553678293575,0.0898627713273943,0.2240410960922,0.0971288710695253,3.58042173297847
-1,-0.5,-0.2,0.25,0.7,0.3,0.0727829039063674,-1.08854708103158,-0.159107182896723,-0.0912313219385567,0.663299817846959,1.34677958001312,NA,NA,NA,NA,NA,NA,0.46141112669075,0.305018669905854,0.135705438447536,0.187697248178038,0.0848749428091015,1.16398820583335
-1,-0.5,-0.2,0.25,0.7,0.3,-0.448333580184007,-0.635160834162679,-0.255012023955821,0.0483248260613054,0.673365129875058,0.894255394790759,NA,NA,NA,NA,NA,NA,0.404129533117941,0.277849243662883,0.131985626615108,0.218462122702209,0.0993228367006012,1.02735014956349
-1,-0.5,-0.2,0.25,0.7,0.3,-1.44853625414003,-0.280991756371333,-0.331179402445994,0.189118787057659,0.480702652641347,2.05211324638702,NA,NA,NA,NA,NA,NA,0.326328907416345,0.240019587827065,0.120366956437249,0.176627049894039,0.109065094736607,1.78158089399997
-1,-0.5,-0.2,0.25,0.7,0.3,-1.13615709631221,-0.455545589208779,-0.454720082438978,0.403072683078018,0.690436544353986,0.0798636555972332,NA,NA,NA,NA,NA,NA,0.444404303153005,0.394794139944955,0.134891857741106,0.292890363159475,0.121865643766536,0.762291585546314
-1,-0.5,-0.2,0.25,0.7,0.3,-0.985013173124575,-0.387764752220767,-0.157859441428161,0.139586250127116,0.642213481516688,0.723868207259821,NA,NA,NA,NA,NA,NA,0.385753013718099,0.304178436502794,0.12055351627528,0.193679465496295,0.106223665609097,0.736575209333821
-1,-0.5,-0.2,0.25,0.7,0.3,-1.03180986678625,-0.527054924824681,-0.141924437826931,0.311753250532148,0.806379218818257,0.00235241479195008,NA,NA,NA,NA,NA,NA,0.336577126647744,0.251020425802324,0.114661199378566,0.221673792805291,0.11543149915876,0.523373856600941
-1,-0.5,-0.2,0.25,0.7,0.3,-0.70870534758038,-0.746232595741425,-0.168322791472103,0.0352703143806058,0.855963092885082,4.67296234185947,NA,NA,NA,NA,NA,NA,0.339257059742963,0.215781584170366,0.0750531449520192,0.119047942542504,0.0850543826801033,11.3046000182786
-1,-0.5,-0.2,0.25,0.7,0.3,-0.681668989150512,-0.682813966437502,-0.0816786443789748,0.2884299812426,0.658165951255616,0.234112789466865,NA,NA,NA,NA,NA,NA,0.333690650176981,0.255286427997141,0.1643521866998,0.209912048382125,0.103606867689886,0.584182858959061
-1,-0.5,-0.2,0.25,0.7,0.3,-0.906461082697206,-0.539842486854389,-0.0533972457395538,0.308426597189322,0.634021986115665,0.143436675212284,NA,NA,NA,NA,NA,NA,0.330037776495667,0.254507893192277,0.15034173821488,0.226925283978387,0.115395696390612,0.620653667161652
-1,-0.5,-0.2,0.25,0.7,0.3,-1.46868123934351,0.0544824862561824,-0.193963228813111,0.767523985341015,0.672300185914474,-0.698516616124106,NA,NA,NA,NA,NA,NA,0.293209198414353,0.213363330747725,0.108998888710192,0.488211450657139,0.152160595490282,0.81466781285535
-1,-0.5,-0.2,0.25,0.7,0.3,-0.606293524465244,-0.710117723905276,-0.23007946279256,0.0633552231315876,0.723284291518553,0.846711656671312,NA,NA,NA,NA,NA,NA,0.46495088303823,0.361942801937735,0.148894458757033,0.34047182413084,0.109343574493727,1.68363493350924
-1,-0.5,-0.2,0.25,0.7,0.3,-1.54896382799567,-0.146340600918383,-0.0461614807932795,0.591592295490183,0.6975944965899,-0.10708392959767,NA,NA,NA,NA,NA,NA,0.253445574543835,0.17964373185195,0.108226370471271,0.21596321389082,0.117581874704112,0.475253595186285
-1,-0.5,-0.2,0.25,0.7,0.3,-1.02009830393731,-0.351176264146073,-0.205541538690762,0.0379975229074352,0.623648831213278,4.75093989149238,NA,NA,NA,NA,NA,NA,0.359061152446545,0.265293868164954,0.111070062903682,0.118758140256253,0.0811164009471103,10.2340598073367
-1,-0.5,-0.2,0.25,0.7,0.3,-0.936124319285838,-0.286161225966734,-0.170310950876297,0.107248565116998,0.44774874505627,0.726732839760667,NA,NA,NA,NA,NA,NA,0.410649240568035,0.30368256538518,0.189579856400178,0.262725940282733,0.114895264611295,1.05931354835612
-1,-0.5,-0.2,0.25,0.7,0.3,-0.778610023873081,-0.486698951932835,-0.262363665100738,0.48127160479607,0.652444635975082,-0.45992732145081,NA,NA,NA,NA,NA,NA,0.296947122986536,0.220426401445277,0.136999348120652,0.283851845348493,0.110323630146852,0.551848246703769
-1,-0.5,-0.2,0.25,0.7,0.3,-0.139994535959468,-0.59543993170934,0.0558627641277552,-0.188458128504149,0.659441905077049,0.870328206805166,NA,NA,NA,NA,NA,NA,0.491291270167966,0.334115054818973,0.169040731214852,0.158445404883614,0.0959947412173236,0.557792224165728
-1,-0.5,-0.2,0.25,0.7,0.3,-1.14604107651978,-0.511900940088787,-0.279717729278422,0.260277948228912,0.768493312882374,0.45693120328855,NA,NA,NA,NA,NA,NA,0.368083594686153,0.270434289057695,0.104318224339523,0.252906108016834,0.106767953196129,0.856427176656341
-1,-0.5,-0.2,0.25,0.7,0.3,-1.42361507500359,-0.0780871901664847,-0.328181329604751,0.43686303845237,0.474801695584064,-0.0258631413919499,NA,NA,NA,NA,NA,NA,0.288054759661934,0.217260475878092,0.150897517331182,0.239160393066182,0.105319102368052,0.582226132419162
-1,-0.5,-0.2,0.25,0.7,0.3,-0.818480370014411,-0.880962107375543,-0.262295524404971,0.13862235435797,0.933255910895289,1.34538331646085,NA,NA,NA,NA,NA,NA,0.347854427348185,0.267652073828628,0.0827160468284394,0.203487363335806,0.0926343238430139,1.46468663346268
-1,-0.5,-0.2,0.25,0.7,0.3,-1.40169826138533,0.0986245096920075,-0.0785385262677334,0.355117259684071,0.40139688564222,-0.0217020566464768,NA,NA,NA,NA,NA,NA,0.317022766433147,0.212034334105458,0.165705094693377,0.267320655139864,0.116689183521766,0.643312138175507
-1,-0.5,-0.2,0.25,0.7,0.3,-1.1273277970551,-0.49207172034841,-0.258928325627626,0.166157540764645,0.747496801880711,0.496628982092283,NA,NA,NA,NA,NA,NA,0.384839656857616,0.265117482018721,0.103661216570052,0.221904381698495,0.101537884642295,0.702624127718258
-1,-0.5,-0.2,0.25,0.7,0.3,-1.17364184533556,-0.585424005139223,-0.294321383315817,0.290552011097022,0.830018515911322,1.18989547152753,NA,NA,NA,NA,NA,NA,0.298129896463031,0.189657783920097,0.0753233096752323,0.187577071421494,0.0930341298884318,1.05730563356069
-1,-0.5,-0.2,0.25,0.7,0.3,-1.17747379320356,-0.395198607243901,-0.0961390023677181,0.535294471945275,0.6719368634936,-0.531339111072872,NA,NA,NA,NA,NA,NA,0.341893810097235,0.300811010939364,0.133746578605202,0.307942709393585,0.117130931273163,0.564309672625355
-1,-0.5,-0.2,0.25,0.7,0.3,-0.837263528547037,-0.73659029319621,-0.161643431731664,0.335207278737202,0.950199542904946,-0.055313370919588,NA,NA,NA,NA,NA,NA,0.463055239711734,0.335290279345196,0.151050494305425,0.357532169478794,0.0957396636922208,0.864749626506855
-1,-0.5,-0.2,0.25,0.7,0.3,-0.426510042047727,-0.755862774746877,-0.223029093792784,0.00607282962257896,0.583267007058015,0.955740058937102,NA,NA,NA,NA,NA,NA,0.402147027073236,0.255025658519421,0.143969716631886,0.202602249211245,0.0941723869207496,0.9988405483509
-1,-0.5,-0.2,0.25,0.7,0.3,-0.831037195973996,-0.745343371448602,-0.419023355801425,0.111626792925225,0.899310480258479,0.71020554000267,NA,NA,NA,NA,NA,NA,0.395835165636807,0.257164370462826,0.1276216108505,0.21500202229449,0.0946847352552777,0.836961222202131
-1,-0.5,-0.2,0.25,0.7,0.3,-1.41487448817843,-0.15718505856665,-0.184993762823641,0.433008440335954,0.659001007545918,0.4633910501559,NA,NA,NA,NA,NA,NA,0.271246071691897,0.176418793062439,0.0815831027373651,0.212109674022171,0.10000337819545,0.74371039285067
-1,-0.5,-0.2,0.25,0.7,0.3,-1.65525976651445,-0.199962800889359,-0.179150734287549,0.361305686262496,0.842102659684207,0.662696164105728,NA,NA,NA,NA,NA,NA,0.287858468836741,0.162033644453399,0.0941712261646678,0.217447781863393,0.138707050829778,0.831411006671773
-1,-0.5,-0.2,0.25,0.7,0.3,-1.32492446982889,-0.389439363743113,-0.139278150171083,0.277345738728132,0.686123284050084,0.869321815150819,NA,NA,NA,NA,NA,NA,0.357150284046892,0.259426082259392,0.105377022303942,0.218957754187201,0.110453045921063,1.00462590545
-1,-0.5,-0.2,0.25,0.7,0.3,-1.11762769306867,-0.247122638196669,-0.289674405799981,0.363134165142426,0.612009433053783,0.100848766666962,NA,NA,NA,NA,NA,NA,0.326392546295877,0.228416152131104,0.125233596942205,0.217197631516452,0.116774953441844,0.538994999349975
-1,-0.5,-0.2,0.25,0.7,0.3,-1.46636470861218,-0.302384470498441,-0.382720550111348,0.4198682915112,0.814940401850356,0.0634617611073425,NA,NA,NA,NA,NA,NA,0.284336049736355,0.154512611516819,0.118066483800445,0.213057772087201,0.102904538489916,0.501258068168397
-1,-0.5,-0.2,0.25,0.7,0.3,-0.942422900135024,-0.691657369331924,-0.133381368685117,0.482783226779149,0.91433043940171,-0.0342979909295054,NA,NA,NA,NA,NA,NA,0.292055977502374,0.211640256075617,0.104829885057482,0.219985480201988,0.101637839707279,0.52412323596381
-1,-0.5,-0.2,0.25,0.7,0.3,-1.10173401019947,-0.544707844765979,-0.209846246098922,0.296926401364734,0.803523845032593,1.06038611749147,NA,NA,NA,NA,NA,NA,0.33242160530674,0.239996767793051,0.0927830768214624,0.256192367122308,0.112522962858639,1.4915201791874
-1,-0.5,-0.2,0.25,0.7,0.3,-1.14834289333054,0.0163011991298995,0.032414046254315,0.0426545054980974,0.526049997695288,1.97050174133651,NA,NA,NA,NA,NA,NA,0.404755635675321,0.33826613789345,0.134577021596331,0.236781922800576,0.131972325048537,3.01602967669002
-1,-0.5,-0.2,0.25,0.7,0.3,-0.872570997691742,-0.57960034947626,-0.453561234947817,0.180956908924151,0.803384259400126,1.16629417417972,NA,NA,NA,NA,NA,NA,0.46807299754124,0.287120765365876,0.135058987791502,0.358078557864495,0.0804782819642965,2.20393354650847
-1,-0.5,-0.2,0.25,0.7,0.3,-1.5013912124954,-0.236333438545156,-0.177503173220461,0.204981992174952,0.700705968218491,1.88875187247163,NA,NA,NA,NA,NA,NA,0.369345298143768,0.255669334662812,0.10886362182955,0.221612899888044,0.0822255209842392,2.30033956517625
-1,-0.5,-0.2,0.25,0.7,0.3,-1.26472099632817,-0.351750874137794,-0.162112140802018,0.240167394408757,0.609082812987362,0.762745878024373,NA,NA,NA,NA,NA,NA,0.363817382337432,0.23362854727299,0.0976828722667875,0.24787678417579,0.100603703915803,0.998359563164109
-1,-0.5,-0.2,0.25,0.7,0.3,-1.10963059582599,-0.255295002254182,-0.18705526949824,0.556327918665256,0.695606960796462,-0.17755596229717,NA,NA,NA,NA,NA,NA,0.354090222274593,0.272068593504671,0.103198373818374,0.405534991963691,0.102678393600364,0.91589312936273
-1,-0.5,-0.2,0.25,0.7,0.3,-0.902186492850385,-0.633506458489319,-0.273112209923138,0.096022659835694,0.845254435051983,4.81844866271044,NA,NA,NA,NA,NA,NA,0.300433693840912,0.180948106348203,0.111169759493697,0.115098325925652,0.0699402684586818,10.5151700142132
-1,-0.5,-0.2,0.25,0.7,0.3,-0.811407001424375,-0.528845672227924,-0.288648706034043,-0.137798551003466,0.624148093720749,3.38503065498153,NA,NA,NA,NA,NA,NA,0.441755746180492,0.303131912874677,0.141251802348977,0.16298209635701,0.0819654057334137,7.08051463655194
-1,-0.5,-0.2,0.25,0.7,0.3,-1.63338466459525,-0.0524484505295429,-0.0823257029797748,0.589749927667266,0.645651425289353,-0.311412478405863,NA,NA,NA,NA,NA,NA,0.263114436636481,0.17959059415942,0.125673826793167,0.235457503079326,0.116396398329846,0.475072431598344
-1,-0.5,-0.2,0.25,0.7,0.3,-1.11075851089552,-0.584350807322783,-0.160337992651894,0.470067277577026,0.843944326807021,-0.165475638820222,NA,NA,NA,NA,NA,NA,0.307406506978558,0.244735587257494,0.119466614033992,0.20836927318428,0.112500844154991,0.444966804730515
-1,-0.5,-0.2,0.25,0.7,0.3,-0.741411092514937,-0.691893697496736,-0.136607658858997,0.0369088277649227,0.711264886991213,5.14877975127197,NA,NA,NA,NA,NA,NA,0.337850817878015,0.198700562058044,0.102187956642414,0.121552813827775,0.10203033332622,13.2943223322147
-1,-0.5,-0.2,0.25,0.7,0.3,-0.848770163608326,-0.639467694340227,-0.208754426763188,0.323275766698614,0.714910730835396,0.422042388720479,NA,NA,NA,NA,NA,NA,0.330571557604499,0.231114817822482,0.111526133354826,0.236064134515974,0.0953289206273337,0.763805331552005
-1,-0.5,-0.2,0.25,0.7,0.3,-1.33721988053533,-0.420572752548318,-0.361132395971986,0.597141275548601,0.814962010095052,0.0528201735856316,NA,NA,NA,NA,NA,NA,0.263514862532641,0.196979530653432,0.0895961799429582,0.206843828497133,0.108068776938961,0.509301520984773
-1,-0.5,-0.2,0.25,0.7,0.3,-1.62945071323497,-0.0271139962972309,-0.365960708126108,0.383309571470936,0.626143207939855,0.0471416799655828,NA,NA,NA,NA,NA,NA,0.349863075505218,0.279214662323265,0.147612473513737,0.247516772716207,0.11268069213612,0.594800599672821
-1,-0.5,-0.2,0.25,0.7,0.3,-1.4540241026781,-0.253406019971327,-0.140820011881287,0.321869031295462,0.664182431068923,0.670224182649241,NA,NA,NA,NA,NA,NA,0.299759249159629,0.232073884730279,0.0887461680630933,0.187339496083891,0.112885345267503,0.704673692902871
-1,-0.5,-0.2,0.25,0.7,0.3,-0.523468763351138,-0.733826152725221,-0.229183922022463,0.112135681587224,0.726850317023645,0.0969249983644564,NA,NA,NA,NA,NA,NA,0.41942762556786,0.362139694340075,0.1375176885055,0.227976157109651,0.100603235117609,0.609011720672831
-1,-0.5,-0.2,0.25,0.7,0.3,-1.21682788558446,-0.229203095706583,-0.236358726845628,0.441656821763445,0.738449270977633,-0.164660044165067,NA,NA,NA,NA,NA,NA,0.317950780314408,0.242177398304156,0.118745090395338,0.317928065222138,0.112571514147142,0.721974219215651
-1,-0.5,-0.2,0.25,0.7,0.3,-0.983429171616063,-0.55962696611242,-0.128251729656905,5.40841930092642,0.586098985166041,-5.9402950247357,NA,NA,NA,NA,NA,NA,0.0626328244784177,0.112972793478417,0.170547830476388,2.14709429299838,0.14116615741048,2.1415216691475
-1,-0.5,-0.2,0.25,0.7,0.3,-0.859581345376042,-0.437796122523503,-0.112393446622038,0.0934476887555088,0.637988128764256,0.230154696142726,NA,NA,NA,NA,NA,NA,0.406148062667949,0.209180961330032,0.16847798293081,0.279434116887861,0.0913965531262554,0.811767002115402
-1,-0.5,-0.2,0.25,0.7,0.3,-0.904148156041257,-0.639655786489576,-0.195484189481483,0.30864080906529,0.794612657066533,0.50039514836162,NA,NA,NA,NA,NA,NA,0.304233589635087,0.188065159733038,0.120777945229989,0.202086892263234,0.0944921678635218,0.620724194796797
-1,-0.5,-0.2,0.25,0.7,0.3,-0.475966149296867,-0.849063596064056,-0.250598365155079,0.111582804239979,0.827739273629003,0.570915446615722,NA,NA,NA,NA,NA,NA,0.390189134872826,0.23263471031017,0.0878592669589339,0.187617852623223,0.118817829714339,0.593554958117863
-1,-0.5,-0.2,0.25,0.7,0.3,-0.922481811301346,-0.779681794075921,-0.211165251525006,0.793731330470387,0.750802873880262,-1.09124645194856,NA,NA,NA,NA,NA,NA,0.259289341207417,0.216344638396635,0.0859252165150595,0.460218320939195,0.151048567328156,0.687585695712461
-1,-0.5,-0.2,0.25,0.7,0.3,-0.943382030119974,-0.849217344101555,-0.198178599980425,0.496563666348676,0.769422172147923,-0.18140586434529,NA,NA,NA,NA,NA,NA,0.303236426511526,0.279796712744902,0.1254008271756,0.225242495889566,0.0987326941926257,0.50692625768918
-1,-0.5,-0.2,0.25,0.7,0.3,-1.20545968867854,-0.55408693586375,-0.256209490460681,0.37774039284665,0.774278042780336,0.0254566475417388,NA,NA,NA,NA,NA,NA,0.306562688608542,0.20708737142228,0.109659608236559,0.258811961105962,0.114560962341797,0.655464250575837
-1,-0.5,-0.2,0.25,0.7,0.3,-1.3159502888788,-0.227578450567226,-0.324057958831587,0.344962420471746,0.652059181425185,0.280375343430428,NA,NA,NA,NA,NA,NA,0.322807919932054,0.218829027197062,0.132853408742202,0.241221717326405,0.0917613390616263,0.724493222422646
-1,-0.5,-0.2,0.25,0.7,0.3,-0.698526766278794,-0.433569017958343,-0.326921542077624,0.0377575541572861,0.71946888188763,0.504374998283809,NA,NA,NA,NA,NA,NA,0.448002653164558,0.313821166776589,0.144369002396847,0.253219934969585,0.107205530954939,0.833678164744646
-1,-0.5,-0.2,0.25,0.7,0.3,-0.484415484210232,-0.451943725969694,-0.245349114718189,-0.231325156189143,0.594296600059276,2.54294602451799,NA,NA,NA,NA,NA,NA,0.489936313304058,0.300882882560577,0.139362046799751,0.195573372643325,0.117272977126319,3.69525712782894
-1,-0.5,-0.2,0.25,0.7,0.3,-0.710042231500936,-0.685844050523497,-0.151198866611208,0.221157124751691,0.806944581852613,0.0413482206195491,NA,NA,NA,NA,NA,NA,0.373450608278433,0.230009690120779,0.087830613828057,0.300997676550277,0.107181884454819,0.77263110633042
-1,-0.5,-0.2,0.25,0.7,0.3,-1.2364040991488,-0.192084907710585,-0.241571934561278,0.179655276055304,0.497917520574058,1.63271867291787,NA,NA,NA,NA,NA,NA,0.335213654266032,0.217517160472286,0.1244656826083,0.215218734943439,0.102725903765221,1.90968599992707
-1,-0.5,-0.2,0.25,0.7,0.3,-0.886677113907286,-0.48807377027547,-0.295609954802236,0.0648767696692497,0.62947728689873,1.402684568351,NA,NA,NA,NA,NA,NA,0.401156644407838,0.268063959705661,0.116728680644177,0.237891044660374,0.0889279088545824,1.7716675911436
-1,-0.5,-0.2,0.25,0.7,0.3,-1.3247908724644,-0.157084343777345,-0.139363471357913,0.254827235511088,0.684789511648091,1.94839689951234,NA,NA,NA,NA,NA,NA,0.333392726178689,0.229076292406484,0.136772209277447,0.232640498258359,0.0953936911542778,2.73196397615082
-1,-0.5,-0.2,0.25,0.7,0.3,-0.815957961059937,-0.706675533329432,-0.266946073732428,0.247148429233839,0.7528200190355,0.426652595646994,NA,NA,NA,NA,NA,NA,0.431009499976236,0.250986368454864,0.130620471774343,0.349802481679409,0.109826633511876,1.15846925011525
-1,-0.5,-0.2,0.25,0.7,0.3,-0.855459389309113,0.00810353372480226,0.137120945155075,0.0112320395287093,0.421780315213214,1.62562711535139,NA,NA,NA,NA,NA,NA,0.41187404941681,0.366482723656272,0.179337817997276,0.239553947096774,0.13596632544617,1.91525134970263
-1,-0.5,-0.2,0.25,0.7,0.3,-1.58376885371676,-0.230889214213249,-0.21149548854187,0.663246256228033,0.806658395435821,-0.191321904245637,NA,NA,NA,NA,NA,NA,0.24486026210781,0.18021771232048,0.105034472961291,0.264683895486134,0.128840132038698,0.593373721365962
-1,-0.5,-0.2,0.25,0.7,0.3,-1.04999612457438,-0.581725056466107,-0.304308826914111,0.116735670832103,0.661418967448851,1.33984768749579,NA,NA,NA,NA,NA,NA,0.376986180419665,0.250456226178651,0.127238702213208,0.210245201901969,0.0843522862377492,1.46134367003426
-1,-0.5,-0.2,0.25,0.7,0.3,-1.69407193116494,0.0211051774102451,-0.250253966937684,1.13372376099801,0.590787866114745,-1.03905283301063,NA,NA,NA,NA,NA,NA,0.179791338706452,0.157585413394389,0.107404171035508,0.310906052964443,0.1437892850695,0.488732943255913
-1,-0.5,-0.2,0.25,0.7,0.3,-0.593506751003896,-0.62347741705898,-0.570358159599796,-0.0252432336525767,0.727024442338532,1.64332819798463,NA,NA,NA,NA,NA,NA,0.410935388291326,0.29386917874572,0.160107468677362,0.172974545624687,0.0921306722338069,1.35114084721998
-1,-0.5,-0.2,0.25,0.7,0.3,-1.17385287563698,-0.460119087675607,-0.104964757048436,0.366715991471396,0.701054460799617,-0.0466118629770896,NA,NA,NA,NA,NA,NA,0.311909925217845,0.218522143521853,0.100314405544908,0.293101296251155,0.142884760420015,0.707418093064603
-1,-0.5,-0.2,0.25,0.7,0.3,-0.89364269951465,-0.714204830590575,-0.174091418079442,0.23525699042411,0.862933100275571,0.567612270217641,NA,NA,NA,NA,NA,NA,0.50379939635745,0.355257399346533,0.112078398058605,0.394286893528261,0.0811025137648015,1.52091591412956
-1,-0.5,-0.2,0.25,0.7,0.3,-0.970888948716717,-0.558076235838529,-0.20173849151097,0.421376761079947,0.735929129363424,-0.186099075070169,NA,NA,NA,NA,NA,NA,0.356774852519114,0.292037765268615,0.165198712616711,0.300146284660668,0.135972985201178,0.684766140398864
-1,-0.5,-0.2,0.25,0.7,0.3,-1.29316641279893,-0.613098858561579,-0.10757529947021,0.905376058705645,1.05130582692232,-0.771578211937578,NA,NA,NA,NA,NA,NA,0.188466836764495,0.10580780763546,0.0355787697357658,0.241169379314737,0.145400637755343,0.388129082046787
-1,-0.5,-0.2,0.25,0.7,0.3,-1.65059562937483,0.178098112478523,0.0907056779569815,0.393345841548141,0.605220860792144,0.000360922810030248,NA,NA,NA,NA,NA,NA,0.329007886516709,0.24688444647437,0.129424937256578,0.249259607003776,0.107568079222947,0.573371726241371
-1,-0.5,-0.2,0.25,0.7,0.3,-0.461385101888225,-0.663096558992697,-0.161054900310626,0.16437146389919,0.579919463656337,0.321149116173151,NA,NA,NA,NA,NA,NA,0.372888645527106,0.265004280474859,0.137790761545026,0.218943186332706,0.101177075863867,0.640049873299526
-1,-0.5,-0.2,0.25,0.7,0.3,-1.45178108869362,-0.36705321708519,-0.237936122907571,0.615093072502409,0.865656653394082,-0.355754399066318,NA,NA,NA,NA,NA,NA,0.243651598550988,0.166061661079793,0.0861840975516283,0.232695033081562,0.112029716505397,0.475496421574601
-1,-0.5,-0.2,0.25,0.7,0.3,-0.999394970779937,-0.541194502203922,-0.00968863890139976,0.237123854045184,0.858601110300451,0.361381876944018,NA,NA,NA,NA,NA,NA,0.401189632592537,0.29306633336375,0.0753014561616681,0.255722910648893,0.131946503751038,0.763223145108873
-1,-0.5,-0.2,0.25,0.7,0.3,-1.05920305750874,-0.427538499215468,-0.249257318123459,0.0106292927738615,0.708400160859456,2.51830631727221,NA,NA,NA,NA,NA,NA,0.440276290212894,0.352243170533574,0.0986412252425915,0.201439371098494,0.0889041243787322,3.79718576586561
-1,-0.5,-0.2,0.25,0.7,0.3,-1.52181878953565,-0.130286191562955,-0.242856570451435,0.540855494595292,0.855358399512841,-0.245422791937396,NA,NA,NA,NA,NA,NA,0.287742086444377,0.221098985398231,0.0821129527559133,0.226815501990881,0.0969401636128288,0.469290385670057
-1,-0.5,-0.2,0.25,0.7,0.3,-0.980892784535155,-0.512920498140656,-0.142965262244512,0.317437455090826,0.804598824167458,0.410285970529187,NA,NA,NA,NA,NA,NA,0.327136818520746,0.282406016823977,0.109477686649111,0.167904677700267,0.0984698067696041,0.483157584776719
-1,-0.5,-0.2,0.25,0.7,0.3,-1.19906909654812,-0.311153593493976,-0.276486837178585,0.350051827171826,0.793557225781282,1.05531241278381,NA,NA,NA,NA,NA,NA,0.295010890888392,0.189511319709132,0.0558523886106366,0.191331026581053,0.0946142965433704,0.909938953515071
-1,-0.5,-0.2,0.25,0.7,0.3,-1.39322871932437,-0.419320880953466,-0.325242491616886,0.469628328855468,0.785072755244424,-0.0644259885314603,NA,NA,NA,NA,NA,NA,0.297625098624725,0.21924224317571,0.114544367548975,0.238502814513326,0.113743434212651,0.60261457923922
-1,-0.5,-0.2,0.25,0.7,0.3,-0.740022722921629,-0.579549348654573,-0.278468470648538,0.120080980240008,0.737705905503469,1.62364381201118,NA,NA,NA,NA,NA,NA,0.376628819679851,0.237083171176826,0.108891943387574,0.192009016524976,0.0885532500359977,1.45876677642953
-1,-0.5,-0.2,0.25,0.7,0.3,-1.22134875794891,-0.122762091067239,-0.180332254893764,0.3492262737528,0.474123560486885,0.299093994605384,NA,NA,NA,NA,NA,NA,0.294300976436276,0.210898360073512,0.137540979166654,0.206627514451757,0.119768076996469,0.584807874363857
-1,-0.5,-0.2,0.25,0.7,0.3,-0.820657056353899,-0.53977411274285,-0.326275365067128,0.10065570271961,0.645610308115002,1.21228204059783,NA,NA,NA,NA,NA,NA,0.388234614034306,0.233005318263389,0.136980832273043,0.21909959209514,0.0836293598221947,1.28684649418732
-1,-0.5,-0.2,0.25,0.7,0.3,-0.854378779686064,-0.655527885517619,-0.191766358102686,0.0620493882743567,0.811578138380969,1.244243916907,NA,NA,NA,NA,NA,NA,0.372432151913169,0.216495301538463,0.08295022774191,0.249981408953522,0.0886723064463444,1.75268335077115
-1,-0.5,-0.2,0.25,0.7,0.3,-0.49033635740099,-0.927663882134423,-0.315921760496951,-0.179028416585404,0.746655403362069,3.33293947072496,NA,NA,NA,NA,NA,NA,0.47677369706161,0.322530979171425,0.138551604785087,0.16821631214212,0.0876271164483584,6.75508066732346
-1,-0.5,-0.2,0.25,0.7,0.3,-1.77112347713775,0.304269648972306,-0.488904213069706,0.761742671284115,0.5342000789603,-0.82266053241939,NA,NA,NA,NA,NA,NA,0.255749862014533,0.22549935140795,0.163816893093566,0.289494382251319,0.126068470773838,0.480947948193549
-1,-0.5,-0.2,0.25,0.7,0.3,-0.951404262546098,-0.452279153821382,-0.353658000823982,0.0816758003516708,0.762876624428636,0.48684663102536,NA,NA,NA,NA,NA,NA,0.418470480629897,0.30057215884856,0.127400781695464,0.208631717783678,0.0983759357902708,0.689440512703114
-1,-0.5,-0.2,0.25,0.7,0.3,-1.03836737425106,-0.60660142049014,-0.34560142769809,0.312844488604782,0.869789466694208,-0.0447341424092972,NA,NA,NA,NA,NA,NA,0.313154612083368,0.210671125146993,0.123967909357036,0.240538817322736,0.119832967270597,0.610823822743671
-1,-0.5,-0.2,0.25,0.7,0.3,-1.30055556741637,-0.537510840362968,-0.191108001374127,0.534193436766592,0.814222693152335,-0.0415348940997152,NA,NA,NA,NA,NA,NA,0.300483777154346,0.249825566683298,0.110828971320996,0.25088603279739,0.113193398331528,0.593909689531618
-1,-0.5,-0.2,0.25,0.7,0.3,-1.01086525648917,-0.686992242148209,-0.205671446583103,0.00429396755216297,0.865840862887212,1.77212886363265,NA,NA,NA,NA,NA,NA,0.448993123451726,0.308716513326991,0.118017100586341,0.23478204213457,0.0677351338013005,2.50800579683303
-1,-0.5,-0.2,0.25,0.7,0.3,-0.319900145236968,-0.826374218758489,-0.328931454193572,0.00860982244267942,0.688566307845633,3.23270799123833,NA,NA,NA,NA,NA,NA,0.38062264417729,0.219333219867943,0.120636729417275,0.163778840245337,0.0838591781009733,5.70247356290893
-1,-0.5,-0.2,0.25,0.7,0.3,-1.16552549821378,-0.547024456797505,-0.157902743823696,0.292431363675837,0.793180066389612,0.543072944929103,NA,NA,NA,NA,NA,NA,0.331856090830932,0.229352422320434,0.106288448810958,0.202067055233188,0.104729155584722,0.700144405567732
-1,-0.5,-0.2,0.25,0.7,0.3,-0.880534322437355,-0.304744515295231,-0.363267617974467,0.036638722575361,0.528698950396912,1.06781363368218,NA,NA,NA,NA,NA,NA,0.418534621680145,0.296265511973219,0.148826657400896,0.281559568156419,0.111435840722678,1.56584784067357
-1,-0.5,-0.2,0.25,0.7,0.3,-1.54060917367014,-0.274791981510581,-0.161165489241033,0.51663208994762,0.817609311245215,0.214617070575833,NA,NA,NA,NA,NA,NA,0.26348452741016,0.187115530003016,0.0828469444942685,0.184123995249628,0.10787740176236,0.455458360249917
-1,-0.5,-0.2,0.25,0.7,0.3,-1.14341398164231,-0.559415702318955,-0.406910855880877,0.928959731787524,0.659615468739429,-0.913991598550818,NA,NA,NA,NA,NA,NA,0.206827404736308,0.147212287077841,0.120762052289564,0.305515347980478,0.118424270942769,0.477962172112982
-1,-0.5,-0.2,0.25,0.7,0.3,-1.01949533578437,-0.474135577876166,-0.122508212116911,0.0228183628025977,0.605373935148945,1.60764743679965,NA,NA,NA,NA,NA,NA,0.426853886689229,0.282415374148857,0.14356609947246,0.234625994405005,0.0788046829067598,1.99564115066794
-1,-0.5,-0.2,0.25,0.7,0.3,-1.32386701027375,-0.675321259508028,-0.0689805090398112,1.52442417062342,0.787071091794795,-1.71126385306629,NA,NA,NA,NA,NA,NA,0.153303206874261,0.13923954959092,0.0612914119384512,0.440494835346023,0.136468534522728,0.558847782675167
-1,-0.5,-0.2,0.25,0.7,0.3,-1.42791319938779,-0.307531037772202,-0.229208808862969,0.495991174431498,0.747368322705846,-0.489474043654461,NA,NA,NA,NA,NA,NA,0.311123889797656,0.249269250845152,0.106232441785862,0.261851135261581,0.119118268568797,0.491775370020577
-1,-0.5,-0.2,0.25,0.7,0.3,-1.03645732558582,-0.434156603849886,-0.276716237727569,0.450759709593397,0.633571080414611,-0.47466544463166,NA,NA,NA,NA,NA,NA,0.311307684861314,0.220452161473074,0.113277940638101,0.245493476885579,0.141256296271632,0.439521934993719
-1,-0.5,-0.2,0.25,0.7,0.3,-0.408413489403218,-1.10152640762113,-0.370553714707852,0.00470295868610115,0.805531673783037,2.09988505407992,NA,NA,NA,NA,NA,NA,0.409749856917868,0.32719073978834,0.104141627874991,0.254107948667133,0.0943105850430451,4.05233488958763
-1,-0.5,-0.2,0.25,0.7,0.3,-1.43696522997023,-0.365179563991244,-0.164166032184847,0.307753779236682,0.909378009366891,0.516036813177575,NA,NA,NA,NA,NA,NA,0.323876954910126,0.225030117505218,0.0947600755283278,0.252457932071579,0.105854542253659,0.976772042170182
-1,-0.5,-0.2,0.25,0.7,0.3,-0.888942774226244,-0.606036392014456,-0.0493661252728434,0.572233250625665,0.63084287698858,-0.755358035725943,NA,NA,NA,NA,NA,NA,0.306871841529401,0.252332207360161,0.157626461971047,0.326108198589361,0.126565756224984,0.552926119933415
-1,-0.5,-0.2,0.25,0.7,0.3,-0.828327150659547,-0.74740763573099,-0.537852955744254,0.0323926488190834,0.694659846520252,1.61653010364638,NA,NA,NA,NA,NA,NA,0.430406725380265,0.314451046772931,0.137854230183246,0.219947528312875,0.0911432836700165,1.87581035652207
-1,-0.5,-0.2,0.25,0.7,0.3,-1.41952756030095,0.0179465993197559,-0.389946686200974,0.0950293297443014,0.488264846682651,2.17008612897691,NA,NA,NA,NA,NA,NA,0.357708517554312,0.264527313392405,0.140800369948604,0.220876900011944,0.0948014305326827,3.38939994823734
-1,-0.5,-0.2,0.25,0.7,0.3,-1.32201692832168,-0.389982173755496,-0.130831973655093,0.455098321602389,0.633871137339848,0.334879850392595,NA,NA,NA,NA,NA,NA,0.274336096384256,0.226763371888403,0.110601151909881,0.16957814079689,0.108194450318924,0.433044186425054
-1,-0.5,-0.2,0.25,0.7,0.3,-0.348045603122474,-0.903723778225606,-0.110387361818845,-0.0153456324569793,0.826007670485937,0.519520317900101,NA,NA,NA,NA,NA,NA,0.417815219149923,0.208757547721166,0.131547727745353,0.248965621634761,0.114125006320393,0.92507967787926
-1,-0.5,-0.2,0.25,0.7,0.3,-0.83452011547404,-0.671412007691169,-0.0632960634221661,0.409550817645384,0.750566843624377,-0.0151119092612882,NA,NA,NA,NA,NA,NA,0.319152227383192,0.229962070534151,0.130903201724466,0.234293701581877,0.108634546935799,0.55158668471502
-1,-0.5,-0.2,0.25,0.7,0.3,-0.908836126640406,-0.656753809937661,-0.304237792076427,0.247040520793571,0.697180799851032,0.388146034323305,NA,NA,NA,NA,NA,NA,0.335367022594186,0.243070186283074,0.112414248558479,0.214462837658893,0.100355235124511,0.672293792364709
-1,-0.5,-0.2,0.25,0.7,0.3,-0.534009732633086,-0.857079817587284,-0.027384010837321,0.0251011883211313,0.666082318425735,0.462654829739888,NA,NA,NA,NA,NA,NA,0.42220364657934,0.278430196763939,0.17757617287769,0.226885805117545,0.094641546416908,0.766873442116592
-1,-0.5,-0.2,0.25,0.7,0.3,-0.80482350095709,-0.702913240030648,-0.222434327739717,0.347462898608058,0.770690781137245,0.561565153093088,NA,NA,NA,NA,NA,NA,0.301157254862141,0.197549481144805,0.0884634256215836,0.218957476735279,0.0916773560525079,0.771908132889958
-1,-0.5,-0.2,0.25,0.7,0.3,-0.960396333804112,-0.436131770498312,-0.147830457861332,0.110995472301938,0.675494521656985,1.45003156704598,NA,NA,NA,NA,NA,NA,0.365435819857437,0.266274887355108,0.148894978829053,0.175970577400872,0.113754824893533,1.09770334092395
-1,-0.5,-0.2,0.25,0.7,0.3,-1.0911305636673,-0.559978371672632,-0.156612777470246,0.255460938898471,0.760518549491065,0.794513334691934,NA,NA,NA,NA,NA,NA,0.322640264043931,0.197249593724381,0.0840478301612568,0.213731610812361,0.127428272682711,0.856611160344988
-1,-0.5,-0.2,0.25,0.7,0.3,-0.0824649544509503,-0.905525635158635,-0.124661543906351,-0.152426565588708,0.61684576450256,1.53454438761998,NA,NA,NA,NA,NA,NA,0.5453045236433,0.328729007327182,0.148050064503492,0.256472983058717,0.0880346769502735,2.03166687307577
-1,-0.5,-0.2,0.25,0.7,0.3,-0.887193818564518,-0.389333157523059,-0.345937410168139,0.196070576898612,0.477125515518697,0.836736779906205,NA,NA,NA,NA,NA,NA,0.337662459474816,0.265176274961863,0.147727042833217,0.185563511497923,0.113994447256962,0.752893922234135
-1,-0.5,-0.2,0.25,0.7,0.3,-1.58375101057299,-0.112426887873622,-0.233895859808209,0.290357352011637,0.618837576264349,0.72079093292518,NA,NA,NA,NA,NA,NA,0.315028130980371,0.182554064191335,0.122513464729229,0.22112177843108,0.106178168859615,0.897552799868919
-1,-0.5,-0.2,0.25,0.7,0.3,-1.25686406290669,-0.25889911715913,-0.36478297448428,0.400337997249962,0.665502485221368,-0.151812658714981,NA,NA,NA,NA,NA,NA,0.316069351724719,0.234251194296678,0.113969274961535,0.269426581156304,0.111108397713578,0.612553330158632
-1,-0.5,-0.2,0.25,0.7,0.3,-0.952592466018202,-0.681500740607483,-0.179074751516075,0.144891962956288,0.886105186901328,0.880516033574903,NA,NA,NA,NA,NA,NA,0.373256954995637,0.265520243321093,0.0896857714278055,0.195848296965904,0.0894324718168423,0.826992904622888
-1,-0.5,-0.2,0.25,0.7,0.3,-1.40760003444936,-0.232066086494214,-0.0084754037077241,0.334173965922513,0.74724209967349,0.0901961426428602,NA,NA,NA,NA,NA,NA,0.321257844254878,0.243499751441253,0.151686447490681,0.259290106151263,0.101060256012425,0.727965129598626
-1,-0.5,-0.2,0.25,0.7,0.3,-0.529478851804835,-0.569488584678065,-0.364764965741732,-0.0930201365588782,0.597999462682811,5.04518323898668,NA,NA,NA,NA,NA,NA,0.405508067626395,0.306722304259345,0.122349766074496,0.118937878551035,0.0960264475928227,12.5156325381583
-1,-0.5,-0.2,0.25,0.7,0.3,-0.773243045302691,-0.830979672368754,-0.228343238124774,0.0905489623015248,0.955332571177623,4.97089702117913,NA,NA,NA,NA,NA,NA,0.298832591655377,0.17380703161362,0.0731046199049815,0.112681235512421,0.0717275808464538,11.0667659148525
-1,-0.5,-0.2,0.25,0.7,0.3,-0.720527368486274,-0.878772137996963,-0.199089234326837,0.218635588126541,0.883008121452709,0.458509381494311,NA,NA,NA,NA,NA,NA,0.354813878338613,0.216913441532942,0.08869356056624,0.235730511461089,0.0922188850245448,0.801377658022752
-1,-0.5,-0.2,0.25,0.7,0.3,-0.683753494702441,-0.724708237581956,-0.151791801372919,0.30044449769704,0.742822909527776,-0.160824052265904,NA,NA,NA,NA,NA,NA,0.379418335024799,0.275816839396353,0.116509050422048,0.279758439533516,0.104511240794821,0.629953989101986
-1,-0.5,-0.2,0.25,0.7,0.3,-1.13411487960523,-0.466050421953065,-0.17169903269454,0.30920757328082,0.852184786568544,0.630351956207575,NA,NA,NA,NA,NA,NA,0.327903737034526,0.243376210281132,0.0918787805497979,0.197475044096559,0.093570258609779,0.675700767504411
-1,-0.5,-0.2,0.25,0.7,0.3,-0.73902143672964,-0.476650066464918,-0.0429372077821933,0.099842011985615,0.606891580736905,0.744638447122716,NA,NA,NA,NA,NA,NA,0.405934693905387,0.280289702334562,0.159727081257436,0.234421932385549,0.0982888502261934,0.982413866846224
-1,-0.5,-0.2,0.25,0.7,0.3,-1.27446454046061,-0.421776775183729,-0.253322879424992,0.305940493834229,0.733738193738924,0.07204203263765,NA,NA,NA,NA,NA,NA,0.353553316738138,0.319391710466537,0.106193202312,0.216134217133741,0.145617490542065,0.513604988990141
-1,-0.5,-0.2,0.25,0.7,0.3,-1.17578805266625,-0.567778705121938,-0.277760240831241,0.486834220371457,0.776441808095603,0.257741276581199,NA,NA,NA,NA,NA,NA,0.301537830131929,0.225761830607974,0.102636169921114,0.256712587031468,0.0947767951588361,0.748063512885875
-1,-0.5,-0.2,0.25,0.7,0.3,-0.868511892247099,-0.552791508458456,-0.285197193672372,0.176724571071717,0.538636809642957,1.0092899063134,NA,NA,NA,NA,NA,NA,0.356037597277815,0.250578001133644,0.12730275237541,0.200944965218659,0.117096635001018,0.910173622896485
-1,-0.5,-0.2,0.25,0.7,0.3,-1.14562366908715,-0.376648502061379,-0.272259957145753,0.0460445479345217,0.655546238182867,3.37243407503793,NA,NA,NA,NA,NA,NA,0.379909987805,0.303466425695942,0.120790317704097,0.15244206814808,0.0932865887335756,6.17712824075061
-1,-0.5,-0.2,0.25,0.7,0.3,-1.10820875520711,-0.406669135477978,-0.217626196905926,0.420974467089639,0.65656997893747,0.137869063855809,NA,NA,NA,NA,NA,NA,0.312135260787318,0.227484068847742,0.11764619853276,0.227462468722481,0.103329032226624,0.593079338910244
-1,-0.5,-0.2,0.25,0.7,0.3,-0.698321741391481,-0.6072088490865,-0.074529085637869,0.036122071280216,0.656867500886048,1.85396974820134,NA,NA,NA,NA,NA,NA,0.39237400082306,0.233302923958258,0.116641400412217,0.189287973027182,0.0982261095156583,1.74801799530495
-1,-0.5,-0.2,0.25,0.7,0.3,-0.397154510256031,-0.956009122088992,-0.276430921506148,0.0302627083222011,0.717726227099287,0.625709077957776,NA,NA,NA,NA,NA,NA,0.398460663691574,0.2356258199387,0.145609721071867,0.219546398026726,0.0976849539028958,0.849694528370841
-1,-0.5,-0.2,0.25,0.7,0.3,-0.796749955781404,-0.301835396415528,-0.256380616034425,-0.0906568416585142,0.49370879593498,3.43473911819194,NA,NA,NA,NA,NA,NA,0.415692819880597,0.318200813350463,0.17063136103943,0.157347852485469,0.11487762150513,6.53561399371572
-1,-0.5,-0.2,0.25,0.7,0.3,-0.847663091926113,-0.816564830406093,-0.0169129546294527,0.296087474717155,0.786581864640811,1.04400510948951,NA,NA,NA,NA,NA,NA,0.29866746251103,0.182597211837665,0.104344582073645,0.207947815417127,0.0872847785091831,1.08666846764174
-1,-0.5,-0.2,0.25,0.7,0.3,-1.27217655666918,-0.301006568861144,-0.256182235380899,0.63444217176624,0.599098131109857,-0.139824501406724,NA,NA,NA,NA,NA,NA,0.269057708100477,0.239963054090191,0.123512164138244,0.208105554668,0.116119670437777,0.442919269252993
-1,-0.5,-0.2,0.25,0.7,0.3,-0.915805370941982,-0.717052580353623,-0.306711568392089,0.33850647095035,0.756241075856432,0.398025746665129,NA,NA,NA,NA,NA,NA,0.319496412140778,0.207799081975595,0.0955830927486641,0.226079084958862,0.0960927182189626,0.702334654700082
-1,-0.5,-0.2,0.25,0.7,0.3,-0.588696054071036,-0.609691443580127,-0.402952856338336,-0.021931443425652,0.740844194424445,0.685314468096026,NA,NA,NA,NA,NA,NA,0.438325087734698,0.282381393235885,0.130611002811459,0.247689190731189,0.12002977492848,1.03609624560506
-1,-0.5,-0.2,0.25,0.7,0.3,-1.59966528945761,-0.234285107945314,-0.211718098026067,0.633634181768792,0.702014543310311,-0.226709920460247,NA,NA,NA,NA,NA,NA,0.261713961709046,0.185691741392102,0.103680761770597,0.254853406951924,0.119457464592847,0.544810435051759
-1,-0.5,-0.2,0.25,0.7,0.3,-0.831354200428613,-0.497874775486821,-0.316443062555205,0.019000425750315,0.741772471810574,2.94275095728686,NA,NA,NA,NA,NA,NA,0.3962767893601,0.295150952537386,0.090626678337929,0.168823407765065,0.0858820686598925,4.51890837164613
-1,-0.5,-0.2,0.25,0.7,0.3,-0.631734793701114,-0.713250927949034,-0.296666146281859,-0.0252567458790026,0.747652006477958,1.89113866121586,NA,NA,NA,NA,NA,NA,0.4339038466897,0.262964603763341,0.105159218775735,0.225171270641537,0.0810755805670858,2.47042518924477
-1,-0.5,-0.2,0.25,0.7,0.3,-1.09113724027804,-0.415572303885682,0.133405587822541,0.379499610410451,0.721914466607226,0.187781735821179,NA,NA,NA,NA,NA,NA,0.382673944681606,0.273791910648304,0.129306575518142,0.332900042656735,0.108738469338051,0.910331550994084
-1,-0.5,-0.2,0.25,0.7,0.3,-1.17841004038368,-0.407836078403774,0.051837425682884,0.151601970669955,0.805091174039273,2.39207937282389,NA,NA,NA,NA,NA,NA,0.340259858154928,0.237341653441387,0.060167417470993,0.25545079217151,0.112858747072635,4.77141091281879
-1,-0.5,-0.2,0.25,0.7,0.3,-0.282386884790436,-0.952486933914079,-0.297930692509711,0.144083656071046,0.752835491771124,0.359668969103199,NA,NA,NA,NA,NA,NA,0.368632576397311,0.226896271065842,0.116386435575055,0.195398142656735,0.116825134163869,0.604501864389243
-1,-0.5,-0.2,0.25,0.7,0.3,-1.36680246589505,-0.237738654381047,0.045063974813239,0.708212891938961,0.746731342799067,-0.637371888816398,NA,NA,NA,NA,NA,NA,0.242554920645809,0.139502127161914,0.117795012681036,0.238573416418566,0.152844875341916,0.400432559967687
-1,-0.5,-0.2,0.25,0.7,0.3,-0.779427900895163,-0.470867931518264,-0.252760756580945,0.0479169622632177,0.625404200100398,1.30153529736076,NA,NA,NA,NA,NA,NA,0.38393841160191,0.250616623150961,0.109565102814888,0.209744258470745,0.0962936231253953,1.35061064889822
-1,-0.5,-0.2,0.25,0.7,0.3,-1.37538939287945,-0.229350281152177,-0.114331089853225,1.0375496475511,0.820615191198765,-0.746838269170892,NA,NA,NA,NA,NA,NA,0.196965345274419,0.147027729057836,0.0601198184957685,0.283132886820272,0.140632140766628,0.47028570237764
-1,-0.5,-0.2,0.25,0.7,0.3,-0.937781720665074,-0.226826852464428,-0.2165951145482,0.121944006666836,0.554029673347251,0.219600565543402,NA,NA,NA,NA,NA,NA,0.447793675936935,0.345356189173959,0.165212726838592,0.265164515562387,0.120441954297157,0.724478434609716
-1,-0.5,-0.2,0.25,0.7,0.3,-0.177464761518435,-0.830334412257188,-0.479724888623826,0.117661157549672,0.597389545981432,0.192409623264407,NA,NA,NA,NA,NA,NA,0.399348605580254,0.307272455209456,0.160795600816784,0.196227829668741,0.123950494026457,0.50727241125482
-1,-0.5,-0.2,0.25,0.7,0.3,-1.3253540017664,-0.231918395847817,-0.385731445823262,0.244993454555612,0.589823437735322,0.831963490988675,NA,NA,NA,NA,NA,NA,0.356657688014377,0.2330381555123,0.147919117138135,0.318762555600876,0.103537782164099,1.57046779479229
-1,-0.5,-0.2,0.25,0.7,0.3,-1.16751649643752,-0.541385332009683,-0.231840450682815,0.685618397412326,0.819319687072599,-0.228764001740717,NA,NA,NA,NA,NA,NA,0.228089547284541,0.15360065901796,0.0796455853653687,0.281003796481391,0.123556913178648,0.646608110388808
-1,-0.5,-0.2,0.25,0.7,0.3,-0.369358082800393,-0.818210417997715,-0.312065835635308,0.12421072996233,0.642642980859214,0.405610637793135,NA,NA,NA,NA,NA,NA,0.390806398002701,0.262605395267359,0.139567745250353,0.226059733333994,0.0972289662129706,0.708888634618255
-1,-0.5,-0.2,0.25,0.7,0.3,-1.40563325160416,-0.169155476731684,-0.051814283096266,0.258719572899793,0.529301967835003,0.453057285137848,NA,NA,NA,NA,NA,NA,0.323374897516702,0.216229333796822,0.110935749731069,0.186199748082829,0.109456479313181,0.557726369049345
-1,-0.5,-0.2,0.25,0.7,0.3,-1.1916872090843,-0.343100911632232,-0.232400288468469,0.081160634634354,0.580163580803569,2.84240950752236,NA,NA,NA,NA,NA,NA,0.374962432527581,0.26416436641268,0.0925813270650843,0.176917794156744,0.0976376562877189,4.09093856599961
-1,-0.5,-0.2,0.25,0.7,0.3,-0.888420201452764,-0.586362934981355,-0.247732938961265,0.021754006185266,0.636387925528788,1.04354693160814,NA,NA,NA,NA,NA,NA,0.420274466933156,0.285846944994832,0.113830870008443,0.213612412113971,0.0977855767610127,1.08019980370209
-1,-0.5,-0.2,0.25,0.7,0.3,-1.82839390177656,-0.106505441695615,-0.200260655489752,0.267432915188267,0.913530586355555,1.07564757116401,NA,NA,NA,NA,NA,NA,0.299990230261438,0.183353139666787,0.0529975838086196,0.198186022061741,0.0934162980554027,1.05889079002459
-1,-0.5,-0.2,0.25,0.7,0.3,-0.716979685470746,-0.568951952334752,-0.433049178713365,0.0679469105478445,0.639961666240582,0.267042154854574,NA,NA,NA,NA,NA,NA,0.818582380708846,0.67710710590353,0.163648908128557,0.594442816504152,0.243800487223031,1.8931164062551
-1,-0.5,-0.2,0.25,0.7,0.3,-0.753082881258212,-0.389735800305784,-0.143632990331585,-0.00230598576835806,0.544753909165802,1.35264349548571,NA,NA,NA,NA,NA,NA,0.415633810209251,0.289861413961731,0.14920728414572,0.283768688268133,0.127639396008891,2.03495652764586
-1,-0.5,-0.2,0.25,0.7,0.3,-0.959592026199146,-0.225376916693268,0.0704808817483464,-0.121969888331337,0.629244745238659,2.28461899320489,NA,NA,NA,NA,NA,NA,0.433234730356523,0.27810004791581,0.155344027199296,0.198578840579701,0.0967361597934297,3.19693315913905
-1,-0.5,-0.2,0.25,0.7,0.3,-0.651037940200389,-0.757687832335058,-0.203411981719782,0.0224223449487127,0.739104320957215,1.84772154059011,NA,NA,NA,NA,NA,NA,0.390302115384224,0.221793074734366,0.080625304353575,0.184849243471714,0.0893857033940312,1.85419779263843
-1,-0.5,-0.2,0.25,0.7,0.3,-1.15871918689872,-0.573151777573186,-0.154802411711614,0.862669275569529,0.902846599302478,-0.754376596326981,NA,NA,NA,NA,NA,NA,0.209383319731233,0.146476595397092,0.0542692389531276,0.315941122382491,0.117669805040887,0.549799121302834
-1,-0.5,-0.2,0.25,0.7,0.3,-1.63554361503696,-0.0395126119646991,-0.262293092852135,0.852455966290114,0.940418875893597,-0.587901840699866,NA,NA,NA,NA,NA,NA,0.228706472408726,0.197817492451104,0.059167179277537,0.371831855573311,0.129755258457332,0.71241876255029
-1,-0.5,-0.2,0.25,0.7,0.3,-0.815576769171033,-0.649100728306881,-0.25651282646897,-0.068091578176926,0.642698782886388,4.5140571227037,NA,NA,NA,NA,NA,NA,0.396004637147399,0.289847203986968,0.122023257063621,0.122658889214907,0.0898131320687473,9.74152329239406
-1,-0.5,-0.2,0.25,0.7,0.3,-0.960752277928093,-0.444779862664407,-0.136994872210845,0.179004232440451,0.686560708018428,0.844249318579163,NA,NA,NA,NA,NA,NA,0.345613486514462,0.258200035399406,0.101076230931348,0.223444809189877,0.118550840167224,0.999967837087646
-1,-0.5,-0.2,0.25,0.7,0.3,-1.61720831292138,-0.317650252968212,-0.28819659220325,0.68467239729064,0.898398639270576,-0.408269555868035,NA,NA,NA,NA,NA,NA,0.24273980612757,0.162330330351083,0.0787074897660766,0.210288107210831,0.132332873538836,0.391519873889153
-1,-0.5,-0.2,0.25,0.7,0.3,-1.18036286958002,-0.333266386459004,-0.277925069059487,0.332001996823942,0.549611190036243,-0.0481214854062676,NA,NA,NA,NA,NA,NA,0.353143512905893,0.342633810889112,0.161382839111674,0.216950081640666,0.121126247186625,0.499197239640796
-1,-0.5,-0.2,0.25,0.7,0.3,-1.14265917982174,-0.50509735646258,-0.00369665874880135,0.224383075524175,0.873559068625491,1.47936509076665,NA,NA,NA,NA,NA,NA,0.300496682956164,0.169543415202972,0.0893307959083667,0.161351252734446,0.09097089385261,0.9455648536121
-1,-0.5,-0.2,0.25,0.7,0.3,-0.890231233186687,-0.503179663962239,-0.183198912924136,0.0904213034327828,0.64766893886729,0.924282296340511,NA,NA,NA,NA,NA,NA,0.379278810666643,0.258636667120258,0.139807021479382,0.236131682698448,0.0982023762334414,1.17246812457572
-1,-0.5,-0.2,0.25,0.7,0.3,-0.160386801398648,-0.911973793177804,0.013321009183666,-0.129251989408945,0.68591988340406,3.14563392112966,NA,NA,NA,NA,NA,NA,0.447644699213802,0.267395287617526,0.0977915244539234,0.166888556035336,0.0879205098039679,5.34012702803493
-1,-0.5,-0.2,0.25,0.7,0.3,-1.59301874544561,-0.0728644497851242,0.0677619542615744,0.697305900150916,0.823443494914954,-0.432357221426775,NA,NA,NA,NA,NA,NA,0.243284099923189,0.162194625465496,0.106812782437681,0.241039922184838,0.122602684121598,0.459268736972861
-1,-0.5,-0.2,0.25,0.7,0.3,-1.31745456495921,-0.262476203238074,-0.350194791486208,0.530276751212197,0.616531660189158,-0.0628899362009986,NA,NA,NA,NA,NA,NA,0.269117980537133,0.187966817632692,0.113243727747662,0.230810903437471,0.120837317789109,0.546381741659262
-1,-0.5,-0.2,0.25,0.7,0.3,-1.16888619813476,-0.0310036699119022,-0.312130684373306,0.351730451436333,0.564419710430911,0.877534132972796,NA,NA,NA,NA,NA,NA,0.295905185762523,0.244336317887116,0.0955354620336261,0.1750213929447,0.104172627343414,0.661250909100824
-1,-0.5,-0.2,0.25,0.7,0.3,-1.47413760010252,-0.0196413552478456,-0.240548568761942,0.139720728536737,0.586413601471222,0.519856468802848,NA,NA,NA,NA,NA,NA,0.365359070154692,0.242797236475754,0.160942487809285,0.216468661160692,0.116785248711974,0.742877501121756
-1,-0.5,-0.2,0.25,0.7,0.3,-0.411444909770951,-0.96199856804195,-0.286495169810728,0.135582574819769,0.728510122499908,0.711237793660703,NA,NA,NA,NA,NA,NA,0.369609321395366,0.238394329551498,0.122950955231681,0.198067238994392,0.104584718715543,0.793334339419159
-1,-0.5,-0.2,0.25,0.7,0.3,-0.651365713793469,-0.987273536705438,-0.199736808471695,0.0467512956490304,0.821846933615565,1.63708414356985,NA,NA,NA,NA,NA,NA,0.413044574729883,0.287628383111739,0.117275939325156,0.217668063257253,0.0739113709413539,2.04319494094621
-1,-0.5,-0.2,0.25,0.7,0.3,-0.900901542080843,-0.865234604981536,-0.328583374168062,0.105815668808625,0.78976299753799,0.940450036979212,NA,NA,NA,NA,NA,NA,0.370717137377873,0.269443085779575,0.109863562232835,0.198626648511329,0.0923649297474369,0.964609015919548
-1,-0.5,-0.2,0.25,0.7,0.3,-1.06536835933729,-0.50148254147737,-0.0420743272680045,0.570447378546258,0.915044898628067,-0.0835302218942085,NA,NA,NA,NA,NA,NA,0.279808734899294,0.223620555525312,0.0929353476830648,0.230797408213665,0.0965825193847331,0.52423754370601
-1,-0.5,-0.2,0.25,0.7,0.3,-0.758105702065211,-0.796818136573873,-0.137622004141942,0.0752383106708979,0.815722818238857,1.71898895491311,NA,NA,NA,NA,NA,NA,0.369569595193282,0.276765228041665,0.102696879695842,0.20196510050445,0.0888479765009857,1.81864707957621
-1,-0.5,-0.2,0.25,0.7,0.3,-1.20568942038703,-0.040641665977508,-0.423953181343236,0.272064552918685,0.470514971717782,0.303426924063431,NA,NA,NA,NA,NA,NA,0.33927902797263,0.251798716095139,0.151253163935723,0.340361522111446,0.128778693708082,1.06853315165417
-1,-0.5,-0.2,0.25,0.7,0.3,-0.644449329319045,-0.71061671617978,-0.293437285876735,0.0340389744714686,0.777002127239916,0.636243871443808,NA,NA,NA,NA,NA,NA,0.408383763610706,0.282609156778343,0.170888354994389,0.221803033548219,0.104404823286126,0.915208683673193
-1,-0.5,-0.2,0.25,0.7,0.3,-0.722044925770406,-0.363295885442774,-0.0676884964767801,0.0207340680359749,0.480145094555105,1.86909698152733,NA,NA,NA,NA,NA,NA,0.381151624851984,0.278254202922685,0.123655066590382,0.214299895304132,0.1214817485717,2.31003218963273
-1,-0.5,-0.2,0.25,0.7,0.3,-0.559383350359666,-1.07483238742301,-0.100092841381699,0.00341313808704118,0.899918923484315,1.81101673459819,NA,NA,NA,NA,NA,NA,0.40538156717631,0.273706030698812,0.119515756123109,0.214744354368504,0.0797096793505552,2.4129686897074
-1,-0.5,-0.2,0.25,0.7,0.3,-1.01128287390971,-0.609422628163252,-0.191419401245799,0.123922223200447,0.711160112165886,0.674389845565391,NA,NA,NA,NA,NA,NA,0.400290190774315,0.263992793173121,0.118416687955221,0.227471194072769,0.101574773832296,0.890419488250813
-1,-0.5,-0.2,0.25,0.7,0.3,-1.17951566452418,-0.490881456484192,-0.16282924306414,0.0803551134936711,0.665506198578461,2.47767609500782,NA,NA,NA,NA,NA,NA,0.366817359294967,0.239226445670926,0.120789996722671,0.193843177526885,0.10005407700213,3.67262476088434
-1,-0.5,-0.2,0.25,0.7,0.3,-1.21114410254745,-0.0751022212248817,-0.233951387189872,0.44659538708944,0.570599112707042,-0.461235381157016,NA,NA,NA,NA,NA,NA,0.34117736660911,0.253241154755252,0.182735745893011,0.312999765664416,0.111383948272659,0.598039711106453
-1,-0.5,-0.2,0.25,0.7,0.3,-0.963819797339794,-0.410961495937107,-0.28769780912976,0.377001646471968,0.5221384144709,-0.199500598398491,NA,NA,NA,NA,NA,NA,0.307316333633822,0.229624995010248,0.120391233995839,0.212243863085635,0.128859470970885,0.442668926155126
-1,-0.5,-0.2,0.25,0.7,0.3,-1.16259389760516,-0.491341600357032,0.0803589555684949,0.611364248828287,0.775461834798692,-0.547782022838888,NA,NA,NA,NA,NA,NA,0.275842501563645,0.23476426973512,0.12267404311629,0.248347235967741,0.138827371100664,0.470042322256623
-1,-0.5,-0.2,0.25,0.7,0.3,-0.795183172449889,-0.576071446845226,-0.0568299703328126,0.255728603106715,0.622111632547748,0.202488026470395,NA,NA,NA,NA,NA,NA,0.335468694983479,0.230773099478531,0.146741715497887,0.194129899700395,0.10905274123478,0.515058468919856
-1,-0.5,-0.2,0.25,0.7,0.3,-1.46209234062123,0.258688164402982,-0.473612526087801,0.335446193104551,0.406782208909362,0.300019307642712,NA,NA,NA,NA,NA,NA,0.327199498127519,0.27013118037759,0.182741380912316,0.250787547732043,0.125313733685634,0.716879326802015
-1,-0.5,-0.2,0.25,0.7,0.3,-0.663964037678328,-0.514522482581374,-0.132070058998674,-0.0322886029238204,0.622982694116107,2.51993098822817,NA,NA,NA,NA,NA,NA,0.423269716551579,0.273846141709584,0.104766793249075,0.202064931344297,0.105328557041773,3.8593835382596
-1,-0.5,-0.2,0.25,0.7,0.3,-1.35422544959494,-0.340657065107165,-0.283540861760671,0.293578937473996,0.793900708428169,0.372815645136698,NA,NA,NA,NA,NA,NA,0.322890400710397,0.23910092215685,0.101139594972999,0.216229353041591,0.115639521956004,0.681587194136477
-1,-0.5,-0.2,0.25,0.7,0.3,-1.30860010032462,-0.310151177866576,0.0330954643535856,0.252188474743176,0.712948384527078,0.35531404307964,NA,NA,NA,NA,NA,NA,0.348545676551606,0.259222152904583,0.127411788594953,0.220350671611431,0.114476803924615,0.657280760125628
-1,-0.5,-0.2,0.25,0.7,0.3,-1.05306878594268,-0.525164372284672,-0.397735877443252,0.0631375916290279,0.65077946183217,3.04757330818066,NA,NA,NA,NA,NA,NA,0.357450148991427,0.241923694182294,0.107939219826988,0.169179130546735,0.100630385129507,5.06290475578224
-1,-0.5,-0.2,0.25,0.7,0.3,-1.04001918262431,-0.683945182613998,-0.284348762847144,0.524126486039638,0.650653016655882,-0.13449847321972,NA,NA,NA,NA,NA,NA,0.274564094435831,0.183354256872833,0.126555178617037,0.221641226864139,0.113615584155604,0.488051171556104
-1,-0.5,-0.2,0.25,0.7,0.3,-1.30240252893808,0.104748580555577,-0.344233626271028,-0.016360259580059,0.472714294396027,1.78657642640574,NA,NA,NA,NA,NA,NA,0.40559609605211,0.285957625706732,0.144839372575937,0.180633522998848,0.107233880590469,1.62484011928381
-1,-0.5,-0.2,0.25,0.7,0.3,-1.66650993834116,-0.273735471211549,-0.318293499022696,1.03154601389902,0.992889014566686,-0.934225736105553,NA,NA,NA,NA,NA,NA,0.201834098352502,0.124558792909582,0.0784227889986238,0.278692267060379,0.12929614603123,0.433823048870339
-1,-0.5,-0.2,0.25,0.7,0.3,-1.76234190571856,0.103883467108286,-0.264749717442229,0.542709573948375,0.605838682522121,0.529463408733545,NA,NA,NA,NA,NA,NA,0.255182773977675,0.184255115150766,0.0913436044501976,0.190683296565603,0.125723351634553,0.592162506911374
-1,-0.5,-0.2,0.25,0.7,0.3,-1.16891146172902,-0.465828032370357,-0.212174103911344,0.250984443911391,0.754851791178563,1.02820721477437,NA,NA,NA,NA,NA,NA,0.319404571096023,0.189086460375343,0.0923631743892525,0.194994021070762,0.105202891472763,0.871038405244449
-1,-0.5,-0.2,0.25,0.7,0.3,-1.35633104612295,-0.213712882037921,-0.0853571834607744,0.323975516577146,0.628023846830018,0.223302250542264,NA,NA,NA,NA,NA,NA,0.31547518298757,0.23893150467597,0.139129227547995,0.210731516861914,0.1187961589012,0.563219714514052
-1,-0.5,-0.2,0.25,0.7,0.3,-0.448613638264733,-0.95957994256954,-0.126451595862314,0.149816065992385,0.782013229183993,1.07121021379915,NA,NA,NA,NA,NA,NA,0.368679724651689,0.220483765416921,0.101165271404046,0.216872985243443,0.086848344922794,1.17635714260224
-1,-0.5,-0.2,0.25,0.7,0.3,-0.937113674527246,-0.677545483267061,-0.324512996812917,0.375469170884088,0.785197774321799,0.104807354953516,NA,NA,NA,NA,NA,NA,0.370820319707264,0.284201029871975,0.133003015008132,0.314548348476298,0.0969880355017206,0.861485460017465
-1,-0.5,-0.2,0.25,0.7,0.3,-0.880955244640936,-0.345066792860819,-0.266763440368291,0.17828036271624,0.562055206640737,0.155697050749929,NA,NA,NA,NA,NA,NA,0.387198158968729,0.301500034107412,0.159543284362126,0.222239800256135,0.103344704278893,0.546296397948426
-1,-0.5,-0.2,0.25,0.7,0.3,-1.1342479054601,-0.445488970526471,-0.28875057703923,0.54852970477927,0.78846238585733,-0.190376548482781,NA,NA,NA,NA,NA,NA,0.26592191293211,0.151382001044176,0.0971238289120213,0.204631685390966,0.111808414004155,0.413538754462726
