"V1","V2","V3","V4","V5","V6","V7","V8","V9","V10","V11","V12","V13","V14","V15","V16","V17","V18","V19","V20","V21","V22","V23","V24"
-1,-0.5,-0.2,0.25,0.7,-0.693147180559945,-1.20650243111613,-0.276924468868315,-0.246983306603046,-0.497671210649152,0.539955323624367,0.0211385106923248,0.142922448363533,0.148615862396551,0.166416317725321,0.221504474162329,0.239576423897456,0.194954563941952,0.302936323111507,0.201698264381587,0.182759624798747,0.703242992954313,0.345780579403789,0.747622313937835
-1,-0.5,-0.2,0.25,0.7,-0.693147180559945,-1.44521406951939,-0.884077546004155,-0.257387842499906,-0.979590703614522,0.705376785377403,0.532322473290538,0.20005465048508,0.190490429069244,0.151069171317226,0.194590014197461,0.198290051267194,0.204386687647256,0.241799664815465,0.176335826749101,0.17187064265829,0.699561040340292,0.237336308345237,0.737992125476805
-1,-0.5,-0.2,0.25,0.7,-0.693147180559945,-1.10642353700677,-0.539368253170382,-0.179095532881725,0.049855787773121,0.435810639352877,-0.714398030328555,0.153397842294366,0.15718553286015,0.140466846538045,0.257551385663534,0.249139226908288,0.187236037262361,0.56836838313788,0.196058870076036,0.164395545678775,0.711462497307876,0.325110131958946,0.927407883964918
-1,-0.5,-0.2,0.25,0.7,-0.693147180559945,-1.35514388071387,-0.836832249426052,-0.252877254160922,-0.228064770211008,0.673326310568326,-0.14314663931553,0.157298665903017,0.160678359348314,0.1501300284395,0.246780852476489,0.232243295667663,0.193016674909644,0.331304433782339,0.177747913730105,0.146943618152761,0.632244705375826,0.298206632392898,0.673954603554964
-1,-0.5,-0.2,0.25,0.7,-0.693147180559945,-1.26262213202458,-0.578426777372054,-0.263540859269222,-0.00609874550811722,0.961472249500491,-0.0215286655233242,0.137033625447973,0.133922544915902,0.116599853709364,0.285447505020503,0.294649701907915,0.167708496947894,0.248858752056326,0.152340842427943,0.135380255820803,0.591164931637677,0.448758738890986,0.465697557368276
-1,-0.5,-0.2,0.25,0.7,-0.693147180559945,-1.31858147951568,-0.472410370633857,-0.248534951839642,0.730128407734123,1.24049417982297,-0.226359443671559,0.12566966618684,0.123354027025865,0.127517727058952,0.408245025379742,0.386188157140391,0.14410687601671,0.264291366249698,0.137752710037707,0.126712206511351,0.828556331899822,0.616105075358003,0.447225213903146
-1,-0.5,-0.2,0.25,0.7,-0.693147180559945,-1.43641988248065,-0.64837665704733,-0.323922080657542,-0.0909544834617175,0.857489207430584,0.550468452425855,0.0994787604008414,0.0908360113417877,0.0886333070865423,0.265621867054312,0.27651998348628,0.157874893711617,0.147587843597279,0.103907897653321,0.121805264021418,0.69626058984294,0.505563639202949,0.441273111200074
-1,-0.5,-0.2,0.25,0.7,-0.693147180559945,-1.54260276783482,-0.465571671704125,-0.389442320197623,-0.598299784622402,0.163840766488428,0.27008023585162,0.130362142597591,0.136937151635503,0.15925066043713,0.214245056268591,0.223846232085154,0.198663368327966,0.200476596550558,0.156604022556208,0.175365316122675,0.703862618352875,0.251689091262367,0.672725346713554
-1,-0.5,-0.2,0.25,0.7,-0.693147180559945,-1.07169903994491,-0.394869806340539,-0.128587862199102,-0.195976849133448,0.844708479043342,-0.238779008573451,0.157646177909919,0.147986181547022,0.158065492397296,0.249842280083108,0.261635050401925,0.179125342212443,0.334036731619876,0.200568501851508,0.18877454039662,0.695648285539068,0.37729746758985,0.70508231303193
-1,-0.5,-0.2,0.25,0.7,-0.693147180559945,-1.35563804668038,-0.100449690285473,-0.241620712842993,1.22036444828945,0.4638622848848,-0.773905994118037,0.125830780292117,0.130691473327724,0.117456493720071,0.401925896141235,0.43537124949177,0.14020989082919,0.847319180061885,0.23420269388038,0.128985911235969,2.70619605960204,1.83438158060873,1.37463085683055
-1,-0.5,-0.2,0.25,0.7,-0.693147180559945,0.0910093064659205,-0.66493668984829,-0.0687184377452757,1.01815428761511,1.21132201438508,-1.76269635853277,0.177471179971865,0.188934731721268,0.177491205795373,0.43864279886462,0.390122538781351,0.165477854923543,1.06675864998472,0.234233931947031,0.173327464141765,0.873801332286294,0.696382823146154,1.17207440770378
-1,-0.5,-0.2,0.25,0.7,-0.693147180559945,-1.49193983689663,-0.328586552930804,-0.374672681839857,-0.460507825914654,-0.0890156874137643,0.243482491683213,0.134241762933686,0.134301825677252,0.125682831870734,0.211415733333323,0.214164131968292,0.191743262886658,0.206772856063886,0.169017369572257,0.156655932117563,0.569136780293995,0.306822353038788,0.552230944534476
-1,-0.5,-0.2,0.25,0.7,-0.693147180559945,-0.224817419381218,-0.421955558147248,0.180442658382503,0.756329862587748,0.425466827204606,-1.1650072909797,0.159670232357312,0.155698057215664,0.147426294153225,0.360879784449019,0.354708524855087,0.161657214624672,0.695332312860506,0.171962009791448,0.157017667740154,0.680910148755277,0.551852668202579,0.848240250197248
-1,-0.5,-0.2,0.25,0.7,-0.693147180559945,-1.57791157932693,-0.677007156623549,-0.313744640469702,-1.81562923397061,0.558337736935404,1.70063255983163,0.113240014898002,0.109555085508456,0.0807006654435656,0.152347227436222,0.153011079972786,0.162217868347657,0.111060857651943,0.101523537438332,0.0917464983921211,0.681366852422379,0.201101137426167,0.657635192515401
-1,-0.5,-0.2,0.25,0.7,-0.693147180559945,-1.51151708604068,-0.379551230670998,-0.097433008683205,-0.508540990748842,0.176541546822835,0.483574824451289,0.118146305342337,0.111718979592184,0.102304308007371,0.208310833952415,0.205996852587266,0.188067734889555,0.179869531270389,0.116361506473127,0.109081966616435,0.545251550686691,0.314723316494564,0.519999200888349
-1,-0.5,-0.2,0.25,0.7,-0.693147180559945,-1.31536941218872,-0.608994453080601,-0.181399025897601,1.54469962642019,0.713242360166125,-0.421844144157727,0.106788094032744,0.105731857974809,0.102784425026748,0.509946688548826,0.443419471958229,0.129740859968326,0.326826394439394,0.131386063552633,0.107731740156049,1.43857254940644,0.730760285262327,0.561171318995998
-1,-0.5,-0.2,0.25,0.7,-0.693147180559945,-0.857600882678655,-0.297201423389463,0.15714240284773,-0.555888620332148,0.716123784908752,-0.412745734389179,0.207680823541812,0.240712850869531,0.227620171239529,0.218285870530322,0.218627594124405,0.210012538580604,0.504230941131921,0.290053133152737,0.275741182752161,0.497052145742066,0.345106653404387,0.829372220818177
-1,-0.5,-0.2,0.25,0.7,-0.693147180559945,-1.43151951426048,-0.432558370682471,-0.089006343371631,-0.680141568987435,0.801668793357721,0.0985626337608948,0.153285980860377,0.174424642687429,0.129834980414603,0.221784953032237,0.214039756735578,0.191096474703095,0.317286473317099,0.236545324108954,0.17503946396533,0.830744790725991,0.334048951999479,0.818345483043816
-1,-0.5,-0.2,0.25,0.7,-0.693147180559945,-1.27665100987977,-0.15389246635627,-0.20312343455305,0.491778909240724,0.733274135464522,-0.726205446297976,0.146454844706635,0.152844157265455,0.158115722311428,0.342203605119285,0.345732208095026,0.164483455546408,NA,NA,NA,NA,NA,NA
-1,-0.5,-0.2,0.25,0.7,-0.693147180559945,-1.13269767353489,-0.90384119691526,-0.335651792848472,0.101575049843703,0.848456062765397,-0.468003547043284,0.185069332527541,0.210602048261457,0.145655989420603,0.284484951687573,0.258029122760211,0.179002904049874,0.490407853635307,0.20850743910747,0.196856943417445,0.910301782555837,0.4577573679474,0.860678161015821
-1,-0.5,-0.2,0.25,0.7,-0.693147180559945,-0.866880444119948,-0.673050013795372,-0.274082699208764,0.369749612983017,0.795141610982755,-0.784787838695409,0.160271434991072,0.152455396445561,0.159438025333911,0.300561433692665,0.325154804152103,0.170037493139508,0.583908780034662,0.167399721700691,0.156863069557358,0.804369957223473,0.618523784477129,0.826321708192934
-1,-0.5,-0.2,0.25,0.7,-0.693147180559945,-1.15678185085027,-0.121804438754184,0.0190587829326293,1.45838428436913,-0.828486850265403,-0.86524289106575,0.130668789991025,0.142003155719247,0.11816713441787,0.525030368514554,0.486479739485233,0.135140207999899,0.440986715391432,0.178379372357885,0.133769665544929,1.03095884048993,0.790565338763333,0.605328927745438
-1,-0.5,-0.2,0.25,0.7,-0.693147180559945,-0.636612781914155,-0.4414507249606,-0.176199453959384,0.431856785621841,0.603465189643447,-1.1012022784643,0.165419347969929,0.186456599657189,0.192724020614942,0.302425847586114,0.293874603818674,0.176513073908214,1.05807646999674,0.2326395614583,0.186528024242549,1.24977214142824,0.544145699020996,1.52656865881557
-1,-0.5,-0.2,0.25,0.7,-0.693147180559945,-1.1051842218628,-0.331292940222852,-0.490751065349782,1.69765422109332,1.82858248425838,-0.661841288088027,0.134048163458478,0.153695503337539,0.123524966749639,0.648821660297189,0.457635742338607,0.121951237247566,0.40420937543024,0.182773511729765,0.125734025700493,1.30292625335491,0.717770244125672,0.57606917961446
-1,-0.5,-0.2,0.25,0.7,-0.693147180559945,-0.520479224248553,-0.328756710958158,-0.0877852820748362,0.413315075015157,0.188221072668036,-1.01376508550927,0.16118816755408,0.153849391474481,0.162849426490318,0.307516886970407,0.313076512159899,0.181025421894376,0.802689025832376,0.199649637389112,0.180733180052865,1.02642285764126,0.429974636179473,1.23517548181618
-1,-0.5,-0.2,0.25,0.7,-0.693147180559945,-1.22342085168079,-0.597493768456923,-0.305827331251225,-0.66370833416731,0.484759804730528,-0.12338013691276,0.178360487393431,0.174479161193259,0.152843488320286,0.204749181893746,0.211372990659256,0.212142796887684,0.43508376033654,0.201011084612044,0.193596907714152,0.753770132128573,0.28505480578743,0.943863040892548
-1,-0.5,-0.2,0.25,0.7,-0.693147180559945,-1.25167551611933,-0.409455610463915,-0.345991570402734,1.79285602906027,0.871732902465804,-0.879434407276225,0.122471706803893,0.130294262798123,0.125711705781629,0.589722681591743,0.561691661883468,0.129913171151756,0.461730722486701,0.153364381690044,0.128989844825916,1.44606747113835,1.00860807916618,0.626893250476274
-1,-0.5,-0.2,0.25,0.7,-0.693147180559945,-1.33010042467904,-0.580751103680057,-0.107150393394729,0.427982714919788,1.3702857642348,-0.212861257322983,0.138105992880379,0.129471551067707,0.12043881495443,0.363657206246159,0.354118757327879,0.162752127134214,0.285465143395128,0.164349955165643,0.123252427551761,0.65532829133167,0.453423419720404,0.522280041810896
-1,-0.5,-0.2,0.25,0.7,-0.693147180559945,-0.895804502375391,-0.422614928325127,0.134261142104797,-0.105261327236619,-0.0316822646217741,-0.404387472678472,0.159152429686408,0.17808478577491,0.150132069372318,0.23992053679063,0.244816837188604,0.194955166663502,0.456925489417815,0.20129841839876,0.158397194140938,0.646454082510545,0.31664815863927,0.811261260212459
-1,-0.5,-0.2,0.25,0.7,-0.693147180559945,-1.32743944118809,-0.747897725878611,-0.257582390364851,-0.0480650936668261,0.468458504746519,0.219723001033437,0.115013296774635,0.132126047692763,0.118652784236699,0.259972806044403,0.237667027135961,0.168805004210546,0.202015866954791,0.146958144438226,0.1327272628975,0.653931569116717,0.404983338073817,0.48543364441805
-1,-0.5,-0.2,0.25,0.7,-0.693147180559945,-0.535959965963493,-0.153833477479541,0.124371153231437,0.623049158900782,0.466518902164586,-1.33731084359278,0.159252204609472,0.160879905808107,0.171559083217696,0.320769024250456,0.30733852324556,0.174570943820748,0.925172176427003,0.228718827796076,0.193595208592661,0.870722789477349,0.485312987560432,1.20454607815031
-1,-0.5,-0.2,0.25,0.7,-0.693147180559945,-0.793119696392359,-0.515377257362859,-0.24984119541929,0.17171816601435,1.01341177513921,-0.76885606492505,0.17408204494723,0.179352887797452,0.147875938262167,0.311116477590958,0.280108424004576,0.170335079260903,0.524372359444312,0.219774380929438,0.175193495955572,0.759288018549043,0.433152696108855,0.802377979260789
-1,-0.5,-0.2,0.25,0.7,-0.693147180559945,-1.46388215246546,-0.397368845676432,-0.118893300862607,-0.760675405749392,0.430511949504648,0.343897987431822,0.154228005263216,0.184222891191147,0.121407108183016,0.200250804584375,0.19235251317205,0.199839264711187,0.228276648507978,0.186004399150473,0.136291818619727,0.518331309036123,0.238922450951297,0.555768208718511
-1,-0.5,-0.2,0.25,0.7,-0.693147180559945,-1.11934856229428,-0.61348624245535,-0.143125856159378,-0.599338917355116,0.328086141263233,0.218266537583088,0.165758933740413,0.177739062462536,0.155303389163516,0.208603487990477,0.202438104478926,0.21343408882708,0.37085475967014,0.206680196423284,0.169905369559108,0.988461445725176,0.290848545281294,1.09859000532175
-1,-0.5,-0.2,0.25,0.7,-0.693147180559945,-0.948873159212316,-0.0402453283252442,-0.0848368711337574,1.02617178120624,1.08336713671548,-1.14294917523957,0.15138655619392,0.154935226281082,0.151092203920822,0.425922907709262,0.355149316397319,0.152223317157174,0.756325907303351,0.213476469388715,0.153808498607935,1.11945375535592,0.550790376801186,1.01568465904513
-1,-0.5,-0.2,0.25,0.7,-0.693147180559945,0.357848446844045,-0.398622692619537,-0.465398016088882,0.755384709524609,0.572887241629416,-2.33436342716884,0.177564310024132,0.186151991235454,0.167352338280679,0.345776102942247,0.335490722840145,0.181254767304466,2.05299231166126,0.232966891620851,0.204424381827183,1.04498383738851,0.711149692944964,2.28339168702457
-1,-0.5,-0.2,0.25,0.7,-0.693147180559945,-1.42772733784145,-0.391236710803434,-0.273066264331744,0.129830399102817,0.740470744233244,-0.556845473569466,0.156275198571277,0.148405089943636,0.161796086636809,0.299145314980072,0.292060638139537,0.177425497085935,0.423756532220983,0.172108662728524,0.158282964078823,0.66859374936299,0.489136391619182,0.654272693211198
-1,-0.5,-0.2,0.25,0.7,-0.693147180559945,-0.574406509575673,-0.745323531668749,-0.497566495715164,1.98426813838406,1.70770977262333,-1.21186722618432,0.146150810897296,0.160246292442104,0.123913487441742,0.731125181943421,0.523146392989789,0.130945927485166,0.627640913210862,0.205978636999595,0.143191358948347,2.01441571512617,1.14952027041751,0.798884530271495
-1,-0.5,-0.2,0.25,0.7,-0.693147180559945,-1.08799694938096,-0.235028035424209,-0.243614212791811,-0.196648348769584,0.536399285148979,-0.102176073862856,0.14428358883848,0.146456223945062,0.13509898555769,0.248387361405297,0.257618377339237,0.184475856806021,0.337418687730237,0.170139756519623,0.132329031775833,0.657736586083296,0.327164731925565,0.699628407886807
-1,-0.5,-0.2,0.25,0.7,-0.693147180559945,-1.33621254001322,-1.01091345622667,-0.0191149321023201,-0.983955548525019,0.667950984493824,0.453375753341173,0.190649153696557,0.193420684384898,0.130874413792978,0.195487564211067,0.196504529207765,0.201720135779843,0.232955175736075,0.199565915200759,0.136291743270823,0.536528840319025,0.216725907339017,0.556226091740584
-1,-0.5,-0.2,0.25,0.7,-0.693147180559945,-0.396287142395374,-0.153363593188681,-0.187176114823908,0.799554258581152,0.784676714407483,-1.3252676558061,0.1603819450056,0.162938637633741,0.168713043313277,0.39688470936556,0.359561711821134,0.164315346836884,0.851997652383793,0.188817837461016,0.203073919917625,0.702192500886458,0.536974818687013,1.02241670384666
-1,-0.5,-0.2,0.25,0.7,-0.693147180559945,-0.623433282447628,-0.535876768463433,-0.0831522289927845,0.609557834119574,0.804827876727313,-1.14030100795721,0.166404538633522,0.17052881673134,0.151259637741681,0.34623498007599,0.329392255219802,0.1695823057823,0.767656118409838,0.188237278667213,0.188778095108778,0.850131371826008,0.540881034275197,0.999185509366037
-1,-0.5,-0.2,0.25,0.7,-0.693147180559945,-0.943018154739834,-0.170556753151204,-0.199515410787055,0.420424348066573,-0.104341214676259,-0.847613516609212,0.152788636101844,0.156785998804897,0.14625569903006,0.296455725138144,0.298618987564683,0.177880194588864,0.605275044440274,0.19228638089056,0.16484898926972,0.725096938876129,0.429110296261394,0.883842483483961
-1,-0.5,-0.2,0.25,0.7,-0.693147180559945,-0.669947325405645,-0.0535938391509895,-0.314885035010637,-0.00894230375346646,0.0706101200071021,-0.705905390393172,0.161082020467375,0.175039562024046,0.154708596183112,0.24338272809655,0.262745327554683,0.191330936486239,0.619065413105003,0.253421354678308,0.187361150099329,0.728310720979201,0.288125328439089,0.99903267816917
-1,-0.5,-0.2,0.25,0.7,-0.693147180559945,-1.4629641654002,-0.147172912573071,-0.350689777836372,0.332492049306769,0.470703703880458,-0.19107310218434,0.120188014601207,0.132884422105759,0.113436812209778,0.29674990208389,0.272548550386128,0.161593989074077,0.261726802986994,0.145318824502935,0.117067726973604,0.655798876087049,0.388949313870032,0.500339625397188
-1,-0.5,-0.2,0.25,0.7,-0.693147180559945,-0.0203868555291627,-0.140152008178689,0.0763198168838451,2.24792273759149,-0.473650594559028,-2.36901447291955,0.149394318476887,0.155641697397857,0.14689679042554,0.672707830631335,0.672682934692918,0.147367254069273,1.69526351629642,0.217157488518856,0.155960063394209,2.46302193407293,1.56750539721777,1.86359140350014
-1,-0.5,-0.2,0.25,0.7,-0.693147180559945,-1.05934047189825,-0.664304799253311,-0.188451842415233,1.1725714521891,1.06140427390948,-0.576467368475211,0.119176225272297,0.121596316879122,0.117153940617118,0.439145783151685,0.411453363922461,0.140289070812606,0.345635647733802,0.145440515565227,0.111550647707825,0.803928777575324,0.680581483878597,0.494526925989855
-1,-0.5,-0.2,0.25,0.7,-0.693147180559945,-0.85046975003049,-0.682028183894332,-0.0807665010423667,1.4345638165114,1.3254403249746,-0.888478566834474,0.133863955157394,0.136859835111622,0.127474087869724,0.556405968799782,0.475424801425161,0.141736054363639,0.53159943840345,0.178137188353601,0.144058560786396,1.99000908265001,1.29512535169643,0.785288340861538
-1,-0.5,-0.2,0.25,0.7,-0.693147180559945,-0.968091294570208,-0.327174143804286,0.329366709141006,1.76448502252012,1.7608811154845,-1.123011319664,0.139521399503163,0.148611018948458,0.133005435994029,0.666185092924071,0.612317247643092,0.0873676110742615,0.566632836911981,0.179950970840117,0.155107817265762,1.33909620724322,1.03703340033798,0.698872791050084
-1,-0.5,-0.2,0.25,0.7,-0.693147180559945,-0.28169586810108,-0.797494504179998,0.117657711897215,0.475862246160549,0.983985253853617,-1.04908434097075,0.171344071538841,0.158314639402095,0.155020472895744,0.331339116142146,0.310063303947935,0.172570906331602,0.758787593547112,0.220742536305306,0.164762141500766,0.762224753352699,0.476942441422781,1.01898027285144
-1,-0.5,-0.2,0.25,0.7,-0.693147180559945,-0.826789726165607,-0.561570664606699,-0.616563274707974,-0.567821807942402,0.406739929179902,-0.305890884392626,0.207047291790229,0.193968372609468,0.161625366099743,0.205943848864155,0.207566165437126,0.221491917810767,0.458223684457696,0.198373167932046,0.185149595402932,0.50985054313543,0.286249139113307,0.770065083376762
-1,-0.5,-0.2,0.25,0.7,-0.693147180559945,-1.78323073353727,-0.11551698734145,0.018645814481882,-0.323242064910833,-0.372183754633105,0.561889306742413,0.100810607622584,0.104233934110915,0.097833564429741,0.221701120341988,0.213064174629654,0.172086987195568,0.150939025019574,0.116826309937608,0.105646369537959,0.625297224497618,0.252340956682091,0.519839092611232
-1,-0.5,-0.2,0.25,0.7,-0.693147180559945,-1.48554631484652,-0.28807831285232,-0.263696168200536,-0.00230492228478028,0.536287615470986,-0.0213942228819746,0.12154869872494,0.127747841251955,0.120447866400506,0.263793498987456,0.272626308645973,0.172163322299748,0.270855815087566,0.161426886621109,0.133361849392347,0.666470031284553,0.322153056268931,0.588588041926065
-1,-0.5,-0.2,0.25,0.7,-0.693147180559945,-0.823733743313575,-0.750632077676342,-0.119040812778569,1.08860467187152,1.23019595380393,-0.867970724785908,0.162076520356971,0.164642667001809,0.148457747680974,0.470503683710446,0.418669949290972,0.138304273553872,0.564837692673171,0.214621003956546,0.190754705548684,1.29221600119156,0.746405531317072,0.841810924756903
-1,-0.5,-0.2,0.25,0.7,-0.693147180559945,0.193399463629129,-0.479392632389214,-0.472670354373358,2.33992623635872,1.38516008641348,-2.57019459219263,0.153790368986962,0.1618455551942,0.157471125611779,0.875185260796272,0.702972013386633,0.149679360443507,1.72170569632176,0.246188879515269,0.172424197189449,1.67284590408819,1.05461043300122,1.83280845765603
-1,-0.5,-0.2,0.25,0.7,-0.693147180559945,-0.521998273765759,-0.214567670500618,-0.22033734389326,1.63167640220617,1.46759475358338,-1.5246186042339,0.158970662375084,0.170246551316326,0.140595164034177,0.659543444450171,0.504206558101353,0.138361665271499,0.80857468319491,0.190201382537532,0.138097255723343,1.22750501813957,0.875290804278272,0.911402899100618
-1,-0.5,-0.2,0.25,0.7,-0.693147180559945,-1.73604394835939,0.120733518336357,-0.267422362288048,-0.588676757610487,-0.0120738994046611,0.230194856844176,0.124516596590487,0.129677850987137,0.137302851819724,0.210278015797253,0.215610613928945,0.198783668628221,0.396598500009161,0.166387435244816,0.176398970820613,1.86654819341034,0.246186077857766,1.85467878877674
-1,-0.5,-0.2,0.25,0.7,-0.693147180559945,-0.833506859954758,-0.417175301438416,0.0426496294664843,0.630164459123718,0.239170684702709,-0.802047331679498,0.143280010133976,0.1374704020964,0.146925186673665,0.326570353344751,0.331000714927577,0.163235307562152,0.594145385456086,0.159447168925872,0.158317088080566,1.05656923040426,0.490893473419513,0.9461389609531
-1,-0.5,-0.2,0.25,0.7,-0.693147180559945,-1.01736994883602,-0.854860451365999,-0.00360299804817349,-0.541313098224174,0.459566819658938,0.535125324054835,0.133296665002025,0.141865914782982,0.13647704195145,0.216333844552249,0.218815404878387,0.192591562377847,0.220553939430117,0.147266576863699,0.128698065127467,0.788181045933283,0.341138085498535,0.732434393795111
-1,-0.5,-0.2,0.25,0.7,-0.693147180559945,-0.283765670909784,-0.421609053409055,-0.0237916651077471,0.706871694686473,0.840689461138356,-1.70929972532836,0.168951193550737,0.181322714857826,0.157010046278295,0.380413253808666,0.348294237890963,0.166854021114235,1.08781323500598,0.202541182809994,0.203120485676824,0.878904112369593,0.630944886993188,1.25607685316831
-1,-0.5,-0.2,0.25,0.7,-0.693147180559945,-1.18757725344891,-0.643576193859667,-0.223296521196184,0.158088726825984,1.00490299965909,-0.20504498808967,0.159083094743108,0.168924996286963,0.147552289511397,0.288075085014137,0.267738359093684,0.159458472972155,0.308439352997045,0.163300013423635,0.142960413832987,0.56169754031452,0.379266302385134,0.506556400694153
-1,-0.5,-0.2,0.25,0.7,-0.693147180559945,-0.96440935917062,-0.477467326263622,-0.195247980948347,-0.106333822423885,0.415512797318404,-0.686493601411,0.169981724317785,0.172385886278773,0.184321266183148,0.250333047120605,0.253613264170492,0.19440996351786,0.64482006695918,0.279877085567864,0.188254451717083,0.887849719606596,0.533194946567167,1.06511633473155
-1,-0.5,-0.2,0.25,0.7,-0.693147180559945,-0.428274562484666,-0.309724770125889,-0.421899500083154,0.240253192052399,0.186353200583486,-1.40322475961138,0.179956762262615,0.183995017284621,0.16142653956066,0.28038902712187,0.277417946225455,0.197006376068004,0.929686644825909,0.223807346663658,0.213661959989698,0.547730262541928,0.379393780906736,1.12624315474936
-1,-0.5,-0.2,0.25,0.7,-0.693147180559945,-0.680756758113648,-0.845272721273647,-0.187113781947609,0.84160920681425,1.26872978251053,-0.864090423228401,0.171140626096957,0.189132705828079,0.136093510093432,0.404301351131853,0.351048136814719,0.155968690259676,0.487345612429998,0.188631659178994,0.128746405612476,0.774449231139596,0.571995610290492,0.637835534342355
-1,-0.5,-0.2,0.25,0.7,-0.693147180559945,-1.16972785279379,-0.555281759563356,-0.0314336584521613,0.512057718175709,0.736202061812747,-0.449507068310488,0.13613202451792,0.142912384013609,0.124831738600276,0.329119223843829,0.303337799950517,0.157136666384574,0.339322053185202,0.167662755092407,0.120299718204604,0.667929356398622,0.397000210002043,0.546381246260286
-1,-0.5,-0.2,0.25,0.7,-0.693147180559945,-1.07542403934351,-0.451450497936957,-0.0493624006970451,-0.119064713015514,0.0126947129708017,-0.359344100485758,0.151092679656623,0.148814914472436,0.18461090792492,0.233321127989308,0.250055437129511,0.183765940078474,0.340686769455601,0.176721989627854,0.190941719590243,0.450400795124724,0.35869247981222,0.544606831768837
-1,-0.5,-0.2,0.25,0.7,-0.693147180559945,-0.847126492691355,-0.934495591514037,-0.248340134453321,-0.0912219085954561,0.610405178409893,-0.241044285176619,0.201876388767946,0.186848306487589,0.141409325093771,0.251358877893685,0.243070006537179,0.189776025421323,0.443192239388898,0.177140009875265,0.161261379985179,0.585594608512306,0.294042692996442,0.737935827584859
-1,-0.5,-0.2,0.25,0.7,-0.693147180559945,-0.779433468556629,-0.217069013869882,-0.268566185512724,0.417094387150014,0.0178976482833905,-1.07600105500816,0.161991328344204,0.17402636329239,0.162729508164734,0.293903887295919,0.310481458567935,0.180117190682705,0.722397951000914,0.210654183071357,0.185993660987823,0.693613909257846,0.456838308529013,0.976754773848238
-1,-0.5,-0.2,0.25,0.7,-0.693147180559945,-0.793266933021769,-0.409752008306754,0.0475284608391073,-0.397685841003023,0.623606953070196,-0.845191560531891,0.208893031366784,0.219022901710612,0.186709933986688,0.224555655619637,0.2225527910987,0.214363855024884,0.784002720437616,0.251955958325058,0.209576858539096,0.694020979347983,0.377110179272202,1.15478040648387
-1,-0.5,-0.2,0.25,0.7,-0.693147180559945,-1.00656229544195,-0.460213629788027,-0.0929075184969368,1.59359865394409,1.14336223525715,-0.885208999500171,0.124292532024365,0.130334277071794,0.123104484477485,0.546013574156255,0.49413623337757,0.138623029605715,0.482118462629743,0.155481425876481,0.127612425336406,0.982357615285914,0.706487443685043,0.619966214581448
-1,-0.5,-0.2,0.25,0.7,-0.693147180559945,-1.63857398039548,-0.346845927723124,-0.154178512991793,-0.923833141431876,0.486473849868162,0.770651143500607,0.116608604693751,0.123237302378283,0.121058626520295,0.190027538575352,0.197588998508296,0.182817726870403,0.179686957723168,0.151164026004607,0.196569804176233,0.837946985676231,0.335654338542446,0.767737684397678
-1,-0.5,-0.2,0.25,0.7,-0.693147180559945,-1.72765853811137,-0.375897711201713,-0.0216794128841822,-0.333663941472323,0.65998985368626,0.197193709396031,0.131017736190366,0.127320899380198,0.132620868058458,0.247323094044396,0.233725846077617,0.177371919812462,0.205719422316493,0.134191191126239,0.144411305040173,0.747544070917868,0.370659930304101,0.587649409980981
-1,-0.5,-0.2,0.25,0.7,-0.693147180559945,-0.930214405003163,-0.624070670097877,-0.15146927043411,0.631055844957155,1.34742143091591,-0.679242130268495,0.153509603305728,0.168121792905986,0.127735496152843,0.398642283578521,0.360773632989189,0.135025898820565,0.49056976220587,0.186922762522714,0.134121340802221,0.810402162574262,0.531509665468789,0.688957306403826
-1,-0.5,-0.2,0.25,0.7,-0.693147180559945,-1.11170049401877,-0.737699441397745,-0.131636417972712,0.26626002870465,1.1711708130985,-0.298108639501513,0.142588727687394,0.13743999021893,0.11884473624262,0.323497018454784,0.298399027010183,0.161381422151834,0.31955925260687,0.16518460801546,0.149996969687055,0.834120391761583,0.497541622533402,0.617827262970078
-1,-0.5,-0.2,0.25,0.7,-0.693147180559945,-1.24369612608659,-0.474172502798946,-0.447113751302141,0.362547369092899,0.880137977339668,-0.179798596963525,0.129381329795354,0.118935931199001,0.112713777709691,0.338770256612824,0.348106124638906,0.154354932557081,0.298178689668796,0.164795161485283,0.124533990523294,1.16726511208238,0.601037669945973,0.747130015556794
-1,-0.5,-0.2,0.25,0.7,-0.693147180559945,-1.50641036627816,-0.220985911141643,0.00211682135140565,-0.0752007039938402,0.701905262367221,0.166163773585843,0.121471110639502,0.130912651212615,0.125793613562884,0.27454795870755,0.28727785996757,0.167177427995101,0.227307487090924,0.17193862002678,0.128887484042042,0.8318430990542,0.386899814407365,0.655644873185506
-1,-0.5,-0.2,0.25,0.7,-0.693147180559945,-1.17698545434032,-0.357030449458939,-0.405330211152233,-0.346903661803999,0.243542633480391,-0.242733151480955,0.148486288644553,0.161280827784154,0.178811020000014,0.215139150217915,0.231254543354763,0.195776406213832,0.41262877258257,0.194415803064675,0.195532608176683,0.6639316504112,0.263522453072749,0.833690006798555
-1,-0.5,-0.2,0.25,0.7,-0.693147180559945,-1.67768281533139,-0.883260035659057,-0.28939368535141,-1.27572880992555,0.768753156992392,1.15267963242641,0.109538962345764,0.109357008315147,0.0901030227435901,0.172228889868864,0.172216272203683,0.171043301130466,0.123238008104172,0.118012007665283,0.107633785789977,0.41529356552074,0.225460676808391,0.374184958560418
-1,-0.5,-0.2,0.25,0.7,-0.693147180559945,-0.798562495252593,-0.735318819253103,-0.1656628924865,0.890350133372797,0.440605389421677,-0.845130878370086,0.151073635755041,0.150782983504714,0.150607133345345,0.380730641020101,0.380667853540976,0.158357549981751,0.575837151169824,0.188099440182656,0.157886514654436,1.13106549759991,0.56587039344041,0.893869324079894
-1,-0.5,-0.2,0.25,0.7,-0.693147180559945,-0.99334109032153,-0.573749232137376,0.194070919731443,0.123191814567024,0.562444461711576,-0.714273227570976,0.171142325344005,0.180904060047651,0.158433650008332,0.267106920017038,0.250623068451532,0.18024558386883,0.557167030533418,0.229280858970936,0.17019001610751,0.682075411296193,0.328024313974136,0.903090007734589
-1,-0.5,-0.2,0.25,0.7,-0.693147180559945,-1.29158736156309,-0.436739328006349,-0.238669106083487,-0.169249602832732,0.424023167597316,-0.281062429936367,0.15494819573684,0.155669340844225,0.126321536888814,0.246578246824153,0.225683887966754,0.194047866659635,0.54347045668659,0.218968972316656,0.161838843568892,1.19913410927606,0.388373370172949,1.23490603409052
-1,-0.5,-0.2,0.25,0.7,-0.693147180559945,1.16411557021731,-0.148944011313345,-0.504409457400564,2.23147884097973,1.2748457909234,-3.65909909541135,0.16256258365583,0.161309292689318,0.162942168942273,0.804356106873185,0.753372351433126,0.161555292981755,2.51040911089921,0.211797666911478,0.171025448855393,3.35262992203584,2.33903321554815,2.61204613084287
-1,-0.5,-0.2,0.25,0.7,-0.693147180559945,-0.991480509550025,0.017404731269676,-0.464032707191297,1.24129248851104,-0.0644768204970799,-1.04269983502534,0.134068187018228,0.136745896562947,0.140007116136985,0.424629376981737,0.427671836031179,0.146022452989982,0.625717653815588,0.161611138528104,0.130278154600044,1.33607375962207,0.667962666119789,0.8956100895586
-1,-0.5,-0.2,0.25,0.7,-0.693147180559945,-1.17309787822189,-0.181841663982576,-0.152859243910895,0.0175433867202681,0.667581539689313,-0.555547794355005,0.154629207567099,0.148990855473142,0.193135763993627,0.259184862167201,0.259702586510237,0.177636767445922,0.477394059992237,0.188816501895981,0.159704110936188,0.642664023392747,0.339764638494115,0.798615796049027
-1,-0.5,-0.2,0.25,0.7,-0.693147180559945,-1.00767775815628,-0.523776606700718,-0.269099119737311,-0.109783245299802,0.562740285979047,-0.44373100540055,0.163666109339814,0.158506545314608,0.168885741446668,0.250196193522223,0.239735469459353,0.193145782209736,0.498801132540904,0.186580083808647,0.181975674813245,0.774514079062709,0.292490037005069,0.923939192220415
-1,-0.5,-0.2,0.25,0.7,-0.693147180559945,-0.754887894129757,-0.571775579788622,0.0946235512038049,0.301374866676454,1.03312985582893,-0.573442173394892,0.166600585061295,0.197750518506232,0.14949376661062,0.330001239093908,0.267343564661767,0.166812948898166,0.427113688198147,0.212935075186542,0.151546816541675,0.627620673321167,0.379237967188015,0.616551743486891
-1,-0.5,-0.2,0.25,0.7,-0.693147180559945,-1.48469914044626,-0.414544592348256,-0.255677481605947,0.280560780171596,0.295547809559343,-0.264602141703479,0.122275253192704,0.127578768950325,0.118213996926268,0.26498556146893,0.257478648842592,0.16334110983572,0.319042158586906,0.135460269442349,0.124081857878148,0.574593735027643,0.381847197972706,0.564119631008712
-1,-0.5,-0.2,0.25,0.7,-0.693147180559945,0.767239227711668,-0.404115912375926,-0.339581021738905,0.98295859975855,0.721000694545353,-2.56998175916409,0.182042008388265,0.195552785383662,0.17281059240992,0.382290690497978,0.364185293062779,0.180180976860506,2.7507170836335,0.334762539146408,0.213585622067628,1.79389679732147,1.4321554631454,3.0173287224
-1,-0.5,-0.2,0.25,0.7,-0.693147180559945,-0.711772959321832,-1.15888761207367,0.0124965176679758,-0.990834124337144,0.540661600167895,0.327008820234381,0.222384999491126,0.250016669695099,0.166082352513316,0.186425095864801,0.181864351163823,0.23275859874124,0.296403847627929,0.320544195868945,0.22429600273015,0.700422318050455,0.222289658913687,0.863436862343559
-1,-0.5,-0.2,0.25,0.7,-0.693147180559945,-0.929724060711124,-0.388949877948928,-0.214957476534056,-0.0538894021145116,0.50361227897796,-0.697137462678455,0.170459523848101,0.1551205892456,0.163474464393776,0.258586126189649,0.271867593471824,0.192089967298117,0.519201682288834,0.180157076472892,0.17186704373827,0.579650616038488,0.399170683220882,0.768663333257675
-1,-0.5,-0.2,0.25,0.7,-0.693147180559945,-1.19776351175065,-0.413403874355241,-0.00244668344807052,0.384159920421032,0.437647437584311,-0.896540139931439,0.153645817156278,0.147026973666048,0.149998651532392,0.298742909138954,0.302801373597865,0.172540412340817,0.609890514418363,0.178687572738358,0.175345705776443,0.743375762608314,0.429860568186551,0.891708039541952
-1,-0.5,-0.2,0.25,0.7,-0.693147180559945,-0.780750211697302,-0.431867279000359,-0.0359570969193198,0.0980261790331918,0.926060304637104,-0.994380405043897,0.202557505225347,0.222422587131102,0.165830438680555,0.291264508004662,0.270024261783325,0.180271992481658,0.583626392095813,0.239392267544727,0.184167403120101,0.494418186713332,0.404440889569561,0.752532119542778
-1,-0.5,-0.2,0.25,0.7,-0.693147180559945,-0.10052469325942,-0.433745461888008,-0.0660637674081337,2.28418606153912,1.62577301840318,-1.81753604521219,0.147708610651899,0.171030440636937,0.145785900753208,0.823934463841349,0.55350927527086,0.127909486536332,1.1181803393786,0.254563739795017,0.197669155757929,2.53596469316425,1.31669430402645,1.28342402859457
-1,-0.5,-0.2,0.25,0.7,-0.693147180559945,-1.40049795483603,-0.291660064082739,0.0207360487545085,-1.16212727633757,0.254874672474266,0.562058190302847,0.143949294904766,0.18304939556254,0.143003005866862,0.174474767474381,0.180253516570985,0.217012941924088,0.209898240026063,0.19018985744759,0.165356985647922,0.541163238334247,0.237379473079616,0.636634179291002
-1,-0.5,-0.2,0.25,0.7,-0.693147180559945,-0.813556455315851,-0.566100628247878,-0.515722400951169,0.616505778492039,0.277493839230346,-0.813326934379852,0.14370963926556,0.141591416877526,0.151102414281569,0.307698326960562,0.336971351967033,0.159388007805747,0.621331979280497,0.165495816413868,0.16761848433691,0.844182756220711,0.504877119977557,0.91696984464236
-1,-0.5,-0.2,0.25,0.7,-0.693147180559945,-0.141692073122285,-0.557416891548473,0.123327914983222,1.3236819347018,1.60058319825694,-1.24561955751017,0.180872597217087,0.186874137934523,0.173398225873121,0.621486310837654,0.49691721356056,0.138180128255171,0.653639334222445,0.209317517294774,0.212177312313624,1.16223821967919,0.82522722996372,0.777012796035098
-1,-0.5,-0.2,0.25,0.7,-0.693147180559945,-0.695856531005357,-1.04276764469592,-0.301352387810301,0.278249924662266,0.746057128549204,-0.709791680001879,0.178499633017493,0.170766174691405,0.159464505061294,0.317113660296727,0.305906784184398,0.178389618789386,0.856464329102403,0.214377249986206,0.182447550949864,1.5879186469205,0.852067361992002,1.4800361779432
-1,-0.5,-0.2,0.25,0.7,-0.693147180559945,-1.11552622668564,-0.563890578374833,-0.148691172776326,0.310013438398115,0.0229985470213766,-0.520112625482646,0.136766802294263,0.140282904223629,0.134074679444633,0.291562897422294,0.27734311984445,0.167086354511362,0.401152422549998,0.165590172439308,0.148600798355994,0.835144384992698,0.442755737653301,0.743891977573303
-1,-0.5,-0.2,0.25,0.7,-0.693147180559945,-1.26588904420401,-0.201652821598439,-0.0717445407487363,1.11450434818292,0.891218137981306,-0.794317624309801,0.132144822961787,0.138016179305298,0.131423077516954,0.446251655474995,0.387724436094035,0.140507196778683,0.455388256747292,0.177566142346275,0.150220987745844,1.13044865705407,0.631499339832436,0.688186754651621
-1,-0.5,-0.2,0.25,0.7,-0.693147180559945,-1.27425580749202,-0.195952799824506,-0.200059681822088,0.155440987364532,0.46928534408508,-0.611554707344175,0.149738205200334,0.163404832883422,0.143059228725021,0.277027015926929,0.250992337784535,0.181760400480105,0.527410311029185,0.189512381728737,0.163230680854391,0.849154052682874,0.359785235248273,0.915488267339061
-1,-0.5,-0.2,0.25,0.7,-0.693147180559945,-1.02717591239812,-0.363316504500345,0.0417118851437797,0.0725871268331289,0.953984594585734,-0.472473217569423,0.16365352197232,0.150917224280724,0.147414585011773,0.308070690585859,0.299537532720675,0.169251241400698,0.442910058038663,0.180718456032627,0.184018391951302,0.571392060712115,0.443645565629717,0.655069023368785
-1,-0.5,-0.2,0.25,0.7,-0.693147180559945,-0.798072773375819,-0.283645089387411,-0.349887250923638,1.43281950893183,-0.0508310826299157,-1.32769733313215,0.139079944954482,0.138343496091484,0.143140654646763,0.437157599669423,0.418420559886282,0.14584260956903,1.05473097033677,0.18152637944281,0.145651026861179,2.21029360421041,0.780356443775695,1.46368413590655
-1,-0.5,-0.2,0.25,0.7,-0.693147180559945,-1.49245700382614,-0.535543163454972,-0.0626325157985197,-0.247398426785523,0.471567307433793,-0.0136450981825718,0.132996987682403,0.127134817777814,0.141095114942658,0.23426998476665,0.241022782940041,0.184060163919536,0.262043618683261,0.148372596722146,0.148668127883164,0.523087955146491,0.325776874062796,0.53425591849607
-1,-0.5,-0.2,0.25,0.7,-0.693147180559945,-1.32764199332917,-0.410199668362081,-0.0245016887153569,0.308584638461469,1.13103860679676,-0.130173286651192,0.130280690150083,0.127902919372735,0.112736113624302,0.327137484338525,0.327788670111973,0.146748684325291,0.276242357956943,0.150300907841233,0.117541848504749,0.661196166557045,0.455721447754127,0.502358230550196
-1,-0.5,-0.2,0.25,0.7,-0.693147180559945,-1.33550849955186,-0.45699634908014,-0.188375590938859,0.618302885397287,1.21181424449177,-0.635455356397344,0.152508589223018,0.160464945981298,0.13322115419209,0.375455031816211,0.319062675218842,0.154398869763587,0.440009016200648,0.18568318753083,0.137946891119582,1.0578300493119,0.561427508604013,0.726508247974697
-1,-0.5,-0.2,0.25,0.7,-0.693147180559945,0.125563676871714,-0.33388439793088,-0.537264649486809,1.96692291878274,-0.57985078247767,-2.24714911709723,0.153956317012231,0.170642620842412,0.144528607974225,0.613154696906125,0.606538623541299,0.150899231158121,1.83509806329422,0.254539151708495,0.203217844240747,3.00028904367552,2.22853702491641,2.05924693992285
-1,-0.5,-0.2,0.25,0.7,-0.693147180559945,-0.945782773658058,-0.885458178847071,0.0792397813109475,0.395649683283283,0.995843342150389,-0.419035797318837,0.161673608076203,0.165009334124784,0.131737752079583,0.351026044268495,0.331091079152612,0.163049967112639,0.388537390605466,0.19394017199231,0.155241450755862,0.83543411994139,0.543119846161967,0.654490496033752
-1,-0.5,-0.2,0.25,0.7,-0.693147180559945,-0.914459016188068,-0.705846261504074,-0.0434995908485364,0.543638803371092,1.22962632453845,-0.625872957499239,0.151352504921899,0.153827223720419,0.120240177837922,0.375331450670898,0.341471192277681,0.161342721840461,0.433033897590685,0.188537860538828,0.137489865395101,0.794139058462674,0.505839729527806,0.665518631491001
-1,-0.5,-0.2,0.25,0.7,-0.693147180559945,-1.57171916131525,-0.414357178687688,-0.293328409219761,0.230325316791698,0.934820453497554,-0.374873187457012,0.146762989208207,0.15278979397669,0.157449147022637,0.310878869369058,0.295448069576815,0.166880172052368,0.31888537003667,0.174797439743896,0.165687276231694,0.630196590071452,0.435510492775232,0.525555004338598
-1,-0.5,-0.2,0.25,0.7,-0.693147180559945,-0.0371307084249009,-0.576967957087522,-0.178028704964329,1.64228536351677,1.22291569173508,-2.12960046292561,0.171877819659414,0.184382623103,0.16104521636253,0.610836081474881,0.471158517491959,0.156844799327988,1.443005684705,0.224267252496742,0.185558525931363,1.43198630848286,0.929895882885398,1.56766896139476
-1,-0.5,-0.2,0.25,0.7,-0.693147180559945,-0.760275335836134,-1.05551587568498,0.0898580595671902,0.351976133998489,1.27546165293073,-0.77076731284221,0.175348655694739,0.160627226235851,0.148454705522858,0.340806428293194,0.375401111402557,0.172876974231772,0.534488734440873,0.205825858417864,0.165800681660211,0.765597289191666,0.474136755300927,0.820705119687502
-1,-0.5,-0.2,0.25,0.7,-0.693147180559945,-1.35359501191654,-0.364161170746613,-0.0653612522000898,-0.188003865612426,0.623089962623682,-0.37437264757528,0.166311277086355,0.189986438488163,0.157882156581928,0.248169605134962,0.22822139473191,0.186591207837368,0.399492515805547,0.222443979562327,0.163541107972822,0.7187259942223,0.297285292771304,0.779306907044429
-1,-0.5,-0.2,0.25,0.7,-0.693147180559945,-0.902764424050515,-0.537388195690462,-0.169325579205623,1.03831538066783,1.45436497409101,-0.79616305687329,0.145641901449261,0.14143319329202,0.130940444700469,0.499457892348265,0.451096569724972,0.13494934636536,0.507443977723474,0.162163575405466,0.13999383361839,0.764433812322078,0.590120725976215,0.662164407946125
-1,-0.5,-0.2,0.25,0.7,-0.693147180559945,-1.19426245004993,-0.573233856175876,-0.503650849230651,0.274942180417274,0.957530497733583,-0.278182958147854,0.144806657958678,0.143520777538704,0.130627704176092,0.329396544382126,0.291651298176541,0.167542017513287,0.301501826146003,0.174450115228639,0.139424610891462,0.823021494894909,0.434836751623036,0.606772312583637
-1,-0.5,-0.2,0.25,0.7,-0.693147180559945,-1.45931464991317,-0.348967135012418,-0.237141420771677,-0.298139793698994,0.465502002192658,-0.0514389602475456,0.141999591346303,0.168035831172081,0.141412347423804,0.24936237378775,0.240268091211088,0.189991048877116,0.40534239793115,0.201767919638092,0.163865143825235,1.18852336631936,0.377231180246194,1.14750104590807
-1,-0.5,-0.2,0.25,0.7,-0.693147180559945,-1.20512886140533,-0.594408513117009,-0.303102651044334,-0.324823229721922,0.66272359842521,-0.355305649112535,0.164461500244096,0.159284069574944,0.167871409308706,0.23721674993373,0.239598412932077,0.196951302295439,0.40718754809021,0.219517147435682,0.18028852773767,0.649061192738257,0.321523975180136,0.795705632826798
-1,-0.5,-0.2,0.25,0.7,-0.693147180559945,0.50080082605337,-0.598259366209408,-0.359649827723969,1.05630470063266,1.34166397934911,-2.6646208396094,0.196381158276132,0.211312964363436,0.166395094663382,0.454434838497366,0.366240485091461,0.179394634618469,2.76021909386794,0.274738135399148,0.211744480998317,2.11766052423218,1.42135031584114,3.06351473560917
-1,-0.5,-0.2,0.25,0.7,-0.693147180559945,-0.412937527459554,-0.650836314744564,-0.514229538264656,0.796247443863627,0.605052640007554,-1.34348309153863,0.157777103249689,0.161895662815573,0.156228901459828,0.340573816457263,0.318781477391138,0.165761066578377,0.85060978901456,0.200427562010907,0.168109531061646,0.802103662691045,0.497520876798271,1.07311601702738
-1,-0.5,-0.2,0.25,0.7,-0.693147180559945,0.0403466802786326,-0.772738890398035,-0.282664411260065,0.392528049947365,0.889607137693643,-1.86881880702536,0.216044783655024,0.242486319561026,0.18282897416814,0.307748667252618,0.277870794526574,0.192629554294671,1.4852079488446,0.320777604029902,0.191263708328471,0.732958386164413,0.511144166069689,1.6985162149035
-1,-0.5,-0.2,0.25,0.7,-0.693147180559945,-1.16994588446254,-0.495762665621991,0.0699062086046,0.397616953503475,0.798018043408998,-0.39298798505042,0.141022551274424,0.138589522736528,0.133327988082675,0.319337990280919,0.325085262309256,0.166149870869688,0.385934199690307,0.168822680777648,0.137326834657735,0.915619358084612,0.596507389549488,0.686680576329387
-1,-0.5,-0.2,0.25,0.7,-0.693147180559945,-1.40524885886138,-0.638856312711746,-0.147491832092277,1.60097668600322,1.29759501535695,-0.48342213145781,0.126413610390292,0.150868948039301,0.126801865268292,0.610004074714451,0.424369721905558,0.128854851602971,0.321013617796258,0.169197318055474,0.132467662519281,1.2875962061923,0.790253543978957,0.440739541667514
-1,-0.5,-0.2,0.25,0.7,-0.693147180559945,-1.31651561786909,-0.622061482589606,-0.114946467577983,-0.266612907613768,0.540441869196108,-0.00268705346457892,0.145701726496801,0.149463160107581,0.124970254016218,0.244922170214311,0.231739259636057,0.187683045249742,0.295900600392234,0.155495427460654,0.134497700792032,0.640963407578979,0.341077121466587,0.613851307763
-1,-0.5,-0.2,0.25,0.7,-0.693147180559945,-1.02720333776563,-0.674314976161871,-0.308195882989734,-0.360936960475108,0.873679189038308,-0.0286029786839476,0.168657730864338,0.157716158210536,0.117812386391121,0.238886791896542,0.254533850925459,0.186541744492078,0.341061813468739,0.171518244825528,0.137754158716514,0.724132796216194,0.401289319363062,0.752472709428837
-1,-0.5,-0.2,0.25,0.7,-0.693147180559945,-1.54877384418837,-0.692010793191977,-0.183948400918855,-0.289543374911849,0.692023703432721,0.134216031830125,0.13427075549944,0.138870836053268,0.124158761365643,0.248938823884215,0.238351211890315,0.177607102558332,0.229727405829595,0.151686872137342,0.142827465599318,0.635933028366921,0.367978396872832,0.537153481103654
-1,-0.5,-0.2,0.25,0.7,-0.693147180559945,-0.936909111259566,-0.775341544302759,-0.386962829999437,0.627307978302551,1.08197143380386,-0.746953627519153,0.164244573987534,0.18314538443916,0.138728019282769,0.36876579321038,0.30335094364946,0.157449217583559,0.460055982591808,0.194938139167752,0.136991618640748,0.822934801332328,0.581747364977445,0.638035280275777
-1,-0.5,-0.2,0.25,0.7,-0.693147180559945,-1.21665389034356,-0.447840249527506,-0.493729270957754,0.773252601677433,1.96098375456138,-0.0378907710717097,0.131347447220009,0.128711105367104,0.119005704203264,0.487752583869552,0.483096318776519,0.0972590171243351,0.260274783744769,0.160141535408263,0.126300035265698,0.754533806952352,0.699726396289558,0.413676883517887
-1,-0.5,-0.2,0.25,0.7,-0.693147180559945,-1.62512349354611,-0.455771978322523,-0.185660365077778,-1.45262740795943,-0.0207720666976029,1.38939870144406,0.0927292511727475,0.0838694261713222,0.092249237729913,0.156983252011691,0.162938814063615,0.168455459435542,0.101592644806122,0.0994734453697186,0.0971708489872803,0.445659546893253,0.18765457478916,0.432360222664163
-1,-0.5,-0.2,0.25,0.7,-0.693147180559945,-0.264933570735295,-0.562390515016116,-0.0671376011081724,1.53341620244082,1.49289490146256,-1.69459937564943,0.168285260071088,0.171921789291234,0.162697097456475,0.620587648001394,0.570658468360609,0.149928468836522,1.19335700220177,0.232419539240074,0.163411826559583,1.61808732447156,1.14251642380478,1.3999261871299
-1,-0.5,-0.2,0.25,0.7,-0.693147180559945,1.42501916006893,-0.612039095073252,-0.0617051430954102,1.7717666593284,0.657049952265013,-3.50378077320014,0.168499459205415,0.169907975745114,0.163995534419009,0.563738641849016,0.532069486696658,0.165835031479623,2.56347173998052,0.206200776890955,0.183427528823152,1.50606463862003,0.883957682053777,2.65796536477653
-1,-0.5,-0.2,0.25,0.7,-0.693147180559945,-1.12916565247034,-0.561361245359316,-0.195303367040197,0.367156308421396,0.902084785633058,-0.229967434124924,0.134976896843898,0.130704125681835,0.130937658210719,0.331349188929281,0.328428248715985,0.151698294940174,0.346180321022928,0.170805449464843,0.136012040858142,0.713080561254479,0.51031172447529,0.589157512577655
-1,-0.5,-0.2,0.25,0.7,-0.693147180559945,-1.27845264918123,-0.607607094573197,-0.0473606879177442,-0.329072175958043,1.04344556160811,0.532225581020122,0.130237267578538,0.118689012589888,0.0887291832369313,0.269656233068063,0.277590945841074,0.171675554758681,0.168094436043105,0.160236374467839,0.0989251902305158,0.723360037032089,0.365837544658861,0.527057511840771
-1,-0.5,-0.2,0.25,0.7,-0.693147180559945,-0.836927004736425,-0.33178025362489,-0.14843273315414,0.593437460864901,0.341760961160178,-1.24216305555333,0.162362818978736,0.16197993452536,0.162911003585897,0.316326236382043,0.33393101069202,0.173319139716805,0.863602550062812,0.221122324101902,0.161247871121183,0.825365453949623,0.4589501292976,1.14711625953578
-1,-0.5,-0.2,0.25,0.7,-0.693147180559945,-0.606236612155314,-0.663507878892784,-0.267363023354964,0.409985989359879,0.926274521973065,-1.20025638078278,0.174448092216599,0.169850353618677,0.15871940531321,0.33585356415081,0.349797915354168,0.173791187120213,0.674143241966889,0.206635874093865,0.169051321404124,0.776372932822363,0.663785955362335,0.861233276813615
-1,-0.5,-0.2,0.25,0.7,-0.693147180559945,-1.02641444908789,-0.49070741056183,-0.138409966719488,0.282194834978879,0.628834232703629,-0.811014075639715,0.159243841985235,0.176307075330516,0.133819935128074,0.341605421450152,0.319386448357074,0.175622436020824,0.638768157281596,0.251104836448968,0.185253450030463,1.14464278658595,0.666864449328237,1.0738721196927
-1,-0.5,-0.2,0.25,0.7,-0.693147180559945,0.0473235031338286,-0.539440764644452,-0.27837502739108,-0.114281028689686,0.448309724338564,-1.90014682757751,0.207067637273951,0.200165831116488,0.21789664356293,0.235313132064776,0.226133383601785,0.21566371278905,1.64389586636156,0.268132497941102,0.217766867786713,0.518479586705573,0.259101711599254,1.87276357543615
-1,-0.5,-0.2,0.25,0.7,-0.693147180559945,-0.877638788499256,-0.711842257428403,-0.239361858834243,0.321482057451997,1.02338943363517,-0.736056612891412,0.158912361284165,0.157411798186023,0.151812672769805,0.312677956583964,0.284293745218295,0.170476059409009,0.517517988791369,0.180835741737892,0.152579289755461,0.701172143004375,0.408347785988205,0.765033817924695
-1,-0.5,-0.2,0.25,0.7,-0.693147180559945,-0.933501958149034,-0.695408692042483,-0.318439509849283,0.575915146732843,1.0578247071909,-0.855641782498344,0.162898599731694,0.163469026063997,0.157908870460823,0.365584927703955,0.321049583669408,0.167152443534992,0.526942427921454,0.191333538217648,0.163649727668749,0.888526922367172,0.522263265490196,0.767561393020749
-1,-0.5,-0.2,0.25,0.7,-0.693147180559945,-0.277142769099928,-0.593952629512631,-0.198369186240935,0.623442692534495,1.18365462896559,-1.44400333298878,0.195127351213676,0.191834964089277,0.175944896727148,0.365845870334963,0.33690626596878,0.17768584338833,0.926810585280919,0.225624799066468,0.207029642798415,0.740005139183349,0.561666820047254,1.08303740774487
-1,-0.5,-0.2,0.25,0.7,-0.693147180559945,-0.856772502964315,-0.491738257286595,-0.21655853685587,-0.0372765938683288,0.957143364014639,-0.741304002426676,0.191862813041465,0.185987051026238,0.153091102479387,0.270090576452681,0.267255283364955,0.188505758337996,0.544366918692101,0.23668148437446,0.169430369799698,0.540048053888229,0.343032844157881,0.798427949593625
-1,-0.5,-0.2,0.25,0.7,-0.693147180559945,-1.36618815701958,0.0663098752229513,-0.164264713465915,-0.538891079695626,0.255278883226898,-0.0670340036559863,0.149520411531691,0.158967757305797,0.165521084812328,0.210176846048337,0.2172997556106,0.204984741908742,0.301187116116891,0.188981302912347,0.191080740441975,0.487664257403728,0.261721337670122,0.597838621430531
-1,-0.5,-0.2,0.25,0.7,-0.693147180559945,-1.35368183617315,-0.365997433063403,-0.167118876305913,-0.535605590186872,0.853362777978959,0.279887310522348,0.143654286795066,0.130856660285431,0.120980786636515,0.245621712487728,0.264987483789863,0.194080299380249,0.235997794633397,0.14116935032252,0.126454001232347,0.599416431006036,0.41719519052226,0.545622133488952
-1,-0.5,-0.2,0.25,0.7,-0.693147180559945,-0.934756854461925,-0.467550367458546,-0.216009754570499,-0.331616486217,0.513427846723302,-0.547535611722936,0.173911134252566,0.164985904294344,0.174067193573925,0.233728289047336,0.222568107468335,0.20826291372324,0.50740547949397,0.195479870582014,0.21339515582685,0.617201585824736,0.298762745809346,0.857942274167402
-1,-0.5,-0.2,0.25,0.7,-0.693147180559945,-0.363342312585968,-0.895383864937202,-0.370284768179123,0.828072215114308,1.53969646978852,-1.23462325428307,0.195156307167981,0.195489224411303,0.146215502922459,0.432856846095582,0.384904558071913,0.160630606825581,0.748365885886514,0.239761601651333,0.16577432077599,0.913626776429425,0.60714085976352,0.935388049765954
-1,-0.5,-0.2,0.25,0.7,-0.693147180559945,-0.297820547831934,-0.523234283763162,-0.350678784231369,0.528355133105933,0.287952966528239,-1.20480077421644,0.171814214466012,0.190843778337432,0.204740339590175,0.321259258243627,0.309852816188948,0.187399961124718,1.42008324011818,0.412374136373879,0.250315954311836,1.58978448528908,0.639330420822248,2.10903052629538
-1,-0.5,-0.2,0.25,0.7,-0.693147180559945,-1.50751373832809,-0.239419916503829,-0.0670846703085785,0.309088401871762,0.974552429966665,0.102835725285878,0.1235606947616,0.123058985912632,0.107683789464822,0.33755229519988,0.323993003552411,0.146538361466107,0.209582478523901,0.155704487173727,0.129240620810038,0.826708223130213,0.513915771497016,0.506927259661337
-1,-0.5,-0.2,0.25,0.7,-0.693147180559945,-0.676722444765672,-0.816010446947638,0.0793932852262747,0.0520394743369689,0.767142704615135,-0.770691277130468,0.204707370881524,0.226314713507436,0.178630460900401,0.268758900108966,0.23805524439258,0.194152324678623,0.882376223354609,0.257941925782901,0.239724201656631,1.11365094448786,0.473693950557549,1.37719153527475
-1,-0.5,-0.2,0.25,0.7,-0.693147180559945,-1.44284517697509,-0.203076776166309,-0.294775782794146,0.0268622219608982,0.116971550585582,-0.0560664789823331,0.127340838831362,0.121278240762625,0.115283597293531,0.255893123504339,0.263327573856694,0.173985685553885,0.273943367542157,0.143927658634354,0.135425231847179,0.61864667689057,0.333700519758843,0.578225663879521
-1,-0.5,-0.2,0.25,0.7,-0.693147180559945,0.0204005385910372,-0.515969462012821,-0.832834206050719,2.17999498262106,0.231772864051698,-2.22218356440638,0.148553858681677,0.148109391675587,0.159747996791346,0.634227115593876,0.622322446865334,0.146620329598927,1.6074085929533,0.180579852642318,0.184661665319634,2.42477542262157,1.26293955908376,1.79009995650331
-1,-0.5,-0.2,0.25,0.7,-0.693147180559945,-0.930050873395099,-0.0980836293532054,-0.554928048908026,-0.344769630061273,0.609662689991499,-0.561899837482503,0.169666026684369,0.165636013589595,0.182884568780869,0.233371757393484,0.249748526633149,0.207456203296303,0.680993365937138,0.201572786986087,0.368060867730621,0.958889400894719,0.466624562573928,1.25668771382064
-1,-0.5,-0.2,0.25,0.7,-0.693147180559945,-0.829279144414782,-0.390164060025011,-0.376193355941295,0.398588614961753,0.745513171381656,-0.756684942530051,0.145597829669266,0.155310670035648,0.161183038876479,0.307970667075182,0.30692776349931,0.164797143361673,0.656928216111204,0.198710208516147,0.17689692110523,1.18270918315164,0.83601922998216,1.01779746391139
-1,-0.5,-0.2,0.25,0.7,-0.693147180559945,-1.07004116881024,-0.740362443464095,-0.24991121336698,-0.18036522887257,0.795363213086889,-0.0945432437653604,0.145012575135243,0.138236016479798,0.13526867399537,0.259134236317029,0.278381633497049,0.182719785684842,0.358590570544169,0.151691981676744,0.15506289502071,0.848694396697633,0.4066320480353,0.815553586359705
-1,-0.5,-0.2,0.25,0.7,-0.693147180559945,-1.06501962895459,-0.323208326385169,-0.279795485122502,0.729788091919611,1.36345358796194,-0.803193789326847,0.1503268119846,0.137851973831179,0.129748255492628,0.407118654307993,0.446323193222704,0.15994035600765,0.463187995026457,0.165521821758439,0.151212642459012,0.809376587443469,0.660939272879213,0.654036347591843
-1,-0.5,-0.2,0.25,0.7,-0.693147180559945,-1.45016367139569,-0.416041566612133,-0.213680468081777,-0.763475582990589,0.614753077676278,0.358140241243554,0.134600806817924,0.147427480567737,0.124976667438703,0.205394319148658,0.201813306268828,0.191962413874475,0.237139341828228,0.186441980398893,0.15534722247168,0.852356915701219,0.40781470494905,0.760680327658741
-1,-0.5,-0.2,0.25,0.7,-0.693147180559945,-1.24566882317904,-0.730209363081137,-0.3108960293473,-1.54946375779244,0.394683671438708,1.05114414358412,0.14013432709215,0.125505605649173,0.136119590719836,0.167834845431972,0.17485707815896,0.185249185730675,0.14679781281188,0.142334018356672,0.136001564049273,0.889490053591745,0.199149470380665,0.916573144006506
-1,-0.5,-0.2,0.25,0.7,-0.693147180559945,-1.44485835956063,-0.636120617264765,-0.259887128725078,-1.5529436699948,0.448753827253526,1.23394761791801,0.150076674298173,0.151456793518903,0.132758483916291,0.165604285587421,0.165821395947141,0.180726534765646,0.166601598825947,0.184478233041021,0.149043478912668,0.708768060563233,0.199326537992968,0.691517268854652
-1,-0.5,-0.2,0.25,0.7,-0.693147180559945,-1.09550965539167,-0.427327653095591,0.0614756567981903,-0.110897026244209,0.368109958835726,-0.418953000199999,0.152131807373502,0.15723363786315,0.16196406562856,0.251936419747357,0.251791624285573,0.190822222502556,0.471438348560907,0.174976075694879,0.169000832222297,0.755706023317306,0.390340554146304,0.866392277338381
-1,-0.5,-0.2,0.25,0.7,-0.693147180559945,-0.923312415444667,-0.445147798418318,-0.0472953596303325,0.352510287601409,0.494350425311098,-0.527394197861243,0.138713007401937,0.138414259676952,0.127338501837326,0.326265408202206,0.324340051382371,0.167341784999032,0.579377344837186,0.167305056723545,0.156518529043217,1.49228909189794,0.745546196448836,1.16362322178713
-1,-0.5,-0.2,0.25,0.7,-0.693147180559945,-1.27260447518399,-0.562040451876802,-0.171251130759779,0.496888730043097,1.05562416337739,-0.170133798305229,0.124587289472199,0.125185972642374,0.116143629294286,0.346893299230319,0.322570094790633,0.155377888728368,0.293522141466377,0.151161519966924,0.108570126579905,0.976774834812225,0.531957425316125,0.620452436858551
-1,-0.5,-0.2,0.25,0.7,-0.693147180559945,-1.1503453432862,-0.440930324652689,-0.258938898937763,-0.12449816630306,1.15665960558387,-0.231648432147598,0.156404023308035,0.160378085873548,0.132704986472429,0.282068074308503,0.269113555413323,0.174987026199466,0.32053644839018,0.180587503098283,0.12713654568162,0.57136784450258,0.398490852963749,0.532252568575965
-1,-0.5,-0.2,0.25,0.7,-0.693147180559945,-1.20451818055203,-0.335475973010328,-0.142783002131238,-0.12125214550494,0.350657096754201,-0.212264552927702,0.139356633089407,0.141553767417115,0.144593758572813,0.239450058668121,0.23784407520645,0.185443986691217,0.340733187392891,0.163317034973965,0.160177058363687,0.609870530059977,0.264929485987454,0.681014210159952
-1,-0.5,-0.2,0.25,0.7,-0.693147180559945,-0.463921171488775,-0.56283379721021,-0.123161562158473,1.07178866669468,1.04460292335048,-1.2160312734171,0.14769988275378,0.144290771104426,0.149481746422599,0.433790421838548,0.42768343706538,0.148866030277384,0.691337015317828,0.212331439529081,0.173497866066097,0.913656875255031,0.615201797126237,0.873733028468985
-1,-0.5,-0.2,0.25,0.7,-0.693147180559945,-1.51320936774669,-0.375386273725002,-0.101286486254164,-0.086777828126006,0.584811691374947,-0.115257914067552,0.131241281154861,0.128538671023562,0.117787251456164,0.271223463220594,0.249247069947282,0.176243866127625,0.274425949407198,0.149614570367005,0.135865177738231,0.761337142977578,0.343863252490471,0.658414301672918
-1,-0.5,-0.2,0.25,0.7,-0.693147180559945,-0.37205796504087,-0.411940437026764,-0.207669812392523,0.890982993198315,0.626408139242464,-1.49784812276702,0.163095288231051,0.174339488272661,0.17598449262394,0.374231595633104,0.345795734239632,0.165118181430932,1.11817237490753,0.210177122090605,0.188047445610328,1.24730113225258,0.729941080473946,1.38234712065003
-1,-0.5,-0.2,0.25,0.7,-0.693147180559945,-1.38059910871193,-0.631079915128754,-0.240361452647044,0.385325261341187,1.47269114253152,-0.26406875322627,0.142840287795467,0.145242845844456,0.116723012997098,0.390899288644627,0.369041599459359,0.154159319575994,0.306071875867151,0.162954002782725,0.137532655202796,0.923755580184915,0.662120710581932,0.537058191139287
-1,-0.5,-0.2,0.25,0.7,-0.693147180559945,-1.76004028751421,-0.339386854277886,-0.113872648788741,-0.422027026201897,0.613937573064304,0.205980208816276,0.138687452803513,0.151518707178071,0.113492996747194,0.227473864765148,0.228365864539346,0.1780678126492,0.216221950458528,0.16103781670895,0.108807924249342,0.451516625722914,0.322714725882087,0.42362220728328
-1,-0.5,-0.2,0.25,0.7,-0.693147180559945,-0.742529249886161,-0.486161487437002,-0.20851268977712,0.908418764880992,0.942487735956956,-1.24051905900479,0.1624851445634,0.164310547163862,0.148460608765944,0.408506141049173,0.406316689470331,0.16221068215015,0.97302438913631,0.203910135898872,0.187257161017838,1.46354063178014,0.781718032401746,1.34922999891498
-1,-0.5,-0.2,0.25,0.7,-0.693147180559945,-1.03886992438565,-0.307958237125309,-0.107415321847411,-0.242158789090925,0.0192477203300024,-0.41586375249335,0.146971129945679,0.142748657032816,0.135092428955928,0.23227978868994,0.232726778709652,0.196447427707355,0.406695039611472,0.168842262966397,0.156480416212594,0.614233830627358,0.297854653651954,0.770407816134736
-1,-0.5,-0.2,0.25,0.7,-0.693147180559945,-1.39212573148229,-0.558226181827298,-0.424183369071001,0.108778654545523,0.376631857752599,0.22892677391549,0.117737213312284,0.116550934934225,0.111561516951994,0.260602664900372,0.256718232255354,0.168584025706582,0.220802345689908,0.131872019029793,0.114782772980531,0.589596456640854,0.338305674760385,0.507089287864544
-1,-0.5,-0.2,0.25,0.7,-0.693147180559945,-1.41319230621255,-0.629069785552146,-0.347501736710852,0.3402327013223,0.897413311762083,-0.341809901179045,0.137525289388346,0.133737867071397,0.145534789555446,0.347248587140524,0.345241754140088,0.159438073497396,0.320781421038024,0.145305862123443,0.159139169055765,0.79068075666017,0.513986066126165,0.575322319175141
-1,-0.5,-0.2,0.25,0.7,-0.693147180559945,-1.18224430993727,-0.562938969672584,-0.124857993045747,0.014069177352933,1.07042045439294,-0.413594038184882,0.153758787936534,0.157496547658266,0.144442906529577,0.283170836686886,0.253477528013458,0.171025163118082,0.408096630020361,0.19347281192015,0.147369656327249,0.51391102988126,0.348774802891723,0.625322753193887
-1,-0.5,-0.2,0.25,0.7,-0.693147180559945,0.0398228234049342,-0.255104876409588,0.118759004111704,1.2063820443005,0.86361075729518,-2.20829445008539,0.17346897229538,0.175781289612463,0.18854354806962,0.432608115073455,0.439182233042615,0.16783412064705,1.73652558853505,0.224177960942376,0.208412850986834,1.34619609226968,1.1655944544167,1.93076429645603
-1,-0.5,-0.2,0.25,0.7,-0.693147180559945,-0.951509912300021,-0.303179428569775,-0.475900619927021,0.640391221387892,-0.0660329675740902,-1.04861566016749,0.153687137550207,0.147631375741022,0.141231266262668,0.318527804344604,0.319966708485429,0.168177472330331,0.72246859325314,0.190350021632402,0.17519184958371,0.845514083220253,0.493123696973111,0.993801646875891
-1,-0.5,-0.2,0.25,0.7,-0.693147180559945,0.562783263017561,-0.381610125080677,-0.153027500902904,3.06880664138767,0.843725586569496,-2.55157535420763,0.14349126700512,0.146933637961597,0.14224201977978,1.0061108508514,0.951616381838604,0.133936757043274,1.72057809214985,0.169871642303125,0.164450059088842,3.35876576011918,2.20200802722435,1.82067387744841
-1,-0.5,-0.2,0.25,0.7,-0.693147180559945,-0.840189552791705,-0.538137139247251,-0.0674692990877491,0.776902922977362,0.544204153609571,-0.558183301324877,0.135837676289032,0.133766748740551,0.144536284739977,0.368844880511424,0.375685006032632,0.155046831677226,0.471994575991507,0.148676084791434,0.136700140104531,0.982904752784924,0.660155663185256,0.7588067727684
-1,-0.5,-0.2,0.25,0.7,-0.693147180559945,-1.46776556009793,-0.440615656247052,-0.375757582500622,-0.343213646851384,0.0248978266081851,0.566287504174156,0.10360560887883,0.0964357409423976,0.120403487406085,0.222848018705713,0.233997956092617,0.175655320986906,0.142035582832642,0.105053894957415,0.134815750516339,0.58267783527753,0.36620212669832,0.460079546672302
-1,-0.5,-0.2,0.25,0.7,-0.693147180559945,-1.30270048356739,-0.446790443022524,-0.390364200009374,0.496483989288225,1.16707949853758,-0.346541682179115,0.151537196389772,0.14426556026122,0.131332197879387,0.369252863246862,0.362387225739799,0.155555368985832,0.317600597347903,0.160180132707537,0.133083227805385,0.934982415612738,0.629954296981172,0.583265850121179
-1,-0.5,-0.2,0.25,0.7,-0.693147180559945,-0.678233266615532,-0.741889236751833,-0.0519698308084554,-0.45964178661299,0.518663043362158,-0.303381253150725,0.184740732969146,0.168704722096356,0.163143244381166,0.223374215205624,0.232164084100149,0.218965290499811,0.443970166087302,0.211535759347099,0.222370824822488,0.549634471081419,0.284335511823979,0.76052667051272
-1,-0.5,-0.2,0.25,0.7,-0.693147180559945,-0.375813398526659,-0.121064548076381,-0.566947534708284,0.379415872085598,0.80482465264617,-1.85726999241605,0.187701644672816,0.237433271320157,0.218599787681279,0.305408289379855,0.309775757131918,0.190286840560064,1.46379685668592,0.249292983244542,0.225675575240834,0.713642296706665,0.436792650986413,1.69211583634005
-1,-0.5,-0.2,0.25,0.7,-0.693147180559945,-1.31712207559395,-0.833708267424096,-0.242094026002907,-0.253728102335694,0.842800206899676,-0.0456098597552302,0.148095001408642,0.14107099173278,0.148496870042164,0.263525163051352,0.246684662993574,0.184187911346913,0.289493423108548,0.18849798387262,0.172782716081379,0.910006847713923,0.399958886650251,0.814683782303555
-1,-0.5,-0.2,0.25,0.7,-0.693147180559945,-0.995240851156967,-0.281982076320119,0.0834983871837564,1.66775129909053,1.63392527613957,-0.842764000811417,0.133405249406384,0.128578413183575,0.126779427078324,0.65550248654692,0.601586916107341,0.13471481470456,0.481003999822763,0.168750274037088,0.152192744974308,1.62047607401987,1.10524871428355,0.694343190013399
-1,-0.5,-0.2,0.25,0.7,-0.693147180559945,-1.22180051170098,-0.748386567979542,-0.370119835661272,-1.22955637994707,0.424857397867792,0.775006281822109,0.149959163094657,0.165151170400875,0.134954131786875,0.1709715136005,0.170671449140694,0.20500165152684,0.196936910453119,0.172698595892071,0.138532148509796,0.639067741549408,0.192123511693949,0.74434542919639
-1,-0.5,-0.2,0.25,0.7,-0.693147180559945,-1.81221663277465,-0.311676937294003,0.134239545731403,-0.473529883001715,0.286302364484227,0.531393710224634,0.113426106482844,0.119057155654629,0.117848861697566,0.221223333598733,0.227705707775346,0.183796935256607,0.154760268683023,0.133351822209259,0.120977934011124,0.604327355642197,0.273740507624286,0.503930422261097
-1,-0.5,-0.2,0.25,0.7,-0.693147180559945,-1.04858830524501,-0.518840765152667,-0.521931526017526,0.65545055654439,0.845361398792052,-0.581547937897776,0.134713799490589,0.121458477868296,0.134710790060891,0.356351961358365,0.373290494916124,0.156173136185115,0.443575382801414,0.145652024938275,0.130398455486678,0.915861481102927,0.595748047508934,0.718048496194714
-1,-0.5,-0.2,0.25,0.7,-0.693147180559945,-1.33903074254881,-0.360034410118442,-0.0871603690464994,-0.931053536314859,0.407789746132134,0.251421387422973,0.159475984577116,0.175661882774336,0.144515084643441,0.190513308609046,0.197820070605139,0.218852042108639,0.25747968273404,0.195595600043072,0.160996268005203,0.545465532870498,0.212252793571177,0.661750909753433
-1,-0.5,-0.2,0.25,0.7,-0.693147180559945,-0.626900995616665,-0.627781834525601,-0.183474240072421,0.178253777588149,0.818616783202666,-0.606359173801134,0.183613642352846,0.174612571244376,0.179015531511596,0.298279825134797,0.280047994907463,0.18121197467755,0.638633147105568,0.191164868651265,0.195411222678126,0.938125310753939,0.509568312268982,1.00799053424439
-1,-0.5,-0.2,0.25,0.7,-0.693147180559945,-0.669154712384443,-0.361638194628407,-0.217635219452094,-0.230548783012601,0.809074996736044,-1.08438388560975,0.199233295088854,0.194268257866704,0.245521992476006,0.257502933067284,0.263064046556526,0.212549123074645,0.818365769479046,0.279300730865462,0.212271684743515,0.714376337514327,0.318795959065801,1.23213159582591
-1,-0.5,-0.2,0.25,0.7,-0.693147180559945,-1.14958002568997,-0.70011805144387,-0.269661697879275,-0.0351897378089246,0.757011089166281,-0.20035079091698,0.145649277793592,0.160183484385239,0.142707163343938,0.273980242306487,0.268729169931508,0.177666760552376,0.327434019243753,0.226456369435824,0.164411305128698,0.843572339167882,0.364411613889787,0.795536915793379
-1,-0.5,-0.2,0.25,0.7,-0.693147180559945,-1.09511960619256,-0.746468503360112,-0.416815566804043,-0.218902750765271,0.46194845008702,-0.419015376122459,0.177680088402494,0.187445428096474,0.156556256114386,0.23124781548587,0.224002947527644,0.197130724290296,0.445796358974248,0.20076096548828,0.177425672499757,0.535936627144787,0.336536189341298,0.730233479877576
-1,-0.5,-0.2,0.25,0.7,-0.693147180559945,-1.15273729620308,-0.440080406034351,-0.315536654155038,-0.386073908044498,0.793475183775857,0.29845688507285,0.139946052814233,0.121866961967013,0.13106183454855,0.25850381838015,0.269595240187192,0.188453946644383,0.277229214339141,0.13895128863802,0.16464869732036,1.60156880536665,0.851490109546833,1.14475747943942
-1,-0.5,-0.2,0.25,0.7,-0.693147180559945,-0.995959594520146,-0.366826268201803,-0.564057722216655,-0.0107742035416128,0.353642056653515,-0.687699840700923,0.155096170216916,0.149024857053441,0.15619810399033,0.242409638623457,0.259449994287737,0.187230186539856,0.618015050857772,0.211969652567944,0.190455127116814,0.742554491271393,0.411142737132967,0.982647354147853
-1,-0.5,-0.2,0.25,0.7,-0.693147180559945,-1.22065451578751,-0.817227965610184,-0.333324365236071,-0.177686205461991,0.662935936004589,-0.341064150141471,0.160636545364796,0.169605618643151,0.138492278227361,0.253054545749253,0.22936289861041,0.190169208829074,0.383662456908966,0.187720109897598,0.149882003169997,0.577723063097084,0.285406232361822,0.653579107301793
-1,-0.5,-0.2,0.25,0.7,-0.693147180559945,-1.58311443153132,-0.454490437691496,-0.151702279826617,-1.22527135686354,0.600768332832379,0.875630397877935,0.129450432477865,0.157555981802748,0.122081309673294,0.176168515115573,0.177453554563065,0.192368427004432,0.156838864923429,0.165955184144278,0.118720649867163,0.537675618374688,0.191670435132842,0.552216881670895
-1,-0.5,-0.2,0.25,0.7,-0.693147180559945,-1.22005067774286,-0.619494377592981,-0.458780222453286,1.53158167029607,1.629087225811,-0.395740552682063,0.120006288970444,0.127485068822733,0.126490643666204,0.632412649153086,0.556420295753059,0.107910941122763,0.288803685945127,0.143888100447635,0.143060196530003,1.34303040487226,1.03828399293752,0.440722912492994
-1,-0.5,-0.2,0.25,0.7,-0.693147180559945,-0.855134235284915,-0.407511441873522,0.0904371838186708,1.13636334667641,1.28430126493915,-1.37952037896525,0.164051195742769,0.18245865664974,0.14646352564581,0.445984877673651,0.348203812854101,0.154729134028572,0.699154125539826,0.223906050892595,0.157054807391821,0.880426191166817,0.603188412444118,0.827065136274792
-1,-0.5,-0.2,0.25,0.7,-0.693147180559945,-1.54178145611951,-0.619393789800328,-0.101353474660096,-0.478360065676998,0.620116292377631,0.495136876287531,0.115761218780677,0.122371742117832,0.118283536229407,0.22485411523183,0.230543812982642,0.175995220943918,0.168557416013402,0.14053644355997,0.142933523167686,0.596153231152624,0.294340789533272,0.492560435206149
-1,-0.5,-0.2,0.25,0.7,-0.693147180559945,-1.46377170192184,-0.538925430098937,-0.163029033671023,-0.292801230546075,0.596285079954947,0.507547127288937,0.111655363826116,0.107429294855431,0.092136706307138,0.245943085904323,0.248805615399092,0.172879442174221,0.180844122927266,0.131090250926063,0.0993791440221272,0.755160436041546,0.299357703459009,0.647480129852319
-1,-0.5,-0.2,0.25,0.7,-0.693147180559945,-0.646989038944901,-0.709926331004308,-0.0893584665283638,1.44244471490841,2.10380291680655,-0.773036138231559,0.148892227612259,0.146237805148377,0.122233705977404,0.583617574421612,0.502127238514102,0.127791662247554,0.457394364066519,0.2019987300453,0.132934455833552,0.939936330565103,0.769196055397598,0.618407717788001
-1,-0.5,-0.2,0.25,0.7,-0.693147180559945,-1.42109896854987,-0.35001558481886,-0.148152493380431,-0.190345828078858,0.707158158406182,0.0036581302185694,0.130603016334362,0.122572845553212,0.116266807297447,0.272398096635853,0.27648987756706,0.176642318117236,0.259601073961256,0.148653536346715,0.128006695219165,0.710917873072189,0.342694971042716,0.644688126666456
-1,-0.5,-0.2,0.25,0.7,-0.693147180559945,-1.15959661607203,-0.38117996227902,-0.389022267321037,-0.15318815138219,0.562027406632782,-0.728759814856657,0.175496959945253,0.194195921458731,0.157095263129713,0.237073508127862,0.232860516286669,0.194325874935293,0.651774044805235,0.232562052944183,0.178187221378811,0.719261138831734,0.295222566614738,1.03538447856419
-1,-0.5,-0.2,0.25,0.7,-0.693147180559945,-0.952628738384473,-0.506810468109185,-0.0262863428590597,0.734671404191085,1.40072286307406,-0.801862198313668,0.15932881400874,0.154002142496872,0.170268045712058,0.420348707291093,0.401809175289878,0.153837763194727,0.702862944826592,0.168015530356933,0.192891899559313,2.11344289019965,1.49798835520685,1.15298504148927
-1,-0.5,-0.2,0.25,0.7,-0.693147180559945,-0.773744487714965,-0.187160622349484,-0.250195458786345,0.888017992872342,0.670633899865885,-1.19784737354296,0.15605132978195,0.15114346570415,0.144176499147189,0.382196949958545,0.364097560325835,0.162944855548507,0.968166624233317,0.229060654072139,0.170099274379574,1.35084963380455,0.518134596513443,1.39313540302128
-1,-0.5,-0.2,0.25,0.7,-0.693147180559945,-1.33714496468422,-0.600398287934519,-0.319535791472211,0.649386476331101,1.36814747054368,-0.289979614919066,0.150140235086574,0.139431244454632,0.124608105352999,0.419681539082441,0.381913059839463,0.140858701118195,0.289815053518103,0.167310686713486,0.142086118879063,0.85831821034162,0.552429158988311,0.519405052955652
-1,-0.5,-0.2,0.25,0.7,-0.693147180559945,-1.16294757896071,-0.511392788619956,-0.0677059185318353,1.26146281013932,0.00736813131989386,-0.909167104925735,0.125689647743731,0.127667205012538,0.127161252981002,0.402375276647813,0.395418231996302,0.14332610762048,0.55051378304631,0.142094126755716,0.144507188612095,1.3391189996064,0.618164924067003,0.8198966181675
-1,-0.5,-0.2,0.25,0.7,-0.693147180559945,-1.33255840906759,-0.698820320019888,-0.235817473447256,-0.0175238151974026,0.815201421438879,-0.15568143254365,0.143716620228026,0.13510893045031,0.150125795323701,0.277853545553023,0.283301125754585,0.174845243398043,0.273899540377386,0.16000283207923,0.142826965370995,0.537688094845142,0.368892473830237,0.499366703177364
-1,-0.5,-0.2,0.25,0.7,-0.693147180559945,-0.826348707181894,-0.557101702749014,-0.249624611685656,0.656536730853383,0.54620851824647,-1.08269068622208,0.150401611342373,0.147538689416782,0.164131753937985,0.33354986596513,0.317890403792749,0.165140082618333,0.700279734836794,0.170662710222334,0.191347677451444,0.843199090053036,0.474362955218989,0.954494124181875
-1,-0.5,-0.2,0.25,0.7,-0.693147180559945,-0.211762222925066,-0.575807756614507,-0.139813062560037,1.70054118737195,0.146860925006118,-2.10466179062835,0.150562477086533,0.162999435226338,0.152875564206879,0.49618588738945,0.488696793156441,0.15243531831845,1.75178037276199,0.212698985383612,0.163138650824516,2.28632549805931,0.962248257168547,2.06371013628512
-1,-0.5,-0.2,0.25,0.7,-0.693147180559945,-0.970618694766939,-0.595743832910521,-0.135065129354807,0.506883179995473,0.393991731061079,-0.702225619038352,0.150671696029653,0.147059221447169,0.140036471186139,0.323539218164894,0.354288190567372,0.170745404592015,0.65901803824615,0.231645187112375,0.17025955693579,1.22387795595866,0.480557391938618,1.18765884312814
-1,-0.5,-0.2,0.25,0.7,-0.693147180559945,-0.729185591910966,-0.375068849530535,-0.316247824651876,0.631079219086674,0.284140238644842,-0.863658678165957,0.148897120756824,0.14910299244824,0.148795126027501,0.330969454123342,0.349458681581447,0.169208935039107,0.621428602201278,0.176180710327514,0.158282971228995,0.943605383914074,0.485547332911796,0.938645446325167
-1,-0.5,-0.2,0.25,0.7,-0.693147180559945,-1.02921496554956,-0.902874202149106,-0.467187838468064,0.0616150625894051,0.882439955430137,-0.126037805734334,0.172753315655223,0.188619979195522,0.159065027623817,0.285309603804508,0.280502189283581,0.176138128415779,0.338568098202652,0.194416854540065,0.172952828389843,0.826715879724917,0.423442851960019,0.682871506214726
-1,-0.5,-0.2,0.25,0.7,-0.693147180559945,-0.514065552794658,-0.426668074291731,-0.0670460895609513,1.73160565021597,1.34848442635449,-1.53036867372454,0.154806696322733,0.178872421789249,0.156090893176668,0.631175406034897,0.528439296751392,0.151584218495463,0.852594347110463,0.261181111895995,0.1898921372252,1.36453405352945,0.846230047523149,1.04182336319642
-1,-0.5,-0.2,0.25,0.7,-0.693147180559945,-0.85040527498905,-0.434047144758023,-0.319990630744338,-0.349810040333111,0.631629102786776,-0.605876160089273,0.19262886539661,0.189972246757288,0.18682648133268,0.235146504648889,0.228030488349074,0.214454139089352,1.56519007144736,0.293792710540495,0.235577072378137,2.25262065228633,0.803459900954646,2.98260338372934
-1,-0.5,-0.2,0.25,0.7,-0.693147180559945,-1.16168454499555,-0.0205847667908715,0.151792023191993,0.266298184374907,-0.0820815052320466,-0.52859315131582,0.145497302738736,0.146270636274556,0.167203194322496,0.287086371824968,0.300870457715192,0.175980492082487,0.450347981784787,0.18908637623686,0.178578207789558,0.753922013500097,0.407636502649759,0.774639294172982
-1,-0.5,-0.2,0.25,0.7,-0.693147180559945,-1.00569126894018,-0.451929900847942,0.0260573831767518,0.0779365242378858,0.500013332847973,-0.884573130145643,0.169276560695327,0.174015121441434,0.162550235308738,0.25697414907759,0.255419648761715,0.184712474996983,0.583682037961319,0.21097824920013,0.173057167723409,0.541030848856168,0.312755909774175,0.803671553251416
-1,-0.5,-0.2,0.25,0.7,-0.693147180559945,-0.50789290390005,-0.674538163767736,-0.291132920329345,0.263913901966646,0.739959540282699,-1.17769821119241,0.185562113327097,0.189690615931545,0.175003677137995,0.29168250310672,0.287044648097702,0.183881869686669,0.761611672070948,0.227048674065301,0.203680617970655,0.614758919536252,0.408925471712204,0.972205588864265
-1,-0.5,-0.2,0.25,0.7,-0.693147180559945,-0.928155804162394,-1.13796737434253,0.0811157117197549,-0.491656128252283,0.603828212289725,0.355120473127973,0.176689916201749,0.188728298727334,0.128386954592454,0.210087678156083,0.202195340140104,0.194202846594318,0.270594633310917,0.17785505398183,0.135729108950987,0.644394475975886,0.260510400627702,0.680606754212692
-1,-0.5,-0.2,0.25,0.7,-0.693147180559945,-1.02448156210128,-0.647861335189537,-0.1018369277621,-0.026372724952381,0.721442552506381,-0.337587141971907,0.150857702197986,0.151331608728862,0.153594390769044,0.26881300653439,0.259168818162386,0.186287692605677,0.433603758573584,0.220917046337816,0.169395187290124,0.943712659306415,0.350840787454873,0.983252390342966
-1,-0.5,-0.2,0.25,0.7,-0.693147180559945,-1.24237278959226,-0.257004774614924,-0.192739835811272,0.308112539588539,0.526256544374689,-0.444851490884114,0.132871513068323,0.127898776329391,0.124347063252107,0.295651516274376,0.284930172743772,0.163414746162633,0.377455966874967,0.15177420886925,0.139126583812975,0.71416995911274,0.346146152388632,0.673805241802522
-1,-0.5,-0.2,0.25,0.7,-0.693147180559945,-0.312210762319758,-0.583714074824236,-0.368262381867983,0.754388400743308,1.02036244558343,-1.59994864468261,0.176343427990517,0.172248791519239,0.164101440886332,0.388488527651969,0.375531420010934,0.170675541037326,1.00252072502057,0.196094336793259,0.157028276052809,0.763990259296509,0.528045589688452,1.1582165334036
-1,-0.5,-0.2,0.25,0.7,-0.693147180559945,-1.39953067864148,-0.650528676967887,-0.25543236269186,-0.344378108326338,0.56418178793153,0.23201051962066,0.140342467266598,0.15745501211403,0.126788667188742,0.233927269612184,0.232566142046965,0.180993282793709,0.244314065924579,0.171612165158575,0.141961930153386,0.631217275100822,0.361242603317278,0.553122901278639
-1,-0.5,-0.2,0.25,0.7,-0.693147180559945,-1.29646263347646,-0.564102272941505,-0.0296437428244247,-0.592221055450645,0.561396968598218,-0.0129370806894823,0.163266895495394,0.175015788718691,0.176804037192774,0.207359514794439,0.205433826329742,0.201359157840349,0.442856210273756,0.196798629588265,0.206307913584991,0.923688522183436,0.36364982473732,1.0870011051842
-1,-0.5,-0.2,0.25,0.7,-0.693147180559945,-1.48496767547486,-0.138652882905607,-0.0197999144715818,1.1090711997623,1.22560797196902,-0.359653743259253,0.119124307425606,0.120111844460142,0.133070385413043,0.463567859391397,0.383474283355494,0.135132382416804,0.298368349333435,0.142798688051851,0.149996271463376,0.917781419436654,0.606450777994646,0.474625931493807
-1,-0.5,-0.2,0.25,0.7,-0.693147180559945,-0.926852077797155,-0.496153164001039,-0.286518841517732,0.076134587134357,0.608130933582392,-0.761713579215858,0.166607784012479,0.143869451718349,0.160978112902824,0.266323980630414,0.278290783885287,0.189174618283401,0.551345439104122,0.169478819464271,0.177145081784885,0.65204477679986,0.372050487678972,0.836520772010283
-1,-0.5,-0.2,0.25,0.7,-0.693147180559945,-0.503079166319549,-0.172862733648881,-0.0335218583556071,1.58175526455295,1.16488133220817,-1.78708363125564,0.161808344816448,0.179053059754539,0.14568317182936,0.571400815153883,0.461685851312203,0.145672279555502,1.21558661462093,0.244060774691374,0.151061394191081,1.45025841026936,0.888594669413631,1.42282202086278
-1,-0.5,-0.2,0.25,0.7,-0.693147180559945,-1.13704019874325,-0.65249714842536,-0.130006424819466,-0.391308660751443,0.899070296998245,-0.0239464962332936,0.157495092757635,0.161483139155454,0.127522871721987,0.24568460835676,0.250647840509854,0.188435660455372,0.299760916414778,0.195515139207789,0.150354445168744,0.516845729171256,0.286897603680998,0.590649726050852
-1,-0.5,-0.2,0.25,0.7,-0.693147180559945,-1.88060721831525,-0.132389276054691,0.0137977997749148,-0.926927329007578,-0.0576180494916026,0.93491840775667,0.104664145849119,0.139500686986093,0.112199057145347,0.178427860859484,0.177857067386638,0.185344256991287,0.124551674243619,0.140603383042324,0.120651109879817,0.460850882583359,0.220861323839095,0.438243076119979
-1,-0.5,-0.2,0.25,0.7,-0.693147180559945,-0.298620530573569,-0.299114487315691,-0.300387182859522,0.772852500213002,0.961377531992684,-1.82281873793353,0.167985422376796,0.170401120642409,0.161236156301715,0.366833927499688,0.354529853592432,0.171696607700278,1.2403598587524,0.215640087816894,0.174687757660614,0.838266189384465,0.572628277068241,1.44422808261914
-1,-0.5,-0.2,0.25,0.7,-0.693147180559945,-1.60561483035005,-0.558054953117195,-0.185201880811483,0.284704815447391,0.985852514337265,-0.076518107716053,0.123335572440231,0.116833732969411,0.103093423088193,0.329132095859109,0.332864595276801,0.155743605163818,0.255974797974868,0.12718708044562,0.107752559238333,0.856583891528768,0.62719033201751,0.508617446054239
-1,-0.5,-0.2,0.25,0.7,-0.693147180559945,-1.10899310468217,-0.408036336825939,-0.262437315259123,0.556721149315646,0.796040475249199,-0.304100417825873,0.144235551090215,0.155715934297321,0.120223557709029,0.36923195900864,0.304844212868268,0.152358031736623,0.385938470725968,0.169180158253246,0.138008699770452,1.20683056364934,0.620526043634553,0.756686033889326
-1,-0.5,-0.2,0.25,0.7,-0.693147180559945,-1.46867136420495,-0.619532693035139,-0.297698325402928,-0.409431289763322,0.651692563303274,0.193514999245634,0.140395763687216,0.149525643838692,0.128505563026756,0.240985746895972,0.234364289392884,0.184876953904546,0.224357913545288,0.15518355947129,0.130750527129007,0.543602474930357,0.298082123813496,0.495675713516732
-1,-0.5,-0.2,0.25,0.7,-0.693147180559945,-0.848272252866915,-0.827646340072074,-0.246322506228335,0.107577937943345,0.944571193150622,-0.625500592462866,0.180357968583721,0.175876234092615,0.158877768890459,0.288603804448003,0.271379698575264,0.181223197751094,0.556378438410118,0.238644467108841,0.162685714630469,0.728114857656297,0.343568747249126,0.913468641893601
-1,-0.5,-0.2,0.25,0.7,-0.693147180559945,-1.05923294501202,-0.566156229001464,0.108416263159856,0.299601106299496,1.11785240053509,-0.230248147341617,0.148143510777241,0.149026410513091,0.126817818398537,0.314204943935221,0.307281712782942,0.154344592773696,0.315216999743144,0.205954551454387,0.148125268656673,0.746843795746581,0.46821555157454,0.602187617155098
-1,-0.5,-0.2,0.25,0.7,-0.693147180559945,-1.25572263133792,-0.507924169453132,-0.395279753597197,0.525005187756976,0.714590585605767,-0.792230878114842,0.144032603208321,0.141962192805479,0.143616734624791,0.335097431525529,0.337973858840128,0.157796839858089,0.542249784692911,0.177413272040493,0.148691931907925,0.723234361258618,0.526416104421666,0.761370947416546
-1,-0.5,-0.2,0.25,0.7,-0.693147180559945,-0.718350481040112,-0.682761808345284,-0.26138007092347,0.84157579591562,1.34426237432137,-0.902338199728755,0.179648644941971,0.201647005101817,0.149132642904688,0.407977811552234,0.346560167367182,0.156857955565371,0.581150305934379,0.216260392604923,0.162696625174338,0.965886550426182,0.558821627143807,0.809877540699953
-1,-0.5,-0.2,0.25,0.7,-0.693147180559945,-1.63870052839178,-0.678162757275366,-0.219683017652612,-0.971934544416763,0.323806080333817,1.09604398524214,0.100644529934145,0.116364096624785,0.0830680990854172,0.182190606325086,0.179292749568893,0.176167193830975,0.113404715994643,0.120051077297838,0.0964902076522541,0.557206444879325,0.24047337184082,0.48370239601776
-1,-0.5,-0.2,0.25,0.7,-0.693147180559945,-0.73955674963861,-0.704655333624733,-0.149766628347557,1.09866328960436,0.584755382307581,-0.801166848873588,0.130012656449567,0.130641798041129,0.119907172288884,0.387817369277777,0.393523490906024,0.146302865156062,0.514721938758816,0.149264836871561,0.124238269332265,0.904796638050082,0.69941704102008,0.710064111325525
-1,-0.5,-0.2,0.25,0.7,-0.693147180559945,-0.959778320299803,-0.624646292072975,0.132577229621012,1.41550357087655,0.952689217817229,-0.914084011969191,0.138705785400932,0.14329691056129,0.136933665666017,0.556098209760203,0.484912714373537,0.126646493078181,0.506546614627347,0.154813486860728,0.133382326547521,1.52725557578706,1.0619959352498,0.684458390953255
-1,-0.5,-0.2,0.25,0.7,-0.693147180559945,-0.935533133367429,-0.569009954655807,-0.258200564526732,0.203725388322044,0.923919567767406,-0.346732193522089,0.148956900583631,0.138011649450387,0.136017221611119,0.317226450300099,0.318618819275571,0.164338399796543,0.368204026517028,0.164480308594439,0.137804190715028,0.617783126767505,0.460838509595401,0.617606154991101
-1,-0.5,-0.2,0.25,0.7,-0.693147180559945,-1.50090511843148,-0.160222193480707,-0.398038971429365,-0.4003040779246,0.794749852728153,0.219666658145217,0.124135207870274,0.134604710449514,0.112860846299233,0.245550362269752,0.266121628812427,0.177630639884841,0.228978884048697,0.158631382623748,0.129369113132438,0.720332462779276,0.374204178252869,0.639950888210444
-1,-0.5,-0.2,0.25,0.7,-0.693147180559945,-1.22894259306333,-0.728144459058689,-0.405361114755415,0.450325148951352,0.61030905783524,-0.400375499693351,0.137567187262071,0.140159043567432,0.133447911976404,0.316292948917408,0.292869430817522,0.160005864600851,0.326075395128537,0.152337876920668,0.137761993500459,0.582596002724087,0.45687661835984,0.500926710767313
-1,-0.5,-0.2,0.25,0.7,-0.693147180559945,-0.741619683506555,-0.535998018652897,-0.333673212926779,0.24413080555972,0.526590619524,-0.719858427799887,0.164676704585229,0.170786964559689,0.16984260162125,0.296805004715633,0.30045275457977,0.177697966327053,0.545157327095801,0.189616208508053,0.165637408318017,0.653888793633401,0.41615670828675,0.801034024375001
-1,-0.5,-0.2,0.25,0.7,-0.693147180559945,-0.985918971363692,-0.707414553235633,-0.495246465957035,-0.489605562794916,0.528094951923496,-0.32484987085582,0.205985393114189,0.217060797481162,0.25563311354048,0.214427603969085,0.203648982769177,0.215759669526727,0.550870231509978,0.216988726446221,0.23984857223422,0.750703662306048,0.25580390694361,1.05385578769895
-1,-0.5,-0.2,0.25,0.7,-0.693147180559945,-1.34204088006085,-0.341962700322904,-0.360830052829047,0.264015889144806,1.01692763677309,-0.275478843228821,0.147141411196912,0.163705830301109,0.139213098350452,0.331432867059654,0.295142342220391,0.161086011943777,0.34854688461017,0.180126702507796,0.132736154037219,0.843352284166259,0.511761811306721,0.614976337429247
-1,-0.5,-0.2,0.25,0.7,-0.693147180559945,-1.16659024248454,-0.224314512716312,0.0262730349385857,-0.961141250805886,0.361995343189715,0.247833005617546,0.141044717784685,0.166573670617229,0.146694100993406,0.188700424176173,0.192989727893895,0.212164400021626,0.309233279912238,0.211792611179279,0.171417720683843,0.900005194453931,0.277503341951763,1.05523063759072
-1,-0.5,-0.2,0.25,0.7,-0.693147180559945,-1.19627676937238,-0.466557342048584,-0.384568921471285,0.633538680664889,1.17296604682881,-0.250368386751769,0.131470350025851,0.135232993043645,0.114332407463317,0.38771464499557,0.36116392519055,0.129595739166765,0.28677999589241,0.167612294666228,0.130223473019712,0.849299319539603,0.611290731659001,0.520692011758957
-1,-0.5,-0.2,0.25,0.7,-0.693147180559945,-0.349012603119804,-0.671681889888558,-0.359646762793524,0.922229759311704,1.10230058020117,-1.18152300551477,0.169812844469314,0.186152816364588,0.161697998753116,0.424771442272361,0.365441471095978,0.159268895529915,0.761097059980235,0.224396034729299,0.191930264606581,0.922443514121005,0.596769930074494,0.968085682726899
-1,-0.5,-0.2,0.25,0.7,-0.693147180559945,-1.82178847041977,-0.37095965119554,0.0348342262700045,-1.2035094237292,0.670424090551365,0.877158540624448,0.12153487135395,0.111447934119754,0.126223305306408,0.185618791333557,0.194428143501343,0.187422663612666,0.145144210401839,0.130429916426792,0.133625908179822,0.692055394762841,0.220461215871123,0.675995817969167
-1,-0.5,-0.2,0.25,0.7,-0.693147180559945,-0.481685583870371,-0.238855648229166,-0.145174795463086,1.04925331221686,1.17929429265666,-1.64282827293407,0.174820376617451,0.178895244753599,0.165067329654475,0.462251502623812,0.41209678640282,0.159723562955209,1.33651785151835,0.282908160863677,0.191544901332869,1.55648655685602,0.808621032573093,1.71032040936342
-1,-0.5,-0.2,0.25,0.7,-0.693147180559945,0.0768187576869853,-0.536866996372612,-0.272638712587754,1.2408769130284,0.764043137116874,-2.13870109575084,0.167183853497791,0.173655012994562,0.155484381576432,0.482374681446077,0.448008854572531,0.164563125103713,1.52632552689662,0.206280800767995,0.179839065064155,1.07209033440067,0.715389506999443,1.68636285782082
-1,-0.5,-0.2,0.25,0.7,-0.693147180559945,-0.124509855468122,-0.852417811313975,-0.250665376189289,0.754802025507971,0.662822529766447,-1.69223441801465,0.170948079816022,0.178754683524352,0.17260314677284,0.345694197682259,0.321685071901258,0.174111617782138,1.2335558987094,0.200745799545849,0.163200799187684,0.89234355755324,0.555379735803553,1.43631730867513
-1,-0.5,-0.2,0.25,0.7,-0.693147180559945,-0.497452710668203,-0.380460214758858,0.076154662386859,2.98342001500865,0.446805980529705,-1.70327383475573,0.12871040960227,0.133288758028195,0.130588805092803,0.956540811151947,1.11937426683308,0.127344305771818,0.968775351446971,0.184810505306183,0.15729981758326,4.59541917081129,3.28246146416264,1.14290604745057
-1,-0.5,-0.2,0.25,0.7,-0.693147180559945,-1.17819155458208,-0.36388928374459,-0.0651337090096401,0.0711555098303363,0.590319686239776,-0.351387191704583,0.15152695494395,0.164059349283647,0.144699224661612,0.274976851206402,0.252474050773785,0.173498608633923,0.39528934163052,0.187068584545074,0.190263254619267,0.727853446108514,0.412938938049273,0.686864967184089
-1,-0.5,-0.2,0.25,0.7,-0.693147180559945,-0.587738093661381,-0.275949914952179,-0.219414788857835,0.664772847528585,0.129888036443482,-1.19266503550114,0.162012047542622,0.160628675648554,0.18140835525531,0.33790134578259,0.325783747462753,0.175978329738915,0.77615934886286,0.185956519924688,0.18988298138124,0.787669406526412,0.456500999522464,1.01160802650277
-1,-0.5,-0.2,0.25,0.7,-0.693147180559945,-0.146393326591754,-0.457586337171183,-0.278499695589787,0.00195676662585792,0.378010139139195,-1.46896715594143,0.191768754734169,0.185174077845248,0.205427091196758,0.243256048523213,0.236697837151693,0.206926451944974,1.45770335343959,0.233949482911586,0.218254493971146,0.763797779660471,0.346688306568553,1.84862418819255
-1,-0.5,-0.2,0.25,0.7,-0.693147180559945,-1.00255978096201,-0.0815068104377369,-0.210221953086304,0.662213537390248,0.393066459491829,-0.856890509627551,0.13880487974852,0.144500297202653,0.134214418183289,0.315927458170436,0.316014853127081,0.16163959167862,0.561406775907107,0.187288085234894,0.151448830729789,0.80753265248559,0.481274304848127,0.815654471142908
-1,-0.5,-0.2,0.25,0.7,-0.693147180559945,-1.0156222624493,-0.460017916363606,-0.509179097817443,0.490163316240409,0.71792590001718,-0.976490818557266,0.159822294179444,0.162950668827273,0.148088893166314,0.31940280556477,0.267432222028493,0.172599022658494,0.673327851407293,0.19894629437397,0.170360631432796,0.870568325092164,0.393121401164159,0.978469873893585
-1,-0.5,-0.2,0.25,0.7,-0.693147180559945,0.282715050209384,-0.424159704203278,-0.192101111958142,1.88761458093406,0.053863315289683,-2.5021505471171,0.150631013125413,0.16019728172157,0.152615435781177,0.513593346870686,0.529643812228358,0.150936291853673,2.02957808879928,0.296726484866654,0.170310728281466,2.0357849199181,1.8102434045312,2.22861225169746
-1,-0.5,-0.2,0.25,0.7,-0.693147180559945,-0.441029171153882,-0.172837469106093,-0.0683587614044804,1.15954515747531,0.460664386964747,-1.54229011136571,0.149159436323095,0.151531747551042,0.149103959775264,0.38784369048952,0.380378470248321,0.159462736547669,1.22672073302166,0.192956574316681,0.181937546590618,1.32053238835176,0.561562672932736,1.52750815812939
-1,-0.5,-0.2,0.25,0.7,-0.693147180559945,-1.05420798410173,-0.213880790882419,-0.165915207826843,0.837295739963293,0.983012033728324,-0.582232895432243,0.142403456131029,0.144532875568045,0.137047916769474,0.420894042089353,0.390760793704568,0.140129578301652,0.517920832409623,0.160727831122437,0.163524953625766,1.61652919523567,1.06888960110377,0.863989583036098
-1,-0.5,-0.2,0.25,0.7,-0.693147180559945,0.483295852441853,-0.356875809824348,0.0117127700452839,3.15834534318264,0.535538136887756,-2.68641496873275,0.140710364330943,0.14361500142479,0.151905069949528,1.01327517801319,1.00080426187403,0.138733576789904,1.99583846265169,0.191175799112456,0.153563619595754,5.38187382968312,1.76203747389105,2.14649155169254
-1,-0.5,-0.2,0.25,0.7,-0.693147180559945,-0.941709975346427,-0.644119698278437,-0.332373552374583,0.0285136823467088,0.961181230854906,-0.788567036037112,0.177362279895613,0.181605101944875,0.163032059304772,0.287859798483353,0.27589047152035,0.186461741659565,0.660074270838718,0.230937355633322,0.192078814618483,1.00615705260391,0.517758504668669,1.12657945542931
-1,-0.5,-0.2,0.25,0.7,-0.693147180559945,-1.26388496682388,-0.318038189937969,0.0157992796620294,3.1530358846027,-0.506380005054497,-0.647036037669318,0.0958015266501618,0.0993721163232446,0.10055038130446,1.0463699332817,0.847349232912141,0.0980648226717675,0.386114489907282,0.116159228850449,0.124977676095884,4.61830659493433,1.3381990857347,0.58222957309036
-1,-0.5,-0.2,0.25,0.7,-0.693147180559945,-0.959315124387407,-0.43652490341707,0.0604193605056085,1.10957803849801,1.1153488842695,-0.870787114166623,0.140991277259906,0.147718353320311,0.143332720082603,0.490459960771451,0.450909853605183,0.125964604653873,0.539986908658066,0.179428924748055,0.17158432986546,1.14022122204239,0.760730793026625,0.749280015799732
-1,-0.5,-0.2,0.25,0.7,-0.693147180559945,-1.21088886923538,-0.481306517568558,-0.333093032777907,0.464769198364472,0.00788144532636796,-0.490469232461792,0.133331834652015,0.139017381212773,0.144242788638443,0.300514777434007,0.316893710672725,0.164065020322905,0.377885443114796,0.153864125719687,0.150704763386441,0.60849914133109,0.41501198468139,0.604529400919515
-1,-0.5,-0.2,0.25,0.7,-0.693147180559945,-0.64860574876172,-0.221064278403648,-0.0392879526613986,0.400960014746699,0.273732463294566,-0.998258582412454,0.154343570138389,0.151323307308892,0.143452939774475,0.309070775066694,0.290441080488326,0.178682195785652,0.80922671697075,0.171939904304901,0.164127426334715,1.06990398228813,0.379233428841282,1.25357245276139
-1,-0.5,-0.2,0.25,0.7,-0.693147180559945,-0.895942322595452,-0.461084423762693,-0.305742657691619,0.565961135142893,0.106106584306624,-0.778159860376173,0.143850501662781,0.153629940450594,0.145919142596053,0.32595169716428,0.335801607378039,0.163954133134631,0.539317508678131,0.184273969625553,0.150269992234671,0.918614407147815,0.454992786397116,0.860773721783923
-1,-0.5,-0.2,0.25,0.7,-0.693147180559945,-1.27347941702485,-0.724735288355465,0.0240014340637951,-0.895321073959353,0.599138073709281,0.189861637000093,0.162366664804135,0.165908069820651,0.181801546334605,0.195979335106581,0.188883830325946,0.214478554434653,0.310542993687559,0.185862774054432,0.191971370217791,0.773245960246253,0.265037189751005,0.911350259301118
-1,-0.5,-0.2,0.25,0.7,-0.693147180559945,-1.03604200766748,-0.248591063000829,-0.236951888078185,0.622581581423451,1.07826561678104,-0.830664629204579,0.156959914195093,0.154030396922622,0.157927325449942,0.380522582980034,0.370441635322012,0.154005795294161,0.557517828321032,0.178782552115508,0.174312952668389,0.712508930828541,0.552062498525008,0.748056201435573
-1,-0.5,-0.2,0.25,0.7,-0.693147180559945,-0.374551610123266,-0.15820305629055,-0.112440292691654,0.651147671727696,0.818897465200304,-1.81892949494748,0.178630242137884,0.201835682982377,0.174076576853349,0.353208167344797,0.331738120282739,0.177732371813751,1.35892941018415,0.260418905077373,0.183268721680925,0.864070023189436,0.563371577065895,1.59994445433023
-1,-0.5,-0.2,0.25,0.7,-0.693147180559945,-1.34252945708151,-0.713220946599045,-0.301983130793042,-0.761618968303286,0.454611975980352,0.456415587755506,0.13532433373569,0.122067962621489,0.11927894404118,0.198389170476377,0.197979422455051,0.19652545411352,0.186710815437627,0.131017166004975,0.130381167079975,0.504605351856948,0.274482588069912,0.492602313173535
-1,-0.5,-0.2,0.25,0.7,-0.693147180559945,-1.40280547539256,-0.390357678625598,-0.218438101372218,-0.621081834171209,0.448722277780456,-0.015954152808652,0.151002933620332,0.157404666622653,0.166214640577067,0.219699697861707,0.236849055839243,0.206256685478834,0.315286401177333,0.183017996057319,0.173714997615704,0.802685003228067,0.316778618965916,0.86528684142103
-1,-0.5,-0.2,0.25,0.7,-0.693147180559945,-1.00004952285039,-0.269842370720057,-0.354599309418524,0.775014391755435,0.941359195320751,-0.980476778766018,0.153500590887447,0.161125494146639,0.159610552458145,0.375440400410377,0.351694657897581,0.159472575774063,0.590707238422267,0.188426385069937,0.160944262398498,0.780443441449243,0.469752366482306,0.820888655248973
-1,-0.5,-0.2,0.25,0.7,-0.693147180559945,-1.25459129082699,-0.297216607604722,-0.194559201390115,0.46446604495336,0.994407841934424,-0.633513438824604,0.144633797160763,0.148531446668006,0.128753020845451,0.358113774408716,0.325064622520025,0.15801610265699,0.415286005438657,0.175215180284427,0.149025769101961,0.682925065215056,0.491822858547542,0.618660688001625
-1,-0.5,-0.2,0.25,0.7,-0.693147180559945,0.0889895064706752,-0.508465160450691,-0.116791746725029,1.54644550488594,1.69349128870924,-1.95219514510045,0.171042645738053,0.173974077829611,0.156258819536412,0.560040566499981,0.497973286444697,0.158700871827817,1.36340308139133,0.240009898039769,0.176738272476891,1.13003545669402,0.850252309575827,1.52200319288252
-1,-0.5,-0.2,0.25,0.7,-0.693147180559945,-0.999615589951752,-0.614033379474876,-0.103540426472491,0.0767112563982347,0.363537817171058,-0.73081399195235,0.157036413709432,0.165341474086376,0.169907285019141,0.257261063311493,0.255390166679361,0.186433863821425,0.63071261090652,0.211034726919787,0.176999982766931,0.798580637161776,0.349069523163966,1.03103105395731
-1,-0.5,-0.2,0.25,0.7,-0.693147180559945,-1.41387786379769,-0.576769212220828,-0.0357851453732584,-0.328328232434651,0.916244428808968,0.0383300750349753,0.146005849577677,0.130368839691158,0.154158972517551,0.265870493699948,0.27822111542662,0.185196632810387,0.428962658553721,0.167920260923642,0.244015212269933,1.47101089782939,0.571365349315085,1.32357369513771
-1,-0.5,-0.2,0.25,0.7,-0.693147180559945,-0.64115073383278,-0.455865640615397,0.0528023883315967,1.80966436332472,1.27667953809784,-1.08708215512265,0.136508393596556,0.143555059486396,0.144982640380552,0.722186467932283,0.600219403627124,0.129772158679938,0.570839697945701,0.163746740378029,0.156721355289747,1.40285114440723,1.0514934949977,0.703991645711171
-1,-0.5,-0.2,0.25,0.7,-0.693147180559945,-0.658841958774626,-0.574458786152515,-0.24410790421326,-0.141891735362614,0.805158076824542,-0.692368736423619,0.184030920381355,0.16455077395186,0.173600346935299,0.257268218054676,0.272801815423949,0.197819873293761,0.683058692498664,0.203729211214881,0.176131753848434,0.854779948151373,0.446252993037167,1.1276054713275
-1,-0.5,-0.2,0.25,0.7,-0.693147180559945,-0.508586117273549,-0.69387972490548,-0.300789092569512,0.901404005091426,0.624735572441127,-1.36589110687918,0.150357643255373,0.149190491850061,0.139081617005212,0.373065060158911,0.37436675757952,0.160296321636151,0.926957200367492,0.178546553225176,0.182522195031112,1.16833490263929,0.765985192951644,1.18970702356732
-1,-0.5,-0.2,0.25,0.7,-0.693147180559945,-0.771072413996751,-0.419801518931642,-0.530583737223874,1.07116105551139,1.1343912711578,-1.00393432414461,0.142506346071382,0.147330016245001,0.133265655838948,0.457537810620607,0.428758691853746,0.140095487806125,0.577366357635096,0.203536582869666,0.168462028226906,1.19031715641128,0.782519610510717,0.8099794842877
-1,-0.5,-0.2,0.25,0.7,-0.693147180559945,-0.728172838038035,-0.713179182477294,-0.262992962671172,0.784550259379223,0.858442311590772,-1.21536424697388,0.164717447547722,0.172488460779543,0.157173168197533,0.367704066466511,0.341298758027655,0.163821856318498,0.711033978526768,0.206669045246625,0.152610397386648,0.86015941608566,0.602984988728759,0.90463225634075
-1,-0.5,-0.2,0.25,0.7,-0.693147180559945,-0.507082698060731,-0.644432009573723,-0.293063676911037,0.440136547260399,0.727060562449324,-1.2085953011548,0.181367676320471,0.169714476867522,0.186970607833301,0.320847384967557,0.31635648416951,0.181697128986008,0.780045313615017,0.190678208864307,0.17531223335076,0.708308148505734,0.43157750068102,1.00391735216454
-1,-0.5,-0.2,0.25,0.7,-0.693147180559945,-1.6054025221654,-0.406341626631338,-0.267925391542615,0.000635010106615103,0.927409333457529,-0.124434889598925,0.137605949450889,0.134649294197164,0.117614782738895,0.301495299912739,0.284026033504891,0.170123551774716,0.305700441549829,0.165175327966107,0.124032896361885,0.923377397555595,0.487057558657788,0.721099353628757
-1,-0.5,-0.2,0.25,0.7,-0.693147180559945,-1.59123727463308,-0.314038551670559,0.0815497867344797,-0.911907770798773,0.0563067605166853,0.770468964111458,0.113024500279585,0.123001776577677,0.110982985109311,0.186024971869771,0.192378216539564,0.193095478624595,0.139610454619069,0.135495888802442,0.129133106896856,0.529688334704273,0.231178346348428,0.509546878639141
-1,-0.5,-0.2,0.25,0.7,-0.693147180559945,-0.962715882053146,-0.7096877595324,-0.44656884775471,-0.591217135842294,0.137914702828522,-0.000211114322708188,0.173109766268552,0.170222314647843,0.147691840995281,0.202119380263305,0.211332812667482,0.223761395680488,0.370193211947579,0.221422418051142,0.184650996779515,0.670487290271895,0.268610073234709,0.836936763738198
-1,-0.5,-0.2,0.25,0.7,-0.693147180559945,-1.27186696671358,-0.598012152999203,-0.273281729727948,-0.946256200186765,0.682112328114828,0.405206940997762,0.17604672871489,0.174507112076583,0.125969049821956,0.193944031121372,0.205691832864237,0.198472704717823,0.288061959394227,0.180937722801093,0.154904578449805,0.931773076576927,0.322839456939695,0.995066435675276
-1,-0.5,-0.2,0.25,0.7,-0.693147180559945,-0.665019915389932,-0.43681679032084,0.00237215886632969,0.100352096939151,0.659831155025291,-0.729880844651322,0.159592276536843,0.161317558025405,0.165109146099381,0.275994199268254,0.282551917064784,0.184935177158741,0.779148825150012,0.195582933657771,0.168516666688343,1.0251004924991,0.414738595920084,1.29149419734628
-1,-0.5,-0.2,0.25,0.7,-0.693147180559945,-1.09409956890089,-0.275604834676872,-0.0479798016904823,-0.127479358427688,0.392902497681727,-0.622953874348091,0.160789580757683,0.164646298090964,0.142684497733167,0.242968931906037,0.243261642503771,0.195786548011485,0.808618546606046,0.231071569751562,0.175325461849224,1.03233978335034,0.395116402011387,1.38763217371735
-1,-0.5,-0.2,0.25,0.7,-0.693147180559945,-1.61742463698446,-0.0830492734785883,-0.128257381063559,-0.0158974462802677,0.555695708336794,0.313081868009441,0.107589738470371,0.105809474027639,0.11828311620261,0.255332837502785,0.241762097377466,0.163036711123583,0.17357832862981,0.119212703364454,0.143903380814838,0.57830671211146,0.360902018010084,0.440692757468039
-1,-0.5,-0.2,0.25,0.7,-0.693147180559945,-0.867819507078934,-0.329812633928759,-0.106650016057982,0.664407463901279,0.215834875772449,-0.953888932068661,0.147594992838319,0.153444986183455,0.143239292552143,0.336461594335747,0.341500173461005,0.166818590641752,0.722556547828057,0.232287348153199,0.160841001042292,1.19781296656917,0.697494246150433,1.10201016096823
-1,-0.5,-0.2,0.25,0.7,-0.693147180559945,-1.10829859256814,-0.875480727617086,-0.475630281772036,-0.885638200517523,0.554679563268869,0.569850462876313,0.16698302451602,0.152952662296639,0.169682714769844,0.192814260146782,0.196494519069665,0.207084195735838,0.206663929372831,0.161805898965891,0.147860253357147,0.558452749908647,0.280063425318928,0.604483366477202
-1,-0.5,-0.2,0.25,0.7,-0.693147180559945,-1.2879874091757,-0.232324082423659,-0.416328933054285,1.22321099104165,1.14552536828284,-0.943931279324941,0.138127454287154,0.132383986974458,0.127113684216464,0.516628207496177,0.536892335888987,0.145093239161903,0.500822827164928,0.159680601375394,0.136929159290896,1.22032565970791,0.887326715509543,0.707276460014469
-1,-0.5,-0.2,0.25,0.7,-0.693147180559945,-1.51622797713928,-0.718121157669331,-0.200217430749827,-0.668671194819893,0.395855474438248,0.705122459949747,0.128133714144201,0.132896919759165,0.111624698384339,0.205724843377868,0.19958179462507,0.190234283224755,0.17015822636364,0.129253100014677,0.125104367761892,0.567249536911562,0.271279639976033,0.520987599842048
-1,-0.5,-0.2,0.25,0.7,-0.693147180559945,-1.4787029609087,-0.0828801235704689,-0.202027753623158,-1.0374203056969,0.468991002994275,0.55069577865359,0.140092161806565,0.156462108947143,0.140448363657028,0.190385225531003,0.197835420575289,0.201562243301615,0.189422260127285,0.182519713954475,0.148192038682644,0.668139995106668,0.226160009429875,0.715735568292924
-1,-0.5,-0.2,0.25,0.7,-0.693147180559945,-0.566362514107169,-0.753383707233207,0.134193870600155,-0.354882971082497,0.704896184859617,-0.591002379785828,0.19427097774099,0.17277242720579,0.208237816455737,0.232448219864057,0.243883081054659,0.207601366420483,0.619976029413446,0.227102439710651,0.251242618801034,0.825783959249443,0.438740780401241,1.06159603269017
-1,-0.5,-0.2,0.25,0.7,-0.693147180559945,-1.17569295600095,-0.748040141132619,-0.174816288760066,1.49411018460274,1.66647583779537,-0.545898716548871,0.137735348723763,0.151043304027358,0.116162120087162,0.619226769268704,0.496114373166839,0.135490799274072,0.35420550243466,0.15893782258814,0.113506138711853,1.20728806413526,0.869901048162364,0.483206846537397
-1,-0.5,-0.2,0.25,0.7,-0.693147180559945,-1.18092090624284,-0.692397310248639,-0.104431881734646,0.313045686486037,1.03658007985298,-0.382432480915122,0.141344344387315,0.138648460677143,0.128887159120501,0.343474884252776,0.331115033412822,0.156334713245396,0.326409073814314,0.156121565942583,0.14024346872434,0.696204282689493,0.47231925215969,0.545483419948187
-1,-0.5,-0.2,0.25,0.7,-0.693147180559945,-0.529203234555003,-0.679771211083902,-0.202176106278052,0.669208443773426,1.07422894603799,-0.943248158763722,0.157641169522092,0.169463538674741,0.154646451646726,0.370969361303367,0.31080043598735,0.1542277657261,0.507186941616101,0.204909566538151,0.150939513609438,0.694825520983923,0.500724725259216,0.65133273579522
-1,-0.5,-0.2,0.25,0.7,-0.693147180559945,-0.0845138307162326,-0.823795269205419,-0.244342661879498,0.950346737140255,1.33905563614474,-1.47787299217522,0.210332102663665,0.240816668751869,0.188843316171155,0.469836255132425,0.396672985137336,0.167658048428632,0.954955730131704,0.26392580985236,0.183969654567419,1.07763890326775,0.697880412014134,1.1347715925417
-1,-0.5,-0.2,0.25,0.7,-0.693147180559945,-1.27580276188621,-0.362524670099323,-0.434040248874004,0.28931110873147,0.548335321209029,-0.0920517855478973,0.122208516121585,0.128160973187894,0.126050415829201,0.29476433280052,0.274487586907553,0.164348098007895,0.271863243802455,0.145629146639844,0.141696848095672,0.694065370590662,0.355779351507694,0.549552258677769
-1,-0.5,-0.2,0.25,0.7,-0.693147180559945,-1.48364232154367,-0.17650219813501,-0.390612315098124,-0.590744377078886,0.062008707207265,0.460500684845695,0.117413885303194,0.11205208512718,0.101601403289927,0.211416807982116,0.212509181396171,0.195564507334477,0.195935168872623,0.125852060922066,0.112582659714977,0.933950630826342,0.199319290345528,0.873197982356097
-1,-0.5,-0.2,0.25,0.7,-0.693147180559945,-0.728767907934434,-0.623911960993277,-0.420390595287141,0.806824060184104,1.22235390005633,-1.2099053275076,0.169436966427212,0.178372187840007,0.169426249583499,0.386977427621426,0.33336061677758,0.162901284754428,0.68577238380308,0.199752458039523,0.175800317648868,0.647855689066958,0.472659170823969,0.819444494818458
-1,-0.5,-0.2,0.25,0.7,-0.693147180559945,-1.44286966935375,-0.732707215054459,-0.00780467151329555,0.246082350690101,0.785998370132513,-0.375703167495757,0.153202882241031,0.144538316948542,0.135111129951845,0.297517476954064,0.300961092382987,0.170565312513162,0.335686282504261,0.163440838135631,0.1395022742407,0.515836730951663,0.429598410764783,0.514309021569297
-1,-0.5,-0.2,0.25,0.7,-0.693147180559945,0.330988425073547,-0.349896184647198,-0.315175588724447,1.01289441306686,0.801537948904366,-2.66798698089407,0.182528642807159,0.202463428747347,0.187834370747392,0.381779129014958,0.332309637974695,0.174871870045584,2.14927101341137,0.277926380839942,0.2014843080384,0.910348008912692,0.578095617470207,2.31820410395888
-1,-0.5,-0.2,0.25,0.7,-0.693147180559945,-1.39680342533371,-0.639623046489762,-0.0826255524019491,0.408856393551467,1.68705013957288,0.104155137363136,0.131402057979681,0.123240615467313,0.0879411380914231,0.360205356788568,0.344655855632897,0.117402869528672,0.220508244099536,0.147666349933897,0.115665209172247,0.655146263381778,0.552252100231469,0.374865233508085
-1,-0.5,-0.2,0.25,0.7,-0.693147180559945,0.111338410662966,-0.335443690296177,-0.538425574436907,1.61021798768979,0.623168644846377,-2.24312601472674,0.156746576871343,0.156210206053241,0.152727185455129,0.519937449506115,0.546532122776759,0.153647515526833,1.76303275231645,0.208967452105267,0.182684206812364,1.36642696779701,0.791748207953235,1.9631597020348
-1,-0.5,-0.2,0.25,0.7,-0.693147180559945,-0.752992401775377,-0.336616159635202,-0.178387962167202,0.816606840532328,0.931229596776072,-1.38322621649072,0.162778471258924,0.16471751503388,0.144739447052683,0.400408915295629,0.366314350671048,0.163143869526473,0.778779974184504,0.201480946599331,0.170890472283007,0.86704358713871,0.625021382845143,0.96371808874815
-1,-0.5,-0.2,0.25,0.7,-0.693147180559945,-1.32151862233952,-0.231562859783791,-0.142700192943134,0.902234033049248,1.54990288224731,-0.908623826547376,0.148569643650846,0.15477272219871,0.140142235325793,0.460387121381003,0.402358429867188,0.145234768320934,0.494959855020583,0.179277039576249,0.151085225573692,0.867359009966204,0.614939246360052,0.635505712815158
-1,-0.5,-0.2,0.25,0.7,-0.693147180559945,-1.37266534857873,-0.586889961990907,-0.169819188054983,-0.747055883417007,0.15836977890874,0.516468940952699,0.116044659855754,0.12605086815062,0.118543226630953,0.195078412742269,0.193168220100196,0.198508105896199,0.221356655237008,0.160860182278725,0.139901572301523,0.941221184593944,0.240206538290221,0.975139946221891
-1,-0.5,-0.2,0.25,0.7,-0.693147180559945,0.390374729992526,-0.225496850883515,-0.0412553014848936,0.551231434276603,0.658180049785548,-2.10460981718773,0.190107887656286,0.186819017506574,0.198140905493947,0.319606125481362,0.315825329138124,0.191530357220195,2.09732236952007,0.227824484326239,0.196276120609616,1.02283658297861,0.561202263973048,2.3914886490926
-1,-0.5,-0.2,0.25,0.7,-0.693147180559945,1.71959540448353,-0.181273190740661,-0.368062686295861,0.909570382843822,0.375861586744298,-3.50628600139485,0.185231688722418,0.191653670365082,0.18469091766042,0.361892760828125,0.367769707013157,0.187018167922183,2.75561237676073,0.266470159190513,0.212951943723283,0.819330511241567,0.668456636604438,2.8555228094133
-1,-0.5,-0.2,0.25,0.7,-0.693147180559945,-1.38855623331932,-0.46094626823177,-0.276700401445927,-0.611387789187465,0.600894672434363,0.257214302856128,0.143322894939761,0.141448208725118,0.119070392421117,0.216670808940478,0.22242834036645,0.197596961887465,0.305088872072805,0.165063555683892,0.134759732395731,0.947324404533059,0.423592089767593,0.93329056356635
-1,-0.5,-0.2,0.25,0.7,-0.693147180559945,-0.921559591755896,-0.280133072703385,-0.0639217323055995,1.41803576314668,1.17727871064673,-0.664023152788411,0.123521058656171,0.125709475920058,0.112357852015236,0.519880456547141,0.473532476318542,0.131435740416546,0.570306484074085,0.149435919329362,0.113864177575949,2.6189990022774,1.63377738765462,0.952189008686258
-1,-0.5,-0.2,0.25,0.7,-0.693147180559945,0.250551551130778,-0.684713169353026,-0.114326408432758,1.03410557749616,1.1870937540197,-2.03846389953675,0.169259475223602,0.175863446762295,0.164481047992097,0.4164250015106,0.366300496177633,0.165149683577418,1.91720856609384,0.227350328762942,0.198857200617775,1.7333803101756,0.996057995973332,2.25272305716956
-1,-0.5,-0.2,0.25,0.7,-0.693147180559945,-0.978232463416096,-0.391480423338313,-0.335341540239942,0.12219100279559,0.468544995718101,-0.693454383030059,0.178590861695023,0.213963186473005,0.167004684936503,0.281459085127525,0.268876180843391,0.185724933232458,0.78324008090348,0.321987493854733,0.1584385220383,1.17286275822902,0.774978995394847,1.24200691587484
-1,-0.5,-0.2,0.25,0.7,-0.693147180559945,-1.31380275301469,-0.423485081678325,-0.0834363448842809,0.512355001338853,0.84371431929162,-0.399452085533982,0.140048149514427,0.132793735499333,0.127221583046191,0.341955024132382,0.318246015023632,0.158766153538938,0.600847400457133,0.163662166884679,0.171532407339869,2.05546004303258,0.9544818722344,1.32848757499866
-1,-0.5,-0.2,0.25,0.7,-0.693147180559945,-0.908449290212684,-0.489447230831343,-0.254638984053394,0.615209616341855,0.942459184739512,-0.847985215831997,0.149895532964744,0.156001901336241,0.144251534408872,0.359161586874813,0.340432829383736,0.16213736883166,0.746808490320658,0.189156726775336,0.214403403966189,1.65603925755287,0.88911613051341,1.22591094686878
-1,-0.5,-0.2,0.25,0.7,-0.693147180559945,-0.772759182109959,-0.284678725680571,-0.199043283283414,2.4460027627585,-0.427973875823694,-1.2546084464738,0.120130305992191,0.120117430336036,0.119829362230562,0.741175186996063,0.81086476965196,0.123019968421381,0.645400614666555,0.148092450641083,0.120567201639889,2.64838236502065,2.02015904834953,0.805233406198269
-1,-0.5,-0.2,0.25,0.7,-0.693147180559945,-1.47582426920726,-0.65919606236266,-0.317385000879593,-0.711600147503844,0.699525435848952,0.512874647334201,0.134257693312331,0.128409807120476,0.145590876967224,0.213316614021478,0.22200003324322,0.186648507656864,0.192570832590743,0.139867423316241,0.15900809358541,0.704269270039154,0.29443174935812,0.648573244780632
-1,-0.5,-0.2,0.25,0.7,-0.693147180559945,-1.3113010438365,-0.598526648418701,-0.203230532751122,-0.379483685297701,0.632036263070844,0.231544393427598,0.133042640050181,0.122563933138987,0.122969716559832,0.224481324119226,0.232361990679912,0.180639796408384,0.220574955434042,0.142093568500123,0.136163215567053,0.490049367829807,0.302212013688845,0.504724161727476
-1,-0.5,-0.2,0.25,0.7,-0.693147180559945,-0.832743166009879,-0.456640638016294,-0.280907016567651,-0.0254731940309377,0.478642216659121,-0.719364290015178,0.171351240457266,0.189697888399407,0.179624522520544,0.24289796969745,0.258367462678982,0.186661898875054,0.513163017423888,0.211400369578517,0.180300530403728,0.479992031046764,0.371101826031083,0.748321200468024
-1,-0.5,-0.2,0.25,0.7,-0.693147180559945,-1.07561893391741,-0.809316919169679,-0.218162609078367,-0.458656718830914,0.97686298197424,0.00561262871817843,0.182485621356951,0.161752258911294,0.156517658384167,0.231120524413926,0.24700872365221,0.191370351355698,0.332660327343698,0.183993170264335,0.170934664433533,0.574552936519935,0.327406547241695,0.662842149841248
-1,-0.5,-0.2,0.25,0.7,-0.693147180559945,-1.43538178077816,-0.769334482554898,-0.340641663109875,-0.917191250973697,0.791101988068448,0.50246761651402,0.134707328646533,0.138477371859843,0.124230316791653,0.19519269893855,0.196770746086283,0.192705088235739,0.265014528336376,0.159958675649261,0.157812484365463,0.976932247880154,0.295142209997791,0.999453989353813
-1,-0.5,-0.2,0.25,0.7,-0.693147180559945,-0.676886704280464,-0.588060288197115,-0.186748291919079,0.604519932258581,1.10071880108707,-0.949308705936936,0.168151358135067,0.180255269750213,0.185615287354661,0.359310144998913,0.312393912577379,0.163266630034681,0.687859781658241,0.236807645650568,0.164636230209403,1.18529232739169,0.630676944423153,1.02782875428755
-1,-0.5,-0.2,0.25,0.7,-0.693147180559945,-1.25773392379371,-0.40764560709409,-0.0680137907704535,0.300665965683619,0.738384289463311,-0.469533113293312,0.141611068988039,0.147702033524293,0.140832797157367,0.2981384273013,0.277021347086001,0.163806212578847,0.346483386262116,0.159285460289082,0.145180757397427,0.493491000708987,0.382513444425776,0.50478129869282
-1,-0.5,-0.2,0.25,0.7,-0.693147180559945,-1.27697666312121,-0.305583785766814,-0.198922321683092,0.102432397640417,0.538655723433077,-0.327799144760844,0.149283110057667,0.140268658813043,0.135137640757994,0.27563865681764,0.27391323117849,0.180078684332352,0.352199273125252,0.165923189008957,0.155031736142827,0.602643486024465,0.35816780658975,0.603159835026776
-1,-0.5,-0.2,0.25,0.7,-0.693147180559945,-0.932355283016947,-0.562424436431818,-0.116572070634489,-0.100962362252746,0.695274843970938,-0.683458478751908,0.212550633481846,0.217652153003473,0.202690694711705,0.253362517429223,0.244413145069355,0.203931963864442,0.697697070523149,0.243173146877978,0.224208910743797,0.828911632848807,0.418746633102042,1.08012730499131
-1,-0.5,-0.2,0.25,0.7,-0.693147180559945,-1.1084082577691,-0.470009247205569,0.0287745649387133,0.614818580404144,1.00754184016108,-0.889800374859683,0.152521305698278,0.144861796005629,0.134744635049332,0.376494619591123,0.36126468620234,0.165425090874836,0.581952832319093,0.211940927071752,0.155626346403255,1.05828677063748,0.488015775291538,0.960214055069612
-1,-0.5,-0.2,0.25,0.7,-0.693147180559945,-0.670258954589264,-0.581054861019471,-0.23686927844543,1.19259074285356,0.698948012506329,-1.34836254285799,0.153725950685947,0.157217833626008,0.145306875072467,0.460925188628025,0.438703366787155,0.152323137867901,0.910535288428794,0.20463545108456,0.151039345076007,1.43909028540514,0.87014635149225,1.17502701012723
-1,-0.5,-0.2,0.25,0.7,-0.693147180559945,-0.445330829682035,-0.343706691114907,-0.0498417217369268,0.430018317020705,0.511806872202299,-1.73067921135226,0.184994323385205,0.19917643564963,0.197559344611081,0.308900335828701,0.276957668329996,0.186730144746038,1.09406345160984,0.240097752375354,0.176597213158521,0.619708571657285,0.415944847856065,1.26872517822701
-1,-0.5,-0.2,0.25,0.7,-0.693147180559945,-0.688551164268541,-0.291569881145417,-0.426846277518336,1.56688378936496,1.49931674337511,-1.38106099984505,0.152244291286037,0.158421554977634,0.1393798871967,0.624669056937922,0.567032348979048,0.142717322563473,0.779055318393493,0.238933184678762,0.171591701976698,1.40090762354851,0.873368732874248,1.00577973387998
-1,-0.5,-0.2,0.25,0.7,-0.693147180559945,-1.04881889203655,-0.123863533637478,0.032977428766603,0.035991997283763,0.708826916442322,-0.149870957087227,0.136504826851168,0.132808510346126,0.132641533683009,0.265870746250173,0.272604064334759,0.176379279636728,0.345758337622174,0.17135596709137,0.132296099119843,0.696986167820966,0.372033094012572,0.741562653354714
-1,-0.5,-0.2,0.25,0.7,-0.693147180559945,-0.780798872968933,-0.595656515937524,-0.332226083595235,0.169848068395838,0.990386910805019,-0.774984330417607,0.198404665416854,0.231256855569705,0.172395479244012,0.287966067139966,0.263511853893278,0.178573421950114,0.840658973092747,0.283842635479731,0.187956574256275,1.13997423309617,0.553035771819868,1.31109731925964
-1,-0.5,-0.2,0.25,0.7,-0.693147180559945,-1.05842428606298,-0.366742115669664,-0.273283031546562,1.47302668314298,1.26233609949054,-0.836561385046214,0.134320181010978,0.140300898751451,0.124391859440186,0.555674566377725,0.415788610718389,0.131650322947266,0.697286781316094,0.198684935057661,0.125955440458618,3.12798775392367,1.59872905057422,1.19189910068335
-1,-0.5,-0.2,0.25,0.7,-0.693147180559945,-1.42613623682689,-0.746696124095403,0.064028265847916,-0.756630193132059,0.36024717739221,0.00907900413932948,0.161629787938028,0.167509817527002,0.148404813908996,0.208268264959418,0.200288722824107,0.224857814900133,0.293964438333307,0.182013113615802,0.179027299393619,0.623400241622314,0.263179955683182,0.726299444380823
-1,-0.5,-0.2,0.25,0.7,-0.693147180559945,-1.33166306723603,-0.746360989920647,-0.443942715946915,-1.12511832977067,0.265532242565479,0.560057830313379,0.13674604754038,0.149591132840608,0.114474236220548,0.18256016061934,0.188296931620172,0.207301114010734,0.211850644338774,0.178380668294059,0.134152511196765,0.830028470102112,0.243132763293351,0.912429255898709
-1,-0.5,-0.2,0.25,0.7,-0.693147180559945,-0.963723242215774,-0.281688576055227,-0.166845306602384,0.618842938207997,0.230955584761603,-0.774171623217165,0.140128174689838,0.13840419388167,0.153226261062882,0.327906220110966,0.321931445523388,0.165531539918381,0.592057554888605,0.168604161667537,0.15351246330613,0.997561131230501,0.500643068935009,0.934783725156044
-1,-0.5,-0.2,0.25,0.7,-0.693147180559945,-1.38629796205625,-0.607268036826855,-0.0829319398671824,0.158049643020774,1.03246427701109,-0.0278543028502383,0.138231306879469,0.13690507789249,0.123290687416588,0.294745335571103,0.276045952940788,0.156244565279765,0.248784790497967,0.153891804603199,0.109300720209725,0.644680613707993,0.348039260394245,0.494050727052242
-1,-0.5,-0.2,0.25,0.7,-0.693147180559945,0.118557409158747,-0.805079714548668,-0.437351078132979,0.296528069356958,0.832585869524065,-1.98955729762604,0.204050091437904,0.203038805075434,0.248482187571874,0.298133646018759,0.290167883742155,0.195073921256054,1.63499004207156,0.25973212655579,0.164948681221519,0.771672049407936,0.471716899417308,1.86876322442535
-1,-0.5,-0.2,0.25,0.7,-0.693147180559945,-1.46573896049,-0.402556289915609,-0.177244085575307,-0.65368147314826,0.493884572010268,0.147024898424629,0.141328304541185,0.139331159034211,0.164564024173936,0.20934310778969,0.200544367728287,0.202317237003894,0.27407160924378,0.156909524382945,0.179425085967192,0.659441819155785,0.251844460478354,0.725320900467307
-1,-0.5,-0.2,0.25,0.7,-0.693147180559945,-1.40498509003579,-0.386162326289815,-0.328417149948815,0.127175169687886,0.943017899161145,-0.318494557031858,0.151308664011613,0.156735609999867,0.126654950894715,0.282902204281809,0.266086522114211,0.166908477809498,0.374236314102102,0.171950939318412,0.13129700070184,0.73627286652589,0.4149555726623,0.666831582360524
-1,-0.5,-0.2,0.25,0.7,-0.693147180559945,-1.63809578118671,-0.377096729032127,-0.119476049357116,-0.933063985162307,0.253496597439397,0.762217951046981,0.113477191931092,0.121958571936376,0.122262211805204,0.183573587937787,0.177159827464481,0.186446808718411,0.142596710565372,0.126396944646117,0.132759042110003,0.478185193601866,0.209446653406208,0.469281566590359
-1,-0.5,-0.2,0.25,0.7,-0.693147180559945,-1.26970681868852,-0.57009879665665,0.0493310013852531,0.370761893781838,0.436405449078523,-0.242828322587096,0.127802463931095,0.134746938375045,0.120588240946107,0.300644198214934,0.27554491450155,0.161038037832671,0.355012339582416,0.160274421744495,0.125833661186422,1.10152474269702,0.456222402202343,0.804032591219745
-1,-0.5,-0.2,0.25,0.7,-0.693147180559945,-1.4636127253173,-0.346641814149944,-0.366855811109657,-1.59174000068227,0.28625294897401,1.19465105898553,0.117979645006785,0.10687472169612,0.0909161114539674,0.163455761141651,0.170238998684147,0.181262639350485,0.130587556612127,0.131663374081799,0.101062739836583,0.888771518115663,0.205914400226726,0.914351636604103
-1,-0.5,-0.2,0.25,0.7,-0.693147180559945,-1.35127661325978,-0.84881228756698,-0.11941375130065,-0.327184718005674,0.709127546609374,0.205974619638879,0.130791781654426,0.124524103950301,0.125851207338763,0.236973048467764,0.246420636956906,0.175503171021367,0.217247587422136,0.140707037234453,0.125938709972788,0.473172168412785,0.350664011888351,0.454767293481134
-1,-0.5,-0.2,0.25,0.7,-0.693147180559945,-1.47103582151232,-0.19578683570576,-0.234894436009625,-0.216389996250521,0.35867508135156,-0.320214168678507,0.154370284518069,0.155467291725792,0.136721670900714,0.24557848019095,0.23787997272569,0.198120285946902,0.419993281784175,0.187800924028273,0.206282473099396,0.739686799319706,0.266744554656831,0.863022261407858
-1,-0.5,-0.2,0.25,0.7,-0.693147180559945,-1.73595062333704,-0.384329914736786,-0.261392367457471,-0.93581165686112,0.591926465931314,0.810822600316047,0.124889875005669,0.127117995783631,0.111424235849765,0.189568297989752,0.188044395680962,0.184723652271707,0.146330213554631,0.129494961807245,0.123571747551171,0.468627503395794,0.243865470197181,0.454628269854816
-1,-0.5,-0.2,0.25,0.7,-0.693147180559945,-0.969852919245987,-0.741226405358895,-0.236555397632314,1.08927776808536,1.29120602737776,-0.813064302191805,0.142466619464098,0.151874615825431,0.124824569040996,0.461586971600979,0.375727766290804,0.143773465792018,0.478359034119346,0.192889535660074,0.124552945423773,0.8876604193789,0.605588590303753,0.658779788438906
-1,-0.5,-0.2,0.25,0.7,-0.693147180559945,-1.05717345669947,-0.595763831518462,0.188256706571957,0.124351830549782,0.543593676624196,-0.384025746702769,0.145057046865529,0.139854001985996,0.162627648457046,0.279489553619164,0.285875457162175,0.17763437760249,0.339287884838752,0.161738366538012,0.169253007008367,0.554061390765528,0.404156385064275,0.559079912216999
-1,-0.5,-0.2,0.25,0.7,-0.693147180559945,0.665078803309429,-0.258616903930478,-0.51249125841803,1.23000384942822,-0.115641535083411,-2.12928310974001,0.164560257032602,0.160938634455881,0.169848915642235,0.408401985813109,0.405412760620579,0.167846101701202,2.32543465038022,0.285267582342996,0.202393054385469,1.98704534693451,1.00230922724501,2.73645563347444
-1,-0.5,-0.2,0.25,0.7,-0.693147180559945,-1.50047913208088,0.00478644389405795,-0.278037560295748,0.448128403641943,0.89457704025628,-0.312984675719819,0.137452700676845,0.127704637286885,0.142989415280049,0.346644992777338,0.349734902153814,0.167785686670385,0.307557438863454,0.150428846530857,0.146346006826803,0.680688246257381,0.452994840916517,0.559239575031608
-1,-0.5,-0.2,0.25,0.7,-0.693147180559945,-1.58345448717011,-0.424853739606866,-0.218705902921328,0.041754458713551,0.65984974182469,0.121591454040513,0.123197188263894,0.11030245932313,0.107043704464703,0.280627681943701,0.29339226569865,0.161625874673302,0.206590469924107,0.115842971922223,0.127442541998144,0.589530494896992,0.445804280577804,0.436963273188201
-1,-0.5,-0.2,0.25,0.7,-0.693147180559945,-0.820643454261427,-0.189108418589783,-0.124557514479315,0.540744611262137,-0.0309764668253374,-0.805752064618427,0.142149793064466,0.138428537763325,0.152084756138512,0.301595458491565,0.279405662951423,0.167110406903422,0.598526591094042,0.160158190326298,0.164112921437078,0.918792780706662,0.424740482211704,0.933948288675607
-1,-0.5,-0.2,0.25,0.7,-0.693147180559945,-1.18168560157213,-0.529759483032767,-0.165986225380738,1.0248363605243,0.982745803382575,-0.428375941157048,0.121889069475999,0.123446827936714,0.125305997816041,0.48136195554621,0.4078675845772,0.140380191159473,0.381264639858886,0.148598333014628,0.129207966983874,1.49238981153594,0.8468151466288,0.691802708216883
-1,-0.5,-0.2,0.25,0.7,-0.693147180559945,-1.11134628846231,-0.527099152539991,0.183908572979621,0.640028407182478,1.08920627394776,-0.343112222615515,0.130403877037416,0.135632840690223,0.137167827029881,0.376764952960426,0.342132374750027,0.150212300963918,0.306761565009582,0.155648060574162,0.151812718294882,0.916764945642853,0.633203494727548,0.519896828547477
-1,-0.5,-0.2,0.25,0.7,-0.693147180559945,-0.713850841765726,-0.231333105162789,-0.0485794530214064,-0.207499664366728,0.12815868135017,-0.451084678942571,0.155537937992038,0.148294593255416,0.173802855521336,0.225066831625828,0.222651835471856,0.192994431311674,0.444814846695385,0.166189163690949,0.170557388244091,0.535124962026379,0.29838763605115,0.731143545196226
-1,-0.5,-0.2,0.25,0.7,-0.693147180559945,-1.0463550238222,-0.373026155141495,-0.307328487860358,-0.0507734342177084,0.199800596782587,-0.255005148930638,0.150309880126169,0.139937611140747,0.128300655479501,0.252801373703776,0.253436455838141,0.192617542724557,0.482175839893164,0.162478117919474,0.193003377593616,1.01209975176401,0.382911643878998,1.05986235591766
-1,-0.5,-0.2,0.25,0.7,-0.693147180559945,-1.45831101533756,-0.616941548751442,-0.116483484434064,0.00626758984795801,0.877091333068936,-0.173456634606536,0.144470495010545,0.137204803946623,0.125415544405443,0.296829511375891,0.292671799998157,0.176590888823762,0.291167581493884,0.146125079511136,0.136843650651569,0.561455378445411,0.424488019175488,0.501085796105687
-1,-0.5,-0.2,0.25,0.7,-0.693147180559945,-0.0734422692372044,-0.729185523656611,-0.0340219719565165,0.287711244130881,0.255209031279117,-1.66044676703899,0.187735352605544,0.190633005215318,0.187278879045333,0.279520869170131,0.281647375637488,0.197297840943808,1.27062223746634,0.24597347060609,0.218631372912041,0.62716130305708,0.362922814977486,1.49597568017
-1,-0.5,-0.2,0.25,0.7,-0.693147180559945,-0.724607681041242,-0.371384397052399,-0.155066279801487,0.736319886036603,-0.358762367286048,-0.997127947818285,0.146063641100937,0.146049332696164,0.151706871473082,0.335352810833639,0.334123447377575,0.162247165237935,0.734316845147019,0.182645824236503,0.165542628583853,1.02885725842045,0.451716692634533,1.0603271841193
-1,-0.5,-0.2,0.25,0.7,-0.693147180559945,-1.00072406772708,-0.744503244290229,-0.314732308205076,-0.301405191525212,0.59531802813065,-0.0744625957279881,0.156050833266227,0.148337875566255,0.137853565005135,0.229659367941204,0.230228724860542,0.19168204667095,0.312636936524695,0.166563884015439,0.155925112766295,0.577700641254685,0.268403014456964,0.637811908378542
-1,-0.5,-0.2,0.25,0.7,-0.693147180559945,-1.25783511880484,-0.444461847808662,0.247901025627933,1.16802655036197,-0.664408602818817,-0.676396154578004,0.128989708484232,0.136647461293595,0.119868210515578,0.446873164857515,0.407445056289456,0.141037079221394,0.440040143172652,0.191377959115851,0.133687739015317,1.54798413631862,1.20810402451856,0.690835699742542
-1,-0.5,-0.2,0.25,0.7,-0.693147180559945,-1.24488030619399,-0.868548867200578,-0.440097565285689,0.589764558036716,1.53539472099444,0.203883082035336,0.120629405324725,0.115228724053254,0.110590483542919,0.449242652557309,0.412814565157967,0.139534022148236,0.195953371634592,0.137843018982954,0.130322165481149,0.772585655716466,0.569029652964143,0.398050672169295
-1,-0.5,-0.2,0.25,0.7,-0.693147180559945,-1.37304534593731,-0.311506255563984,0.106581736329365,-0.316555145123126,0.205614367597919,0.457084958923506,0.110878219422061,0.113103915665017,0.115111424924033,0.218728708604439,0.208266076402529,0.179956998504395,0.17439912111576,0.114214716457949,0.124448139291586,0.53676839422526,0.263032070274958,0.48155607766144
-1,-0.5,-0.2,0.25,0.7,-0.693147180559945,-1.17119924542744,-0.352940811656779,0.140050172540478,-0.0180801854888106,0.430218377975476,-0.333801743482256,0.143367120189665,0.146795664542118,0.139748457650339,0.259846991180514,0.246109189698539,0.186644613316016,0.563824358087165,0.175509946594025,0.215351313171764,1.18140667807927,0.329176781207217,1.25241298886885
-1,-0.5,-0.2,0.25,0.7,-0.693147180559945,-0.640243231543197,-0.515036895177787,-0.148908604397155,0.129706363148371,0.181979666463822,-0.488492205583235,0.151925133681899,0.159900481826053,0.178988518968859,0.273186653435362,0.25840171748538,0.185023484125681,0.457862800041183,0.186554715704063,0.181588329364576,0.675898672565119,0.338822303276165,0.771917377736532
-1,-0.5,-0.2,0.25,0.7,-0.693147180559945,-1.34715974213633,-0.384972961302226,-0.0998152550671258,-0.823911108095437,0.0168284852712684,0.31446595622858,0.139714193288589,0.155868810566348,0.149558780032864,0.191284096075714,0.187964336507435,0.209411969396846,0.220504685596189,0.171053033640708,0.166189902526769,0.556080046792212,0.202919980286108,0.626072017329127
-1,-0.5,-0.2,0.25,0.7,-0.693147180559945,-1.09852023689832,-0.651695813476403,0.147577886640651,0.421175847838639,0.929437251680655,-0.691746896366852,0.14940338097435,0.158264989643541,0.149893870420563,0.311664317957131,0.289556076221664,0.164346286942296,0.479907312285926,0.174056167812223,0.155050964614329,0.689492453367595,0.42604551112467,0.688149670321131
-1,-0.5,-0.2,0.25,0.7,-0.693147180559945,-1.27018285122153,-0.461008524171061,-0.273974285160993,0.00404410212358594,0.167468840674935,-0.466922286133,0.145650299025746,0.157895607933101,0.158237081734564,0.244716622994348,0.252148251324913,0.178227554832078,0.380626448975442,0.18417406574099,0.166873987444811,0.485094368066601,0.332378323994214,0.602082012115441
-1,-0.5,-0.2,0.25,0.7,-0.693147180559945,-1.24739453126108,-0.795513123278184,-0.155097236307059,0.792585533109936,1.5490375982795,-0.477217976098945,0.138924502449362,0.137871803706358,0.115448872634403,0.460707870892692,0.460112574037305,0.152824760465311,0.327776639529592,0.154401589204809,0.114225615359581,0.940076343852375,0.773366680522119,0.525013888981196
-1,-0.5,-0.2,0.25,0.7,-0.693147180559945,-0.849491377779484,-0.286381305753603,-0.0686728860112714,0.814368982492088,0.547227484025129,-0.954276195341503,0.142587904624009,0.154518683414344,0.139530776573548,0.365231909894098,0.383381159771689,0.157763621391835,0.894555566750856,0.29416497826916,0.219944212728196,2.22335372170921,1.24400497704873,1.50532552738228
-1,-0.5,-0.2,0.25,0.7,-0.693147180559945,-0.180343362097038,-0.487424557341269,-0.214972598170287,0.818506928084068,1.17436502458061,-1.34738375963813,0.175818668162631,0.17265832772232,0.149650654551524,0.398463363212351,0.362817402850718,0.165487376196121,0.785621313000781,0.196835186097856,0.175743320645895,0.888129006220362,0.684408739010146,0.935367965078776
-1,-0.5,-0.2,0.25,0.7,-0.693147180559945,-0.85640004585227,-0.372115839947832,-0.40598972540631,2.17223738816975,1.62256846085054,-1.05400594512433,0.127091149469716,0.14427535752958,0.136226312842109,0.853127348561631,0.712174945624575,0.131214194439231,0.649645994019581,0.183880338824845,0.162982909473448,4.76661674719126,3.08320599556189,1.00377829036094
-1,-0.5,-0.2,0.25,0.7,-0.693147180559945,-0.460134546800126,-0.473856896027365,-0.120561047100074,1.98715142547231,1.75135981022201,-1.35448526895465,0.148449378553421,0.161615105879072,0.142518609951813,0.71515182534902,0.6035405946766,0.104879187402245,0.70915657495021,0.217942575579933,0.201956076152039,2.00106560327587,1.35569064639679,0.876238070255957
-1,-0.5,-0.2,0.25,0.7,-0.693147180559945,-1.37561786310024,-0.350694671099265,-0.482068721408672,-0.239296157889639,0.866737656021911,-0.0983810891405127,0.143982534398813,0.134032717061424,0.145473947950009,0.260229898819782,0.275074014635102,0.184151428773366,0.288458462670614,0.162518697625302,0.147269308282403,0.650189519708397,0.355943833898905,0.610417801286251
-1,-0.5,-0.2,0.25,0.7,-0.693147180559945,-1.24741838765455,-0.509458008924499,-0.235887431868394,0.0596812663013445,0.337010499097283,-0.462048551608818,0.144519798736234,0.135433204295012,0.15455304732771,0.260293693957989,0.233452107096948,0.178466784264409,0.408360874331764,0.151675960593378,0.176539598177546,0.65495019844048,0.356980782751145,0.714265043622574
-1,-0.5,-0.2,0.25,0.7,-0.693147180559945,-0.946894555177352,-0.451070049224944,-0.11613747735777,0.352022220851062,0.657136438126377,-0.787807824249455,0.15036373096918,0.141415062034352,0.143058207629488,0.290061412123212,0.28488013208259,0.169163408716341,0.645098549729665,0.179430605342412,0.175394758871283,0.822355931859205,0.455699557015596,0.98070399642204
-1,-0.5,-0.2,0.25,0.7,-0.693147180559945,-1.07753959252719,0.0439094261590131,-0.702294921307222,1.17433931782655,1.03511571338766,-1.05174744298901,0.146925574556011,0.134923058505348,0.168154814601401,0.479745887850168,0.46673567188125,0.133805088088151,0.60339067600493,0.16311717568815,0.154173925508584,0.941425702156547,0.696920027929268,0.777292402700366
-1,-0.5,-0.2,0.25,0.7,-0.693147180559945,-1.13463929560774,-0.56103479992416,-0.608420001248267,0.99412838585304,0.656821971550181,-0.858375095438649,0.138155821351609,0.139063118679305,0.156362236800581,0.402833651874639,0.395215931384092,0.148837509073795,0.675806621601771,0.173857951940372,0.171642515969737,1.80573047372824,0.967003499056795,1.10390242410334
-1,-0.5,-0.2,0.25,0.7,-0.693147180559945,-1.34260688851449,-0.634463360884327,-0.0816598898526184,-0.376589570976691,0.520812249984468,0.341853915481185,0.125538015083878,0.123584554525278,0.120132284310002,0.226799141207411,0.230407346648856,0.185418582674015,0.201889438473313,0.136573844871164,0.125548278134938,0.557410533231277,0.282869408132952,0.510024195644557
-1,-0.5,-0.2,0.25,0.7,-0.693147180559945,0.393328328839284,-0.706429593296638,-0.294849762249398,1.66839303210221,1.26776522283101,-2.31549005120895,0.172135411787477,0.187329366338801,0.162783944109901,0.576431091908295,0.479364910782748,0.160321093821306,1.70889701382531,0.207238850635103,0.181712491598022,1.66282359652778,0.947513795383338,1.8777779182415
-1,-0.5,-0.2,0.25,0.7,-0.693147180559945,-0.714219521536649,-0.451170197849399,-0.280123052454771,0.261718243317615,0.511480771937179,-0.946194542985885,0.167718868399667,0.16938154194181,0.174145230394511,0.286810953212439,0.265857067946775,0.181174281192959,0.860187766356655,0.196423827762995,0.187693380013423,1.15309166526765,0.548796069555384,1.33005307380205
-1,-0.5,-0.2,0.25,0.7,-0.693147180559945,-0.621079011207189,-0.194642220744601,-0.0519402659611015,0.25197397729978,0.291904838512844,-1.33118782529737,0.176495515025518,0.196609999056672,0.162771963569389,0.288440132426281,0.28278205844573,0.193751415681044,1.04587299307905,0.240809253363903,0.20131944216589,0.808834169247669,0.406636364716611,1.38880956179453
-1,-0.5,-0.2,0.25,0.7,-0.693147180559945,-1.38634380982865,-0.565564415381803,-0.332625227623215,-0.0332677973441854,1.05432449074108,0.00879049214114863,0.148687171905766,0.147339042955207,0.115102477539017,0.284385441245967,0.27620963659345,0.162420028865928,0.262479629377196,0.152805260447882,0.133011436729892,0.589116380985791,0.421662858504215,0.480764973579353
-1,-0.5,-0.2,0.25,0.7,-0.693147180559945,-1.09536229405381,-0.540797320849152,-0.151170770227537,-1.0869047445751,0.317803511671858,0.389670641805119,0.165776457174022,0.156257927082214,0.144262253072932,0.182908458680435,0.181817479053295,0.23010968746891,0.333169343604624,0.174137422614132,0.183981292627619,1.37441938000907,0.205008467682514,1.62580263144339
-1,-0.5,-0.2,0.25,0.7,-0.693147180559945,-1.26188439631525,-0.514889772051904,-0.0626790156758934,0.461340277522467,0.714451042517949,-0.411278289602466,0.134484180217468,0.130193188497178,0.146081585116065,0.329465073883822,0.303659684199235,0.159696210192934,0.404680693581214,0.146575917455496,0.200008359773312,0.848482320610486,0.498998548614201,0.718656335529369
-1,-0.5,-0.2,0.25,0.7,-0.693147180559945,-0.639267825373933,0.306117119398373,-0.177998781495929,1.65160309256402,0.498769345437852,-1.84985354870449,0.147866486990342,0.153595417353902,0.147758226629606,0.476976286620553,0.425267026640393,0.149010367936612,1.34468380581009,0.208219002504552,0.172252011076556,1.59019195812338,0.687146952044046,1.56729893759916
-1,-0.5,-0.2,0.25,0.7,-0.693147180559945,-1.70001988996991,-0.655825267586026,-0.498378164950934,-1.1652314179362,0.888173333071642,0.960754633623825,0.113220578480501,0.10172717495241,0.138996411900024,0.194469317041452,0.201880969869511,0.173043580984749,0.136860492638853,0.135764772527733,0.163370249992951,0.70586419974682,0.243647166270071,0.643414236806416
-1,-0.5,-0.2,0.25,0.7,-0.693147180559945,-0.856799566237305,-0.557876761988737,-0.101949151003759,1.79557092443125,1.40630810671389,-0.880033049821759,0.130664602589239,0.140361710235801,0.120841426819261,0.634324954462048,0.549291316830894,0.11500692805479,0.668139142868401,0.183551424754801,0.136981326474869,2.97128891355079,1.88308641625475,0.999196002325853
-1,-0.5,-0.2,0.25,0.7,-0.693147180559945,-1.0453996721316,-0.255839511485465,-0.38027615937716,-0.0941163203236233,-0.221840815053257,-0.651796927677494,0.167895768177944,0.165787310716706,0.181291489735884,0.245376857833108,0.243489682326131,0.200696448972698,0.637380492342315,0.207876299658778,0.193887452041741,0.821510568172837,0.369092834616069,1.09393208421926
-1,-0.5,-0.2,0.25,0.7,-0.693147180559945,-1.6270835076044,-0.622424266452538,-0.266841727466279,-0.375956024550789,1.05042022574161,0.769550747252269,0.101293717106914,0.0928305444533506,0.0887984161762351,0.262060803117269,0.27200367512537,0.154243041442197,0.125344630265627,0.10427241191867,0.097170360298323,0.520467560206766,0.389727357878795,0.360720887829686
-1,-0.5,-0.2,0.25,0.7,-0.693147180559945,-0.668664614477791,-0.480730555302494,-0.212831391766612,0.580093303858489,0.730863756868271,-1.16284437100759,0.159308756322919,0.156082999711413,0.145717769387207,0.325507102614853,0.319436229747928,0.16638338443421,0.641200076777327,0.2022368212619,0.163346281206771,0.601902034273417,0.462680601311668,0.824880573300542
-1,-0.5,-0.2,0.25,0.7,-0.693147180559945,-1.3519060784044,-0.281588631519919,-0.0748863179722351,-0.974859423644591,0.173593872170111,0.413217937138461,0.13619167397915,0.146234025180826,0.150578982583668,0.182540930648335,0.182354332069681,0.212766648180435,0.216553046905929,0.158735321759433,0.153997078263712,0.546342134833543,0.217834591334289,0.635732066745654
-1,-0.5,-0.2,0.25,0.7,-0.693147180559945,-1.71311503582281,-0.659372983313132,-0.107329529335011,-0.515490966169657,0.469039719137568,0.455444118997891,0.117177622885418,0.121414128171111,0.110583461027352,0.213066881406682,0.207763553122388,0.181870705684774,0.170485540581072,0.121360502587151,0.116576674025684,0.525718132069762,0.246418985983537,0.473897474354786
-1,-0.5,-0.2,0.25,0.7,-0.693147180559945,-0.953072134704691,-0.73145125608822,-0.145129743242194,-0.318055482737874,0.249828070139821,-0.524543330428393,0.164938565567552,0.175222735867388,0.143515269265929,0.219463890289519,0.206132417070298,0.200667944688215,0.481632792342869,0.185406955201152,0.187359651926756,0.578804550692241,0.275105629879255,0.831311066938913
-1,-0.5,-0.2,0.25,0.7,-0.693147180559945,-1.45155060245642,-0.151863314681768,-0.301096506345447,-1.31358318217923,-0.210985237793643,1.26933904246995,0.0977948838021539,0.100463010461732,0.102164858784148,0.164352741939698,0.1647642235946,0.177186379346505,0.109573235543564,0.109945697646868,0.109844730444925,0.694085859558708,0.189826163263884,0.681546402881385
-1,-0.5,-0.2,0.25,0.7,-0.693147180559945,-1.62368333109522,-0.253776305611585,-0.537148186226913,0.639968586595925,0.849953620222041,-0.0248428990980315,0.114171850224076,0.116190623053408,0.121610245686331,0.393444540101157,0.372206064558347,0.128722004015862,0.219434622420034,0.132255655513758,0.117126445742104,0.797887075756866,0.514577675750076,0.446705651849552
-1,-0.5,-0.2,0.25,0.7,-0.693147180559945,-0.803783908022177,-0.60554878484701,-0.0516353782495862,2.20961815116347,1.41924809903305,-0.894646227188192,0.122735757292021,0.12505371923675,0.111773712849563,0.834160648244092,0.67990817078299,0.120708346086477,0.453181601740253,0.157010063605852,0.118723590327445,2.42884998943622,1.48398368331662,0.645451221977025
-1,-0.5,-0.2,0.25,0.7,-0.693147180559945,0.398192724558871,-0.738056248140429,-0.255030920202535,1.26599431026853,1.49290701599164,-2.60694493326823,0.181766009930589,0.183633532974508,0.165815723799288,0.501936216767005,0.451836188300598,0.169441517370957,2.29784737400295,0.218542286637166,0.19668343287406,1.55548935203671,1.01425597390076,2.50368167820913
-1,-0.5,-0.2,0.25,0.7,-0.693147180559945,-1.57222282162369,-0.30113931914839,-0.71597152859335,-1.11899226111167,0.0518716408106108,1.02646894719716,0.105862324884829,0.109645908820673,0.105371241896238,0.17482118183015,0.176650308224426,0.189566888859258,0.123150471128128,0.118341200403628,0.115206992674756,0.591243029241983,0.203535356764397,0.572530406004205
-1,-0.5,-0.2,0.25,0.7,-0.693147180559945,-0.830563248147333,-0.526102990563127,-0.219898042785438,0.443836528693791,0.999148523288676,-0.434244660130679,0.140720133358784,0.139583038681411,0.129167240469924,0.365221039810228,0.338377396313487,0.160757819629416,0.388740882468094,0.169489060129845,0.140949633650272,0.969229442544714,0.628213791843808,0.666852876163609
-1,-0.5,-0.2,0.25,0.7,-0.693147180559945,0.0169566272352813,-0.0206340958543838,-0.373792170954366,0.521362643326818,0.479422986794539,-2.20642529998788,0.184431120018575,0.182628469290074,0.187775345266907,0.299109646517848,0.309408048380377,0.187250488650415,1.66745228943795,0.217868514180722,0.20911092912858,0.572458506327988,0.476321820303102,1.80870063441559
-1,-0.5,-0.2,0.25,0.7,-0.693147180559945,-1.43042364971332,-0.66644888998622,-0.164292603360811,-0.335308462431922,0.29908994324046,0.0514189684588575,0.13363133909996,0.135834078771098,0.13923319135369,0.222824509440305,0.228878979164529,0.189340285446834,0.282935736107673,0.167296187112331,0.16008427333459,0.640274448563484,0.30955679533704,0.650579083416784
-1,-0.5,-0.2,0.25,0.7,-0.693147180559945,-0.850366096118122,-0.839746694495695,-0.352376255458054,1.84025790090241,1.47841973089572,-1.04004679947071,0.140415225609126,0.148322600655689,0.126472588597867,0.753309712721752,0.579074885140726,0.136126403789407,0.507872101803983,0.178461403061672,0.114643929603018,1.69759710704479,1.07010272407062,0.654413538292525
-1,-0.5,-0.2,0.25,0.7,-0.693147180559945,-1.11449932007278,-0.449360062487376,-0.170935452349349,1.80967272501911,1.12518658354556,-0.823024006578085,0.128417537111482,0.127480672630726,0.125823258755171,0.692548642831845,0.575205094578352,0.114099445401579,0.48471413572816,0.165225451971332,0.126075909422259,1.32000257488413,0.88552233828859,0.656868033605106
-1,-0.5,-0.2,0.25,0.7,-0.693147180559945,-0.36248970980469,-0.678184936437181,-0.373758891071571,0.0418391045101474,1.04132829096635,-1.14335302030935,0.193256280253599,0.188170731994271,0.165912857069347,0.298866887652654,0.27007740996262,0.197916888687265,0.888641165572098,0.250476832031659,0.179693068863137,0.799745480674485,0.413544616073803,1.25033596118674
-1,-0.5,-0.2,0.25,0.7,-0.693147180559945,-0.0122456163602948,-0.416829324808769,0.0104508140864705,3.0718112217085,0.925001307234934,-2.09432966011185,0.133796143149546,0.136065935114889,0.135171199415177,1.0727411132493,0.994673819871869,0.135406232791791,1.23216468703573,0.1647108883288,0.146874909052637,4.15688459163492,3.21085556875424,1.33818618856103
-1,-0.5,-0.2,0.25,0.7,-0.693147180559945,-1.27963022927258,-0.434544908152013,-0.409857739163191,0.456404549287175,0.952667436851006,-0.617074245494842,0.153768456341375,0.156579484723932,0.139592836889641,0.330030565221112,0.325837145783338,0.155018613176112,0.509371261937866,0.177040719628743,0.168704843672143,1.00751127686214,0.607028711715063,0.82145422447995
-1,-0.5,-0.2,0.25,0.7,-0.693147180559945,-0.954126199900322,-0.795607724512102,-0.219722536561893,0.0240425281721639,0.645450068019157,-0.514945852952497,0.161514491571226,0.155665034618756,0.167317167133293,0.255540306973701,0.259917716728594,0.179534944021594,0.463946519818413,0.180144798746063,0.172615782320053,0.56625595153498,0.370347166928235,0.714733471157043
-1,-0.5,-0.2,0.25,0.7,-0.693147180559945,-1.33587939585751,-0.549663919481909,-0.275532508644738,-0.390987211788544,0.513305255076998,0.0885977959689905,0.136681617262923,0.131050898701679,0.114622337822601,0.228209191034536,0.228637460489142,0.194923016672107,0.230175994329553,0.144552191379747,0.134956868501819,0.469063639946562,0.302357177310601,0.508500357112012
-1,-0.5,-0.2,0.25,0.7,-0.693147180559945,-0.597004510013433,-0.35674505830112,-0.120126879359344,1.46197606399438,1.5087232447766,-1.30775091272904,0.16359482154186,0.165339768528162,0.173112359196494,0.583063365107622,0.511467655816459,0.128397328977793,0.71827523181145,0.215123618737304,0.170431298365875,1.12012207342003,0.840788657354193,0.872474334149192
-1,-0.5,-0.2,0.25,0.7,-0.693147180559945,-1.09225221054502,-0.69003124154979,0.0482676636018184,-0.323321772416002,0.123604766734315,-0.155768780780746,0.154675562962975,0.157638210707558,0.180554897238274,0.228764109503296,0.226036815778438,0.19923442287821,0.328640266783472,0.184781367291069,0.184220085323688,0.665159920921341,0.326279185444032,0.717158780645323
-1,-0.5,-0.2,0.25,0.7,-0.693147180559945,-1.13925472247383,-0.125067958567072,-0.0767557317343572,0.848237532423251,0.22510940784442,-0.804987296626322,0.134745834161845,0.142666129179013,0.1425140516591,0.353675362873215,0.371932067548699,0.153486443784062,0.510740084503328,0.171953697747962,0.162735971366282,0.977929643810415,0.678807731388298,0.779018851895839
-1,-0.5,-0.2,0.25,0.7,-0.693147180559945,-1.18590248448525,-0.582501410891753,-0.00899819585219616,-0.306359839835977,0.855827194473011,-0.276620213915471,0.171043137290897,0.175229766123243,0.124945244803517,0.253312811290338,0.246288180316149,0.190105016109695,0.362053825093036,0.186468974037379,0.122833383997427,0.622980643954231,0.325507897322821,0.664399401665803
-1,-0.5,-0.2,0.25,0.7,-0.693147180559945,-1.05746095396277,-0.462577840509015,0.167692365729511,0.265499749795895,0.807740098394307,-0.541412221948129,0.153457881328496,0.152815452885755,0.137338951588472,0.302269614015706,0.28246978955243,0.168388097802628,0.435488056883039,0.180029417999097,0.152303405465126,0.660078186775201,0.394701099708042,0.69355080972953
-1,-0.5,-0.2,0.25,0.7,-0.693147180559945,-1.33082508256274,-0.726014396500896,-0.45252593639059,0.234934898453944,0.803625968322373,-0.182697532371837,0.144646888426753,0.140713962246157,0.141868542196539,0.309562497698258,0.293974551644707,0.176419486301134,0.311779726633089,0.152607535560641,0.16707757113985,0.890847272051975,0.521047585003559,0.665112285404598
-1,-0.5,-0.2,0.25,0.7,-0.693147180559945,-1.41162770196844,-0.461599427145491,-0.306642921336786,-1.00955243902354,0.416665459402702,0.537467427540402,0.148421874589398,0.149385507105261,0.152276633883178,0.184799583676126,0.188680873544873,0.204917601172103,0.206967042577108,0.160740514739161,0.166115618800775,0.665445172474734,0.261683936268794,0.711742503755633
-1,-0.5,-0.2,0.25,0.7,-0.693147180559945,-0.911683295074767,-0.431400346057737,-0.172346973104194,0.732174070351901,0.88220411365501,-0.717234380730914,0.143618091313044,0.145362656694216,0.138578936064724,0.37693756389492,0.323441579797504,0.152632750608476,0.608094569246393,0.196059991293582,0.138935548378175,1.19155684718129,0.51560951393013,1.00767358602036
-1,-0.5,-0.2,0.25,0.7,-0.693147180559945,-1.01716007935196,-0.370484391847819,0.0162787083254726,1.47500204532934,1.11488501249244,-0.790915974807789,0.124459102707231,0.141135432017882,0.13768758366747,0.570248563137129,0.518235714639438,0.123735673284651,NA,0.16978092756364,0.112544307533025,NA,NA,NA
-1,-0.5,-0.2,0.25,0.7,-0.693147180559945,-0.565082072119621,-0.570386521261945,-0.466693097739204,0.960527147808764,1.14491675435881,-1.33245960485387,0.160678499076001,0.153871424012268,0.159724289228073,0.433836433056636,0.425344368745507,0.16179559814503,0.820966735094779,0.206098802505529,0.174295894730633,1.15040555890886,0.669468831172359,1.09405786958974
-1,-0.5,-0.2,0.25,0.7,-0.693147180559945,-1.41405031660604,-0.5037376471411,0.0461532547163102,-1.10625479699154,0.280692770772885,0.84294350810311,0.124256542573729,0.125156712796137,0.107887674155184,0.175320858311477,0.173698993546681,0.197119768903852,0.172766320019994,0.129456454612574,0.119052301353369,0.912711917320438,0.227666445933459,0.956015189616504
-1,-0.5,-0.2,0.25,0.7,-0.693147180559945,-0.95991077732961,-0.294379168022297,-0.423274321835237,-0.138556191740051,0.903220212255952,-0.732568996007027,0.173487724298303,0.1777413196768,0.193371570498586,0.275245027624552,0.255545793208354,0.196683113794103,0.623556081067341,0.275317672545711,0.213758741937502,0.812167236708222,0.337955828641893,1.1080670477076
-1,-0.5,-0.2,0.25,0.7,-0.693147180559945,-1.04826958931877,-0.383068219515056,-0.170253338987228,0.535637074031084,0.951385224018707,-0.659444815498632,0.145850105109344,0.141641490507981,0.132174071830417,0.344750933925139,0.321244843491224,0.161150662758214,0.473489937210035,0.171148469163294,0.161798728580938,0.785852614112005,0.514452301674641,0.720928296925071
-1,-0.5,-0.2,0.25,0.7,-0.693147180559945,-1.0416451745303,-0.428671355246713,-0.46969249741918,0.1043594413311,-0.0519559380295022,-0.273484351278837,0.142741100743433,0.16747225804963,0.151976014088537,0.252267719627111,0.268067368245361,0.178184287209712,0.389093384952052,0.175881212344015,0.154852134191121,0.596731702840215,0.343907674021062,0.681465378343036
-1,-0.5,-0.2,0.25,0.7,-0.693147180559945,-1.28570291272642,-0.174335994245637,-0.12914111251784,0.222520829036584,0.252080849327136,-0.707954266237679,0.156675368772274,0.166195337224351,0.151948266806326,0.289623098011248,0.290183087514245,0.187470037191561,0.586343750006289,0.197582638416392,0.180297231162408,0.807549038630827,0.416659024561089,0.949712937329343
-1,-0.5,-0.2,0.25,0.7,-0.693147180559945,-0.799468739606423,-0.554657938224818,-0.0650184510944203,-0.0371874165046999,0.310171287831866,-0.698153212641286,0.167061552476238,0.157775294598993,0.158961931809453,0.250062338058647,0.249926384601396,0.199050147693404,0.603227897642542,0.185884736724999,0.168095743430452,0.66018761517381,0.288269814589074,0.948903783271892
-1,-0.5,-0.2,0.25,0.7,-0.693147180559945,-0.930202463510857,-0.644028542896729,-0.0610927088728345,0.241762065281651,0.264876499084214,-0.866534038559736,0.153240235413035,0.139570728916295,0.140544840452284,0.27849510222671,0.270374114159277,0.183565943610282,0.623186020999751,0.169905686070953,0.175133855610209,0.729648865938868,0.346485496225013,0.947988768550485
-1,-0.5,-0.2,0.25,0.7,-0.693147180559945,-1.65209005113385,-0.476778795446356,-0.189374405775848,-0.22881940922302,0.548411403254969,0.214053802444088,0.140976539950914,0.153834202784441,0.166365489898636,0.248885945940912,0.251381630607435,0.177837473688343,0.240572980211778,0.159583962214858,0.187574340172926,0.683188124522505,0.424088214709299,0.579970003079752
-1,-0.5,-0.2,0.25,0.7,-0.693147180559945,-0.434101949464567,-0.360010483714415,-0.318942310862374,1.73725046855849,1.61653068309741,-1.72354053137956,0.153418969171031,0.154501895782269,0.158755807061247,0.639561915618873,0.680011192953619,0.151175617789876,0.987621181227803,0.181761661312502,0.193020017956584,1.38071899728194,1.2591883456134,1.09889505770475
-1,-0.5,-0.2,0.25,0.7,-0.693147180559945,-1.614787224968,-0.299308896890548,-0.178874110180638,0.0852888601830356,0.376441123954284,-0.257047240078492,0.13274435434949,0.140957836238398,0.134709515775285,0.281967083687645,0.291198716321943,0.17164025482264,0.333556818227709,0.158044752089564,0.148323482409308,0.755019841633248,0.383534474957488,0.688310560624346
-1,-0.5,-0.2,0.25,0.7,-0.693147180559945,-0.647904322827718,-0.811984059293517,0.206277977329154,1.31305266423673,1.34349106129723,-1.38740573822535,0.154718288830051,0.157423404213046,0.162041494091099,0.54550057557351,0.507225250293731,0.151166360320613,0.820576340096331,0.183661759398668,0.161310314259994,1.50973649495384,1.03667638515364,1.0265143226455
-1,-0.5,-0.2,0.25,0.7,-0.693147180559945,-0.970594012158998,-0.274830650685584,-0.336473210103871,2.86943632473877,0.272689985251657,-1.08269201898732,0.113030640256076,0.114134941101206,0.119747957922985,0.84279299181767,0.819384072394,0.109935913144758,0.563522121116454,0.125136119416626,0.118918695765087,3.71988414330805,1.32617045399632,0.733619278161181
-1,-0.5,-0.2,0.25,0.7,-0.693147180559945,-1.10855237783449,-0.379814879436808,-0.0916076085062141,-0.0857468944090848,0.227939917849391,-0.0709475659515694,0.14028235765459,0.166233020847489,0.147788332351524,0.260889075249676,0.267082755258817,0.189114651629314,0.342323023331469,0.185328564636076,0.151006729152561,0.831285451025027,0.333583766515612,0.807409659220292
-1,-0.5,-0.2,0.25,0.7,-0.693147180559945,-0.916209659129239,-0.488675105295063,0.0423085774062247,0.374850758876228,0.616312537597225,-0.99478963151944,0.161466548299534,0.168305876012277,0.153982369470739,0.308308670948672,0.28648728624653,0.172884599208252,0.597888310538283,0.184277730761341,0.157613833694098,0.685658911275018,0.388037477266344,0.8281930493413
-1,-0.5,-0.2,0.25,0.7,-0.693147180559945,-0.926544008356235,-0.637460820240644,-0.0801502700158935,0.221320835043871,1.0915860048754,-0.146691278153,0.159522170512794,0.145303819412001,0.133430741694768,0.33246881048789,0.337886473287047,0.163984583457564,0.314484286602814,0.149824415665163,0.135548546391589,0.663577001366357,0.497409682967538,0.546483079139828
-1,-0.5,-0.2,0.25,0.7,-0.693147180559945,-1.17864030540964,-0.757507160344055,-0.131261869469189,0.696358611194027,1.04209588747026,-0.185163713300764,0.120219663002672,0.114819060752034,0.107336487319486,0.414635951184554,0.385706458729752,0.140154393264072,0.276508978075567,0.133829393269597,0.123147788130664,1.05539771284474,0.773601651895734,0.496525304061072
-1,-0.5,-0.2,0.25,0.7,-0.693147180559945,-0.902829497588089,-0.529866030839175,-0.0629196829867868,0.730730071236426,0.586025176383647,-0.387462382559664,0.124436266300524,0.11605984319562,0.14489039595364,0.342996592953753,0.330114132416819,0.147724179312549,0.311105439460211,0.129201684230465,0.124291665547855,0.753519438903051,0.496357002268329,0.522619368105975
-1,-0.5,-0.2,0.25,0.7,-0.693147180559945,-0.580914975484054,-0.442887007848534,-0.418315687035392,1.3824084861587,0.868936103069267,-0.93758870557214,0.134899041668889,0.129983101426979,0.126370319010916,0.492141408385595,0.482039616723259,0.136857225608131,0.886577375500493,0.230932839650544,0.145072685421426,2.25302511362189,0.7376781881603,1.42185570315537
-1,-0.5,-0.2,0.25,0.7,-0.693147180559945,-0.996844599711686,-0.472540063779369,-0.0886874796698341,0.817566143772322,0.969728269427997,-0.794532352137687,0.14864860888381,0.144076613462189,0.135767745360422,0.411005679023083,0.404802211874438,0.162924235728751,0.522823187803502,0.164298396331232,0.145169587111944,1.18347479846492,0.744667548686558,0.818594072896503
-1,-0.5,-0.2,0.25,0.7,-0.693147180559945,-1.16859977747513,-0.522852386870173,-0.240054009308017,-0.479238311884009,0.602701982012096,0.36479769739239,0.140343331980583,0.131465466410686,0.115529482955887,0.217851110103807,0.214180724531502,0.190301738623956,0.221993952213219,0.156992717502234,0.124569714647748,0.615103753174159,0.293497350649216,0.612107533692034
-1,-0.5,-0.2,0.25,0.7,-0.693147180559945,-1.00863336471214,-0.281322882056973,-0.275315099201852,0.89855960664833,1.17146845909257,-1.01253516539696,0.161335783660508,0.161150090009158,0.14769735128578,0.461368775736598,0.478564602656534,0.151661349123989,0.573816219691788,0.227389079463412,0.158993313392759,0.905286313850348,0.724324474541741,0.785927944961359
-1,-0.5,-0.2,0.25,0.7,-0.693147180559945,-1.62865440068954,-0.493567179878141,-0.150619222035458,-0.270313284649615,0.39626519106068,-0.0109792685279442,0.128946845204245,0.140423637064697,0.133263110236969,0.238831447472356,0.231362689331308,0.186946560170157,0.260106740894389,0.159568964742953,0.126236223526795,0.637663778552443,0.302497985174875,0.620712592243845
-1,-0.5,-0.2,0.25,0.7,-0.693147180559945,-1.51482503990248,-0.325630102007603,-0.190538306233151,-0.120404993641914,0.659341348987716,-0.336523961936972,0.145213440733343,0.134490141242072,0.146435728501054,0.261189630521428,0.284780367358188,0.182537342737012,0.366998586733812,0.161024047724477,0.186674751369394,0.602520972001073,0.390656565791716,0.662342549819859
-1,-0.5,-0.2,0.25,0.7,-0.693147180559945,-1.27085385697531,-0.541297704277388,-0.32288671572281,0.34893479307265,0.659905972562056,-0.58398813272518,0.138574335621661,0.13355804043496,0.140097765148755,0.311515722124219,0.289487898346732,0.167850660872947,0.424671375562959,0.161746099940028,0.156594534372788,0.785866894049356,0.408336153194267,0.719603117871239
-1,-0.5,-0.2,0.25,0.7,-0.693147180559945,-1.18272927412449,-0.281806744364342,-0.28224351887309,-0.137294811501476,0.752111117610508,0.139787971057466,0.129427740182426,0.137803257122501,0.122657197389117,0.273160734520069,0.259464275454462,0.177461106742121,0.253047969768964,0.153203390086602,0.139412020515895,0.895914255906352,0.4255923146635,0.723324759253919
-1,-0.5,-0.2,0.25,0.7,-0.693147180559945,-1.27439665755227,-0.859050868920217,-0.219824759963363,-0.298985722579138,0.72123420855564,0.0164705203652003,0.149311034565307,0.148287667083603,0.1612986554816,0.242071717976378,0.247191734652682,0.183721823011864,0.304911876244722,0.16956753172779,0.208246361065025,0.733830817314761,0.314647704393223,0.729341579029683
-1,-0.5,-0.2,0.25,0.7,-0.693147180559945,-1.71968467757121,-0.352894032482757,-0.0582245908492997,-1.8903962135729,0.496371378502393,1.55522732723723,0.098352896342948,0.125377309481357,0.108680738171103,0.148127832734186,0.153148926296139,0.159167191746289,0.11589653758907,0.136283881121961,0.133630693420622,0.596707814924169,0.159913454479998,0.599798497437349
-1,-0.5,-0.2,0.25,0.7,-0.693147180559945,-0.989849928575714,0.0185149004811416,-0.00158388736597068,0.316137672885874,0.919424769579633,-0.666786369848423,0.158121408158719,0.157559591585644,0.158817877294537,0.316708884139455,0.316286956858454,0.165638051711924,0.572673983563214,0.185316538000473,0.176552577764828,1.11057964869976,0.680303647953826,0.96506766815937
-1,-0.5,-0.2,0.25,0.7,-0.693147180559945,-1.06770652580949,-0.577178940814602,-0.212489089796053,-0.333450194226314,0.551176748443913,0.00948375505361072,0.154545752213352,0.158288318508552,0.130485863416886,0.248755137391399,0.235920323586359,0.196206925934508,0.295994598929784,0.166661187962702,0.167821870423964,0.718246821454533,0.34898083723149,0.686879138369286
-1,-0.5,-0.2,0.25,0.7,-0.693147180559945,-1.45550045828041,-0.634142256083599,-0.212741641279969,-0.400089837508413,0.8433766537805,0.327592511270089,0.136771784416661,0.150246252803896,0.118557635214498,0.24367747301126,0.218066338630546,0.179210744610504,0.194108966737129,0.166112920764788,0.139302755274757,0.560281197180847,0.289029445443746,0.485424899191722
-1,-0.5,-0.2,0.25,0.7,-0.693147180559945,-0.756015874363149,-0.274631005632008,-0.00168429807301846,1.41382615936927,1.46336081172511,-0.925933477666067,0.141654469590393,0.159643091365295,0.148185449800319,0.637911023765414,0.529741834218729,0.100767882255125,0.520810876809867,0.215191271563551,0.168099917118419,1.28459932936374,0.820048672935767,0.716317685140589
-1,-0.5,-0.2,0.25,0.7,-0.693147180559945,-0.55401798723327,-0.681567511619093,-0.0656319980664704,0.474974435539458,1.22754821552035,-1.21381608190223,0.192422932575387,0.205300811683112,0.15971374514976,0.353696254094487,0.31236432988327,0.170797567513532,0.888985389279839,0.368055489433955,0.20212363011854,0.877467700558354,0.430755792223996,1.29310138646395
-1,-0.5,-0.2,0.25,0.7,-0.693147180559945,-0.554028387065179,-0.798665948451226,-0.191338038958167,1.78614395705167,2.06008312648651,-0.915338088300704,0.157814638335951,0.185609117841928,0.119024496486272,0.700695558961766,0.522311704087795,0.132108431020563,0.463629718793104,0.216661004668736,0.122484510607383,1.15014051059897,0.824046301557055,0.558472458007998
-1,-0.5,-0.2,0.25,0.7,-0.693147180559945,-1.07669541861347,-0.900228111197719,-0.369393293533264,-0.355900482152417,0.580127259401693,-0.365598656432485,0.180955509566388,0.161292892823633,0.191345192171082,0.236320691300343,0.244941908049765,0.204695432991037,0.425719472122459,0.18375447613072,0.190340652430115,0.574198873090388,0.355783279609978,0.723885714929313
-1,-0.5,-0.2,0.25,0.7,-0.693147180559945,-1.65022803228605,-0.323774255654849,-0.240362831850716,-0.0808180305360708,0.269782138940599,0.0912706221666519,0.11937739167977,0.122511072335313,0.13179405435325,0.24177953282543,0.24681399510994,0.176717749152472,0.231877632577159,0.135881822348723,0.137790682651871,0.567033355199983,0.264276129434589,0.522212092856081
-1,-0.5,-0.2,0.25,0.7,-0.693147180559945,-1.0727783269842,-0.472780175227452,-0.0987731730000739,0.214659043439254,0.36037663123301,-0.799811251355651,0.151035688758366,0.152449443257811,0.15687795108166,0.271965925189046,0.251381676679438,0.182901971660288,0.659091893463325,0.192061501317727,0.162573731836363,0.879728179820529,0.348425544603374,1.07046101212739
-1,-0.5,-0.2,0.25,0.7,-0.693147180559945,-0.395013054751247,-0.484784310914955,-0.410712455993183,0.382694726481796,-0.0683994556285737,-1.15445149085114,0.166819400723257,0.170285671881143,0.158065484838028,0.284623123637476,0.274650143470899,0.182167676493386,0.808562956508032,0.200805120235048,0.173403686828051,0.744158218209488,0.38990340229329,1.09239857433859
-1,-0.5,-0.2,0.25,0.7,-0.693147180559945,-1.37270686146134,-0.289956356796015,0.105852422945203,-0.113136337517416,0.600164440789676,-0.0140436653103405,0.142990475550598,0.145607341372492,0.134653491221182,0.251630021857084,0.236641026154713,0.178278925417524,0.399658679998046,0.171824314128712,0.214906961051563,1.50279211551091,0.730628735635854,1.14569024625061
-1,-0.5,-0.2,0.25,0.7,-0.693147180559945,-0.416535097331968,-0.760417447344455,0.334719876023028,0.706141629016092,0.852290782290212,-1.41414758512133,0.176280540675059,0.183825625688586,0.178911649709384,0.355419351890408,0.320244404914871,0.170793531237714,0.979466866233187,0.201729246147467,0.210999638997934,1.00183030602733,0.595793453800017,1.21372081684066
-1,-0.5,-0.2,0.25,0.7,-0.693147180559945,-1.23976000209275,-0.54628650942132,-0.201170033521954,-0.144462721311087,0.380192104754513,-0.00618676586629335,0.128949114638045,0.127481922674349,0.120491500637946,0.247185519185183,0.24861644570988,0.183871528581153,0.264902924789676,0.142338654053321,0.128908862897543,0.655218964414205,0.318135349362301,0.612551351541639
-1,-0.5,-0.2,0.25,0.7,-0.693147180559945,-1.38559915981468,-0.595146865911141,-0.090864179613392,0.229094350272725,-0.0267882237288521,-0.25591701136095,0.126408820676241,0.126231207184273,0.144733059873103,0.275399565688342,0.291271564072903,0.169539094182195,0.310888969960606,0.157771404259399,0.139160230413245,0.667124250672691,0.375857080561232,0.59719037138016
-1,-0.5,-0.2,0.25,0.7,-0.693147180559945,-1.28513131770922,-0.56650295844184,-0.0272255256651221,-0.232742776837259,0.501049500935661,-0.241876154091897,0.153783249730376,0.154458938624787,0.147530251679497,0.26188990839657,0.250541328659771,0.196740454693465,0.429935184334164,0.181681408783437,0.227394344612556,1.09852440170278,0.463660439209911,1.05429018909723
-1,-0.5,-0.2,0.25,0.7,-0.693147180559945,-1.57994892000356,-0.0876834027211154,-0.048280012300816,0.0458780115046009,0.250374592890954,-0.387649278521755,0.138893096613199,0.152601603625221,0.144746560626779,0.26145692392646,0.261244199394066,0.18013167122429,0.393310103922805,0.180124460521683,0.175455614587931,0.672895153534383,0.382682751974764,0.724252944132175
-1,-0.5,-0.2,0.25,0.7,-0.693147180559945,-1.49030773611791,-0.330901619093831,0.0457356841927009,-0.350800694600086,0.389291889428239,-0.124085385736673,0.147547405493115,0.148939804583335,0.158455464847897,0.219106764627736,0.241994708017719,0.194577574086272,0.357457621243513,0.171435549422146,0.160278212660084,0.592728918458057,0.276708234258358,0.728408388584206
-1,-0.5,-0.2,0.25,0.7,-0.693147180559945,0.901888190766085,-0.52748860293728,-0.691365135911726,0.56166879045398,0.526586822260036,-2.71867476465558,0.195104833234221,0.203325633172236,0.237637932592601,0.327675468980827,0.363890333117644,0.196596910881526,2.32610460417703,0.239764584583628,0.229056641684591,0.612508478725134,0.578611769487437,2.44162623532625
-1,-0.5,-0.2,0.25,0.7,-0.693147180559945,-1.26796391600855,-0.587530516829784,-0.365080361446818,-0.104969998528349,0.638575908913251,-0.163454214785001,0.14344508440921,0.136701967384013,0.120891516825217,0.247123265216475,0.254134589624465,0.179438050897015,0.285730113053916,0.149390071950526,0.138293076775194,0.467119807207855,0.345121018400026,0.505014278936021
-1,-0.5,-0.2,0.25,0.7,-0.693147180559945,-1.26320553477978,-0.520119802541602,-0.0267726424256398,0.0318823113691779,0.919640051717436,0.133677350639634,0.138096103489086,0.134985692895877,0.144144592636113,0.338946937572256,0.312989706953415,0.165010991424025,0.237546375835178,0.141432706351325,0.15050548421708,0.67697114376042,0.485274853451,0.477844915414511
-1,-0.5,-0.2,0.25,0.7,-0.693147180559945,-1.23501162297277,-0.566358274895408,-0.185513831356668,0.339520155011953,1.20737461770845,-0.42795276749537,0.15467532811456,0.184260956397938,0.167879196987606,0.343246444189712,0.317711033408745,0.159195513572404,0.338551097097989,0.201045787803999,0.166848451935457,0.684536948721946,0.498295222913863,0.512493239722327
-1,-0.5,-0.2,0.25,0.7,-0.693147180559945,-1.32674361157968,-0.373584089550598,-0.547460070638446,-0.0669784370222813,0.878784157312801,0.134099508579099,0.123270378174112,0.119804580575744,0.131080900646554,0.265063823332975,0.259626260025402,0.168757683307917,0.238083887658175,0.136860014474823,0.139324914384689,0.656138218538502,0.350280642919952,0.537766520479636
-1,-0.5,-0.2,0.25,0.7,-0.693147180559945,-1.18431380781944,-0.287359476366532,-0.109758309073378,0.741811311711386,1.35052052072975,-0.817289891530335,0.156418393810188,0.159183130709845,0.128284088987715,0.414358599509284,0.371602249716529,0.157589985389653,0.526973406709663,0.208947050983492,0.124504389597754,0.956135353587571,0.553780143551132,0.783530574229285
-1,-0.5,-0.2,0.25,0.7,-0.693147180559945,-1.34949073634715,-0.629409029359709,-0.142875054362089,-0.766148985641206,0.62993125838496,0.464548248822265,0.147728987280504,0.140087527203297,0.109618942174621,0.204768320146534,0.203495069743315,0.190898737040402,0.190004082849962,0.135322813307483,0.125777138448055,0.47235554555059,0.24884808396433,0.471741272758278
-1,-0.5,-0.2,0.25,0.7,-0.693147180559945,-0.905590416709281,-0.4484672067434,-0.0798010689376196,1.05736672732778,1.64611849367724,-0.992441000204298,0.163152823782057,0.175572615487554,0.135322882912632,0.46576246295247,0.372355656199154,0.149101038375685,0.536441268072616,0.191151206400251,0.177968568701233,1.10945981521893,0.741332242603175,0.688239766542789
-1,-0.5,-0.2,0.25,0.7,-0.693147180559945,-1.01263331972623,-0.316619397520779,-0.207075258134926,1.19882660111253,1.64684858987554,-0.88351981455549,0.147918273227729,0.15100660261912,0.126019690006847,0.54202234621536,0.501209570556867,0.145196376677431,0.482438167635467,0.179879208789526,0.135158533235108,0.887558460298001,0.657432916952271,0.631052562034249
-1,-0.5,-0.2,0.25,0.7,-0.693147180559945,-1.43380176706842,-0.555585194103208,-0.141638309544605,-0.415296944212335,0.318094819324146,0.271369014499741,0.135909316606206,0.147538953820124,0.138175320480821,0.213492237811646,0.209303541753321,0.193547941354319,0.22799404405184,0.159188509817704,0.156391551883446,0.540869598247629,0.239258061221699,0.565180211199891
-1,-0.5,-0.2,0.25,0.7,-0.693147180559945,-1.36403722428808,-0.349341423049555,0.123510575429463,-0.377687907594518,0.655738745300274,0.193119324168073,0.133173944926126,0.130440263735248,0.137037446106368,0.227627107484433,0.227721176883021,0.188089987884047,0.316909048772429,0.152152321423114,0.152721086978128,0.96516266526212,0.313062822739578,0.936831036067874
-1,-0.5,-0.2,0.25,0.7,-0.693147180559945,-0.369979801790136,-0.626342120175452,-0.143980151278889,0.457251200929619,0.80803754256746,-1.37931238726018,0.193222611077461,0.20409093492988,0.174636903946085,0.31623219375001,0.305186491499934,0.181955135210711,1.02632677346475,0.245596637504248,0.192376352107518,0.940098483913471,0.557507746308712,1.31565996863577
-1,-0.5,-0.2,0.25,0.7,-0.693147180559945,-1.08694305870719,-0.30181746699896,-0.309062274993779,0.111936077990015,0.831274753415972,-0.7248826628897,0.171653855638162,0.160473714686803,0.156402343123925,0.296028438372394,0.275557527715432,0.187125719476645,0.561702508456984,0.188535515615668,0.146073768599114,0.652665546123499,0.360219117796263,0.826584582923442
-1,-0.5,-0.2,0.25,0.7,-0.693147180559945,-0.634637796600047,-0.674152349767939,-0.16414883390523,0.632278792622856,1.10975159338522,-0.813531172135726,0.192302837049871,0.210054623406469,0.177762186891625,0.403617503444076,0.344298622174087,0.16682352988202,0.598773475518131,0.256227887573045,0.164750824115396,1.19227070455306,0.710806745476788,0.905143166998686
-1,-0.5,-0.2,0.25,0.7,-0.693147180559945,-0.395803577665125,-0.34191680000756,-0.363125329323171,0.372903614901688,0.256740135245119,-1.4941495055484,0.176572138832965,0.177080002603496,0.184567379298516,0.302227624751848,0.312971902487224,0.194729992321584,1.33436743525827,0.223042759591746,0.187127002086181,1.00851302486123,0.451358297853666,1.75949133678044
-1,-0.5,-0.2,0.25,0.7,-0.693147180559945,-1.21743715168384,-0.605492649785991,-0.165848557199987,-0.182634382726904,0.512195355557507,-0.0103053164063797,0.132587574620293,0.143126401581261,0.120381392179382,0.237786154465047,0.230687300372286,0.177468252887436,0.266367247118195,0.159880549712249,0.123032248854554,0.550192391382072,0.290976737968209,0.560211021498273
-1,-0.5,-0.2,0.25,0.7,-0.693147180559945,-1.45781611170287,-0.475258703494312,-0.203345651269534,-0.576047117062809,0.618167064097285,0.0399959978101202,0.149630184819409,0.151979685303363,0.137398654834418,0.218638751060176,0.233234539361438,0.196340645914303,0.282179670168079,0.175334959976046,0.164155315980656,0.489610491474616,0.27532743976943,0.571347905883701
-1,-0.5,-0.2,0.25,0.7,-0.693147180559945,-1.16214394185689,-0.347834461174711,-0.51192412612571,-0.11309704152216,0.546339238133832,-0.179623115196001,0.147034668457783,0.137556509738554,0.133326632597893,0.252664814383409,0.240296177832115,0.185309146234498,0.313951349864101,0.156678185000176,0.148235755318843,0.623546616169555,0.302229040904187,0.636038063748404
-1,-0.5,-0.2,0.25,0.7,-0.693147180559945,-0.899108113332738,-0.357864551372756,-0.610618343479786,0.55466996979076,0.647308121053737,-0.779035031911711,0.152615872395002,0.153341578731424,0.154048063502192,0.347448992848345,0.353615317577226,0.163335748343174,0.587498114182098,0.188215690660386,0.199381274464942,0.910802547116913,0.541899844579656,0.881039442946675
-1,-0.5,-0.2,0.25,0.7,-0.693147180559945,-1.01769842944533,-0.636419148706977,-0.389053054942341,0.121099616343043,0.916944922191563,-0.538441527109623,0.172993038757361,0.194124281228023,0.15110253985497,0.297780550109288,0.250425734561471,0.182708641444538,0.460888614152396,0.302760580118509,0.161376820148447,0.895540957322142,0.349462964022603,0.930375639681112
-1,-0.5,-0.2,0.25,0.7,-0.693147180559945,-1.67468656381549,-0.595181254377239,-0.320015573454095,-0.868204075448439,0.255251243278084,0.726736668694113,0.121739959381843,0.113865229558241,0.122522900390486,0.187308188872393,0.180915100159115,0.192195066117808,0.146603327387633,0.114314772700831,0.126965022003614,0.452996954421203,0.206561620198861,0.438354504201386
-1,-0.5,-0.2,0.25,0.7,-0.693147180559945,-1.58066655129087,-0.549930119198413,-0.156359714739923,0.0109425411155697,0.75367447300233,0.173511948008409,0.118315193577262,0.128748859970489,0.115294712266621,0.267365926371907,0.268049462902791,0.156996351621473,0.210679168143113,0.152354080166309,0.137216982463446,0.531623970828559,0.414205826787934,0.415407429791414
-1,-0.5,-0.2,0.25,0.7,-0.693147180559945,-1.60355446921705,-0.316841502366248,-0.373259032842494,0.19435380014978,1.09069398499056,0.0800072335926894,0.122939701484751,0.114448695010664,0.100516877599196,0.337993952837005,0.328963787205588,0.160394974360721,0.23358631128293,0.139602438958996,0.112670639781566,0.974932930747136,0.652105752618551,0.555236748877521
-1,-0.5,-0.2,0.25,0.7,-0.693147180559945,-1.37856419803453,-0.614504336030817,-0.120095011108527,-1.59430118815389,0.196007281296327,1.3464039736724,0.120381228408887,0.109990859416648,0.124447827701657,0.155095212625629,0.163315355290541,0.177340697180015,0.122839777217056,0.114828018526165,0.155956500281418,0.632296293682097,0.19690614134373,0.622316170190423
-1,-0.5,-0.2,0.25,0.7,-0.693147180559945,0.0788002992523036,-0.542807370753046,-0.236749285240674,0.86523959581542,0.00156203767982519,-1.91053249271379,0.168817435305431,0.162707197088366,0.176333791353439,0.339118247250128,0.328226284691185,0.17728854257971,1.97829626433769,0.201303847036163,0.190140497922559,1.38816405469636,0.524671178740827,2.38098367931505
-1,-0.5,-0.2,0.25,0.7,-0.693147180559945,-1.28478678372337,-0.605771378137875,0.0184576659767576,-0.0253762979771052,0.415950759271803,-0.529968163510775,0.154099872213048,0.137882637510825,0.138940793263196,0.253804499401068,0.264729965796247,0.184815712519203,0.39577444714952,0.175883982128676,0.160818352302718,0.55609172720887,0.377522313693748,0.661824141202406
-1,-0.5,-0.2,0.25,0.7,-0.693147180559945,-1.11735564022753,-0.265704884632998,-0.223245747666629,0.319356127167326,0.672517270998536,-0.471534095324574,0.153288689896519,0.161273585793159,0.162853598146757,0.333729184311873,0.309478170629247,0.172571119196668,0.426356655862498,0.191031330269385,0.1681353181434,0.721131817727459,0.414829891147805,0.696214431652377
-1,-0.5,-0.2,0.25,0.7,-0.693147180559945,-0.995028978971376,-0.593740449636162,-0.0377335189278552,0.0504716653958887,0.27649381798096,-0.513858306256865,0.156023181061913,0.161449738177865,0.180984222840792,0.259950149749664,0.264650161614268,0.18733835231539,0.486086062830671,0.187441676657261,0.190632800721361,0.716326645434676,0.368008205060663,0.850675785195252
-1,-0.5,-0.2,0.25,0.7,-0.693147180559945,-0.788976279452817,-0.273585148331933,-0.119673801061331,0.812041304264449,0.870815158304132,-1.37252573214787,0.161500506123544,0.159098308756453,0.162181293622362,0.364127763339072,0.36163583022941,0.165203931558216,0.897246426029108,0.234264202651441,0.150494069374909,0.816978866021217,0.506570011682014,1.14668340695711
-1,-0.5,-0.2,0.25,0.7,-0.693147180559945,-0.901603991869418,-0.488108583490704,-0.204232623146392,0.980895411955797,0.669942586471111,-0.850317806821739,0.142551476497834,0.160711898505744,0.132500871768888,0.400323522354398,0.334488536326836,0.151397738590187,0.970783304706242,0.191638650940425,0.152051479159052,2.74631675946129,1.18758923838534,1.65309447865732
-1,-0.5,-0.2,0.25,0.7,-0.693147180559945,-1.04174113151832,-0.510770499960125,0.0753891754583561,0.398205879247751,0.79282553144144,-0.358006408261929,0.137774933954843,0.148091255885518,0.123932719528412,0.323994056359286,0.266919535601456,0.159114499991074,0.316108073802499,0.176993264288714,0.142750258872832,0.65915262037574,0.416327677298136,0.531951410843205
-1,-0.5,-0.2,0.25,0.7,-0.693147180559945,-1.4465704649661,-0.386890448388721,0.247069635986491,-0.0579589674281099,0.853909622815285,0.310344132512395,0.120198612540916,0.124997124176961,0.120379404129009,0.286116090934699,0.302449165710482,0.165513559093071,0.186427869100354,0.149283484336636,0.139877643937004,0.538505977868023,0.392850542779967,0.427295693624038
-1,-0.5,-0.2,0.25,0.7,-0.693147180559945,-1.34809362360372,-0.297515227846589,-0.509340116502358,0.336613628606498,0.281290298799407,-0.11187489084625,0.117042707129335,0.128312417849502,0.106929846063994,0.306328133772526,0.290304526524925,0.162068899474651,0.254397605427408,0.159561754402487,0.148451011318697,0.762500067699722,0.417246322798371,0.540937456313153
-1,-0.5,-0.2,0.25,0.7,-0.693147180559945,-0.905750088902155,-0.428469137288761,-0.245432807405866,2.10307882802406,1.54397617196022,-1.15553138342284,0.136404707715937,0.148187847872964,0.129403585101175,0.69958818887357,0.588393694232873,0.135070988293896,0.571391381495415,0.188051305723947,0.172498892329428,2.13609168922676,1.42263662037185,0.737953052561405
-1,-0.5,-0.2,0.25,0.7,-0.693147180559945,-0.828642451161591,-0.353405085864246,-0.515938676086071,0.684809748396338,0.500477514879402,-1.18541929852867,0.150183160285042,0.160232234493066,0.148706705066777,0.333945592525951,0.302404675644333,0.164328686264605,0.689255813292502,0.176482597472671,0.16959467378729,0.806478829481698,0.390165326757289,0.911193905736936
-1,-0.5,-0.2,0.25,0.7,-0.693147180559945,-0.922812835052481,-0.614560073057727,0.114888003341933,-1.56360254196737,0.643830962012851,1.0249272211093,0.189393303799951,0.173112842734573,0.255711352141283,0.167365161954109,0.173487682332355,0.209022979596716,0.234254677460608,0.164099772299005,0.240926781864027,1.37436227475005,0.280494890273478,1.5395848816746
-1,-0.5,-0.2,0.25,0.7,-0.693147180559945,-0.804362886307503,-0.585060666179036,-0.433213417922704,1.98799141398556,1.83838560179814,-0.957782067166816,0.138383981299045,0.141304985832606,0.128173491553424,0.782301712034049,0.614834454897492,0.109883836317499,0.574893436989042,0.177683721375652,0.12191373116532,1.23783087466544,0.785207956445309,0.730415004732756
-1,-0.5,-0.2,0.25,0.7,-0.693147180559945,-1.10549173173319,-0.422656018343111,-0.0401157583745192,1.41556841916534,1.69382269964449,-0.428643486686377,0.123345751212208,0.124373402070819,0.103315688532575,0.61982993305502,0.560891246464544,0.117206450115061,0.292271483748214,0.139984280450682,0.105477868009924,1.55568932063094,1.26516744923236,0.451857026094644
-1,-0.5,-0.2,0.25,0.7,-0.693147180559945,-1.15207011358046,-0.598616026260118,-0.212209980460265,-0.139976807509104,0.400670690330755,-0.158741424285491,0.147965548527596,0.135899526667872,0.158080243119586,0.257337573858712,0.261231821288781,0.191073798864562,0.308484867049123,0.145810231240545,0.172101796943505,0.573305395610361,0.32586321802569,0.599184078038326
-1,-0.5,-0.2,0.25,0.7,-0.693147180559945,-0.907122126709507,-0.301782599801885,-0.0187631619711968,-0.243915640145861,0.213754641029947,-0.335527320566553,0.154935005817571,0.155269731827928,0.160710356362319,0.229079848690815,0.239111882620049,0.20209636978904,0.664047027307045,0.191159005038036,0.239939689312086,1.14844796660323,0.28461049821944,1.44180041037466
-1,-0.5,-0.2,0.25,0.7,-0.693147180559945,-0.0167022235159057,-0.726209492663477,-0.0519337159376349,1.78818528268,0.48970003855935,-2.05645502965411,0.156215540909126,0.158708616145671,0.163683015710626,0.549822208458632,0.52748341741143,0.152029464833821,1.48643647695398,0.199607900549457,0.154345728559937,1.70951002662165,0.865799074787738,1.67372472291348
-1,-0.5,-0.2,0.25,0.7,-0.693147180559945,-1.23217693180898,-0.764738650227603,-0.0979988255139644,-0.00201319794932032,0.105556036512064,-0.115677032203007,0.129202284240112,0.143501545516318,0.125867527671602,0.249462104726501,0.251517313552625,0.17748572689592,0.291676598104087,0.161553093900297,0.134931566992912,0.611432910631646,0.338188768818917,0.593394733260186
-1,-0.5,-0.2,0.25,0.7,-0.693147180559945,-0.673319860545116,-0.519392033664522,-0.140315703763855,1.27753263629296,1.5681428343502,-1.20850710381303,0.163834756769548,0.163937033668696,0.136819010197004,0.533560324857224,0.463679559601409,0.140852076296161,0.74162811425555,0.241796427022196,0.163278910112102,1.30859649316846,0.804009636021106,0.98382160064101
-1,-0.5,-0.2,0.25,0.7,-0.693147180559945,-0.93461757885494,-0.126905334440792,-0.35966831454979,0.0139902711941094,0.343502543867449,-0.694887026113804,0.160521831298048,0.15731107002141,0.157770575868398,0.261757220861162,0.247446009133173,0.190739559612389,0.603813329199718,0.181974633657013,0.18801467939799,0.826070981172914,0.321011483967296,1.03954094951412
-1,-0.5,-0.2,0.25,0.7,-0.693147180559945,-1.42422322245394,-0.413712075637584,-0.225153430105358,0.0645619063049805,0.949429975331873,-0.0567486040073961,0.130471628763851,0.128407048759126,0.115003617419723,0.301133377362263,0.27915792306577,0.167165181743202,0.258746150631573,0.150376536226628,0.127929781066966,0.71111094476157,0.399898127804964,0.559203530063604
-1,-0.5,-0.2,0.25,0.7,-0.693147180559945,-0.0290204163709061,-0.665490697652513,-0.145250225242641,1.5908562886478,1.69158120543422,-1.65936070107973,0.166030004400809,0.165569955727483,0.150837872078864,0.688814387692936,0.688706524734276,0.154262172251774,0.94850374763919,0.183244466436161,0.162009270496208,1.29080612932233,1.13645161125313,1.05726341478173
-1,-0.5,-0.2,0.25,0.7,-0.693147180559945,-1.37754910441433,-0.478093644858002,-0.301752709923123,-1.51820834293239,0.37895174746045,1.28868529841227,0.115471089808621,0.108484630873697,0.109330243175862,0.16218068435696,0.165521445465233,0.180137483277013,0.12419960149229,0.117793754593644,0.116905853036593,0.565594025898251,0.208637327207061,0.570622912097036
-1,-0.5,-0.2,0.25,0.7,-0.693147180559945,-1.56880152968393,-0.441290813807482,-0.115716682309789,-0.388813151101404,0.358174750828164,0.352238022380164,0.115447428669606,0.112849739154607,0.104968483528316,0.231468960511793,0.229485731605781,0.175760851665169,0.166155323631983,0.121437957791328,0.11709983601533,0.650433682735811,0.339122330402642,0.515498942848522
-1,-0.5,-0.2,0.25,0.7,-0.693147180559945,-0.894943232412957,-0.494538224309696,-0.482025913041249,0.510714245897633,1.21532988843012,-0.804113878514799,0.171982832775021,0.177055718799123,0.156562837811438,0.382352050493788,0.350734449421966,0.155181018078611,0.648154794855585,0.205373942717644,0.173512284609731,1.19314833688728,0.764442013413222,0.978994160511456
-1,-0.5,-0.2,0.25,0.7,-0.693147180559945,-0.89461888988023,-0.297318088806759,-0.181935562061469,0.814122960002799,1.25706021019243,-0.884760414114661,0.159210429425124,0.16683511550948,0.153258692038024,0.457347462090376,0.391980226530503,0.147414159869205,0.580273699786306,0.212105330067597,0.172596779493968,1.19215146873483,0.739956176715059,0.820951237840709
-1,-0.5,-0.2,0.25,0.7,-0.693147180559945,-0.72452816926592,-0.71870104013022,-0.390521751901383,0.741898129572448,1.2563390722634,-1.00290724761091,0.175718643728246,0.197087579604366,0.149374976999739,0.401054593380816,0.307538835016681,0.159528735392307,0.591224460025435,0.228196670007131,0.157994814233781,0.761208062596789,0.451957920545072,0.758758015749666
-1,-0.5,-0.2,0.25,0.7,-0.693147180559945,-1.21297388401622,-0.580965239852323,-0.304111606654659,-0.15762785861983,0.541771707454813,-0.19293011535007,0.154344810622434,0.133722500718082,0.136522211151872,0.251249207349418,0.263098054957997,0.190734224270432,0.314296614166508,0.143316076963508,0.168480586954514,0.537299399831559,0.346100899001768,0.590596044807298
-1,-0.5,-0.2,0.25,0.7,-0.693147180559945,-1.19764457242639,-0.666825158638489,-0.106626980182223,0.53399837657699,0.910655912219553,-0.691145020487425,0.146463058811396,0.15589177202605,0.139086017619299,0.333452067392079,0.303047364985919,0.159396710000658,0.437483546001231,0.177626469423805,0.132281020070005,0.695440400935159,0.428368273301418,0.646238234574297
-1,-0.5,-0.2,0.25,0.7,-0.693147180559945,-0.735255064954625,-0.460477988825417,-0.265875483895138,0.208813872207228,0.930047159817453,-0.796557977450085,0.161294324010705,0.159961832687688,0.164628066189641,0.317105913546723,0.316215590870444,0.170005293331573,0.500624215403749,0.193543852564565,0.163789504095797,0.66327510136431,0.482408577567485,0.735078271583015
-1,-0.5,-0.2,0.25,0.7,-0.693147180559945,-0.7633999578862,-0.722833574817039,-0.397474569047563,0.416156322398842,0.782143290644172,-0.569017312348415,0.15456736661295,0.160861171338044,0.141521808134409,0.328585023348365,0.296668131986872,0.156649707876087,0.444108722862144,0.169180808637649,0.142260217271959,0.728520351044381,0.400806578985754,0.67164019754935
-1,-0.5,-0.2,0.25,0.7,-0.693147180559945,-1.17600737501334,-0.455218469470156,-0.280722038688437,2.04449225615082,1.78574990602023,-0.888000341097057,0.123467183359967,0.130944760467702,0.128294505111557,0.759084246641039,0.641419007005704,0.130121456865524,0.508011167835669,0.164588198876181,0.12643846309295,3.82256402312214,2.57191926096075,0.796577323111368
-1,-0.5,-0.2,0.25,0.7,-0.693147180559945,-0.9353717629989,-0.741060925638658,-0.0710712122601763,0.453500500609586,0.288555150817986,-0.824899582751739,0.145899811379148,0.145879290451283,0.146800605443241,0.307482193266821,0.297476406022729,0.171156220732551,0.635011529544812,0.169847353770941,0.158643092564238,1.00463866759109,0.467219467502005,1.01982962715205
-1,-0.5,-0.2,0.25,0.7,-0.693147180559945,-0.980148496787112,-0.410832658209388,-0.0079002628440937,0.479164804700996,0.732259929210783,-0.649903468596026,0.143704763553582,0.133412517165015,0.137213139596437,0.342358558639685,0.358713835361875,0.161235065251165,0.438022888731143,0.166670523075793,0.149294611615927,0.911574567175823,0.579377065281238,0.734171495276294
-1,-0.5,-0.2,0.25,0.7,-0.693147180559945,1.22498670455251,-0.615787774108163,-0.217596727271101,1.54316537864319,1.27699082433168,-3.34615825523252,0.185640820709168,0.193707448010293,0.168450292368966,0.594060158816041,0.51373994933353,0.174185821962838,2.50205904763662,0.23042800519874,0.151351734504818,1.29760732716788,0.866515369936918,2.57957160611456
-1,-0.5,-0.2,0.25,0.7,-0.693147180559945,-1.56758881352022,-0.0761524986518727,-0.602428010938028,0.790513367776639,1.21283283150682,-0.230139816172389,0.123999795947009,0.11972243234937,0.116256450164838,0.43003401673555,0.422530110664946,0.147044323939231,0.268444907648906,0.135604735327214,0.109263353412999,0.75661493982219,0.568790380649574,0.455846859355921
-1,-0.5,-0.2,0.25,0.7,-0.693147180559945,-0.33191428460841,-0.116021387173978,-0.353851985576392,2.53598779375981,-0.650641637865614,-1.63702698435608,0.132906886710556,0.133811208277482,0.128009482923235,0.832738239887826,0.824818912225551,0.131972050713667,0.928200359604892,0.162289822612622,0.139705836674855,3.15744929148181,1.89471222653015,1.09856933520427
-1,-0.5,-0.2,0.25,0.7,-0.693147180559945,-1.17248228969944,-0.0219588268476964,-0.486732215191133,0.673029484069285,1.01694207096186,-0.658149184494244,0.143405371532031,0.151910774500887,0.161954826851688,0.376297881703431,0.302033180086624,0.148675390379585,0.457258638249917,0.180753944576387,0.159001228130149,0.811881718027974,0.463942656832405,0.677917697526421
-1,-0.5,-0.2,0.25,0.7,-0.693147180559945,-0.518366775507799,-0.596085378080785,0.0823796755691693,0.613033463806949,-0.0768864189399716,-1.31330314911072,0.156886464308034,0.157064842328499,0.163202663594367,0.303857192676601,0.299113245229421,0.172553544068642,1.0648114879967,0.203216642679322,0.199797899398903,1.06547641356123,0.459130674546675,1.43249123666473
-1,-0.5,-0.2,0.25,0.7,-0.693147180559945,-1.2060995216971,-0.393526796742117,0.0250327403619324,0.0103664005742264,0.785253027375539,-0.660585587997308,0.158007181224366,0.141289917673507,0.160285748359745,0.266048335513764,0.280240021048037,0.179241101865535,0.502016728094163,0.15910627170955,0.184772561494776,0.633149999538892,0.446652110508964,0.766241884302249
-1,-0.5,-0.2,0.25,0.7,-0.693147180559945,0.387684318026691,-0.574920608568257,0.043600142693093,1.91091465358264,1.56051243990543,-2.20535460675535,0.162461830538447,0.16239362911388,0.151339090419398,0.763151905993433,0.69768195563895,0.152217391245169,1.67970579048769,0.23053931732565,0.164420569420415,2.63847761379821,1.82353309027023,1.89785019857719
-1,-0.5,-0.2,0.25,0.7,-0.693147180559945,-0.828121152413213,-0.541088853349265,0.036532958579281,1.73948699997425,-0.163315668478108,-0.826206723741823,0.116635687926895,0.115127668294311,0.116218708723109,0.498028533250611,0.536585178686227,0.129414318208973,1.05733777543065,0.144776872836305,0.165065275605684,4.90293013746807,1.54470525297896,1.79689602248355
-1,-0.5,-0.2,0.25,0.7,-0.693147180559945,-0.957118178072565,-0.478821313328231,0.000728860442702476,1.01298567593931,1.39483367574731,-1.17464238750513,0.162127698619718,0.155198924661645,0.157152315510929,0.46473380604811,0.438221390205711,0.160737549044317,0.758958613173108,0.202109342434504,0.146186400184042,1.98390673564886,1.55712482877537,1.05772882029295
-1,-0.5,-0.2,0.25,0.7,-0.693147180559945,-1.00775891049612,-0.444329594882115,-0.224721876996349,0.038217982681629,0.410926105461368,-0.694826678750472,0.162951205620307,0.201468540958946,0.156098992035179,0.252646547083965,0.249275952230622,0.188004301774966,0.652381829192992,0.221678350736618,0.165099226737725,0.713769967328011,0.357134671411809,0.980881828427105
-1,-0.5,-0.2,0.25,0.7,-0.693147180559945,-0.833056104912968,-0.729326826546571,-0.246496784966696,1.05334758400488,1.49224597906115,-0.794467104606209,0.155540478559641,0.153881642840066,0.1379909801747,0.529059551415308,0.48221574498271,0.141498711247667,0.598609045128984,0.25734560688688,0.147953349342472,1.58003355298291,0.901261681871326,1.00078333010743
-1,-0.5,-0.2,0.25,0.7,-0.693147180559945,-1.02161659554209,-0.401834030182299,-0.244167404015329,0.361464210611379,0.623013411948957,-0.873441294684538,0.157301390331943,0.162388589216751,0.147141099023307,0.308704761270018,0.288890479884312,0.176386086504674,0.531856971127487,0.185235915859372,0.155954190733902,0.706084081226582,0.41105473396259,0.794890728579152
-1,-0.5,-0.2,0.25,0.7,-0.693147180559945,-1.05382170797185,-0.525383457758457,0.0589508815623768,0.104151459908969,0.74735563254669,-0.650819161106363,0.168633708366148,0.171156248034762,0.172481853439342,0.273030316938159,0.250341506965865,0.179110998088912,0.511830047029869,0.184054968357672,0.174273627915313,0.660358097394914,0.370244641584437,0.802537310614285
-1,-0.5,-0.2,0.25,0.7,-0.693147180559945,-0.934920905093288,-0.272224546984031,-0.330661346170648,-0.00627993004409487,-0.0113377831255867,-0.484299179781135,0.148660410055836,0.147308428895203,0.151781275739402,0.251567401341148,0.248590961888875,0.189351445206239,0.564080027797338,0.17001364269022,0.159841451218311,0.909491684635253,0.335127517406302,1.07710237913679
-1,-0.5,-0.2,0.25,0.7,-0.693147180559945,-0.602230239353032,-0.648858893454879,-0.047893361941143,0.240595542033511,0.459788005567543,-0.783236994275664,0.167082453066922,0.166730043474575,0.147854389730699,0.27817343353501,0.262467767213131,0.184822984512212,0.586080029752783,0.197522254466009,0.167928779463224,0.68377921038162,0.367263866901915,0.881429266162392
-1,-0.5,-0.2,0.25,0.7,-0.693147180559945,-0.974243612325794,-0.806910182629867,-0.30563855491959,0.472002982153376,1.30234122165971,-0.102308553038495,0.145916862279044,0.142878277443072,0.107645825332817,0.392741552260999,0.377002846077228,0.150946043821823,0.271922464288238,0.169029065762076,0.116559383017432,1.0996402854436,0.754867319504156,0.57523716982528
-1,-0.5,-0.2,0.25,0.7,-0.693147180559945,-0.913976853125726,-0.606554235803219,-0.482566305232425,1.48802046539801,0.741858185432168,-1.19480593473529,0.137478259940201,0.131760001494621,0.134449616741331,0.500285664962366,0.514271583359708,0.145385866998694,0.746928078713378,0.166282674609773,0.178243843192922,1.98143547988519,1.10637208443786,1.0618135338715
-1,-0.5,-0.2,0.25,0.7,-0.693147180559945,-1.16566188018772,-0.631178131170722,-0.0718528294186907,-0.0614005166047149,0.372911848614388,-0.100320719966435,0.136418553569967,0.14780447216728,0.140897831879766,0.255992171034166,0.2445615013449,0.180310121990676,0.291930892060568,0.157934242238487,0.154850243956455,0.608255735963667,0.3413899247713,0.582773041293005
-1,-0.5,-0.2,0.25,0.7,-0.693147180559945,-1.06631699639525,-0.539714175849296,-0.0975803636948311,0.156543809130122,0.93136995753542,-0.878017434027801,0.170212295112731,0.170988059533162,0.174545594100627,0.304254313700198,0.281647838043905,0.174843286742236,0.607776028827547,0.200928726249063,0.181458080151128,0.921588000205598,0.652110335688292,0.888205727860628
-1,-0.5,-0.2,0.25,0.7,-0.693147180559945,-0.845119043885985,-0.842570320340212,-0.170303358838534,0.76232318272483,1.27068684370619,-0.410544659182663,0.159743850009023,0.159652723186101,0.137889778313639,0.416173995905025,0.358080775847867,0.136990540229662,0.430386470405777,0.212874511802449,0.156346199787181,1.21297452537319,0.65412907597448,0.777084701968647
-1,-0.5,-0.2,0.25,0.7,-0.693147180559945,-1.0198785526581,-0.177236730512264,-0.489272755291408,1.19898686191265,1.04854527298992,-0.990069492595674,0.133987997417046,0.130059679318045,0.136644395216656,0.448207943575854,0.404249017367294,0.149300642055249,0.538929631226056,0.158447765327501,0.16086138487535,1.11219931513028,0.631290493559878,0.745520211907678
-1,-0.5,-0.2,0.25,0.7,-0.693147180559945,-0.803017366203382,-0.59956097242618,-0.084455495863873,0.0466213932944,0.115268578940457,-0.706919903346484,0.178186234639688,0.179264763472337,0.184308173463675,0.268048123981329,0.254819603786526,0.203412403475874,0.662746937042836,0.199633098452039,0.184620130583912,0.744096843908817,0.362407416441668,1.0380679982098
-1,-0.5,-0.2,0.25,0.7,-0.693147180559945,-0.954896835050846,-0.468195480475306,-0.295518175175366,1.36817740901613,0.732032156848143,-0.594289934245907,0.13307827855619,0.149595381417471,0.126860772764487,0.528713393006395,0.52479547200136,0.13636224583658,0.396432869524406,0.184112998453574,0.128764944008433,1.39753134143624,0.846296168805741,0.642483022435438
-1,-0.5,-0.2,0.25,0.7,-0.693147180559945,0.0223218369637671,-0.144605580690513,-0.0969216056954014,1.06914888098516,0.816643984364179,-2.29689450398041,0.174232970040623,0.209546216088316,0.219442188208439,0.409951561126134,0.369734635275459,0.173474515788184,1.81109872025425,0.27972355648564,0.219528685881416,1.09234578428414,0.659092109142719,2.0257572385028
-1,-0.5,-0.2,0.25,0.7,-0.693147180559945,-0.880714919879655,-0.526086487063898,-0.284158452726226,2.54630924916509,0.763561467288107,-0.965690965772025,0.117590728491175,0.122646774020314,0.117933695550018,0.882694721583742,0.871449262961292,0.114917627441881,0.843961620615382,0.235827064170862,0.1485226324837,10.7819269749684,6.55534898532832,1.40272447322129
-1,-0.5,-0.2,0.25,0.7,-0.693147180559945,-1.55122409199052,-0.415988407132197,-0.272736272300683,0.314718091544201,0.411952422953743,-0.375860736295554,0.134733934434953,0.129364871028924,0.136078649275298,0.287555105807938,0.283442687838516,0.166265053643187,0.338270189383025,0.163704664151515,0.151769801625272,0.646557794201552,0.395965765809794,0.616792364134121
-1,-0.5,-0.2,0.25,0.7,-0.693147180559945,-1.07404112488833,-0.904610309023865,-0.184135392543761,0.0386739108712403,0.870008527682629,-0.375844049958756,0.177287355651975,0.201797721499932,0.140125596838447,0.277305769241673,0.246228539613954,0.173212853860059,0.383011005120067,0.213219059977621,0.160802098099913,0.505427730675741,0.341340056633798,0.601475305610613
-1,-0.5,-0.2,0.25,0.7,-0.693147180559945,-1.60397885533773,-0.49681838228644,-0.260184085345835,-0.133801956352507,0.405892770031293,-0.020253325880002,0.124311992928866,0.127709451081621,0.127327656261572,0.252808109439056,0.274866160420515,0.174720605893819,0.230502957822654,0.15080143308498,0.14012023013413,0.520076464577673,0.368932954218116,0.456150027673015
-1,-0.5,-0.2,0.25,0.7,-0.693147180559945,-1.35107306994141,-0.395666258352092,-0.131290239571166,0.819506157587144,1.40249056267966,-0.335276678581283,0.129459190343478,0.120144771824809,0.108037879398678,0.433495333289386,0.4234337643878,0.139085074817077,0.310216648881742,0.147336535333851,0.110442319643608,0.819333712087359,0.629586438304187,0.49430377697765
-1,-0.5,-0.2,0.25,0.7,-0.693147180559945,-0.428937161742437,-0.321944076058572,-0.344260272088786,1.66565614308778,0.924902125895064,-1.76750734634065,0.148622552649597,0.144017240231948,0.149715512260832,0.607960746889559,0.601105130220359,0.147775355965878,1.40254830237874,0.177520026173614,0.183191723573778,2.94668268391097,1.67701678450049,1.78092182442941
-1,-0.5,-0.2,0.25,0.7,-0.693147180559945,-1.20667880777677,-0.472415513390796,-0.267745819175446,-0.632334168761633,0.0759629828642663,0.31038712475198,0.14893051590767,0.17753178594732,0.151505840582783,0.197179378038063,0.197327463232287,0.209112050287163,0.275820973065017,0.195375146346261,0.153376854334028,0.685317554379995,0.257652033821022,0.76949781700085
-1,-0.5,-0.2,0.25,0.7,-0.693147180559945,-1.11649003014304,-0.326114236468937,-0.142006804181384,0.816186263459622,0.642354967395501,-0.983433208511953,0.141061725053487,0.142484044456693,0.143722602464572,0.394048375323124,0.394527364065959,0.15607987116055,0.564061443318449,0.163149794690746,0.164434260345678,0.995753494006917,0.559415820643975,0.812542580933898
-1,-0.5,-0.2,0.25,0.7,-0.693147180559945,-1.15857322377308,-0.628729928326627,-0.344356448553765,0.274839426910188,0.820859932694564,-0.424668438088163,0.146375081758079,0.143549122688363,0.147107115646406,0.302055919214018,0.321157137174353,0.176676715176938,0.600170824013759,0.169243616129457,0.172012172940788,1.38107670955873,0.790773428642102,1.15917689238805
-1,-0.5,-0.2,0.25,0.7,-0.693147180559945,-0.609748873477792,-0.34064172944012,0.024704223466611,1.10430834613799,0.0892724796930192,-1.2422656558401,0.14186074958102,0.140805351359883,0.15106816084046,0.395012049923708,0.409817681012779,0.153681398341429,0.950365909647075,0.200490845384076,0.167854761634789,1.71910579605425,0.786368784834463,1.3801781487274
-1,-0.5,-0.2,0.25,0.7,-0.693147180559945,-1.34694165675482,-0.539627169473168,0.0667814196124479,-0.357011912979924,0.220440956698759,0.00580490050847667,0.1478944588424,0.143372374306914,0.135300441500447,0.220440361807522,0.216188797170068,0.203169336802184,0.34783186022538,0.148756132399526,0.150536917932819,0.686840693869349,0.282081145698833,0.790407466651233
-1,-0.5,-0.2,0.25,0.7,-0.693147180559945,-0.742032828797192,-1.11499340093524,0.00602326542563054,-0.0872052436434808,0.725052319144076,-0.671783800021153,0.202821888102225,0.218136841959765,0.169691991706961,0.256508234115259,0.235670499545265,0.199187785964059,1.10529410294844,0.252607090351406,0.170024418211556,1.63117715949844,0.556321275980725,1.99314445510492
-1,-0.5,-0.2,0.25,0.7,-0.693147180559945,-1.1300810816733,-0.409228166155795,-0.315436912210972,-0.125292531992444,0.660527425232656,-0.452235960411269,0.167131615396903,0.157819550510034,0.180152293396225,0.249656840102676,0.273749551397682,0.194717358256585,0.548019611331161,0.189787949110616,0.183114980618337,0.922840262467675,0.465871870477452,1.02357776738753
-1,-0.5,-0.2,0.25,0.7,-0.693147180559945,-0.0364456274843492,-0.673180425613755,0.260538588040372,3.59776122154566,0.58422034906019,-2.50176966973784,0.136025619350133,0.143458309169364,0.141883572238853,1.40528421731158,1.51175992510038,0.123971529792845,1.696697853068,0.168567236379762,0.199681471951679,7.2099719897199,2.20967585531424,1.83926714349512
-1,-0.5,-0.2,0.25,0.7,-0.693147180559945,-1.16322171250232,-0.689175688116246,-0.244411782311082,0.211774977313286,0.533848940759297,-0.325284540161307,0.13421863708487,0.126403040871337,0.129086068332877,0.293675826361523,0.298729914924466,0.168585608434768,0.314999076715115,0.150270073266995,0.14832345741509,0.665255267817362,0.431507595968911,0.580137654396442
-1,-0.5,-0.2,0.25,0.7,-0.693147180559945,0.135795705858482,-0.0711124171041084,-0.567473215796157,2.75601908374392,0.918250375000458,-2.42482488491582,0.14466889629381,0.146079992149804,0.139540819344926,0.90560559915824,0.889708122334405,0.135976259808099,1.84581616031663,0.198295759723126,0.146172842997921,3.20272993803522,1.44117400057395,2.02304041461054
-1,-0.5,-0.2,0.25,0.7,-0.693147180559945,-1.08867313284117,-0.823561573296566,-0.216890747611004,0.345325209707472,0.795207509520769,-0.751161271547323,0.154382606019587,0.166298721442715,0.14449496750176,0.316306781860495,0.294552604393153,0.165865582312992,0.487496218613226,0.193081018390011,0.159759863381216,0.66456750085892,0.369030004162547,0.72685247111019
-1,-0.5,-0.2,0.25,0.7,-0.693147180559945,-0.935165009210163,-0.347134116591235,-0.0382528408027397,0.816799021751291,0.884195207666235,-1.00774664723399,0.147964886331413,0.158001974839004,0.139821396713289,0.381528694532427,0.360060034322802,0.155099408508845,0.668767981357876,0.259706773101783,0.161791006306349,0.898127278172791,0.581115696334677,0.984448461609871
-1,-0.5,-0.2,0.25,0.7,-0.693147180559945,-1.00163682476899,-0.255744326917589,-0.00756145620582216,0.219175241306824,0.264366185821428,-0.722196100228814,0.160670059414727,0.184928614337276,0.17277656288498,0.294043186757207,0.29667541687983,0.1833173029637,0.575637028653961,0.207824204359453,0.18761442110493,0.74663747827751,0.382358121049613,0.911778841505391
-1,-0.5,-0.2,0.25,0.7,-0.693147180559945,-0.457436748544221,-0.329216193913529,-0.346667662252036,1.8708695555215,1.60499209682039,-1.70753100704732,0.149206057741022,0.160946741491635,0.148015279556902,0.704498421621629,0.499349419032275,0.145493782969589,0.980926042838222,0.189350909147108,0.16500964930397,1.81481991177552,1.01838147132699,1.13740255049951
-1,-0.5,-0.2,0.25,0.7,-0.693147180559945,-0.789356380424508,-0.41223375311565,-0.374391697271288,1.69263361600695,1.61593688890639,-1.4213221451953,0.152081200278494,0.15713577497643,0.136122919618635,0.636720087975696,0.588571141789999,0.133921677625292,0.723054650909207,0.188779148926089,0.141602085199108,1.31085304610483,1.04487253494353,0.839981158297855
-1,-0.5,-0.2,0.25,0.7,-0.693147180559945,-1.15637771968881,-0.815824849925002,-0.0773870526821106,-0.487943837751146,0.757477523652259,0.204149801431713,0.150657351290648,0.150701147715116,0.121515042787282,0.233528483757555,0.239592560075266,0.186076298365261,0.27474668239216,0.164610508735781,0.17110303584788,0.90808110679259,0.398520630882106,0.823550227759049
-1,-0.5,-0.2,0.25,0.7,-0.693147180559945,-1.14387861210616,-0.595358451539316,-0.087287283757189,0.0484008426522003,0.792771701863936,-0.340494385339086,0.159557637708961,0.143093017445509,0.135829397826643,0.279534907998804,0.291064798551008,0.179221635721189,0.351883260671633,0.17242367521842,0.132623634153431,0.644188643871765,0.35702677427328,0.655919136863247
-1,-0.5,-0.2,0.25,0.7,-0.693147180559945,-1.09286446988151,-0.652647379230879,-0.0394557268907646,0.110734204342964,0.780038144405232,-0.145962412366305,0.13210361083907,0.140138880010603,0.122333592741648,0.3053769440247,0.286517577481888,0.161758535510522,0.327832617293248,0.16192691184092,0.149257995352357,1.07527869072984,0.478629626581217,0.80469562579927
-1,-0.5,-0.2,0.25,0.7,-0.693147180559945,-1.5166679250877,-0.619426690255811,-0.102444541611666,0.79184178213419,1.52278356389658,0.0730027091481,0.121586465145802,0.123825098313073,0.098929955176956,0.446803955826351,0.378033286069927,0.116213984693718,0.204891900168089,0.127618467700089,0.110234617014275,0.69485269791103,0.603732381833399,0.33780407113478
-1,-0.5,-0.2,0.25,0.7,-0.693147180559945,-0.783651170297193,-0.758663617653566,-0.197150671621501,-0.201663724243221,0.921475715685668,-0.316162087826985,0.194716491481496,0.203275741307436,0.14761917923046,0.260399859761293,0.251775900572583,0.18667065217374,0.44894825977257,0.264880534404929,0.158095819019719,0.799131035397478,0.353660733532063,0.885316043459645
-1,-0.5,-0.2,0.25,0.7,-0.693147180559945,0.780737000024274,-0.638060621860847,0.0797026352179343,1.45394092823525,0.809736738456339,-2.49442607901232,0.173788795317421,0.171489956892855,0.181867322889867,0.492313699348463,0.434352130943484,0.16636548231264,2.08996691532429,0.204771139602218,0.142497134655378,1.42552467585221,0.783160081166024,2.26207201565497
-1,-0.5,-0.2,0.25,0.7,-0.693147180559945,-0.791107810374493,-0.527552030110103,-0.244925190760904,1.09140929013672,1.30003037463134,-1.04148739890842,0.171519666000461,0.188483541440066,0.135878153404611,0.494789220811805,0.384601166725292,0.151839617864449,0.559897036108213,0.202466862030579,0.154553331555379,0.966763250489784,0.598002587608701,0.709981155158792
-1,-0.5,-0.2,0.25,0.7,-0.693147180559945,-1.2667667019114,-0.0134196783294951,-0.230937415286967,-0.719684542725016,-0.0357524272388152,0.154443235899315,0.173824072667662,0.191544072953115,0.187901562770529,0.193414799725894,0.204134043133595,0.222060513995861,0.344156644320834,0.226296179575288,0.222199606731479,0.837520612843736,0.263062434360402,1.01233567444728
-1,-0.5,-0.2,0.25,0.7,-0.693147180559945,-1.02357911598284,-0.488715087159896,-0.19511837039789,1.323585367521,1.3649843362902,-0.791660943678726,0.136145940526055,0.147813816238317,0.115345603091649,0.504294922675614,0.424050546676992,0.134642424305464,0.529810376438271,0.185470784576133,0.126922288008761,1.63904847363292,0.97370761098333,0.794221511820768
-1,-0.5,-0.2,0.25,0.7,-0.693147180559945,-0.753768241833011,-0.403520956786042,-0.382007423590988,0.171918945817141,0.252322486847518,-1.02747992678702,0.175310129107284,0.174160676468779,0.173133837671534,0.26985860583019,0.261216816584158,0.194660236946321,0.706133994393227,0.202417939936648,0.193648403181078,0.512876534434992,0.4291312541698,0.88999372445089
-1,-0.5,-0.2,0.25,0.7,-0.693147180559945,-1.19594542149985,-0.354049675581122,-0.129398365153619,0.284733472267442,1.00644040430067,-0.169370392217295,0.131800078527418,0.123798990954779,0.13079568029417,0.338465132921352,0.348820501083056,0.143271080484543,0.296583059795354,0.145237438630687,0.146841443159744,0.825138460760695,0.562944708115151,0.588414040453028
-1,-0.5,-0.2,0.25,0.7,-0.693147180559945,-1.41421393831851,-0.0451664807366928,-0.192628894344858,-1.26665973132812,-0.0745646078902728,0.861397300111316,0.134021498498759,0.164465869039342,0.0993487170874264,0.174973873237601,0.1828514249243,0.198358744607195,0.15462169079735,0.219854207123483,0.121448147965885,0.984073961938932,0.20651686276401,1.02309502118863
-1,-0.5,-0.2,0.25,0.7,-0.693147180559945,-1.47034141852831,-0.191452798918011,-0.202941766412257,-0.454889478193754,0.175482938118715,0.158918384241157,0.134398898332474,0.124796433643818,0.162423182043663,0.207677577520638,0.215419552030551,0.195448535798924,0.248771001811775,0.144980187068575,0.151431646717378,0.5022152475712,0.278658139591017,0.560744174660746
-1,-0.5,-0.2,0.25,0.7,-0.693147180559945,-0.385905662804463,-0.707661579633184,-0.280584768359466,0.689223913308988,0.155389752671899,-1.51063431760582,0.171028728482374,0.187201924830619,0.176233571046223,0.321730127104022,0.339367919579695,0.176871772360099,1.34428497030604,0.255557153675976,0.232510045333193,1.10601487520796,0.500889523361761,1.71378207515756
-1,-0.5,-0.2,0.25,0.7,-0.693147180559945,-1.10016362432179,-0.343540491785363,0.168574239443932,-0.236848686538249,0.718248258074612,-0.228850319431767,0.17551901431795,0.188353375997313,0.168001159908745,0.244106662949408,0.243989090972568,0.19773974128077,0.549203383250301,0.216561247277983,0.200816933517801,1.05604049836935,0.480024816178121,1.10986794392542
-1,-0.5,-0.2,0.25,0.7,-0.693147180559945,-0.990061686573202,-0.526580868110813,-0.290582875263855,0.504306833835843,0.806469517574344,-0.771077826515375,0.149067131994941,0.156820430326335,0.125684232606969,0.33008217411427,0.300258246723498,0.164390345663098,0.550896271833844,0.179869940861865,0.14268327255057,0.919485749189386,0.546615121108249,0.823170268648377
-1,-0.5,-0.2,0.25,0.7,-0.693147180559945,-1.41693121032587,-0.33613406699117,-0.307379034930768,1.08985126010409,1.71020681149254,-0.762124405948751,0.147844018273901,0.14246072803045,0.134934018678678,0.499911233401447,0.461222945331051,0.144392472613593,0.445614730922855,0.164052163861858,0.150647646271992,1.05486325086595,0.852688167055918,0.568733132170086
-1,-0.5,-0.2,0.25,0.7,-0.693147180559945,-1.60050095168553,-0.406829589239852,-0.189091805065501,-0.246898560303025,0.40726203881869,0.149758179118066,0.126873613510387,0.135275776808345,0.125954167079811,0.229433984267941,0.216223399652785,0.178484161154616,0.222262659184903,0.150183535861829,0.128123320746642,0.491190429541611,0.24549138001421,0.475067237262334
-1,-0.5,-0.2,0.25,0.7,-0.693147180559945,-0.647990984116544,-0.526714377562477,-0.257258610581023,1.73543999946825,0.666891350091833,-1.39629678057177,0.13580637306804,0.133596624129383,0.137775861954567,0.54353411583094,0.564471255071723,0.139248680681848,0.760146910773968,0.159872237974321,0.158099943034968,1.48524428358799,0.908156109222215,0.945344506767746
-1,-0.5,-0.2,0.25,0.7,-0.693147180559945,-0.996729781064289,-0.331707595723462,-0.134371814873003,-0.245417844850551,0.705802316931226,-0.809452111096446,0.177273763728036,0.169661699292593,0.197976059069695,0.244352135767398,0.259988980132034,0.200229455208094,0.651870930634904,0.240515832295993,0.207034132343585,0.760534975281378,0.445710277254667,1.03901012583042
-1,-0.5,-0.2,0.25,0.7,-0.693147180559945,-1.60228857134713,-0.402181447676517,0.0897564542137178,1.25298931848222,0.878334525743262,-0.278000935857036,0.106547275877846,0.109712635440657,0.111375245923054,0.522612916972562,0.498847939533511,0.126678023733994,0.271898786538189,0.138972127252269,0.125107623788521,1.46692831136157,0.852323522162038,0.542539663024254
-1,-0.5,-0.2,0.25,0.7,-0.693147180559945,-0.950290934484635,-0.652538399284967,-0.0195615224523608,0.174071495278147,1.235283235882,-0.56379928005777,0.177580028509984,0.178799866886254,0.140086640451463,0.305578075511881,0.301452748893382,0.163595938054457,0.482706803861797,0.206394966394381,0.163842752798978,0.828014520476449,0.503743748018601,0.766186144109021
-1,-0.5,-0.2,0.25,0.7,-0.693147180559945,-1.238033081678,-0.534749699969798,-0.162298544738153,0.933381809696518,1.48434282431541,-0.41882465921764,0.145744221138556,0.156026554051199,0.1121932127771,0.470823113869945,0.375097298848805,0.133011817793235,0.327577658205442,0.167917122233256,0.118109983241015,0.754749622400243,0.551052554367683,0.439272534538452
-1,-0.5,-0.2,0.25,0.7,-0.693147180559945,-1.04836986100978,-0.478918352735526,-0.249262651082273,0.529339291354786,0.680140233394068,-0.793256517489173,0.152681636658015,0.155494500231264,0.133497904920766,0.33430970216156,0.307309062431854,0.165761861883821,0.614475664259649,0.18058279691823,0.160638219085526,1.26666521195314,0.718477062974329,1.02118467115242
-1,-0.5,-0.2,0.25,0.7,-0.693147180559945,-1.12563108423412,-0.421498318015192,-0.337693427478486,0.0767880141010747,1.38106288395163,-0.446087798350017,0.159998752121883,0.156014035332463,0.157957111242648,0.305075869151606,0.311773612950879,0.169007349708434,0.398292151024487,0.188963122147398,0.172670943380886,0.606972955849278,0.453655265043204,0.610100227402475
-1,-0.5,-0.2,0.25,0.7,-0.693147180559945,-1.22318582786428,-0.38587450787886,-0.265296089033382,1.64795987754889,1.64454265354022,-0.726653605202312,0.12396474688354,0.130016134830137,0.122832178183915,0.60344714647008,0.462752944533276,0.137427891555025,0.403008019030027,0.161797851276478,0.120582654618587,1.40157073701673,0.844446392245643,0.572231023215369
-1,-0.5,-0.2,0.25,0.7,-0.693147180559945,-1.44864125454305,-0.807932268177076,-0.0584985559867696,-1.54292851026954,0.384271937152855,1.27422466328204,0.125271231240053,0.117924939395352,0.0812254577519494,0.163494542532557,0.165695356095804,0.178264207900067,0.127670333461204,0.119133609801577,0.0885751987077149,0.552381784944967,0.204153688075816,0.556490516462726
-1,-0.5,-0.2,0.25,0.7,-0.693147180559945,-0.273268749373684,-0.612308952260315,-0.125254523278077,1.2777115213946,1.38054542039844,-1.52669237348597,0.190132087631153,0.187566314858332,0.167585435371991,0.562026304209602,0.474409199022846,0.155377918360687,1.0582620669338,0.248387385901622,0.181639893187283,1.80150346032276,1.17075885648495,1.31785840844938
-1,-0.5,-0.2,0.25,0.7,-0.693147180559945,-1.20544970622499,-0.39784748050272,-0.0905204878463444,0.622377789337879,0.571400926297786,-0.783960969087597,0.142926182056247,0.15087700248824,0.146688287262824,0.353966605794758,0.326072306376705,0.16570722914449,1.50893104525788,0.190352170659733,0.176697730692141,3.78308004871541,1.47030096506487,2.81374834158653
-1,-0.5,-0.2,0.25,0.7,-0.693147180559945,-0.663542181483505,-0.61145246951961,-0.0200277635787474,0.235745051276126,0.0728081364439205,-0.871129262017226,0.162220575544183,0.162164055089997,0.144940393377571,0.275290016101697,0.294167182167338,0.185131359962242,0.607320318058,0.195771752052541,0.18540009925314,0.610029517836322,0.366936112088444,0.861592458543851
-1,-0.5,-0.2,0.25,0.7,-0.693147180559945,-1.12138954465706,-0.483998742518764,-0.309237363013867,0.443166888757865,0.458363613747837,-0.627115368892723,0.135791336247459,0.131767807381538,0.129566111421147,0.305677017166676,0.34011188798234,0.16271993197116,0.463809571424899,0.152863457798198,0.166105705351732,0.75489925113397,0.542761758704533,0.727222346028507
-1,-0.5,-0.2,0.25,0.7,-0.693147180559945,-1.58783098604383,-0.43322276014785,-0.163093271519752,-1.37584474235968,0.674143991687071,1.16202257830623,0.129330797017248,0.117493537266274,0.113965975162741,0.175520811192665,0.180308107430892,0.175988474262892,0.147239921879993,0.165391535105514,0.135295273895979,0.81721620184445,0.190074431467368,0.776211307663124
-1,-0.5,-0.2,0.25,0.7,-0.693147180559945,-1.33804053290829,-0.406885638237965,-0.40647954307002,1.03391766121807,1.15789454626076,-0.363290618482323,0.122413478485688,0.136623665083023,0.108671269933439,0.451117310908468,0.373294571322067,0.122783551986836,0.323304447583797,0.173826611977598,0.119797349841167,0.981465279894851,0.5679245866057,0.560755735675225
-1,-0.5,-0.2,0.25,0.7,-0.693147180559945,-1.50609663812947,-0.344670583662947,-0.246846445207998,-0.361407073487326,0.414313119242075,0.0623569256450239,0.141530730714019,0.143295779152791,0.138942727233436,0.228910776103695,0.229194886217422,0.190655915385033,0.276457702646562,0.150896548458231,0.1446277232126,0.670517976892817,0.362278937774971,0.662040414239327
-1,-0.5,-0.2,0.25,0.7,-0.693147180559945,-1.15663654762152,-0.794088525334094,-0.124238955329266,-0.0692943195909287,1.09225166041021,0.12439588600734,0.143495426468599,0.127715828434707,0.104101401185981,0.27421629719115,0.280011918831717,0.165140393856941,0.224312361673885,0.142531885137985,0.120847416574075,0.450001199202749,0.3584675381376,0.404094376447081
-1,-0.5,-0.2,0.25,0.7,-0.693147180559945,-0.616573607796548,-0.583417703888374,0.0129909456227492,1.03188170955909,1.29511915923755,-1.30513237436613,0.171348199604512,0.201990213725861,0.148585560687715,0.469440851484885,0.369037836624211,0.136877338990819,0.770374065826522,0.261966734705998,0.144830786638113,1.0930121284669,0.682823932602783,0.974786865727356
-1,-0.5,-0.2,0.25,0.7,-0.693147180559945,-1.4657542189489,-0.450010814910781,-0.463811989400343,-1.04702855861253,0.452565740558221,1.20787832634621,0.113441710639906,0.0926605320087244,0.103088021984266,0.182714475739848,0.183341483347419,0.182218506958717,0.12144114123925,0.103902709692403,0.103520039964304,0.537572377361689,0.261883449310298,0.485630278909929
-1,-0.5,-0.2,0.25,0.7,-0.693147180559945,-1.52086507031048,-0.520905619584628,-0.236899505211817,-0.0679263396427009,1.43109580577352,0.367555370065187,0.126228488027928,0.136710861402928,0.0948599884609919,0.305733070881098,0.264848428049851,0.148642270356266,0.175876415956888,0.151775210372609,0.107341460915451,0.548533156310657,0.393365538720221,0.350700849378983
-1,-0.5,-0.2,0.25,0.7,-0.693147180559945,-1.27008215860295,-0.512272561874194,-0.177401755353039,-0.55174145249193,0.536380386644015,-0.300788758616246,0.17246451288526,0.17383098131478,0.154847635203492,0.215527288269512,0.211100612692643,0.217063346048307,0.40092120778143,0.208215764209289,0.182072227130181,0.479250684341052,0.263424777803952,0.703720341434363
-1,-0.5,-0.2,0.25,0.7,-0.693147180559945,-0.0426414011569396,-0.288816655419818,-0.235739268791935,0.693577194274073,0.0591642890294734,-1.89967606088576,0.171272078527353,0.174992893810681,0.174433889161488,0.324242407148269,0.321760125827759,0.17974123818698,1.56082064608316,0.247652276486244,0.196841358195062,0.911492413895685,0.538650786550133,1.83276741656649
-1,-0.5,-0.2,0.25,0.7,-0.693147180559945,-1.42524258850615,-0.335470456194725,-0.506883541274786,-1.00781816162379,0.305145860243129,0.615549949429842,0.142506973722217,0.159315685847488,0.147881008074325,0.186163157200257,0.186049635124405,0.202848937685484,0.181322742392326,0.179973811839361,0.158182098151622,0.714536703216177,0.201654893649338,0.733444956110542
-1,-0.5,-0.2,0.25,0.7,-0.693147180559945,-1.88282936928282,0.0304358352446413,-0.148023713881061,-0.314501418295413,0.325043029612342,0.313521067987153,0.12596859297379,0.138425931918604,0.115504306428947,0.223402112325536,0.228961029716302,0.17948488704433,0.183649112822158,0.208496424893211,0.122356707130977,0.517160413840562,0.276349534271431,0.476319204667812
-1,-0.5,-0.2,0.25,0.7,-0.693147180559945,-0.336293315474999,-0.35824078117625,-0.140531979324716,1.1635669579447,0.745272721374815,-1.92076690511509,0.161976768708091,0.163165390189739,0.155374100666019,0.463705859678592,0.388790187087214,0.162393084186,1.23707093880174,0.227795610949065,0.180445388624273,1.03708735930515,0.595018896195414,1.42782755788858
-1,-0.5,-0.2,0.25,0.7,-0.693147180559945,-1.46251424055211,-0.564520387355762,-0.0393476679031172,-0.403811186626483,0.603837443749963,0.280342394621181,0.130720217265035,0.125290158363231,0.114020302502482,0.24099741906296,0.25845831740138,0.182484946517048,0.200926567745451,0.140237440590572,0.131133226807698,0.714180195685466,0.373550329047719,0.588894797803779
-1,-0.5,-0.2,0.25,0.7,-0.693147180559945,-1.02429504053493,-0.475981780118138,0.0313679524730905,0.302695186715095,0.989641285955403,-0.746166766113375,0.170335619367429,0.180472407028786,0.179101419857572,0.326225188782489,0.286382833032033,0.17323825362452,NA,0.135177198030827,0.155441250767869,NA,NA,NA
-1,-0.5,-0.2,0.25,0.7,-0.693147180559945,-1.02235096916324,-0.456873230421812,-0.167691241013234,-0.632052930323538,0.186709976506387,0.139021308730557,0.136541897378746,0.135537468653579,0.140286760621865,0.203514348393521,0.208048183895332,0.198778564253392,0.238446276516904,0.150278889327624,0.153365007933767,0.51493999906396,0.242695277367357,0.570243142793694
-1,-0.5,-0.2,0.25,0.7,-0.693147180559945,-0.918631751057826,-0.113803346678913,-0.231788074228793,-0.0981937519853589,0.554376202712994,-0.914284257767236,0.184751815040792,0.20306598278955,0.206999262063391,0.246765430311536,0.242601237527095,0.20063727908636,0.798997737297892,0.253809421057443,0.214243682480043,0.689191660438815,0.294847913006831,1.16406264507507
-1,-0.5,-0.2,0.25,0.7,-0.693147180559945,-1.19590926688785,-0.513328577092973,-0.0848042491515027,0.555726836960811,0.0445237513842433,-0.355566914711281,0.124641574132313,0.132392035630954,0.148984713419945,0.316975132208748,0.302217305160591,0.158970333951774,0.396873444380766,0.147489290820276,0.149027233073746,0.925190061628714,0.460294879253391,0.750849637677379
-1,-0.5,-0.2,0.25,0.7,-0.693147180559945,-0.903704728240784,-0.553870268469371,-0.32893549330847,0.652001796826388,0.994943191155792,-0.777908465826499,0.150583095868312,0.153522958091737,0.132031382061792,0.365198118373525,0.334454702888983,0.161450343981608,0.554299305896205,0.18313906380452,0.124016746800334,1.06207314163198,0.572651728627316,0.877099196004059
-1,-0.5,-0.2,0.25,0.7,-0.693147180559945,-1.44069871691206,-0.291359485271971,-0.254648936350717,0.710043964838426,0.530810227621454,-0.621260484627337,0.136286861699739,0.140296934669911,0.133460797076123,0.365948427568969,0.343528639797424,0.155543837423505,0.458569945440103,0.194089291426224,0.154185334527261,1.1725177191722,0.483356804211215,0.85573160600919
-1,-0.5,-0.2,0.25,0.7,-0.693147180559945,-1.21390748472962,-0.372038759456791,-0.154270007901122,-0.0194832618290615,0.763322217926618,-0.0320619043247503,0.139609781228749,0.132531868069522,0.149612061451563,0.272342360248978,0.27525961089571,0.173178555853145,0.272319374130344,0.150898719195199,0.137388753843231,0.827027580864196,0.389949921670204,0.650328912565942
-1,-0.5,-0.2,0.25,0.7,-0.693147180559945,-0.960535939390848,-0.751937493127494,-0.300611414707813,1.54305852503742,1.63863835353229,-0.947436558373565,0.140798263315849,0.142079740026064,0.152462398877965,0.568913449701855,0.502875434004927,0.135722737235805,0.590156377159444,0.189357065236907,0.152112406502958,1.98935287744348,1.30370182374419,0.84567347184271
-1,-0.5,-0.2,0.25,0.7,-0.693147180559945,-0.895258075055265,-0.458724319983829,-0.196347087842105,1.15196392313321,1.26280155286082,-0.767674599836148,0.141227079800445,0.141699447463029,0.12195263857395,0.513177093968807,0.453337682351294,0.134193790785819,0.520478402201782,0.196019072781439,0.137737936851155,1.12845107183567,0.687829565770922,0.76313298254983
-1,-0.5,-0.2,0.25,0.7,-0.693147180559945,0.0119473091972921,-0.693364722406787,0.0942567402649241,1.05380525216275,0.962989551903394,-2.02323198906984,0.175284365593788,0.184457480400477,0.160822199814217,0.433600170691664,0.378243000162342,0.17396295234513,1.39627497856089,0.232740288682645,0.18818865810257,1.11769099383909,0.727633555288632,1.56746432918121
-1,-0.5,-0.2,0.25,0.7,-0.693147180559945,-1.12075938278583,-0.521403227323664,-0.440699263497273,0.639769596463442,1.0112096648993,-0.276679549675524,0.129164770115819,0.133760066794673,0.116965272485341,0.362124515379231,0.318460712925089,0.138906125245859,0.298996082963196,0.150887758664488,0.12172099907225,0.669524814401348,0.480216556422257,0.485089121389753
-1,-0.5,-0.2,0.25,0.7,-0.693147180559945,-1.35459499511715,-0.504519844412803,-0.55348278938824,-0.554019147480789,0.664829848701909,0.227297647233033,0.141880404120014,0.141681090643842,0.15752510002195,0.219903085993887,0.202275151720692,0.18847459540878,0.214905589827912,0.1640652973937,0.16200657877407,0.601524698295684,0.30109989097045,0.562043698141268
-1,-0.5,-0.2,0.25,0.7,-0.693147180559945,-0.792411573834611,-0.499062241149311,-0.196492282269726,0.170323540882389,0.773649707257873,-0.877593797982065,0.169483152366903,0.174727343630402,0.160290529772022,0.279536493795661,0.281316601149514,0.18003959592886,0.666229793881932,0.214803624740506,0.198843803115446,0.680311751846258,0.369800324094123,0.966400910665986
-1,-0.5,-0.2,0.25,0.7,-0.693147180559945,-0.89813710178164,-0.375923133727039,-0.465842241288059,0.211762176287793,0.658437890603097,-0.771227208481208,0.155143217584896,0.152289263939317,0.122840412495603,0.281299567093016,0.286989302472263,0.174547766358558,0.589014940869742,0.177530674647669,0.149276922607305,0.785453657128391,0.372473970247984,0.925245732308809
-1,-0.5,-0.2,0.25,0.7,-0.693147180559945,-0.946391688542214,-0.562162344094935,-0.465341169974511,-0.121196405284134,0.701929639034822,-0.686474951032445,0.182091158399218,0.189324479981968,0.152877748955275,0.255537113614024,0.237015258324818,0.196351829724157,0.573490143877868,0.226280969480237,0.171885482868265,0.651096499919,0.327703105201268,0.90986620648557
-1,-0.5,-0.2,0.25,0.7,-0.693147180559945,-1.50367701329189,-0.422869634262217,-0.156287239234624,-0.363182253958625,0.0121362243189889,0.135592408811294,0.135364429673789,0.140524455506402,0.125043342711663,0.218963802066401,0.210531291684359,0.191092931956069,0.250500846807959,0.146113845271699,0.132951016360929,0.579874554985239,0.326857134477335,0.602028861972398
-1,-0.5,-0.2,0.25,0.7,-0.693147180559945,-0.101540230916263,-0.590857133270479,-0.0862515936097695,1.55995096636827,1.47339030280741,-1.82184198936168,0.166041470997798,0.163347847321588,0.168157198004329,0.584752651376273,0.546234986123916,0.159060956563326,1.15781768022567,0.211169354920676,0.199062549214114,1.53275482575374,1.2168073171571,1.32095484843386
-1,-0.5,-0.2,0.25,0.7,-0.693147180559945,-1.59028726824321,-0.481143207230159,-0.1197383821057,-0.212124915359723,0.380761007285465,0.117347132547922,0.122040250065611,0.127785136773445,0.105262799777647,0.23970728751537,0.230585367500045,0.178999544697064,0.243467105716932,0.142719200491622,0.125890162070108,0.73289196353912,0.276949241876825,0.673721150815586
-1,-0.5,-0.2,0.25,0.7,-0.693147180559945,-0.870561914254539,-0.459922107242646,-0.299477309374825,0.483034051631468,0.0855424356533842,-1.14395485147969,0.153275410886379,0.161808836299325,0.178101270568953,0.307811939807225,0.293240179906546,0.175575165696967,0.806516133489013,0.186321969049098,0.189462505130651,0.972738834858779,0.423043196242231,1.18162165849867
-1,-0.5,-0.2,0.25,0.7,-0.693147180559945,-1.43868802659625,-0.288729784135869,-0.206902641204579,-0.774845158648447,0.323131470430022,0.225259945109062,0.156142885049773,0.158468130615363,0.144077563934423,0.197205081220498,0.199482219743336,0.207994029705825,0.247115186064563,0.179390145917676,0.166726020099985,0.617812779151339,0.237940714669753,0.692308955764745
-1,-0.5,-0.2,0.25,0.7,-0.693147180559945,-1.63104477065277,-0.525161740400084,-0.463793483903649,-1.03909425739798,0.330361970500604,0.835399196817173,0.123357696298378,0.129060693167579,0.11214689240099,0.179712195926405,0.179400942234065,0.190596233194873,0.144352436491783,0.130073649225621,0.119114489632603,0.541098690888891,0.228113056649965,0.54048148339269
-1,-0.5,-0.2,0.25,0.7,-0.693147180559945,-0.890819926505257,-0.488664926567383,-0.420143807857175,0.669636352473181,0.824550483459545,-1.01126137612761,0.152729970000228,0.163941139500549,0.142255997926041,0.361657552104844,0.321816608989065,0.158310503571102,0.624808046707073,0.186387136836019,0.175299323634289,0.817908845361004,0.514654172037538,0.836411868826834
-1,-0.5,-0.2,0.25,0.7,-0.693147180559945,-0.564059676100614,-0.440705841956462,-0.0163227971067413,1.18825069225754,-0.535337798859334,-1.40782416510296,0.153055836082961,0.148403072950055,0.159993220812453,0.438352923835042,0.454622859977508,0.159233718403465,0.838833412727176,0.181169368705141,0.147231883388959,1.18976214412501,0.735271393274339,1.06207491628563
-1,-0.5,-0.2,0.25,0.7,-0.693147180559945,-1.02375819047115,-0.618831360030481,-0.218675449909125,1.75770115294134,1.4572145930135,-0.886149203200495,0.133459516893381,0.150024195214359,0.127221618596364,0.595297994292452,0.467531605666472,0.135032967881538,0.502321128535924,0.171427307025756,0.144289776837583,1.38750502209035,0.779187485481658,0.673840560645557
-1,-0.5,-0.2,0.25,0.7,-0.693147180559945,-1.69200366965045,-0.0172840737876488,0.291539214499886,-4.73063446941933,0.117579607139549,4.42966098081832,0.0321989396903043,0.0666090573703795,0.0506726043105886,0.0479778700128945,0.0588308998170874,0.048729904809007,0.0862617614824259,0.0858102732361393,0.0397634817330916,1.85201101148643,0.139538650146054,1.8854194711472
-1,-0.5,-0.2,0.25,0.7,-0.693147180559945,0.417917737821887,0.120288958700501,-0.70521328380052,4.16931798022488,0.454912878654118,-2.4157263797176,0.131086791036093,0.137399561332972,0.137398268993848,1.66879481622395,1.54870399811789,0.128452909848322,1.52465701763358,0.17153375742352,0.171656560218838,9.25510043200854,3.19328959544874,1.60121812925217
-1,-0.5,-0.2,0.25,0.7,-0.693147180559945,-0.594842530489132,-0.562369828003125,-0.300748662038276,0.255230628368953,0.715721749003252,-0.787049050641933,0.177221247113095,0.174760461737508,0.179632055095136,0.316146070179173,0.316341225942844,0.176475204075607,0.539045141909331,0.211201405421498,0.172124985113729,0.660325710547511,0.437103843151806,0.783328331662328
-1,-0.5,-0.2,0.25,0.7,-0.693147180559945,-0.603189230072587,-0.478048079092416,-0.032605741390157,0.364428342246701,-0.0218862393867748,-1.36480009011723,0.172159267627803,0.19230487325792,0.15945136750537,0.289946684441927,0.290354410576375,0.186373804724232,0.980026315402241,0.271806142781121,0.202217095858602,0.829933616075307,0.411220391050896,1.31064977112822
-1,-0.5,-0.2,0.25,0.7,-0.693147180559945,-1.40442113826637,-0.660944276566402,-0.393687267093896,-1.07005700958086,0.369684209233587,0.730017476370018,0.138897239287109,0.119412594001917,0.143165698664096,0.181968208925698,0.185538310881921,0.199710335547138,0.175487657234145,0.142034728096752,0.146826365125598,0.66142797944491,0.26415525674053,0.67645603757669
-1,-0.5,-0.2,0.25,0.7,-0.693147180559945,-1.4050246365809,-0.700711893006311,-0.317280557957507,-0.678306230431377,0.641563015061344,0.341032526117743,0.139547751649268,0.142134335663508,0.134717520186532,0.211827922556151,0.209812905670746,0.186495813643612,0.193276827894075,0.170219710445624,0.143204049163012,0.432293695515285,0.248417965194651,0.434537377382389
-1,-0.5,-0.2,0.25,0.7,-0.693147180559945,-1.06339263171459,-0.749068723287563,-0.0808854072755406,-0.406515677672906,0.519052207584548,0.00823715553076369,0.163402683565201,0.157315294249925,0.174753987812549,0.229882784813111,0.215307451500921,0.201615475969256,0.327163819910185,0.166501974881113,0.198437129432586,0.723895968954987,0.303188564006691,0.757458475883234
-1,-0.5,-0.2,0.25,0.7,-0.693147180559945,-0.155845459604666,-0.128707392676306,-0.276306146184818,3.07474159645674,0.271981313308757,-2.03464782778609,0.134839496763854,0.137244579725496,0.134820624611934,0.996631484730958,1.06341169174742,0.12728772614057,1.27900380689858,0.171191580579656,0.147074752285953,5.04165670894552,1.58088400355639,1.44629500143061
-1,-0.5,-0.2,0.25,0.7,-0.693147180559945,-1.00811850555668,-0.604956488890455,-0.326183741304644,-0.272025768443791,0.578500507503131,0.031530374647598,0.146290037424763,0.137309454902063,0.167891433067134,0.238974551655318,0.234587622362882,0.188721619291767,0.327295127086537,0.145424954637341,0.148190215593509,0.718443942195483,0.315423489551648,0.73400004014786
-1,-0.5,-0.2,0.25,0.7,-0.693147180559945,-0.954975782895632,-1.07316862102182,-0.416038958790016,0.778952712305321,1.98060028319842,-0.250944531663003,0.148979077662481,0.152983429512255,0.123073051361574,0.459112976338043,0.428214938819389,0.144103760081779,0.279928550057637,0.172644355740672,0.146359517621833,0.803213404014528,0.693654905026238,0.410252799511049
-1,-0.5,-0.2,0.25,0.7,-0.693147180559945,-1.25852417006833,-0.610005730741936,-0.293810071061499,0.143033061218761,0.708544778327905,-0.4221991114721,0.141873921603398,0.13323391889086,0.130777140189839,0.272798689892299,0.261965649148747,0.170739426819741,0.366841867353424,0.15240135417564,0.131251450883366,0.563497330992472,0.395904576643471,0.595475374067536
-1,-0.5,-0.2,0.25,0.7,-0.693147180559945,-0.391421784830199,-0.341513667863436,-0.310874071185558,1.81322108440581,0.478517024549482,-1.93519555714328,0.1509749804354,0.152222238018212,0.14533439486975,0.582385663284564,0.547296687617022,0.147441456018696,1.44759393103532,0.193493693606668,0.181936528263619,2.24961873554821,0.904092947266201,1.72530526455039
-1,-0.5,-0.2,0.25,0.7,-0.693147180559945,-1.23972473005582,-0.33916955192707,-0.184411279596617,1.46493664712313,0.726492592262024,-0.591235249874549,0.118737258778435,0.119598632253174,0.123837126684127,0.507428400295339,0.472422043212429,0.136937861104135,0.425867587992417,0.15468560905462,0.163533384451045,1.96382418733,0.804561923009102,0.767585171755102
-1,-0.5,-0.2,0.25,0.7,-0.693147180559945,-1.1274572460181,-0.255370269640601,-0.192389693775322,0.281127269679891,0.635263215717505,-0.310459842783439,0.13378013260707,0.137559537704312,0.138834259209757,0.287378836372429,0.277136369569438,0.163559183262817,0.32773012013209,0.166760255316022,0.127193784773585,0.533781962977293,0.425218045399542,0.548145240708368
-1,-0.5,-0.2,0.25,0.7,-0.693147180559945,-0.828844243447693,-0.341749330846202,-0.298784093610906,0.878311057847545,0.828951524882088,-1.1982685575407,0.143336361691532,0.141522874223911,0.154963018721286,0.372514727523111,0.378569883023774,0.157761294102173,0.732045708232163,0.163182969136433,0.196633257343364,0.958551487105393,0.526921865189263,0.967732768630972
-1,-0.5,-0.2,0.25,0.7,-0.693147180559945,-0.712657109499712,-0.459814424730364,-0.22089808091651,1.25634736479038,0.869346144757754,-0.88533436674069,0.127805669683651,0.118782210414173,0.12039669926153,0.434365558625661,0.451291568806421,0.144524678260276,0.525508454549542,0.143312132261005,0.137007886481418,0.935449776944422,0.681019810414744,0.715942881065019
-1,-0.5,-0.2,0.25,0.7,-0.693147180559945,-1.58815387453861,-0.206723367967466,0.00552444177699354,0.0999419905145525,0.0587736001402117,-0.03265085805672,0.122626971911245,0.118997638331519,0.126907169444789,0.273344292775612,0.271921126613454,0.170031192752463,0.26563888288269,0.136873478513491,0.126103742632485,0.785922124976557,0.327639388767991,0.643623180178965
-1,-0.5,-0.2,0.25,0.7,-0.693147180559945,-0.973226181413275,-0.572054972074634,-0.315999800492261,0.328086206070485,0.948415498719806,-0.775946624262259,0.166400623875966,0.163866660107723,0.186559649530595,0.33612501506194,0.303170012973856,0.170450395534723,0.499668242275345,0.207492705083148,0.200441637226936,0.669256916717611,0.419244854781426,0.711165391446955
-1,-0.5,-0.2,0.25,0.7,-0.693147180559945,-0.712727442789304,0.184902579689926,-0.219968218883236,0.0509255032522156,-0.301851099610613,-0.71761396640433,0.171323359871679,0.187637741284534,0.169631247486092,0.252970139371582,0.257242976705394,0.195024750037276,0.725607118912645,0.271208791552013,0.211667790624717,1.01103677885879,0.348145902397928,1.30308913087761
-1,-0.5,-0.2,0.25,0.7,-0.693147180559945,-0.771929483953352,-0.732948702194884,-0.222673816905019,1.51387557300436,2.09553845388375,-0.962335459830111,0.164877658780163,0.160001321191124,0.134633789798249,0.657751319802626,0.591050763547622,0.130277498560004,0.556062622689069,0.219669015398832,0.154467895127022,1.40764894632245,0.978402258762996,0.755588121808457
-1,-0.5,-0.2,0.25,0.7,-0.693147180559945,0.427528004168037,0.056921316276613,-0.227071197843424,2.86056781801182,0.700732470298734,-2.74264665659166,0.144734253901678,0.149088088764711,0.151590658937132,0.918221356180772,0.903783377546835,0.14239437111486,1.94982774577835,0.207496976104647,0.150444920894141,3.71415726744796,1.74929298085157,2.0916717691542
-1,-0.5,-0.2,0.25,0.7,-0.693147180559945,-1.27802906328423,-0.575824243100526,-0.55729740185384,-0.0924555724008732,0.869381546755441,-0.196388007216087,0.147481897068472,0.148470769100984,0.148528875574113,0.291713020912385,0.299611810238098,0.17743081165898,0.321341069669663,0.168016325837675,0.148127739016116,0.814191979477155,0.581232154611465,0.616123702881376
-1,-0.5,-0.2,0.25,0.7,-0.693147180559945,-1.21060108689716,-0.344225325031308,-0.175075146679135,0.213508076609743,0.235458290289372,-0.70449112697164,0.162627816931928,0.191072046158586,0.172448406644116,0.277983245782739,0.260983795419073,0.181848685607799,0.625649053049122,0.21005580856012,0.184157529419326,0.793915511788281,0.420230885730121,0.973396863642291
-1,-0.5,-0.2,0.25,0.7,-0.693147180559945,-0.850363904328695,-0.698383974309896,-0.385897013490857,-0.110603110806302,1.01505535563484,-0.348052954730721,0.165006399142598,0.147503076313654,0.172532386096185,0.280765036490073,0.294670966904256,0.182326424404918,0.437936273015486,0.161607175523407,0.184786014268651,0.931739073230963,0.647873212277372,0.831590818573886
-1,-0.5,-0.2,0.25,0.7,-0.693147180559945,-0.817385518054427,-0.290979003553335,-0.168434583771149,0.0624119529409779,0.629302758775387,-0.727863852514122,0.165537330422433,0.165014744258843,0.175369360208671,0.27434113471302,0.29001488679231,0.181326898694201,0.630878080798668,0.213875547542519,0.203931595352273,0.743256786173922,0.322508728288885,1.00329592911693
-1,-0.5,-0.2,0.25,0.7,-0.693147180559945,0.222622523136372,-0.771102259304076,-0.107734001306217,0.182365843901733,0.552623507281798,-1.57257583684343,0.215857235527803,0.233516115968472,0.216743479810359,0.279002423102011,0.258191574412432,0.203990732023717,1.31773092345249,0.234714141714017,0.252229199408008,0.761095562767098,0.386179383578116,1.60192465188063
-1,-0.5,-0.2,0.25,0.7,-0.693147180559945,0.220293221986487,-0.155749791761793,-0.258540317244552,0.714117934411861,0.538951102721954,-2.24521527042756,0.177990759140162,0.171650328651164,0.193596305874718,0.321110110147922,0.301389561938157,0.179605328270285,1.77480547354875,0.236263009024569,0.191309758826801,0.689550110052591,0.409883458077852,1.95751025600684
-1,-0.5,-0.2,0.25,0.7,-0.693147180559945,-0.590586618381975,-0.220973167871059,-0.475066759555679,0.904503727199944,1.0359845806227,-1.39452387387834,0.173187269836893,0.168457163683187,0.150476974681643,0.434760828993928,0.381902679378977,0.162477899339486,0.886680175610149,0.233501571662985,0.171498062179239,1.05060398316215,0.581743745567538,1.14771940119576
-1,-0.5,-0.2,0.25,0.7,-0.693147180559945,-1.07874786585298,-0.712673730445567,-0.558938927301554,0.247639574911161,1.2464228188995,-0.455600514713684,0.154088116521824,0.159542327236918,0.121725691527992,0.32150461185887,0.322700441376883,0.163864281239297,0.375955698098083,0.188225387018527,0.138273668992887,0.710521245295541,0.482149588489484,0.591705215108589
-1,-0.5,-0.2,0.25,0.7,-0.693147180559945,-0.641501870300896,-0.706932804403444,-0.129259205695181,0.0210820421503164,0.616279832948459,-0.838785778274626,0.16986518966931,0.160026682030531,0.163375625251684,0.25639077155189,0.245116878568553,0.191868522773944,0.740596758395269,0.199467852708482,0.21711516175001,0.76913785685966,0.369459524192231,1.14209829374266
-1,-0.5,-0.2,0.25,0.7,-0.693147180559945,-0.992372022165731,-0.468088686957208,-0.183023762446181,0.692766404973309,0.475739037767714,-0.757632540475822,0.142461099100937,0.144023906723293,0.155945529375052,0.34786885334068,0.385859866142451,0.156830852981739,0.988642553821986,0.360120743551264,0.14621906117973,2.65726378348617,2.02605125145695,1.73104643960429
-1,-0.5,-0.2,0.25,0.7,-0.693147180559945,-1.00758975503577,-0.21505542166531,-0.247858970268899,0.654174244628063,0.328437950425956,-0.737045066914078,0.144637864366041,0.146126344069099,0.13287168765618,0.34590093367238,0.330988279549173,0.163954850809625,0.649283897226093,0.173848635899506,0.161950157953414,1.32688661868895,0.556691863097885,1.11010546264036
-1,-0.5,-0.2,0.25,0.7,-0.693147180559945,-0.595350794052319,-0.801784449513234,-0.343701818423761,0.147269834191511,0.748507592426749,-0.839191749270101,0.17572200207819,0.169605740091941,0.154388556330116,0.278876230323658,0.285980665185928,0.186559287100795,0.72571268853266,0.210884016721913,0.175205183709835,0.954100339461708,0.42879426453875,1.16940838984819
-1,-0.5,-0.2,0.25,0.7,-0.693147180559945,-1.23618588796294,-0.294856760801824,-0.369714479167614,0.12162492379945,0.766892665113767,-0.347782946089472,0.15198133859837,0.147165138952299,0.147753595834748,0.297161754362979,0.270064455572374,0.171248337803897,0.38614015314073,0.181846159662723,0.168466152550286,0.814042293059161,0.375860920705645,0.752629874178649
-1,-0.5,-0.2,0.25,0.7,-0.693147180559945,-0.823016927394939,-0.567213125788273,-0.351123924649313,0.420733539292884,0.422819413197906,-0.8874577821479,0.154856081429289,0.146545079453927,0.165933130134435,0.320161558621343,0.309876244187792,0.172450068780208,0.675971722604129,0.182815011341854,0.149739577360788,0.984101633400164,0.450103730589158,1.05280857542211
-1,-0.5,-0.2,0.25,0.7,-0.693147180559945,-1.31166384728943,-0.393349291056713,-0.374417407930001,-0.00264262879200879,-0.179803936986011,-0.0504652739488301,0.129802921355321,0.135519638153944,0.151890782402115,0.255368741266094,0.240408454321047,0.179779735743824,0.323422338931082,0.163038640483958,0.151385797051649,0.871521081869745,0.325271770364712,0.81040491289433
-1,-0.5,-0.2,0.25,0.7,-0.693147180559945,-1.19893365312096,-0.642257753502423,-0.157647020098886,0.111468209407964,0.505989263770649,-0.466381399464079,0.15527325221247,0.171303436841299,0.135671249149617,0.280250993383365,0.250673152502563,0.180919755565928,0.4244446310846,0.178965806449869,0.161173727804567,0.609149722564534,0.329606875547925,0.696275135240973
-1,-0.5,-0.2,0.25,0.7,-0.693147180559945,-1.52403836539605,-0.51221866351192,-0.224121262899069,-0.533944218132262,0.290430800811844,0.136998542204468,0.147430178498366,0.140809197722141,0.151425805085499,0.211296040157425,0.214590325136591,0.202704581253298,0.273657399065065,0.150164642691544,0.164779994373209,0.629127872216233,0.259956827550799,0.680058164913923
-1,-0.5,-0.2,0.25,0.7,-0.693147180559945,-1.60056956152051,-0.592874368022645,-0.0849819649698298,0.210535207176017,0.700776602789748,-0.0672650587183566,0.125789711593203,0.119086550251858,0.107751620107128,0.290292832875703,0.288113416136519,0.161185722414459,0.255927306032908,0.135840813490402,0.131340026237639,0.544832582671106,0.40525308626917,0.479118457758926
-1,-0.5,-0.2,0.25,0.7,-0.693147180559945,-0.479663660299128,-0.34229310320488,-0.440710422225412,1.3449279939387,1.09577137954125,-1.58321575969411,0.158213279527305,0.168317529582015,0.14547359882839,0.531076309392514,0.457445073300189,0.145629325109714,0.963503444477329,0.211476491855705,0.186045711316172,1.22576147629737,0.7435966507634,1.15153817000424
-1,-0.5,-0.2,0.25,0.7,-0.693147180559945,-1.29855084314388,-0.695947336449644,-0.245118964401223,0.5591448685275,0.844358007713285,0.0249189969063021,0.119842056523127,0.130559648722355,0.102328115629477,0.359711895090164,0.318018716064206,0.141132212749837,0.250208184689879,0.142911184170639,0.097667281101775,1.05596265286742,0.65067154875965,0.536889428397455
-1,-0.5,-0.2,0.25,0.7,-0.693147180559945,-1.08433057424242,-0.701489796041718,-0.0199117917289726,0.345369626509986,1.05316413223658,-0.758358790331083,0.168140395788255,0.159121662531801,0.146498120131565,0.366891552275478,0.368339988202802,0.171246228215012,0.499711047041501,0.18293963734357,0.178262878292575,0.835712017471677,0.632406428966264,0.719697966172741
-1,-0.5,-0.2,0.25,0.7,-0.693147180559945,-1.40893470086087,-0.273424512570055,-0.0865123539244195,-1.07806071297811,0.438321040769736,0.808638287234759,0.12655511718807,0.131904860540409,0.15664430996681,0.181016555715064,0.175487427863553,0.19494740553604,0.163425051440547,0.139654831871623,0.147439473079073,0.631834181266421,0.260675108456368,0.62228798990354
-1,-0.5,-0.2,0.25,0.7,-0.693147180559945,-1.28586297337788,-0.520487237864342,-0.0376635132132566,0.248892348144993,0.637487771479001,-0.355757234342597,0.134676646492232,0.137868935970861,0.122242254594878,0.2884554993894,0.266096767727796,0.166286826795133,0.350816676597713,0.147808875562033,0.137886311876327,0.681526417870819,0.388124956209131,0.611437137255999
-1,-0.5,-0.2,0.25,0.7,-0.693147180559945,-0.191693418933229,-0.608947186528329,-0.387689988394348,0.93019345242746,1.12170915322016,-1.86203283003034,0.175854108820881,0.170060342564649,0.156767886988561,0.429044767103128,0.393514018311891,0.169127925193599,1.28086880762263,0.217972621275031,0.197206066696356,1.28063451820187,0.875624502580778,1.52329744149751
-1,-0.5,-0.2,0.25,0.7,-0.693147180559945,-0.338713560130085,-0.809927578293369,-0.191082208705743,-0.022562905697386,0.573825446417127,-1.24702342214725,0.21113149846889,0.235265926692773,0.191427317960562,0.244895522132829,0.241556978333456,0.20653012286638,1.44233512512229,0.3505904832807,0.22279112050184,1.02264624726517,0.427967264745817,1.9588602451491
-1,-0.5,-0.2,0.25,0.7,-0.693147180559945,-1.52567120565007,-0.510121205378367,-0.0318866233826801,-0.338414184143288,0.621775054366758,0.31745347933623,0.123204644229816,0.114806576557009,0.107842302787532,0.242544852531885,0.248049474210571,0.182414286634892,0.207691388397003,0.127121519406031,0.118801147183084,0.655646988797244,0.289953921043058,0.596212785963946
-1,-0.5,-0.2,0.25,0.7,-0.693147180559945,-1.41760812386603,-0.70509359448313,-0.397448877599308,-0.562681418568527,0.739212059036848,0.0668437381293101,0.159917140852236,0.149008726284449,0.141862659762716,0.226542507141603,0.22694572106449,0.195617915321129,0.268592639664413,0.166738660771379,0.170506793190276,0.578619031949149,0.275418780284227,0.605306709405396
-1,-0.5,-0.2,0.25,0.7,-0.693147180559945,-0.713873540061195,-0.704890556116775,-0.390876468417719,0.562603905499999,1.5964929604836,-1.05850218851526,0.183863143126489,0.179560625466246,0.178245232570539,0.398818990402133,0.36799401855512,0.165219408081736,0.654789995458703,0.25957187629231,0.177674526559345,0.971921676479983,0.632481307753584,0.93152639098813
-1,-0.5,-0.2,0.25,0.7,-0.693147180559945,-0.779400539266146,-0.506163194629179,-0.0662827170287398,0.503200141021958,0.638561296878332,-0.607722235418812,0.138844672195628,0.143471806194794,0.12720765366383,0.323611835931887,0.319997575535665,0.162884648370679,0.502181524221351,0.1679485946795,0.134734406685171,0.77485353887149,0.392163366903062,0.791988591682625
-1,-0.5,-0.2,0.25,0.7,-0.693147180559945,-1.29505252714708,-0.3783284863085,-0.193783990140965,0.400707930888081,0.885347782349313,-0.224579689130671,0.129176723558211,0.135471200013926,0.12611765780946,0.335107050348862,0.347608630982553,0.156401509486638,0.308164271262928,0.177239423206668,0.151140325001775,0.741877262656946,0.474730202931396,0.61960313440112
-1,-0.5,-0.2,0.25,0.7,-0.693147180559945,-1.03556687717025,-0.669821538759509,-0.31129182461691,0.0132968110640195,0.701046641561736,-0.379330837907778,0.161453546131129,0.146695504777866,0.180412654111776,0.273303826997388,0.284813023077511,0.179016764606422,0.388801163803328,0.161059195468427,0.167207447749829,0.620618345260431,0.375168022966406,0.673800526710758
-1,-0.5,-0.2,0.25,0.7,-0.693147180559945,-0.0680259972886256,-0.0851236659283704,-0.280300219948968,0.714949196863313,0.39899067047127,-2.05509108786243,0.180230922319304,0.189393697386317,0.163984405006416,0.330152893916845,0.329462454200312,0.183259909588305,1.80630927440891,0.2882451175711,0.207884555577303,0.89858432937452,0.456578671759258,2.09660758699291
-1,-0.5,-0.2,0.25,0.7,-0.693147180559945,-0.956430928674475,-0.856830381985119,-0.165100414658778,0.397286860459284,0.771572709032406,-0.334454029317107,0.137714609265155,0.12569750429216,0.141303054497572,0.322811866557991,0.30592519459706,0.161373680627414,0.365562312111912,0.15238988994517,0.136134594311639,0.833484002921761,0.427253700432978,0.707939850266354
-1,-0.5,-0.2,0.25,0.7,-0.693147180559945,-1.61739472145494,-0.358154027382799,-0.203578751451087,0.588555036363163,0.569216036730128,-0.289408654459304,0.118373603434983,0.12703903162194,0.116338218087374,0.32942770677238,0.316184122798358,0.149302533108623,0.316228861692276,0.172128121057277,0.136108919435803,1.04673876219294,0.780520513587298,0.582784708142948
-1,-0.5,-0.2,0.25,0.7,-0.693147180559945,-0.74529637075,-0.226736977901535,-0.0100778184644728,1.3692162025419,1.46161159268798,-1.28737897557171,0.154565088191386,0.164981545300325,0.145536302376952,0.562928318708931,0.515942411616613,0.145775830413565,0.756299942301609,0.228359719435239,0.151491056708455,1.56531127716578,0.992134028210475,0.996989136115509
-1,-0.5,-0.2,0.25,0.7,-0.693147180559945,-1.18453590879691,-0.202951846994731,-0.457370343981728,2.10955063423689,0.731694794445193,-0.886539459919775,0.118684525775257,0.121518506229208,0.121566203662821,0.63095755465321,0.625298534378854,0.115816150246083,0.599839378924842,0.214163439338463,0.179214195019579,3.06803877889659,2.06333844547091,0.918244523275925
-1,-0.5,-0.2,0.25,0.7,-0.693147180559945,-0.811275841570928,-0.785889189710395,0.0746469338718208,1.50743255548859,1.8569518289589,-0.678861604932673,0.143166915201881,0.151496294496611,0.123410043992478,0.579340761824292,0.467804869602847,0.113337547978651,0.415729618373554,0.18185227604618,0.123521425469946,1.37957060036686,0.921983792697826,0.596081993365824
-1,-0.5,-0.2,0.25,0.7,-0.693147180559945,-1.14319907202632,-0.920882073199397,-0.272869724034873,-0.570692871241543,0.672310399993039,-0.115262968942,0.181982835927053,0.200626415752884,0.22364919162652,0.231212048009247,0.229480624311962,0.20726249165503,0.373887505512638,0.218192089958122,0.208045825893107,0.671588715470165,0.351384071777468,0.754315403448942
-1,-0.5,-0.2,0.25,0.7,-0.693147180559945,-1.41761803033106,-0.661107075458499,-0.146118114355749,-0.580399796317705,0.543180682774287,0.111808904789907,0.152129181164312,0.157030872874651,0.147877743641911,0.220028542553053,0.229511079519978,0.201969533391094,0.292700930789738,0.192332384378713,0.180035046168179,0.69062674949276,0.391848097420454,0.708925637134786
-1,-0.5,-0.2,0.25,0.7,-0.693147180559945,-1.0935845211574,-0.343151274913418,-0.440989833439284,1.13870507303426,1.40087563200445,-1.13090086923229,0.155921683301079,0.166310153840347,0.146027447008764,0.483136941307431,0.408335174801338,0.148560221873133,0.583031017450267,0.203752505473887,0.158909825613381,1.26003179015686,0.777604225557816,0.782188778426868
-1,-0.5,-0.2,0.25,0.7,-0.693147180559945,-0.710035932339881,-0.625339883093972,-0.0695613357867489,-0.337580477183904,0.107250869117766,-0.344670199377464,0.183144942779963,0.177887224372617,0.172038795332429,0.227766406115896,0.229715332702971,0.221635276742068,0.616528387024118,0.213399270011249,0.194363102964498,1.05837464721633,0.328139652162499,1.3532756972697
-1,-0.5,-0.2,0.25,0.7,-0.693147180559945,-1.17858778134831,-0.215379317486179,-0.176902263943368,0.984592304422705,0.958047431848937,-0.858116921913746,0.134593792867369,0.143380133433309,0.149095515232566,0.413375080284375,0.405434943817411,0.147893605677505,0.521203305894236,0.166710346733963,0.144171924773376,1.07711229446494,0.698290028889127,0.74817662221478
-1,-0.5,-0.2,0.25,0.7,-0.693147180559945,-1.04527057866044,-0.880720884376881,-0.0999669417999728,0.234339438549986,1.3198459173563,-0.383332484711883,0.196001891587735,0.239596298205395,0.139637122979424,0.343444508018588,0.284707480047769,0.147530527354081,0.363620501842218,0.247566391495439,0.124632975724744,0.6663048568405,0.44156889487008,0.553281181990813
-1,-0.5,-0.2,0.25,0.7,-0.693147180559945,-0.77031271315262,-0.589922584103886,-0.347115461484043,1.44402485987952,1.38617637856508,-0.994973474115354,0.1587020021358,0.180968072544788,0.145619114670662,0.55920240810926,0.420274639280922,0.114211241138095,0.52894235349272,0.208581991775867,0.166356970405349,1.20636309935714,0.769132876548319,0.660629742644433
-1,-0.5,-0.2,0.25,0.7,-0.693147180559945,-0.47911449330498,-0.39102253109066,-0.351390645072697,0.552510897835363,0.642043914248108,-1.36978391327414,0.173418919619827,0.168453077882382,0.188241908916902,0.319901145322862,0.319161039265172,0.179660532688789,0.896743547551064,0.21022110738264,0.169702196952916,0.80568952117759,0.47372301969278,1.1448371625496
-1,-0.5,-0.2,0.25,0.7,-0.693147180559945,-0.857720858328708,-0.561331889326302,0.00598209995910023,1.78084969728493,0.994165582311295,-0.931761861456663,0.123647557780242,0.128003813696827,0.128691796145558,0.61159194995223,0.57065749704934,0.134550483621003,0.565853193949708,0.167980770620893,0.141082231429818,2.80858407777299,1.72318831307063,0.879182386761461
-1,-0.5,-0.2,0.25,0.7,-0.693147180559945,-1.07990575254488,-0.684134226623797,-0.299484085440083,-0.33117851805468,0.103248370835378,-0.439413476833118,0.159854543915004,0.152936527188933,0.164116705931208,0.211987018612034,0.213795674431908,0.197447550054594,0.421286790867163,0.176529675552332,0.172703887959093,0.454856201879685,0.332869050119359,0.665218223118792
-1,-0.5,-0.2,0.25,0.7,-0.693147180559945,-1.41487038572718,-0.414987217491553,-0.139707326172285,0.463472384616527,0.755426735698034,-0.227364756334841,0.12419500224727,0.129469788724039,0.123622473163557,0.323063838857721,0.292241709136845,0.156236971533059,0.28354379080713,0.155185131059642,0.162262928644206,0.816066779222216,0.442473816618281,0.578260046994458
-1,-0.5,-0.2,0.25,0.7,-0.693147180559945,-0.465761721757541,-0.409553095876675,0.0806162648093536,0.37127010695196,0.221571971975389,-1.2732525955913,0.177125948722233,0.19345805112209,0.18067529434691,0.299865647239741,0.294980975074113,0.192732938329635,1.22196916060198,0.301702371226645,0.256534119441927,1.18063687915064,0.382477418033425,1.76563000182063
-1,-0.5,-0.2,0.25,0.7,-0.693147180559945,-1.22857345033754,-0.809651669815041,-0.0956817623997859,-0.201309709289734,0.941417876164025,-0.0241160359308527,0.162020150037165,0.164275783965669,0.145073077348677,0.277854796000563,0.288307962528684,0.176180965480054,0.258765492341011,0.168168264821254,0.132061286692063,0.599495191000062,0.405117108849885,0.488466819651971
-1,-0.5,-0.2,0.25,0.7,-0.693147180559945,-1.11890856237539,-0.328766391314976,-0.295784165358602,1.46861696769371,0.628196362066394,-1.0883369433155,0.13509804277901,0.1309376685316,0.133674330776743,0.491108320336657,0.482700689302574,0.139154485964363,0.64204486867771,0.161904501629508,0.151021830822509,1.14057572838841,0.677027009946879,0.850175354888284
-1,-0.5,-0.2,0.25,0.7,-0.693147180559945,0.450250606693649,-0.703951033616445,-0.0926941989106174,1.56858231249029,0.73514672252707,-2.28957296667992,0.156741700363025,0.154291079089793,0.160925651497666,0.492025804455165,0.482418781724882,0.158043542515882,1.58127484982234,0.192021163841219,0.160438860210018,1.0606011855355,0.793010291936936,1.70503186812261
-1,-0.5,-0.2,0.25,0.7,-0.693147180559945,-0.446324026237136,-0.654113169651995,-0.0774170319638691,0.757094116732906,0.988745317907014,-1.26578618877145,0.168236052275172,0.174759953313409,0.178915193148119,0.415353414835721,0.371181561149345,0.163849168687549,0.703031456823015,0.191298697832734,0.180421701542935,0.676148527450742,0.553363538510894,0.813172088749624
-1,-0.5,-0.2,0.25,0.7,-0.693147180559945,-0.751055326021293,-0.459462293294043,-0.241138688395376,0.586452365499572,1.05698807405841,-0.768910371208838,0.161073017255189,0.153082003009969,0.143789595922296,0.349580277207169,0.359390900062626,0.159638900618473,0.650358583486964,0.162300880940544,0.151395593694465,1.32430751440106,0.960740320370639,0.979446524593719
-1,-0.5,-0.2,0.25,0.7,-0.693147180559945,-1.0654626725252,-0.624711997261299,-0.215600584170783,0.629435269577777,1.50316024011765,-0.569894376564828,0.161923540406585,0.163514314667961,0.136159623766727,0.416556506015814,0.380695868471911,0.146542938747482,0.438575131185337,0.18245786982415,0.149873703872096,1.17429915992012,0.837510002986154,0.673338994732117
-1,-0.5,-0.2,0.25,0.7,-0.693147180559945,-1.35206894212017,-0.688793651408389,-0.229532774446537,-1.42153490976968,0.591860998597593,1.0114629566834,0.125494610681315,0.123351678346318,0.0996006151876582,0.168345694284959,0.167405161349687,0.183191028323821,0.14834739025738,0.134110049685227,0.110051223132041,0.954294247392643,0.288330624833457,0.964687834180045
-1,-0.5,-0.2,0.25,0.7,-0.693147180559945,-1.21665552582011,-0.297128362199782,-0.549957388702127,-0.575853081775764,0.459883957506293,0.215218662312557,0.135245217291827,0.137858491964154,0.130080323012454,0.207329175461493,0.204103401169404,0.195260334121331,0.25049061270503,0.148538799924135,0.150903749098611,0.572757217654027,0.296481388964375,0.607983394981381
-1,-0.5,-0.2,0.25,0.7,-0.693147180559945,-0.194223429765147,-0.633325207069809,-0.240955581477783,2.56429619467946,0.594087818894521,-1.88640187638325,0.133196222259866,0.138591927859757,0.136558792139801,0.785706883979296,0.693918087297601,0.135183673211476,1.05691126816036,0.166991227262572,0.151747098181769,2.89507604751948,1.54171382450235,1.19975768911037
-1,-0.5,-0.2,0.25,0.7,-0.693147180559945,-1.45100661769401,-0.527863926953626,-0.395455285777609,0.126880250055577,0.978520715021185,-0.0713542436779462,0.143999256487368,0.140214892029183,0.108721723752935,0.298772154877544,0.28448152361537,0.164213643512569,0.252393052078741,0.151353043036908,0.105731733777906,0.613383075946995,0.415900461427502,0.47120160689811
-1,-0.5,-0.2,0.25,0.7,-0.693147180559945,-1.04342669467751,-0.457859398931392,-0.104137379005181,0.607032936398161,0.992335497670228,-0.682927306483596,0.148866325708871,0.142613839329387,0.127731805230604,0.402765698034685,0.397648747462613,0.158218849051414,0.450501303758509,0.155705677749273,0.138611091435835,0.853107554475165,0.622609006699819,0.673514997601706
-1,-0.5,-0.2,0.25,0.7,-0.693147180559945,-1.5230975010574,-0.47934601828391,-0.541712442884134,-1.12757696106935,0.538065978852743,0.78583499034206,0.140907326934315,0.139741685158921,0.12224959082856,0.175915334356393,0.179894703564787,0.201504918813693,0.186555885835616,0.153231300698656,0.151882780085402,0.608270492529567,0.21677251687178,0.650433917717725
-1,-0.5,-0.2,0.25,0.7,-0.693147180559945,-1.23947531016832,-0.396947950725914,0.0648051503395305,0.748311116923154,0.780521912537358,-0.675412432553322,0.140701406896891,0.14989590551361,0.153633929124155,0.387766191323589,0.39491425248135,0.15800056600955,0.494737968165567,0.171346422622855,0.153619812874783,0.93958164489684,0.527619441940232,0.758561916403751
-1,-0.5,-0.2,0.25,0.7,-0.693147180559945,-1.65835937072803,-0.217934493557123,-0.27694457658186,-0.722518372558959,-0.234524155559162,0.520214326860034,0.116431082369178,0.137090005398261,0.126656146780621,0.198552020644622,0.191380510596077,0.194714851269686,0.200093232694485,0.202938354072853,0.148209426825968,1.15747646437367,0.2577591898987,1.12503762709163
-1,-0.5,-0.2,0.25,0.7,-0.693147180559945,-0.859014284997316,-0.350001996857206,-0.0249333936493583,0.515859347062728,0.84336761148246,-0.79304237302437,0.145972965617815,0.143278372117804,0.123487479693557,0.331575892812777,0.363297014479856,0.169422430211349,0.774073237915643,0.179961441502214,0.18003677587279,1.40110848824256,0.781388843230891,1.27173191767513
-1,-0.5,-0.2,0.25,0.7,-0.693147180559945,-1.10804141477233,-0.396516539439928,-0.0426832596253059,0.831153067071212,0.808240277261858,-0.529934196661945,0.13339645279781,0.127335418304813,0.140993062964939,0.35890768550731,0.358036588301726,0.150762295299609,0.453588018201225,0.163901805860454,0.146342636007747,1.10656383589274,0.566410935441899,0.796600667948539
-1,-0.5,-0.2,0.25,0.7,-0.693147180559945,-1.49041818004617,-0.4188923417972,0.0845833725387375,0.245487055906796,0.573265209055489,-0.252674432659826,0.124098061081878,0.125137576556424,0.125761361005061,0.289993488148997,0.279252416156417,0.161763003046287,0.289774359358559,0.139476817238822,0.122446210303269,0.530928782651994,0.403773385108256,0.495434144754839
-1,-0.5,-0.2,0.25,0.7,-0.693147180559945,-1.02832990346909,-0.512026170568202,-0.257151527405576,0.247830679383104,0.92938816768463,-0.745806541434952,0.168599497797625,0.181670845871301,0.151202701573669,0.325556158088103,0.302635270106742,0.171138106495035,1.2508845410597,0.281139669852402,0.188122911488686,2.66938526851599,1.54921862287352,2.16904956573941
-1,-0.5,-0.2,0.25,0.7,-0.693147180559945,-1.01323674712285,-0.549954615635772,-0.517880021246827,0.188419337076313,0.661848371660176,-0.426658778094014,0.154289183460439,0.145746935121647,0.162805811915381,0.287387084055236,0.266337310368409,0.17554779036244,0.3887838239096,0.17382692488889,0.163090260689703,0.745317196775393,0.355847301688866,0.726469215937435
-1,-0.5,-0.2,0.25,0.7,-0.693147180559945,-1.74108666823609,-0.418827529741397,-0.263619516999556,-1.15401087937191,0.35351702775019,1.05736074200248,0.102305999873506,0.114910596608341,0.103251850467244,0.176146624471479,0.18022166162968,0.17541364877559,0.115710636194232,0.125824886161649,0.119316912951349,0.56817874492714,0.204966851353031,0.529290326998694
-1,-0.5,-0.2,0.25,0.7,-0.693147180559945,-1.34368906953639,-0.331654034943093,-0.188156027371337,-0.441974266960349,0.836363079332907,0.149238577583527,0.147865039635793,0.151880578484769,0.16275657847389,0.243331594983604,0.247784268466953,0.186875481365589,0.239276275927579,0.164508815796345,0.146959802010771,0.501797363377261,0.308025375941189,0.498113245356314
-1,-0.5,-0.2,0.25,0.7,-0.693147180559945,-0.931058182523705,-0.753000312294726,-0.18946007061703,0.829378882492278,1.21301868166239,-0.741587900340043,0.151736609149607,0.142441611627037,0.147419917665784,0.432157759715785,0.42933195418766,0.151356560963597,0.462535071408138,0.185956959413958,0.152092411982707,0.905857092946813,0.691267850272504,0.691042197497327
-1,-0.5,-0.2,0.25,0.7,-0.693147180559945,-1.16651696611801,-0.856587371183274,-0.0188846600160587,-0.954331497890717,0.696004784033254,0.699469957580465,0.128861759311651,0.119747224083341,0.128782286307634,0.191594002045108,0.189500179044212,0.194081092463086,0.16937844683636,0.138943386281131,0.133748338044186,0.517005984360514,0.232814467336773,0.531121974780678
-1,-0.5,-0.2,0.25,0.7,-0.693147180559945,-0.674932440147202,-0.484577679048686,-0.215203584851039,0.00798064988480768,0.688964122001488,-0.509743946419659,0.166402613459556,0.173987996267258,0.15782460050029,0.280947792452788,0.285678300188487,0.192983477706512,0.57656529379114,0.262572992795288,0.170519434931001,0.893971821313878,0.384116067562475,1.10460271248327
-1,-0.5,-0.2,0.25,0.7,-0.693147180559945,-1.2638927459126,-0.872192144272201,-0.113071037926977,-0.657759621765414,0.699655865383643,0.578791534810254,0.129443524008089,0.133547321130656,0.102008955255029,0.218416776374594,0.221866384964236,0.181156365443877,0.179246514998279,0.139935711585502,0.110982182882132,0.717183036613304,0.330683781488805,0.616059978585158
-1,-0.5,-0.2,0.25,0.7,-0.693147180559945,-1.72976882288414,-0.233902826768748,-0.33658418273981,0.233017300960504,0.548261747292677,-0.262583156734287,0.134871065584795,0.136497256991361,0.124122098723624,0.294021664489767,0.285113834861151,0.165309710548382,0.294129296130935,0.147602222840218,0.143274723788342,0.627945964112195,0.407328286232165,0.512529883302737
-1,-0.5,-0.2,0.25,0.7,-0.693147180559945,-1.36376040920719,-0.540364301674881,-0.390286862942834,-0.621654728345677,0.528308210843418,0.0977179996240655,0.168958279193398,0.173506481291431,0.160371890963451,0.207166000388876,0.215972613206109,0.209976210789191,0.308386656847786,0.17811193620571,0.14553163537491,0.51578022104246,0.310331006029429,0.632222169835805
-1,-0.5,-0.2,0.25,0.7,-0.693147180559945,-1.55960768183435,-0.39980312680188,-0.260535048658248,-0.753781678339597,0.28729004852526,0.0865853110466928,0.152268489000977,0.150961315911589,0.162709310459114,0.195817692110918,0.204120915640617,0.210535471935664,0.280288297694198,0.175429050917222,0.166260637179728,0.497407910645731,0.235570697230477,0.607082386677421
-1,-0.5,-0.2,0.25,0.7,-0.693147180559945,1.2583593237755,-0.176332770181384,0.168082491962492,1.93496744774028,0.834009219881528,-3.32972642373983,0.166579707798946,0.164562744305807,0.167805714256209,0.592026529041344,0.609448118560936,0.162381502173024,2.44063585054232,0.203869100027993,0.173735695639638,1.52684022098283,1.31050200119191,2.50063440013406
-1,-0.5,-0.2,0.25,0.7,-0.693147180559945,-0.639903732525061,-0.319388677878923,0.100155811040962,1.43429267825418,1.42082344492014,-1.35526041936021,0.150170965994185,0.15429699024283,0.131025593252449,0.532743511963341,0.472780194906808,0.147868993210281,0.753361555674365,0.215862735598111,0.134969859062519,1.34862720650081,0.896144667377369,0.913881511666316
-1,-0.5,-0.2,0.25,0.7,-0.693147180559945,-0.396948384192342,-0.527231344642418,-0.300804890930412,-0.0108974511788882,0.420269457514179,-1.05615823072082,0.196512145560784,0.19448593731075,0.17297675422473,0.259309375797426,0.249957802060403,0.212630300212924,0.959780317977637,0.208557948156266,0.240185650796358,0.739326627059176,0.383858006342591,1.31987212147096
-1,-0.5,-0.2,0.25,0.7,-0.693147180559945,-0.839548897057581,-0.642087678160202,-0.501533499357911,0.673525928027753,1.05012916148228,-0.79215415246197,0.149875156382555,0.139518554789478,0.168428926541828,0.399074602969614,0.419259974172851,0.156919642386222,0.830067267524882,0.192566924264607,0.31315427325786,2.08239310578874,1.22525337747847,1.44210091609767
-1,-0.5,-0.2,0.25,0.7,-0.693147180559945,-1.32644549507276,-0.569051770367466,-0.286125702755749,0.406526108799913,1.04556625408847,-0.502807982454,0.151292116207605,0.145590288962842,0.131666852159013,0.319857776428857,0.32144321583667,0.163748948881171,0.353246066200248,0.166721225943804,0.136573828950658,0.613450683784582,0.566056950690022,0.517872851476398
-1,-0.5,-0.2,0.25,0.7,-0.693147180559945,-1.38917636758186,-0.478924747839372,-0.00885032552377004,0.427553526058769,1.0216254903897,-0.0248657122025567,0.122148560544532,0.130651452856551,0.1082560681662,0.382724984348941,0.343063302098211,0.148098829912889,0.243837126440517,0.145308309269138,0.109859111269189,0.996352628912756,0.58609125711927,0.534490069435029
-1,-0.5,-0.2,0.25,0.7,-0.693147180559945,-0.650249072023739,-0.514965063520427,-0.0235396809165461,0.262461091908646,0.805771255894542,-1.17954519395836,0.173190286013032,0.193275093128216,0.156911761768941,0.305980365668685,0.29138956413571,0.180193036179627,0.726417060862651,0.221050161720617,0.159844343983982,0.677814715281632,0.450015613411837,0.945890833070609
-1,-0.5,-0.2,0.25,0.7,-0.693147180559945,-1.22729298724209,-0.337183736675122,-0.297831485864319,-1.01588823681024,0.420578319164519,0.288779623481861,0.159138315007029,0.155655322962753,0.15714023333039,0.181956100955909,0.175909303220258,0.214387835221363,0.270284658523036,0.172585674194398,0.184798467432925,0.606356324173368,0.226381645269282,0.750469707070287
-1,-0.5,-0.2,0.25,0.7,-0.693147180559945,-0.851757825272862,-0.389598667647621,-0.0653699954213837,0.554785837024017,0.175752732849741,-0.778422841638253,0.144974617287052,0.144596632301317,0.136364691038597,0.304822014614666,0.315172733740336,0.162595041981208,0.875121365490577,0.20985790804025,0.262230143512107,1.47937560501388,0.653164804956578,1.4478710676909
-1,-0.5,-0.2,0.25,0.7,-0.693147180559945,-0.792310978355145,-0.452105532529126,-0.272926002653218,1.46558869989457,1.50843532040044,-1.11098910736261,0.143130854937832,0.151746344877104,0.13806905649286,0.568705112011048,0.500630237732011,0.142379994237688,0.550803048938576,0.185658435194968,0.170097153283403,1.22774644569779,0.909006479091373,0.692054041976741
-1,-0.5,-0.2,0.25,0.7,-0.693147180559945,0.330004264184047,-0.341476637152837,-0.0544265173202906,1.49592241519695,0.618536518287804,-2.37746593604115,0.163080379288043,0.158991304615889,0.171404371257671,0.49136976145228,0.474756021326115,0.162204520223393,1.93947531318556,0.199531340666666,0.206194199580044,1.2533424992196,0.748544658186591,2.12314234554437
-1,-0.5,-0.2,0.25,0.7,-0.693147180559945,-1.15666808439578,-0.629717007178846,-0.220352863998473,0.754907342177061,1.35293466437502,-0.789208051882067,0.145283028858345,0.140487850665893,0.136235236862826,0.404058708005077,0.405025651129271,0.135905652800412,0.498898213794492,0.172304630011554,0.147959848214542,0.865095077065051,0.600719695146047,0.714005086707288
-1,-0.5,-0.2,0.25,0.7,-0.693147180559945,-1.02801360061915,-0.26463218088191,0.10911214021275,0.320726535339617,-0.155525864721988,-0.693320803653478,0.14546537270756,0.149014393364198,0.157819840440884,0.282336181451847,0.276088966427851,0.175414492328034,0.649297696972709,0.201032685003046,0.179446065844367,0.959646305281671,0.382505085318658,1.07389880979476
-1,-0.5,-0.2,0.25,0.7,-0.693147180559945,-1.12132992877231,-0.530909763201416,-0.176067195630532,0.233653274610838,-0.245291996735514,-0.334569448267827,0.137782162213034,0.131912430682332,0.16233371573233,0.27475632112706,0.278742635236129,0.169762630832364,0.342711049512007,0.15498454487401,0.152268191254348,0.54460995098875,0.411920059462132,0.565728228454147
-1,-0.5,-0.2,0.25,0.7,-0.693147180559945,-1.33561559278592,-0.605693640424259,-0.14182739737862,0.300692912902343,0.830958239441216,-0.548906398386115,0.150414350379394,0.159126249430679,0.135871918466549,0.312425764360284,0.295661009091751,0.169661470673639,0.436161514615619,0.17273739727126,0.140082308170864,0.763207649332772,0.412723805837212,0.706970510872744
-1,-0.5,-0.2,0.25,0.7,-0.693147180559945,-1.00145181744834,-0.420240473675004,-0.417111381104469,0.466751913431496,0.859725046537127,-0.667135117971108,0.142177099820571,0.137992918865814,0.145229873832113,0.349603291740058,0.367945266154077,0.161780336585129,0.469471183202192,0.175626635754393,0.159685386961016,1.04852375018192,0.809781161563662,0.748296857458905
-1,-0.5,-0.2,0.25,0.7,-0.693147180559945,-0.940281722599767,-0.601145377221003,-0.197793554618821,1.09765931317672,1.07217994411416,-0.881863779012822,0.141726639354337,0.138554201158717,0.123082317342435,0.47137938682204,0.412030556019275,0.147005416272801,0.461146314401065,0.158056490272448,0.119465555503489,0.969115786768869,0.694205125119483,0.617290697883451
-1,-0.5,-0.2,0.25,0.7,-0.693147180559945,-1.04955756364463,-0.676853320807818,-0.286985595881451,-0.132524613488751,0.582671939621474,-0.547691156204962,0.152517965964103,0.138212674163902,0.144676969975314,0.23887939679271,0.240573003837722,0.184108373253655,0.421904817148542,0.174542916010543,0.169304664685976,0.518371608281543,0.289376428236782,0.672806534833433
-1,-0.5,-0.2,0.25,0.7,-0.693147180559945,-1.45144649292016,-0.0571711229938788,-0.0696993770486152,-4.27348249723386,0.0691276358475138,3.83761064924403,0.121272611970067,0.102567603854621,0.0726979279165306,0.077204090048501,0.11375810279344,0.080777737855598,0.103022884104206,0.103466328141463,0.0440227304478236,1.61963024175013,0.129069773861576,1.66956485482634
-1,-0.5,-0.2,0.25,0.7,-0.693147180559945,-1.23674730623003,-0.428103720828219,-0.214322948542344,-0.0585199046717483,0.70130454850604,-0.622351850189502,0.167491869157749,0.166763670992898,0.171689043598396,0.277738512813257,0.301703702003473,0.191857527390533,NA,0.129157555708521,0.182604099690175,NA,NA,NA
-1,-0.5,-0.2,0.25,0.7,-0.693147180559945,-1.22505601987539,-0.591316162332862,0.0445030420633042,-0.233171804319763,0.455827845897644,0.0498889873238988,0.161481831887223,0.166308589472979,0.141916153335702,0.24748379363439,0.246678715473786,0.191436875192676,0.327367535946271,0.187165066844939,0.170306451418183,0.664592555782709,0.354586091247773,0.671141573502094
-1,-0.5,-0.2,0.25,0.7,-0.693147180559945,-0.53024654632743,-0.607459860352549,-0.165033599702349,0.420114143869482,0.726284706993585,-1.35570555650182,0.17592292114338,0.177525256399283,0.144686157035645,0.312561350064963,0.302141556206288,0.179109189369214,0.880947523618546,0.217188971460789,0.176480569383606,0.673572610744606,0.434045434354616,1.09180593711909
-1,-0.5,-0.2,0.25,0.7,-0.693147180559945,-1.01108331174451,-0.370626562914111,-0.248654706974418,0.41213956728379,0.388383395390795,-0.792133386380346,0.150630752909588,0.155562826252777,0.150103282347442,0.297495971301931,0.293418007437428,0.170890418821335,0.731738989276297,0.206500537713502,0.19661881351166,1.36109449486334,0.602061855031541,1.24795300431877
-1,-0.5,-0.2,0.25,0.7,-0.693147180559945,-0.902350424664532,-0.258035343798822,-0.314255704926231,1.09120270565121,1.00901876047903,-0.87019925679796,0.139168219557469,0.151579538600094,0.120041658698528,0.417597809918703,0.33561619801127,0.137183823839142,0.718819764905498,0.19985623688822,0.134328524739875,1.89063616382782,0.807064098531342,1.15163329748944
-1,-0.5,-0.2,0.25,0.7,-0.693147180559945,0.542977042370856,-0.376383630876284,-0.0293785168666454,1.52566084324441,1.47982666676439,-2.80000640663815,0.174529034688495,0.169439260265928,0.16429227773059,0.592522727262609,0.544138683191958,0.167727116213765,2.1606845719088,0.215109009521651,0.161821059229176,1.45963978216666,1.05168838079756,2.28729263759553
-1,-0.5,-0.2,0.25,0.7,-0.693147180559945,-1.2946735879028,-0.422382195073584,-0.316165236515607,0.366751531772771,-0.112693414317943,-0.227967602743516,0.129173171364852,0.130442539443289,0.134999729208869,0.314982697976715,0.314076471362926,0.165630657702392,0.333107549271083,0.141939091128989,0.190493680175072,1.01538642268792,0.517068562132478,0.734899043664319
-1,-0.5,-0.2,0.25,0.7,-0.693147180559945,-1.27382749790932,-0.665492674959806,-0.387427953065137,0.227089109692724,0.870089444902516,-0.0923427167170234,0.135242036679538,0.130314284243452,0.119044739652873,0.33353777471145,0.308104187338104,0.156230393372405,0.280731589708047,0.162606301454452,0.110150496067459,0.747792887829186,0.435924896733375,0.589465339963677
-1,-0.5,-0.2,0.25,0.7,-0.693147180559945,-0.310646542342868,-0.56840242495574,-0.268688943318126,0.685870454466802,1.29772439302139,-1.41828858676683,0.176388688925694,0.172039535900794,0.169582768149403,0.394115229887027,0.370038771639744,0.168008210799729,0.849519801405796,0.222670699371158,0.165714516359006,0.764212180759054,0.575030933829197,1.0120821777686
-1,-0.5,-0.2,0.25,0.7,-0.693147180559945,-1.15430023707106,-0.304538080490701,-0.284215219146442,0.309129735839055,0.67869311839009,-0.683546045128239,0.153749195513088,0.161605876712381,0.196427334456974,0.307427930919236,0.289601752915172,0.172052699606249,0.501046044433653,0.191732604504,0.166763728956623,0.804228385361615,0.412485100763111,0.81457979267451
-1,-0.5,-0.2,0.25,0.7,-0.693147180559945,-1.11894401842283,-0.729464489488388,-0.334865285991321,-0.177027069653047,0.326749815847637,0.0766334931132675,0.135355068375506,0.139983717140978,0.136656541757232,0.238896968443618,0.239633332925584,0.181466421551714,0.259526895941253,0.152435052768295,0.148859929193068,0.587056573456504,0.280678286366951,0.565168910673348
-1,-0.5,-0.2,0.25,0.7,-0.693147180559945,-0.903918177061589,-0.401989148513569,0.173040672209156,0.721292426054783,1.5661138507716,-0.602882878034979,0.156366331337991,0.153870086841758,0.140751558738028,0.450441102182514,0.440883438958775,0.149287071744345,0.468538570419166,0.213426926970717,0.149994858299051,1.43110542076062,1.01241402413048,0.802778938320293
-1,-0.5,-0.2,0.25,0.7,-0.693147180559945,-0.451316472397866,-0.120384692465677,-0.427597895158009,-0.0897216660935029,0.432993681812016,-1.1230039457681,0.18734826126967,0.199518662183926,0.176195228302967,0.239554461493633,0.223637136190433,0.204236259383514,0.922082713337878,0.222362210206818,0.271707436357401,0.625707144958599,0.283009152511429,1.24088623650556
-1,-0.5,-0.2,0.25,0.7,-0.693147180559945,-1.50511088081209,-0.660299535134047,-0.0311192738143253,-0.39166173605313,0.216346862070777,0.39782268510644,0.115267818746349,0.136091081020452,0.122397679771908,0.218720990057106,0.229208391136381,0.183921805651301,0.188779673201708,0.161110911180466,0.137100269281638,0.632625117403003,0.351125257057362,0.548044793675177
-1,-0.5,-0.2,0.25,0.7,-0.693147180559945,-1.08993643881906,-0.299938334124544,-0.0571970737612743,0.0221453592563352,0.609298416989522,-0.713779262850719,0.173183047174745,0.190790331097264,0.179284420588384,0.261574760105877,0.233167959151229,0.191595695763696,0.575205326352966,0.215998645235676,0.191379224193949,0.640662670074119,0.313376638524896,0.854932398184291
-1,-0.5,-0.2,0.25,0.7,-0.693147180559945,-0.548781601259736,-0.363803309464276,-0.332387299639648,0.65416004722733,0.312162713802979,-1.10801601751366,0.162676897824641,0.172230325950423,0.152061260098218,0.329146212985442,0.318731254939749,0.175604244705487,1.00959653300375,0.233736245044509,0.186493218100188,1.18572826229453,0.484888273151681,1.44854845819585
-1,-0.5,-0.2,0.25,0.7,-0.693147180559945,-0.101191016324104,-0.684774161098919,-0.268629557400959,1.93708626549261,2.01441604737954,-1.7574145645541,0.171991290218456,0.186291268707113,0.16258200027417,0.804492537212271,0.685606939562202,0.143172998211497,1.12839653046696,0.209121811495804,0.182093820239299,2.74645493369851,2.00786435390607,1.30168037089259
-1,-0.5,-0.2,0.25,0.7,-0.693147180559945,-1.40022255625232,-0.0945029828615416,-0.145349007366041,0.0326561303305283,-0.253426184559867,0.114921562762888,0.114339239575311,0.117216054898495,0.112990302815874,0.251327330328485,0.243911122369714,0.16810455081409,0.250519451431313,0.132253551089729,0.120471781491941,0.732797731412937,0.380266675997957,0.604952804766703
-1,-0.5,-0.2,0.25,0.7,-0.693147180559945,-1.30804653213604,-0.566395393163816,-0.243284729951663,0.273228656151217,0.0569204446159703,-0.572686445594984,0.142924083404471,0.147887038437576,0.150441381144802,0.286429030085115,0.267244683854301,0.174824542539389,0.445008128856314,0.158058686716126,0.148905636056033,0.751023228968377,0.366457192481787,0.766127367991842
-1,-0.5,-0.2,0.25,0.7,-0.693147180559945,-0.590294576657407,-0.274386335698711,-0.302177280685215,0.858785712252225,-0.0622551789081314,-1.45851370958677,0.157475081956953,0.162219079580599,0.176074798745251,0.337868065330783,0.32807199905153,0.163354661898778,0.945082349136923,0.200050897470003,0.153049930829942,0.864845685286442,0.565785857094666,1.16657951632895
-1,-0.5,-0.2,0.25,0.7,-0.693147180559945,-0.17081180409135,-1.07157411746871,-0.0446127487812766,1.01291969337296,0.823923335757356,-1.25292890502168,0.180638803938482,0.189326357190897,0.154186400185892,0.400555930209147,0.345540260122667,0.160806412606614,0.885162441168795,0.195548389371408,0.153307804716178,0.949853663316148,0.543086689750252,1.06155190934162
-1,-0.5,-0.2,0.25,0.7,-0.693147180559945,-1.39222094059231,-0.489180532793581,-0.31054195261818,-4.25752159943457,0.354435638998159,4.31601986439984,0.0590175613685224,0.0366561372422692,0.0278413116384231,0.0932736200282151,0.0651951932947366,0.077545404272594,0.0772224316084893,0.0711048971571581,0.0295907775225577,1.65900384179519,0.174324053770088,1.68540679483758
-1,-0.5,-0.2,0.25,0.7,-0.693147180559945,-1.19238829206496,0.0596627900102855,0.0126386709430782,0.461985909603915,0.286928269159337,-0.545064927550048,0.138179948461553,0.142260524979853,0.137535952999628,0.323689707090845,0.305137642482444,0.175318576619559,0.502559532135373,0.156705827374383,0.14569044880785,0.983965609974573,0.354524350160342,0.902103634223858
-1,-0.5,-0.2,0.25,0.7,-0.693147180559945,-1.27373823305325,-0.537543697224229,-0.183258942622917,0.553622572761609,1.14340707734731,-0.376238882692355,0.135607677994079,0.131396450082056,0.110260290701266,0.399617989027247,0.374048532337313,0.150096546521272,0.339519649356044,0.162788398538949,0.123860061360906,0.788287088333978,0.542883670249,0.569729606619811
-1,-0.5,-0.2,0.25,0.7,-0.693147180559945,-0.732025948540163,-0.128504037442752,-0.405731296169577,0.262221525248291,0.758573702783553,-1.07660301108617,0.181720479957252,0.178767473718365,0.181605751789905,0.323716515830059,0.309649671189467,0.18637760313351,0.830891695213361,0.254794698573113,0.201006513653473,0.860185167170318,0.460499384065433,1.20804988460114
-1,-0.5,-0.2,0.25,0.7,-0.693147180559945,-1.03279204885501,-0.221681204959709,-0.222477284401209,0.613835739054939,0.594937317326605,-0.797792480341791,0.144428165954569,0.139125950212168,0.133919005950332,0.317128427191564,0.315157605802142,0.162103970792664,0.732873266611773,0.172636731566797,0.149117599523643,1.15212120408109,0.48833239854613,1.15733374108606
-1,-0.5,-0.2,0.25,0.7,-0.693147180559945,-1.09036637547631,-0.716665890678405,-0.580997835971831,-0.0285521084181656,0.408883072229565,-0.703822118172508,0.160023940357521,0.16094652338838,0.148620441649573,0.260858271482866,0.259397610335891,0.190330181219806,0.548015173738033,0.189305676343175,0.185255341659321,0.659488538228798,0.359364748140624,0.863119524375681
-1,-0.5,-0.2,0.25,0.7,-0.693147180559945,-1.38916330938346,-0.754136725290259,0.00822811111081871,-1.49172543794202,0.651037869323996,1.41740196528405,0.109045059703502,0.0996103474110839,0.0946347250332572,0.163637720408251,0.161758190198901,0.170438178234999,0.117469891137616,0.100193428606612,0.106528859445941,0.604115932395019,0.215263333118018,0.56220908400167
-1,-0.5,-0.2,0.25,0.7,-0.693147180559945,-0.866808092361372,-0.61255013905061,-0.133240663934711,0.52034845635426,0.907677229197984,-0.76620054861505,0.158760280459373,0.161480703450006,0.143077973469963,0.365040161080134,0.290556980063849,0.171608096035522,0.545701048862466,0.192694779102863,0.139031270047005,0.962849765815944,0.419468403167234,0.866861789113046
-1,-0.5,-0.2,0.25,0.7,-0.693147180559945,-1.02254965538027,-0.591985950441103,-0.00698975690869924,0.054137806626545,0.829781520240595,-0.436493596679765,0.173171996829454,0.201865279245501,0.150296500779579,0.281921691074794,0.255708206660987,0.177787617730353,0.416536098712326,0.226431069530626,0.152588365802063,0.608101973123655,0.321059677282801,0.69199594137887
-1,-0.5,-0.2,0.25,0.7,-0.693147180559945,-1.51530457944752,-0.446490365810182,-0.386065164084949,0.57018193638489,0.318832069978575,-0.55089162377418,0.132913372603113,0.136223223626044,0.11847653255865,0.316047835807367,0.31408243192882,0.160275633067042,0.45958152014452,0.177844592838742,0.13652778147656,1.06677772576574,0.433443233945535,0.865919798241853
-1,-0.5,-0.2,0.25,0.7,-0.693147180559945,-1.23960549577415,-0.701955824043754,-0.138963941036567,0.400489592692437,0.907917420653293,-0.473629586463195,0.139804428908226,0.131916458053255,0.134343654090909,0.312629868970331,0.326595732942813,0.155957277197662,0.359749611520456,0.151866380660096,0.129647304829661,0.545305613773367,0.489093522919304,0.514608637868074
-1,-0.5,-0.2,0.25,0.7,-0.693147180559945,-0.963641709947809,-0.489705367357079,-0.576660980856266,0.304685836099256,0.826394544808052,-0.751517615442908,0.171720299746109,0.157068845475885,0.153923325813849,0.313641032357064,0.347105751546516,0.172253161039264,0.605064750813444,0.179318888312554,0.18199004088169,0.849841400075783,0.617834394889196,0.902788533318737
-1,-0.5,-0.2,0.25,0.7,-0.693147180559945,-0.898103579745405,-0.838670395127636,-0.50086964511008,0.242769619165042,0.863706717285295,-0.716289872469267,0.179988991317944,0.2273528520532,0.165893640051655,0.301033046484282,0.264650831345685,0.172204960050767,0.938449351222562,0.318089142725418,0.217049403254886,1.50505138236922,0.785774723313235,1.44743820057274
-1,-0.5,-0.2,0.25,0.7,-0.693147180559945,-0.810018581294982,-0.16571357890218,-0.164926194741641,0.633007830112319,0.777587524895038,-1.41187867304349,0.174368910933571,0.178414552809587,0.181684771722435,0.343467719730316,0.343910355388315,0.17653051237011,0.961797907958629,0.21065632223784,0.166496723357275,0.99977443807646,0.547513634338403,1.26063618822133
-1,-0.5,-0.2,0.25,0.7,-0.693147180559945,-0.766449991862967,-0.612400720199118,-0.440782309941711,0.947356499628806,1.15212692372444,-0.773213179263657,0.144300027982922,0.151896672747168,0.134445065317592,0.413405178804966,0.350301071193822,0.152374171628774,0.472769574312276,0.184452196382865,0.139382081689335,0.831665865589248,0.50626974625892,0.671947237493582
-1,-0.5,-0.2,0.25,0.7,-0.693147180559945,-1.20057772382106,-0.161057066701387,-0.153647420862051,-0.095271657501242,0.36169356918623,-0.649438820399027,0.169725790488161,0.183338281604934,0.149367972336023,0.271801286081531,0.265653752988866,0.194581041140256,0.0946357289888059,NA,0.173289580932382,NA,NA,NA
-1,-0.5,-0.2,0.25,0.7,-0.693147180559945,-0.363844548383421,-0.743650255522559,-0.268973956765955,0.764205972183681,0.76955009407173,-1.29552372972548,0.161438445871901,0.163871699326444,0.165786173861426,0.352696621994551,0.356194442197425,0.164764196037431,1.01112662218019,0.202488251728761,0.168853266820507,1.16255043778573,0.779337926117106,1.30301156814078
-1,-0.5,-0.2,0.25,0.7,-0.693147180559945,-0.51435578460876,-0.505890502415727,-0.402519714459562,0.18389978002804,0.622336763762129,-1.26965532450248,0.191473443018097,0.197795999501005,0.161256067441117,0.282854702588657,0.302943675118374,0.193516974728588,0.903017018399977,0.224174164806383,0.210393850077483,0.697894822745319,0.568086374507321,1.11943472582035
-1,-0.5,-0.2,0.25,0.7,-0.693147180559945,-1.42771003918653,-0.199873321046859,-0.149918334988553,0.500673983291359,0.911561085253461,-0.15872978931872,0.11864046298367,0.106054499754686,0.113268572378641,0.364371054962298,0.402654326971929,0.150512361847682,0.241467613869356,0.122055888378797,0.122824917223993,0.704187247221524,0.618874665856783,0.455723683681502
-1,-0.5,-0.2,0.25,0.7,-0.693147180559945,-0.737055878040208,-0.304629569335011,-0.195718199137784,0.980170672557725,0.261417682607855,-1.33343177960801,0.150467538089072,0.146977556366278,0.153112978187966,0.359999909039963,0.35164822305158,0.159609064575373,1.02228214416448,0.184467658995516,0.181119727337482,1.22145177471799,0.531284372869016,1.33649823193564
-1,-0.5,-0.2,0.25,0.7,-0.693147180559945,-1.08691784086883,-0.497142508961637,-0.248798516709806,0.425490597398142,0.459538262310839,-0.817328208700052,0.154765926458728,0.171584526646072,0.15001951820228,0.302770480208716,0.299517988985169,0.172481092710448,0.609503378613283,0.223994332363126,0.18128674782136,0.946951772901107,0.504562189706722,0.965717947382595
-1,-0.5,-0.2,0.25,0.7,-0.693147180559945,-0.729731870908023,-0.489814609956321,-0.212952609117135,0.308788527095212,0.305919174463524,-0.931448291915103,0.158999683294288,0.163408105140406,0.171878282800001,0.288017186987921,0.28536312367231,0.181062080931376,0.609137643586757,0.216815496052856,0.194108982073367,0.659392051025359,0.312951407153715,0.880011896597309
-1,-0.5,-0.2,0.25,0.7,-0.693147180559945,-1.01461320465426,-0.220744795620067,-0.148437043602321,0.354101066006656,0.452479160989442,-0.791002836149333,0.154726270041397,0.150454918977072,0.154479506631228,0.299606759640752,0.272893163859864,0.173249333747381,0.510768064888403,0.169609135489394,0.173192789077311,0.715810589972751,0.373454356373992,0.780703372831739
-1,-0.5,-0.2,0.25,0.7,-0.693147180559945,-1.28835388266941,-0.677404099471895,-0.250917862267853,0.417636033455063,0.472984677022657,-0.635533550424247,0.146615063618229,0.159598006354071,0.165709946423271,0.310912676497981,0.336341980724976,0.167869495266557,0.480788828478454,0.208832287571372,0.168122047704955,0.770594470541,0.588030557402059,0.740397624990855
-1,-0.5,-0.2,0.25,0.7,-0.693147180559945,-1.50456925050067,-0.199232980963082,-0.727330352087631,-0.396072577342191,0.0628299236620592,0.190455545339923,0.125245527893758,0.147491787078375,0.144305630071363,0.219671240631686,0.220358878553151,0.194283779650748,0.242129193895145,0.174652816636977,0.185741022501074,0.751691634785167,0.303272034686135,0.73622385902857
-1,-0.5,-0.2,0.25,0.7,-0.693147180559945,-1.43109504632233,-0.656038805855414,-0.00742467329994304,-0.274406598731363,0.764640912490347,0.138973143668811,0.131651611456275,0.117764987914479,0.121375005770494,0.237931839642853,0.243446919955717,0.181375199286334,0.253170081336083,0.141305461285424,0.146394821382649,0.614257847211899,0.346984555340489,0.598654618947512
-1,-0.5,-0.2,0.25,0.7,-0.693147180559945,0.120900090553428,-0.371735539075321,-0.259104700519273,0.850224023324844,0.74560894280535,-1.8444553111074,0.180617600213082,0.184770885351219,0.18118432593786,0.394618378502791,0.368715115339671,0.180400642285387,1.37939824736973,0.235327547794443,0.185435818116868,0.919898108103589,0.584193310750018,1.5904464410955
-1,-0.5,-0.2,0.25,0.7,-0.693147180559945,-1.07027435447242,-0.64310950612915,-0.140667055740733,-0.0464509274172225,0.589101180284113,-0.0829478308922894,0.142856652738475,0.138789957347526,0.148117674940246,0.270635963581462,0.265660273925871,0.18070032317751,0.281147368783062,0.15834174101878,0.163095871307636,0.631300788168572,0.344836616416079,0.56914847446925
-1,-0.5,-0.2,0.25,0.7,-0.693147180559945,-1.30612331504592,-0.417390056814916,-0.559788547126469,-0.0655908932416676,0.399320439229507,-0.199953900349072,0.130584663956888,0.150360090924075,0.145652329492869,0.247153388243151,0.267099082818526,0.177936705097772,0.317541918211539,0.210674946716538,0.158073256971366,0.652551235294826,0.34960922862036,0.618509329058096
-1,-0.5,-0.2,0.25,0.7,-0.693147180559945,-1.30794877679286,-0.197003784023295,-0.0348554069136483,-0.0747998811366451,0.276641637946015,-0.307641527781693,0.146913145172465,0.156385273484399,0.137318507732197,0.258291505253255,0.256859482417005,0.186219079016021,0.458764738382384,0.209661996579947,0.160775430667692,1.02855208761759,0.470943876698676,1.00975675769073
-1,-0.5,-0.2,0.25,0.7,-0.693147180559945,-1.44525109831153,-0.35878434490678,-0.0959317663523689,-0.606912716874771,0.544855183571192,0.179516784465448,0.156592834953323,0.165261657866027,0.155506002675791,0.213572121341182,0.199178958932244,0.202987857124756,0.250872648601636,0.177126196903773,0.168982170391783,0.554310091084903,0.266941740937594,0.590223388323941
-1,-0.5,-0.2,0.25,0.7,-0.693147180559945,-1.17291999041982,-0.0643305481384543,-0.0298913851611768,1.46961687512079,0.97289534744431,-0.881425368380701,0.13040005848654,0.131505751450843,0.130331616492057,0.532200100488255,0.454329125103344,0.137264978812158,0.498388620758849,0.161786765168097,0.140214857044837,1.39894629957613,0.83074601363963,0.722201237667627
-1,-0.5,-0.2,0.25,0.7,-0.693147180559945,-0.593516499160578,-0.441447949124737,0.0638132662429415,0.139259142331283,0.286904520127759,-0.720050448425209,0.156192602350534,0.169211941222555,0.143478281592904,0.280193354654203,0.277962629197022,0.188381214179484,0.55948582995584,0.205036982532893,0.161398681235468,0.659048463407464,0.372793645723141,0.859061675044295
-1,-0.5,-0.2,0.25,0.7,-0.693147180559945,-0.644369459636187,-0.547127020098564,-0.121624357021225,0.421448711622414,0.552788079643888,-1.06221373594826,0.159223236590656,0.156782230778199,0.162320888395431,0.310308645610186,0.281268680243185,0.177345905131152,0.740013401509639,0.182858811637401,0.172740606995005,0.799379101056495,0.411927974008322,1.01715527479636
-1,-0.5,-0.2,0.25,0.7,-0.693147180559945,-0.967456662069,-0.111178944398026,-0.393498855337526,0.248883442256875,-0.0540109889550461,-0.750946422743694,0.16461110118944,0.177729923761342,0.148349504377664,0.286935926529182,0.290150993149858,0.187484182523355,0.620630016612132,0.218773871686953,0.194266926332134,0.797095413625778,0.426581481214904,0.979110571348406
-1,-0.5,-0.2,0.25,0.7,-0.693147180559945,-1.03929122422691,-0.382434371231942,-0.288510804078891,0.822292491601146,1.06260545533044,-0.834905199988376,0.141303769617311,0.146754581791663,0.131275040694264,0.448601486751974,0.407317646662732,0.144733538718471,0.488650098494104,0.185517134535532,0.145664036416807,0.982007099510086,0.633441404298665,0.716847600113293
-1,-0.5,-0.2,0.25,0.7,-0.693147180559945,-0.0881739336709387,-0.540540594751249,0.0471183781873829,1.71631567420867,0.0221977619984546,-1.72414151326878,0.14382513498948,0.138101746760203,0.141246318564204,0.505475655772426,0.493332376532362,0.142691583866579,1.28847474454308,0.164623175233754,0.161933564108217,2.22261474041378,0.792554130221803,1.5866394368704
-1,-0.5,-0.2,0.25,0.7,-0.693147180559945,-0.918583926663664,-0.342242756422195,-0.285503537247947,1.91031726203922,1.07834078681216,-1.17589639376414,0.132761686891522,0.142081121641275,0.133588264570302,0.675257591237371,0.51052561607192,0.129268116479046,0.59337547287678,0.18678019961167,0.139432692969505,1.86339867783317,0.950590167129738,0.773633846993449
-1,-0.5,-0.2,0.25,0.7,-0.693147180559945,-1.49239723911215,-0.476062371171472,-0.0789038645998358,-0.458320764590122,0.835451624121437,0.468977070865506,0.118281904557309,0.115308857884255,0.106303832142832,0.227097320674278,0.222579292368947,0.171794814976484,0.171560833675568,0.126753906699405,0.105638106693035,0.476265014577497,0.320431441329462,0.400358203779545
-1,-0.5,-0.2,0.25,0.7,-0.693147180559945,-0.628719656024493,-0.30675044297621,-0.246369137563674,-0.161958548648851,0.35722423412471,-0.682655742222883,0.17927775370924,0.185815239550856,0.180384338162492,0.243193610884374,0.245524232920669,0.206815887258203,0.626529761351647,0.222188555907618,0.215625669471324,0.601788736360188,0.297345441831097,0.941707495910541
-1,-0.5,-0.2,0.25,0.7,-0.693147180559945,0.573595267651198,-0.188455962719981,0.0412803921313727,0.380934484071434,0.729377940639139,-2.3181546881497,0.207036521153434,0.196694837466302,0.209061606913876,0.308367425200043,0.300500434857812,0.202382129612821,1.83819345064897,0.268738240068217,0.22961897711582,0.495206186973306,0.351391338997928,1.9626424377296
-1,-0.5,-0.2,0.25,0.7,-0.693147180559945,-0.795016081522938,-0.658333281882391,-0.075270268784709,1.03254467377755,0.123582991054129,-0.849630440994135,0.133627452658185,0.139495622108694,0.135594688886561,0.390415149419885,0.39310980800755,0.147327556954516,0.595130739270482,0.168650344360057,0.161890958897363,1.32576847587801,0.57453245626039,0.935097231329825
-1,-0.5,-0.2,0.25,0.7,-0.693147180559945,-0.944104382310358,-0.67524090134745,-0.335835254341816,0.583113642540063,0.69503353646017,-0.891096960907816,0.150710867312361,0.157836899343201,0.138491713428003,0.34221027437479,0.338435787638011,0.161298995119865,0.585392997207026,0.203085113762958,0.151489465070992,0.908795371036067,0.605938974666414,0.830148352354908
-1,-0.5,-0.2,0.25,0.7,-0.693147180559945,1.94243331405387,-0.18521016310008,-0.262534232324368,1.5129274237364,0.224259612248303,-4.3293851694504,0.173759426562086,0.168222939178374,0.176271404344502,0.491165039552661,0.454029423622959,0.174210166231194,2.73241954673465,0.205736404233339,0.192542500095441,1.19525644529528,0.724389863419447,2.77693180537898
-1,-0.5,-0.2,0.25,0.7,-0.693147180559945,-1.43485684466983,-0.120020559513579,0.00131879900637707,-0.851151259836839,-0.0771071388678452,0.40124975912931,0.133078123084537,0.139158610866396,0.122526648970952,0.187852902176558,0.191589593807424,0.209656173074838,0.226973710668486,0.174609587214915,0.167070145958315,0.838932749621038,0.244816236010519,0.912153670443154
-1,-0.5,-0.2,0.25,0.7,-0.693147180559945,-1.29447147844859,-0.535695145966229,-0.209389622868492,0.438683417092377,0.78712201603132,-0.587649283729437,0.14577048399533,0.15203495419822,0.128199330091441,0.337346963138062,0.337068525742448,0.158878874879253,0.530287443777601,0.206816993672333,0.152496566909911,1.21461670780275,0.753337675003646,0.929046513154104
-1,-0.5,-0.2,0.25,0.7,-0.693147180559945,-0.429672078076928,-0.209083278763154,0.151995074478708,0.449085043352568,0.13447272230038,-1.62360503916566,0.173271889387537,0.187453147872828,0.202214058899192,0.295117004306974,0.285761263086007,0.18555405667584,1.22044301583234,0.220570635523223,0.235317379201899,0.755786918782261,0.499689938209279,1.486444933442
-1,-0.5,-0.2,0.25,0.7,-0.693147180559945,-0.844402066980838,-0.295215699585612,-0.0930157402179707,1.81621506655758,0.72338504264023,-1.1339661076484,0.129646606170109,0.136213574424944,0.133441945465509,0.581403070643532,0.465089231422835,0.13559069957648,0.640108270044786,0.178230849715322,0.166076726855152,2.10979035418143,0.964925628184651,0.886927156482187
-1,-0.5,-0.2,0.25,0.7,-0.693147180559945,-0.886905306725618,-0.426361850015774,-0.197641921397479,0.404408735451614,1.34707548818764,-0.783475284518855,0.190858985314897,0.192384455018122,0.169916738035782,0.354155985584896,0.355557033129179,0.15453763322578,0.53253702154902,0.232920827618477,0.130457176283967,0.922668945583251,0.790230575659147,0.71001401583646
-1,-0.5,-0.2,0.25,0.7,-0.693147180559945,-1.38699994302295,-0.413912024546406,-0.152335374198125,-0.108265518666445,0.16144061943047,-0.113202325607768,0.132286528490313,0.134225017112298,0.127897788915341,0.237496497443691,0.232899119483963,0.181418203758703,0.2875246865506,0.151547909930769,0.136218684127752,0.557580862191337,0.286413299095796,0.577096385986345
-1,-0.5,-0.2,0.25,0.7,-0.693147180559945,-1.02790518489737,-0.39206432857913,-0.502715181715967,1.14974074093746,1.70202322603541,-0.917323027999317,0.148456053303994,0.157757229013136,0.152449896926055,0.477476387906069,0.421677147446164,0.127530380055188,0.508563293368096,0.17477775707795,0.16407703669448,1.16046974334343,0.868210086587362,0.663968347005411
-1,-0.5,-0.2,0.25,0.7,-0.693147180559945,-1.13121205135883,-0.23480483147615,-0.095762591929814,0.461489629019964,0.561406408337633,-0.493243854164915,0.138575428655612,0.146832658999092,0.139419713134859,0.330207228501777,0.303605443894657,0.162563282740039,0.404484293297648,0.166270637699646,0.14989941740994,0.876784973630269,0.449458595648358,0.705646236026345
-1,-0.5,-0.2,0.25,0.7,-0.693147180559945,-0.75412494382977,-0.306702528666433,-0.103375407218566,1.49863971625646,1.47272414417571,-1.50719394630388,0.151074533144194,0.153756305148694,0.141600814143762,0.57523987023225,0.451678440927683,0.14530557488844,0.922070416949113,0.236629442626075,0.172311296235733,2.41848034957578,1.4419776770717,1.23744899630177
-1,-0.5,-0.2,0.25,0.7,-0.693147180559945,-1.44823301182436,-0.838557921528797,-0.473322640053071,-0.701241982117744,0.440541301035558,0.799651991415716,0.113604982602273,0.108400336842357,0.102241654682669,0.201892766624386,0.196200845925119,0.184565702911288,0.136727901697934,0.11044638602796,0.111031084802466,0.50752289360231,0.223274884445696,0.446363800279395
-1,-0.5,-0.2,0.25,0.7,-0.693147180559945,-0.769490405232716,-0.27215190869771,-0.126178923991979,1.92211395596944,0.21422902054222,-1.07380934196132,0.124861086722352,0.124086730598658,0.126414977097762,0.57495710550381,0.552919778233177,0.125132676653619,0.643932526527439,0.145781576321261,0.133546908794978,2.21745558440576,1.03311020676963,0.893902560869574
-1,-0.5,-0.2,0.25,0.7,-0.693147180559945,-1.44784993498953,-0.413553624351904,-0.359245170341127,-0.00268271228060014,0.816642139325851,-0.248236538643822,0.146299744107522,0.137475034421738,0.155896482402372,0.282792847110997,0.281212891285606,0.177717394398119,0.318266537295298,0.15442487343335,0.149871753482476,0.542468076511419,0.339476172426999,0.547331770464999
-1,-0.5,-0.2,0.25,0.7,-0.693147180559945,-1.26292922548846,-0.516429296313596,-0.2635362997852,-0.404993045158472,0.672949516824643,0.176205527233857,0.14921877203357,0.166936224831104,0.140275658237842,0.242308983314664,0.229086131590885,0.184857408717594,0.225760845350917,0.17810836721025,0.144289944934095,0.553147973721632,0.278786176717364,0.483350980699497
-1,-0.5,-0.2,0.25,0.7,-0.693147180559945,-1.49909793462782,-0.511395642776344,-0.103559132005807,-0.196800594385023,0.48726446768793,0.054762955931158,0.131589059984988,0.146459090359173,0.122627721406368,0.242189289083662,0.239758398530659,0.17968532437267,0.263392160901298,0.182475694901852,0.147665193181851,0.627394684472253,0.328289512955119,0.585101080067471
-1,-0.5,-0.2,0.25,0.7,-0.693147180559945,-0.765330076204537,-0.106924712920209,0.224218733243752,1.42535828884655,0.471598516010988,-1.34475937416685,0.140207299319331,0.140720244121119,0.139778800016902,0.488341876957375,0.452140617653514,0.146253753018299,0.863062271151955,0.180600604698619,0.16567477823933,1.67163183708173,0.716288611584646,1.16698521300641
-1,-0.5,-0.2,0.25,0.7,-0.693147180559945,-0.852936340543145,-0.629766875951644,-0.381546773265224,0.838315132670583,0.664422385464789,-0.980963885638515,0.150699212407508,0.157799813182917,0.136574136053812,0.398666052920832,0.337792604862356,0.156278383442051,0.725014885956657,0.237180412316047,0.238007851120536,1.74827991183042,1.1258960595205,1.1000337788442
-1,-0.5,-0.2,0.25,0.7,-0.693147180559945,-1.42119078422183,-0.57060559908506,-0.171289255112314,1.194484735735,1.40079432076119,-0.493711862807334,0.12308702194385,0.132511006479127,0.112692204981484,0.493204886989052,0.423627433679586,0.143377819042426,0.321211500391247,0.162864901814294,0.114395376134845,0.800025903936236,0.590704579938951,0.464779451689646
-1,-0.5,-0.2,0.25,0.7,-0.693147180559945,-1.52292102469535,-0.489613955006243,-0.23492009070122,-0.670508818390907,0.00370742835488683,0.648750596610962,0.112989220896127,0.11433935779798,0.110347650975464,0.189760191529182,0.189517891693871,0.190970846332983,0.156479017024435,0.12840467858697,0.126575818202912,0.42630024300619,0.267830422575798,0.428233547436438
-1,-0.5,-0.2,0.25,0.7,-0.693147180559945,-0.397303975964976,-0.33900827391513,-0.213260220442238,1.23960525511844,1.24038228880567,-1.20035899252741,0.149570477432716,0.153853699557118,0.134443019191369,0.518800950590247,0.449730454766366,0.135273192106839,1.12075463076144,0.211394333116411,0.189911339593942,2.432125592326,1.31663138983473,1.57349951601126
-1,-0.5,-0.2,0.25,0.7,-0.693147180559945,-1.041823644483,-0.597435892899991,-0.191770896751018,-0.0375759498392191,0.492060406756896,-0.537328096239294,0.156147151524294,0.149427217876699,0.1841361622308,0.261376761228701,0.273320720313909,0.190845962951815,0.533363249613798,0.202418908095755,0.216220670075812,0.878019894757359,0.363288447663014,1.0308797061795
-1,-0.5,-0.2,0.25,0.7,-0.693147180559945,-0.646701723219385,-0.332956018405856,-0.21248340019957,0.457864211542369,0.573212950610383,-1.09976267983836,0.163420794481956,0.168817802347475,0.146662507943506,0.30250872164493,0.262504212480713,0.172669382182566,0.726168690525947,0.182465779854725,0.151249902901506,0.807233598763447,0.432929088890041,0.988477228596952
-1,-0.5,-0.2,0.25,0.7,-0.693147180559945,-0.968412342039534,-0.373608182162507,-0.0948200980768314,0.67927700044252,0.96795683443157,-1.02906181369914,0.151686034755084,0.148752246179054,0.14543189019108,0.373349102703378,0.361703665208124,0.159810299577359,0.733793538716831,0.173877960573351,0.167929466857714,1.32585781199953,0.7607922497071,1.08915243540212
-1,-0.5,-0.2,0.25,0.7,-0.693147180559945,-1.42187713806473,-0.401644650631692,-0.16975892961839,-0.35453904014907,0.598827789249696,0.0110651315154614,0.149875278003094,0.154436984481387,0.148585506868338,0.222420546456075,0.209092286462932,0.18985156164345,0.285937232189139,0.161049655368626,0.201682425087293,0.608367699595213,0.250788845916432,0.622905193287957
-1,-0.5,-0.2,0.25,0.7,-0.693147180559945,-0.765890003549637,-0.460161744904952,0.0572502094024845,1.29147162575429,0.708341212788773,-1.01791693663537,0.13982275140662,0.143508259230221,0.142219432887147,0.468116527583747,0.437871748565001,0.14169383473602,0.612623765430757,0.179474004948746,0.142319030433783,1.2283644645903,0.687139732480271,0.863343849422136
-1,-0.5,-0.2,0.25,0.7,-0.693147180559945,0.513143692859487,-0.405918562389779,-0.354506971275373,3.16546573491518,-0.623354613111429,-2.68635196304919,0.139741206183213,0.14418445840132,0.143025867121573,1.12943116834887,1.04336807962278,0.135716525406744,1.85037725488261,0.203688201260348,0.155478424186466,4.72597558609132,1.83689638291338,1.96986065778232
-1,-0.5,-0.2,0.25,0.7,-0.693147180559945,-1.40970548971219,-0.478395760438538,-0.397982814606815,-0.0149587418865268,0.576331141956853,0.0917577420696972,0.124705135414975,0.129225244847828,0.111483192368216,0.262113139485592,0.26469246075541,0.16983765762089,0.213470653990524,0.148927768557304,0.126311439661563,0.570401489691886,0.366807540028939,0.461648566552673
-1,-0.5,-0.2,0.25,0.7,-0.693147180559945,-1.33900190384293,-0.393061978757781,-0.218007235603812,0.235592063439991,0.984668614039913,-0.285208715011745,0.149661307221171,0.145475916205581,0.147278157162317,0.328871748249973,0.304969318768819,0.164962206677984,0.341320473266516,0.162014365187488,0.130724071237989,0.890455029885472,0.578315675975567,0.623353387223927
-1,-0.5,-0.2,0.25,0.7,-0.693147180559945,-0.921697759874766,-0.691997608369348,-0.29024725601608,1.0464570111624,1.31548658317982,-0.812842009314045,0.142383393284954,0.142313305339166,0.12305750851401,0.521173606418506,0.489502646244528,0.148340615089904,0.470431089336738,0.190983056778984,0.15388029252626,1.0962166080511,0.709764969059487,0.705843510227307
-1,-0.5,-0.2,0.25,0.7,-0.693147180559945,-0.125243846109229,-0.926190562528516,-0.171972547252514,-0.182986686826012,0.662021798300843,-1.09370469547125,0.23975744652368,0.279722534221939,0.166416222967964,0.244639881217725,0.215059014484587,0.21291800182941,0.826427803418743,0.348827414207548,0.196343951753099,0.59604303625014,0.276598697144302,1.09653466641255
-1,-0.5,-0.2,0.25,0.7,-0.693147180559945,-0.908806328094781,-0.951916485509044,-0.366612193374722,0.939832504012295,1.54691596317933,-0.659731490134887,0.171817484806086,0.191408838978177,0.146598295639854,0.454879791680542,0.391052205584031,0.152599279662731,0.404339214560548,0.228631039829768,0.147558273116973,0.965834635086508,0.692095414283438,0.573046487610504
-1,-0.5,-0.2,0.25,0.7,-0.693147180559945,-0.928821666228095,-0.397384808367557,-0.217399299921413,0.565336737112683,0.566666242102369,-1.03721381941879,0.153514469906716,0.14874067725284,0.150538147011235,0.341974000066508,0.308026014639528,0.170245184823768,0.681886556875862,0.181899028377644,0.177058730312666,1.00659717821308,0.456679514770317,1.02733926017967
-1,-0.5,-0.2,0.25,0.7,-0.693147180559945,-0.517455137229708,-0.508848287260523,-0.403362954938953,1.12044938943023,1.29381473030037,-1.59510905258282,0.164434198881681,0.16336875101534,0.183498900062543,0.519532228788433,0.491753675512506,0.159559970888963,0.997892522906404,0.195449957810856,0.219592335884465,1.30812241661003,0.966660637538125,1.18212525614549
-1,-0.5,-0.2,0.25,0.7,-0.693147180559945,-1.37235194509983,-0.556870768629756,-0.202826259773194,-0.437751548375772,0.896632633442489,0.722222343313618,0.139535944064305,0.137666488657105,0.141806584688307,0.250999893570211,0.245685182704294,0.165561193974192,0.152404730544707,0.192868121679259,0.153418961385512,0.822997331078879,0.320623601105731,0.656759682189668
-1,-0.5,-0.2,0.25,0.7,-0.693147180559945,-0.96048657914642,-0.561549477615244,-0.146059757995044,-0.0370160869705829,0.816809982526162,-0.401228806139687,0.200639084162985,0.167964515324937,0.154315345422763,0.300706827590048,0.3186592838496,0.187789602580736,0.4019288313269,0.197288211994811,0.172184953988107,0.583178071436458,0.502162408670299,0.653617439992206
-1,-0.5,-0.2,0.25,0.7,-0.693147180559945,-1.10457595047228,-0.336482102825246,-0.29861711800642,0.228830584980659,0.643213848684832,-0.743817985283743,0.157251202375314,0.155008695341034,0.148554564885669,0.283673376561953,0.280370617034816,0.174686458062916,0.562177396666986,0.194511127443198,0.175153407502469,0.754321591564312,0.339496466121058,0.901822003549409
-1,-0.5,-0.2,0.25,0.7,-0.693147180559945,-1.23884158368558,-0.516258566149829,-0.184755289412714,-0.127463684745914,0.308075626377372,-0.231773934447207,0.148655941004255,0.168645207705696,0.149971449072599,0.244203402533438,0.235873478351825,0.186017045838884,0.328064648842437,0.25203423981412,0.153259614980292,0.58006563246132,0.265389453752912,0.632353126536705
-1,-0.5,-0.2,0.25,0.7,-0.693147180559945,-1.00769970847407,-0.548222627221837,-0.215499203432295,0.303256965286242,0.692870408947151,-0.851887296421005,0.159299559633004,0.167761332642955,0.139483324742118,0.297485979633408,0.282965561176058,0.173946830466886,0.752953967669111,0.204409663986239,0.190561751848964,1.21667023956383,0.62938297066248,1.22978379796296
-1,-0.5,-0.2,0.25,0.7,-0.693147180559945,-1.50595470874679,-0.694692178464872,0.108869901736218,-0.955994855219133,0.510355037813135,0.51270915702986,0.14767861505998,0.149743853169202,0.164602524115766,0.195159501618842,0.188382398902145,0.2002116441392,0.206025047317508,0.168864502771997,0.202239343802176,1.05449583778654,0.272408765974994,1.07780051977748
-1,-0.5,-0.2,0.25,0.7,-0.693147180559945,-0.542720712690362,-0.454629121295184,-0.17749631503321,0.883853391067012,1.90234488644785,-1.38640203138439,0.218439045434351,0.212705501456177,0.145376645282539,0.500668204300969,0.498976466347766,0.167928113232441,0.76828131176004,0.230021595018706,0.164432264345177,1.01657023656351,0.938551576217042,0.871027170140877
-1,-0.5,-0.2,0.25,0.7,-0.693147180559945,0.167829912563566,-0.195133672782812,-0.365349666326928,0.740859157423929,0.589617507259037,-2.25855591960072,0.17011806788905,0.165608295910883,0.168962903551157,0.329695142077426,0.365331154292713,0.174511977924626,1.95804982172739,0.219784891590822,0.201431397977544,0.810631648776447,0.544049706895958,2.19397935612945
-1,-0.5,-0.2,0.25,0.7,-0.693147180559945,-1.10586967123664,-0.464982806143147,-0.117241542864205,-0.507460555514121,0.66189788131631,-0.0877681760411118,0.153324098057153,0.146169775236251,0.1198844666188,0.229056975237335,0.233155356788759,0.201493805022897,0.337309944308505,0.165531824860557,0.140553592773065,0.679520046162125,0.327165864805764,0.758257767014939
-1,-0.5,-0.2,0.25,0.7,-0.693147180559945,-1.15545159421718,-0.572069267134217,-0.292579614607827,0.259488388006468,0.110333050980421,-0.323243858741574,0.139053657638918,0.128522095702322,0.136049062471152,0.283659560679764,0.26662082733076,0.17555500857992,0.492761556658929,0.138145517542902,0.15328701434009,1.06073110757431,0.356318039875136,0.999073595481953
-1,-0.5,-0.2,0.25,0.7,-0.693147180559945,-1.40672062659454,-0.434649894333511,0.0359686232680998,-1.2082200484097,0.162225835090622,0.681148541575665,0.137107901905874,0.124319778570138,0.138409158745896,0.169450087538596,0.168461734983326,0.207558113493314,0.200517753789166,0.139428782945148,0.153416088356932,0.682243882171308,0.206476838629313,0.781592853846425
-1,-0.5,-0.2,0.25,0.7,-0.693147180559945,-1.01721718607811,-0.155592327139195,-0.203300691248552,1.45771847606915,0.759093828895203,-0.862424476043677,0.125701412502098,0.134243741846586,0.132105676713982,0.518150792772672,0.469220950612655,0.128924348397953,0.515571653459697,0.160475719568446,0.143015315024964,1.30906578205507,0.805235366502033,0.729072375297508
-1,-0.5,-0.2,0.25,0.7,-0.693147180559945,-0.916332940747017,-0.717284530851351,-0.294227827265645,0.833094178779608,1.28220762923993,-0.751540349641172,0.148893404055346,0.142769729353046,0.134828071324218,0.456322379990741,0.454936841313938,0.153923262628122,0.478093380099665,0.177230127889395,0.160843255343711,1.31506795178228,0.993983011924039,0.773838440527259
-1,-0.5,-0.2,0.25,0.7,-0.693147180559945,-0.8288686295763,-0.165534549779531,0.14100212314395,0.571408824416885,-0.215451114916724,-0.83375079130581,0.146095155139933,0.144337654931552,0.145419184551016,0.311364032383463,0.296010079052975,0.168071685028211,0.572735265767263,0.156132638929353,0.182389868233067,0.85626557465885,0.459066196869746,0.864349331746903
-1,-0.5,-0.2,0.25,0.7,-0.693147180559945,-1.13719436314228,-0.532380506381493,0.0349201575391462,0.413162369345214,0.094931357771128,-0.550666799462852,0.140498306205493,0.136224049196839,0.14561918320068,0.290161500717994,0.291858817516616,0.169655968292357,0.481486573124081,0.15619003101904,0.147004963499988,0.723415917237777,0.373684039485901,0.772937536552698
-1,-0.5,-0.2,0.25,0.7,-0.693147180559945,-0.903039859879655,-0.497595493332806,-0.222641245498735,1.83822050988367,1.51973741501497,-1.1654923798711,0.137873322519802,0.150247323695796,0.14173673283426,0.679231791935772,0.599812605956292,0.12755336415858,0.610026751211628,0.193167693910274,0.166083289755694,1.97047081550716,1.34542226696709,0.782797734737227
-1,-0.5,-0.2,0.25,0.7,-0.693147180559945,-1.30040947552805,-0.356235963362999,-0.205889431326218,-0.117266706576011,0.732931593869217,0.0814345682905645,0.132763632751386,0.13111766027978,0.124493702288994,0.287175004185581,0.310670008994986,0.182824367401902,0.272063648047687,0.152106943407129,0.126533714946875,0.835199833128524,0.543582904708834,0.639450514204184
-1,-0.5,-0.2,0.25,0.7,-0.693147180559945,0.0826086295067067,-0.232965832296754,-0.353262564314266,1.56317449689896,1.17443246620068,-2.15750388603854,0.163113177217913,0.16998164091686,0.16083144660038,0.509889428557092,0.438594012413841,0.157061213730467,1.59548277909318,0.216422821737707,0.182379497536331,1.76007977525943,0.999131422600109,1.80802863501728
-1,-0.5,-0.2,0.25,0.7,-0.693147180559945,-0.89700044562951,-0.661925263733494,0.140474273824146,0.293226286923834,0.548631048565795,-0.752548157719276,0.174088558998458,0.17809982747411,0.156630490285644,0.294003098583848,0.281740298856374,0.184486419297075,0.730463071037765,0.215944805014703,0.162372804400903,1.03778323880731,0.446814407029726,1.1819720458775
-1,-0.5,-0.2,0.25,0.7,-0.693147180559945,-1.06237949038483,-0.779339099274453,-0.165925714116603,0.373137039027384,1.39795280801765,-0.293410112966406,0.163556053231335,0.16717426043951,0.133113706982716,0.379427452964924,0.336819917824856,0.150943611593325,0.307214541178307,0.202662624814447,0.132658813754383,0.770314744105179,0.485092191921962,0.531953559911272
-1,-0.5,-0.2,0.25,0.7,-0.693147180559945,-0.708609427351412,-0.694928642785866,-0.264960127122843,0.474603403758608,1.19804110044495,-0.800698844317273,0.169677746750163,0.179846996972875,0.158491378381742,0.34359831778635,0.321070057550936,0.16261702349474,0.51683587144852,0.191026101354796,0.14538461147766,0.86967075368527,0.673156201232104,0.696637161581574
-1,-0.5,-0.2,0.25,0.7,-0.693147180559945,-1.3242687891503,-0.713135539513864,-0.179551975005441,-0.189767134729629,0.665273900291653,-0.0118848113701149,0.147823540284105,0.134806575848489,0.142362144569519,0.2559433080398,0.261981509783551,0.183577743949296,0.283856149058788,0.140844872208278,0.171434141400093,0.698067109461132,0.363323836831255,0.651281773708935
-1,-0.5,-0.2,0.25,0.7,-0.693147180559945,-0.950282728254128,-0.262072441781302,-0.0559396399749545,0.365306712263444,0.911073722353193,-0.77571021459799,0.155501807800257,0.153816585394479,0.145893061074061,0.299042217405951,0.287387254340984,0.166644931511449,0.684397689841748,0.172223642348609,0.173063893023428,1.15717358638481,0.674703748161466,1.08234682215817
-1,-0.5,-0.2,0.25,0.7,-0.693147180559945,1.29608140484912,-0.769026962933406,0.00509142382704876,0.972481421988234,0.953357863365879,-2.77060093484387,0.204524056733522,0.212712167954716,0.178428623911137,0.393359468914432,0.354363467762774,0.185011265300868,2.54134518408043,0.292254048991097,0.196172930686883,1.34592150510908,1.07906914341488,2.70797645589024
-1,-0.5,-0.2,0.25,0.7,-0.693147180559945,-1.56916100227539,-0.5879462853966,-0.280143996744304,-0.894410517955012,0.609130373418994,0.626982858521452,0.130638775078806,0.148800405484328,0.127608096739239,0.199624826683259,0.203148419541496,0.192995361040974,0.167500880513529,0.177041976148619,0.128188810231859,0.645715689930973,0.219245952807312,0.633825060592786
-1,-0.5,-0.2,0.25,0.7,-0.693147180559945,-1.53666635741592,-0.228108610943617,0.137144455450141,-0.210600553646188,0.598381832567459,-0.103509041664205,0.139039115259028,0.146288811394062,0.120859842132698,0.255356128690875,0.257375608525755,0.177080944665685,0.292143901961479,0.15728893163151,0.127970316286485,0.655618953730591,0.351726366209524,0.619437749560927
-1,-0.5,-0.2,0.25,0.7,-0.693147180559945,-1.17075915509013,-0.333246318607993,-0.213758133773021,1.15384556998779,1.212468734137,-0.903390761799921,0.141678635069732,0.149542652798809,0.127482167964214,0.488687324222291,0.378061432799394,0.138225422245122,0.469251468359126,0.186128706204029,0.12903398804181,1.15597257506333,0.702616757670971,0.650699772341395
-1,-0.5,-0.2,0.25,0.7,-0.693147180559945,-1.59534850691255,-0.208827193573777,-0.217250118177323,-0.657454835275554,0.744158589892734,0.380495706140796,0.126043143139841,0.126541939311881,0.109602329754259,0.210451028044067,0.210424775940194,0.184169889839577,0.208595464036396,0.149374677933277,0.120109679032682,0.534629799830396,0.230398944049456,0.522273261136127
-1,-0.5,-0.2,0.25,0.7,-0.693147180559945,-0.96375663047007,-0.485209565531555,0.0607132232111547,0.480382347244096,0.820695845112041,-0.793621165864271,0.150483186335931,0.161672604840767,0.170411359305373,0.316419075356455,0.321695403380816,0.16378215110992,2.60752026714755,0.533363557058912,0.599980163123726,5.49623400550569,1.59655269450921,4.99046970604038
-1,-0.5,-0.2,0.25,0.7,-0.693147180559945,-1.14837453471264,-0.163046126040563,-0.352361207387369,1.69134910151955,1.42012089172953,-0.573133713457404,0.118246924334947,0.130035310450097,0.10301124585726,0.606986416469396,0.503273908575655,0.104320024559902,0.423921936986332,0.143763400621337,0.101459479958992,2.72320320618231,1.83537874911351,0.690656925716413
-1,-0.5,-0.2,0.25,0.7,-0.693147180559945,-1.47045798798089,-0.446317251926528,-0.322172769687225,0.118885297653171,0.849189451885788,-0.259293893063342,0.14392249546578,0.142260103170337,0.144982168689501,0.298123052226782,0.295532516089118,0.165901763959689,0.343758306105668,0.165931665344161,0.150117792750901,0.870456085446341,0.658555869924255,0.634669994076743
-1,-0.5,-0.2,0.25,0.7,-0.693147180559945,-1.25284688534147,-0.616066530583442,-0.19102151238369,0.157874777768178,0.656464345160844,-0.377164171987612,0.138731388556823,0.136266907560848,0.127593970801055,0.273982671814967,0.28881130006049,0.172504075488529,0.366786549966638,0.152384050439413,0.137285982186508,0.605442181479968,0.353994043451575,0.611429460113171
-1,-0.5,-0.2,0.25,0.7,-0.693147180559945,-0.869121199190745,-0.437106340903976,-0.0134898418563287,0.288060086914695,0.115318793373146,-0.643333513210397,0.146334933172846,0.142859766016655,0.133488756628588,0.285258655863597,0.29444266147062,0.174363982208213,0.476747161661769,0.161466395482081,0.152623842117965,0.642830497455808,0.405946608478189,0.741319825842248
-1,-0.5,-0.2,0.25,0.7,-0.693147180559945,-1.40168334419102,0.010278594671513,-0.446558759006986,-0.393841629063243,0.177883553526167,-0.0852759994051815,0.146448268298975,0.179254375641691,0.133718237623511,0.219489301307135,0.213652874849035,0.197001206723409,0.293226133358718,0.208083787715588,0.14494947615664,0.518004508459732,0.212395309819819,0.591966963796621
-1,-0.5,-0.2,0.25,0.7,-0.693147180559945,-0.950271325596716,-0.498151400662477,-0.155483453726391,0.462606623834267,1.15819022052807,-0.768818875301572,0.168532836223169,0.159278614660557,0.135972162571721,0.363499790092757,0.341138428071759,0.16841503631816,0.595176581689182,0.24087230726011,0.155215203691479,1.2117738110929,0.538519953515602,1.06174011982738
-1,-0.5,-0.2,0.25,0.7,-0.693147180559945,-0.919796665716731,-0.731212803252307,-0.292598494392253,0.927742009049995,1.42686648772602,-1.03477071896015,0.162286003674875,0.163318895243383,0.158347704091674,0.460082679667507,0.424499281232891,0.157657359105954,0.535610242591363,0.185091780440106,0.170755884637997,0.809186129107788,0.639013980816338,0.668677959388783
-1,-0.5,-0.2,0.25,0.7,-0.693147180559945,-1.34687643850643,-0.241920746367511,-0.415195067137363,-0.197999480614608,0.76006970758324,-0.258906365607551,0.148054125526193,0.141425511307176,0.159761845638282,0.243623068512227,0.241928667639054,0.179887895035369,0.32950295402695,0.157006299174725,0.169422533712112,0.531608625001293,0.392611954834066,0.552445690809743
-1,-0.5,-0.2,0.25,0.7,-0.693147180559945,-0.740981848706306,-0.34575749436957,-0.319658358009461,0.56011685446958,1.06932592361617,-1.34801093828033,0.171860956106206,0.16732246621271,0.146521617248169,0.356041927494859,0.347279081852196,0.171917918175154,0.862680307875315,0.203001108826031,0.164563302345135,0.767803069592982,0.495103187573836,1.0640073392016
-1,-0.5,-0.2,0.25,0.7,-0.693147180559945,-1.24986172157267,-0.56010475304123,-0.406178450660796,-0.365789818784627,0.749961893620848,-0.22133825856642,0.160060090362821,0.157609070234267,0.141438437680331,0.244057749633501,0.245525534930144,0.189278055659847,0.33040386170993,0.207364399488683,0.170424027139387,0.739170073410748,0.351550070406692,0.771581187267067
-1,-0.5,-0.2,0.25,0.7,-0.693147180559945,-1.44941104269549,-0.552241944721531,-0.232390261929516,-0.189871804709504,0.728812837603267,0.0910617501297683,0.136365732456946,0.145064171689514,0.130759591780169,0.270398381456081,0.260678757028785,0.178918986560882,0.270448387560622,0.155005540823822,0.129815476788572,0.818759104071061,0.413162965525397,0.675880801223521
-1,-0.5,-0.2,0.25,0.7,-0.693147180559945,-0.953000206860203,-0.654131598881617,-0.318402826452573,-0.238264768427102,0.278213275009691,-0.868880096700352,0.182112985373952,0.192381016149963,0.170429075747058,0.242186251107596,0.250307374511174,0.213327336808293,0.609148617101743,0.236664596915925,0.213943800966383,0.568688245623833,0.356685613538877,0.905699986217395
-1,-0.5,-0.2,0.25,0.7,-0.693147180559945,-0.465226396409307,-0.634965663810399,-0.358012808466044,1.63334948442406,1.5114938355214,-1.03551102187613,0.138362485271709,0.136915506763285,0.138241791854086,0.63885046263532,0.57532701802283,0.133020218849715,0.576321582991592,0.165682494840973,0.149880760426815,1.21404849528754,0.948244085657511,0.700766627723462
-1,-0.5,-0.2,0.25,0.7,-0.693147180559945,0.283860371131469,-0.509947309948015,-0.0054618608708168,0.701409624202846,0.845668879737965,-2.27874350775331,0.186847985665414,0.187661068889721,0.188874294967377,0.362034990033283,0.344956889379009,0.18292578392217,1.77003848668874,0.240030299930432,0.198381087177476,0.695390575141886,0.519310921092958,1.92423834317026
-1,-0.5,-0.2,0.25,0.7,-0.693147180559945,-1.29672776514752,-0.505747906592344,-0.47431867243884,-0.135186279561923,0.351797529378834,-0.181837470492352,0.13360941053501,0.132376888945354,0.15636514392435,0.242180435270283,0.243267908332877,0.18592846692217,0.34978955609868,0.15046154669639,0.153747627313441,0.654093316229545,0.352303193911095,0.71128301778769
-1,-0.5,-0.2,0.25,0.7,-0.693147180559945,-1.78052537813625,-0.320359032299612,-0.209864084170041,-0.259455893316281,0.447499394686578,0.409148167113298,0.10782510099137,0.116563744026537,0.101140693366657,0.232343109903561,0.227409366329319,0.170464144992477,0.167811114509316,0.11883722270747,0.10437629317637,0.446564874806169,0.283911446142797,0.388294812337655
-1,-0.5,-0.2,0.25,0.7,-0.693147180559945,-1.40173952938483,-0.776292961395457,-0.354823936251189,-1.23134068703424,0.290278442891481,1.01746251524263,0.112885937155184,0.147802369504339,0.1145432425227,0.172141190786789,0.177254774916324,0.184861385803418,0.133924378709071,0.157235333347219,0.128723701828885,0.706939791235783,0.213341683072357,0.695047925918021
-1,-0.5,-0.2,0.25,0.7,-0.693147180559945,-0.811160272658433,-0.725121218023274,-0.134084549712621,1.70201028256332,1.60343262483913,-1.24740208221996,0.147806715061121,0.156448247564904,0.145194856139578,0.689945731197258,0.565240522209648,0.137974308787332,0.735947237864751,0.207460162715692,0.157738580774246,2.08755266192239,1.3507031994871,0.943725064045036
-1,-0.5,-0.2,0.25,0.7,-0.693147180559945,-1.20552289102988,-0.494690404864333,-0.0584256836596483,0.928797907868928,0.152126370153629,-0.398558290229574,0.119465039100231,0.123173718878855,0.124136572856378,0.384536259033978,0.430951196112838,0.14459661214904,0.402867640421142,0.170558718732692,0.158138686266475,1.50015036688654,0.726535124452737,0.811613701768409
-1,-0.5,-0.2,0.25,0.7,-0.693147180559945,-1.46396836721767,-0.471886978864124,-0.224998949274866,-0.851622258437287,0.334823413788738,0.200119963708804,0.152777577311434,0.162907837504993,0.166768457732192,0.194579235294675,0.192229734069802,0.216775736329009,0.275144018324756,0.183384158757974,0.161073141605912,0.703691270884719,0.209294359265385,0.826207929510968
-1,-0.5,-0.2,0.25,0.7,-0.693147180559945,-1.23143611977018,-0.597441256955913,-0.421848800033154,-0.797945231700432,0.175147478342723,0.172733363489575,0.15423069334171,0.151053065458962,0.158969489950735,0.18722864639884,0.183054163798792,0.219908405828185,0.336336994911882,0.165091628987967,0.175279399720223,0.67045873330391,0.248289827254368,0.868801667058505
-1,-0.5,-0.2,0.25,0.7,-0.693147180559945,-0.28588615627803,-0.568749398743116,-0.369213582204588,1.04887473872658,1.15040276786093,-1.40652498021957,0.169935901078067,0.18684798839128,0.14489005287355,0.467361720131464,0.383787495261468,0.154598889773651,0.883600493437343,0.228211197262384,0.170303632898623,1.17719076452083,0.698923657682553,1.10407981905591
-1,-0.5,-0.2,0.25,0.7,-0.693147180559945,-1.12807110613823,-0.378437800338023,-0.411975036615429,0.562122619041965,0.779387483599968,-0.531749131291913,0.135205374989847,0.13199702419679,0.139392330553137,0.349571306580275,0.353523338256091,0.157162006287119,0.39085319706733,0.158075014319626,0.153858084997384,0.704643876014295,0.498166497163362,0.612145652251296
-1,-0.5,-0.2,0.25,0.7,-0.693147180559945,-0.809248325932454,-0.285663280389297,-0.139997111821099,-0.400852974745269,-0.00113133887048605,-0.640525154773488,0.196357617912487,0.216889859991911,0.197204279304221,0.208777600894468,0.209725675388867,0.225981544786281,0.765925431552819,0.292084020273494,0.202341156617497,0.751625415636341,0.329867288971108,1.27113002183156
-1,-0.5,-0.2,0.25,0.7,-0.693147180559945,-1.1545822106262,-0.569728862491111,-0.571023244738528,1.02213051271484,1.0578807998507,-0.83487160026637,0.143061456043488,0.150758972003072,0.136647273637194,0.452081043085965,0.384814058146021,0.136574711628258,0.513635621276086,0.173213653296352,0.163829195130994,1.1586190919269,0.762184918687322,0.731283945281792
-1,-0.5,-0.2,0.25,0.7,-0.693147180559945,-0.367167766250897,-0.383675345487006,-0.439923817636035,2.08987174333335,0.371149780257335,-1.9593069932867,0.140489591723954,0.143213554055027,0.147345515267659,0.619554092550348,0.547263082030846,0.143160861057605,1.43381437193556,0.184108624748017,0.174438231299529,2.72502753058452,1.08427615993546,1.68801650049142
-1,-0.5,-0.2,0.25,0.7,-0.693147180559945,-1.10951468435943,-0.508962975485382,0.0138817269397708,0.351704572574812,0.0769599786454959,-0.594187141428851,0.141365151311561,0.139234130303585,0.133444629319439,0.294299711302019,0.291482351871301,0.172693774424117,0.587484480697565,0.174727848193034,0.147368119948894,1.13608810679035,0.353164541800989,1.09892452816045
-1,-0.5,-0.2,0.25,0.7,-0.693147180559945,-0.22713087887192,-0.721030951192776,-0.0196418141643032,2.24474537119052,1.79904931934295,-1.92012307254186,0.154691825041662,0.164003415276146,0.136095857714102,0.82046752965961,0.642040902980006,0.147633193183835,1.10976257076395,0.206020284881414,0.175775826664753,2.43130335923719,1.65322010193294,1.23373155354218
-1,-0.5,-0.2,0.25,0.7,-0.693147180559945,-1.04551760857664,-0.79531321649962,0.0437140067891124,-0.0298883119688984,0.893409900753632,0.0299808281771011,0.149652574073807,0.150084059278247,0.1345179733094,0.276529943812952,0.263642146061037,0.175960224261154,0.302367318150574,0.186449816599236,0.184784912024471,0.976523181971084,0.439769627852668,0.762235645564001
-1,-0.5,-0.2,0.25,0.7,-0.693147180559945,-1.11976348245724,-0.502256020377848,-0.23842421882061,0.44555742359972,0.640948132652236,-0.684652981175216,0.149171712569689,0.162756164244626,0.142653044578429,0.323759368341293,0.300737661048316,0.162645759837187,0.484921616649527,0.175179225895401,0.162705499788644,0.723614296825602,0.42329794958054,0.732444270366779
-1,-0.5,-0.2,0.25,0.7,-0.693147180559945,-1.01763767983401,-0.311839085143748,-0.244960410109605,0.0972312678459781,0.563952043986178,-0.531465262086134,0.143301306425823,0.143920009684664,0.147590517322764,0.270335947921782,0.273008064218174,0.175019825803091,0.422797577784402,0.160489408838545,0.140663225239476,0.735205333200013,0.464420732450427,0.723543981021624
-1,-0.5,-0.2,0.25,0.7,-0.693147180559945,-0.329734990656876,-0.40413269581965,-0.466308022976629,0.589330018721332,0.552850101004727,-1.29349278373217,0.164542395691588,0.172032952286807,0.176451828165028,0.303967033414343,0.282148117281371,0.171373134999205,0.945312517352101,0.218136381706493,0.182251882334227,0.776384906740551,0.422836158282221,1.19806677931815
-1,-0.5,-0.2,0.25,0.7,-0.693147180559945,-0.892082851308811,-0.301040939999959,0.0131695512748149,0.664316512653193,0.665270189690082,-0.809863948368178,0.152379852004886,0.152610074830826,0.175305473766086,0.340623308746493,0.339344643762292,0.162583679260509,0.569638240571022,0.176165700343966,0.181493577043313,0.718652334050229,0.498691031365605,0.79922756131549
-1,-0.5,-0.2,0.25,0.7,-0.693147180559945,-0.948964663156448,-0.528651001327726,-0.252532718576155,1.33369527750002,0.823541320780582,-0.985568523227599,0.134091255754388,0.134448208271389,0.128051826699743,0.449730513668772,0.441448857771206,0.144175994605048,0.602638868184396,0.173388924274805,0.129528695851667,1.62752958594474,0.858303454726524,0.898434722339203
-1,-0.5,-0.2,0.25,0.7,-0.693147180559945,-0.974635715370879,-0.189793723013277,-0.215087743175777,3.05356091901413,1.53889920541566,-1.13340904968049,0.121354631621034,0.135195539929851,0.124189060147924,1.20206785457508,0.753636088342795,0.103165451750392,0.511954466594461,0.193613085971044,0.147856264492365,2.70673337910302,1.40959128783982,0.628346646753655
-1,-0.5,-0.2,0.25,0.7,-0.693147180559945,-0.140292844345668,-0.559076594875564,-0.292879233837671,1.12212833503561,0.062258607867692,-1.64246169927904,0.153652983889066,0.148537765806614,0.162143827118642,0.368637092759942,0.344798497412787,0.160073714322718,1.13745708387953,0.161595955959469,0.187274348568729,0.953911208741666,0.548412295043532,1.33377559965621
-1,-0.5,-0.2,0.25,0.7,-0.693147180559945,-1.22816287821949,-0.472002368027624,-0.317364245065375,0.0420294683985217,0.776399736116706,-0.516919075324068,0.148657375667561,0.151442547684141,0.149082829188214,0.286842644678979,0.262203063611398,0.173744955665923,0.40322161788275,0.162720292189379,0.15468974851483,0.594706118145958,0.36962239255831,0.6168400860404
-1,-0.5,-0.2,0.25,0.7,-0.693147180559945,-0.990811420111568,-0.465260033912277,-0.440321438856026,0.0438718998478962,0.251237860827116,-0.694154144606291,0.163338357846425,0.157276494106165,0.153381411035414,0.255567921937013,0.245942952632863,0.191281423764491,0.647905094118926,0.185939977168036,0.172732779513017,0.796076603073585,0.38393022731964,1.04865230019954
-1,-0.5,-0.2,0.25,0.7,-0.693147180559945,-1.51360871708897,-0.0225468800665083,-0.202277035562534,-1.41771283435922,0.0878282371721644,1.16673413449998,0.101465518680481,0.105383396947022,0.0938229343956508,0.165834997555727,0.172598782979245,0.175577163317197,0.116116151281921,0.124367806640666,0.11555602434134,0.980832088697933,0.168292247465018,0.974278639689084
-1,-0.5,-0.2,0.25,0.7,-0.693147180559945,-1.04081024959203,-0.460981313961752,-0.03968700787691,0.255471362651914,0.960417400051326,-0.819111413895229,0.166309821044211,0.170079611456839,0.153591300237736,0.310993975282424,0.284195152365719,0.169105431466328,0.560610139143887,0.21222351939766,0.180780223971129,0.793795333276752,0.434111970216269,0.832803606043162
-1,-0.5,-0.2,0.25,0.7,-0.693147180559945,-0.3674862550503,-0.47782253166209,-0.399332962509859,1.08413578273498,0.65247710541688,-1.48140113149357,0.152991286601185,0.160764430772467,0.148859964743074,0.407103875477705,0.356130593156604,0.158428778301242,0.988013318120292,0.211352832925444,0.157992458357242,1.18723875495624,0.533813324282251,1.26406230913838
-1,-0.5,-0.2,0.25,0.7,-0.693147180559945,-0.954419156795861,-0.43445289557607,-0.44752698931717,-0.344012056662505,0.287908937012614,-0.436045952966732,0.162834138652994,0.173672905764486,0.1480614093549,0.222687945008203,0.214647701367896,0.204731333648256,0.466087331311355,0.189896393606037,0.199192559663466,0.634995685619665,0.279168446852553,0.867464110599499
-1,-0.5,-0.2,0.25,0.7,-0.693147180559945,-1.08816234126179,-0.630424753931245,-0.157663035841354,0.371322340026715,1.12979574437881,-0.595021250167806,0.164252894904485,0.155475602939095,0.155238915073432,0.357124338580414,0.353286603789754,0.159657294412977,0.404789067976803,0.190849717403196,0.142238812900668,0.665590435028323,0.536393627910894,0.623087403586589
-1,-0.5,-0.2,0.25,0.7,-0.693147180559945,-0.938433678781659,-0.534807889372721,-0.167560212834238,-0.376024178426765,0.433505176247109,-0.379176718143185,0.163548248934528,0.17287619682432,0.140550182445133,0.226270957487039,0.222134670279787,0.203995292446431,0.448746230434295,0.216566224865041,0.171717127801608,0.67089107945038,0.289816479956499,0.854762281684242
-1,-0.5,-0.2,0.25,0.7,-0.693147180559945,-1.37142840228091,-0.468147663233769,-0.187354841755795,0.105037883965469,0.976678828955709,0.0286693809768146,0.13042474698321,0.137528196377826,0.113307838729111,0.314483539396855,0.275277445850126,0.159860107430877,0.238134135715894,0.151912118107786,0.11698659737181,0.610557871573665,0.373817039663073,0.456352328589328
-1,-0.5,-0.2,0.25,0.7,-0.693147180559945,0.0186495513585188,-0.592801891920041,-0.18226442315516,1.05291970465417,1.11728531854973,-1.79055073361573,0.175997098809944,0.172197410912293,0.19755239961907,0.452591964246022,0.422055488665836,0.167022755933204,1.11918276265172,0.21376680942353,0.200164630488875,0.902239850384362,0.743551196097256,1.25201818274392
-1,-0.5,-0.2,0.25,0.7,-0.693147180559945,-1.49717974260563,-0.692434288175816,-0.318745372883137,-0.837445332905275,0.549786593362458,0.935916834138415,0.10093827293237,0.0954980226218538,0.104022585662002,0.19409338458789,0.197931398779489,0.177844884271634,0.120917446942999,0.0998760771190306,0.106996321089283,0.391040952015336,0.249642326425424,0.354726072215404
-1,-0.5,-0.2,0.25,0.7,-0.693147180559945,-1.15271006492602,-0.615766521122148,-0.225866053020637,1.13127107390009,1.35092249891027,-0.38121894825362,0.122765042327172,0.131352733683005,0.110032434994584,0.489033204801999,0.398069453113625,0.121974454621782,0.309787644593747,0.143704644816446,0.117895183991792,1.48712851416862,0.959479480066973,0.535941471599141
-1,-0.5,-0.2,0.25,0.7,-0.693147180559945,-0.716782882816324,-0.712713482089189,-0.231060356477168,1.7351516105551,-0.361791166348867,-1.11068648096546,0.127084306242488,0.126181446105156,0.130306570698286,0.509850625341396,0.491546253250221,0.134013611319544,0.652293162072946,0.146736635584239,0.13910311157246,1.41321471285376,0.811901920992807,0.836935543032553
-1,-0.5,-0.2,0.25,0.7,-0.693147180559945,-0.820272396542793,-0.301169836921859,0.081879908597906,0.390163125741258,0.419906259687427,-1.01408699746564,0.167294610204588,0.175215370895117,0.16226992608795,0.300828203642385,0.290665717395404,0.175890528987875,0.65882732545051,0.211546857318993,0.203814137497332,0.722638437636667,0.442532673100796,0.913642203646487
-1,-0.5,-0.2,0.25,0.7,-0.693147180559945,-1.00971637830171,-0.483562627338822,-0.330479878691174,0.0863737787764594,0.354148650373127,-0.395050296560812,0.143722219034065,0.154427808419933,0.135042193451188,0.260569762851934,0.261809728217003,0.178202404366725,0.374933122947724,0.179758969925751,0.154934169350696,0.702000652471691,0.337382333897588,0.704039022046999
-1,-0.5,-0.2,0.25,0.7,-0.693147180559945,-0.354078215060466,-0.330045935345816,0.0382546611164194,1.60947526729164,0.671153142858131,-1.62699714269851,0.147768423400508,0.148840378307753,0.154842564762886,0.502348305206189,0.491288889110427,0.145057905001614,0.979816020516276,0.199005300056898,0.150288741218134,1.23919133821307,0.952227853848714,1.14462509210979
-1,-0.5,-0.2,0.25,0.7,-0.693147180559945,-0.64677012522587,-0.264917852282118,-0.088355411595464,-0.0632311787653778,0.0903309075101832,-0.633855941978652,0.173237053324173,0.18324111116533,0.18572216016659,0.246834172690264,0.263617767636044,0.199567889868154,0.564191858004909,0.222276977361337,0.193634037015147,0.638429573127809,0.283124595262549,0.891294762948943
-1,-0.5,-0.2,0.25,0.7,-0.693147180559945,0.197479516816675,-0.47071966848459,-0.254445681477865,1.54992058215197,0.73174019813469,-2.31586960203251,0.157358358461237,0.15687770784759,0.170174394631184,0.502578470979544,0.450565703350301,0.158232880789598,1.75808588609453,0.202503411393378,0.16293757972061,1.16918493798386,0.723938425636695,1.91092086183528
-1,-0.5,-0.2,0.25,0.7,-0.693147180559945,-1.71153193536835,-0.60203358846418,-0.590734942526379,-1.39896824734229,0.361215561264462,1.01097968880671,0.118537571052668,0.122211484677865,0.13090579401183,0.166002633901071,0.159660515435032,0.185890704715844,0.13601620016366,0.131973344042159,0.13574955368261,0.5523751811584,0.169273782686551,0.567828519085263
-1,-0.5,-0.2,0.25,0.7,-0.693147180559945,-1.21896011857866,-0.375942545048999,-0.188463713774109,0.0882754067709586,0.0126115484898408,-0.00986884610585584,0.124919290631631,0.129586911238202,0.13049485256472,0.271302211244809,0.277354057262382,0.176084836575129,0.242083523556675,0.1558315820268,0.148233018898969,0.530223912079145,0.315919816242089,0.48122954259568
-1,-0.5,-0.2,0.25,0.7,-0.693147180559945,-1.15694408933865,-0.815927875725385,-0.306917280694094,0.0602936709694041,0.854698400026591,-0.0240810129017587,0.140692641546059,0.139248110010852,0.120196064890349,0.282268001243638,0.274684116509232,0.172608536041874,0.300557479253863,0.154014031204219,0.141080326539811,0.73429172232696,0.400459369649666,0.60957984974692
-1,-0.5,-0.2,0.25,0.7,-0.693147180559945,0.493363469237638,-0.393466408655768,-0.446385905020266,0.416849461651291,0.728721702494793,-2.32824661237468,0.21335023130032,0.190007964149072,0.234805513059479,0.323374805395878,0.312106245067433,0.203071318663645,1.96864289124361,0.224955743937714,0.22840697284849,0.607731767242446,0.42133562030683,2.12878424844833
-1,-0.5,-0.2,0.25,0.7,-0.693147180559945,-1.44834463486683,-0.322471924107578,-0.210543761110528,-0.912287852408909,0.339843356907956,0.557845345948205,0.120773468066017,0.117800839047823,0.108952106294502,0.184979560766964,0.184017906497861,0.195958023295968,0.20562724393297,0.136494130043812,0.190455120820839,1.07439955206169,0.229984290586031,1.0964230037614
-1,-0.5,-0.2,0.25,0.7,-0.693147180559945,-0.782792919522049,-0.0288226000369079,-0.297134428573077,1.4419417755502,1.09785869037356,-1.18635032678755,0.150437648391427,0.163184335860033,0.139146109687963,0.56375482773621,0.429138644729414,0.133054107260964,0.612088009111255,0.206022070373132,0.148444725531498,1.0166848454213,0.636084449119012,0.747892979515292
-1,-0.5,-0.2,0.25,0.7,-0.693147180559945,-0.699253176196141,-0.629545459298228,-0.208457136487723,1.35752198685579,1.67899815446659,-1.08434275185226,0.170635556227681,0.179638295050332,0.130306827461417,0.551679637446913,0.473876876003434,0.131944518930309,0.625053613341032,0.244237648837463,0.147689182930908,1.35879007584901,0.977499798580462,0.798912505208913
-1,-0.5,-0.2,0.25,0.7,-0.693147180559945,-1.27329723217626,-0.827935556555258,-0.233945671445222,1.11325573152054,1.5228584532316,-0.278022244552457,0.136201145879596,0.137835571088197,0.102512479298281,0.49031664611304,0.414711072692932,0.14535659764078,0.289543468690321,0.17181167515508,0.101575109100965,0.960453374463519,0.640377547828977,0.487033426091495
-1,-0.5,-0.2,0.25,0.7,-0.693147180559945,-0.552360251023906,-0.187820327831127,-0.0188113146597731,0.696940683053033,0.563090490996019,-1.54087433906624,0.162439477195783,0.159439059810636,0.161521507909742,0.331295188252812,0.302627582487636,0.172591793250418,1.09065485576352,0.186265354344641,0.181539696742942,0.912917994504479,0.462666831781975,1.34367268225297
-1,-0.5,-0.2,0.25,0.7,-0.693147180559945,0.170756217083399,-0.583624024087241,-0.306525594769627,0.482588967339168,0.617754045131153,-1.69734156676015,0.188548369703605,0.18155105716156,0.17804499090772,0.306641687511493,0.294141232615632,0.18325044344346,1.24081732775814,0.189958389126378,0.190326439442071,0.587625636661771,0.407072743395752,1.39671656440073
-1,-0.5,-0.2,0.25,0.7,-0.693147180559945,-1.3472767664849,-0.65674772677456,-0.223878043917236,0.322816055173011,0.605893570849589,-0.240789670829654,0.129489202304769,0.129317291336157,0.113274970617271,0.285332451442404,0.27061376672903,0.162767429367411,0.330428333058137,0.146762875960916,0.12453225402945,0.787641326415416,0.364247508451943,0.65762969185928
-1,-0.5,-0.2,0.25,0.7,-0.693147180559945,-1.07113334835699,-0.472699090390987,-0.187026482738143,0.0811798980125562,0.543363963420424,-0.367412179654433,0.143480281308027,0.137446690943778,0.150184691898868,0.259886630345714,0.240598078136368,0.174280277508356,0.406043846918915,0.152430828865709,0.163650021730515,0.703930087926671,0.330688679010901,0.735230782647629
-1,-0.5,-0.2,0.25,0.7,-0.693147180559945,-1.106805339855,-0.337524013726221,-0.146993168612513,-0.326398522934814,0.38312380381436,0.218287236952841,0.137386836069188,0.136896841620283,0.133142718183611,0.243126244909385,0.250492696574294,0.19503721853163,0.23844098475552,0.147909033093948,0.142821316228802,0.548355860229801,0.335712067903521,0.533354522508454
-1,-0.5,-0.2,0.25,0.7,-0.693147180559945,-1.43905468255122,-0.73209812485129,-0.266236234208354,-0.753888000413922,0.304212307126468,0.614005878244023,0.115478197728969,0.117198606121136,0.107557315350377,0.190692068889017,0.189872116539351,0.189043977574806,0.176091737326386,0.121809412298607,0.134327119308983,0.684713986784729,0.313358267204983,0.65308752517129
-1,-0.5,-0.2,0.25,0.7,-0.693147180559945,-0.374667330169823,-0.653506766921266,-0.61777182167955,-0.113774133985865,0.325779155746621,-0.784883008117921,0.191211758445193,0.182215054168568,0.17053447161604,0.245968725800848,0.242197807412774,0.217261568515492,0.697601623979685,0.219731933647579,0.192528154875371,0.682590416973263,0.341458378842701,1.06464208775287
-1,-0.5,-0.2,0.25,0.7,-0.693147180559945,-1.44482814798266,-0.485757328685421,-0.468341227056869,-0.983594152995509,0.642819647311286,0.733405247045345,0.136323729088442,0.129222371964063,0.121500231182384,0.188887101166129,0.195981095430968,0.191158171972552,0.173965758904635,0.137041679911018,0.112086005383042,0.48472490778973,0.220260647169714,0.507930734973241
-1,-0.5,-0.2,0.25,0.7,-0.693147180559945,-1.289586991978,-0.727073694560775,-0.324905660892578,-1.22082685584851,0.581484221676187,1.13475606365457,0.107399718648424,0.105725501936326,0.0894065419898922,0.178994944112129,0.179903682740873,0.176219426756128,0.118376555806005,0.1148636702351,0.110090145522557,0.86994163828444,0.274859275571246,0.793073868984421
-1,-0.5,-0.2,0.25,0.7,-0.693147180559945,-0.631550164114628,-0.762379426314055,-0.219253591844119,-0.0262976582542401,0.471511188459665,-0.591528292665254,0.170475169878259,0.180149963829693,0.175629273080348,0.255307897155739,0.245722314248316,0.188811641655464,0.706746191503705,0.210833126989202,0.177121914783126,0.962921074574035,0.462538580279336,1.17959964211255
-1,-0.5,-0.2,0.25,0.7,-0.693147180559945,-0.67621214072429,-0.562113865240074,-0.330670589807355,1.05379593045353,1.38851721756046,-0.859517332531321,0.14184610811564,0.136817125134785,0.129410099252252,0.448722196400294,0.459541215359777,0.151972742690745,0.533772175076878,0.167794342427859,0.141848987249872,1.08046804669303,0.790195034522298,0.751825789028343
-1,-0.5,-0.2,0.25,0.7,-0.693147180559945,-1.46534224387785,-0.512694312549575,-0.271430420186153,1.1486932482542,0.731686665471455,-0.45931459872108,0.118239384398765,0.116234623112314,0.113853876235689,0.463436486911302,0.443665916000228,0.136027146427901,0.388408513769642,0.126014131448678,0.129138483919237,1.64239312602638,0.945875717982584,0.706679991307903
-1,-0.5,-0.2,0.25,0.7,-0.693147180559945,-0.86892165201011,-0.108184473213106,0.0369261149018815,1.55363424803474,1.45291535646741,-1.41998264616201,0.150420670398879,0.154846770266987,0.137237696212099,0.569082359638289,0.471371375400131,0.148256684787696,0.726800211239416,0.180559864091957,0.14712199442215,1.05893354285083,0.76354379731268,0.835806215981545
-1,-0.5,-0.2,0.25,0.7,-0.693147180559945,-0.663269938827545,-0.602551139304762,-0.133828040682229,2.11312892853768,1.27673509846945,-1.43107388560628,0.133167611559347,0.137587473050906,0.131075298566264,0.737731862126161,0.689166479395581,0.138142803307235,0.715408181280129,0.172414069521376,0.134217649901672,1.42519235707387,1.18473837874267,0.828792202541604
-1,-0.5,-0.2,0.25,0.7,-0.693147180559945,-0.550670555126735,-0.528611096610621,-0.40334563680352,0.45015089344287,1.01213110445437,-1.39540156232181,0.175852742306237,0.17204765130354,0.18944608249346,0.374115134961749,0.358694503598817,0.180391669863486,0.861725385082871,0.189530598126406,0.173476793320252,0.78852687324217,0.586061879865601,1.06427683304926
-1,-0.5,-0.2,0.25,0.7,-0.693147180559945,-0.644633495015836,-0.396473305219154,-0.166311587535565,0.348311059938305,0.267568128313662,-1.05162176101229,0.157969554759796,0.155195321650596,0.149119452752171,0.296168607371009,0.279582184396065,0.18562985583857,0.809827393419567,0.18885869749198,0.161863040446735,0.911548367833952,0.383143297204113,1.20134242283585
-1,-0.5,-0.2,0.25,0.7,-0.693147180559945,-0.0631711020401606,-0.00585725949962034,0.0644671171487406,1.11774677064943,0.648179841242606,-2.30517029271081,0.171173972340943,0.171453669436316,0.1803525128188,0.413483267133782,0.402987379879265,0.172974738131102,1.96891037161726,0.238291087931747,0.190936199943276,1.19975068016554,0.668255601782981,2.21442326316002
-1,-0.5,-0.2,0.25,0.7,-0.693147180559945,-0.660029242747065,-0.619680343020207,-0.153576834753344,1.22440608962981,1.4017704138522,-1.1408875820892,0.148319589668403,0.145395980614394,0.136519060282454,0.513282229438147,0.491176167511167,0.151117909373067,0.619922776501215,0.177234085334981,0.137759409579002,1.04177473883599,0.828419817715607,0.782425233319874
-1,-0.5,-0.2,0.25,0.7,-0.693147180559945,-0.499525074134278,-0.598374348769738,-0.44291643492817,0.336901654838799,0.527859211783753,-1.157417384561,0.163931836282083,0.172477586901201,0.164058282122957,0.287217661411225,0.272850300171667,0.181434909534326,0.761563474261535,0.198991343394078,0.168572632444319,0.652315853842925,0.377385679228925,0.991003671592735
-1,-0.5,-0.2,0.25,0.7,-0.693147180559945,-0.974497734196074,-0.534635912057987,-0.114882004551048,0.0888026974562173,0.541417529600554,-0.714713977108349,0.157449787098841,0.165917369663061,0.154736181053589,0.260930019438029,0.256781884019357,0.181089223051692,0.533647135131722,0.225423509675067,0.159762227659518,0.655583393305057,0.346476036169691,0.848395319871896
-1,-0.5,-0.2,0.25,0.7,-0.693147180559945,-0.142732724425085,-0.370900920338659,-0.270465046297475,0.741841115605185,1.06425016497641,-1.69035644121899,0.172838720721746,0.170660239076806,0.163462527678987,0.385305789237452,0.353554403357325,0.169284400163538,1.1473365670888,0.218026436100507,0.163908204168403,0.728203589762439,0.513573041699728,1.30974128247523
-1,-0.5,-0.2,0.25,0.7,-0.693147180559945,-0.9943326354144,-0.194058342702231,-0.0996470675349058,0.767673158201498,0.285179356179723,-0.860409667271931,0.149804030899909,0.153392923367882,0.145328063604732,0.353796739711722,0.335508604076068,0.159075222104459,0.657384451228791,0.204905453648996,0.148099838428309,1.12818326140474,0.482073500855227,1.00470952978341
-1,-0.5,-0.2,0.25,0.7,-0.693147180559945,-1.15917087089677,-0.642222093975446,-0.237934625542998,-0.88874150693761,0.157689303177508,0.887790063536272,0.103926226443439,0.103760675957685,0.0976232718427708,0.182670846052888,0.189997016102134,0.194642157688702,0.144402631666307,0.11807431109337,0.104314197991754,0.655722161902561,0.262311502987494,0.652120842052358
-1,-0.5,-0.2,0.25,0.7,-0.693147180559945,-1.35398301559703,-0.611936601786219,-0.160406043865338,0.0126308502073073,0.311320099239799,-0.436453476586443,0.163079978306417,0.169194429502008,0.15754416122427,0.255771986926811,0.246443467390468,0.18705489119604,0.481498874059136,0.19005332410964,0.18388706460803,0.664349399820022,0.35051838447331,0.792286383371803
-1,-0.5,-0.2,0.25,0.7,-0.693147180559945,-1.64634680458296,-0.426868538260095,-0.188766094751015,-0.386020316377519,0.882167072753333,0.268088342436624,0.143371986630509,0.125394084830106,0.134628740693372,0.239555144191223,0.243382381555111,0.176174478998122,0.209769368772202,0.135245192413221,0.1491713160044,0.578873799627345,0.345311480131528,0.485910684749611
-1,-0.5,-0.2,0.25,0.7,-0.693147180559945,-1.02371434324739,-0.298515720517323,-0.141891374643346,0.396517687873779,0.337671653171502,-0.815228247627665,0.149373643157491,0.1570443864958,0.156755474220526,0.316738088995106,0.309334042323362,0.173696727042759,0.565505867389722,0.204705564972406,0.159753362071531,0.973012364092922,0.542401813299799,0.925620387836509
-1,-0.5,-0.2,0.25,0.7,-0.693147180559945,-1.19419201861599,-0.617302180664443,-0.12713408811307,-0.474999912661312,0.619259576560142,-0.10803974999431,0.165590068745568,0.155150858354731,0.135403857014563,0.226083094843707,0.234194576802611,0.2048643166625,0.362297454571181,0.177508502027919,0.141287360797532,0.694278584358308,0.3121848280703,0.807361781496711
-1,-0.5,-0.2,0.25,0.7,-0.693147180559945,-1.42038734778698,-0.301624148104243,-0.0840090741712087,-0.184312439857095,0.59355346575216,-0.0436764612957068,0.138053599188511,0.147173469672303,0.139187286736159,0.267987029425102,0.280712732382983,0.180378701837955,0.261616528923361,0.192299849605,0.163668092978601,0.673473485511676,0.409901060279511,0.571244966422017
-1,-0.5,-0.2,0.25,0.7,-0.693147180559945,-1.28443923393393,-0.472425125880491,-0.421066277387613,-0.0334390502901334,0.502423273232939,-0.0632663883879692,0.134431919696634,0.125051574551565,0.112836225373453,0.26974410931145,0.263400101512905,0.178478699386641,0.253974997780215,0.139333708321175,0.132925407770786,0.58496259275737,0.351067803316042,0.51172793288913
-1,-0.5,-0.2,0.25,0.7,-0.693147180559945,-1.25331245929432,-0.337946876597759,-0.346845020968592,0.190044178016785,0.426510985765487,0.173989345009072,0.111945211144181,0.114412466346269,0.10125501116273,0.285360931080748,0.268857788808911,0.15997638449455,0.202597841653392,0.123008089695438,0.118207343315418,0.559628393224818,0.384986677524235,0.422290044168601
-1,-0.5,-0.2,0.25,0.7,-0.693147180559945,-1.02040035157476,-0.463510679276915,-0.604605074721899,0.428745308681368,1.07657522869648,-0.811280135856969,0.170035669648678,0.176277159276826,0.154262735985582,0.347909933185248,0.302669465956915,0.170947966269164,NA,0.190904199655115,NA,NA,NA,NA
-1,-0.5,-0.2,0.25,0.7,-0.693147180559945,-0.617633349435974,-0.854734900842414,-0.266087701326687,0.381439716934123,0.893801184911194,-0.800373649087626,0.188419411623069,0.170606454930732,0.155641583576335,0.321329497715611,0.325204695797921,0.181512214162137,0.6301323155496,0.202211042990163,0.15843874684618,0.772572583682062,0.450312324801773,0.92556865644778
-1,-0.5,-0.2,0.25,0.7,-0.693147180559945,-0.920048116491883,-0.150809664766838,-0.540918691196626,2.12964211850435,0.997224577696755,-1.05579986230137,0.12290133368203,0.127515333000444,0.14374446462374,0.73452168107634,0.574668512291875,0.122191461328674,0.537752995672024,0.163893895899343,0.162656198828504,1.9945427132937,1.14160714853661,0.698418995134471
-1,-0.5,-0.2,0.25,0.7,-0.693147180559945,-1.31045253175954,-0.868865005005894,-0.538903014622126,-0.163802024097911,0.795361638480211,-0.105019323824715,0.175230423215527,0.200506028388996,0.140733686122944,0.268340677117075,0.251503042563805,0.176168536788162,0.36892072966543,0.210641655882873,0.189343379547291,0.953518555087348,0.546734256103088,0.786908653321534
-1,-0.5,-0.2,0.25,0.7,-0.693147180559945,-1.24064231173312,-0.219558897991661,-0.0512528923771407,-0.196106326058925,0.849604003561161,0.140955424441764,0.126682494872947,0.157402255798832,0.118317176817851,0.269035971295578,0.2444419028514,0.165838355573864,0.233593404950358,0.167686859835896,0.126914559718777,0.556880619487866,0.283835096297635,0.49376242315679
-1,-0.5,-0.2,0.25,0.7,-0.693147180559945,-0.867442445720365,-0.505410517557622,-0.212508587440742,0.834121195003122,1.26240890437979,-0.814836551191775,0.159275378350212,0.180225937168479,0.136594840080511,0.438923294631958,0.344220815077457,0.135077890116373,0.586516646728399,0.261883913755718,0.14319142660607,0.90633107073048,0.449325905963506,0.876915529995785
-1,-0.5,-0.2,0.25,0.7,-0.693147180559945,-0.844293296520848,-0.340616798028476,-0.609526873453587,0.138200772102113,0.0868555193388045,-0.736650795083578,0.155094907328632,0.143936963078099,0.170926783222854,0.275504471679811,0.274633061610974,0.189495567394693,0.678407945425109,0.176286995659892,0.196316911025883,1.0000454467896,0.34059104117361,1.18738630955757
-1,-0.5,-0.2,0.25,0.7,-0.693147180559945,-0.224379011833785,-0.47742260784145,-0.164675420859796,0.493833602403189,0.899605411781829,-1.68672716723983,0.180677017865955,0.180299593162927,0.18817626436488,0.324907387462189,0.324610956327408,0.182134719403995,1.2439673517772,0.243936070258817,0.246662939721574,0.798317870453129,0.633101945015606,1.49257152742523
-1,-0.5,-0.2,0.25,0.7,-0.693147180559945,-0.596745480280338,-0.420701747068688,0.00044632882323811,1.32081147291581,-0.0346291546192262,-1.2641389497026,0.135244707652226,0.136443289919963,0.140504317049181,0.424743605890602,0.419782590172895,0.147695210742793,0.723348864169739,0.15336817729985,0.14320478291753,1.32163017536471,0.64484708506955,0.966550355567029
-1,-0.5,-0.2,0.25,0.7,-0.693147180559945,-1.51174250885909,-0.361434466308435,-0.247004921870705,-0.157143647092896,0.538316555157191,-0.0479552259448066,0.128143367234796,0.131911629864806,0.116837765477036,0.235049903170837,0.224000181314594,0.17420580453911,0.240327343703915,0.133367819773022,0.123898186879404,0.397502315465047,0.244278173261166,0.423521144454585
-1,-0.5,-0.2,0.25,0.7,-0.693147180559945,-1.23057552529185,-0.690272188421324,-0.244493828663857,1.08538870488379,1.61151572797021,-0.728489554223718,0.141352279095131,0.143094592329411,0.120258741369229,0.507681956409665,0.460183944379089,0.131735331790666,0.440433443949876,0.173994038402663,0.121219583569346,1.06838167422324,0.816296478654167,0.611248279461657
-1,-0.5,-0.2,0.25,0.7,-0.693147180559945,-1.0746124100788,-0.520727827404342,-0.011586293591637,1.01568479394752,0.989058193044746,-0.697970773270771,0.13006861559055,0.13074654984128,0.119134812686621,0.438179062659876,0.399835123160718,0.147011932999522,0.437363800861477,0.159192293473246,0.148111840793723,1.12555381008318,0.707526112861617,0.674922322986317
-1,-0.5,-0.2,0.25,0.7,-0.693147180559945,-0.921724741014495,-0.498614686855433,-0.17063704124006,-0.0686371333572232,0.801890409457041,-0.616799082675933,0.185487624891778,0.18967504047663,0.177754011502831,0.254856500356787,0.245458389196531,0.186347175074365,0.523183467524372,0.212911192794224,0.180688764767267,0.612231470679302,0.369148811128552,0.794651524572635
-1,-0.5,-0.2,0.25,0.7,-0.693147180559945,-1.16543687389024,-0.445786475281903,-0.316945630532691,-0.466893468536791,0.1022790138849,-0.051200093044894,0.146931514528387,0.159836275264475,0.171676197505361,0.213729722520063,0.217128822320933,0.202589969989194,0.283971133029561,0.170854684002587,0.175992788264516,0.502119264655024,0.266794392583485,0.588808072128753
-1,-0.5,-0.2,0.25,0.7,-0.693147180559945,-1.24073830227404,-0.50540408960533,-0.0835723043018078,-0.563644702652809,0.236008350930619,0.0144816008773171,0.160146175190982,0.167151732636169,0.183196535694272,0.208350963345875,0.204037542362494,0.21743936799698,0.326888270808213,0.174575482927311,0.19457620245388,0.597754377443884,0.271930750449673,0.722456633977107
-1,-0.5,-0.2,0.25,0.7,-0.693147180559945,-0.976348958556569,-0.464083069604252,-0.0871504513713881,0.0943084993056863,0.355555147716002,-0.487086058712876,0.154875882388271,0.16276940562052,0.155156038881845,0.272086807226381,0.277978970010174,0.181418305746438,0.41867250952253,0.187646122690878,0.177819811231629,0.589041776091328,0.454646039418051,0.669565877604997
-1,-0.5,-0.2,0.25,0.7,-0.693147180559945,-0.678306373279247,-0.734901003714329,-0.212362076903434,0.354451507540922,0.771995129137262,-1.03746579402477,0.182783140011824,0.200773923543011,0.221161216044594,0.304649986164523,0.264805456236774,0.17892320016588,0.914839967027564,0.232831075143699,0.181417705351035,1.1829517520203,0.506063164821371,1.38803561830658
-1,-0.5,-0.2,0.25,0.7,-0.693147180559945,-0.833528359920558,-0.658067087752891,-0.0578928587900563,0.908043313913841,0.908574103048448,-0.913034450069361,0.144538253519377,0.139158031478363,0.136988413744998,0.412690244872155,0.415832789604656,0.150857174953845,0.673446289041482,0.161387650854661,0.168244142175079,1.67697288836332,1.11028549770568,1.05444218254059
-1,-0.5,-0.2,0.25,0.7,-0.693147180559945,-1.18736019602212,-0.355311147755047,-0.518341478940833,0.31308659843265,0.696153332441292,-0.65043242820568,0.145200058732529,0.143628780808539,0.143032166247965,0.285039035168836,0.27134307126286,0.171605075670386,0.503438498295422,0.183858179505116,0.176526109596197,0.702023218380857,0.342028848697931,0.802223653062881
-1,-0.5,-0.2,0.25,0.7,-0.693147180559945,-1.57714634105024,-0.52898090214884,0.114321695625897,-0.114785298854859,0.843740024483847,-0.0700121513106958,0.135553030547313,0.14708688576408,0.152554520924739,0.26926279889022,0.263055256804363,0.16884529067932,0.271678295414788,0.178590902019756,0.1816738674277,0.504657753426323,0.335796058649246,0.536304415597169
-1,-0.5,-0.2,0.25,0.7,-0.693147180559945,-1.56485425631004,-0.281068638473982,-0.175076223022757,0.598166360434194,1.00937183534639,-0.250471581462089,0.128375546175775,0.131209952834422,0.102326543587103,0.359390848206459,0.32550276233494,0.150054741083147,0.321638051209838,0.14568837208685,0.124159056008834,1.13502499358177,0.670592376025152,0.63501920084874
-1,-0.5,-0.2,0.25,0.7,-0.693147180559945,-1.04341018176,-0.92074759015815,-0.332048075243651,-0.0165214599265789,0.485430072306359,-0.220115331727082,0.167375968040047,0.162245002821302,0.146016496983586,0.255865105460874,0.255736733348114,0.186312099619092,0.364718020307536,0.163320672658828,0.141522246734569,0.645254216883381,0.320304115733136,0.672427895100694
-1,-0.5,-0.2,0.25,0.7,-0.693147180559945,0.334091080504459,-0.255403189467121,-0.351949434408766,1.47657897130753,0.710077227034979,-2.75328923751078,0.16545911601987,0.155168671806622,0.169716421231324,0.496358943526184,0.481317953942387,0.164949833573718,2.00136642790574,0.203788821009309,0.173989257466398,0.972608786489094,0.819705610496516,2.08020645501327
-1,-0.5,-0.2,0.25,0.7,-0.693147180559945,-1.38092411126995,-0.60685309209777,-0.102324171937883,-0.0316117372349855,0.740870970948432,-0.0738030622278917,0.134246132364319,0.13327390572753,0.124492675679525,0.267005553724971,0.264744373891992,0.17118207432976,0.270249888344014,0.157368926138629,0.151290156738418,0.601487277423651,0.389252558451568,0.54319713858685
-1,-0.5,-0.2,0.25,0.7,-0.693147180559945,-1.42729215256559,-0.342402546890252,-0.152249610658754,0.18548532862458,0.301054609315905,-0.0344064756789102,0.12112098842609,0.113252673790145,0.117125792120865,0.276336148317223,0.300582238216104,0.16838302776171,0.243527914681705,0.134318747045906,0.148612395660882,0.607868733524925,0.4353880365393,0.495641900196492
-1,-0.5,-0.2,0.25,0.7,-0.693147180559945,-1.10385118422635,-0.592056817924318,-0.119303692016972,0.253598612670966,1.23055755151001,-0.457341249046474,0.153447962674517,0.156212887584175,0.134808145103774,0.34947126629662,0.346833513411544,0.145512800824635,0.405351332588618,0.197327871472414,0.149979732556093,0.884926755414642,0.548345939140551,0.728719545802374
-1,-0.5,-0.2,0.25,0.7,-0.693147180559945,-1.49816643842697,-0.407510060304187,-0.0335352307989436,-0.589979451438683,0.372839184987581,0.26792125279078,0.133466688926564,0.129717844299247,0.136262040533892,0.207438445476551,0.210938554465258,0.202085045269842,0.255860048885479,0.161318339558265,0.166958397534571,0.784117449980781,0.247131391483128,0.835085446902953
-1,-0.5,-0.2,0.25,0.7,-0.693147180559945,-0.559047694740242,-0.668274294663429,-0.156745603665169,1.60643965334511,1.91148136721811,-0.891013565452372,0.14774839822543,0.155047654674865,0.140779577263907,0.668657423230123,0.623449255666361,0.0595167992942786,0.522486182014901,0.189731191756928,0.175555338693291,1.55980959656782,1.22846667642168,0.707140741346346
-1,-0.5,-0.2,0.25,0.7,-0.693147180559945,-1.28862207100743,-0.535074351486062,-0.207680290639894,-0.18045639852814,0.597625707172907,-0.0879391552072618,0.143095158840842,0.158765860518388,0.138516776442712,0.245591948915824,0.24113409794891,0.179214725773468,0.52626853218296,0.275919610778355,0.216226964538874,1.38954727569406,0.69363476991533,1.20188918079285
-1,-0.5,-0.2,0.25,0.7,-0.693147180559945,-1.04418629056197,-0.191747690757532,-0.277118237247512,-0.0788949651716656,-0.0156829620927342,-0.594743691410106,0.155457305182944,0.162312035173441,0.149670645337193,0.242183328957311,0.252585539389788,0.192140297367401,0.505433852331215,0.202087142217365,0.192183710369717,0.619689963002714,0.267763627178913,0.842009394228999
-1,-0.5,-0.2,0.25,0.7,-0.693147180559945,-1.13705346857219,-0.717784308486549,-0.271274547115333,-0.829586027876769,0.549034168269029,0.542598407566377,0.13359821086652,0.118827422066983,0.121392773795351,0.192123503850286,0.207519643933062,0.202491294409426,0.198202791691656,0.149530651065664,0.13146319017508,0.513754625964773,0.248133747291913,0.568438791810303
