"V1","V2","V3","V4","V5","V6","V7","V8","V9","V10","V11","V12","V13","V14","V15","V16","V17","V18","V19","V20","V21","V22","V23","V24"
-1,-0.5,-0.2,0.25,0.7,0.3,-1.14785027441011,-0.471189739913638,-0.330998263127121,-0.193598306723433,0.832447003980016,0.921078568405094,0.0759765539105512,0.0740923303450858,0.0678864375705286,0.197424223760758,0.187864031677075,0.118926176981721,0.110476906219863,0.0841662467874289,0.076871733851293,0.626465240110877,0.278266317071219,0.457596870123161
-1,-0.5,-0.2,0.25,0.7,0.3,-1.44107169897077,-0.270993235846569,-0.265285597593396,-1.3168267278762,0.11146104493004,1.68787363901031,0.0650836684410038,0.0739254774269506,0.0578296239646283,0.112523353882528,0.112857424228994,0.125083058113408,0.0691205411340532,0.0756478333033763,0.0717218252491505,0.702806715337056,0.16932636992301,0.674998794412179
-1,-0.5,-0.2,0.25,0.7,0.3,-1.11647568755746,-0.653608754111609,-0.263014030046468,-0.157201409913948,0.741370960296907,0.707048789219521,0.0915308893611771,0.0843131962118248,0.0808407806478109,0.202739381201991,0.19840639738601,0.116593279835341,0.1183082671643,0.0824956696044742,0.0834956592977013,0.619827832209237,0.306295930677163,0.406451264419625
-1,-0.5,-0.2,0.25,0.7,0.3,-0.921764372324154,-0.533145528985038,-0.368317585678484,0.684770948226364,0.67527029316813,0.127444840288903,0.0856085547928119,0.0770702562599515,0.0874930845844981,0.281017586996885,0.259595120421787,0.098279027144839,0.206101192960831,0.091147828504067,0.0961231943829944,0.703425229721158,0.380092872977785,0.452089907641113
-1,-0.5,-0.2,0.25,0.7,0.3,-1.02603523458903,-0.497193166272114,-0.220945895873309,0.0592838505420748,0.330351984112009,0.122079822323779,0.100914758644096,0.095027539853157,0.104405080146221,0.19466045284871,0.188654674813245,0.126249244961633,0.234393502780061,0.106581342206293,0.100429523116081,0.69233373065274,0.286381528360107,0.583610078397448
-1,-0.5,-0.2,0.25,0.7,0.3,-1.21602935213359,-0.341434508677446,-0.225972623483943,-0.303933944855324,0.669716192608647,0.7234572781598,0.0754258482026767,0.070711412903144,0.0630967843739712,0.168912861078719,0.166061940670647,0.120693391953232,0.104832216757758,0.077042244974258,0.0690608336565175,0.525335048420205,0.251450123929723,0.38331726132932
-1,-0.5,-0.2,0.25,0.7,0.3,-1.09051158184131,-0.446255314226257,-0.240898052001041,-0.375604347911084,0.211817091688046,0.721139301709935,0.0772471445417198,0.0789816449702332,0.0699769613360269,0.157459251647311,0.162222427169604,0.135224914366088,0.120988664728373,0.0849976008484177,0.0761492960346856,0.559684119297418,0.214920675227858,0.47816925391626
-1,-0.5,-0.2,0.25,0.7,0.3,-1.14855008404125,-0.402816679259751,-0.148361307291261,0.410109382051319,1.24764342553033,0.373025327982245,0.0772919572935296,0.073328454889814,0.0622427254805438,0.268396483430448,0.236173565671619,0.0919843928191948,0.133768064498088,0.08789650895985,0.0641878687418747,0.569367454502822,0.364288231661364,0.309064346405445
-1,-0.5,-0.2,0.25,0.7,0.3,-1.14518014452675,-0.566232083708693,-0.246566103582405,0.393184086713001,1.12584115695542,0.380093156675051,0.0842712281204345,0.0845327035282999,0.0633365713376411,0.246180793420966,0.221526118252059,0.0939998682243723,0.135226356274023,0.0966424220226026,0.0739651958100468,0.478717878941007,0.306370863807695,0.291026967787936
-1,-0.5,-0.2,0.25,0.7,0.3,-1.06593207164269,-0.416607327868175,-0.402461777159777,0.07453909122853,0.817778204573177,0.454367902916324,0.0879684954365149,0.0919001876557694,0.0797695562327032,0.209374082555047,0.207176162553207,0.105540659687308,0.149023582206185,0.108375926617787,0.085384977548238,0.58387840947889,0.342716909938056,0.394305496114603
-1,-0.5,-0.2,0.25,0.7,0.3,-1.02235262414247,-0.52831734310451,-0.323046553372517,0.322764840245371,0.947235204647714,0.359798790940274,0.0982852810522696,0.0960590875866115,0.082189584010044,0.254602274864344,0.224029987800277,0.0994140157910262,0.166824307013278,0.0994419954012212,0.0750347944693714,0.641343877212743,0.337139629816376,0.401097701434391
-1,-0.5,-0.2,0.25,0.7,0.3,-1.15746378855458,-0.532487909471562,-0.172947132561825,-0.0689982355065543,0.197909237562051,0.63237448070829,0.0709290360601685,0.0700656281251896,0.0720279502025339,0.175170351288568,0.175999516434992,0.120160453680773,0.11404181209947,0.0732601380979794,0.0724483818311356,0.421519195943524,0.236691161336304,0.338262493449395
-1,-0.5,-0.2,0.25,0.7,0.3,-0.998548180919952,-0.465097964479509,-0.16852078531193,0.231912867975077,0.34061865157433,0.247907156611876,0.0839125989454908,0.0808924067687772,0.0723483714743017,0.202948384227688,0.195417382604657,0.115492286747751,0.160400478628335,0.0852789799500701,0.0714538597757845,0.539078970620721,0.276799041353324,0.392553140428271
-1,-0.5,-0.2,0.25,0.7,0.3,-1.16807188713633,-0.389793299407756,-0.134380891271909,0.254925245364025,0.317109009769489,0.370512980306051,0.0814865413229819,0.0838636773446843,0.0734416745890782,0.215349971753123,0.2049527920357,0.113445743058605,0.161492410255521,0.102872053175782,0.0766120718827052,0.718504950238532,0.32554582630097,0.497065609369688
-1,-0.5,-0.2,0.25,0.7,0.3,-0.611249862651005,-0.626419415305613,-0.108910079492629,0.488593384122384,0.790474490060402,-0.240400114957618,0.120810088361406,0.117035122314234,0.0964387314762084,0.243243411499807,0.226517978040747,0.110235308520039,0.317179070130258,0.138348541753311,0.0966044308802816,0.528080042995732,0.332539828940272,0.529558207855155
-1,-0.5,-0.2,0.25,0.7,0.3,-1.23114213723191,-0.51996534155248,-0.0792447816772686,-2.16103632275262,0.508110642294466,2.38673927014886,0.0688645429045559,0.0625252630976363,0.0478110672488052,0.101629479896782,0.104151827814832,0.103735394790442,0.0638108328106901,0.0621854146151836,0.0464066018067179,0.76644038462511,0.155181997785175,0.742858816210635
-1,-0.5,-0.2,0.25,0.7,0.3,-1.05580387158539,-0.44738099999353,-0.171086081308404,-0.232224202302846,0.25034728524624,0.742686370553101,0.077675682802795,0.0800096423806374,0.0732891724354491,0.16530271464722,0.160892261469297,0.124462981957588,0.117866947919621,0.0817858191424711,0.075225551692788,0.483265219393544,0.211036407669504,0.394885123626718
-1,-0.5,-0.2,0.25,0.7,0.3,-1.09141428678881,-0.611868474114386,-0.183884754031916,0.727590000274949,1.13016564663932,0.266992979116845,0.0822666430771565,0.0743961659151346,0.0650060642916958,0.307215348255769,0.274668373215187,0.092823546719654,0.139491949117537,0.0878817425075764,0.0628945211296533,0.621825036576806,0.432506900616604,0.303830601076818
-1,-0.5,-0.2,0.25,0.7,0.3,-0.810445191075791,-0.414082355941024,-0.247739173567286,0.898171062856886,0.494311573213007,-0.126187103061351,0.084849388673107,0.0859040485736721,0.0783859047080005,0.271708214708811,0.275274197687329,0.094107197188748,0.262131520454098,0.107702339761812,0.0943992901013423,0.830689707771791,0.574101038906462,0.484841363666627
-1,-0.5,-0.2,0.25,0.7,0.3,-1.10154644269609,-0.467009363336994,-0.280246825747917,0.0644841224928905,0.424242705124461,0.649007068984169,0.0777790687823226,0.077492057499521,0.0767881080915509,0.195043297458285,0.191299904952694,0.116662557387768,0.122161042355584,0.0831222699939999,0.0810739555700787,0.46209610002597,0.308585000325568,0.335244858947285
-1,-0.5,-0.2,0.25,0.7,0.3,-1.28023164513703,-0.434593422033985,-0.151874726878594,-0.980234510546798,0.460230315763273,1.32114850514403,0.0722737022734961,0.0918033169374227,0.0621398564812392,0.127050350626476,0.127862793660797,0.130335149592367,0.0869422282515348,0.0924256962025454,0.0618376804331424,0.561537827928569,0.192544882525068,0.503486796714905
-1,-0.5,-0.2,0.25,0.7,0.3,-1.04029479195998,-0.367231751147193,-0.413785616238568,-0.939434068076783,0.239452561924547,1.13334507715767,0.0928380372364441,0.101334768282666,0.119134004335616,0.129780605363371,0.131145546999676,0.138476206906803,0.103125159492639,0.0961647954317591,0.102474921647999,0.614379648518162,0.20088806443459,0.575486648373305
-1,-0.5,-0.2,0.25,0.7,0.3,-1.1175119474165,-0.298269410713491,-0.291342011386306,0.377537096360601,0.443351525846308,0.409755142319368,0.0737243728615607,0.0714709801724847,0.0690609064219672,0.228955562021457,0.218547217227087,0.105500375706182,0.136776449808433,0.0807655223928096,0.074535137757463,0.55959067515685,0.296995908359625,0.363762103185746
-1,-0.5,-0.2,0.25,0.7,0.3,-1.15760808396757,-0.476093986387435,-0.139004404851016,0.00450022999021576,0.426762038628424,0.519330091410328,0.0784157959490897,0.0739612491379124,0.0664525718688119,0.1857646578989,0.179909445207389,0.117931024948682,0.161586405773305,0.0842799334206441,0.0833210314373289,0.908618615601488,0.356042033027995,0.616465583236731
-1,-0.5,-0.2,0.25,0.7,0.3,-1.04994361346699,-0.73030521270993,-0.34820032912048,0.160311369219122,0.947424594722401,0.61142725416541,0.091853837432166,0.0882473660344507,0.0639852955955742,0.219030189719207,0.198916699332891,0.101811126663797,0.121496753266973,0.0984638300517502,0.071508709637056,0.563934756166248,0.33975186868548,0.34342320260219
-1,-0.5,-0.2,0.25,0.7,0.3,-1.12265889726105,-0.418785279275604,-0.200065033527631,-0.177578047947367,0.365701837848688,0.714166815476608,0.078470707918204,0.0806657629691391,0.0721303366811277,0.179556726530292,0.187381914955688,0.12856524731953,0.13724370347188,0.0963545787600409,0.0749183982447768,0.711738126338152,0.259071425560488,0.557086010017899
-1,-0.5,-0.2,0.25,0.7,0.3,-0.778218896343987,-0.625725994242517,-0.194835351395486,0.409617589342448,0.664372231385399,0.0671915215799141,0.0987309536669198,0.0971888555384147,0.0823503942831902,0.246147206488341,0.219261364174838,0.117109691017129,0.199699074942026,0.109540447537637,0.0956784448023822,0.638889712500135,0.350449696914279,0.43996487910677
-1,-0.5,-0.2,0.25,0.7,0.3,-1.12156852055545,-0.403779831603567,-0.152423083681357,0.21297279637182,0.367977652934277,0.342874606640193,0.0770059490947265,0.0733892199769244,0.0708316721566723,0.201812559615957,0.200194919448089,0.110339056579512,0.144745550477772,0.0786217801060499,0.0750325385559628,0.481112605687428,0.287632732063065,0.353977305444936
-1,-0.5,-0.2,0.25,0.7,0.3,-1.10482498049496,-0.764927260198056,-0.17176480124123,-0.842765540456929,0.461435977592349,1.22245959668852,0.0730467426488521,0.0709117601884429,0.0631263228241264,0.132092384326718,0.133490835883921,0.130209401820178,0.0855250537667332,0.0758831111232379,0.0658813314449398,0.439186636145254,0.186679528953513,0.404863328093378
-1,-0.5,-0.2,0.25,0.7,0.3,-1.06905488273311,-0.403654066270799,-0.159362687537638,0.295437370390732,0.7641204313761,0.565152600126507,0.0774928050961555,0.0724588498827509,0.066866940515937,0.261782005647879,0.233950791906348,0.102603559792674,0.125269341621778,0.0836125328398258,0.0773767330516207,0.542575474008765,0.313978755015783,0.34784251507385
-1,-0.5,-0.2,0.25,0.7,0.3,-1.01801200446643,-0.369211266887669,-0.243335396163502,0.0865920894925165,0.500979962633225,0.384683091440485,0.0852588820201968,0.0867533941304364,0.0798591660288887,0.196771056686532,0.189741324486999,0.117605355817748,0.16630086547995,0.0946076098728174,0.087597039148733,0.620700664104951,0.290797173373518,0.460029542054815
-1,-0.5,-0.2,0.25,0.7,0.3,-0.935561709046463,-0.365481630495698,-0.110527392150299,0.429502637694887,0.91886512254505,-0.117044531442523,0.099077583437142,0.105454674749697,0.0829736703140368,0.23277493956264,0.226954966773687,0.104835146121197,0.297244580617299,0.12252145329263,0.0944110302465544,0.811705605968208,0.449308703127084,0.602321824037478
-1,-0.5,-0.2,0.25,0.7,0.3,-0.876210029437587,-0.579104820988858,-0.0964133869723025,-0.24359595534135,0.544299791282218,0.57437304088509,0.101463983481315,0.100219061731319,0.0725374967638037,0.176696769700702,0.179101070428452,0.130290134157364,0.15724738904389,0.104874133176842,0.0783327388391398,0.598167534601916,0.291993977514983,0.486069096717046
-1,-0.5,-0.2,0.25,0.7,0.3,-1.08062593771448,-0.448775279812564,-0.261307394378213,0.455922538220711,0.56476580912943,0.232134552337598,0.0768346873769124,0.0784083157412803,0.0698560579377692,0.251242964605441,0.250809491605835,0.0995138697682666,0.193786205682397,0.0969273968433675,0.0841864933261607,0.823489622534629,0.449060938322216,0.506768905442623
-1,-0.5,-0.2,0.25,0.7,0.3,-0.987524167979877,-0.629899737605678,-0.282947393255896,0.278285447465842,1.01262963528741,0.543670252600146,0.0898892059996162,0.0792427349077292,0.0788815593535784,0.277164492924196,0.276048420365325,0.0911610478094004,0.146369952184179,0.0888548183988833,0.0864845154255188,0.567280650729445,0.443169599536522,0.334916099479676
-1,-0.5,-0.2,0.25,0.7,0.3,-1.05706097267194,-0.639890536813978,-0.156413947073123,0.213150506886226,0.95496932711959,0.5589906138903,0.086386804583894,0.0798885179369822,0.0608169484090465,0.236401989283623,0.231129173496875,0.101978766748115,0.126762989083983,0.102928620051768,0.0598546582255139,0.673523622017514,0.383911975361864,0.406982989569522
-1,-0.5,-0.2,0.25,0.7,0.3,-1.05076097469897,-0.50058913694453,-0.280856470440775,-0.350183416270246,0.36852368429741,0.65896561981862,0.0897139049602902,0.0931020418064108,0.0823382312388007,0.15641475610248,0.154925776957877,0.128583740662907,0.124731539655942,0.0947852330792128,0.0879285301471979,0.372631376444165,0.198788041935959,0.342932390422021
-1,-0.5,-0.2,0.25,0.7,0.3,-1.08620101615093,-0.533632662447433,-0.214339148051413,0.95334660141177,0.632344342090114,0.141288894537382,0.0784022797188751,0.0752419966913378,0.0795669735114074,0.313292476013534,0.294200141746646,0.0895833174817536,0.172304504952755,0.0869989934631251,0.0792765047703278,0.81201493651734,0.467180316838662,0.386290547430364
-1,-0.5,-0.2,0.25,0.7,0.3,-0.869058711196344,-0.45779836355599,-0.229453302502122,0.740187274355262,0.972690035013794,0.105667651601337,0.0879220013517533,0.0873323314809983,0.0722847521717674,0.294121916189245,0.259111676323793,0.0879148377906093,0.19699719139686,0.100463555510377,0.0780489908846339,0.697237131728684,0.425636734863029,0.401846286873301
-1,-0.5,-0.2,0.25,0.7,0.3,-1.00688977851954,-0.586701208592803,-0.26137392129986,-0.575233937897235,0.68592165363442,0.94815791263483,0.0926397119876683,0.0774327519288486,0.0760713903583184,0.14868371765687,0.16030249850925,0.127254293637491,0.113284473628126,0.0761910544849228,0.0794489362299178,0.42844421976782,0.208744660291391,0.392699682697343
-1,-0.5,-0.2,0.25,0.7,0.3,-0.806938825498543,-0.336266984051793,-0.159078104949616,0.561885401670393,0.597929112995881,0.013479594387319,0.0900416206554407,0.0813677629205336,0.0837430743029503,0.264630759270105,0.238378134124509,0.100840317731666,0.235885529959174,0.0925777950268984,0.085812588872035,0.772486067008952,0.424441297428294,0.499764044720293
-1,-0.5,-0.2,0.25,0.7,0.3,-1.11378713223361,-0.584023948155709,-0.148605670422856,0.305235999626145,0.39358677378815,0.535624040252141,0.0659963024861467,0.0709688343718431,0.0651211416831959,0.205482162425046,0.197223721234036,0.105378470373349,0.135698692195629,0.0745052642437665,0.0697131811526687,0.708738525119304,0.332458877911481,0.434535086854063
-1,-0.5,-0.2,0.25,0.7,0.3,-0.972902299716714,-0.701532810033723,-0.229335308871542,0.0143961833156319,0.6424717005648,0.33294716456739,0.0987920389309415,0.100199714634091,0.0877031482286103,0.19487377855637,0.188828856278942,0.118591354967508,0.164724500173585,0.104662254071882,0.0915703657272078,0.454012824753867,0.281776536164719,0.38867204820525
-1,-0.5,-0.2,0.25,0.7,0.3,-1.33487246548783,-0.459184554863429,-0.12467733882486,-0.588082161184095,0.586342617468159,1.13439066625504,0.077433570663639,0.0716370238686543,0.0694225314804527,0.159052383916596,0.167965294217806,0.129157811882558,0.0928913257771623,0.087258470319295,0.0791159021306638,0.576711579826671,0.265949358504551,0.495026869976183
-1,-0.5,-0.2,0.25,0.7,0.3,-0.208932749261348,-0.488542303875341,-0.170913082788145,1.45893713157053,0.904536163080174,-0.865117991837641,0.107406037200107,0.105883782889231,0.108189194966013,0.394810218510333,0.332985003679291,0.0851785925570627,NA,0.108939643523622,0.0923418309072816,NA,NA,NA
-1,-0.5,-0.2,0.25,0.7,0.3,-0.683480018727492,-0.521483680809851,-0.0529719609554361,0.374993983336488,0.223378919858717,0.117055253711629,0.0884624773725462,0.0885879759353078,0.0951709066045569,0.216563739893389,0.22901561959438,0.115264176581402,0.218964773945189,0.106684369266407,0.0954964210665161,0.5596201845971,0.340878648605046,0.459450011132508
-1,-0.5,-0.2,0.25,0.7,0.3,-0.954567620000941,-0.555239409904609,-0.333000763836572,0.529915916478096,1.44440722639552,0.381941500842009,0.0943284313130179,0.0914279719407503,0.0912141229104974,0.276979255613657,0.24999553965199,0.0996208472843226,0.142441860907975,0.0976013135624846,0.100864735187883,0.582799339970902,0.386810221098328,0.300914243264444
-1,-0.5,-0.2,0.25,0.7,0.3,-1.05133420717727,-0.572394576576812,-0.00806327685292074,-0.291535670830276,0.592257363646998,0.493300332279892,0.109460198384581,0.108898011893368,0.104526316112039,0.186403062496603,0.183856091020332,0.133571767913187,0.210765296297201,0.110301311335299,0.106560572932296,0.754863030446315,0.320821125437529,0.640163285121567
-1,-0.5,-0.2,0.25,0.7,0.3,-0.97123778562255,-0.415131100342192,-0.0971432722270821,-0.204023738069543,0.432248306447001,0.692422521249445,0.0834600808823873,0.0833051490443952,0.0777359590209745,0.181677550716613,0.179586370599143,0.131303646861211,0.144963464943892,0.0843712419085993,0.0796360808425795,0.551268830278295,0.251630566913236,0.476889236569464
-1,-0.5,-0.2,0.25,0.7,0.3,-0.80640699116739,-0.464480088184206,-0.119757948376816,1.65546687890923,1.43458444724912,-0.297257621642627,0.083489236374035,0.080600058732657,0.0774970687746121,0.484736583363878,0.421484508234883,0.0590235365271151,0.258347229523843,0.0984217384240717,0.0808196996793532,0.992953309017571,0.726404827987124,0.399579727401882
-1,-0.5,-0.2,0.25,0.7,0.3,-0.466612429670565,-0.374453726130748,-0.367867500569638,0.647669340933463,0.615824363944112,-0.586442537786402,0.114858676545199,0.112069834406586,0.115764672722642,0.273373744092698,0.265993410540953,0.1133957295044,0.43203503813872,0.127583044512069,0.116916205109566,0.753880986166316,0.488548609519526,0.653503730614188
-1,-0.5,-0.2,0.25,0.7,0.3,-1.14627075403343,-0.596995955757689,-0.309519958314388,0.374222608861697,1.13410146281027,0.474662025156005,0.0804241439799076,0.0811771665472214,0.0676654178559172,0.271785191179748,0.240322270700271,0.0908202857165328,0.128332814453412,0.0908455243024529,0.0716716785349141,0.576329203105715,0.376988005695261,0.313212154313902
-1,-0.5,-0.2,0.25,0.7,0.3,-0.905178633929964,-0.444822492705217,-0.288381376424212,0.959007018308923,1.08180600912433,0.0746699535244111,0.0801366537763601,0.0761302582379074,0.0734774495714361,0.353094516124933,0.314245744150835,0.0778492622948382,0.178144108409708,0.0926364257079073,0.0755849678054895,0.904011731684874,0.608523246056971,0.372117563946688
-1,-0.5,-0.2,0.25,0.7,0.3,-0.947325219805606,-0.340138193848641,-0.30737971458732,0.811324569971816,1.0590007371248,0.17862526242977,0.0843896936419689,0.0805249157209655,0.0636651289109037,0.349198121622795,0.289536308636501,0.0794927980487569,0.189268852029604,0.10361177996642,0.0681049581318486,0.770247990145563,0.476188452755497,0.398578418891631
-1,-0.5,-0.2,0.25,0.7,0.3,-1.20592085603241,-0.502705181398932,-0.198353603862929,-0.096556073141055,0.544348477665334,0.542236325855755,0.082895215723221,0.0838981383684311,0.0851091430516446,0.188853561130413,0.174688158507567,0.122122795059947,0.134579783219254,0.0894244352614977,0.0829283581094272,0.557159685841943,0.254054648140184,0.421314184462108
-1,-0.5,-0.2,0.25,0.7,0.3,-0.843675038524871,-0.503358535989804,-0.230309277699862,0.849361999857304,0.454035455082547,-0.00840426426362618,0.0838417334150444,0.0863647898549927,0.0771540498749584,0.276404007833525,0.264338041982271,0.0948775108773763,0.227147390941487,0.104507182568749,0.0859330980707365,0.815055542705805,0.402388485591775,0.474085100654129
-1,-0.5,-0.2,0.25,0.7,0.3,-1.038314687436,-0.435472979766312,-0.123605075671009,-0.556204140671761,0.653339769123427,1.14639654031008,0.0694148557831768,0.0830226606212001,0.0628332478022413,0.169027083137325,0.165018609071697,0.123802977967373,0.0861957617673181,0.0864970272328071,0.0733177746314242,0.514252675034724,0.265845565836864,0.379991937105421
-1,-0.5,-0.2,0.25,0.7,0.3,-0.975393348050081,-0.54475362526157,-0.182963928324209,0.221293928997442,0.751388170068526,0.282579278987974,0.0881228347266253,0.08929083540736,0.0876259355121877,0.218649340225177,0.196986405765044,0.109897909844314,0.169649955558808,0.0937661089684122,0.0901005761333031,0.549720082739256,0.320412893476794,0.389824344450428
-1,-0.5,-0.2,0.25,0.7,0.3,-1.16171086208577,-0.531856378634056,-0.207725875256257,-0.186322950457822,0.59789574969295,0.720514521651199,0.0783217361912726,0.0785850213983058,0.0766450320255622,0.184858845637681,0.183444407859816,0.119857493132391,0.112893046737835,0.0810514666583626,0.0810123414302638,0.471540690524809,0.255036564041083,0.363026072683734
-1,-0.5,-0.2,0.25,0.7,0.3,-1.2569054792162,-0.449488047813223,-0.292886559448323,-4.21546196185513,0.316642419430243,4.37555249493994,0.0363912704067008,0.0629449730070451,0.0683497953852529,0.0502413964209762,0.084626718671718,0.0487043119345224,0.0555827750592046,0.0629435017596078,0.0824820412952571,2.05553870243534,0.109413791036647,2.06773259803118
-1,-0.5,-0.2,0.25,0.7,0.3,-0.858413315742595,-0.408108605432325,-0.202725965156584,0.274218458951093,0.399924710587956,0.237387285599994,0.096260615116752,0.104180606973929,0.0881380959708793,0.226863107091183,0.225143030060812,0.123609699394135,0.219346772647688,0.142939879426886,0.0913782509617072,0.662453796663736,0.27799646702203,0.556059988221058
-1,-0.5,-0.2,0.25,0.7,0.3,-1.14378917312746,-0.576090035298792,-0.253975214302761,-0.658130066249683,0.518649003636473,1.11651335196176,0.0812538393932557,0.0780233642272265,0.0746249729360336,0.149769414637392,0.144918747451928,0.126742218068421,0.0870328748785015,0.0841149055522438,0.0717511809863253,0.592150538566192,0.20590950995427,0.47536387611349
-1,-0.5,-0.2,0.25,0.7,0.3,-1.09966484863071,-0.541018317063719,-0.165382369372849,0.126373639821692,0.878640835157244,0.540142980063594,0.0836146957411738,0.0889066269177987,0.0733709433970644,0.215130499583301,0.195155231400619,0.104805887314567,0.146329916385193,0.11280110465574,0.0776513867776008,0.6457075631725,0.281397153411893,0.480764842145501
-1,-0.5,-0.2,0.25,0.7,0.3,-0.956810065015242,-0.552529632936811,-0.349986562504077,0.518168642075565,0.834727981205643,0.18777386007399,0.0861375321866977,0.0837776258285002,0.0805058954460344,0.274623477103504,0.248884459346553,0.0975286476907763,0.181789737215519,0.0953266013230266,0.0874264914573116,0.656399775351246,0.396772675895465,0.398950659380041
-1,-0.5,-0.2,0.25,0.7,0.3,-0.867693863932539,-0.370427606470787,-0.288605932860508,0.628864672118217,0.605419844997107,-0.109553503641609,0.0919360503504347,0.0917029804948405,0.0817550904048502,0.262058342879104,0.243282387113158,0.103553845022264,0.250321084431124,0.0977747552269143,0.0903296813601153,0.800616748935215,0.421436568881058,0.506094910277137
-1,-0.5,-0.2,0.25,0.7,0.3,-1.3210135326201,-0.568932258258184,-0.242491030112932,-0.571039651434205,0.391431538823938,1.26291671967729,0.0632212440794517,0.0687027344697866,0.0570715475564923,0.143022272597204,0.1416621811365,0.124935401044783,0.0813429740826083,0.0667397853554813,0.0600448139318971,0.541986614074391,0.215288891126065,0.429798640283515
-1,-0.5,-0.2,0.25,0.7,0.3,-0.80579004098234,-0.40202646461094,-0.187992255309736,0.665540466156115,0.15760132032523,-0.298074459930254,0.0900044014117829,0.0865246058857828,0.0921552154659649,0.232401046861592,0.219982642253493,0.108790874810906,0.299989604203379,0.0939147338927783,0.0942297047453941,0.676585989032198,0.325297619897183,0.53773939466163
-1,-0.5,-0.2,0.25,0.7,0.3,-1.11995059298404,-0.506684591942716,-0.216130682025338,0.189948498175148,0.80716306085546,0.581687813378679,0.0755085144554389,0.0739682588219128,0.0555474717902244,0.207224762181198,0.194885915450624,0.105648748073499,0.124204351219163,0.0779878160900817,0.0633787769795866,0.462171679133539,0.265036993759732,0.323454135524454
-1,-0.5,-0.2,0.25,0.7,0.3,-1.01289179943205,-0.419372295034484,-0.202865180097232,-0.341559767265794,0.825750481702937,0.613993447183518,0.106411593083763,0.109059724125615,0.0918844443882434,0.184373669137886,0.172654583754431,0.121128147195897,0.144786580683614,0.104630310153792,0.0895495538515652,0.397797728129153,0.231152785055112,0.34958363619241
-1,-0.5,-0.2,0.25,0.7,0.3,-1.12406718266892,-0.598931473878198,-0.110624927366582,-0.443375635018769,0.95136439097706,0.990576692673215,0.0791307903302935,0.0714600639075474,0.0618649534942941,0.170392284339055,0.174433506370666,0.119950160043607,0.0908723585183232,0.078409614666239,0.0595439577128,0.417104951469663,0.2419248015406,0.312906049061699
-1,-0.5,-0.2,0.25,0.7,0.3,-0.762290310079756,-0.484859089240773,-0.205663889559861,0.37691331655242,0.62953342957738,0.0698354262963485,0.0923460921340575,0.0973455306209242,0.0803868790264041,0.22041461692387,0.202079679175944,0.106057911110322,0.212416349838368,0.129740087383718,0.103096995047803,0.57159782022969,0.324221386749772,0.455112606872169
-1,-0.5,-0.2,0.25,0.7,0.3,-0.901087472738738,-0.472461178852676,-0.112652211951347,0.854114581806765,0.839041724194739,-0.124628970099579,0.0924306240245247,0.0915214667456584,0.0881757980889889,0.294242632914778,0.26515040721538,0.0919485045672488,0.238619353925702,0.0985618419173207,0.100453046721316,0.767931843450676,0.493869316552842,0.430858961461581
-1,-0.5,-0.2,0.25,0.7,0.3,-1.01779660845139,-0.478985385504719,-0.23051793134629,-0.532267946618368,0.216879702372248,0.960699630795013,0.07753880834056,0.0894971246343238,0.092478003552749,0.148874744468256,0.159891822776256,0.13696792870616,0.115211218523799,0.0964437929918817,0.0930530708135074,0.765802176442628,0.236660660386671,0.648833821563308
-1,-0.5,-0.2,0.25,0.7,0.3,-0.783596901317076,-0.614426088697611,-0.327707726728162,0.610678253106523,0.819536846608619,-0.0944162030605799,0.0970224600280102,0.104817918026612,0.101068089533589,0.270603442089123,0.239861109901105,0.0987105326918214,0.245455955907752,0.116308469017575,0.0949048853131334,0.673295274618432,0.369361801593261,0.46754568052899
-1,-0.5,-0.2,0.25,0.7,0.3,-0.831428836464258,-0.479835869600922,-0.260908152222584,1.3209585656387,0.708228119197546,-0.173142060770602,0.0803710467713702,0.0799758375045259,0.0730783143742461,0.355906096414939,0.322052775290145,0.0763828169865433,0.254346531841779,0.104576885194224,0.0796564788268669,0.886253797337264,0.477771782262569,0.452154102835207
-1,-0.5,-0.2,0.25,0.7,0.3,-0.803146411894506,-0.534077056731442,-0.191910628554649,1.06194466174464,0.230899181699009,-0.196610093982689,0.0787061580966327,0.0771446953772538,0.0796125458209153,0.276201007925997,0.250140619370992,0.0932697513553096,0.267375228809545,0.0868154879363224,0.0862582185676427,0.909098524575724,0.40627788312696,0.507286226801833
-1,-0.5,-0.2,0.25,0.7,0.3,-1.24954283578654,-0.468254007872608,-0.222382959574376,-0.330790395819656,0.323435672577502,1.05175434312454,0.0650742351712079,0.0627457087080549,0.0579727483361665,0.155689212396941,0.154421873992475,0.122658253541425,0.0854032490885363,0.063620937217552,0.0699869836749932,0.4539670380645,0.234103622713977,0.352673123103303
-1,-0.5,-0.2,0.25,0.7,0.3,-1.38608596257031,-0.475846473297169,-0.13038962254707,-0.725705471951218,0.638674826084158,1.27236309498326,0.0694981019111613,0.06563677258857,0.0587112275406259,0.140261334823703,0.145596208144706,0.119884941540993,0.0772639479337456,0.0722015642103412,0.0654947554003537,0.505513218280499,0.209114700471927,0.424710174527544
-1,-0.5,-0.2,0.25,0.7,0.3,-0.976345476717598,-0.704885976148057,-0.152799693597588,0.26096490682582,0.576914902120666,0.320331789834961,0.0851028807808895,0.0857721749826308,0.0716981711870348,0.223150041897174,0.206687932025658,0.116974944319834,0.165496470522056,0.09569386584401,0.0798548464167181,0.654506240815099,0.348181247481467,0.426419406427416
-1,-0.5,-0.2,0.25,0.7,0.3,-1.17847887961241,-0.59720625752164,-0.143262232630612,-0.939104548682868,0.510201958066612,1.25439818690952,0.0763975531345484,0.0746663255040266,0.0671779798321423,0.130492459463781,0.13540942502212,0.131589351243833,0.088398724605711,0.0741635048674712,0.0656340957536743,0.380001155616668,0.17501354087466,0.35719607578645
-1,-0.5,-0.2,0.25,0.7,0.3,-0.983972011385274,-0.611869923670396,-0.407757467632854,0.196349921966631,0.789375031394753,0.48924104814509,0.0864500178775752,0.0850845611053536,0.0746770047022852,0.234472801229593,0.21665038235415,0.103209300595054,0.139269149949258,0.0914199986079145,0.0748611391249001,0.609308190872218,0.337671731614444,0.39090867328164
-1,-0.5,-0.2,0.25,0.7,0.3,-1.22939889797159,-0.514783445011156,-0.207010822576487,-0.974208619200862,0.827880567742835,1.40788045109441,0.0751577588377933,0.0571045848136435,0.0570298666619503,0.143054692521736,0.158270439730947,0.121663136416825,0.0774310090573785,0.0674989551769719,0.0588752847128343,0.545524181859239,0.224230043694155,0.468783390253202
-1,-0.5,-0.2,0.25,0.7,0.3,-0.654140815627255,-0.537904906201164,-0.187205575265506,1.19993612321978,1.44109903771061,-0.185680141531682,0.0980863955074241,0.0833662019356059,0.0936514309051296,0.392853073300106,0.366742871267426,0.069881402604972,0.241513111136125,0.0985438141498934,0.111900558638738,0.76104414901144,0.635867694405973,0.383215484813287
-1,-0.5,-0.2,0.25,0.7,0.3,-0.938744752999828,-0.484105828129701,-0.0993483039395988,0.293975676835829,0.601687634734101,0.00204186196843891,0.0983822727196193,0.0955076379403498,0.0907610414844934,0.220090627744381,0.218449785108603,0.110462038616163,0.307612246506187,0.111306651199299,0.115919227931409,0.942420277874342,0.382334884254436,0.731979708868451
-1,-0.5,-0.2,0.25,0.7,0.3,-1.14968345990517,-0.4190451777352,-0.258351145600838,-0.631922374648428,0.497693780800667,1.09492430408927,0.0711401353439337,0.0704299654485361,0.0810621240360167,0.147187312128355,0.14443864288724,0.125078984686294,0.0865068561622084,0.0747633790791495,0.0783614012187613,0.479122654470694,0.17935174359627,0.407248844374715
-1,-0.5,-0.2,0.25,0.7,0.3,-1.10798251712269,-0.404489976329489,-0.201231461550277,0.670046094848871,0.53813383312547,0.143476132301447,0.0791299469222497,0.0737425708125566,0.0734228007681987,0.289048730753166,0.253912341708331,0.0982918661894577,0.18821623928875,0.0877597553513578,0.0865946694690559,0.966729300777194,0.450509785378167,0.500984366648287
-1,-0.5,-0.2,0.25,0.7,0.3,-1.21155242174807,-0.507375541817423,-0.235465948399497,-0.357669955283814,0.197619513854145,0.802030279363866,0.0811181329402543,0.0873858201475731,0.0824757036763287,0.158133077069057,0.15686557774829,0.131588678983874,0.116572628997036,0.0912885935942343,0.0834118729158525,0.568375629879269,0.217756122112994,0.471044242830824
-1,-0.5,-0.2,0.25,0.7,0.3,-0.998707180143222,-0.52933005838069,-0.241614420227184,0.0678540186663777,0.996972499083545,0.464459914843677,0.0927572233084133,0.0942020743448845,0.0808041022650987,0.216108696591574,0.202198276635335,0.102976247136431,0.179689387498349,0.110932338933755,0.0815518884015036,0.648374911471052,0.285131947286548,0.499301962272929
-1,-0.5,-0.2,0.25,0.7,0.3,-1.11560068505916,-0.56674498155823,-0.241691007477532,0.0853898484230397,0.269172491473626,0.613525660250809,0.0726663522896082,0.0778088864119329,0.0675460081209034,0.199612817997732,0.189748507759937,0.112594893608858,0.111265120431568,0.0827749392116866,0.0701713433120436,0.584578861121442,0.282770679212933,0.378238474504731
-1,-0.5,-0.2,0.25,0.7,0.3,-1.13915500003099,-0.585084622987114,-0.0497904360852492,0.260159059472878,0.784201981934624,0.471382566233843,0.0832062571795328,0.0830775604813607,0.0693878290462439,0.23706089327492,0.204303379260083,0.107348109911974,0.130954375059208,0.0827919716202178,0.0740124945900938,0.566618323304486,0.365403620321028,0.313229991575266
-1,-0.5,-0.2,0.25,0.7,0.3,-0.956588770206629,-0.554646101441343,-0.329771152154657,0.462643465187637,0.945700193072331,0.286781564165597,0.0957178496130972,0.0928307613299791,0.0729392186937655,0.261808629723139,0.241188552336065,0.092370509733074,0.169218559612526,0.100993948848784,0.0707294363549037,0.627064860000454,0.362843627337179,0.378366060755521
-1,-0.5,-0.2,0.25,0.7,0.3,-1.12367353962865,-0.356819215951026,-0.0989375134314925,-0.071537063668983,0.353908368289661,0.772167878658223,0.0750278826417333,0.0667041732989733,0.0701892470970794,0.199467872085676,0.191450094470618,0.122278072028455,0.112464741011798,0.0714781194863346,0.0708258072052118,0.559187350492573,0.244178590614001,0.416599080002035
-1,-0.5,-0.2,0.25,0.7,0.3,-1.16694125089081,-0.52798895119776,-0.181161529536669,-0.18811426843205,0.0958508554647255,0.740807478334503,0.0778061642088795,0.0791491897675358,0.0766415439428395,0.168197883104308,0.1723938595275,0.127114436250587,0.112766726399651,0.0786114597119205,0.0776402023665853,0.44714515136232,0.240586320380957,0.36232115236793
-1,-0.5,-0.2,0.25,0.7,0.3,-0.7532559326694,-0.353531617913651,-0.201884036395823,1.52400429876687,0.648242762037545,-0.483042232508811,0.0890359824735173,0.0859878036836805,0.0895107070187712,0.403582429689285,0.38371756477748,0.0788161066014236,0.437217987475084,0.153452863500659,0.102396709069635,2.00577749462998,0.635639543019105,0.833242897180382
-1,-0.5,-0.2,0.25,0.7,0.3,-0.903935797580579,-0.667206529366386,-0.223232527771101,0.996194999516342,1.10321680014805,-0.0765736920781354,0.0878704676311898,0.0880275685493697,0.0656907528112304,0.321184048862941,0.299984346139397,0.0903252533793205,0.202130401232681,0.100644666502631,0.0662013255604491,0.809570829191818,0.498360659321201,0.388354670332003
-1,-0.5,-0.2,0.25,0.7,0.3,-1.16258906203883,-0.567468457842158,-0.116884904961752,-0.0230532705080603,0.816315915715314,0.684989836105571,0.0846651568338795,0.0826235807641185,0.0578401974189198,0.199055484818676,0.19258668076847,0.109771646054721,0.112943337997183,0.0880394765310267,0.0605010272419783,0.469397413324549,0.257306475436439,0.325524546207767
-1,-0.5,-0.2,0.25,0.7,0.3,-0.940500385087191,-0.595653186727474,-0.126456529837675,-0.154286085340181,0.668677187287658,0.551403827707151,0.101379885015174,0.101323809742241,0.0985817998404137,0.191112115867931,0.181404761589367,0.120701880472173,0.159535498689414,0.0960317156525319,0.0985235399925192,0.573300603374949,0.268584666606405,0.455438572399452
-1,-0.5,-0.2,0.25,0.7,0.3,-1.25944151920305,-0.644461620744914,-0.209275222959617,-0.355264700631666,0.493346247008927,1.09667452116406,0.0709580391754982,0.0652292008106831,0.0536128071889944,0.16291103603192,0.170095361904536,0.126147017697611,0.0801072320086308,0.0649243904270111,0.0563163349589282,0.38597334269924,0.238123621911916,0.293806374242311
-1,-0.5,-0.2,0.25,0.7,0.3,-1.49373283155996,-0.509586973163121,-0.0651146755519104,0.0321478061280351,0.557033444862323,0.808636338891852,0.0696404357158007,0.068631249708458,0.0688997492256861,0.202989553992818,0.195467736747173,0.110237776882755,0.0936875403636767,0.0745966857325193,0.0708331609047305,0.469170299621797,0.269393868069618,0.314165311396785
-1,-0.5,-0.2,0.25,0.7,0.3,-1.13937427433276,-0.432393306727422,-0.281627941691939,0.151341670887708,0.689843264383567,0.537972674080806,0.0845038248995793,0.0778187373775616,0.0838794741946184,0.214427000478153,0.208043180910813,0.109537299818532,0.135382240413342,0.0896273483272426,0.0925224006593633,0.656939676535521,0.317082865008767,0.424319698270401
-1,-0.5,-0.2,0.25,0.7,0.3,-1.35421251275547,-0.401904438618029,-0.222738242104836,-0.181586048970325,0.964593636339355,1.08042058572729,0.0740779249344582,0.0813646609313728,0.0645324849470934,0.227709832837213,0.208640340555431,0.118503647528438,0.0861959712329423,0.0832208918787084,0.0672763606366107,0.456471672350146,0.284926722037128,0.293519428458931
-1,-0.5,-0.2,0.25,0.7,0.3,-1.26131443214824,-0.35700678662767,-0.173405437134872,-0.00606167089356506,0.436177067386364,0.813033620375041,0.0654812101443318,0.0656079530672791,0.0658524467485935,0.194300772776743,0.177829728574996,0.112979551886688,0.0899167836874421,0.070798318642756,0.0690793498736441,0.515205654802495,0.251781412837752,0.334594118446404
-1,-0.5,-0.2,0.25,0.7,0.3,-0.986980525880373,-0.317349390714612,-0.223635778794277,0.0991032016184382,0.535273256536061,0.295682173928389,0.0884179724204678,0.0915555169557597,0.0773017021971469,0.206456122002587,0.194275541117663,0.119906758650424,0.167632214336117,0.0958141114080357,0.0871298781113612,0.49345587542545,0.293201783344156,0.392598314880639
-1,-0.5,-0.2,0.25,0.7,0.3,-1.01871518482687,-0.503104790054714,-0.0998074778051074,0.639193198474009,0.95516732048535,0.253552575961595,0.079967234664028,0.0877787081592679,0.0694975747424221,0.283752442456981,0.246551336737631,0.0876933318695705,0.160839200550843,0.101092350859385,0.0786650860818406,0.640503588809426,0.368659424794742,0.364084362672069
-1,-0.5,-0.2,0.25,0.7,0.3,-1.13627868706252,-0.516619005009809,-0.137413166767412,-0.780502051373147,0.282026850380747,1.06729009961832,0.0810036629221477,0.0841403399986941,0.0833595283378233,0.134289345348693,0.134888246853335,0.139611119012565,0.099295808090346,0.0796215969992544,0.0812182760919914,0.37229812625082,0.180957383057543,0.354663372710029
-1,-0.5,-0.2,0.25,0.7,0.3,-1.31319366735126,-0.420984424610059,-0.0571024506079462,-1.67056517456227,0.189805482477885,2.06201219825257,0.0586702476920915,0.0589439323898189,0.0503849611137488,0.104225452497038,0.10325567885769,0.115558348688606,0.0614495413296009,0.0602661610005899,0.0534563218809473,0.620706236297603,0.145924078383537,0.616942339950007
-1,-0.5,-0.2,0.25,0.7,0.3,-1.00293374655841,-0.45230094708197,-0.304110728192219,-0.113153885632131,0.781272308429012,0.430044552594064,0.102452726280741,0.100112618684284,0.0902412968680213,0.193188715263025,0.188451323391618,0.117389288618195,0.177085305954104,0.104427197415686,0.0972225358394349,0.548677370827674,0.281229346654116,0.451426836022547
-1,-0.5,-0.2,0.25,0.7,0.3,-1.24358767095566,-0.559536668895126,-0.237036877641938,-0.159829442675294,0.381703784132744,0.631428559725866,0.0725000312823874,0.0719011571845991,0.0688363488613795,0.173537994412479,0.168362787575634,0.124060033204282,0.114970888904432,0.077742789662597,0.0743287611039452,0.480523427027523,0.221367922123355,0.380838811467185
-1,-0.5,-0.2,0.25,0.7,0.3,-0.9077514109061,-0.453567609929005,-0.224274424932091,0.290719659284856,0.886239088697314,0.157287825551158,0.0849056958337792,0.0863545090988099,0.084134956649621,0.230723051437011,0.203859248676697,0.103701204005219,0.207599585127078,0.0978882615041971,0.092144197788559,0.779188049000262,0.405227195201822,0.498399357060349
-1,-0.5,-0.2,0.25,0.7,0.3,-1.01966656649203,-0.778497186873256,-0.241401939049058,-0.812181596168212,0.633578721123606,0.979279696153976,0.115286981305349,0.114719112715174,0.0686673789907551,0.138299965024456,0.136888382326243,0.136514965691449,0.119855461588944,0.124816545456974,0.0727409336451946,0.646021137357554,0.197489113800411,0.577278169442815
-1,-0.5,-0.2,0.25,0.7,0.3,-0.954660873151842,-0.520758819550591,-0.183032046729183,0.810067130127873,0.873162860325398,0.187731965454372,0.0828965238700203,0.0801094939199159,0.0689583762562036,0.285712007087598,0.271840202398666,0.0949745469765066,0.177991151216173,0.0879288913473041,0.07862518407879,0.805169424218607,0.526093423435919,0.390791496780593
-1,-0.5,-0.2,0.25,0.7,0.3,-1.27995765674424,-0.462846389584741,-0.212389036177571,-0.562163075499505,0.594611330090905,0.995271123585137,0.0748576442724498,0.0748201663329846,0.0640960884306336,0.148834691862024,0.150671490854569,0.125235671663248,0.0984827077190802,0.0769042000802541,0.0664247833156999,0.464830041421217,0.220803865963453,0.395521005457834
-1,-0.5,-0.2,0.25,0.7,0.3,-1.17771190893044,-0.538783107741188,-0.0282037961864365,-0.437519225734727,0.543656871315236,1.00576200096253,0.0721308842155751,0.0642280300916337,0.0748620652294984,0.165908869346191,0.169031255599285,0.126596787964412,0.0924208928539666,0.068487092960681,0.0857072769356991,0.485986613547076,0.231113425154014,0.386826991459143
-1,-0.5,-0.2,0.25,0.7,0.3,-1.13717885727735,-0.552017565499508,-0.38623342059594,-0.319719027795565,0.553235799551881,0.859914036341777,0.0899393680364351,0.0932215082793698,0.0691843115563338,0.166292688226707,0.15992759833389,0.125757209267342,0.125093727258947,0.0897429919592043,0.0768708228774822,0.493145749613701,0.209908482253226,0.41760680163941
-1,-0.5,-0.2,0.25,0.7,0.3,-0.755548907257748,-0.662579132672394,-0.364454826075864,0.861152769783784,0.897905758717458,0.083453397564048,0.0811079715553773,0.0797731407713799,0.078497161671712,0.303365026921119,0.285426447130802,0.0856348353478019,0.203577497483588,0.0992425911656042,0.0881799342955897,0.885698895261223,0.53285350199679,0.448797215653084
-1,-0.5,-0.2,0.25,0.7,0.3,-1.1534191988346,-0.42887001138226,-0.164891925562281,-0.162614327313558,0.516875276832757,0.855879437752338,0.0673705986963764,0.0719213756391167,0.0645627085278713,0.173177474369336,0.171096400841568,0.118654658663021,0.105372479931785,0.0766928514874927,0.0678269870996679,0.449808799904924,0.239671359763504,0.344698495395962
-1,-0.5,-0.2,0.25,0.7,0.3,-0.925308247464626,-0.476897132118095,-0.0994997368792827,0.0702585795407207,0.339103136022817,0.103133378832882,0.098549459220522,0.104085258809099,0.0966149997670581,0.188657044594684,0.180196689252503,0.12472788854906,0.217008830818127,0.112167284261978,0.1059836249193,0.517382125994169,0.246867813675301,0.481948648758042
-1,-0.5,-0.2,0.25,0.7,0.3,-1.07809416934797,-0.631597359703425,-0.162398780520936,0.510485938716864,0.779085175288068,0.468731845935065,0.0799815313269377,0.0754859252904175,0.0735336696594195,0.265914591247526,0.246453755397124,0.1038667678594,0.147746062870283,0.0818800653580706,0.0776325128647184,0.727229737549184,0.458829132026122,0.379885384664633
-1,-0.5,-0.2,0.25,0.7,0.3,-1.1763737450619,-0.463516019175475,-0.269752358172016,-0.917381908993497,0.527289031799755,1.19043161394902,0.0843878913504214,0.0747686894807575,0.0755707436621517,0.134005950499762,0.139788630379991,0.13174807668466,0.10329659030118,0.0760885297683886,0.0835533580257457,0.645768696053058,0.214962415553005,0.572001246149876
-1,-0.5,-0.2,0.25,0.7,0.3,-0.79095480859401,-0.396375203138987,-0.362011199251319,1.01353563568241,1.1263923293393,-0.299697141609919,0.0918596301084868,0.0920828295230491,0.0854898639273252,0.33217118596766,0.299901139802876,0.0813643254206169,0.309781246218419,0.108301149881694,0.108769505203343,0.971752358804407,0.578371496972586,0.540594707877948
-1,-0.5,-0.2,0.25,0.7,0.3,-0.898924702815414,-0.539674091153636,-0.260448349004066,0.518225854476546,1.0655557146536,0.30314724406865,0.0942206656202501,0.0986717975539756,0.0669894396943965,0.295450054229325,0.251354549033744,0.0911069875031768,0.155265797795428,0.115468910812672,0.0707626603333174,0.713271355081,0.427914544224061,0.366136726474559
-1,-0.5,-0.2,0.25,0.7,0.3,-0.991559028041617,-0.564085878165915,-0.179495267810686,-0.255182795696633,0.639999558173508,0.661073264903295,0.101113298883178,0.0957757810883107,0.0892774775433517,0.188309727581545,0.192442384899351,0.128229233533294,0.154435104751712,0.0951847022335347,0.0895429518193459,0.578934582922108,0.276016937248385,0.481888089491637
-1,-0.5,-0.2,0.25,0.7,0.3,-0.856585840377733,-0.415908128895533,-0.229858516633716,0.174624741962978,0.11311008019697,-0.0735581649308109,0.0998907230766696,0.096782428762533,0.0930204185704251,0.197281043210318,0.191172617580475,0.125591304389857,0.364430637164793,0.102088420138847,0.111792667642496,0.889581332257381,0.264170555867281,0.83410516950806
-1,-0.5,-0.2,0.25,0.7,0.3,-0.529189667722869,-0.473914315184715,-0.132377890106713,0.938491101355007,1.0248335195534,-0.475640076726658,0.103406224027094,0.100043263861029,0.0910975478815392,0.294664202987114,0.281759879104946,0.094910463875433,0.392432915737375,0.139960944461049,0.10032106867555,0.897093666760422,0.471529273174044,0.660906228086129
-1,-0.5,-0.2,0.25,0.7,0.3,-0.921690481677989,-0.426600977128516,-0.0902365771896755,0.337950091760271,0.667731854663229,0.198594049837701,0.0861491268685833,0.0870387773464952,0.0793367026159571,0.221505679088881,0.210826689588351,0.109677573223793,0.185223567341902,0.0968795786980236,0.0991900761072589,0.650974503507306,0.346193942887774,0.445535108622444
-1,-0.5,-0.2,0.25,0.7,0.3,-0.944706441170806,-0.571933364164506,-0.197866839989124,0.218921732741279,0.710344833588287,0.304836754453508,0.0952852772926164,0.0912648447804302,0.0817717721214568,0.239331067833098,0.222061423054964,0.112214697696807,0.169181640891708,0.098418618670185,0.0859830460108802,0.644721587027999,0.34955562224546,0.442422200412233
-1,-0.5,-0.2,0.25,0.7,0.3,-0.959976617037623,-0.44328423149154,-0.294017921811818,0.834572585024582,0.662455564342265,-0.205706643816428,0.091228545821144,0.0827930295963206,0.09789877763362,0.287636669664521,0.269823364942166,0.0983482730851996,0.234008907952617,0.0988100046647521,0.119318316473118,0.801488904348297,0.502419067827979,0.456616548658223
-1,-0.5,-0.2,0.25,0.7,0.3,-1.08090596553521,-0.357298404728346,-0.193465949780401,0.203388414241908,0.592805708134232,0.329335343469169,0.0801260469103482,0.0842148138185181,0.0776660729851027,0.232313393275968,0.212463661782154,0.108507956383926,0.157485424817961,0.0960476444237486,0.0783121782790932,0.642835611853751,0.299691408349071,0.439005614021842
-1,-0.5,-0.2,0.25,0.7,0.3,-0.973681951398215,-0.548700754996611,-0.257068708668087,-0.0316969710785553,0.209273014817164,0.499062435792807,0.0812681623849824,0.080332728451598,0.076804928172594,0.187510011635879,0.193416544316812,0.127144007022162,0.152958730264574,0.0904058702900455,0.0801437163020989,0.609489925985563,0.241207626961364,0.492932308520381
-1,-0.5,-0.2,0.25,0.7,0.3,-0.805138041538936,-0.713552676057122,-0.205393788519699,0.0725931512204388,0.708571896761065,0.375145720532938,0.0966969932119124,0.0960635965359846,0.0817730272560999,0.210436919729885,0.207770180403027,0.112951450167033,0.167349704615229,0.103373722466829,0.0848776016843444,0.608905298857467,0.309906433786149,0.443723343317163
-1,-0.5,-0.2,0.25,0.7,0.3,-1.06299928322019,-0.603123486062179,-0.212564095773094,-0.027978091155861,0.55320985643751,0.602650268294563,0.0792784106970977,0.0829406159626625,0.0628071775149771,0.191569066713275,0.184050123070515,0.116300186550629,0.142519585155802,0.0900942333291227,0.0754875413060599,0.720453676775087,0.358840021325616,0.482381105437728
-1,-0.5,-0.2,0.25,0.7,0.3,-0.733836391335911,-0.470301155428052,-0.118257838731237,0.827436350029179,0.852288136249095,-0.216793104173743,0.101394004060603,0.0939619180895444,0.0866678605891267,0.303565845862158,0.280679678723054,0.094285762367785,0.287932718269071,0.132667103239646,0.0875704597169546,0.939762092654009,0.404805440062047,0.597529580826044
-1,-0.5,-0.2,0.25,0.7,0.3,-1.05064045452937,-0.569030568206385,-0.262758281235902,-0.311272743377009,0.659684342052917,0.478893547816416,0.107558201969464,0.113372872948688,0.0860857503059055,0.175743276326504,0.169826064712508,0.137255871973154,0.173392917886981,0.118460311890558,0.0937947336525241,0.522428190205022,0.241920012990355,0.467674176445767
-1,-0.5,-0.2,0.25,0.7,0.3,-1.08017386515983,-0.302070729106519,-0.197818253106613,0.247578064128582,0.191096644841937,0.273268517642764,0.0838602888789906,0.0909529750272349,0.090391370694177,0.2164475588733,0.213927291492234,0.121290993322926,0.181863136571216,0.102092148269061,0.0905651281099012,0.627784576030995,0.282874538037024,0.484896534147573
-1,-0.5,-0.2,0.25,0.7,0.3,-1.29290057651313,-0.471281194773613,-0.377674962037691,-0.225948951563959,0.431873879075422,0.736894465393569,0.0724433200877768,0.074687767622421,0.0762416159892426,0.182128972457286,0.179487789591092,0.123492133925811,0.1052520650902,0.080481823125016,0.08977069525442,0.473779770560081,0.242570069820372,0.357975060609149
-1,-0.5,-0.2,0.25,0.7,0.3,-1.27179149605442,-0.410646658609116,-0.106916861736694,-0.808887784689449,0.148885597138558,1.21063202404286,0.0667887552505051,0.0735033114310324,0.0687720811041227,0.13220285244269,0.132175772139858,0.128717267313975,0.0782942600373744,0.073561786038295,0.0731327182863652,0.504111080425007,0.166583373838351,0.438685979764337
-1,-0.5,-0.2,0.25,0.7,0.3,-0.930856724492099,-0.280497856611961,-0.25504490232932,0.139831519856405,0.20108970588804,0.255930804182674,0.0890343476164488,0.0900150345897312,0.0853788519178753,0.192747103035106,0.19651582039601,0.119553056763162,0.180088300965366,0.108376493152037,0.090500084960297,0.496661061477434,0.224941129557903,0.427260000007937
-1,-0.5,-0.2,0.25,0.7,0.3,-1.0505618783181,-0.553807185410198,-0.0675470586912871,0.418540214126749,1.41543805514765,0.530926909811192,0.0903843611860133,0.0836109686898109,0.0718956654301416,0.309631522694255,0.299547276815182,0.0720103647053044,0.12555327663545,0.0938775344426985,0.0768108215876644,0.725227384729775,0.537608676153481,0.320084409647769
-1,-0.5,-0.2,0.25,0.7,0.3,-0.930700774472038,-0.506701408323754,-0.0499813462842588,-0.0475031399691118,0.760885379477083,0.48670253275192,0.102129182488506,0.102283498833376,0.0924936970430903,0.21979721669899,0.201115437543344,0.121202345999095,0.157798468799896,0.114547557215665,0.0962017804243913,0.615435113176485,0.331840087584739,0.438297035908118
-1,-0.5,-0.2,0.25,0.7,0.3,-0.965718928911149,-0.420233474256724,-0.204646535943933,-0.201525361611941,0.23801103792188,0.544928892177316,0.082491826785711,0.0858732491204038,0.0838830146443369,0.169547734619452,0.16324704482744,0.128879553332998,0.146695525800889,0.0949636770110463,0.0830962817825887,0.59581784770744,0.254272938479297,0.491357527949399
-1,-0.5,-0.2,0.25,0.7,0.3,-1.29689515633618,-0.507722253898624,-0.293814331403168,-0.364449303441362,0.356201255203043,1.12250515522558,0.0606505766733453,0.0579240805295605,0.0594335898006415,0.162808302193284,0.169693284929972,0.12197723538976,0.0743899466115516,0.0636407276195936,0.0649907475217027,0.43825900763506,0.256501179952817,0.306315236672793
-1,-0.5,-0.2,0.25,0.7,0.3,-0.831757854334334,-0.26466655183206,-0.306224870082348,-0.184638051809011,0.160378057055897,0.379864872785531,0.0991491594723376,0.102283628034499,0.089389071500213,0.174305179593019,0.18056775659707,0.138030284894058,0.199264327270175,0.123812007187301,0.0998645545750906,0.554784430956818,0.24062270254674,0.531964197396034
-1,-0.5,-0.2,0.25,0.7,0.3,-1.10040028944776,-0.514901430373331,-0.204838735831407,0.231609579926116,0.844737917064644,0.38200789801694,0.0823128807482323,0.0801908968613256,0.073442961961971,0.221059440727089,0.211325663263828,0.107114774689075,0.15292230525142,0.0877165966819127,0.0765440412693949,0.526383403049918,0.327263707009179,0.35861273301003
-1,-0.5,-0.2,0.25,0.7,0.3,-1.12139451176466,-0.4048270014555,-0.281343575985929,1.06873003945834,0.850448506344031,0.268340520562483,0.0678988384211969,0.0691437154850622,0.058916961921641,0.323218938681437,0.291775219772065,0.0909220428754145,0.146716812115209,0.0740405595408641,0.0622750713738412,0.664968413984757,0.491896182661556,0.295021552702681
-1,-0.5,-0.2,0.25,0.7,0.3,-0.320056640930652,-0.403257216088121,-0.380538515022712,1.30505242004624,0.840580472862884,-0.874199967639664,0.10805384390515,0.108276081724137,0.0917614019098131,0.343397407318587,0.33057155046963,0.0945798296299092,0.669220046239098,0.189651509742836,0.0990491778700606,1.43725321559546,0.564211642023573,1.02384839002728
-1,-0.5,-0.2,0.25,0.7,0.3,-1.03217946004356,-0.462008310723229,-0.012342523449795,-0.361928784329175,0.171633162606414,0.622366790801072,0.0843986359332882,0.0790806327900498,0.0902967044829053,0.155540817363799,0.159395288700958,0.135795872943775,0.13315449904163,0.0852702630405958,0.0985619578543465,0.49747663246991,0.210493496686971,0.447786243529726
-1,-0.5,-0.2,0.25,0.7,0.3,-1.05875786148809,-0.677106782959712,-0.252769332297083,0.651116825954657,1.11311582761124,0.168515906177934,0.0876057403948982,0.088982386190746,0.0709554284381856,0.265665795398168,0.242496557317268,0.10112624868894,0.163614994147626,0.104877928741978,0.0749171987357951,0.709330359615312,0.488360089412734,0.343174196626507
-1,-0.5,-0.2,0.25,0.7,0.3,-0.98642036039682,-0.397926501866838,-0.335436892473648,-0.38152875271253,0.456277480074158,0.59474183628851,0.0960191574244093,0.0944761286019147,0.0857356936768564,0.164207440827601,0.159914316653665,0.135955093857207,0.142626444164193,0.106148701943725,0.0916707396731544,0.519043884427641,0.204737699651203,0.471483239962637
-1,-0.5,-0.2,0.25,0.7,0.3,-0.975011942003415,-0.434869388723243,-0.144032748113535,0.479659257878069,0.919238454278139,0.240097792706109,0.0867990430048138,0.0839013092770709,0.0751446989632887,0.267331785221445,0.257082568412162,0.0936100822260969,0.165684158153958,0.103447516143182,0.0820313060503178,0.688777425443402,0.465144580442125,0.390112881374976
-1,-0.5,-0.2,0.25,0.7,0.3,-0.826731801745472,-0.421928618768829,-0.181815006428933,0.273255206453389,0.458342311651288,0.0325313035119185,0.0949755434955535,0.0922522992475286,0.0964251539032841,0.225474048370064,0.211404642245939,0.115642387221998,0.249452482825383,0.103112618839216,0.0937808677123629,0.756257464526709,0.357055407620594,0.578130573659322
-1,-0.5,-0.2,0.25,0.7,0.3,-0.938605002261946,-0.511077151564087,-0.196152911207221,0.461724444153502,0.930751020129916,0.00573970844500898,0.0969409101895996,0.0920587698038162,0.079087803122758,0.245616437897321,0.233207064489172,0.0995225959666753,0.303987432997818,0.107719891249047,0.101662327020718,1.24017645269547,0.624996170655161,0.757960828199503
-1,-0.5,-0.2,0.25,0.7,0.3,-1.21798463097774,-0.540712364933492,-0.201725505760789,0.328002295660905,1.11343250832077,0.789265402973853,0.07193643866563,0.0719096258105275,0.0542000017048336,0.280706603014194,0.254083202481885,0.0947778349951816,0.0997893679324937,0.0739833019332969,0.0561005080766905,0.630813345675044,0.459744456881511,0.278379584433778
-1,-0.5,-0.2,0.25,0.7,0.3,-1.0222904829682,-0.540549967390273,-0.197798808172164,-0.412653893534566,0.451014675024945,0.657995254430309,0.0887710369151026,0.0943399011004635,0.088871083085784,0.168646795244776,0.168818270874524,0.136775226097257,0.132140316973065,0.0926497813068694,0.0900843765940591,0.451255271462831,0.228329184700003,0.405526472038799
-1,-0.5,-0.2,0.25,0.7,0.3,-0.739468739825517,-0.432916547870626,-0.100582284893528,0.746378551193196,0.37278267223547,-0.172706014742014,0.0868514847382132,0.0886080961513386,0.087697225540579,0.247125241596939,0.252204363374447,0.0992824479462326,0.246251581521618,0.108467268124385,0.0925526765014727,0.565435494239193,0.340135769269336,0.430914046210902
-1,-0.5,-0.2,0.25,0.7,0.3,-1.41439215368288,-0.451362138934363,-0.228398311097926,-0.720754570767064,0.375652501080545,1.12595033139729,0.0705164656290026,0.0717957342348902,0.0751974050963601,0.138613478432945,0.140676499048522,0.12790748691682,0.0819801229146007,0.0726212260326412,0.0695041131288687,0.378826655378056,0.180337260575874,0.325154295502015
-1,-0.5,-0.2,0.25,0.7,0.3,-0.715531308668719,-0.268258953910161,-0.167277779143335,1.21726108048467,0.856870824901814,-0.244128963417243,0.0870973645154318,0.0885291304944099,0.0875713159469403,0.343437964576289,0.296324462580856,0.0765436661834873,0.348035225011165,0.1186906279659,0.105271263833146,0.879807390414525,0.460449456942195,0.595210141007365
-1,-0.5,-0.2,0.25,0.7,0.3,-1.0061968990519,-0.580828464824425,-0.183039085145167,0.556710618970763,0.783389818558544,0.249870385448362,0.0861755218519375,0.0824938437503085,0.0806796298870593,0.246362040679924,0.228600377703005,0.0962069172150212,0.178513348474399,0.0905056841672362,0.0808102550422287,0.764369414628187,0.429392354696608,0.428213789484755
-1,-0.5,-0.2,0.25,0.7,0.3,-0.654091475122285,-0.541190869864337,-0.0221542194599539,0.718943226965885,0.820133795035343,-0.226995756188026,0.100642872373507,0.0914335662560189,0.0944232857134738,0.26415669399439,0.253395923133644,0.107494095829976,0.305654424620529,0.103608106193446,0.110580970372663,0.891585692192583,0.504346028846874,0.568865475978385
-1,-0.5,-0.2,0.25,0.7,0.3,-1.00426341300834,-0.662709428056248,-0.175454386612877,-0.0107669009714742,0.939627859619253,0.46754989553263,0.0947473887800846,0.0959856232417795,0.0796817344799595,0.204273484712686,0.193851302653733,0.11395325396928,0.146832382190382,0.106051199404853,0.0913384127892501,0.422092454584888,0.265805966210209,0.332131656717752
-1,-0.5,-0.2,0.25,0.7,0.3,-0.977444954014284,-0.492340422325472,-0.222145374170848,0.0118538187268009,0.339323001916461,0.329677443164531,0.0858661916082984,0.0917252608224147,0.0961161719264331,0.195164949214123,0.187383182991273,0.125155856260423,0.169398943997731,0.0942044630774398,0.0886103309217438,0.568832822125239,0.272379651397279,0.458529578994844
-1,-0.5,-0.2,0.25,0.7,0.3,-1.0342148438059,-0.464071030361724,-0.241416239617124,-0.180125545162159,0.343836161928462,0.491632566664951,0.0892403864789149,0.0821869851862715,0.0826631630241272,0.173513161886259,0.167756675128227,0.130499597420071,0.150976146330558,0.088368774101665,0.0860068130499414,0.441813624243573,0.231028821014041,0.39868557324347
-1,-0.5,-0.2,0.25,0.7,0.3,-0.924758285482228,-0.50208115613675,-0.195566587121787,1.74796140683391,1.24762988459001,-0.153972351291861,0.0755732233248798,0.0778881437380758,0.072686831877396,0.496966611326106,0.393715041476848,0.060031800643271,0.207519454750837,0.101018502462465,0.0869427302080944,1.07192245844251,0.691533291526056,0.3502510651526
-1,-0.5,-0.2,0.25,0.7,0.3,-1.17676988683958,-0.627347752263073,-0.12147332881597,-0.194929311564789,0.824130003141575,1.11944335506701,0.0703113060394961,0.0652702216395524,0.0480211822826105,0.178780679957902,0.178801185727761,0.114464519322296,0.0840400071384116,0.0659384575233093,0.0513412085983229,0.42875277685973,0.281916051944197,0.284341459670415
-1,-0.5,-0.2,0.25,0.7,0.3,-1.10854077485651,-0.332782875700565,-0.301571302342612,0.00431164847362869,0.708458462266649,0.578475443881136,0.0776936762696639,0.0802318002665257,0.0651952790627972,0.201978014745316,0.193764265741234,0.115389109845375,0.134802036053572,0.0867824696409785,0.0713616978513589,0.622224884188014,0.285643235446156,0.434647466076217
-1,-0.5,-0.2,0.25,0.7,0.3,-1.11084888683544,-0.368130602715219,-0.186108299874152,0.455591000207011,1.01447457225852,0.254442597106207,0.0807007783303706,0.0785975032158814,0.0681128448065893,0.261576582975474,0.249653399906177,0.090012254449994,0.159247767448244,0.1018373467315,0.0763077028918858,0.588961643990357,0.335828181447822,0.374680967996336
-1,-0.5,-0.2,0.25,0.7,0.3,-1.26951562058767,-0.358510040412255,-0.0798018506502868,0.0576483971678549,0.769811258834887,0.55279709424414,0.0812303651302993,0.0730952806554342,0.0690765741847041,0.21029992719754,0.208329577956822,0.113113314460297,0.127112037132913,0.0865788090387986,0.0739307665624939,0.684744847148642,0.355611851487956,0.438971874301905
-1,-0.5,-0.2,0.25,0.7,0.3,-1.22923484588278,-0.479858580191948,-0.0242770186180472,0.231275998970635,1.07655535547761,0.845126166409814,0.0702166204042293,0.0803746039492953,0.058804140222716,0.239276783177928,0.204193869110172,0.0898048823844019,0.0963626262655968,0.0926378619194379,0.061558719071765,0.541870157543222,0.322933211095129,0.289144948697863
-1,-0.5,-0.2,0.25,0.7,0.3,-1.01392895366856,-0.501898987992979,-0.30305107633401,-0.0163017331913958,0.567849385992032,0.714329080537621,0.0693447520720807,0.0640984421470544,0.0585132768871616,0.196973377541848,0.189907787648278,0.114518780634519,0.0995978535141185,0.0692793689020694,0.0646705168937457,0.47375320528201,0.294098272089786,0.318208601957537
-1,-0.5,-0.2,0.25,0.7,0.3,-1.05256760241577,-0.501006505242037,-0.18469514943791,0.142873369755862,0.635846370557471,0.465438964523975,0.0807476610262548,0.0824021580085283,0.0738702958177726,0.211643574814471,0.207136078032999,0.11042244129081,0.162240399239006,0.0937093935577934,0.0766876977115625,0.693059956352881,0.348774568323775,0.481803402221406
-1,-0.5,-0.2,0.25,0.7,0.3,-0.98942152945875,-0.528216308842618,-0.245694407235244,0.359355205380196,0.631755044624177,0.358435493898294,0.0881412535348775,0.0875109784992598,0.0709869174524773,0.224433217765724,0.219164773207243,0.10251121222782,0.157222215145879,0.0905724290973633,0.0762419569489906,0.549198397794513,0.325449744732301,0.368174782613336
-1,-0.5,-0.2,0.25,0.7,0.3,-0.851986152419858,-0.561616377929807,-0.219054820422806,0.139863845039855,0.648745240497908,0.181829018066766,0.101209738519568,0.107858634352143,0.086430434227745,0.211038114445203,0.200407943536879,0.115235520310636,0.192402555894369,0.123196010946283,0.0983659558528122,0.457384682319597,0.259188439770253,0.388583410954823
-1,-0.5,-0.2,0.25,0.7,0.3,-1.10529497488656,-0.555474894441622,-0.235504770614855,0.213095053324029,0.740094854955161,0.393580739156164,0.0804037526901526,0.0827589596787748,0.0721072638341602,0.208083644708596,0.190619572042724,0.107283236507337,0.136828583950239,0.0887439804002241,0.0742463464148826,0.553820231697072,0.299713686941612,0.361032467860724
-1,-0.5,-0.2,0.25,0.7,0.3,-0.826461423712622,-0.517262082619132,-0.118346263341003,0.335142475499886,0.785254276383344,-0.0900039773382546,0.108786972063342,0.104869361826283,0.0958015008950192,0.251902670833947,0.215187911056878,0.117105063995187,0.271640568215682,0.113266521752791,0.102646258095983,0.783033391763553,0.370499634063843,0.57466058398062
-1,-0.5,-0.2,0.25,0.7,0.3,-0.867373983442383,-0.302410934158919,-0.259913266842464,0.928562647095224,-0.103667693578438,-0.0640373154781499,0.0826839502411696,0.0864995063911334,0.0888529030001389,0.283003092180724,0.294756434576594,0.0961107221575132,0.263924857554474,0.105975654465119,0.085435200227122,1.04282406820452,0.513374788712836,0.570035672333715
-1,-0.5,-0.2,0.25,0.7,0.3,-1.18210000066049,-0.682302735746446,-0.089087684146266,-0.0175742336052956,0.641609319696091,0.732993935257059,0.0796600688420353,0.0870581637645617,0.0704180466841886,0.201502200547336,0.203391734394954,0.112348876368406,0.115606332733411,0.0917778027417252,0.0686726708088055,0.57888819111239,0.410856281280224,0.344249449567177
-1,-0.5,-0.2,0.25,0.7,0.3,-0.580087050381688,-0.272564341325952,-0.145929766556164,1.54783778178171,0.924629016726979,-0.474971709378272,0.0847926898811912,0.0842355874169996,0.0850319038546639,0.39292536880546,0.354874637210203,0.0766526450342124,0.295637970301211,0.0960605236387729,0.0894958436251284,0.913340164393218,0.720365435133638,0.429444814651656
-1,-0.5,-0.2,0.25,0.7,0.3,-1.21046052895444,-0.35728617029834,-0.192485818491995,0.109468006815856,0.666023503608531,0.631436610089735,0.0751282700880058,0.0834063328545652,0.0692422293511266,0.226784754241392,0.223013698467835,0.110587821568469,0.121949222963235,0.095481219155589,0.0771781355118694,0.557514364263606,0.325266040732785,0.365371200976665
-1,-0.5,-0.2,0.25,0.7,0.3,-1.01323023376218,-0.558575822102774,-0.163381210501975,1.02503666555037,1.0201922604797,0.201808985345739,0.0735867882564847,0.0808082708234558,0.0603822443143254,0.321492842659251,0.266326751037675,0.0867474170255091,0.137728276827511,0.0917314487965877,0.0653135075350916,0.778420144252895,0.481287187523707,0.290274711960347
-1,-0.5,-0.2,0.25,0.7,0.3,-1.27284987068959,-0.391745067762649,-0.226316473883687,0.362485025637575,0.268413073000596,0.315362305921248,0.0744168607723951,0.0722397672327075,0.0829817921713264,0.21751329491287,0.216324976114355,0.107850833046303,0.16914322020477,0.0815081838959535,0.0832797899772977,0.719437218232012,0.288727976232126,0.476522799709613
-1,-0.5,-0.2,0.25,0.7,0.3,-0.688593434403218,-0.553581779933975,-0.185032888808463,1.04595497550114,0.947673372557496,-0.272977938879043,0.101783567492361,0.104825799801857,0.0853804677348634,0.32481647609067,0.294379733598836,0.0879407893753184,0.288047357765954,0.11147473293815,0.0976619875186122,0.890787187497145,0.50032547145778,0.492922041578962
-1,-0.5,-0.2,0.25,0.7,0.3,-1.07890540399354,-0.498147110446858,-0.0755201665699866,0.419949199296409,0.867128889520521,0.234042131102528,0.0913654239051781,0.0994513303026688,0.0759253787151178,0.251204733787925,0.218509163788524,0.096680890040641,0.183586591190239,0.108533550949446,0.0827035104227559,0.681972999787616,0.34497922665864,0.425724861420691
-1,-0.5,-0.2,0.25,0.7,0.3,-1.26608457450411,-0.441747238347014,-0.116151838970599,-0.899845552502871,0.301118135346765,1.23478967407425,0.0678472412945401,0.0704437239188692,0.0618897452792717,0.131657853844404,0.131674009460659,0.128828461466933,0.0781329662536071,0.073862415676979,0.0637988821758858,0.555956898201582,0.171068694655723,0.482349140995642
-1,-0.5,-0.2,0.25,0.7,0.3,-0.907599235730749,-0.481283731654563,-0.156329039805083,0.293672195262581,0.852458981237079,0.103759127702729,0.10539117606193,0.0931107350733839,0.0864499338534237,0.233605313313281,0.216710973843052,0.111897652398218,0.220972992091341,0.123441978060609,0.0904439574838253,0.759124670063839,0.32427190735256,0.57306835771363
-1,-0.5,-0.2,0.25,0.7,0.3,-0.911759059739517,-0.61778631592083,-0.241312904277756,-0.127100390247613,0.593039268165999,0.241147288534837,0.102779300215952,0.104671649730731,0.0974174270712789,0.189573435677482,0.174764155818913,0.132401718606864,0.198019870193264,0.114417551015871,0.103471360515044,0.560488961519088,0.267549400041689,0.498889765597874
-1,-0.5,-0.2,0.25,0.7,0.3,-0.949899716737552,-0.414734161358301,-0.215231064084655,0.433330016137142,1.0247032890606,0.582965609297492,0.0844838682465194,0.0848184214249373,0.0697941306736063,0.287813800608222,0.248100288729029,0.0870734992918829,0.124196358937649,0.0878715498569051,0.0739003036721182,0.573706375506216,0.38058089491233,0.302454719695363
-1,-0.5,-0.2,0.25,0.7,0.3,-1.15222997402527,-0.248262547358726,-0.230303307120327,-0.00729570284069289,-0.170832454337715,0.711891735240218,0.0727839924087302,0.0803591338736701,0.0626802257131397,0.194201019728862,0.208780069529769,0.12392912622022,0.107993372702049,0.0909459869917682,0.070249070666274,0.473449395614928,0.292391555157198,0.339058603569899
-1,-0.5,-0.2,0.25,0.7,0.3,-0.966966252069197,-0.566131281072837,-0.229009763151302,0.853329563229247,0.76561762950317,-0.0300449930936868,0.0822821038947268,0.0748014948941654,0.0752223963140861,0.290023428068372,0.282734891170088,0.0976362299921288,0.203113198287971,0.0912584695651697,0.0802009669905341,0.857662109737306,0.470569192128223,0.440864342001255
-1,-0.5,-0.2,0.25,0.7,0.3,-1.21054213971918,-0.460844818668832,-0.104640916633434,-0.602725687420635,0.507782268952471,0.99473612653886,0.0775939152082296,0.0786870701557272,0.0814003042564503,0.154506169998384,0.167355157408453,0.135679664979216,0.109300456445272,0.0819568344273442,0.0927265431578519,0.593887955633747,0.293730207457161,0.483814263241562
-1,-0.5,-0.2,0.25,0.7,0.3,-0.589967753694318,-0.246573132485239,-0.266161552358253,1.29737490427274,0.63524639119961,-0.825383484262589,0.0979888416943392,0.100812983538369,0.0978913711891244,0.324296825414199,0.303015142853389,0.0893179539167035,NA,0.129554371417025,0.100107490163569,NA,NA,NA
-1,-0.5,-0.2,0.25,0.7,0.3,-0.961174184698825,-0.607164708793072,-0.142658890130936,0.275565557700511,1.10564226280482,0.50894079253232,0.0864597259298266,0.0830437693036612,0.0683831597342131,0.260220528629542,0.256875040271707,0.0941748596899621,0.13100582305213,0.0832803429385363,0.0742608623224917,0.554652136884547,0.420106560499012,0.299293346194827
-1,-0.5,-0.2,0.25,0.7,0.3,-1.10309819896416,-0.636931058189134,-0.237460612495516,-0.637363860577325,0.49103004362337,0.991640277817643,0.0886788421042936,0.0950368774266336,0.0770823708038951,0.153842558759777,0.152417139973934,0.134686718565378,0.115321090383099,0.109199036026004,0.0787069585902145,0.814195085494974,0.235595581444524,0.706809812265465
-1,-0.5,-0.2,0.25,0.7,0.3,-1.29763162335428,-0.271549846298819,-0.254635955556068,-0.660542831873399,0.344512713636443,0.939438250692502,0.0748341378370206,0.0836145114024086,0.0813428129487755,0.140369846743925,0.143045840739353,0.131770051755077,0.0965498376748058,0.0861365558656459,0.0871752422521224,0.376379130142079,0.185420736405953,0.345308827668521
-1,-0.5,-0.2,0.25,0.7,0.3,-1.29532189846017,-0.424679602098878,-0.149306894900373,0.621753556724942,1.0478791213763,0.68627227929894,0.0628868535855639,0.06003950506381,0.0541802282127135,0.304468846246082,0.275764820421281,0.0755305530502633,0.0919626513575394,0.0684902171052158,0.0651818321101648,0.61582430650639,0.4390045014625,0.257891911612331
-1,-0.5,-0.2,0.25,0.7,0.3,-0.696887207971052,-0.494268823073415,-0.285104288989797,0.959791730812141,0.347449382598668,-0.207054306289819,0.0873647066130886,0.0836096256275196,0.0864316238864076,0.298968534515347,0.252634331745012,0.101139685610996,0.311095065488341,0.0961858048562718,0.0885237482487832,0.988683455374799,0.424639328776414,0.599461564027925
-1,-0.5,-0.2,0.25,0.7,0.3,-0.883087130355449,-0.434661627564006,-0.201386878451169,0.721953193272282,0.778123647614024,0.10198465272321,0.0803622660897656,0.077267436872945,0.0747740505063495,0.267615235816654,0.254512105002779,0.0964436310205619,0.188550971495908,0.0974406174082242,0.0732360556470457,0.791506412127295,0.42841288555801,0.434149414459593
-1,-0.5,-0.2,0.25,0.7,0.3,-0.827290771822844,-0.489682785156512,-0.19488413778985,0.774999689655957,0.983802104277928,0.0918091066677923,0.083940926272739,0.0853227997893442,0.0732083302045492,0.293318567254939,0.268376071276126,0.0866489855247876,0.202872522434554,0.101544784813821,0.0846417889056703,0.844794036925564,0.518783523130073,0.424836193226449
-1,-0.5,-0.2,0.25,0.7,0.3,-0.892613371428053,-0.53026975388774,-0.130498375247085,0.795156128059298,1.07841930441842,0.138371528530702,0.0821058203399038,0.0774666926591828,0.0701033622228747,0.29508301430174,0.27219942825529,0.0811351134061699,0.168822251727612,0.084626937537667,0.089347851005086,0.770052605630816,0.508763389111244,0.350178493381715
-1,-0.5,-0.2,0.25,0.7,0.3,-0.378357617795165,-0.403470943898377,-0.248092095802878,2.21286610253753,1.33351451203172,-0.855955348527622,0.0899530967338916,0.0915595822478294,0.085447584987941,0.58871636788445,0.487141660994964,0.0657686272758255,0.478831245935132,0.129815480995509,0.101552489647019,1.37539610046498,0.901684214059557,0.613947225332855
-1,-0.5,-0.2,0.25,0.7,0.3,-0.595352896627471,-0.425839030403613,-0.172542691654105,1.59079426191821,0.812053469289519,-0.684487396758841,0.0916715291998189,0.095277519112845,0.084987972580285,0.382108075177881,0.340512629509361,0.0828836985227872,0.401087941811183,0.117082070295139,0.0964059797995112,1.09708627334341,0.572291244229065,0.58433827337456
-1,-0.5,-0.2,0.25,0.7,0.3,-0.820974316068654,-0.355985707559688,-0.106522200350654,0.704964257828731,0.86614351474203,-0.01659148099473,0.0872825925437896,0.0833235861838163,0.0787206816922559,0.281314898091236,0.251312984227946,0.0933177542832681,0.187204885984899,0.0973290562705883,0.083113796006192,0.629474740473855,0.361841068345804,0.372898395526045
-1,-0.5,-0.2,0.25,0.7,0.3,-1.06500843488098,-0.589352447590067,-0.30557937725637,-0.468027578474626,0.45150607155168,0.775213903122392,0.0850719604564055,0.0876585893933476,0.0625961290919775,0.157354796107906,0.155680680159349,0.133416393382313,0.121829353178607,0.0943046832188825,0.0703404737394582,0.519707335145996,0.191422649274427,0.450802814156547
-1,-0.5,-0.2,0.25,0.7,0.3,-0.972067691691565,-0.533828524935686,-0.221826607262559,0.413803845239696,1.21514341277666,0.474710578600449,0.0825701938629378,0.0794708395305911,0.0720880423484305,0.268472840339638,0.248858143779615,0.093855588147128,0.129530483708828,0.0871774311614746,0.0802962896507484,0.533414262629156,0.391398062194261,0.287996549786416
-1,-0.5,-0.2,0.25,0.7,0.3,-0.912129778547129,-0.473970787938773,-0.257319790807292,0.838392491755549,0.838367158094747,0.121235573044213,0.0807711905509922,0.0805685257049408,0.0786571333007624,0.298194097839342,0.284278881142896,0.0872987955955601,0.185554398198012,0.0923879592838156,0.0903337482481801,0.722597742542158,0.54520393276284,0.367357232592488
-1,-0.5,-0.2,0.25,0.7,0.3,-1.06415466971371,-0.556719857496361,-0.173097516737678,-0.351858952244132,0.356003777034184,0.825614543778884,0.0770395362989976,0.0768392604465295,0.071120090962609,0.160327339005537,0.165152440682733,0.126662729319116,0.113843629960899,0.0798773031069807,0.0765164453074337,0.527370033452512,0.23393298329154,0.431566490037291
-1,-0.5,-0.2,0.25,0.7,0.3,-1.10014835841134,-0.541332471024472,-0.141851952168977,-1.06315696428359,0.0510747492908069,1.2542260106645,0.0761479100090561,0.0707279097674561,0.0742723099981124,0.121824652293069,0.120948659002089,0.135584281905893,0.0886364887859781,0.0742856275229328,0.0786686721653717,0.54197049070158,0.16796051980145,0.529316261670348
-1,-0.5,-0.2,0.25,0.7,0.3,-0.92987245899541,-0.503890471024628,-0.232231179414047,0.333622203018957,0.708874573693524,0.33157159882747,0.0868094126877947,0.0748500744813224,0.0706482902099845,0.277873460136937,0.254603769960387,0.0997438351133176,0.163536475621295,0.0912469314105771,0.0861731664922183,0.765613159061157,0.408672007023016,0.463723259382057
-1,-0.5,-0.2,0.25,0.7,0.3,-1.0193779719159,-0.545627943598186,-0.197264193848387,-0.85720115422698,0.593075001753737,0.901500870991737,0.0943265676896936,0.100289289028736,0.0729973844352209,0.140352194876719,0.144292208413907,0.133225305086471,0.113263411471736,0.122650332574557,0.0785255555225355,0.659542835197658,0.187666268517017,0.595094449642807
-1,-0.5,-0.2,0.25,0.7,0.3,-0.894184516724772,-0.501767519991862,-0.24147421256741,0.125875147811644,0.684318720530141,0.407961368873891,0.0947144253452397,0.0959672433195416,0.0727929597127362,0.218207979975929,0.207655290309215,0.108763105661534,0.171502051550827,0.110062356122855,0.0835104142105398,0.573099917220467,0.313403804836841,0.43389441469144
-1,-0.5,-0.2,0.25,0.7,0.3,-1.00787431711624,-0.549138929957155,-0.260296904530769,-0.126780456946836,0.585232560190747,0.528099338510818,0.0860748884617113,0.0808969145096381,0.0790920553052762,0.191929515051391,0.17962352967093,0.123576240254803,0.126560143566287,0.0838543985497145,0.084523107709689,0.491370200673668,0.249894883424329,0.365588933813959
-1,-0.5,-0.2,0.25,0.7,0.3,-0.678950654430201,-0.610670881346361,-0.263180839583262,0.901987476974979,0.839015112868638,-0.366031968289206,0.097978416353444,0.0985901742214198,0.0875217612564311,0.290347464103905,0.263318996211087,0.100390955418678,0.314524066983401,0.117716339484724,0.0945051547885112,0.943073340454856,0.549911515385961,0.54632016353628
-1,-0.5,-0.2,0.25,0.7,0.3,-0.987875120786494,-0.396793719909634,-0.205137675005028,0.462072529077443,0.505812982128683,0.148008260810583,0.084828582118519,0.0835868728758913,0.0827792616820942,0.234347839348526,0.210256690690109,0.105773492916048,0.19931154924433,0.0948598001365526,0.0951738941580782,0.677936481391842,0.367758291243932,0.442315639757251
-1,-0.5,-0.2,0.25,0.7,0.3,-1.02813580347715,-0.493067285196221,-0.201743245396195,-0.116312107475827,0.44933944672729,0.698581872015117,0.0738745098605723,0.068191651796168,0.0810466994371678,0.186331488884504,0.185574830680334,0.123459194459306,0.123086201755911,0.0743746015785633,0.0815041113072853,0.613961869442261,0.27140565596499,0.453244364572406
-1,-0.5,-0.2,0.25,0.7,0.3,-1.20878354642363,-0.332504635277462,-0.384842624273596,0.883337154140135,0.759705709969871,0.20026480203762,0.0703943543160642,0.0705384548155966,0.0693078312918201,0.290910171823406,0.279734662249929,0.0867392379834627,0.148980683754459,0.0832048445248984,0.0721872534288703,0.62738920031548,0.458387046540863,0.311623889746957
-1,-0.5,-0.2,0.25,0.7,0.3,-1.12746377704047,-0.3751302868495,-0.114028699384819,-0.207850529147361,0.539139072389415,0.437446761495811,0.0928442786297183,0.0946100269099373,0.0889402724913606,0.174278329674455,0.174515715553877,0.125076905809931,0.157677180015038,0.102956190992673,0.0886696762290376,0.454506603797424,0.27268487035069,0.394253225996536
-1,-0.5,-0.2,0.25,0.7,0.3,-1.05879789401145,-0.68284043033261,-0.323685078616048,-0.0571531074245112,0.721625846234345,0.677783687846379,0.0836219166533292,0.0892832235291642,0.0654004964399668,0.189878236516919,0.180672268304741,0.120487039392989,0.121427012490779,0.0938644369505441,0.0666198099087456,0.425919734069051,0.250691084647004,0.331451357028545
-1,-0.5,-0.2,0.25,0.7,0.3,-0.922615068331174,-0.499988642895212,-0.179096779998935,0.428023266655933,0.827098404536982,0.17346502438938,0.0898585536903127,0.0948350749299201,0.0755391977983965,0.2410294767603,0.214668535261643,0.0997378803815843,0.193074398793015,0.0980469520419247,0.0873681437229065,0.741761880548586,0.3921000930287,0.450717386254763
-1,-0.5,-0.2,0.25,0.7,0.3,-1.03204453542545,-0.58472949462749,-0.161752102389429,0.214233270168518,0.853777097935069,0.474534925564223,0.0922903584852766,0.0877775612226765,0.08131610464484,0.239462977624633,0.223733796632116,0.104354992539228,0.14565363004789,0.0980250521276733,0.081535784261496,0.6747711519119,0.348905781162664,0.418656646164766
-1,-0.5,-0.2,0.25,0.7,0.3,-0.21585638095172,-0.459781115439065,-0.193678463619012,2.58993514120069,0.0895672209260053,-1.06901948944059,0.0832623385368264,0.0839418163213666,0.0800720192785612,0.543620055819838,0.555316026601927,0.0737674301442012,0.614025320057387,0.103835977433599,0.0932451229122691,3.62609665110272,0.900966201953624,0.851455585477175
-1,-0.5,-0.2,0.25,0.7,0.3,-0.575596443830625,-0.562418754589332,-0.261730102471447,0.741066441536233,0.599917429856286,-0.414596205151201,0.100651155649882,0.101732653377662,0.110430610382124,0.282280671271854,0.272395073603387,0.102162766511282,0.356314024994009,0.124519353842704,0.112438465181428,0.638609247743645,0.408210335025873,0.552563054712857
-1,-0.5,-0.2,0.25,0.7,0.3,-1.09714870450763,-0.594859514331882,-0.259132870269718,-0.106087246682067,0.586160809658138,0.528288408504605,0.0846358554603897,0.0902211586293549,0.0872711411336066,0.192085049818729,0.186883337652583,0.121158449880962,0.140155626670553,0.0953154802892502,0.0933650232689558,0.537412243990347,0.273971736733169,0.416439184607895
-1,-0.5,-0.2,0.25,0.7,0.3,-1.07290997939951,-0.469165182761356,-0.292915374263737,0.339853038067978,0.902446565909481,0.556368021318647,0.0799530573075625,0.0790076514207462,0.0679588567153712,0.245172777521298,0.221738115230454,0.0934114337963173,0.134323312928191,0.0851023726419018,0.0731372732276105,0.646954392589842,0.363409222590822,0.383003283487788
-1,-0.5,-0.2,0.25,0.7,0.3,-1.09992521994873,-0.499270572385386,-0.255313827402958,0.0266611186400533,0.506912683646694,0.638233839004163,0.0784572426687787,0.0753926981302197,0.0762684310984899,0.199275080059086,0.190338839678585,0.119584263403172,0.11979678062107,0.0791641066975525,0.0773799245639423,0.550940485249656,0.298630010357642,0.373130792717004
-1,-0.5,-0.2,0.25,0.7,0.3,-0.693320838372084,-0.444784447655266,-0.140597741511411,0.763245096596686,1.08222208699102,-0.183594211844739,0.0986927551258759,0.0952724242065734,0.0840194301849767,0.288199145309313,0.271337962101899,0.0981826328179218,0.275343767868049,0.114074167673526,0.0906336129548171,0.743214402285448,0.459545054350161,0.500799649103527
-1,-0.5,-0.2,0.25,0.7,0.3,-1.06400622641321,-0.5333250051394,-0.255963340082419,-0.181222047987226,0.662840820197738,0.612705710066039,0.0836978779714173,0.0929516366681797,0.0915099505628772,0.179638926019638,0.174345225336735,0.117230761218511,0.140804401493159,0.0989747161068849,0.0893919525733654,0.571269794211395,0.276838853682573,0.443473184374344
-1,-0.5,-0.2,0.25,0.7,0.3,-0.949300102286901,-0.626284310861758,-0.277162547361413,-0.111630021698732,0.63336661219156,0.735269015310095,0.083369487781142,0.0739902217796253,0.0689801060050665,0.212209428058038,0.217435758263648,0.124413846246753,0.110600405259089,0.0737309571692369,0.0706048283568634,0.551350738583772,0.362078252315374,0.348838247749467
-1,-0.5,-0.2,0.25,0.7,0.3,-0.703268156885073,-0.348028455655071,-0.278858392598418,0.707317443775502,0.0779831968859348,-0.206010680209465,0.0878219664898402,0.0872973772975445,0.0911579244151376,0.243292665890068,0.244237328118997,0.106797231569441,0.317650375168818,0.116659580392414,0.098596198341734,0.877908544170119,0.344337934516664,0.634075743435265
-1,-0.5,-0.2,0.25,0.7,0.3,-0.779253960024559,-0.409168316268995,-0.042877734116455,0.948753929206915,1.06900451527561,-0.171669891551571,0.0960624666780647,0.098898983274443,0.0844399938834035,0.318618335803629,0.268339702923454,0.0767693654815764,0.320109694823264,0.114497361412753,0.0888471679200579,1.16364661474902,0.63569467393215,0.611067595601918
-1,-0.5,-0.2,0.25,0.7,0.3,-1.15556874736229,-0.528090291505551,-0.179380973772895,-0.124735092313903,0.90097493608689,0.681610467709482,0.0866961539555128,0.0837831776364387,0.0700162216866143,0.187170008213138,0.188806637306496,0.110198715052431,0.114110357812258,0.0887621380389945,0.069865311687892,0.374959333622182,0.253586220537872,0.284292726827841
-1,-0.5,-0.2,0.25,0.7,0.3,-1.07448655666803,-0.435057470654542,-0.28934540101942,0.0875711357181892,0.520300039156865,0.438164158521476,0.0813611741580069,0.0791711230468393,0.0740996825257928,0.20024871143213,0.191683488303386,0.114033549762836,0.140669855954543,0.0964197813984069,0.0836735718596034,0.665571678740139,0.27294729156025,0.46800226020455
-1,-0.5,-0.2,0.25,0.7,0.3,-1.14990756049875,-0.487853223867591,-0.295010867966288,0.188247541614845,0.180848167428182,0.478583570011026,0.0720223489957695,0.0712694010031481,0.0674877866347114,0.199187263257546,0.192346295796563,0.116228041849991,0.131258584748514,0.0824590283655841,0.0715537447655077,0.547035690936076,0.271217662486002,0.385198659819922
-1,-0.5,-0.2,0.25,0.7,0.3,-1.1422025289004,-0.486374320911777,-0.13277901795203,-0.275173857206136,0.340102904236412,0.556935247042933,0.0842894558515221,0.0783671857842345,0.104823970351733,0.169696500326519,0.167867226566748,0.130286711993507,0.125137598018425,0.0790336711679333,0.0980840791914279,0.469790488261494,0.20325980648847,0.388959523718051
-1,-0.5,-0.2,0.25,0.7,0.3,-0.901679307295059,-0.3374224536659,-0.307872464616767,0.420113425721339,0.417905169747965,-0.00758116300000111,0.0892906705076689,0.0886288891469312,0.085339099312993,0.242973147795965,0.223472797791484,0.113531745476831,0.224174617192005,0.102893206288112,0.0919159002604798,0.727330937585654,0.314588143725978,0.528839990382109
-1,-0.5,-0.2,0.25,0.7,0.3,-0.797906911170902,-0.639781517233524,-0.192285559930479,0.0713487053060486,0.779676397531806,0.285541997857777,0.119301050156636,0.126847153722491,0.107661675327881,0.218373440946744,0.196779005777384,0.11760557383851,0.218191801163131,0.124298801244337,0.0978205507652889,0.596325304070945,0.324922225582879,0.486559928309579
-1,-0.5,-0.2,0.25,0.7,0.3,-1.0443615055366,-0.560279568879219,-0.126712918559979,-0.85701289404009,0.278793075295455,1.12445468155161,0.0895671583049248,0.100818609483254,0.087177544749885,0.13223176017746,0.133711724623719,0.1411388932724,0.118434812007041,0.0948721234876552,0.0902999920113552,0.679390108875394,0.238105139154871,0.649566695733413
-1,-0.5,-0.2,0.25,0.7,0.3,-0.978174261909687,-0.468442923270576,-0.242922179321221,0.0972085669174906,0.492293564886454,0.435948167926904,0.0842332256030012,0.0841684801926847,0.0818341818861779,0.199250824199848,0.195942372707787,0.115966502782206,0.159669430744492,0.127899071895764,0.0902243232249132,0.731609921172587,0.277959277768948,0.56578259860647
-1,-0.5,-0.2,0.25,0.7,0.3,-1.09359557868928,-0.537920956142009,-0.251505656692188,0.759248272862642,1.12526037028021,0.486923906518659,0.072042662833433,0.0780992080838896,0.0642446175857213,0.292054474331947,0.238405224747088,0.0797967799513897,0.118633964999478,0.0872424395643115,0.0703020306179628,0.570485787280012,0.379227826703164,0.26361284685732
-1,-0.5,-0.2,0.25,0.7,0.3,-0.853711253177549,-0.65426772747345,-0.245435067220611,-0.123938181402699,0.419858526408132,0.521332615046925,0.102930486171528,0.105307873868598,0.0913232278654669,0.184315750339157,0.188214814621652,0.12950388674062,0.163449725524843,0.111900029140672,0.0943499952442847,0.466783601311993,0.279967066777978,0.397624340168366
-1,-0.5,-0.2,0.25,0.7,0.3,-1.09471474547486,-0.623863409905982,-0.179147555709108,-0.442423442956227,0.203281716079759,0.859082006987838,0.0782154608321139,0.0752659734081543,0.088351847064418,0.148550535335859,0.14652639446289,0.131130462208206,0.102779859638866,0.075727884720843,0.0798078429993918,0.394760097303533,0.181826443258352,0.339580004735488
-1,-0.5,-0.2,0.25,0.7,0.3,-0.943314874127472,-0.342720194570327,-0.100208995033295,0.400016639790239,0.84592969216174,0.160461189381709,0.0932450632427094,0.0952394313696595,0.0775935862074554,0.237375391982215,0.229682180337551,0.101760741376213,0.198426102392883,0.107894894520745,0.0901948539648151,0.636164350522299,0.413186807073991,0.420300701252357
-1,-0.5,-0.2,0.25,0.7,0.3,-0.876041328031539,-0.330007519661413,-0.268327956769094,1.65288935232145,0.745554258423427,-0.397420121906794,0.0774130664430892,0.0759480366164769,0.0698213769319497,0.397992289059416,0.372467858270821,0.0735982503988171,0.30910789497358,0.105291065186612,0.0808026598189427,1.73736071845396,0.883202512445566,0.567719124920177
-1,-0.5,-0.2,0.25,0.7,0.3,-0.861823201226473,-0.566296422559057,-0.143677798995943,0.119698596853682,0.819249361297728,0.382701930129403,0.0993112700427624,0.090230862627784,0.0798408394349925,0.220044993088455,0.222028261096722,0.112670526248685,0.164013734237121,0.0912365436389169,0.0905904831355913,0.574825553944092,0.404628380520162,0.386747485481398
-1,-0.5,-0.2,0.25,0.7,0.3,-1.08920911111806,-0.610146213644268,-0.105434896641953,-0.908958442270045,0.774616229694779,1.22927349447601,0.11458690461326,0.101291861245816,0.0724275732464627,0.141405522900701,0.144846330657613,0.130983177106376,0.126385518552388,0.0880262220263014,0.0718604806523152,0.490770238542289,0.204540317025134,0.471334809132236
-1,-0.5,-0.2,0.25,0.7,0.3,-0.936088716868127,-0.584940885352565,-0.232647684683134,1.02543515555502,1.31657154613022,0.189967366920843,0.0811181617412163,0.0774535208141266,0.0714522128095351,0.348954055893113,0.324934056605091,0.0772918000931886,0.153415372545931,0.0859507188969431,0.0760873704389499,0.735801267759346,0.604415522909025,0.291492956173928
-1,-0.5,-0.2,0.25,0.7,0.3,-1.01199174358635,-0.303340037229794,-0.228702885555895,0.165896260869352,0.11586563341131,0.161680441968956,0.0888410910062034,0.0931310708407319,0.0892785916376008,0.202844009683997,0.192251840517262,0.123277670742764,0.225380168580746,0.114212674521896,0.0975391651523468,0.688534542668984,0.27899842485324,0.585792551396356
-1,-0.5,-0.2,0.25,0.7,0.3,-0.883198391288162,-0.378393045309231,-0.252834147829941,0.401219941727115,0.320320491212848,0.176216995252665,0.0854274892462898,0.0867873917603068,0.0954976589799644,0.227090293448997,0.214585814852278,0.109180560344228,0.206953419280433,0.0962246410485903,0.0967189836160662,0.663670420498906,0.346267771962288,0.484649595723073
-1,-0.5,-0.2,0.25,0.7,0.3,-1.10646558105505,-0.317850963770542,-0.235158178898634,-0.497908052716558,0.220126684797509,0.63315600982654,0.0900290331164581,0.0919445598333808,0.100372740151664,0.147033866788269,0.151170336302064,0.13853719795174,0.137042600064481,0.0979321212298822,0.0953019905011609,0.440183271247422,0.216661710306695,0.421546955726597
-1,-0.5,-0.2,0.25,0.7,0.3,-0.582077891927639,-0.47035885087279,-0.101565423686786,1.14623261454461,0.785002845614158,-0.263446797247194,0.0917910738708633,0.0915602928671621,0.0920428234661758,0.354494747174007,0.329407523645379,0.088321378316553,0.270578057686753,0.126836280486855,0.0990841064906651,0.978849641432677,0.481237061215432,0.512670018738785
-1,-0.5,-0.2,0.25,0.7,0.3,-0.897974086011321,-0.473911663834554,-0.202455398498174,0.063925533758493,0.551858832531561,0.254269453317428,0.095903698328445,0.100188453867393,0.0948862394173937,0.221034673015298,0.21336878622542,0.125170833767205,0.18972194317523,0.106987795138921,0.0952823973165339,0.669124135263659,0.330392221409716,0.499885660640111
-1,-0.5,-0.2,0.25,0.7,0.3,-0.937528192904948,-0.507121677847203,-0.248595370475333,1.0519345475226,0.85528480665196,-0.031231900730545,0.0780181056377742,0.0767950499218161,0.0692397329276427,0.298567291797868,0.268410950441561,0.0874416760559193,0.21280526042703,0.0971033568721673,0.0781630172508331,0.762384411452022,0.464691274673732,0.408639370533392
-1,-0.5,-0.2,0.25,0.7,0.3,-1.1943571720931,-0.549017772945539,-0.273735330693629,-0.963240240812691,0.465621240778736,1.29923185069191,0.0798634814076071,0.0842254004606486,0.0600118183260459,0.13020992245562,0.132312101548475,0.129171650759879,0.085666319216047,0.0834470956780888,0.0616770022628956,0.500534582575218,0.160584310744421,0.454932659096454
-1,-0.5,-0.2,0.25,0.7,0.3,-1.29559354341067,-0.51647373237814,-0.0953978599698229,-0.875729200956732,0.453142381334918,1.50866285000225,0.062293074281311,0.0642184908933055,0.0600543355662973,0.133975225750913,0.133961982244987,0.122506089688701,0.0650013783429705,0.0624673143429398,0.0584945049096387,0.538015414407985,0.214486261013707,0.422834935962548
-1,-0.5,-0.2,0.25,0.7,0.3,-0.416292571195333,-0.339617036570831,-0.0827812299751934,2.58006016879727,1.37953713856024,-0.887185354519038,0.0845300188924731,0.0897879383048558,0.0801333466933697,0.710229525195689,0.561222259106873,0.0521230582963199,0.812290648517648,0.216901567868469,0.105210244677346,5.60757324533383,2.61714738674051,1.25364166902484
-1,-0.5,-0.2,0.25,0.7,0.3,-0.873873874877719,-0.552836212182137,-0.296811119906111,0.119005731957149,0.645439280983289,0.0625031340895089,0.104254899300683,0.101573895237188,0.0937243796704606,0.221116876172097,0.21253062884351,0.124890028288108,0.231115178452396,0.112098500303696,0.102895028805729,0.575211715456766,0.315087244338565,0.483787429244552
-1,-0.5,-0.2,0.25,0.7,0.3,-1.00502621140729,-0.364392737413234,-0.0388210716262506,0.648780141080003,-0.0104659343764318,0.0979606695446572,0.0831480498721569,0.0841773626977783,0.0808795666584061,0.259352300187694,0.265657901912589,0.106007219631059,0.197497063739845,0.0998458931356645,0.0914848059945514,0.647738271123987,0.350952738146856,0.426488572308881
-1,-0.5,-0.2,0.25,0.7,0.3,-1.19511171823164,-0.394717912849127,-0.207047579820548,-0.0576404485435659,0.782338207485736,0.790904265291648,0.0726562870286654,0.0677037843759833,0.0683384016225384,0.209371765364781,0.20934696891103,0.107636185102216,0.114842075729954,0.0744947546483221,0.0809050922673418,0.541815572223336,0.331440181934764,0.375147217392397
-1,-0.5,-0.2,0.25,0.7,0.3,-0.927325998459068,-0.547933626114951,-0.230129168023524,0.208957902071191,0.842828037270414,0.318962817419564,0.0886511509109796,0.0814347782401652,0.0750856675565073,0.21622054902269,0.205154704975772,0.111655417488968,0.16984936353893,0.0999748759092713,0.0773585979208152,0.588683946738061,0.300582203167951,0.449872032301318
-1,-0.5,-0.2,0.25,0.7,0.3,-1.11804643767218,-0.540919202343785,-0.229833296568734,-0.074634032295385,0.683338513444344,0.452968726270897,0.0921773754031789,0.0871977379008853,0.0745528369469518,0.19452341348789,0.20661122876148,0.120410644889789,0.139264147012815,0.0979822665679306,0.076166297011563,0.532226305612736,0.289773079918103,0.39709016634121
-1,-0.5,-0.2,0.25,0.7,0.3,-0.863408973116405,-0.541581812848583,-0.137636128029694,0.607095885018214,0.336821455400045,0.0934887271788518,0.0850810715273735,0.080861722748422,0.0831595711035122,0.24713601487152,0.239097028582471,0.103824854569701,0.228206665203019,0.0944571192734708,0.090131750750745,0.668785064959098,0.360966183665825,0.477595783227211
-1,-0.5,-0.2,0.25,0.7,0.3,-1.0476201308312,-0.479608357817045,-0.223975102595589,-0.618709513534806,0.671208931015173,1.07211192710217,0.0796495397040905,0.076838414900795,0.0781021038858041,0.16151681862055,0.173471293876262,0.129445214917738,0.102812222792567,0.0835254531109852,0.0810202185311383,0.501628313019058,0.240805506390691,0.41506071278936
-1,-0.5,-0.2,0.25,0.7,0.3,-0.953920307695029,-0.510520611230505,-0.270013592933166,0.0403955842977605,0.65411486786178,0.302211700417649,0.093269550863932,0.0889269211250561,0.0932087348968548,0.217915687110345,0.21887746913778,0.125331256958626,0.178472568270252,0.101563810787471,0.089893149088463,0.678129670234579,0.368349490265335,0.492735814972929
-1,-0.5,-0.2,0.25,0.7,0.3,-0.871276025329677,-0.652563842864145,-0.269941235811962,0.159764145118878,0.85013416751724,0.234884726122805,0.122960749527214,0.107983902331171,0.0896698917000975,0.23250699173922,0.220312605165461,0.118755741291777,0.200125080276899,0.112734543823465,0.0918318127960859,0.557844753740087,0.31074044323366,0.419182776686286
-1,-0.5,-0.2,0.25,0.7,0.3,-0.875076946975123,-0.493525337710778,-0.207729560888564,0.390369724474326,0.5231999366879,-0.0442496662792128,0.091957720626576,0.0897525692063062,0.0956279879681481,0.231269710540271,0.242455619402742,0.108185566173916,0.2539374324955,0.102517494096213,0.0999507974830668,0.763624240929235,0.409659999598595,0.56019773779171
-1,-0.5,-0.2,0.25,0.7,0.3,-1.13096747372281,-0.482153620321915,-0.417003330845369,-0.38547945341164,0.765660422631522,1.15479468078595,0.0669913444360089,0.0654214535111567,0.0589843311393349,0.187158835049742,0.191348863720876,0.115324159053224,0.083028736098446,0.0691204962482739,0.0670585800581925,0.719399324988688,0.377859856293494,0.442765453031023
-1,-0.5,-0.2,0.25,0.7,0.3,-1.03722003151316,-0.338640651906091,-0.213554035487189,0.753759124444957,0.645406394031984,-0.0360449449660723,0.0828246774614432,0.0813717956137402,0.0901111401101675,0.27282303978853,0.257386867142879,0.0964258207351385,0.280702817487904,0.0982905427813681,0.123621121819178,1.06769859729545,0.400474618012255,0.647922570718057
-1,-0.5,-0.2,0.25,0.7,0.3,-0.755517274884002,-0.522849330925663,-0.267937515249643,0.909535225584011,0.602543839860924,-0.514538554577117,0.0953683664165364,0.0982939551328311,0.0868273713164954,0.274098035940103,0.251564225838318,0.101612083398908,0.434199000827931,0.121883500732651,0.0980643254825992,1.11676249941148,0.528908855069731,0.731372423570769
-1,-0.5,-0.2,0.25,0.7,0.3,-1.09494638666376,-0.475196958908012,-0.197221074183453,0.352831142794775,0.597900797058091,0.466623105258632,0.0781143608956451,0.0710792055719214,0.0720062084358842,0.246533295652105,0.222427401865246,0.10604444909166,0.122794034377032,0.0778446257116523,0.0703454401814472,0.52975627290042,0.352510010331743,0.319006603017959
-1,-0.5,-0.2,0.25,0.7,0.3,-1.11598803344655,-0.438859724868559,-0.190845770649258,0.456268629768133,0.970211001220553,0.317684852100117,0.0908291500435558,0.0878643943117668,0.0716008581347013,0.270590210085147,0.250844541207275,0.0953513678301956,0.158478271235508,0.103081295580022,0.077857261456826,0.789972355695669,0.525064565588722,0.396790603783038
-1,-0.5,-0.2,0.25,0.7,0.3,-1.00688651425299,-0.476366427255274,-0.336430268001497,-0.155183904526929,0.651444367779808,0.352544179917185,0.104025566866725,0.101399691510874,0.107234262197246,0.18733394153659,0.183899646960274,0.126359418844391,0.163280689162185,0.109297067159892,0.103222355650147,0.470427004936603,0.246146342455549,0.399544227280754
-1,-0.5,-0.2,0.25,0.7,0.3,-1.03488626952162,-0.58049896128782,-0.129837625337929,-0.373217319949056,0.674859610004274,0.796115904458293,0.0917356690072594,0.0893591584419596,0.0768889579856764,0.174131422244944,0.169137030911597,0.127309943926893,0.120149710688015,0.0881528518584254,0.077271342611197,0.462584411081038,0.228394336753939,0.379048732229207
-1,-0.5,-0.2,0.25,0.7,0.3,-1.11582854579516,-0.492978649218922,-0.0631336230931046,0.0367949128960811,0.574474162698309,0.785423778702972,0.074276284627139,0.0712328917739668,0.0637831002330344,0.210894673159884,0.200959460589471,0.113432098979402,0.112467141812566,0.0779820479985474,0.0757459992032987,0.584166028228824,0.275367246125476,0.407021477098754
-1,-0.5,-0.2,0.25,0.7,0.3,-0.9657070369451,-0.468759187701855,-0.262340071809372,0.455545047315873,0.823504880906136,0.296999599232197,0.0857491170376231,0.0835233118780302,0.0780308434388592,0.255414449936798,0.238589855867764,0.101319850156609,0.150916250208273,0.0890214837015259,0.0809415065470089,0.553737539707528,0.373121258139172,0.329208316128252
-1,-0.5,-0.2,0.25,0.7,0.3,-1.04228906205237,-0.562422585251243,-0.156565260459935,0.799925867293766,0.784004089848722,-0.0607237130179465,0.0905180745041786,0.0890561641806362,0.0764156253311276,0.28947101107496,0.255580671353812,0.100371440685325,0.243972314555953,0.111517354142457,0.0895751479990393,0.889399781490285,0.422980841724967,0.515763968660164
-1,-0.5,-0.2,0.25,0.7,0.3,-1.23519875376696,-0.543669081902757,-0.171423782777761,-0.602384534557944,0.340297709091174,1.13949320279432,0.0739949017420531,0.0681471507130506,0.0728519663573648,0.143833032956008,0.143603438271636,0.129520158351008,0.0862347342329285,0.0694005837263522,0.0688810843823849,0.490184866711897,0.203270851269402,0.408541990441841
-1,-0.5,-0.2,0.25,0.7,0.3,-1.01653110290919,-0.384865126426951,-0.197108223068689,0.761622698109487,0.705309450519689,0.105007589090832,0.0823271922474604,0.083205277048869,0.0749733051188653,0.26703029579966,0.231852922768184,0.0961695250095095,0.182280281758269,0.0993615146129549,0.0786790379877287,0.691460056751166,0.353960878021962,0.398958322178884
-1,-0.5,-0.2,0.25,0.7,0.3,-1.12498974995843,-0.566905096229594,-0.302205523284538,-0.0522113085279197,0.940667256918662,0.705025648040874,0.073155628725121,0.0698228338180663,0.0611919498547102,0.19605980323771,0.187792222242339,0.103465675900135,0.104487213361609,0.0838194194578258,0.0606744609056656,0.505299275971549,0.27191770225649,0.339228847421852
-1,-0.5,-0.2,0.25,0.7,0.3,-1.09672316135514,-0.590719833144812,-0.155951223011544,0.767042374392727,1.31002786694567,0.346627580170423,0.105014755789268,0.108163204561694,0.0622971521513084,0.32780328676572,0.262907562644023,0.0854241685243819,0.149109174655607,0.108565531291312,0.0650722674066731,0.669522561314524,0.441013522237764,0.29433392580753
-1,-0.5,-0.2,0.25,0.7,0.3,-1.11521976454903,-0.515384456527446,-0.104673746429658,-0.288365365593849,0.537520206243983,1.02125224209224,0.062460018213504,0.0555659360390044,0.0578688320805743,0.165706821577595,0.171084969295333,0.119010633100985,0.0843174368515876,0.0595208282683148,0.0632295535381248,0.47537114236543,0.245823714311294,0.363494275111959
-1,-0.5,-0.2,0.25,0.7,0.3,-0.99719825133347,-0.569936251573717,-0.197944527016925,-0.0688135132362395,0.622426117156809,0.413080218727519,0.0917139964372534,0.0916456464575663,0.0779077205702518,0.184778110651708,0.172202787552456,0.119660928513334,0.21948912186066,0.0921878798248614,0.084009044109511,1.05188764935027,0.442890911554071,0.766898433227405
-1,-0.5,-0.2,0.25,0.7,0.3,-1.08011096603959,-0.487824820730337,-0.288915455286781,-0.328316468825263,0.286545676203415,0.785621784288816,0.0800983073832383,0.0763355232296424,0.0777410930542464,0.163461366649893,0.175317343748808,0.129446558048439,0.115490461909073,0.0814855438666089,0.0758718104580312,0.499210332477344,0.247824399796979,0.41445556689013
-1,-0.5,-0.2,0.25,0.7,0.3,-1.14038617374835,-0.664070757053201,-0.163979627444295,0.183920135967499,0.839066222927263,0.633680423725816,0.0826983270267757,0.0825234535285206,0.0616195111212796,0.228228630251686,0.205864737621605,0.109877542340981,0.126407252498239,0.0848593812020025,0.0682326642146133,0.711173073755088,0.399428665536135,0.396232550208662
-1,-0.5,-0.2,0.25,0.7,0.3,-0.856055557292629,-0.489760348119252,-0.191741320697534,-0.102816886546245,0.222639008003502,0.35876207391161,0.0959551431913838,0.106886618786882,0.097955271434853,0.184402159001792,0.189862539821339,0.135004468244696,0.187357553693994,0.129020835798681,0.100648886676596,0.592173076363635,0.276591492512566,0.519245249078793
-1,-0.5,-0.2,0.25,0.7,0.3,-1.07473925858257,-0.540324871966108,-0.134839143188701,-0.269495536506772,0.704690521882624,0.828460298348698,0.0881882915014706,0.0965588442425742,0.0728428481892382,0.18962079402338,0.172620870954562,0.120294740285954,0.106960315242639,0.0929399134031172,0.0772998859022131,0.539399282805061,0.238426473603079,0.384104888316296
-1,-0.5,-0.2,0.25,0.7,0.3,-1.04311868773905,-0.482283079666381,-0.350723963255688,1.2016048555739,1.52400113719378,-0.13589258998744,0.100552333497453,0.0959735846468619,0.0792686907879095,0.425622448671506,0.347796974223807,0.0715780117331184,0.237118645407482,0.115472546395758,0.0950335427332462,0.796181395016762,0.524892891613876,0.392054366170721
-1,-0.5,-0.2,0.25,0.7,0.3,-1.07202775650778,-0.667443957572344,-0.0616930802543146,0.0247691066825402,0.681284123792415,0.608555837505262,0.0774632715260705,0.0792879352398134,0.0698073856338931,0.196785217969041,0.183042039579036,0.107354153158236,0.115597076746046,0.0790947838548614,0.0714917848284877,0.407007288731992,0.252233747007279,0.290114616939586
-1,-0.5,-0.2,0.25,0.7,0.3,-1.03250886538016,-0.530389580435732,-0.224306055228909,0.231431429661272,1.02137728667083,0.333917992022265,0.0886177417102985,0.0768789354732248,0.0655544937161309,0.228312338459449,0.228625402681056,0.103306153848821,0.16023365988704,0.0861772796589218,0.0717318898350767,0.495172226066481,0.341106078388336,0.360218130598238
-1,-0.5,-0.2,0.25,0.7,0.3,-0.928486900889013,-0.363424372453652,-0.195282692206503,0.771836266901789,0.887093239366082,-0.00649720759547221,0.0840861192998825,0.0878110025268884,0.0725321845993589,0.279231962635911,0.258663063394832,0.0937876919392672,0.21049649147252,0.102664426308548,0.0833140682335749,0.789526263153048,0.513629623719482,0.419403389017555
-1,-0.5,-0.2,0.25,0.7,0.3,-0.859522346146021,-0.65779467169457,-0.133106374159237,0.569273137755914,0.732349075017102,0.043760906364912,0.0967881977863252,0.0979908671912727,0.0815824659846076,0.25569374396517,0.24379391718875,0.103061429998085,0.227924557633356,0.112151044711947,0.0850467488748622,0.734107871972144,0.434068788394299,0.470303605011051
-1,-0.5,-0.2,0.25,0.7,0.3,-1.10838630382103,-0.468132947213494,-0.237473538243685,0.5061312759411,1.03832442344485,0.347970469220038,0.0861819956768767,0.0810743383295422,0.0671636163774456,0.264431506857006,0.238862183081519,0.0923858901586666,0.132615996976337,0.0912850841716592,0.0725632100734283,0.578954719492024,0.404857451283416,0.311625335895906
-1,-0.5,-0.2,0.25,0.7,0.3,-1.14116215944909,-0.496967352925545,-0.123779515630926,-0.624714314588576,0.533641038428058,1.07335326010953,0.084985622300499,0.085457959384117,0.0642056515987904,0.150246866602988,0.151384410292306,0.129711424097868,0.0953499557053805,0.0828075552362113,0.0663746035297999,0.485211589997371,0.212624566658944,0.399643742896033
-1,-0.5,-0.2,0.25,0.7,0.3,-1.04731331450831,-0.269538266072764,-0.122145069503981,0.4588091730871,0.687755452837479,0.17946529440355,0.0880344755329757,0.0884661026721502,0.0777315241873025,0.261437784658604,0.228641969050207,0.105468642355769,0.196647433122433,0.106870825284074,0.084540693383093,0.736460115057411,0.350108314642674,0.474647900604632
-1,-0.5,-0.2,0.25,0.7,0.3,-0.77643659075312,-0.575752101604332,-0.271711760750927,0.0125540713224302,0.513330151504086,0.312189763439779,0.10344829173477,0.105135560539083,0.108125743655208,0.197570659275636,0.183821377707218,0.119264767636208,0.183062334627776,0.104297461191428,0.0944183172488147,0.503905842315018,0.249747578301431,0.431791428736152
-1,-0.5,-0.2,0.25,0.7,0.3,-0.84231408775095,-0.509085584369561,-0.231271958588444,0.315554552992836,0.770135515275651,0.111286950350409,0.0974066137268356,0.101525465955821,0.0926640211859146,0.235089417048873,0.219949239230137,0.108970554415683,0.274254520082915,0.118370618555211,0.09894128610631,0.888733189955656,0.387321881174398,0.659498511218101
-1,-0.5,-0.2,0.25,0.7,0.3,-1.12822354751367,-0.585317905267291,-0.336216735030202,-0.549215356994033,0.445214655660887,1.08144402287024,0.0746883292058449,0.0699993724357974,0.0704294134694493,0.16206738453836,0.185449648354702,0.129185830238472,0.107339265754799,0.0738105549551686,0.0776448084012752,0.776045333111067,0.290127423833524,0.632955140998644
-1,-0.5,-0.2,0.25,0.7,0.3,-1.03611076196052,-0.528082569958871,-0.404364073009468,-0.545918433054612,0.39229286685693,0.798591314623293,0.0942819662748182,0.0851553584074642,0.084505730077262,0.148286790768955,0.158903190574567,0.138740869234009,0.13386142799935,0.0937246563760965,0.0850466977573993,0.55166610974828,0.206260396000591,0.507872359686481
-1,-0.5,-0.2,0.25,0.7,0.3,-0.913745278048419,-0.370967725729404,-0.170227096699425,0.288282294740267,0.524197925572388,0.0041026098774488,0.0934609159482464,0.0923390418078465,0.0897948767599419,0.218336238838307,0.222077164289368,0.116408398228028,0.225178773723399,0.113352652220197,0.100398925297164,0.564762122973917,0.366201551707788,0.445311869670182
-1,-0.5,-0.2,0.25,0.7,0.3,-1.1576496532557,-0.463093862659622,-0.0980162051302061,-0.388742302264751,0.802381537928442,0.795234831000507,0.0855392668791614,0.0815150784441372,0.0786888241453415,0.17010496178226,0.17281446860091,0.126664627285454,0.111610425351075,0.087459698664477,0.0853776895087923,0.421932370199553,0.250549877526494,0.353830210463437
-1,-0.5,-0.2,0.25,0.7,0.3,-0.591556864296531,-0.321838929292693,-0.100427456840175,1.36111771844358,0.188257606633967,-0.696443135136349,0.0955665202009329,0.0947763069065114,0.103257137075718,0.334723357048839,0.323264493977449,0.0945854895707827,0.5998736076576,0.146995504416393,0.141655291976305,1.67971086997436,0.594963341593915,0.979296363805297
-1,-0.5,-0.2,0.25,0.7,0.3,-0.954556435229517,-0.277730614001671,-0.00557736613625209,-0.326413215253664,0.501456084199655,0.595538046753174,0.0853730122865679,0.0855497961748613,0.0891848349209191,0.175845376999648,0.172624463707435,0.129768205851166,0.130578175807576,0.094191935859899,0.0867651605922447,0.479611807762904,0.23282043969151,0.410117646079178
-1,-0.5,-0.2,0.25,0.7,0.3,-0.331724271183336,-0.352594338088282,-0.091163762397769,2.13640633633322,0.467788615309286,-0.815656353625594,0.0826935187296391,0.083445034031315,0.0801864037102941,0.47627296468891,0.434512817551985,0.0696882395340021,1.05146754344465,0.174751744471295,0.119989270020802,4.77583265332178,0.769647226058419,1.63685615394156
-1,-0.5,-0.2,0.25,0.7,0.3,-1.15229936076803,-0.675023187989681,-0.227718109510179,-0.28448044666818,0.409097643760051,0.59478810075066,0.0893480370036414,0.086196907084513,0.0832009403903467,0.172618055642758,0.170028427715523,0.130774863600949,0.129909088459196,0.0881231959933179,0.0856107164010435,0.450534074693384,0.2449619177914,0.369257122024699
-1,-0.5,-0.2,0.25,0.7,0.3,-1.0849547538607,-0.139629498425416,-0.163041621386937,0.979216469856694,1.07356978363924,-0.31555806961901,0.0874200501224334,0.0878107822235383,0.0809461001417551,0.302750123182224,0.271681747976918,0.0852114195274511,0.2778048709035,0.108709408169537,0.0870934479772521,0.88576284201486,0.507650065653077,0.491398714990147
-1,-0.5,-0.2,0.25,0.7,0.3,-1.02361901154445,-0.342292550216964,-0.240280918402721,0.0054623184766709,0.70926180842279,0.420049274193719,0.0897954537075038,0.0898727896798089,0.0734081163181631,0.188655623840887,0.18678640640636,0.114727496947469,0.165421929525722,0.0963945000591436,0.073452877648596,0.503420728578598,0.281369683057083,0.411726310879779
-1,-0.5,-0.2,0.25,0.7,0.3,-1.11305963563162,-0.605472382269665,-0.0838166085768215,-0.12293826821368,0.364574458241132,0.544016114475024,0.08198707377738,0.0854770241796247,0.0721095957889641,0.183294439901407,0.182287601609393,0.122344481796618,0.137149204484822,0.088671784709074,0.0796137046721994,0.600953204523577,0.274626780110384,0.459986961873089
-1,-0.5,-0.2,0.25,0.7,0.3,-0.729805079739239,-0.547221927665972,-0.307741765894991,-0.0357778133556934,0.553472648680568,0.272317872038206,0.112686631582107,0.100525855055411,0.0937880357153761,0.190779839908244,0.176062045042512,0.124808112082552,0.206483400039194,0.111484235630017,0.0906753982743503,0.587143757771437,0.262002334136069,0.508255508367847
-1,-0.5,-0.2,0.25,0.7,0.3,-0.905540228854901,-0.587034574931166,-0.140357120845733,0.0444374217380305,0.860205503865955,0.288096813004851,0.11489253109573,0.105888454281361,0.0818839058806786,0.20438011015808,0.181111527029582,0.118593525125922,0.19915810361458,0.101458478953373,0.0880324759743109,0.612381598299928,0.302898389271203,0.453074869761903
-1,-0.5,-0.2,0.25,0.7,0.3,-1.00708112087747,-0.43959469686487,-0.315910722300801,0.061332011401752,0.812344334969608,0.512480042849292,0.0799361311452791,0.0774159632598992,0.0735748035421808,0.216840813058004,0.198560697288891,0.11290579150258,0.134249076602589,0.0912930450741475,0.0768267450672627,0.475736894386795,0.235867024841645,0.359311409737015
-1,-0.5,-0.2,0.25,0.7,0.3,-1.08913478975296,-0.340436786777813,-0.555121143155153,-1.71005832419261,0.0972147764987411,1.76940663903677,0.0725527377392044,0.071484648767253,0.0843148983317735,0.10773179500478,0.107284686766387,0.122286359371222,0.0768283009190754,0.0788948411365178,0.0923357775912111,0.700156932155961,0.138282427652556,0.715818440391042
-1,-0.5,-0.2,0.25,0.7,0.3,-0.650983821029245,-0.358112048766185,-0.142321769272424,0.700674173352317,0.402200549797126,-0.088690287667713,0.088355982790991,0.0912787664763751,0.0947341111598651,0.26365199341064,0.26621466086988,0.0997413686571272,0.244081778552203,0.115092638123998,0.0909653181942687,0.647956799365756,0.48471917430184,0.451754944239798
-1,-0.5,-0.2,0.25,0.7,0.3,-0.884439123967731,-0.583544763591473,-0.221528777985482,0.239968417791816,0.265812386791697,0.279202077997343,0.0856324372562211,0.0811382183157322,0.0792485773831847,0.20658640158258,0.199984905867485,0.120626259774532,0.183412255551634,0.088616271177889,0.0815870526035066,0.57503263898493,0.297716519254267,0.45527103183932
-1,-0.5,-0.2,0.25,0.7,0.3,-1.26171244760056,-0.534088539314387,-0.138467904990585,-0.70622453337119,0.389249552437316,1.16326175521908,0.0771744576916681,0.0820540869768038,0.0561248904671157,0.137827506322975,0.138956427096304,0.128557145777665,0.0866016012022814,0.0809984084012244,0.064772816152909,0.481668418616196,0.191236743366932,0.410202441177189
-1,-0.5,-0.2,0.25,0.7,0.3,-0.841888184316807,-0.501998624554995,-0.133390408244037,0.429293139672965,0.42936577931895,-0.000947170871072655,0.0852296719170607,0.0843278710016594,0.0879518325738275,0.221785600931077,0.22401963275331,0.110711371035119,0.218690660420491,0.0894429280014888,0.0870160656309037,0.554347448026642,0.358609395457729,0.432556500661163
-1,-0.5,-0.2,0.25,0.7,0.3,-1.08187718778947,-0.43149273327476,-0.183488476776155,0.396739187001455,0.988163419612077,0.336743741215167,0.0859398554657525,0.0905702753530922,0.0772353615007239,0.255097825240431,0.246485938800882,0.100089541165042,0.147266288525366,0.0988457276517621,0.0901688934799522,0.732141270678944,0.482640523509687,0.364184240949032
-1,-0.5,-0.2,0.25,0.7,0.3,-1.15736407157696,-0.628463768354599,-0.224029704388585,0.308590678202637,1.02575861175001,0.363068621790776,0.0895770366574298,0.0851789510727091,0.0691312035395366,0.247785955665754,0.230899745158872,0.102719141175222,0.148944371215155,0.0932774611089464,0.06911067519795,0.500804375404137,0.383289175719718,0.305569398341308
-1,-0.5,-0.2,0.25,0.7,0.3,-1.04467787496323,-0.596903934634217,-0.0650203035070431,-0.0765641841002559,0.644925618482819,0.500195938377073,0.0885084220157915,0.0862964938539872,0.0714956269308258,0.183082443622078,0.182795820676288,0.119918386846784,0.137721279005547,0.0862347382983985,0.0690172089289451,0.358075813708746,0.256816073495031,0.320013179426914
-1,-0.5,-0.2,0.25,0.7,0.3,-1.16715394017298,-0.354331881830714,-0.20932133460128,0.632607376911734,0.792690446749334,0.405067657214795,0.0735254940667815,0.0760148822975501,0.0725559497625511,0.272483413553179,0.260499876384599,0.0912308234542443,0.134910810657141,0.0956394550927443,0.0786073892743759,0.690359054020936,0.392791065462895,0.398848002473872
-1,-0.5,-0.2,0.25,0.7,0.3,-0.975067388372792,-0.447865836375801,-0.127587332511974,-0.391726742326892,0.775681070516413,0.910960998451552,0.0874053357163571,0.0898583817718689,0.0795133472042375,0.174984200735555,0.177780505031249,0.1216456613953,0.123061131715819,0.0910570326002015,0.0744552690769906,0.477884171692277,0.239698254733047,0.395251867848439
-1,-0.5,-0.2,0.25,0.7,0.3,-1.08906054671362,-0.480310365404121,-0.0396097226151003,0.0670969798154404,0.46902158504224,0.263990681365903,0.085445883917165,0.0865466359963686,0.0904660705289177,0.193404528313335,0.188929207609619,0.118635290110597,0.164126637362258,0.0942122998659576,0.087936105499318,0.534181674196856,0.266214144783583,0.419668771796038
-1,-0.5,-0.2,0.25,0.7,0.3,-1.10878704095205,-0.702191658334486,-0.245870876175716,-0.13186289160384,1.0824355592004,0.537819236232169,0.0893614173584782,0.0789984827659489,0.0644022196532935,0.195740301536942,0.198710229737916,0.111510816510527,0.122431799358928,0.0837431936425411,0.0641071912992881,0.393560804728388,0.283901103754025,0.28047739450671
-1,-0.5,-0.2,0.25,0.7,0.3,-1.16259522739418,-0.497387760364292,-0.183106166368017,0.426439018590755,0.833784550386825,0.340093029925975,0.0801758787687694,0.078813940279692,0.0696778882716793,0.25265763450059,0.230797813593572,0.099134651216516,0.145062483488743,0.0917785075134032,0.0774034156030308,0.589721569112704,0.333476832957365,0.370958848012755
-1,-0.5,-0.2,0.25,0.7,0.3,-0.240960144675828,-0.417786103240581,-0.160973871977838,1.11674505644447,0.941988244874113,-0.841733848701044,0.109149606483106,0.115833284392112,0.102478014425972,0.324724867948638,0.290868681916485,0.0918671404862081,0.620133422508068,0.13537064843686,0.110661411759202,1.30489194917151,0.69809745210522,0.913534741487095
-1,-0.5,-0.2,0.25,0.7,0.3,-0.641398514249916,-0.574047066925085,-0.174540598885184,1.95192382111676,0.813886081416517,-0.293243243771152,0.0742076494977896,0.0763683045249666,0.0704676533957487,0.48262682012329,0.448576603647199,0.058060193911804,0.273494942262555,0.0992642913613123,0.0822841096445825,1.16076099629898,0.785203491517391,0.428567718233809
-1,-0.5,-0.2,0.25,0.7,0.3,-0.94726671221635,-0.653242008144182,-0.228947964357527,-0.445577323842335,0.448013656180309,0.839243723549327,0.0902835533860388,0.0902645540689047,0.0743955501527123,0.165916242575194,0.171873170359918,0.133387888753143,0.125091472476936,0.0914898180915765,0.0733144295505104,0.466953782046091,0.212929490906092,0.418920138968674
-1,-0.5,-0.2,0.25,0.7,0.3,-0.999939665944281,-0.0700872385172788,-0.188618440106378,0.239731279739194,0.5701672465678,0.362534837186427,0.0863525298447999,0.0859616810793929,0.084247252036206,0.243422330673356,0.23808453107631,0.109967863678574,0.214190240932341,0.109526273702889,0.0976430548402056,1.17267155503059,0.452140416330038,0.749781352857965
-1,-0.5,-0.2,0.25,0.7,0.3,-0.861266774579677,-0.492783953504213,-0.279775335112355,0.83124394334026,0.778954938379919,0.0407225536979586,0.0817280609657199,0.0814542222974463,0.0707982844760803,0.29343887812219,0.279577371877141,0.0912989018188229,0.205249269789368,0.0980902419949717,0.0833988827944837,1.07323557077841,0.662614853913448,0.47222199396357
-1,-0.5,-0.2,0.25,0.7,0.3,-0.745289753394351,-0.410750152752759,-0.0674974895501916,1.07163600580897,0.819763053546409,-0.447323799359915,0.0936638617310861,0.0954372662931476,0.0862347108053801,0.345302316873375,0.299257668376655,0.0898470555443912,0.343049624506452,0.122470571191035,0.103911774623038,0.906772087391247,0.485043604738587,0.575459530567929
-1,-0.5,-0.2,0.25,0.7,0.3,-1.13774893318703,-0.431034890268715,-0.132133197810692,0.362861259637187,0.938613033567133,0.58567505320916,0.0783245559830605,0.0785720465775704,0.0781237142119451,0.266848313494913,0.238916196361865,0.0954886107903421,0.11813435018854,0.0911734207359887,0.0775505592783246,0.713969406202733,0.38074693656574,0.372726596456313
-1,-0.5,-0.2,0.25,0.7,0.3,-0.969517413311118,-0.229892125400409,-0.236155490944199,0.951734711343698,1.09489965725069,0.010826084859978,0.0827246328585377,0.0917836582390027,0.0752510214600302,0.335385870191406,0.280483247871757,0.0741404306960306,0.202837024162359,0.111212298044044,0.0913651895345516,0.729995256821661,0.450781121084761,0.382050847862216
-1,-0.5,-0.2,0.25,0.7,0.3,-1.27835599767514,-0.433897478312865,-0.164290049993012,-0.627596162733164,0.301020111545954,1.01559881750241,0.0749241589498445,0.0753711483409349,0.07127987500578,0.140944317177444,0.147113160587166,0.130124911814227,0.0975373663579114,0.0834622865957037,0.0735785826274715,0.465084270593219,0.201397334058532,0.410589382394218
-1,-0.5,-0.2,0.25,0.7,0.3,-1.01073711510322,-0.576695113893419,-0.343213515595563,1.4257301714256,0.907264695030566,0.052551460256664,0.0724872703063949,0.0743735245325116,0.0698835661068698,0.394170456474006,0.318751934752186,0.0762988149013004,0.192561481947073,0.088680109974641,0.0782022613613974,0.839213317593335,0.485813862119548,0.352695938308202
-1,-0.5,-0.2,0.25,0.7,0.3,-1.03408056325314,-0.480719542419217,-0.308213391989893,-0.52242854788681,0.488806258705791,0.872365331806372,0.103910555385496,0.109025274907601,0.0752203710514869,0.165738614706987,0.171565584227727,0.144260282025856,0.160447369814576,0.109714401787397,0.0785384186180889,0.711938884684279,0.295884839476272,0.629452285855986
-1,-0.5,-0.2,0.25,0.7,0.3,-0.964608958447016,-0.503319954078436,-0.15493074605959,-0.119567651935982,0.307256000644016,0.565329471834847,0.0850535843609262,0.0803088595333499,0.0750026189592325,0.17751969391095,0.172258321544283,0.127492109352313,0.167863853292387,0.0822627485158978,0.0828490436504676,0.801600493127297,0.319437700900445,0.628008845607151
-1,-0.5,-0.2,0.25,0.7,0.3,-0.986421218574973,-0.719407312979716,-0.258381691171026,-0.0803545723583408,0.887323579494624,0.630230099613547,0.0961853608157575,0.0985594304627092,0.0702475983356254,0.196012696479874,0.179631274108769,0.111653142635795,0.131745374242552,0.111774331710485,0.0817096465416481,0.506435808962342,0.250714560263186,0.378157630879445
-1,-0.5,-0.2,0.25,0.7,0.3,-0.919168378707437,-0.473647095653045,-0.395710461070252,0.353900088585513,0.686064590693976,0.116026047467953,0.0920581980644651,0.0961823743152737,0.0930402972300702,0.2378539688654,0.219182793568035,0.107579058047999,0.21746990289148,0.109575426910024,0.0954284543800138,0.655757668216257,0.354984570439697,0.488068970984408
-1,-0.5,-0.2,0.25,0.7,0.3,-0.527159467698245,-0.387072845056177,-0.239440868329821,1.62998680768905,0.124247820170092,-0.792250314372608,0.0906803978852218,0.0928832218082925,0.0911362716334342,0.363274910928563,0.367766979059949,0.0877003062562322,1.0328436324892,0.137997013822812,0.138309236075037,3.91767637004767,0.778621308692834,1.74466742976548
-1,-0.5,-0.2,0.25,0.7,0.3,-1.03507839838303,-0.451430590717591,-0.200371998163697,-0.102168975935591,0.440072454996056,0.383782950741976,0.093179744976473,0.0928545455444483,0.100158789988533,0.176759848400526,0.185585717250616,0.128098060142365,0.170395857519471,0.103023864262873,0.102221763075494,0.473989745285253,0.25195353643442,0.413828768891288
-1,-0.5,-0.2,0.25,0.7,0.3,-0.811435279306413,-0.443832422412273,-0.234733364971626,0.545696179158566,0.434567650374306,-0.154200133784789,0.0948737560015215,0.0976199875385103,0.0877933293036399,0.244441858030642,0.249287307537924,0.10936874997363,0.260043154603647,0.110847582742345,0.0957847093631922,0.577157326618148,0.417448572141155,0.458139108673333
-1,-0.5,-0.2,0.25,0.7,0.3,-0.90199830188663,-0.514443926407517,-0.15578146806168,0.841005674839668,0.609744339970606,-0.136908213953195,0.0868635597868445,0.0884251688088327,0.0868457479657904,0.277879275813127,0.250002128936916,0.0928892379895676,0.237736802791796,0.100396130160304,0.092088896571237,0.687654662734857,0.411219556272059,0.428212226158233
-1,-0.5,-0.2,0.25,0.7,0.3,-1.15557645172832,-0.486812517935143,-0.215194327464373,-0.250282061333224,0.543023986538262,0.889065841057964,0.0794272793886356,0.0752433875048266,0.063307942111302,0.179156711530329,0.17236308086924,0.121797933841412,0.0981575948798131,0.0750010821354708,0.0641721314062237,0.468229919527397,0.255530147482999,0.333113252180141
-1,-0.5,-0.2,0.25,0.7,0.3,-1.11489661628177,-0.488948845374079,-0.178457397665309,-0.551695525367485,0.375943370929417,0.954074295033062,0.077626677965803,0.0780120958460822,0.0848421622910698,0.156340310764366,0.167346057339012,0.13578681888937,0.103381240430249,0.081641887428364,0.0843466215027211,0.497184229165413,0.187918154445946,0.436101065053828
-1,-0.5,-0.2,0.25,0.7,0.3,-1.24715165231261,-0.475920431742007,-0.0952295562200413,0.00819731566321054,0.90826456887425,0.793268837620334,0.0683727871563192,0.0715095270883654,0.0662691696340667,0.209948723540169,0.192273064812838,0.10133771649569,0.0918791552897061,0.077481534913117,0.0704421957672529,0.431775232500604,0.280974187052036,0.269960352408601
-1,-0.5,-0.2,0.25,0.7,0.3,-0.866566610985442,-0.535357929781213,-0.141115718177705,0.176121872429114,0.576246317112074,0.281805505938324,0.0902798491561168,0.0807584205212508,0.0765716750097299,0.223238237505871,0.20782737280876,0.117654114278727,0.189340504511602,0.0849050133647867,0.0872706563990839,0.674348243944187,0.312886364580632,0.501428621643208
-1,-0.5,-0.2,0.25,0.7,0.3,-0.852202625601336,-0.746747633092398,-0.162640985156769,0.218560944121442,0.99944230020529,0.472296820532245,0.0956979855717226,0.0882464084094182,0.0809708949139609,0.239789286977292,0.224803657590158,0.095641761856975,0.140844671503702,0.0911605544027366,0.0865036688478608,0.507083759759903,0.391700943551887,0.298939676237954
-1,-0.5,-0.2,0.25,0.7,0.3,-1.04447317765743,-0.543452875589847,-0.285846204153994,-0.451454090059667,0.637193100072329,0.626210800262123,0.0922540849454337,0.0856727263658577,0.0950375085926482,0.167178744858883,0.166228741823303,0.135276700052945,0.124136866238723,0.0916892142023313,0.0921443668717222,0.40280761163677,0.23615430225329,0.352235728078691
-1,-0.5,-0.2,0.25,0.7,0.3,-0.916600793104125,-0.477323071781772,-0.151557499995616,0.355596087513716,0.731690332848468,0.071929989321002,0.094485730109113,0.0944094359743147,0.0867431747849772,0.237970987518071,0.216390990421729,0.105844399356402,0.207966527469506,0.100454077800876,0.0930899001016942,0.597424900877939,0.357134563415394,0.422800342938127
-1,-0.5,-0.2,0.25,0.7,0.3,-0.95319526481387,-0.677407560722206,-0.0612047646999763,-0.0475294949508596,0.822808941657889,0.368455095787373,0.112199739042762,0.115709569889476,0.0779947015175254,0.193691221935069,0.185696619536226,0.11972412115548,0.174182757084611,0.120260217498404,0.0846215249009603,0.501458736185005,0.290747439021323,0.40566860080328
-1,-0.5,-0.2,0.25,0.7,0.3,-0.741117805135921,-0.518750432531712,-0.167955281459998,0.880188196378711,1.35087207147755,-0.107907998111322,0.104124653956239,0.111067868737655,0.0766171051335218,0.324274297847499,0.253884930231875,0.0806394858806762,0.219009350714342,0.11986634986614,0.0830873789744166,0.74457417364798,0.467205744786562,0.361338669190434
-1,-0.5,-0.2,0.25,0.7,0.3,-0.999353993633966,-0.405140093606498,-0.120050308301711,0.520827889510848,0.845523053349617,0.290528922094908,0.0822262680565996,0.0795077959421545,0.0783463060326203,0.247231757149088,0.223040135153222,0.104925216008416,0.170919017904245,0.0996558675076974,0.0834033117989403,0.564753040444676,0.340342350833426,0.411104450515613
-1,-0.5,-0.2,0.25,0.7,0.3,-0.774252651386682,-0.59624796918008,-0.291573741789947,0.139446592882601,0.473114757341545,0.128572184213456,0.102895867788843,0.100927357246229,0.0883104556482923,0.20567645435596,0.189383173887078,0.125480021522907,0.267723063186056,0.107679952954704,0.0859244602341272,0.714951951398098,0.267655626144277,0.639061579990911
-1,-0.5,-0.2,0.25,0.7,0.3,-0.964904077850338,-0.487682207748182,-0.244832451292743,0.103416146869781,0.663535751632827,0.66370826427144,0.0880867621267063,0.0835773089533803,0.0700181860693862,0.222213997540679,0.212426243341834,0.119685918314976,0.126009959352357,0.0930123808764512,0.0732558943903779,0.521143401668735,0.290279414786646,0.372590301581268
-1,-0.5,-0.2,0.25,0.7,0.3,-0.969194324328515,-0.522031718685717,-0.141354264320735,0.283802282109524,1.04337122591557,0.38386267486032,0.100326416963929,0.0950011054607602,0.0791175377326355,0.25106026215392,0.226257574314326,0.103288423357019,0.158736565061808,0.103890950693596,0.076741916826697,0.539070576367372,0.36107629921984,0.346704603635237
-1,-0.5,-0.2,0.25,0.7,0.3,-0.853721636366711,-0.392595698629126,-0.113990865300339,0.196857489348419,0.249770778414613,0.293077014700467,0.083496336588524,0.0851692108447447,0.0851448971872161,0.210473038550095,0.213000084150979,0.116545035990533,0.161657193028175,0.0947023042216394,0.0933293782108165,0.455898884984793,0.267830788633865,0.354648488505126
-1,-0.5,-0.2,0.25,0.7,0.3,-1.07464685170041,-0.459080944088828,-0.214745696182019,0.234388275095625,0.961939171348346,0.603262189440805,0.0742497172177065,0.0643120564287563,0.0635298617637579,0.231972247587889,0.234789593609195,0.0952852357538835,0.119117619879249,0.0704243052051081,0.0652756014158293,0.601945727070512,0.429446105335883,0.329019460018026
-1,-0.5,-0.2,0.25,0.7,0.3,-0.852134454883769,-0.64180091645571,-0.250052567529097,0.704093136136138,0.856197582387087,-0.0587799896397551,0.0908192563904636,0.0931819234834597,0.0815183023451014,0.28661094253836,0.25465475782355,0.0967269271605707,0.205180818477681,0.10213918885323,0.0833904641085777,0.661069717531282,0.407478610595148,0.385947889570571
-1,-0.5,-0.2,0.25,0.7,0.3,-0.927943293330513,-0.321368288622392,-0.2702831066042,0.611390715236647,0.37169208374705,-0.00766738048820969,0.0818915132484431,0.0798903506420594,0.0810629671500276,0.257374204994547,0.262171070283986,0.104981815626448,0.238910688691432,0.0907807078775909,0.0926695932334978,0.909635255778582,0.407175097035469,0.559963343334266
-1,-0.5,-0.2,0.25,0.7,0.3,-1.11523008559483,-0.62178960438148,-0.161342829240504,-0.0556512271887401,0.722863750290085,0.963218962086031,0.0671594013432908,0.0653243317831885,0.0564260727985551,0.19170022449619,0.185916707251727,0.10736807114724,0.0875391926687453,0.067053991034873,0.0624051439789634,0.435734796385333,0.316692679947437,0.276170582743713
-1,-0.5,-0.2,0.25,0.7,0.3,-1.19586765466871,-0.390453475438141,-0.168014367406016,-0.733748928410875,0.320959008017049,0.934302780662899,0.0774284834661248,0.079892265221877,0.0787852188935796,0.137858667699278,0.135338365370174,0.131578465499858,0.101807994514038,0.080378595550188,0.083264704923314,0.674945766411209,0.230967964925017,0.588609802222641
-1,-0.5,-0.2,0.25,0.7,0.3,-1.09084198960877,-0.223551098693667,-0.0579893631355491,0.545868523481777,1.08452271938091,-0.026474735130176,0.0889202493369256,0.0858336133210625,0.0768291137598203,0.273712374082588,0.250337025846904,0.0980449697870242,0.217921669109096,0.10050309271021,0.109835598487008,0.972876992006354,0.544001500777894,0.513291961285624
-1,-0.5,-0.2,0.25,0.7,0.3,-0.58494315173613,-0.385583434228872,-0.116349734436958,1.31271693698382,1.04564765152907,-0.537834692860191,0.0966177143031168,0.0971434823944047,0.0974413165468511,0.367029956139042,0.306600463675021,0.0808845386877268,0.340579474290433,0.12470119338181,0.0949664472208005,0.83239624550401,0.487871331502042,0.520716598053656
-1,-0.5,-0.2,0.25,0.7,0.3,-1.00452021253689,-0.511896879032615,-0.127254118978605,0.595143268041948,0.477338476383866,0.264162279647725,0.0777494904075493,0.0758444980157223,0.0747294496825965,0.247986658307612,0.236823294904563,0.097466741162141,0.177273157553146,0.0906033849475033,0.0806250857955478,0.78904090236373,0.498004238893745,0.424701211163291
-1,-0.5,-0.2,0.25,0.7,0.3,-0.871189749725967,-0.5102197466327,-0.218093237512089,0.186525653687962,0.724038074867521,0.344901629924379,0.0961170535522691,0.103347994327913,0.0861103089349943,0.232230036874172,0.223805731883682,0.116344083674388,0.188373993001643,0.108232035630668,0.0913352381341545,0.487148651918951,0.29669838932255,0.42189743534513
-1,-0.5,-0.2,0.25,0.7,0.3,-0.677537585366019,-0.683369813553391,-0.271371976431793,0.225201041952408,0.819246285630399,0.0740580357957861,0.105425419023502,0.107799053083519,0.0906792152259009,0.225369847465698,0.207062457890674,0.112840147825754,0.260212216365957,0.114480111127854,0.0950601967219886,0.885632988542321,0.462796801003173,0.610439256568963
-1,-0.5,-0.2,0.25,0.7,0.3,-1.18403828527195,-0.594931272569674,-0.34346310565887,0.0551264127931455,1.02139091257731,0.76609743419954,0.0743066647185829,0.0758598035216625,0.0642429379696008,0.222107382732332,0.215133894938113,0.0960364976343378,0.111757772588685,0.0846338546179547,0.0683372653549657,0.71957023308152,0.462359789829936,0.356387411447847
-1,-0.5,-0.2,0.25,0.7,0.3,-1.16188756645891,-0.522054916997336,-0.142431454032729,-0.369411688836094,0.677846319963153,0.916104222558224,0.0793307136463562,0.079648654443649,0.0637726977920579,0.166680643337346,0.171064127693503,0.118434386286832,0.106506395914707,0.0879632321094832,0.062727470545949,0.467824552091474,0.279440456877392,0.328279207853326
-1,-0.5,-0.2,0.25,0.7,0.3,-1.04570572079188,-0.454923126020101,-0.0561940123531235,-0.446250671077853,0.551358534276863,0.771393341561037,0.0841805348988524,0.0845274921337213,0.0756841866061534,0.163743432816112,0.156883987050401,0.134413591182088,0.133699671374034,0.0890517362324935,0.0845945869663494,0.602348536616223,0.236008773451469,0.522630991485361
-1,-0.5,-0.2,0.25,0.7,0.3,-1.23238383652469,-0.421684676768948,-0.239522425382291,0.303664234796495,0.745059152553281,0.577663550488704,0.0778719370347266,0.0836521690209788,0.0603181867926283,0.232388059532272,0.19316483987631,0.100231361662252,0.122537622391561,0.0864357433150681,0.0692248766997269,0.617617363686996,0.359324172227175,0.334094395761188
-1,-0.5,-0.2,0.25,0.7,0.3,-1.2434970101048,-0.537348044953673,-0.169404244748606,-0.345341125730941,0.799331064828381,0.85072027117107,0.0846926277830666,0.0866829583103138,0.0726858456600108,0.181433253878101,0.176778724614301,0.118879825917443,0.101771359997454,0.0943105070444927,0.0798446103567511,0.437622342999986,0.214985314490266,0.327336074859927
-1,-0.5,-0.2,0.25,0.7,0.3,-0.993818694243912,-0.43868970003788,-0.252290868112635,0.280296873954616,0.483251339829104,0.0683556719229807,0.0874294684778467,0.0878745486404772,0.0864680595376904,0.207900545458437,0.204889757622908,0.112091040968453,0.223866137221978,0.102793133076588,0.0882500063841015,0.715546409056355,0.317428870391392,0.545298690549666
-1,-0.5,-0.2,0.25,0.7,0.3,-0.931634271213544,-0.580705305916245,-0.31326660715875,0.476015556883221,0.503151649893495,0.267713163315582,0.0806934352406487,0.0825924463368831,0.0775238887870359,0.233256380828525,0.221493158436035,0.104636003998884,0.171327747959568,0.0931120530133786,0.0800179883444248,0.552370603946398,0.322456696754367,0.382684108328293
-1,-0.5,-0.2,0.25,0.7,0.3,-1.1968552548099,-0.43931498766562,-0.116641601872026,-0.0787789677095604,0.805122762862077,0.864627797136212,0.080477253790639,0.0836775291699858,0.0727209635044728,0.214523171113539,0.191140431586964,0.111501175115271,0.117911499458238,0.0841685948886239,0.0786131492052033,0.7851387087499,0.369080712695528,0.473462833951175
-1,-0.5,-0.2,0.25,0.7,0.3,-1.19254722836152,-0.58335631822152,-0.22705177375017,-0.466322514425033,0.793755688968013,1.03372330762569,0.0913669366986446,0.086775209821952,0.0731355887478122,0.169731177249338,0.163208893621164,0.119532593865984,0.0966417123640188,0.0968222610292737,0.0700502599015393,0.50785024808652,0.229449826129938,0.388010804193768
-1,-0.5,-0.2,0.25,0.7,0.3,-0.226570496170576,-0.432441195464159,-0.129467709521723,1.61655251296349,1.28051545157904,-0.877477417815982,0.106786470999035,0.107836366033259,0.0927504053138785,0.454787160979838,0.37124590617931,0.0882170580028194,0.533450292550955,0.145492249025888,0.105027405793798,1.31475911824326,0.710552885589757,0.737535109520367
-1,-0.5,-0.2,0.25,0.7,0.3,-1.24469968136215,-0.477068574909266,-0.115433181597734,0.559263167196685,1.02030568082113,0.469633326700357,0.0721164398479506,0.0708785321756758,0.0611385428817693,0.271116293623334,0.238836970169721,0.0887729457708769,0.121540897034845,0.0833269439359058,0.0728470166918079,0.691885861752459,0.404951074100679,0.320305240438049
-1,-0.5,-0.2,0.25,0.7,0.3,-0.734121804682051,-0.59781940981771,-0.133854667112995,1.22481069243173,1.13354922127413,-0.200423125397843,0.103741594254793,0.103071244745359,0.0797296272651882,0.374987326524588,0.314851085665964,0.0830201467063735,0.295893760893176,0.11890761850863,0.0866973991778086,1.5648071401812,0.956383144125508,0.578515567604426
-1,-0.5,-0.2,0.25,0.7,0.3,-1.2867195774623,-0.51623685851779,-0.161024607991256,-0.324439761117633,0.787935088364987,1.05254487057483,0.0628984877601312,0.0617505797713099,0.0539277546276951,0.176340037554115,0.1737983266105,0.113004095550739,0.0767599089935225,0.0661944101430328,0.052905990599324,0.430954735713192,0.236442809887517,0.292974704395474
-1,-0.5,-0.2,0.25,0.7,0.3,-1.08331369414846,-0.507401241743003,-0.124489570726099,-0.285492488243578,0.681501792741289,0.805672427104907,0.080000894089814,0.0802400886606687,0.0679999231850397,0.171799976413613,0.17040129137022,0.121254661097016,0.100705174080311,0.0853732632721698,0.0732069264184651,0.374832233173305,0.231305365099134,0.29065663472271
-1,-0.5,-0.2,0.25,0.7,0.3,-1.17567754716567,-0.384724542093113,-0.229918161787351,-0.391039576692669,0.371708177274295,0.732478465058157,0.0850859072259173,0.0808157324795591,0.0756482603184352,0.154933084154656,0.155735948450841,0.132257286993111,0.128796149977821,0.0831964943683407,0.076467986065928,0.479349985195517,0.214590652626901,0.42460339817238
-1,-0.5,-0.2,0.25,0.7,0.3,-1.04858114868428,-0.571831724204691,-0.281196513574669,0.452741708872395,0.604626166945083,0.2026991459511,0.0854083286848174,0.0896235979911579,0.0788906723176435,0.234227247374245,0.215861035866432,0.103994172559723,0.200252642804471,0.104976091567887,0.0912574713125929,0.782508795035129,0.406377095649674,0.481951936319447
-1,-0.5,-0.2,0.25,0.7,0.3,-1.15961047641926,-0.53245796160071,-0.051367231926236,-0.260649473585883,0.642769649895349,0.861288225872775,0.0773181934054307,0.0697349203452923,0.0616931354232514,0.17181216689786,0.1733234762946,0.117638792541869,0.0963118712784657,0.0716288113652755,0.0675231366075476,0.406889495054087,0.255385851194588,0.298082479213579
-1,-0.5,-0.2,0.25,0.7,0.3,-1.18311189175622,-0.449108197606834,-0.392410189750642,0.167772426325197,0.472694898704325,0.358351870572578,0.0802133331375164,0.0800677535596949,0.0795393172997992,0.209417956435822,0.204035298676588,0.113272351024955,0.153535321955001,0.0891608527164647,0.0880915030254698,0.627964562694613,0.29015724010229,0.450515109659174
-1,-0.5,-0.2,0.25,0.7,0.3,-1.04538677196921,-0.476581002302898,-0.147939791899797,1.15937339641983,1.46251897073958,0.140429878705032,0.0786075788026292,0.0746557897490048,0.0707716012153286,0.393791886836173,0.37447858413176,0.0696121082911146,0.161971556801361,0.090424115972997,0.0826979923541549,0.704392628065639,0.580002918539322,0.307844195418726
-1,-0.5,-0.2,0.25,0.7,0.3,-1.00467523278878,-0.575199518536423,-0.210299965560785,-0.177201384165051,0.386820358456033,0.734632228844322,0.0860876763592125,0.0938888745005261,0.0852151563230962,0.179867300688623,0.181885543132492,0.129479592150425,0.128703930368392,0.102162771495542,0.0907583611471811,0.577621704265328,0.242475873908011,0.45096532771053
-1,-0.5,-0.2,0.25,0.7,0.3,-1.01890079216482,-0.527117496238998,-0.275746762675983,-0.0570593269236459,0.518662640921025,0.336830027578244,0.0912565157987182,0.089546803514529,0.0851629094330926,0.196452319346414,0.18247367802947,0.1265596179101,0.175403650087684,0.0945874511825303,0.084901551524201,0.525643517857633,0.274085926670211,0.444890712609976
-1,-0.5,-0.2,0.25,0.7,0.3,-0.877777857613725,-0.390971198821348,-0.143434599137345,0.276302291939393,0.570138959262828,4.05615116461652e-05,0.102262275656971,0.0982480718596735,0.101068024095282,0.222867115097834,0.215170082249749,0.117506602783066,0.235489720114087,0.107914139317897,0.104060567851691,0.543434012728763,0.350816414523715,0.467213381254677
-1,-0.5,-0.2,0.25,0.7,0.3,-0.973462883422635,-0.575840956966949,-0.242834669603683,0.946080299885136,1.01188275050761,0.177976772872933,0.0811963624378349,0.0766527916037689,0.062524413140302,0.337856175813853,0.307950441655766,0.0808584284734022,0.172995134356257,0.0919194647586104,0.074906212450908,0.896482636809017,0.676638823318935,0.358295070823134
-1,-0.5,-0.2,0.25,0.7,0.3,-0.968594566720574,-0.483923667990314,-0.086048860682644,0.594467933665385,0.406289033383643,0.12158604660373,0.083382363900368,0.0862313716102546,0.0790321146292331,0.245840639488998,0.234184920724745,0.103900554745846,0.20751575794072,0.0977269395641271,0.0827322325268998,0.80524644074957,0.329642080629563,0.500582693053358
-1,-0.5,-0.2,0.25,0.7,0.3,-1.12076245461003,-0.369785969687394,-0.153308829973586,0.123975586672788,1.03444146070528,0.81578028197917,0.0699777076157262,0.0651237598783789,0.0585795494248744,0.25170131018091,0.248449978444422,0.0941966598366767,0.101350115308903,0.0709143186614078,0.0607519937056991,0.57887712437362,0.411506168004874,0.307119987621171
-1,-0.5,-0.2,0.25,0.7,0.3,-1.15582897415745,-0.280044652765239,-0.256089044169279,0.861515216717418,-0.345651945475699,0.245226505617977,0.0705135919879254,0.0681071322062053,0.0703749592464021,0.279725889247032,0.256527611087619,0.0917608622130268,0.153134411604689,0.0768869489631689,0.0761656728448883,0.635626377397126,0.354494770085849,0.340643960202048
-1,-0.5,-0.2,0.25,0.7,0.3,-1.05893985248951,-0.492007882792845,-0.187063107841963,-0.165172480483117,0.583848584223967,0.399172021850893,0.0951252944427702,0.101554569307389,0.0727853492724936,0.190919855460572,0.182230287977663,0.126773671171106,0.194710799426389,0.114390853881109,0.0972444606459261,0.825912309468237,0.30006883487777,0.666801956618296
-1,-0.5,-0.2,0.25,0.7,0.3,-1.08602522382324,-0.651801400516934,-0.267094869941699,0.133569734820857,0.876402653435796,0.497373050850803,0.0846426969811453,0.0807133296487959,0.068732378666278,0.214489370909464,0.208896564048985,0.110067667935707,0.142778727566232,0.0817425209588844,0.071991858469284,0.539435300148387,0.359373441694085,0.356820749626469
-1,-0.5,-0.2,0.25,0.7,0.3,-0.38386396793143,-0.215474946033568,-0.217158549117353,2.16403921858894,1.07218673606696,-0.933824992277572,0.0888685566884381,0.0923580874104929,0.0891233077773455,0.521990516182625,0.451287106764346,0.0702182764935684,0.495568304859482,0.131449272186655,0.0935184200004156,1.42023104457033,0.851477020871175,0.657029226513328
-1,-0.5,-0.2,0.25,0.7,0.3,-0.57766867331391,-0.617210271787116,-0.0577337835706126,0.979975515239991,1.19542943871761,-0.388040012406656,0.106050648462966,0.105475827512216,0.0872901349619714,0.303882070529682,0.282858300105853,0.0941056866637111,0.414464165083144,0.1151166520952,0.098037017982997,1.41406077471831,0.904339254952787,0.71854073230323
-1,-0.5,-0.2,0.25,0.7,0.3,-0.77964475330934,-0.506217658321761,-0.243855147645747,0.576984191410476,0.957095513956148,0.0954277616645095,0.0896876230382661,0.0889684077279739,0.0823560590548715,0.286768211258425,0.290918563685873,0.0883101506010362,0.240121666067488,0.106083751082271,0.0956217813026563,0.778595342922538,0.44131728873639,0.525104687463213
-1,-0.5,-0.2,0.25,0.7,0.3,-1.08978113030967,-0.529326613347329,-0.166205462693959,0.258223109220669,0.941848127636003,0.565459340164163,0.0837706740828455,0.0800914826668632,0.071952172339706,0.240483166234736,0.21892474423436,0.101792113574638,0.137709620830279,0.0824501518591582,0.0881633036136745,0.689296041304445,0.377746271797145,0.411014859470325
-1,-0.5,-0.2,0.25,0.7,0.3,-0.369293157892499,-0.619821492413458,-0.304809772216714,1.41445402428436,0.650411409785779,-0.904275063817659,0.0989865965738402,0.0971339705184161,0.094174924060923,0.363793381425246,0.354173527850013,0.0921374077566155,0.631470817809304,0.122942747420949,0.10737594809027,1.53862657565037,0.689542696406413,0.922554683342416
-1,-0.5,-0.2,0.25,0.7,0.3,-0.963852237468621,-0.565253461811322,-0.151204526593476,0.678584026592937,1.07111812851839,0.0720489124496889,0.0914484199936112,0.0881982302776604,0.0785157422386721,0.289020905745464,0.273909747044611,0.0962632796715208,0.188963746045926,0.09633534988345,0.0779230485452011,0.823214273856256,0.542438662917843,0.400347793944812
-1,-0.5,-0.2,0.25,0.7,0.3,-1.20587173980056,-0.505975445413041,-0.307254391310371,-0.693776653654938,0.715050105503021,0.978259502562758,0.0853162216672958,0.0822030468575517,0.0715046891038195,0.149988501610603,0.159099946843349,0.124421225333728,0.100563727270101,0.0860180143997233,0.0955886274929709,0.561567555182976,0.226473999743793,0.4661051075201
-1,-0.5,-0.2,0.25,0.7,0.3,-0.961734570017914,-0.232096824482199,-0.203827731127767,0.829600007314257,0.525279243285545,0.0181270221186136,0.077747118120154,0.0795472336227398,0.0728779198787589,0.260396671772535,0.243023980654459,0.0965250537678795,0.209060158197432,0.0969114799277392,0.0823980136820286,0.788433659837726,0.344434175780032,0.461924550386955
-1,-0.5,-0.2,0.25,0.7,0.3,-0.986086880864311,-0.471801842049998,-0.0849421160012655,0.000806360710328318,0.732272857273629,0.31044199031669,0.0947310089697983,0.0875989348793512,0.0870428111991344,0.198864723857617,0.203958053922665,0.118993137243111,0.165979217698502,0.101867912002949,0.0949600410265453,0.503800251166159,0.29306292368434,0.420617912665922
-1,-0.5,-0.2,0.25,0.7,0.3,-0.943713959637851,-0.603636417925457,-0.00437312041411831,0.37495779679002,0.86297699853722,0.23196361950383,0.0902320259107387,0.0909196242387856,0.0750559139634327,0.255379623503874,0.229275968767908,0.112611703359093,0.17829782211722,0.10407303164399,0.0848235946203992,0.740592044878215,0.504777099039258,0.397210904264694
-1,-0.5,-0.2,0.25,0.7,0.3,-1.14408447767877,-0.452008515588005,-0.0944582863583293,0.0265196884865377,0.355143138336191,0.485387629297834,0.0855632040073022,0.0857299102090559,0.0886397861536836,0.203424901632849,0.193506527816196,0.124501749596249,0.14143346027974,0.0891126224127743,0.0885213440648473,0.51942171590347,0.283375576264551,0.401487485810877
-1,-0.5,-0.2,0.25,0.7,0.3,-1.09339885772134,-0.411126407741464,-0.242389208498916,0.650765924474798,0.91412391403003,0.337425164905517,0.0719349091660027,0.0741767203456832,0.0665197703438867,0.273567076802173,0.248963413151042,0.088651992149543,0.138313973099698,0.0855328517189638,0.070020148702547,0.580423684928524,0.389749066317137,0.327061923951151
-1,-0.5,-0.2,0.25,0.7,0.3,-0.765590498555741,-0.658695830689114,-0.210674405175445,0.576084713457421,0.87729524362573,-0.0354383271794742,0.101048025839874,0.0940017814032856,0.0796786654838727,0.28129592300414,0.252844745127426,0.105023452124665,0.235608716750771,0.105822862106448,0.0792227725896192,0.761260473880294,0.4304164085994,0.48555704965088
-1,-0.5,-0.2,0.25,0.7,0.3,-0.824254601074585,-0.411654832870767,-0.13334166088863,0.301439517598581,0.416250078109142,0.109734014873183,0.0922619204552192,0.0860691484773036,0.0920005099472681,0.224325624586194,0.222772730007609,0.11907344354211,0.248816850005015,0.0978681204188371,0.0964225120977212,0.6760889910404,0.293675423800636,0.566514591928684
-1,-0.5,-0.2,0.25,0.7,0.3,-0.963721545337874,-0.430403982166456,-0.218341989741162,0.99717764685342,0.647872758056704,-0.164960792426654,0.080529597034265,0.0803307648104226,0.0801185928208212,0.290090744951774,0.287041358926687,0.0926217849943563,0.22803646029696,0.0998809286129519,0.0868412980020407,0.66613341489162,0.429029107172409,0.415789743049991
-1,-0.5,-0.2,0.25,0.7,0.3,-0.39831794221961,-0.408995426795475,-0.0625463401492205,0.693195068953529,0.831751105037135,-0.737503110633142,0.122101839423003,0.118861426507799,0.113803980005815,0.26533519070996,0.25686329239986,0.109951488517756,0.535979542910789,0.135216130530615,0.127080597722808,0.798713955318407,0.456841665960809,0.783889082718253
-1,-0.5,-0.2,0.25,0.7,0.3,-1.21919253378939,-0.493663696687921,-0.23665634175188,-0.490082011040777,0.555740131771501,0.819219281908623,0.0826254578331941,0.0885919922178422,0.0748631668633863,0.161144339528311,0.160021083470724,0.128598867774054,0.105155038418676,0.0893272185608822,0.0847099677336165,0.462144802915001,0.218035097886161,0.376242532313582
-1,-0.5,-0.2,0.25,0.7,0.3,-0.896269256461806,-0.655934004013793,-0.221195151145441,0.597473614295014,1.08889949358993,0.0572380198893305,0.0895767269162953,0.0889443851402023,0.0780273209262446,0.29668059334096,0.277980408518236,0.080063511612394,0.21741644307306,0.109065486019305,0.0968263193661913,0.997259263034686,0.615035075809215,0.501202880445731
-1,-0.5,-0.2,0.25,0.7,0.3,-1.23473911728603,-0.344027808713156,-0.201688848123128,0.486955289255766,0.775453329036128,0.528018429035798,0.0653558367632853,0.0660518744689094,0.066335541006734,0.261805033152431,0.236165395775955,0.0935273147931581,0.114563876872586,0.0725259249795409,0.0678849762286386,0.667515487510895,0.465806479360879,0.306362635785187
-1,-0.5,-0.2,0.25,0.7,0.3,-1.27139914306163,-0.465144090582432,-0.309968583498524,-0.432785601122511,0.749365409822488,0.90314782430298,0.0824196191655899,0.0850806281463452,0.0710018001064845,0.167818764041079,0.157036088301508,0.119045525724675,0.094904476538575,0.0921487802153271,0.0721884748567709,0.394932830646642,0.218475327528903,0.30528493337748
-1,-0.5,-0.2,0.25,0.7,0.3,-0.954459257259542,-0.514145530782109,-0.0884146624478263,1.23613967379138,1.0980817562202,0.0188788190332355,0.0765883507027355,0.0773958600238764,0.074663134089906,0.381990407532187,0.330930612083915,0.0726079007693098,0.175376098374576,0.0893317058259486,0.0825284938000033,0.874799688767297,0.575601500628091,0.330467391933309
-1,-0.5,-0.2,0.25,0.7,0.3,-1.13935124294408,-0.44418439546916,-0.213070274916162,-1.11350444480266,0.267474942162912,1.33073935947465,0.0874405406550744,0.0917782459835813,0.0883758080118721,0.124265991376821,0.124545350445819,0.136992899436784,0.0948974730750324,0.0893953074011166,0.0852784974089472,0.525531305562108,0.157363634386922,0.513006143637785
-1,-0.5,-0.2,0.25,0.7,0.3,-0.626802623520276,-0.412804160304753,-0.217457807362945,0.198127173869568,0.410481279997598,0.00804502377647479,0.102733654966346,0.0989543366437252,0.107024206411523,0.204281136331441,0.206878367399023,0.117966008515885,0.292978997216183,0.109477524307211,0.0978667035905126,0.59445876371411,0.273366456070502,0.591661118436224
-1,-0.5,-0.2,0.25,0.7,0.3,-0.708162205976158,-0.439204412119164,-0.119171206669002,1.54260951590923,1.21448672389548,-0.422711549462066,0.0897258753119263,0.0915829846994986,0.0914824666171998,0.434594932026174,0.371795965263532,0.069479337414847,0.305358155016529,0.119007555400159,0.0953721915495448,1.1460354812368,0.706701399058719,0.490968106928404
-1,-0.5,-0.2,0.25,0.7,0.3,-1.00895653368103,-0.641647134418526,-0.204838161362344,-0.305135790669919,0.953901651113449,0.712512872331597,0.0930849426099505,0.0753438491969984,0.0731344140301656,0.183237058879565,0.201984800241096,0.11802395643787,0.132831321459147,0.0812879513590692,0.0721121727411317,0.625859274175448,0.365167864557196,0.434990948882441
-1,-0.5,-0.2,0.25,0.7,0.3,-1.22537991663422,-0.476957283341619,-0.301179024274456,-0.535035377706099,0.313119505240161,0.997801723180814,0.0735522809404976,0.0670307885276631,0.0760272349997613,0.146638550006391,0.143910696934988,0.130765104002123,0.0933328966583453,0.0658290285065937,0.0755053500799927,0.454927940034369,0.193272161236293,0.384715400136024
-1,-0.5,-0.2,0.25,0.7,0.3,-1.04936774689125,-0.543692958051211,-0.0271906088422922,-0.299556376715868,0.531046980250641,0.880375432397902,0.0735000220850758,0.0707199552580569,0.0687293786587767,0.174536160325401,0.168332830288434,0.125733219856111,0.101733609813344,0.07334374994253,0.0720867908292196,0.483775981763994,0.259530285314282,0.377851683522384
-1,-0.5,-0.2,0.25,0.7,0.3,-0.862478112904001,-0.569267778706054,-0.234630179012537,0.150755346527732,0.550668015059407,0.422145207625818,0.096741775209682,0.0930232748595557,0.100040843668234,0.220115601731435,0.209278650784707,0.118716650612013,0.184112364776672,0.10158177867387,0.117725803913664,0.69746155678581,0.330795964275259,0.517798078595518
-1,-0.5,-0.2,0.25,0.7,0.3,-1.10014463128375,-0.402303418072498,-0.184891569391448,0.526302099924823,0.979515613772001,0.423700645470322,0.0779865661491478,0.0774134895819715,0.0689578222038993,0.27159946580152,0.248209619720011,0.0876254801763856,0.128964636297515,0.0790688295827126,0.0742378042821094,0.619487044363916,0.42053172149646,0.30623308371187
-1,-0.5,-0.2,0.25,0.7,0.3,-1.1123358893994,-0.506654799163007,-0.264094320114047,-0.242255023585052,0.436175445111445,0.957589033709121,0.0703620046263983,0.0707573313545134,0.0685358853613331,0.177561451474335,0.174503748192631,0.122870272035914,0.0917665950863228,0.0753230550717941,0.0688208619739511,0.562186388532543,0.244763207617454,0.394127914103624
-1,-0.5,-0.2,0.25,0.7,0.3,-1.00818854612218,-0.600082262757683,-0.121719896050972,-0.762483214520735,0.666445703699873,0.832364762807839,0.123306328461212,0.120805738816535,0.0915189047094797,0.142090117548574,0.139525195644338,0.133354420752955,0.133434380720671,0.121529042414212,0.0860130060503339,0.501583063966961,0.178744360000677,0.457826141580368
-1,-0.5,-0.2,0.25,0.7,0.3,-1.13767856272796,-0.610700995521211,-0.278380533299487,-0.198999736272964,0.527690167002975,0.954566713139595,0.0739083566332919,0.0772293160315634,0.0645458831327522,0.184060399886127,0.163676723773699,0.121473237957432,0.0944702873518775,0.0851457493895648,0.0805887076224366,0.624527129266589,0.237498143338482,0.431262113152631
-1,-0.5,-0.2,0.25,0.7,0.3,-1.00075569527309,-0.499455370128959,-0.277785076047011,-0.0458543466357249,0.385078600916775,0.653008007970182,0.076255171948463,0.0791600157659082,0.076562639917165,0.194863606714233,0.197383743053553,0.123398795176433,0.133763818002354,0.0884320095642773,0.083878819019912,0.779929442411611,0.303934672815358,0.547218718333773
-1,-0.5,-0.2,0.25,0.7,0.3,-1.09557384664718,-0.687947049922799,-0.122374899949607,-0.370268187051825,0.720543968596973,0.702611075610423,0.0951562022469342,0.101577955988977,0.0899324647469194,0.165408020904886,0.164026613628475,0.125905383803304,0.143615236064577,0.10481795182095,0.0930309965996079,0.532038497163921,0.29444689523198,0.417271479147181
-1,-0.5,-0.2,0.25,0.7,0.3,-0.461989176845852,-0.3730559683598,-0.0909969981676373,1.07149796070859,0.779892534831766,-0.604287064765478,0.102274855334069,0.100320688543721,0.0943189212194363,0.323585874876678,0.304430244968047,0.0928333901634988,0.402904518001086,0.116155074204782,0.103333355883873,0.780414500367841,0.512973881355387,0.581279047032388
-1,-0.5,-0.2,0.25,0.7,0.3,-0.789725296522128,-0.503819763379604,-0.309963589817723,0.793686717010965,0.79553548714114,-0.175221556961792,0.0934833152532676,0.0911559273768632,0.0923323657226275,0.277192691445876,0.236974536881676,0.0958651674504944,0.282505717545131,0.106779635202264,0.0958247111281514,0.791501453967559,0.367305257664083,0.531722809169923
-1,-0.5,-0.2,0.25,0.7,0.3,-1.09919829839367,-0.413668427276668,-0.219077288197657,0.117182080755883,0.40665594632622,0.468886963713784,0.0769107865027005,0.0746144156073761,0.0882372262797901,0.190190405449648,0.185725195964464,0.117239891244084,0.164616634225684,0.0825140773696401,0.0915365409327505,0.653395070472762,0.279816036765434,0.503873277038669
-1,-0.5,-0.2,0.25,0.7,0.3,-0.845853191672172,-0.5364160864236,-0.16917399865646,0.484241901389052,0.533099781179541,0.0130963038770976,0.0933041059936822,0.0878623307008656,0.0961493892075117,0.24824542364022,0.231019179196143,0.10939192716657,0.256853641958391,0.0971405087854925,0.105437695880908,0.77471171199837,0.377449771848582,0.555824294490331
-1,-0.5,-0.2,0.25,0.7,0.3,-1.29264849450745,-0.502619341304075,-0.148442782998335,-0.233647754788512,0.785863311590434,0.944862587670908,0.0749743739430786,0.0676113610679164,0.0602149652885769,0.189275955153912,0.189935810569523,0.110564028973156,0.0870464963040831,0.0781391244701469,0.0606058527909458,0.525844319299427,0.262831374010476,0.35008132782413
-1,-0.5,-0.2,0.25,0.7,0.3,-1.10157627557175,-0.509568588988663,-0.121261618408519,-0.201816951487837,0.264720265533392,0.522953023274661,0.0864292080270654,0.0908060708007419,0.0826717188384954,0.181132499246338,0.186969706852527,0.133895399983654,0.151264360119375,0.102735727914498,0.0901661506472473,0.565519225325358,0.224432092149692,0.4842541605175
-1,-0.5,-0.2,0.25,0.7,0.3,-1.08270057612346,-0.488743409838321,-0.16860804009704,-0.6048637274748,0.533066015352811,0.97152254198399,0.0824405834516963,0.0885970503625815,0.0793811587071337,0.151346933480984,0.149308310617341,0.132889315203111,0.133303514088211,0.0934729079954636,0.0879689097043351,0.79940370370668,0.2246663284567,0.717732253692157
-1,-0.5,-0.2,0.25,0.7,0.3,-0.840598141180453,-0.435097225897844,-0.150943034611203,0.457363105284352,0.532086945841477,0.12418219718158,0.0884624795723851,0.0859004394324912,0.0888193565232713,0.239512827299483,0.222315776718329,0.109088996172232,0.246885617293353,0.0928093093365656,0.108739903600347,1.0333054518856,0.428226328787965,0.656522140975598
-1,-0.5,-0.2,0.25,0.7,0.3,-0.64943907538547,-0.530700800363979,-0.252751290661695,1.46858065302923,1.11199819540225,-0.178696967112012,0.0833041698756167,0.0822665018215695,0.0740869605418248,0.471287161676052,0.42718385939916,0.0641270873461273,0.236558830922842,0.119885799658745,0.100264812955955,0.930797697689187,0.720757246965903,0.398250254966118
-1,-0.5,-0.2,0.25,0.7,0.3,-0.896469986111129,-0.295882181730556,-0.173577031170139,0.699499938254471,0.501276046918687,-0.053103155395945,0.0822228070707942,0.083906110694816,0.0849967258919829,0.250497526525799,0.24603433519753,0.0981486613881843,0.279033023282739,0.102228886624092,0.0945498076330136,1.01282577555199,0.431266478908569,0.633121712884985
-1,-0.5,-0.2,0.25,0.7,0.3,-1.30604022558281,-0.46370482828306,-0.0479255281621305,-0.360554764132753,0.349883595007781,0.895833781465851,0.0778393289322394,0.077676802659155,0.0808141044667644,0.167023251201694,0.168979343228245,0.128799537834808,0.106545421138821,0.0792296263702587,0.0802101680180314,0.497782393994759,0.205876166975655,0.401723003152004
-1,-0.5,-0.2,0.25,0.7,0.3,-1.22373455712658,-0.43654454995712,-0.195220950764546,-0.987219604312692,0.439959152054015,1.35274997752882,0.0723309795287666,0.076524844101411,0.0647118301903206,0.126231457131744,0.129373820701286,0.129932299526336,0.0821361380471313,0.0771534502883745,0.0657953898389518,0.456567123455566,0.173089449244172,0.414754223678692
-1,-0.5,-0.2,0.25,0.7,0.3,-1.11758698346157,-0.631389082480832,-0.300765302934647,-0.27889743214066,0.615120155893806,0.718419818665093,0.0892282675779045,0.0978860440414537,0.0822696493004633,0.175942700601212,0.173952441338653,0.122235385284669,0.124681372025284,0.108051837030576,0.0826524278045415,0.526091487832683,0.301795403975578,0.382277715456682
-1,-0.5,-0.2,0.25,0.7,0.3,-1.14143038501392,-0.423095758543666,-0.319701175336351,-0.210602962963177,0.187612068919937,0.716500452340292,0.0816060992766108,0.0780028365341832,0.0987723296118798,0.173578269211278,0.187574933086313,0.127500831501552,0.117374289303803,0.0871180273254525,0.0947826226023303,0.492651429035142,0.266105021064121,0.382808541727145
-1,-0.5,-0.2,0.25,0.7,0.3,-1.08323229499481,-0.624349837944527,-0.302614684556134,-0.155142350205533,0.561806047180512,0.644380291189699,0.0825862621954368,0.0750709687930042,0.0721844798380758,0.188692355995278,0.192596863844985,0.124220236629738,0.121644048842252,0.0773896783119356,0.0698880996746231,0.485424942080532,0.269565544841047,0.372903847498464
-1,-0.5,-0.2,0.25,0.7,0.3,-1.14233702032018,-0.573883472247061,-0.209680011502581,-0.151818797266582,0.586747729160199,0.628370398776974,0.0846697519277998,0.0844551215961733,0.0700613990826307,0.189411058095894,0.188403175677266,0.124320379948722,0.12731206324546,0.0871311287251179,0.0699683751254197,0.666283451226077,0.325360378525242,0.459459400567349
-1,-0.5,-0.2,0.25,0.7,0.3,-1.04744969227264,-0.669061111833161,-0.220236708161569,-0.262617580499843,0.563845139012977,0.75347360428979,0.0911295710330253,0.0902978564832868,0.079005452802421,0.171752846176238,0.164353089612099,0.122262585725312,0.114999636458611,0.0895949549181707,0.0799197662233044,0.408974178063884,0.24831807570151,0.308300179795945
-1,-0.5,-0.2,0.25,0.7,0.3,-1.06028222833359,-0.410689303718233,-0.131394312621861,0.866595256615395,0.862942368062365,0.0619525471827482,0.0791172173312829,0.0773148936090097,0.0673160190688799,0.294000453220933,0.253347667087391,0.0907487259325525,0.17538629404492,0.0898781968178912,0.0794645963669656,0.65730773326194,0.393902634731654,0.355669047222184
-1,-0.5,-0.2,0.25,0.7,0.3,-1.14297787546888,-0.347369174501046,-0.232286855613556,-0.168407338443474,0.297757302032814,0.721937374689542,0.0710758568564271,0.070140352285772,0.0714146875803748,0.179494059752632,0.167304972977538,0.122176150568845,0.124682410917279,0.072754600708199,0.0759183100166606,0.795413223591143,0.2928284810956,0.572909819210735
-1,-0.5,-0.2,0.25,0.7,0.3,-1.08816187379274,-0.534435218193706,-0.297022191939256,-0.116335030627098,0.601837335428872,0.70123345456522,0.0795649580745308,0.0756728204437059,0.0697763548291241,0.185258242252434,0.178230350218802,0.121119642448284,0.119675996249396,0.0783602645012019,0.0697096161006921,0.42513091094452,0.223279480982157,0.335734146768431
-1,-0.5,-0.2,0.25,0.7,0.3,-1.16716555283571,-0.510025807689068,-0.244068791401149,0.20576167842392,0.651836385809909,0.504685214795131,0.075323174068851,0.0690937608319696,0.0699667595613122,0.215257366763441,0.204852164120268,0.105192129701884,0.132806516232837,0.0790048022090841,0.0736391936472505,0.640601971543217,0.341300518285528,0.391743043698706
-1,-0.5,-0.2,0.25,0.7,0.3,-0.829992661186207,-0.55931445822663,0.0996040627833528,-0.385716198085607,0.372090162338775,0.487674064182527,0.10774488445319,0.100320189115938,0.114524330022636,0.160843061253192,0.165286998279753,0.143116220090173,0.200453390056884,0.102070011016143,0.110995224924396,0.555174539806633,0.257903401458005,0.57376988646368
-1,-0.5,-0.2,0.25,0.7,0.3,-1.1840488604603,-0.421060426957581,-0.132143947983381,-0.445574658411296,0.383211447242896,0.799578076896752,0.087839755105531,0.0977259191657491,0.0724496808237723,0.16178591502368,0.159216560648551,0.136635275396377,0.12299168826443,0.101544340710727,0.0797930045877911,0.686592385406829,0.248103140921319,0.550530771052257
-1,-0.5,-0.2,0.25,0.7,0.3,-0.98960519857116,-0.507612896328523,0.025065521585376,0.303050404402794,0.518638487704393,0.321549540816762,0.0796579415363554,0.0791195549831484,0.0833816658961397,0.209759957381259,0.201322156067552,0.108599319877817,0.184555593206045,0.0879949716402981,0.0995827859344098,0.749795388561112,0.355239789951604,0.502485309724649
-1,-0.5,-0.2,0.25,0.7,0.3,-0.870955590591483,-0.692853706985414,-0.184243069206989,0.77491746744822,1.41904687141099,0.157927379546002,0.0958547931081489,0.105935676259384,0.0743884687153006,0.308549966907446,0.25636794504756,0.0749026504996683,0.173270016979837,0.119086114301687,0.088216197389987,0.787770198759833,0.531839349093414,0.3257548748146
-1,-0.5,-0.2,0.25,0.7,0.3,-1.11324316970579,-0.480148060578077,-0.188437364683836,-0.228777386444838,0.47220787510194,0.616824661569759,0.0797144328844577,0.0809172878081147,0.0796590420720999,0.175787674135108,0.171646974155447,0.124051884177216,0.120594696873786,0.0886096088576388,0.0841352485423413,0.534549791224476,0.235126224470389,0.41329817229033
-1,-0.5,-0.2,0.25,0.7,0.3,-1.14784526544537,-0.508518083519231,-0.18828386666258,0.205805223892884,0.706288681397467,0.623708259055751,0.0699405059138541,0.0680910855556366,0.060598846290059,0.214991863725725,0.222627767560249,0.0995426418519934,0.12608332076061,0.0752553865341883,0.0655237003918161,0.646807046565061,0.371838998996151,0.394115436228833
-1,-0.5,-0.2,0.25,0.7,0.3,-1.06228630951105,-0.332464715315554,-0.246377847296999,0.679600557532681,1.01522271840662,0.137510883500497,0.078019073360721,0.0771398194555701,0.0660407709415351,0.283867242417015,0.249826314335425,0.0906490573817623,0.197688719536347,0.100042986335514,0.0748812072040861,1.04858943016594,0.556618858129446,0.505978437888292
-1,-0.5,-0.2,0.25,0.7,0.3,-1.12176061354833,-0.472498597493251,-0.159740686134355,-0.589730060404118,0.585997433341067,0.996113133660159,0.0828408041446135,0.0875619242959494,0.0685069666397899,0.157006967611727,0.163715522919889,0.123607189130669,0.0943343383916241,0.0856041895632772,0.0717253816492154,0.471656809793163,0.242876863614379,0.363020653082863
-1,-0.5,-0.2,0.25,0.7,0.3,-1.22619245460139,-0.520409307074998,-0.142258053400993,-0.31786241009616,0.454419482750971,0.797522643467968,0.0755530386858271,0.0760264166105087,0.0670377412823838,0.16655957975935,0.165962060540097,0.123196781930074,0.101973221058812,0.0797856239461018,0.0660198532188523,0.507399506539171,0.210801695566022,0.388325784349699
-1,-0.5,-0.2,0.25,0.7,0.3,-1.04071454670495,-0.563404439355853,-0.248280201462962,-0.515846345122201,0.48064783059971,0.6374142840757,0.0885974295686063,0.0868561099698794,0.0824753218670025,0.155282739744216,0.15530463740404,0.138124088175947,0.136611321437143,0.0952544558592755,0.0897293250411134,0.583936505060556,0.197288282876613,0.525027604065096
-1,-0.5,-0.2,0.25,0.7,0.3,-0.598969388323446,-0.45027176238838,-0.211593460091046,1.73829444449762,0.656463602231706,-0.559834205013902,0.0862825946015855,0.0823363535002019,0.0828190031835405,0.473640017188822,0.408673770279189,0.0750698373528124,0.439595925422799,0.123510277493834,0.0839841819509925,1.93677162012036,0.686887863357628,0.743722254522679
-1,-0.5,-0.2,0.25,0.7,0.3,-1.16900250755363,-0.529941220653195,-0.132914222826869,-0.15712046817917,0.914701019327745,0.906953753836822,0.0708392442105944,0.0665312099165114,0.0614370081542355,0.207459643071129,0.202721795534468,0.114015285652116,0.0865122942908683,0.0739186915137719,0.0648708846863275,0.566438621502475,0.321661560281661,0.330262099974404
-1,-0.5,-0.2,0.25,0.7,0.3,-0.94939996626349,-0.387553421330302,-0.168592064736486,0.680156453126971,0.915423396318903,-0.0410499610930281,0.0891014827911071,0.0937022003472984,0.0878959498646393,0.285676477675869,0.239459953247712,0.092040002988752,0.226280318132688,0.107653545787753,0.0959545959097612,0.833395394226653,0.432273558488531,0.477978148414403
-1,-0.5,-0.2,0.25,0.7,0.3,-1.10504470311167,-0.485300031449056,-0.164255540294443,0.0472880595200633,0.407241848942349,0.306179617019572,0.0893303482493742,0.0939881658165041,0.0929088103708772,0.195831567077213,0.193876118950197,0.116959628984611,0.155601470369593,0.112079902952036,0.0895144291945539,0.507303197778296,0.260954417820542,0.410475355402782
-1,-0.5,-0.2,0.25,0.7,0.3,-1.17207282965058,-0.427988343387978,-0.243580926255635,0.143141339962594,0.514075638962686,0.143223192319305,0.0851056317288528,0.0891356583533671,0.0904051088179292,0.194771612797239,0.179107112789411,0.115218724040951,0.172985644768528,0.0934546580918786,0.0918707200245178,0.427849477922346,0.251010215694869,0.362921094458576
-1,-0.5,-0.2,0.25,0.7,0.3,-1.07034584274227,-0.408816022934413,-0.217912122415052,0.349766101783995,0.78765461066052,0.394737298393961,0.0791263434980074,0.0833801232316305,0.072866566464116,0.233531148176563,0.212356820759118,0.10184800443349,0.140960407741854,0.0891216321988902,0.0709103574096444,0.519735454596656,0.367105863529375,0.314118316528805
-1,-0.5,-0.2,0.25,0.7,0.3,-0.994906055860213,-0.363287299259073,-0.0699047235432045,-0.337093525641739,0.371305605806524,0.482392255131591,0.0942439019421993,0.0872809707489393,0.0931773981866148,0.164444608348186,0.167375057256772,0.138830342174254,0.174502427274585,0.0933703419417922,0.095091822325426,0.509744704146908,0.206021386020647,0.500832625237402
-1,-0.5,-0.2,0.25,0.7,0.3,-0.822793307329898,-0.422048567573496,-0.220858589016192,0.484990825833938,0.300147459288861,0.1356434377213,0.0886770003886511,0.0939538240231886,0.0982088282253431,0.238442095662209,0.24442833399222,0.10854602932524,0.205697760836994,0.116929253751874,0.101534164881848,0.745006341956821,0.384954958865959,0.513494776766492
-1,-0.5,-0.2,0.25,0.7,0.3,-0.972084824890128,-0.697664094930992,-0.17226580008393,0.147122988318131,0.956081161019316,0.264920366300768,0.09406493349219,0.08893142102702,0.0755880910059684,0.208348604358809,0.211021469676131,0.104729636646886,0.196240850600855,0.102510267542401,0.0834097399758455,0.772365832539258,0.407232567132735,0.526527957309698
-1,-0.5,-0.2,0.25,0.7,0.3,-1.07499893593027,-0.345276112978846,-0.271722814574564,-0.194967451923339,0.298756754183985,0.549019581816488,0.0821246565971405,0.0848029345251644,0.0737005977536635,0.172232689426584,0.175287305250165,0.131397899149663,0.133765064118398,0.0925200611545163,0.0800218236746201,0.434883917161907,0.230017169969024,0.3813232300656
-1,-0.5,-0.2,0.25,0.7,0.3,-1.07516664110687,-0.405389816510507,-0.193772527163478,0.572901939270945,0.388833250981426,0.324522248044485,0.0719174236768784,0.0719193269429109,0.0695073518470709,0.241287783813561,0.234410888376081,0.101262182462292,0.162435936847587,0.0783792180959475,0.0767810144151647,0.602564975657163,0.36761942223982,0.394168190036291
-1,-0.5,-0.2,0.25,0.7,0.3,-1.0495131053253,-0.170688620622048,-0.292818250561435,0.296494418166806,0.404331786690475,0.100396185554923,0.0918024193345679,0.0928978614895767,0.0966276127673444,0.210528393296728,0.2029795829261,0.112875195449857,0.242867558059686,0.118765092002073,0.0973116186671522,0.764748508374784,0.294517293772676,0.605583147900017
-1,-0.5,-0.2,0.25,0.7,0.3,-0.88660938996703,-0.540699756608243,-0.235616591644149,0.350893418754532,0.872206538150862,-0.111589908668468,0.101862978045913,0.0966795533815419,0.0859426419562507,0.230191752632899,0.215860166662069,0.108787068421522,0.261023112858598,0.118881337721079,0.096208942489524,0.629501274017959,0.331998837287761,0.511422470893604
-1,-0.5,-0.2,0.25,0.7,0.3,-1.0669892428601,-0.570764278688818,-0.197842636989234,-0.191620310857551,0.482325579653064,0.890357593744709,0.0751909269673546,0.0754461902361695,0.0718694779504165,0.177665010168783,0.169334197800129,0.126206695644842,0.113850152286116,0.0841785588478159,0.0708418423959028,0.592947181831883,0.228246537934124,0.463977783298421
-1,-0.5,-0.2,0.25,0.7,0.3,-0.845262708795769,-0.589929704247633,-0.0125348061363336,0.0891034185603507,0.627028638079862,-0.0117411816611148,0.108879124864857,0.111268451220669,0.0905805694920045,0.196979753240271,0.184635859031456,0.124238523200069,0.244757174707498,0.117537833309123,0.0976405719974442,0.495468887194202,0.277890894663032,0.469161806670746
-1,-0.5,-0.2,0.25,0.7,0.3,-1.05058509986169,-0.477726061671166,-0.268574155537478,-0.10456215733087,0.783416402860452,0.54728640302588,0.0937117035906563,0.0889965207711298,0.0770836430547847,0.204026920237645,0.199786286794257,0.120288625162117,0.140561198238035,0.0930299279988452,0.0870793705228899,0.444520095117286,0.291650023022055,0.341119178976047
-1,-0.5,-0.2,0.25,0.7,0.3,-1.24218872850098,-0.448115966217138,-0.239028166275109,-0.12602444208102,0.50638152652914,0.799756653596001,0.0662798124312565,0.066024939601838,0.0650165859067724,0.175599681786563,0.165739515987295,0.114413271650364,0.0955510521509216,0.0703315007129997,0.0663448033211395,0.420922053686488,0.224358855108193,0.323225543654665
-1,-0.5,-0.2,0.25,0.7,0.3,-0.958691507676519,-0.470000315257532,-0.132410510725006,0.85280145990893,0.580874687983649,-0.129650483226434,0.0856635589661773,0.0810582771356223,0.0863008609286803,0.282437581002352,0.266335167363754,0.0974822225292083,0.230399440154671,0.0938484689506216,0.0857041486595326,0.595268117388487,0.382754401534449,0.409737422241266
-1,-0.5,-0.2,0.25,0.7,0.3,-1.01507545292271,-0.574320139024115,-0.182617021782345,-0.0375379051867165,0.725913114672145,0.552580635748857,0.0777549894752434,0.0742798960136937,0.066017867110188,0.188842438273567,0.19051005613183,0.110725831398551,0.125603812507266,0.0861454851793656,0.0767638085702853,0.501623995606948,0.250678084129933,0.383799280814745
-1,-0.5,-0.2,0.25,0.7,0.3,-1.05184454738713,-0.52507604004763,-0.176102699395751,-0.0156337345939804,0.593418590678185,0.741272495727634,0.0757819123644875,0.0809124032874963,0.069848067537068,0.203736206133026,0.184637398142288,0.113721372522,0.109751645021128,0.0881872452506009,0.0705714667469241,0.494418468000818,0.231631856346498,0.358557084487973
-1,-0.5,-0.2,0.25,0.7,0.3,-1.18289339220861,-0.230633801381675,-0.299503436242664,-0.498884042361838,0.227393000800602,0.805625102726865,0.0786457869246868,0.0809376101175971,0.0878626711294074,0.144480105255771,0.142281047927549,0.135022509462351,0.123285865857495,0.0862841565542948,0.0922110183423626,0.502458437340467,0.175048130961227,0.463733810257018
-1,-0.5,-0.2,0.25,0.7,0.3,-1.23124938027338,-0.367010173706184,-0.0179948874534083,-0.176065580573352,0.44677145948784,0.476420488552896,0.0857231044113668,0.0879871139629359,0.0790462661803447,0.177578432556028,0.177719159518234,0.124379577778006,0.147066534802987,0.0965498538481801,0.095094315611586,0.505670762197182,0.224387618757942,0.434966416406697
-1,-0.5,-0.2,0.25,0.7,0.3,-1.11790290788192,-0.418390679964742,-0.315439081294654,0.0735896931929341,0.388159716780882,0.510376431442037,0.0750581204630769,0.0713380050216689,0.0723181030172938,0.204463424324188,0.188677834353796,0.119636868425053,0.123573985470392,0.0797996826401621,0.0755754002511609,0.562338434444439,0.253916267215664,0.399837832975445
-1,-0.5,-0.2,0.25,0.7,0.3,-1.07848672709662,-0.648942692719171,-0.141506500852809,0.864179712812992,1.2505804999471,0.311296163714489,0.0792053282812652,0.0735001283664849,0.0737225897686915,0.33738914732312,0.305623252225902,0.0745873591667829,0.146419529292452,0.0839863006299006,0.0785752659330322,0.74379138492323,0.53912011544887,0.316710926412613
-1,-0.5,-0.2,0.25,0.7,0.3,-0.879703794309816,-0.411284990479169,-0.278369507334637,1.57143482058033,1.21488255536515,-0.0545001081531059,0.083526517812584,0.0849316976901684,0.0723369028083384,0.4294285467045,0.358009484066665,0.0549743669143212,0.226139915108685,0.104947652088793,0.0709598314591889,0.954723287666704,0.61079316080273,0.401682925905616
-1,-0.5,-0.2,0.25,0.7,0.3,-1.24476921572245,-0.397588178728,-0.131644290929626,0.491671489918033,0.965985402159196,0.229273540934601,0.0791109939191896,0.0795557549259889,0.0813197615711206,0.257551625452492,0.241040846882411,0.0946645813623499,0.156903628558519,0.0917977574393788,0.0845112361472344,0.575731424166878,0.361102118580544,0.349432419265092
-1,-0.5,-0.2,0.25,0.7,0.3,-0.947507455123705,-0.365369380360929,-0.182000321795183,1.10010956494022,0.477990574884998,-0.0110713085411022,0.0754687356832524,0.0748767026785974,0.0758781818210222,0.304310987335199,0.292319986123556,0.0909145071649045,0.187026514173499,0.0840593221527411,0.0774216812384623,0.741882557965132,0.430252249323299,0.373861676975561
-1,-0.5,-0.2,0.25,0.7,0.3,-1.07740547620686,-0.43629244039733,-0.109799783363938,0.280011050039491,0.750497896251099,0.336544209292156,0.0896366634575747,0.0874456930839591,0.0801457074197784,0.230327334605512,0.217432774460713,0.101759669716254,0.159277694321475,0.100796325409898,0.0834901174239324,0.615425683510705,0.336069737277162,0.413829398044849
-1,-0.5,-0.2,0.25,0.7,0.3,-1.08323406103172,-0.553264555943659,-0.202366155289931,-0.526685009681755,0.668920842065557,0.815282064907466,0.0927784415802624,0.087989504732091,0.0886889518689129,0.162555154551202,0.15664409748436,0.131497800783019,0.132137740693784,0.088270207213248,0.0825267947393806,0.582015920818875,0.218337118078782,0.50219624746134
-1,-0.5,-0.2,0.25,0.7,0.3,-0.937271716119561,-0.463166392813003,-0.26127394418877,0.145927881995434,0.900187941642144,0.216925054312342,0.0983778213153115,0.0945613965258901,0.0872907430119506,0.204268849623145,0.194572426182356,0.111258684136118,0.186438415522568,0.101669896281733,0.0929190571565544,0.504679560518977,0.287620115811152,0.404426245433112
-1,-0.5,-0.2,0.25,0.7,0.3,-1.04907642865019,-0.665063603661995,-0.282443406559317,-0.304918491067162,0.344284762648954,0.742564137779504,0.0815960640782284,0.0779930889420756,0.081442378925938,0.160879091215501,0.165623139975925,0.129055262319536,0.110058020305375,0.078514402063987,0.079879804854968,0.500162617340453,0.216173031589397,0.40570087971349
-1,-0.5,-0.2,0.25,0.7,0.3,-1.1560809044077,-0.647371500563282,-0.309478928102249,-0.289723871863847,1.10680160242019,0.971357989067266,0.079531642066677,0.0781914281826052,0.0612929731345829,0.194349813730181,0.197598414754877,0.0996579781922381,0.0906376305312695,0.0954373165982695,0.0643377438825388,0.480730250906474,0.284223333676725,0.324554489350222
-1,-0.5,-0.2,0.25,0.7,0.3,-0.840047361424311,-0.496434500674137,-0.0851415894882955,0.507319430266526,0.666998514902519,0.150069936278362,0.0900757219117925,0.0902036494519138,0.0852481330781549,0.252789768236994,0.229187179387179,0.107022872925881,0.193373136158637,0.0949807806638035,0.0896253502243661,0.698309254219879,0.396465931994975,0.43835497186708
-1,-0.5,-0.2,0.25,0.7,0.3,-1.11352216029033,-0.592049520939215,-0.125726947652782,-0.497509446329266,0.387491387611449,0.941945890996883,0.0820928574886013,0.0874877208035883,0.0762966174845936,0.152638530796299,0.152641272584197,0.130529096207284,0.115799752219891,0.0910924812801814,0.0879204886794868,0.572103594131965,0.233915156349789,0.485315235305736
-1,-0.5,-0.2,0.25,0.7,0.3,-0.86965537893271,-0.426519454426154,-0.269861479479084,0.689779477471024,1.13362373537936,0.145450673837896,0.0852735225209831,0.080497736303426,0.0786418024806019,0.311476350910387,0.298060626068012,0.0752251848876671,0.183738159949949,0.0932344954632396,0.0906266161531352,0.696276064894115,0.474245405577625,0.37805107981898
-1,-0.5,-0.2,0.25,0.7,0.3,-1.16029943783724,-0.368649222477597,-0.238211896757012,-0.290719260379228,0.542838420994493,0.581171475074566,0.0841546463267894,0.0874919802014057,0.0846050000792362,0.186280515899391,0.187788824969233,0.129327546561005,0.144590852495385,0.0950455158465563,0.0944420752802789,0.697720944724017,0.333352019849675,0.525859175877772
-1,-0.5,-0.2,0.25,0.7,0.3,-0.809676317615039,-0.484162925516707,-0.0109674232802398,0.392388325868601,0.727147922962299,0.1912385667638,0.085592507883468,0.0875242363402291,0.0744890286109271,0.234486172053154,0.228823064755422,0.103348752126587,0.166037775818562,0.0983379911283081,0.0845815351278106,0.483580217780942,0.304972988834177,0.343589113808013
-1,-0.5,-0.2,0.25,0.7,0.3,-1.23387404032698,-0.643158853226204,-0.219986676284855,-0.695743393233452,0.188758594025733,1.14605579634629,0.068700820141533,0.068899254228323,0.066076773408298,0.136815539901352,0.138313113690604,0.127833106521576,0.0790564271471084,0.0683437845570686,0.0718846963161576,0.442398211557953,0.174043097568977,0.379278825243678
-1,-0.5,-0.2,0.25,0.7,0.3,-0.892070878870136,-0.521698873992331,-0.169585822734382,0.658069593490009,1.21918184017148,0.194427188617924,0.0843274951980086,0.0828768744433394,0.0723794441329842,0.299868862830216,0.268612847431906,0.0804570680356897,0.153713358396612,0.0891927574917049,0.0793642464980148,0.666044278671993,0.486096927018736,0.308894700353819
-1,-0.5,-0.2,0.25,0.7,0.3,-0.327070473624369,-0.338759513352088,-0.222562164091476,1.65555665201813,1.52783528515415,-0.872816811536597,0.106639134711259,0.100973939854897,0.104150376343453,0.430181674777632,0.381446604991823,0.0711288868258423,0.79056400371096,0.160858402705023,0.11141778274483,2.76390538815651,1.58965082602563,1.21668500977778
-1,-0.5,-0.2,0.25,0.7,0.3,-1.1577054838268,-0.526034433192135,-0.222609196823248,-1.34595188439881,0.563807673010152,1.66584706788965,0.0643138321477074,0.0603325463661983,0.0569672598235736,0.116431601335822,0.115098001385764,0.120226778946637,0.0683636361941709,0.0631583657537532,0.0596008166012789,0.470015245522739,0.143148207877129,0.428309767061493
-1,-0.5,-0.2,0.25,0.7,0.3,-1.25841458263434,-0.42359993435472,-0.249685810208806,-0.908352049887725,0.477904296556391,1.37028845951508,0.075532445572877,0.0710829359861272,0.06985618649927,0.131369231650189,0.1391539117911,0.131178843349832,0.0847047443410028,0.0768728474720984,0.0716973594558418,0.515873191641873,0.194037356414505,0.47288087870094
-1,-0.5,-0.2,0.25,0.7,0.3,-1.21202300441301,-0.483206740005112,-0.386340959786201,-0.36551338267577,0.564970872382142,0.78606421230732,0.0741614824368561,0.0701704669054919,0.0758697077640521,0.164725881694811,0.17021067958918,0.125944210146406,0.105493066621845,0.073842758820377,0.0736234273723025,0.397598872858609,0.244461154920767,0.335012384522125
-1,-0.5,-0.2,0.25,0.7,0.3,-1.26469101663122,-0.531100707068952,-0.323613076844731,-0.806058936606584,0.471216481360099,1.08863720987327,0.0790546540211668,0.0728359305553846,0.0644616919939527,0.137861293420769,0.138273338837322,0.130862414310543,0.0873931233517258,0.0817835673650507,0.0749138939423618,0.490440057507774,0.190153858255909,0.426197289937252
-1,-0.5,-0.2,0.25,0.7,0.3,-1.08551021691885,-0.562921956009543,-0.123771855806799,-0.0981671659070909,0.84817622492483,0.71795917293977,0.0802003741448653,0.0758421214267162,0.0640570544994684,0.190294841460192,0.187292415044606,0.115787900960609,0.105083715239425,0.0776714305311093,0.0660512447194917,0.445357394590084,0.288772357011681,0.304612155359028
-1,-0.5,-0.2,0.25,0.7,0.3,-1.18470134267262,-0.489341834472018,-0.271441727365019,-0.452050634830403,0.552709184597664,0.697586654517807,0.093689772378985,0.0953491775232497,0.080787585297561,0.164555111743233,0.163080708952861,0.135760620912005,0.154089987917216,0.0995349158494828,0.0846916311540767,0.60620894451448,0.248195245384671,0.543206212373624
-1,-0.5,-0.2,0.25,0.7,0.3,-0.754269249522978,-0.429813732176613,-0.0690432921485643,0.432429806884935,0.760281525297725,-0.338206653510413,0.115372005576157,0.107958032523528,0.109471555546575,0.262033879526739,0.238025764127179,0.114648945405953,0.355716699007451,0.122450587667244,0.11378183106581,0.630328254959632,0.376852988429408,0.585222450113748
-1,-0.5,-0.2,0.25,0.7,0.3,-0.737734457190565,-0.402798873535061,-0.292249338419313,0.674037560184716,1.15269268460264,-0.0932884940369948,0.099554962553426,0.0873607619782753,0.0716744540819409,0.30205743102951,0.28229935137306,0.0848909353074463,0.259527088048794,0.102577306198769,0.0786328854734826,0.699907126708126,0.487972211523835,0.44308296392444
-1,-0.5,-0.2,0.25,0.7,0.3,-1.186703407978,-0.34937377690774,-0.189003421537241,-0.550792840078824,0.329079151761065,1.13172712143243,0.0682445603324723,0.0701344662072197,0.0772120170038716,0.151531346255784,0.156307827963688,0.127968349622815,0.0831854603110027,0.0717846462984514,0.0771229721935035,0.526062098026505,0.216240540839913,0.418064539935756
-1,-0.5,-0.2,0.25,0.7,0.3,-1.10758425275751,-0.644937381928285,-0.212157923044272,-0.031956788145194,0.68984491225067,0.585495361646636,0.0870788814986613,0.0923026573646385,0.0740847873318448,0.210100122260138,0.203731493356284,0.113686440165636,0.14431823413009,0.0984979959783225,0.0781829153962541,0.787798853227441,0.41857949497543,0.498168736399418
-1,-0.5,-0.2,0.25,0.7,0.3,-1.06908475538032,-0.435344028963088,-0.225673083586059,0.171286407175786,0.872169728917719,0.187904963740322,0.0966251366285825,0.100359901324687,0.0769372773853932,0.215276982226597,0.203178983336711,0.103641302092849,0.249127951157538,0.123436652200672,0.0875120177472649,1.0302588798163,0.671719764313323,0.615221159921568
-1,-0.5,-0.2,0.25,0.7,0.3,-0.617971885791822,-0.373421364550217,0.0333803907515061,0.871850471224097,0.875416925365544,-0.420483286325401,0.10490172897871,0.103788074058973,0.10226457504326,0.315893247150356,0.265066785328593,0.0928072859814829,0.336434213400949,0.116931775376474,0.108436915707128,0.715473918931103,0.424774552841014,0.516377659002033
-1,-0.5,-0.2,0.25,0.7,0.3,-1.21369458072339,-0.490736643883307,-0.196155901417007,-1.17869064526987,0.450179641727088,1.51473483312169,0.0791310220304155,0.0780234948929634,0.0622733733757092,0.123496279034741,0.12694684803002,0.128724401429441,0.089968214152189,0.0797528453485939,0.0667653288422827,0.93394211592944,0.212749578363973,0.875280539988781
-1,-0.5,-0.2,0.25,0.7,0.3,-1.07675284849433,-0.428844772638921,-0.289967436776257,0.772905580753151,1.07507198299208,0.386677570635022,0.0756939999673407,0.0722358575147538,0.0621426548038062,0.330819518806836,0.291098766544169,0.0847719423267402,0.135531681710625,0.0814547628008797,0.0694007038663808,0.757134447214894,0.508760252934837,0.32019345124126
-1,-0.5,-0.2,0.25,0.7,0.3,-1.07912743274764,-0.449744982667329,-0.205471835701948,0.102028517832465,0.529164294073606,0.278530274076912,0.0888076143798185,0.0800371585451168,0.0842605811326372,0.19473018138127,0.191646539279423,0.118236613814917,0.181235843238772,0.0856783609803133,0.095356011035196,0.558303630110887,0.28561175311491,0.448649168173329
-1,-0.5,-0.2,0.25,0.7,0.3,-1.06348828966914,-0.37347307473855,-0.0942735742005743,-0.205908020213351,0.24276533650308,0.733415436272468,0.0782563609466834,0.0803701774786254,0.0924879810063853,0.173542045645046,0.17216163367585,0.126257932200997,0.113087313381709,0.081931700569476,0.0962080211304182,0.423469089849482,0.220876440368995,0.347412270508691
-1,-0.5,-0.2,0.25,0.7,0.3,-1.19443049546923,-0.319251838911195,-0.188032101581428,0.254469456383191,0.242089486748073,0.367624311571369,0.0730902958589523,0.0763933725887548,0.0762596881012343,0.2112474277724,0.202976990699586,0.11087466272187,0.140134739107905,0.085212039345228,0.0779801888231224,0.606465007084381,0.281182749783643,0.406605221732655
-1,-0.5,-0.2,0.25,0.7,0.3,-1.02120346809045,-0.456792093230332,-0.178265465433005,0.3749887938415,0.647595687914535,0.243055692424097,0.0871769820773296,0.084387213405492,0.0784750241804739,0.2354213445878,0.214421362301307,0.104550208548041,0.173772563650897,0.0889412659094096,0.0881954502029889,0.714479539248131,0.430856336790567,0.416246079425701
-1,-0.5,-0.2,0.25,0.7,0.3,-1.13954979989935,-0.711603430051236,-0.0798800051828874,-0.178184507150782,0.312514032420299,0.715630000715018,0.0757103648859278,0.0802212596692045,0.0697972423145335,0.169730790918001,0.17692901547151,0.127612046511836,0.114650314935095,0.086033361726176,0.0738338197035181,0.521887857069839,0.226629174062706,0.414023590681343
-1,-0.5,-0.2,0.25,0.7,0.3,-1.01781524861175,-0.616053748714257,-0.120545635217616,-0.148448649758571,0.710026547695981,0.683895939672366,0.0845238106435284,0.0815877234714449,0.0791880662846471,0.20347563277922,0.200607113310667,0.118865792426579,0.115809522624247,0.0878342653091271,0.0838413367778941,0.554889656575893,0.288948679756862,0.385916016739559
-1,-0.5,-0.2,0.25,0.7,0.3,-0.98180658550248,-0.561391045762785,-0.193561453695464,0.92358825437608,0.988787755166031,0.0335836382554604,0.0829105578886219,0.0790425945971609,0.0717112332181172,0.306435509039283,0.280215767112818,0.0896481198046943,0.187050491663396,0.104040251578896,0.0807313695813454,0.959063546807086,0.564646248601648,0.433530174365434
-1,-0.5,-0.2,0.25,0.7,0.3,-1.23454184220923,-0.559239067927624,-0.206950216402708,-0.307181750779632,0.916806790703234,0.849980064508959,0.0800333408180436,0.0819842506106802,0.0625759302828803,0.191686531879874,0.191436209832568,0.108106867004939,0.107704429681,0.0952505087146548,0.0717653963771133,0.575711334812514,0.295099293911839,0.401718434903664
-1,-0.5,-0.2,0.25,0.7,0.3,-1.304994182364,-0.539545392852929,-0.0465472932956896,-1.10725528957082,0.220418731132619,1.4321532008027,0.071010663711504,0.0615647615065644,0.0763488442647553,0.120733229992239,0.121940282508849,0.130585969499809,0.0783045877595221,0.0634965786840444,0.0724856225721043,0.526638590665196,0.15751626703475,0.503154569214519
-1,-0.5,-0.2,0.25,0.7,0.3,-1.05763860827066,-0.435923185633583,-0.282608524015527,-0.274342913191634,0.369840003518495,0.809999889724785,0.0819041790015508,0.0744733139573954,0.0774528055700235,0.184937424470814,0.18606331525874,0.134112532392077,0.163564736378288,0.0832636743156321,0.0995665955398351,1.07182895629689,0.371168170811108,0.826936021385973
-1,-0.5,-0.2,0.25,0.7,0.3,-0.868954588104151,-0.622687476292613,-0.0789836753278236,-0.105827245162001,0.77622515363095,0.759250268043122,0.0839484914504911,0.0806889860480639,0.0818463970740338,0.200877934927655,0.205997088167156,0.118584486450169,0.12120044942553,0.0887515146452497,0.0780299213221072,0.531559487206936,0.281251626525555,0.393351624261797
-1,-0.5,-0.2,0.25,0.7,0.3,-1.19134668526919,-0.51927625036183,-0.187670597290839,-0.113675410422613,0.874825760438826,0.928610470265065,0.0814602356864903,0.079343436372858,0.0555791317906193,0.203645903132837,0.188093330473654,0.110278217153417,0.106063683268197,0.0802467880508336,0.0604014243893997,0.62463605260541,0.332105853391218,0.377098952752352
-1,-0.5,-0.2,0.25,0.7,0.3,-1.02196865190192,-0.41404409589868,-0.142975475724996,-0.40009618382224,0.403135464589526,0.757941512951756,0.0865435247850185,0.09435940409411,0.0881634785875336,0.157678280729944,0.147962648442017,0.135837122104361,0.130042220338882,0.0942976793824477,0.091049955652393,0.506961588061932,0.205495035240088,0.456569315932708
-1,-0.5,-0.2,0.25,0.7,0.3,-1.1166758053772,-0.326930203057816,-0.0699921444123938,0.682971036202341,0.68742418816229,0.163105971229037,0.0725886886056442,0.0707850520816171,0.0680909518727532,0.270502180824498,0.246364400132073,0.0937447706765137,0.152356056841346,0.0778356149995993,0.0790807437828326,0.641510491526458,0.393898673012475,0.338036864449481
-1,-0.5,-0.2,0.25,0.7,0.3,-1.15916903825217,-0.577826117815734,0.00366590539793358,-0.531382146425814,0.626307654159653,0.981433023914036,0.0781266246151736,0.0759377635404692,0.0715743604281783,0.157560042616307,0.162986154018664,0.125924194266748,0.0965119552349276,0.0758244532722468,0.0666178488408531,0.474166855142154,0.233287552818505,0.376385092895197
-1,-0.5,-0.2,0.25,0.7,0.3,-1.17285140550379,-0.597858055380236,-0.190387284506435,0.21310514943188,0.777727446364577,0.440720675846388,0.081785926479453,0.08238528751719,0.0657366213350242,0.211852065110632,0.200433145279285,0.105984638282505,0.130317636165362,0.0935045051700379,0.0720181796793499,0.531756220908951,0.294227867315964,0.348984810588837
-1,-0.5,-0.2,0.25,0.7,0.3,-0.394262078728449,-0.395106118723199,-0.24889302048689,2.01720605452195,0.857213809365545,-0.898706385501403,0.0926590724698071,0.0944912934228988,0.0849279132253871,0.475317907252503,0.417847883978275,0.0765982197012599,0.484359204179081,0.119228420603584,0.102671013864815,1.70696605818417,0.997597735347663,0.657954773048556
-1,-0.5,-0.2,0.25,0.7,0.3,-1.12376069202849,-0.387076169723593,-0.187790906627849,-0.424524470303525,0.377330692792515,0.851173622237136,0.0739158866290881,0.0695550186540638,0.0671014033624436,0.161504466886098,0.158917396621077,0.129845260160882,0.10070224616979,0.0719439294307207,0.0758626956788002,0.475628678404148,0.241524962970514,0.376572756130895
-1,-0.5,-0.2,0.25,0.7,0.3,-1.19938148738443,-0.564180027607346,-0.112174577811248,-0.381726275751582,0.8018074559859,0.999578090433761,0.0774696320876972,0.0787587183646314,0.0595780379545888,0.183451358600105,0.176812782271493,0.120020661071005,0.0921643848539428,0.0757146247074202,0.0618813928540759,0.40841372201299,0.242581647417281,0.301423628970068
-1,-0.5,-0.2,0.25,0.7,0.3,-0.892537275044078,-0.467804319335482,-0.221785488668542,0.840575720929057,0.790006671635477,0.107934094270047,0.0774371960914113,0.0704824048795091,0.0648058692432529,0.278186958185963,0.26262348938648,0.0939204839029325,0.192936162770952,0.0823817065904267,0.0694394772890232,0.988016917323877,0.61319844914348,0.454621952252921
-1,-0.5,-0.2,0.25,0.7,0.3,-1.12417556342036,-0.463529504617965,-0.116088458660695,0.821266358323345,0.838340182770895,0.314480552256915,0.0719533559283863,0.0671627446300533,0.0624514957364229,0.309972943936071,0.293084189061109,0.0842725723472232,0.138966843333014,0.0786651532036327,0.0736818878866681,0.851577669023093,0.577978278578456,0.345478090068756
-1,-0.5,-0.2,0.25,0.7,0.3,-0.386605967888021,-0.279002029223486,-0.107748361406452,2.25668262675172,0.725107108656302,-0.959548861486692,0.0856290787968691,0.0911727806759143,0.0856837469903764,0.50875208058128,0.448350386886852,0.081485202662414,0.516481782414664,0.13069376905936,0.0892124160661959,2.38205279567809,1.01752423390654,0.730266882929792
-1,-0.5,-0.2,0.25,0.7,0.3,-1.01650810584401,-0.479027010094259,-0.107637809298133,0.148268680235321,0.537620065643841,0.402829150380165,0.0896074287158942,0.0909046570880612,0.0823217612700833,0.216547856660931,0.204887103029903,0.114283231832018,0.151909864139842,0.0912731251404626,0.0860686647128189,0.531442666167701,0.328466346857365,0.37408163292042
-1,-0.5,-0.2,0.25,0.7,0.3,-0.931211381215859,-0.549281649053927,-0.0991253165726095,0.267728557801488,0.612374791223427,0.331256825371828,0.0864347813831796,0.0859655014145348,0.0789351282737267,0.221333372818804,0.203462617447751,0.107944499577494,0.154908022484634,0.0868507801321646,0.0737235048157253,0.503424822944161,0.326092032491022,0.341907744743175
-1,-0.5,-0.2,0.25,0.7,0.3,-1.30223226419698,-0.474277114083937,-0.199127804944945,-0.997667826537649,0.45678850243865,1.54187802209773,0.0529807500501331,0.0485972298076765,0.0586419194093941,0.124546047660089,0.1222471624947,0.11776823118948,0.0608329909763877,0.0550580984991261,0.0600809258294963,0.440283770619862,0.1844336385015,0.376629676839829
-1,-0.5,-0.2,0.25,0.7,0.3,-0.905578415597712,-0.367843767367433,-0.236163063586538,0.310835684652074,0.797103839059233,0.250168756856626,0.0849327632749643,0.0818506183089213,0.0804365966109975,0.236241157507762,0.233567813593399,0.104598625240941,0.163983187067723,0.0939908729926875,0.0878371023333651,0.567714935668418,0.405409354568678,0.38073984617845
-1,-0.5,-0.2,0.25,0.7,0.3,-1.00586291151481,-0.38918581313843,-0.235583991815082,0.892668064717264,1.12513162117215,0.0475146982065739,0.0761166329278386,0.0766056996359991,0.0674325413861182,0.312046693810723,0.302299074656962,0.0777169862000062,0.194250377533861,0.0923398659494986,0.077394773758678,1.09987241484689,0.789264858860417,0.411631457104099
-1,-0.5,-0.2,0.25,0.7,0.3,-0.820945682760986,-0.588540821687963,-0.144701739424305,-0.228670742509667,0.590932551995547,0.520151024426731,0.103127658125028,0.105257257576397,0.0864672250712903,0.173285199278516,0.170313364218339,0.1263913608415,0.172643542173126,0.108666795768127,0.0915581805679339,0.531505986365242,0.279343246275674,0.435366315992877
-1,-0.5,-0.2,0.25,0.7,0.3,-0.725240769048227,-0.346651562908373,-0.200151001374156,1.00101458814385,0.649985164211553,-0.313985507874305,0.0940066107564957,0.0965666332401006,0.0907477518888389,0.311004402647141,0.276031891319187,0.0921565320133089,0.28605959797239,0.113099092243228,0.0968903616120729,0.738197349791099,0.457988540971869,0.475739185562789
-1,-0.5,-0.2,0.25,0.7,0.3,-1.18926700812918,-0.409731855787604,-0.217853689057732,-0.192933567174252,0.457619019988206,0.46860990983469,0.0852830751278244,0.0883481174852355,0.074890257889848,0.179611097627314,0.169648951900452,0.12588422079054,0.147651392974874,0.0965873360897271,0.0835668690851994,0.564620749329339,0.218624352781073,0.463594467306363
-1,-0.5,-0.2,0.25,0.7,0.3,-0.88035085748303,-0.360609063440484,-0.1842110462575,0.306505192948702,0.334466411918194,-0.114267532501924,0.0955572810609666,0.101801916789295,0.0903605318373878,0.217055358881991,0.232731449406459,0.119788023969217,0.273314727783518,0.129559369102587,0.0902754049007302,0.709128357745135,0.346882187988509,0.569034540307507
-1,-0.5,-0.2,0.25,0.7,0.3,-1.19640704729159,-0.550461201885606,-0.224805551391597,-0.0212561317595744,0.712117956684416,0.570701607224229,0.0879094052652819,0.083242987138948,0.0737001635182722,0.196703782541294,0.190949507783942,0.11389788161396,0.135715396302857,0.0906917383549082,0.0904617125198117,0.604402481201872,0.354817175660873,0.395861204135339
-1,-0.5,-0.2,0.25,0.7,0.3,-0.909686257640472,-0.377174859744574,-0.275826859854605,-0.0977069366954571,0.67839808171124,0.345345038505539,0.106768285820164,0.112700312727588,0.0849550304922287,0.19466308746977,0.183199329169505,0.123956768351341,0.381109654958183,0.137571860173145,0.114829892714986,1.42510370564646,0.580437496115844,1.15399435607898
-1,-0.5,-0.2,0.25,0.7,0.3,-1.12467844478917,-0.611196014196847,-0.0670046561013711,-0.565084536188834,0.619074108290586,1.1854878862911,0.0784676131929285,0.0788213475016304,0.0629506063048926,0.153862019195973,0.152779542856689,0.123950492196029,0.085929867193762,0.0816530562086166,0.0615245389473503,0.465531134458586,0.215162787400555,0.376845825080375
-1,-0.5,-0.2,0.25,0.7,0.3,-1.07726089636917,-0.482007064651933,-0.245698671762943,-0.166949570813592,0.456123521980369,0.721414378954807,0.0826257370639703,0.0824394122628432,0.0859912677242392,0.184502937182976,0.18406379383109,0.126129530630543,0.1159685981477,0.0885365831919754,0.0901729143291157,0.509352621598851,0.259286851333358,0.391828661472208
-1,-0.5,-0.2,0.25,0.7,0.3,-1.09057032441571,-0.638732899550628,-0.175554389566112,-0.169245465086954,0.482367483529989,0.648124187631531,0.0825146600024694,0.084525689054027,0.0774416789005063,0.187085326301593,0.184756514878757,0.13032627262292,0.138337635127757,0.0913948681769654,0.0817951449269572,0.566067071540794,0.29048428683534,0.463850645868553
-1,-0.5,-0.2,0.25,0.7,0.3,-1.12711203689747,-0.566989775133212,-0.0338441190400996,-0.634425209160702,0.557264352825431,0.997212581173282,0.0905818208968888,0.099597135510802,0.0801671809031457,0.147159560987785,0.151551002751736,0.130981960385068,0.108187357053035,0.116766804273736,0.0846092476751103,0.706436090425609,0.212153851287339,0.619147045008596
-1,-0.5,-0.2,0.25,0.7,0.3,-1.07626517786275,-0.560681789499042,-0.130373941316937,-0.48298146112793,0.821444025043604,0.935780224751215,0.085410744652695,0.0867585448783179,0.0694600554216078,0.160470376488852,0.159167487927755,0.116506730020977,0.0993770188884114,0.0945106130699929,0.0662824284124238,0.365974877022623,0.218758299618247,0.302750965164083
-1,-0.5,-0.2,0.25,0.7,0.3,-1.03599389514639,-0.615378146581182,-0.281287993661869,-0.156510021866908,0.462648594931731,0.59559687756615,0.0871374845971995,0.0848954770173828,0.0768927182757519,0.187882092879721,0.193340511834532,0.125555146706437,0.127660774040234,0.0835239905661862,0.0776156319022595,0.520355234117788,0.290263654445604,0.39245707392408
-1,-0.5,-0.2,0.25,0.7,0.3,-0.981093116021662,-0.44331798457504,-0.211504277641511,0.153237081563919,0.707744138667413,0.37948180430806,0.089956734363205,0.0941062020451354,0.0757339517366877,0.217316643314762,0.197119306206001,0.112455746513596,0.153472772802236,0.100892298649164,0.0832915340583243,0.597972063445293,0.324920579365101,0.402401392455105
-1,-0.5,-0.2,0.25,0.7,0.3,-0.4813542231487,-0.422834754501509,-0.217680554263916,1.13574623544599,1.20868152375401,-0.520146665219263,0.105339539812292,0.114562046039426,0.100170946105771,0.368326398088705,0.326817192290982,0.0765807039934061,0.44315712368129,0.144137403861621,0.110248879899406,1.18185470799048,0.755458072603276,0.669195353193929
-1,-0.5,-0.2,0.25,0.7,0.3,-0.961018830225942,-0.552479776009636,-0.255475963591979,0.15003772021507,0.754374730812308,0.311847475389738,0.096127721415215,0.0924225257943321,0.0720093756690471,0.198425727158325,0.193295826927658,0.114784604856681,0.165482772362767,0.12082757686609,0.0717769315626628,0.539303676399337,0.247694437339222,0.423697709542591
-1,-0.5,-0.2,0.25,0.7,0.3,-0.911992200461809,-0.468955361564397,-0.188567959487111,1.0059104771463,0.754763799337579,-0.115810273994566,0.0811943555007845,0.0855341642557947,0.0739880646273975,0.304743962253451,0.252393163371386,0.0867904559932182,0.247170886552855,0.106532174115826,0.0771214698119407,0.882781925977607,0.485534254145624,0.468545833101668
-1,-0.5,-0.2,0.25,0.7,0.3,-0.544135009831883,-0.258863272848775,-0.138496828113752,2.10021675073935,0.879454315107164,-0.893035115281206,0.0880642169984522,0.0889071192221376,0.0901974833290118,0.47763044330948,0.443104070658816,0.0712015283273583,NA,0.0477548762331156,0.0718518802857374,NA,NA,NA
-1,-0.5,-0.2,0.25,0.7,0.3,-1.07756192816249,-0.49252163128522,-0.219673956008901,0.0296988298227535,0.497120523695046,0.294930901279112,0.0829233337930572,0.0823692452091845,0.0743775542091296,0.183221877096628,0.180167966842292,0.117407358578184,0.156856734506042,0.0925780485758785,0.0787172624299532,0.501371298854987,0.278956632385514,0.397635860985947
-1,-0.5,-0.2,0.25,0.7,0.3,-0.71704213416207,-0.415568457607697,-0.186530122192679,0.432451561421782,1.00751981350647,0.0956265499030015,0.101513958508917,0.100595799853875,0.0748271013915006,0.265447824470293,0.238275239389895,0.0988871844466902,0.191468174539965,0.12115977835737,0.0896299746323757,0.650779507855661,0.378517429028531,0.414183802715927
-1,-0.5,-0.2,0.25,0.7,0.3,-0.984274392485618,-0.441232462658673,-0.164232515407159,0.347596956126281,0.246855197946325,0.173024318770199,0.0826829693606608,0.0863889377754935,0.0852745123869431,0.220197536653147,0.22148334281515,0.10888657423617,0.285993849813424,0.102726095518338,0.110071093349852,1.17193901498092,0.328041871554098,0.835228541365627
-1,-0.5,-0.2,0.25,0.7,0.3,-0.75885183019603,-0.411862158901648,-0.3290805896031,1.03623199130473,0.80305627528121,-0.194418675997505,0.0849484203733425,0.0834467029233445,0.0796754606202448,0.31049446860611,0.269765323107061,0.0863493041425089,0.242553468059641,0.113419063944439,0.0827597297761739,0.988436507873323,0.454256441786819,0.50464873452372
-1,-0.5,-0.2,0.25,0.7,0.3,-0.719823883229237,-0.578663980494543,-0.186531085116115,0.972873944129222,1.18201496574012,-0.111850392298234,0.0996590565278182,0.0986535761575529,0.0908519791191789,0.322648819282887,0.283094935650077,0.0853839062903568,0.222158361467356,0.117718040706886,0.0997581102164886,0.748940657834574,0.506664134873188,0.392124347468896
-1,-0.5,-0.2,0.25,0.7,0.3,-1.14850195495321,-0.514062087884116,-0.236517711757064,0.2640876944041,0.475838210799505,0.687712643518584,0.0620966699884388,0.0630356416429216,0.0557378688526527,0.215771713684084,0.217053032366006,0.101845821864941,0.0943689022326773,0.0680770723207346,0.0575976743587547,0.572442791391176,0.338272816005351,0.306592473296678
-1,-0.5,-0.2,0.25,0.7,0.3,-1.19034824866522,-0.584054563969014,-0.0446827043822135,0.276710167194207,1.14589341434616,0.681090407436558,0.0711026761176899,0.0660841337551785,0.0518251518159977,0.269970352937593,0.244295593657037,0.0943025710507098,0.102409326274775,0.0722027289439079,0.0608181119500002,0.624003793932081,0.424829340484976,0.2915771336559
-1,-0.5,-0.2,0.25,0.7,0.3,-1.05472705761213,-0.391185121185207,-0.20628805996477,0.452186016042308,0.858714849325606,0.0971123948424959,0.0850324979350101,0.0873684313657057,0.0701358661974277,0.250272964792894,0.238141955381666,0.0984018769622679,0.34512951715795,0.103757346199374,0.0847000944311755,1.91780223552183,0.93656486356733,1.03692618955824
-1,-0.5,-0.2,0.25,0.7,0.3,-1.00296380249675,-0.401664813365638,-0.0732172191994845,0.0718369383611752,0.545102195308185,0.537563829555231,0.083155646219488,0.0844303654114574,0.0753470435845845,0.206660159605791,0.197882200051259,0.116845839355294,0.142104761647018,0.0969654310703047,0.0754404623527742,0.568718727239996,0.26307970810146,0.431873014156617
-1,-0.5,-0.2,0.25,0.7,0.3,-0.93918703970326,-0.416386197091037,-0.240759601302356,0.410540199127493,0.672603199465771,0.165314803407573,0.0822125458718042,0.0810569459415141,0.075931605225925,0.237791246957238,0.224820013949585,0.102114270199483,0.179403438358952,0.0952566968190538,0.0881584273255477,0.555883706204951,0.339101804416551,0.387651476633559
-1,-0.5,-0.2,0.25,0.7,0.3,-1.01571905467618,-0.406006561481017,-0.265173154115024,0.125967534381536,0.783711680992073,0.333993567722997,0.0972411546089153,0.0926515636874365,0.0801755316840476,0.218175680487264,0.214583090235242,0.113200556709264,0.17103092214314,0.0987776686801876,0.0839535439040283,0.538679705671884,0.332735946358914,0.389644183268075
-1,-0.5,-0.2,0.25,0.7,0.3,-1.1271583460081,-0.467602362240882,-0.269941955694652,-0.109824154130475,0.818892440569708,0.589942581478703,0.0774454606067467,0.0745347138219973,0.0677801489320664,0.187672303034287,0.188261965353357,0.111591113509983,0.12836773679118,0.0813111620239231,0.0772682568379174,0.566981614301059,0.335843340267645,0.388500574006648
-1,-0.5,-0.2,0.25,0.7,0.3,-1.04341477869736,-0.520357337081182,-0.280411066646001,0.7179461787066,1.2288587459047,0.374797862934801,0.0803782563051776,0.0783089640158715,0.0681444465625565,0.315505877645983,0.28256215567566,0.0713819598394275,0.141442541658878,0.0913683005006359,0.06752062302984,0.605227915373621,0.432853184863888,0.302677554618991
-1,-0.5,-0.2,0.25,0.7,0.3,-1.25959084609393,-0.441463070286285,-0.321993387092559,-1.34254098256032,0.116912108799644,1.78985813213643,0.0581597383053624,0.0599298582159913,0.0678988558614896,0.111991418173983,0.113307033475826,0.12105806889501,0.0624989278051224,0.0645451777940565,0.066874128863595,0.58337130531901,0.144764910212247,0.562777149060743
-1,-0.5,-0.2,0.25,0.7,0.3,-1.13064792618463,-0.364976812089031,-0.206784448413114,0.125265361114851,0.35133006250975,0.401904928234115,0.0750714408685997,0.0748450300615895,0.0737996852621686,0.204429480413085,0.197514391408281,0.116625076764103,0.138342623245695,0.0783784730185105,0.0748963509353529,0.54470522039093,0.237931958416039,0.393732693803975
-1,-0.5,-0.2,0.25,0.7,0.3,-1.04856723461959,-0.351386720689702,0.0072243041248197,-0.169229470757072,0.308665625192943,0.484376811698606,0.089954302403546,0.0971786786680682,0.0909496873577743,0.177301542743956,0.169035177403888,0.13088872656202,0.148066907905302,0.105640326095684,0.0912191273801708,0.454251506741239,0.195837907628676,0.389143867666445
-1,-0.5,-0.2,0.25,0.7,0.3,-1.2510038017646,-0.364379523610733,-0.193533200734706,-0.510744336955406,0.261600977892723,0.833898786003881,0.0746917080220328,0.08475617510328,0.0748413267496292,0.149260704503353,0.15282143501545,0.134877798888184,0.11548386487493,0.0935076934832508,0.0804651186097528,0.596698746897177,0.223676760975257,0.518852515224238
-1,-0.5,-0.2,0.25,0.7,0.3,-1.07472613629179,-0.634887474813341,-0.226550204891298,-0.259180193114664,0.723996455232663,0.838459953244181,0.0774854920218002,0.084796439558586,0.0624997981215185,0.180618304068034,0.176502569025488,0.117859321267241,0.114517899539363,0.0964755472001925,0.0660603634839871,0.823295819817864,0.35825251950507,0.542770772354208
-1,-0.5,-0.2,0.25,0.7,0.3,-0.938009912528314,-0.51576624272824,-0.361831788126625,0.0112570411126836,0.583498122275967,0.376819880212576,0.0880439721275669,0.0889398096246076,0.0915876940078337,0.201341860503451,0.199330856680096,0.116026121072608,0.188734258073538,0.0953631440179775,0.0910033573713654,0.621620568227279,0.324029116077319,0.502695444780834
-1,-0.5,-0.2,0.25,0.7,0.3,-0.988863639732184,-0.4161196540875,-0.177093246531478,0.323737306111195,0.527895837989711,0.00861529456219558,0.0914914294720556,0.0899601075667105,0.103185671282069,0.220801255848126,0.21499568021623,0.119719453569829,0.225915330967903,0.106701845035148,0.094602725341721,0.547959134904448,0.308734330333361,0.459746871026594
-1,-0.5,-0.2,0.25,0.7,0.3,-1.16794220261737,-0.403555884112148,-0.356422578340718,-0.158316052878551,0.601541508615718,0.537571370480314,0.0815013238445565,0.0838244541721731,0.0737318814927685,0.189224453892804,0.171683426433435,0.124076034198406,0.127485858956612,0.0890750646292776,0.0842959894780138,0.553249607108627,0.26725668440093,0.398915051642041
-1,-0.5,-0.2,0.25,0.7,0.3,-0.990213065725182,-0.377316304324433,-0.163696472602909,0.761497729444182,0.809354738784535,-0.0186718999125172,0.0831166332258705,0.0778282136405186,0.0824438112312322,0.282601442601006,0.268241955189311,0.0908229682179883,0.208458789138662,0.0883552482455792,0.0896597017083117,0.721692435940649,0.508740012529269,0.400553217058434
-1,-0.5,-0.2,0.25,0.7,0.3,-1.30341158470221,-0.495521834097869,-0.16670853893346,-1.57586271126354,0.340212729780073,1.95318237255628,0.0625441324194292,0.064841360306377,0.0466452175691051,0.110039800566374,0.110454986109666,0.113251763583129,0.0609096622844255,0.0615065753582836,0.0480434530883009,0.603644622978485,0.16705922322644,0.559840334394964
-1,-0.5,-0.2,0.25,0.7,0.3,-0.971359177006743,-0.561821481669862,-0.314358567464619,-0.0702702081830427,0.660282436583974,0.38411034444137,0.0899444019260794,0.101144656138711,0.0848884838760614,0.194885815887361,0.175853172740849,0.119283419345145,0.153164898781638,0.114706170444116,0.080955666559289,0.569305595252032,0.234248245046421,0.455708657205688
-1,-0.5,-0.2,0.25,0.7,0.3,-0.460682084141672,-0.290120751525659,-0.243060653518114,2.01001056666207,0.915187251411492,-0.980911557489954,0.0933344399883712,0.0953245614198085,0.0902940707272823,0.465337866773511,0.427839078476923,0.0804271801703081,0.498164734689571,0.143874631329749,0.102916893762099,1.57060448381988,0.8712740771645,0.675328672086138
-1,-0.5,-0.2,0.25,0.7,0.3,-0.967797786480234,-0.455012143940277,-0.145498120621319,-0.128513113303035,0.327283553518741,0.531402845027472,0.0851904285009499,0.0864900099566021,0.0794317091787804,0.186263009661743,0.182332795078459,0.124952620005445,0.158395289826641,0.0903336658082167,0.0844030079783445,0.563496581850917,0.286543762445619,0.470836112356463
-1,-0.5,-0.2,0.25,0.7,0.3,-0.875121985578763,-0.557755461191676,-0.213460149238922,0.220046314091145,0.466057062005843,0.184542061426717,0.0887353252278935,0.0892175201454276,0.0799062511428793,0.19645840098546,0.192662795758225,0.115824223034572,0.188833252178365,0.106041476220778,0.0840571284284082,0.531411341107772,0.266385012318168,0.430557767527134
-1,-0.5,-0.2,0.25,0.7,0.3,-1.12070432124979,-0.321348850792021,-0.150240637112752,-0.703873612306082,0.277229187161255,0.687231215323117,0.094977768317614,0.0900606664112999,0.0952368393304469,0.142662624176253,0.142572947867734,0.151055398353944,0.173861010955065,0.106983486588136,0.109843187459835,0.954384318606628,0.274111681797195,0.910826558545644
-1,-0.5,-0.2,0.25,0.7,0.3,-0.987314702749342,-0.496680308963757,-0.218431329936383,0.417772227675797,0.989663411205083,0.194723774125908,0.0954747464933236,0.102720758038543,0.0786460723781864,0.268571039435591,0.232143512008106,0.0941965860039044,0.20085516297871,0.116541781858429,0.0808461992488966,0.581886965292816,0.345378344363865,0.423792066485791
-1,-0.5,-0.2,0.25,0.7,0.3,-1.25471459941737,-0.433489445707322,-0.260661142896873,0.0334062072208722,0.0390686341160472,0.679948104831586,0.0672262599690839,0.0760883288826354,0.0697639091188318,0.184448283458685,0.192414454529272,0.120368407293331,0.120160202390803,0.0796448986865631,0.0734484051360231,0.512501317243461,0.253973634470876,0.389834922417679
-1,-0.5,-0.2,0.25,0.7,0.3,-0.915426174088201,-0.513113682307182,-0.25898355030278,0.533203948814009,1.01388761074613,0.189655464242089,0.106266845483798,0.103595995178965,0.0739041971610837,0.264377938553945,0.237864286710314,0.0967778864029716,0.175956209106156,0.103455102668877,0.0788377558944835,0.610308695535541,0.400505769858733,0.341249098847438
-1,-0.5,-0.2,0.25,0.7,0.3,-1.05346767517127,-0.464153035829876,-0.40993831911911,-0.190136773454883,0.554789868253892,0.705330139939207,0.0781160112409212,0.0706813817001921,0.0688366803899575,0.174750449596894,0.176856323055889,0.127533736840885,0.134907017041023,0.0814701351280828,0.0790782713449298,0.490739878201211,0.219445056510722,0.434184900916253
-1,-0.5,-0.2,0.25,0.7,0.3,-0.993071997679978,-0.334520953978452,-0.269005063713278,0.0479659565216147,0.119736756610742,0.20159585208258,0.0905459465384342,0.0890839537637686,0.0850343479173098,0.179497165101199,0.176722479716003,0.123159805879534,0.219160445378389,0.0928671181665455,0.0862018450084011,0.580822179749368,0.238763954750855,0.533953751079067
-1,-0.5,-0.2,0.25,0.7,0.3,-0.916924867884371,-0.444132643992977,-0.306924794660102,1.0402976535614,0.258849572552978,-0.146109857756842,0.0783691643913769,0.079971373042699,0.0758901994039878,0.287076964236202,0.267496577710946,0.092252893506052,0.255001259124909,0.115896912325011,0.0891685215123713,0.993033088788687,0.513459579469382,0.528541447921468
-1,-0.5,-0.2,0.25,0.7,0.3,-1.08936358395688,-0.28518553503258,-0.0666221375815945,-0.299005381506383,0.659577505017063,0.58743592699278,0.0908499554264617,0.0992514015302597,0.0830837570575999,0.178718715338014,0.167714916130794,0.128742522960531,0.167377230166462,0.113172261162218,0.0825039180593167,0.548938367971051,0.217067500976421,0.487736132709623
-1,-0.5,-0.2,0.25,0.7,0.3,-0.915900547994546,-0.441822523849122,-0.270469074093808,0.441555557297912,0.760648731367347,-0.0326802642285637,0.0933876673016297,0.0925896942993211,0.0868149881456304,0.24526938621084,0.236501535225923,0.101673381454039,0.209734958545676,0.107732707650749,0.0914665804720026,0.504000631821126,0.32376824109631,0.406306718479612
-1,-0.5,-0.2,0.25,0.7,0.3,-1.16963925299769,-0.493523759840667,-0.169778911276945,1.01638218386574,1.33033321509923,0.254057139158858,0.0789297044518567,0.0844301787100544,0.0586272436281347,0.333254657243757,0.268685400223723,0.0728230605801409,0.140806261519037,0.0920049777580161,0.059495009514463,0.728209268141961,0.49390033815048,0.278380663243875
-1,-0.5,-0.2,0.25,0.7,0.3,-0.919604651859943,-0.441086422597163,-0.19121862654141,0.650682260689928,0.969522646581692,0.126950246184511,0.0817339938931511,0.0788940893870558,0.0683692598091699,0.275610849272578,0.257727298209462,0.0930182084118628,0.163306126778614,0.088139605890792,0.0756833380912526,0.633909437957472,0.433976699138929,0.334615825227416
-1,-0.5,-0.2,0.25,0.7,0.3,-1.17477566217542,-0.504411462422247,-0.210676475118906,-0.82793228812252,0.454343118078822,1.26452924940187,0.0814716099321968,0.0811853636055217,0.0779549544926759,0.132157749864222,0.131829432038513,0.129622637974027,0.0885429998843953,0.0750693569469466,0.0844141864417808,0.43639216358373,0.184584494577108,0.391744759478369
-1,-0.5,-0.2,0.25,0.7,0.3,-0.96784363054723,-0.393578150226726,-0.185593258147777,1.05578187823986,0.748064542607398,0.0909900498338591,0.0746536389070452,0.0734642904187254,0.0720101806747763,0.336962631319962,0.301173095430926,0.0850539173760623,0.164551742379739,0.0854348017013918,0.0827320034713322,0.900620443441932,0.515620078696813,0.369328966797613
-1,-0.5,-0.2,0.25,0.7,0.3,-0.87847657338183,-0.695476857931433,-0.10867946490891,-0.206480115420746,0.521103578491035,0.615251696147808,0.0995221801342262,0.0933839074407673,0.0689694725331727,0.187377242032837,0.17908558494372,0.126295582994036,0.149629411054344,0.0965295177862152,0.0829482587174283,0.571084455235408,0.32357094495011,0.433798582360886
-1,-0.5,-0.2,0.25,0.7,0.3,-1.24873412963839,-0.501972502339468,-0.158474861431345,-0.155040044825028,0.344068021583084,0.765207821132139,0.0699141149540315,0.0705219827367623,0.0737991952868272,0.178996830365316,0.179113082009751,0.121175412253688,0.103576091949607,0.0766293778806719,0.0866370766291732,0.525452049497124,0.220304478854469,0.39964428648829
-1,-0.5,-0.2,0.25,0.7,0.3,-0.99564573456466,-0.398932709428258,-0.208040679042769,0.104055457387647,0.567570435358302,0.489127663755359,0.0809135078026078,0.0771655655810797,0.0795802728749223,0.211438085421916,0.199813621872277,0.1211221544683,0.137447082434882,0.0847348217761579,0.0877027868485257,0.481474542049246,0.31741756432497,0.3516362580324
-1,-0.5,-0.2,0.25,0.7,0.3,-0.935952291644821,-0.600409389159666,-0.299406072973761,0.0479504815101749,0.920014516223309,0.41216227733988,0.106707250963535,0.0989449535499185,0.0761950693902808,0.219380570542112,0.213859469702199,0.117456730679882,0.171373905439938,0.104146609512666,0.0804841238067538,0.454584241472965,0.306693060899149,0.374481489873249
-1,-0.5,-0.2,0.25,0.7,0.3,-1.00213044646765,-0.657619016295588,-0.114234694077798,0.34839603185795,0.944313399813191,0.27260802814888,0.097793128729563,0.0934150601527775,0.0752774551271344,0.240565818176971,0.229732331038725,0.100846268104909,0.166422459465013,0.097606299814854,0.0809199438834597,0.621839015612817,0.458079462089796,0.359301947903639
-1,-0.5,-0.2,0.25,0.7,0.3,-1.28229087355899,-0.648221445249528,-0.189095565590419,-0.579861410202991,0.466054609875849,1.03946695396099,0.0907930826859172,0.0835325009166384,0.0732267818175328,0.15233381486542,0.153041029279435,0.131630266999256,0.101259717614251,0.0751974177974003,0.0735964674464609,0.393772736867528,0.202955987139517,0.340580866383282
-1,-0.5,-0.2,0.25,0.7,0.3,-1.01203212193416,-0.45135349872378,-0.0800519471381311,-0.174910073479207,0.137688993070521,0.577842648678591,0.0796200422250975,0.0750054574893626,0.0749773077711211,0.166850409248709,0.159820692701305,0.128189430154457,0.136018454043794,0.0770493339416663,0.0780995263461624,0.493427642700601,0.230920783939499,0.422343473651603
-1,-0.5,-0.2,0.25,0.7,0.3,-1.159674401265,-0.476072238575988,-0.144915112184481,-0.641228712038619,0.21911072075008,1.08099733339867,0.0729770731699243,0.0764934606034494,0.0911629421563126,0.140800337776204,0.143144006668107,0.135215986534879,0.0954167274575901,0.0762409596015143,0.0883705940629616,0.584015944341626,0.188537407692159,0.511341859797719
-1,-0.5,-0.2,0.25,0.7,0.3,-0.735490500016429,-0.38723631388075,-0.282406853788773,0.704730343119492,0.522954426159371,-0.480981275380207,0.103764906557492,0.105633471781018,0.0876207440066543,0.240669830761834,0.236077278463728,0.109879927533885,0.348690685923214,0.130733043146626,0.0942319876070861,0.580435081930804,0.342672450098821,0.544735502854939
-1,-0.5,-0.2,0.25,0.7,0.3,-1.22510736531886,-0.596517884196899,-0.291908227406058,-0.797708806452127,0.567096941443436,1.24999230146341,0.0865264159012863,0.0773423107704332,0.0649991891932686,0.141242633404851,0.144739470725973,0.130982215384135,0.0897547606910518,0.0712437403817839,0.0671464796168013,0.526299696155941,0.226160852971487,0.44097915993811
-1,-0.5,-0.2,0.25,0.7,0.3,-0.993562311709525,-0.378957688404913,-0.11621948971178,0.294045605459688,0.840981682867465,0.188787475019445,0.0970626057488067,0.0914834138086318,0.0849047700178201,0.257862319127323,0.237512030946437,0.103334867298934,0.201702042450249,0.10257205107473,0.0917977967401378,0.763160267999929,0.417817069410118,0.492451232408329
-1,-0.5,-0.2,0.25,0.7,0.3,-1.08203497041285,-0.520482337617182,-0.206991554498446,-0.448918615550154,0.873027910667056,1.26922550959664,0.0602711684876164,0.0568189097316395,0.0568393265482292,0.173723512613028,0.170301989838736,0.114394744411932,0.0774560104755743,0.0660553913844224,0.0661709204927584,0.357699529116305,0.2193887907816,0.280971770197572
-1,-0.5,-0.2,0.25,0.7,0.3,-1.10794476409165,-0.551823630877682,-0.261682797424869,0.575712149858223,0.794087079162893,0.439791553959639,0.0814575591759039,0.0744794650128243,0.0649652295408796,0.313168194845941,0.272018979977675,0.0906130932410657,0.138987428041604,0.0776143257178217,0.0697994369017407,0.801840161737424,0.504531883235914,0.363994463536989
-1,-0.5,-0.2,0.25,0.7,0.3,-1.09998498684734,-0.581083160971307,-0.207198435699992,-1.01181292394363,0.639532262831651,1.02217180508505,0.102460355130435,0.100657662921431,0.0879580245931935,0.135743873580514,0.141784120476528,0.141191283119852,0.169544240116364,0.137919195210625,0.108152065647501,1.76411183271696,0.334841457805226,1.70119285193926
-1,-0.5,-0.2,0.25,0.7,0.3,-0.933994579687159,-0.654936622206423,-0.193650340616043,0.343115749185874,0.87050229618775,0.205203435274179,0.0968846107762129,0.0974454049057792,0.0865303008481892,0.23595816941879,0.212546881727111,0.106262371844865,0.199038150224581,0.107798990795057,0.0967714197483091,0.670276221292876,0.406104793260804,0.43959197245836
-1,-0.5,-0.2,0.25,0.7,0.3,-1.04374356519108,-0.507717558385039,-0.353941181072124,0.131066068506605,0.961495713519786,0.707473040858345,0.079291561762251,0.074683649519965,0.0643032862190385,0.251113977242339,0.246656056343913,0.0937210984411124,0.122866856828515,0.079645989086478,0.0627214948556102,0.543183949990011,0.357087090254011,0.355909545319948
-1,-0.5,-0.2,0.25,0.7,0.3,-1.2183541357117,-0.456965272920795,-0.197146390619853,-0.463691906623959,0.482183023209163,0.779600782253322,0.0808966771074621,0.0842532354063322,0.0750928693615632,0.154805383027762,0.158476840641045,0.128546800911911,0.107625354162322,0.0932149969798243,0.0758618773552724,0.412085847576389,0.211386400521504,0.340854358418473
-1,-0.5,-0.2,0.25,0.7,0.3,-1.2118837176208,-0.362062374779084,-0.257974939965376,-0.433794064675094,0.618958524669287,0.937086795563869,0.0815155831993212,0.0922341814052391,0.0657950065357992,0.171581830573944,0.174882052856522,0.12841895698516,0.10748149135157,0.0954296727510364,0.069086322901082,0.481004436411319,0.208622031366988,0.399585506989465
-1,-0.5,-0.2,0.25,0.7,0.3,-1.01636317304893,-0.323230211580392,-0.141528363033432,0.790861104235179,0.990283075043605,0.0722969491907449,0.0795258864189551,0.0770672519495556,0.0799742891759444,0.302918450001919,0.289679424074325,0.0779098804792555,0.185620735608261,0.0935996734304371,0.087398661510095,0.632424552748327,0.404809839937213,0.382411485061407
-1,-0.5,-0.2,0.25,0.7,0.3,-1.2094689610717,-0.471505018672344,-0.11161090690788,-0.627428261937845,0.340190669468049,1.06710113153936,0.0740613296615609,0.0733305555004083,0.0801797522623901,0.139029973834641,0.142655748974855,0.129586265571118,0.106793426373375,0.0809107580526749,0.0811201915208111,0.562871223475295,0.204948122730398,0.496820876831551
-1,-0.5,-0.2,0.25,0.7,0.3,-1.07468908800403,-0.438447485261832,-0.0971623866813545,-0.248525041705676,0.378051494576981,0.650708586636694,0.087103606863195,0.101401702205832,0.0743646122266162,0.171552312783214,0.159972055282948,0.1261579555085,0.123517958112167,0.100105402717915,0.0831767224240317,0.497905754083133,0.228683492500989,0.396059629471628
-1,-0.5,-0.2,0.25,0.7,0.3,-0.786412850943767,-0.684345498056895,-0.043575344082817,0.514398017759045,0.688151528977704,0.0458524287429068,0.088178972201527,0.0962058575181051,0.0856935354781357,0.261084390934082,0.240561549351596,0.102569974859284,0.197367578622901,0.114860285878692,0.0852081503208675,0.700861492474353,0.477781732652569,0.405576605749282
-1,-0.5,-0.2,0.25,0.7,0.3,-0.995492469731149,-0.548951625935367,-0.05884102367305,0.0981782184476125,0.933749896830618,0.239557975426499,0.100073895123552,0.0903614761050631,0.0785539799300783,0.21136878554725,0.213370476519254,0.113952676140956,0.180391347916797,0.105353788426272,0.0827181828324952,0.499247337160811,0.303956259630742,0.403977171950238
-1,-0.5,-0.2,0.25,0.7,0.3,-0.842304453112848,-0.456410490040618,-0.460621809271915,0.523184180393,0.95505517570906,-0.0108541788846673,0.0951805847232505,0.0931962982634984,0.0970072191077426,0.257032310854757,0.232542616567071,0.0995241677876989,0.230925572789601,0.117662258131594,0.104356144818187,0.659090334863279,0.36965423183065,0.452608020041451
-1,-0.5,-0.2,0.25,0.7,0.3,-1.07498211326087,-0.48690065598307,-0.357005449594554,0.358290875325234,0.78406949478013,0.14148459042795,0.0878910080638037,0.0877943629966549,0.0804782706491407,0.227992670994729,0.209316894183853,0.108949930856807,0.20741697144072,0.103619391253812,0.0845580496999166,0.521483014265577,0.317984997952699,0.43262649311438
-1,-0.5,-0.2,0.25,0.7,0.3,-0.836945612237449,-0.383707070604168,-0.220570088342415,1.76759793313859,-0.220666092180523,-0.280498908348697,0.0723497382254545,0.0703303239035269,0.0703258873989583,0.439158820818433,0.42962013707715,0.0703336995389173,0.267955410047558,0.0859731322413381,0.0846929127970981,1.37738893956403,0.687631293181114,0.467718704432942
-1,-0.5,-0.2,0.25,0.7,0.3,-0.959198637410051,-0.558002131571505,-0.222769567359063,-0.163737747766375,0.853409882593655,0.58203257617034,0.0931320260487195,0.0857590631988365,0.0726354114548092,0.196920510214254,0.201971410057635,0.116405880240071,0.133162511825315,0.0942544086254646,0.0800728097003842,0.514848656898208,0.282999007689601,0.388360155536859
-1,-0.5,-0.2,0.25,0.7,0.3,-1.23900397470083,-0.352125335410801,-0.0911966808723804,0.0865210136805633,0.238100121124293,0.447179293969121,0.0771932865490885,0.0795096610021922,0.0725876854293881,0.187964956484582,0.183541337201819,0.119342298115619,0.13252849171385,0.0807106980074555,0.0767617321205562,0.434246503281235,0.261197197369144,0.338495733842865
-1,-0.5,-0.2,0.25,0.7,0.3,-0.996038524722712,-0.419474118870893,-0.0590213936672284,-0.319287464596083,0.383782955710024,0.561388084186681,0.0881809968753534,0.0854948900265903,0.0804644040628253,0.168786050245024,0.178940770998637,0.133423930122811,0.140478655130964,0.0973965096480529,0.0865433576518478,0.502004006304549,0.205863107303199,0.454622643413245
-1,-0.5,-0.2,0.25,0.7,0.3,-1.01546599556653,-0.703873823942309,-0.181197641217999,-0.58021289445658,0.56055178292668,0.660187492517709,0.098734493126746,0.0989476670598505,0.0828990511086712,0.145702321969211,0.145886415275854,0.13590599398996,0.142319525392522,0.100785560053535,0.087066068305231,0.438012872610973,0.217095469213681,0.433139988311961
-1,-0.5,-0.2,0.25,0.7,0.3,-0.720178491409644,-0.424884031011594,-0.214122610480455,1.00051252135879,0.550864991528035,-0.422554296654113,0.0902681268998052,0.0911299088431368,0.0860362742434994,0.276174973938689,0.274550061030463,0.0978534717140452,0.345560515441602,0.121131281096431,0.0914058954011257,0.943376686270112,0.496920816565161,0.605473366461607
-1,-0.5,-0.2,0.25,0.7,0.3,-0.416091856633891,-0.582321233620174,-0.263574872987261,1.29387435669143,1.19241078889759,-0.411627647045109,0.105560277342816,0.096026754331907,0.0839074644751418,0.396513188974515,0.36498204657268,0.0745886996318013,0.372173256132235,0.117450018478225,0.0921380272588318,1.13801712982054,0.749447158942109,0.579013576401048
-1,-0.5,-0.2,0.25,0.7,0.3,-1.02871802111822,-0.697866134109527,-0.166893944391794,-0.125285553946906,0.789799021522898,0.59121807819567,0.102441614623788,0.0949354943287342,0.0719058991052764,0.191040846850612,0.180984570968833,0.125898095260504,0.140324266823676,0.0931635245025323,0.0712868797507835,0.489371382217418,0.28443462040658,0.371534255113157
-1,-0.5,-0.2,0.25,0.7,0.3,-1.04454162954068,-0.519908182726382,-0.0643383021440468,0.715466412296031,1.12170660235311,0.0644782330819016,0.0870990565570667,0.0874570612352757,0.0811698131040319,0.277892371095415,0.248007087888339,0.0850145139625005,0.177648102378938,0.101193285931265,0.0895882600614972,0.572595819324643,0.378784795963269,0.346995921734512
-1,-0.5,-0.2,0.25,0.7,0.3,-0.952956311700116,-0.439293602623845,-0.0664768436899761,-0.192849104987719,0.398409043266646,0.553979379936575,0.0838738444300823,0.080005092693013,0.0839611314977727,0.175121156553523,0.182401945278678,0.12736892855968,0.135226489397683,0.0927907725217665,0.0893531349479936,0.472862392126146,0.254375594968303,0.391380638867321
-1,-0.5,-0.2,0.25,0.7,0.3,-0.728570591218122,-0.458142071473023,-0.142529338582109,0.592701308346038,1.2654563926804,-0.205414333106924,0.109202603407584,0.107773793001901,0.0823863406791794,0.293674056651674,0.252686882456124,0.0919983629053094,0.256181676520556,0.122430037826997,0.0980942028094491,0.637387526115542,0.394017247313077,0.441848096316692
-1,-0.5,-0.2,0.25,0.7,0.3,-1.10366029198792,-0.551749155488824,-0.121996142965183,-0.245493000427614,0.380891716623043,0.630512318350662,0.0838183363970823,0.0892589458128089,0.0819036491485469,0.170163415964745,0.160611817597509,0.127984790553403,0.127830706318384,0.0918515153583092,0.0792287782654713,0.496995362306996,0.255958296600104,0.393460834872654
-1,-0.5,-0.2,0.25,0.7,0.3,-1.11715236469564,-0.348171953929376,-0.280924166224373,0.744980636281204,0.626062701039848,0.188689762673938,0.0751706059771552,0.0717322198205223,0.0797120532057573,0.278380441793067,0.25416449062654,0.0954699566708786,0.163241706681261,0.0810942244792374,0.0859121202444954,0.765692272051234,0.523588507304742,0.367337904278428
-1,-0.5,-0.2,0.25,0.7,0.3,-1.04762382233129,-0.444680375161624,-0.209245613568538,0.123396074719765,0.793515843195433,0.604053145470498,0.0730895311280295,0.0722523158409576,0.074895671232421,0.217302744394953,0.219091773753336,0.105719934793697,0.123710056194209,0.0882798848790688,0.0803757988235414,0.548718692497137,0.30049593933366,0.383716534347951
-1,-0.5,-0.2,0.25,0.7,0.3,-1.01790514815054,-0.673843515772245,-0.0369576363873441,-0.156377024747605,0.728354213523342,0.896951063575418,0.0793398446880961,0.0764220858421352,0.0586773692250147,0.185249632384829,0.180104381686324,0.115776820910664,0.0975238070736159,0.0788773521280029,0.0627274277699186,0.519811312920981,0.29347052751205,0.338601460594341
-1,-0.5,-0.2,0.25,0.7,0.3,-1.00829046497891,-0.402435908366017,-0.129586064709414,0.0424559624025638,0.265819910707075,0.57578199917311,0.0790687794677544,0.081859995541129,0.0793776399384011,0.198753602192188,0.200771587927149,0.121657723696998,0.132933507333457,0.0879433545408816,0.0863891545335344,0.70560099286505,0.273016178048349,0.491449691330326
-1,-0.5,-0.2,0.25,0.7,0.3,-1.15273390719403,-0.481596637672423,-0.140355254886095,-0.755130738827298,0.607361165107634,1.01557139041275,0.0863646512045518,0.0773675751667426,0.0783409045871642,0.149827559394896,0.150430910263075,0.137155800936081,0.106222624161131,0.0777468864186033,0.0798198981931444,0.545704657767851,0.246697016128838,0.448070026942299
-1,-0.5,-0.2,0.25,0.7,0.3,-1.11377473273384,-0.56693190512121,-0.236882526727506,-0.564194060238496,0.337894238486304,0.813594571720332,0.0828499063617121,0.0881457493411144,0.0735153936237318,0.143906108939595,0.145257630829878,0.134966852939366,0.114390508368097,0.0880983287414948,0.0758321381923637,0.400185181085309,0.184118983241828,0.37902589725907
-1,-0.5,-0.2,0.25,0.7,0.3,-0.761908049136329,-0.59878318385133,-0.135057067845557,1.38482682715419,0.91489398004071,-0.265093397976405,0.0883883956099218,0.0933033615917432,0.0761511903804672,0.373790574527473,0.32644554216732,0.0776851711792818,0.246108234227743,0.105490423114565,0.085836348731573,0.981091410136588,0.56805827702214,0.416796625539271
-1,-0.5,-0.2,0.25,0.7,0.3,-0.934115777490038,-0.519283884436679,0.00310986509054368,0.446267358644573,0.88970989329207,-0.092612290389764,0.102092672796926,0.0913907831513301,0.0847473358799105,0.265169504185109,0.25247532439293,0.110619807259603,0.240986803440759,0.101095154969479,0.0881509980852256,0.834976709206276,0.527868725803364,0.486418714115766
-1,-0.5,-0.2,0.25,0.7,0.3,-1.14910971908546,-0.499664983161441,-0.20883584820965,-0.53092840341653,0.729306010057471,0.924339112328841,0.080072635689508,0.074142399262371,0.0636744356066986,0.157237671183542,0.172517813334261,0.123509757796875,0.106477474309226,0.0805319508679591,0.0696538554171898,0.436967582342575,0.226939492035344,0.385640812813572
-1,-0.5,-0.2,0.25,0.7,0.3,-1.00652434502254,-0.520860436824666,-0.220185463901722,0.325270966571314,1.19333328746349,0.479748559961463,0.0997395711206085,0.0973626438843392,0.0646309056196026,0.263967357718858,0.234344958396067,0.0907956707987715,0.141672553213387,0.105074992983161,0.0722825002454044,0.675921708276069,0.391617945898229,0.368947831947464
-1,-0.5,-0.2,0.25,0.7,0.3,-0.939216692323343,-0.559410914927629,-0.332135886946342,0.456215903136153,1.05013038707673,0.130722058987462,0.10066699466594,0.0957113310919154,0.0765873747178506,0.276460760332222,0.239179062162639,0.0921270052267177,0.201161196496173,0.106242189030033,0.0855036837681559,0.746483326594804,0.413543415225413,0.437289159111706
-1,-0.5,-0.2,0.25,0.7,0.3,-1.1519071533669,-0.441416175668988,-0.252434069649731,-0.794930806726187,0.635941581849601,1.2563045614751,0.0839035558856452,0.0819542282496853,0.0830747647691347,0.151380972276238,0.1558863087617,0.130288793690949,0.0923870308042245,0.0856300181473781,0.090352033529369,0.536274409191714,0.190277678164343,0.472976843259418
-1,-0.5,-0.2,0.25,0.7,0.3,-1.10324665240577,-0.486054182624185,-0.085897611813415,-0.0337336111859218,0.923824412859578,0.388592795001032,0.0906111778528467,0.0906371739487404,0.0786249591874515,0.20537698827096,0.192806615971083,0.113314308157941,0.17556807771914,0.0971047520261871,0.0824331615413162,0.754166873536002,0.373901590773855,0.5183911199704
-1,-0.5,-0.2,0.25,0.7,0.3,-0.732728783662361,-0.429317601974961,-0.148145250296491,1.65582766690133,0.935727067465403,-0.350521533785015,0.0788867779319096,0.0859937834914065,0.0780654734192734,0.400299312448513,0.332209505447567,0.071609921502324,0.28420242804306,0.107288386760883,0.0921247538070831,1.31138647879623,0.719935912211912,0.471383077702717
-1,-0.5,-0.2,0.25,0.7,0.3,-1.180699430386,-0.559161443852643,-0.141234248315187,-0.0837161573709461,0.447484597269225,0.668599866633881,0.0710627691096762,0.069974780476919,0.0652887505041347,0.176251052047199,0.176694653995303,0.115439143310023,0.109774522177493,0.0800422076500966,0.0745010889005993,0.521278271601314,0.242558167982539,0.382945271746698
-1,-0.5,-0.2,0.25,0.7,0.3,-1.1435861725328,-0.31023929844106,-0.167061092597815,-0.230675102238166,0.34175655529533,0.750789602730743,0.0749236424194732,0.0706438381379715,0.0750781595999639,0.166374542713781,0.164738967420184,0.128127801882694,0.116308046447809,0.0745323614463448,0.0806661227419862,0.418697927460914,0.254421308408828,0.357453894856813
-1,-0.5,-0.2,0.25,0.7,0.3,-1.13201101787604,-0.369389221309542,-0.0522514354839659,-0.0236454313631644,0.133859628613066,0.43958765607477,0.0857436350553631,0.090859873318857,0.0881790130693679,0.186840747432076,0.191226131849345,0.127864390169358,0.164416892328262,0.103360526977131,0.0954847897475873,0.527843151108501,0.254830703354864,0.453369570454905
-1,-0.5,-0.2,0.25,0.7,0.3,-0.926158731381121,-0.512791666731495,-0.206618481462364,0.678021305459677,0.305045569494573,0.269906661383346,0.0714274177468327,0.0680909923499389,0.0690025193765316,0.262216683143925,0.243732275587322,0.0987619698235963,0.14612647692708,0.0768642234081769,0.07627911317207,0.64648942573328,0.364747703833741,0.358111118699638
-1,-0.5,-0.2,0.25,0.7,0.3,-0.900079191003981,-0.632419548453348,-0.0786889604567986,-0.14001781883992,0.498459005974681,0.419586514180257,0.104707099633113,0.100170728471267,0.10201839937181,0.182226655377972,0.181075696127724,0.129341467931309,0.179642750573552,0.101305228670185,0.0917701314052303,0.59354166529979,0.292862081587939,0.486245156145065
-1,-0.5,-0.2,0.25,0.7,0.3,-0.847733869367076,-0.505346799432108,-0.27282347669268,0.828140981537683,0.359614169288974,-0.0463905635887423,0.0825554080427219,0.0820474150245001,0.0824688203277084,0.272039310906828,0.258763417544421,0.100719385559029,0.234402329859902,0.0971944402415474,0.0863864826472322,0.697934895723239,0.408356333360014,0.457446384531745
-1,-0.5,-0.2,0.25,0.7,0.3,-1.09593548956582,-0.518174616427834,-0.19541722995875,0.21809413985531,0.817412865437851,0.297801094440729,0.0982437907521317,0.0954522801813611,0.0770925806177697,0.233112901724552,0.232451399976872,0.105420475160662,0.172126395781201,0.101633414950091,0.0827080968249824,0.624012751981347,0.442730060952313,0.396522642617449
-1,-0.5,-0.2,0.25,0.7,0.3,-0.924056521321561,-0.399472535270749,-0.337947354988964,0.563270245137677,0.807929463145461,0.225324681967192,0.0867840958180401,0.0852059669527059,0.0898405028059001,0.280278492330857,0.254526045911024,0.102354202799632,0.193850163178308,0.0940121062248013,0.101283248884368,0.754694194866138,0.450036749938453,0.443343995141502
-1,-0.5,-0.2,0.25,0.7,0.3,-0.991106916501445,-0.457146184593997,-0.291400957979579,-0.00692317617728328,0.633687788544266,0.315599083732306,0.090744072608079,0.0935685479452846,0.0805224850382496,0.18966249487248,0.178733720344004,0.121911472793655,0.161522186771739,0.0979947433572101,0.0944089303281735,0.409397883154665,0.258213248039804,0.340275392810881
-1,-0.5,-0.2,0.25,0.7,0.3,-0.790164533265991,-0.62623873433292,-0.322651814884202,0.413364991592991,0.614448697901262,-0.00744758889382023,0.0964266337131407,0.0958043577175704,0.0864323039095705,0.23291902554644,0.222658219107409,0.109886482830791,0.211435287206014,0.106743633720399,0.0881334307862934,0.572499466700418,0.325933568429843,0.431418906509808
-1,-0.5,-0.2,0.25,0.7,0.3,-1.14456945207041,-0.28919838565819,-0.170431045189095,-1.17735714447434,-0.053336786538218,1.54872178646174,0.0709846276223598,0.0667785278886843,0.0600546554068096,0.117718789643441,0.118669055992007,0.125831889572999,0.0743981985058936,0.0689830419415298,0.0623899999796847,0.645452980231423,0.146905314733718,0.605292326305228
-1,-0.5,-0.2,0.25,0.7,0.3,-1.07570101738051,-0.214381960925483,-0.374717383976382,0.531441018111179,0.714637548984415,-0.0776293663024003,0.0911423152837359,0.0968969926228952,0.0910213014773594,0.261011930304701,0.231516743919632,0.10414372513531,0.227834823071161,0.120122632302579,0.09715435859708,0.777778770822654,0.3800127019994,0.501602823707469
-1,-0.5,-0.2,0.25,0.7,0.3,-1.14132946675297,-0.31116459813055,-0.237552046075753,0.114133516752067,0.140991408109239,0.439919730128956,0.0747936212528267,0.0757146462882517,0.0818735659496703,0.19087835188156,0.191316616571444,0.11546673752804,0.159186775836264,0.0867830100812048,0.0827323776494856,0.658853877902122,0.254071368441304,0.49772326552261
-1,-0.5,-0.2,0.25,0.7,0.3,-0.377234209226686,-0.582550901406019,-0.116793534656253,2.23350975379522,1.15987396977735,-0.927706576731686,0.0915961336055222,0.0932065947376974,0.0826394619948203,0.552066690050045,0.463654625907218,0.0771568384723249,0.50143084135485,0.125025634850776,0.0772055410176571,2.03241018980022,1.06635515037952,0.678963547125167
-1,-0.5,-0.2,0.25,0.7,0.3,-1.13839986669326,-0.507095895655177,-0.28001338742528,0.083936075214677,0.836148705374453,0.429473041906203,0.0812343969725271,0.0722663682348744,0.0755458076799567,0.208034148706559,0.213831680535187,0.111222620294652,0.145616572659734,0.0845100751497414,0.0868980878410566,0.503760467376808,0.32502500177325,0.386411334543827
-1,-0.5,-0.2,0.25,0.7,0.3,-0.855669055468959,-0.419482850038228,-0.157919592506753,-0.12361861849601,0.0977348262412406,0.558018420910645,0.0947517828670407,0.0979200290809692,0.0850707139464426,0.185594527065884,0.190289922958879,0.136381225794267,0.160850197542273,0.105464192170941,0.0900533515767594,0.640369288655671,0.236363571662926,0.536273195871455
-1,-0.5,-0.2,0.25,0.7,0.3,-1.1121350652322,-0.30998794444559,-0.203803350329849,0.30776644260433,0.653171976628373,0.371924666301017,0.0834746754548712,0.0889024046689713,0.0783612521959864,0.221465279604677,0.198191803031101,0.10324541938661,0.164213672259882,0.0990626539021365,0.0753292191465217,0.612509728130558,0.314083584455277,0.42029699456879
-1,-0.5,-0.2,0.25,0.7,0.3,-1.07611995111948,-0.494439006353525,-0.117794602665987,0.467478651379899,0.912755658898467,0.384095518114195,0.0799238288536542,0.0716095881218922,0.0746393670848547,0.273702805194592,0.244916883487763,0.0926205501533998,0.13630118283764,0.0841196629587104,0.070525487136176,0.57091062585658,0.365032818806504,0.324394029734788
-1,-0.5,-0.2,0.25,0.7,0.3,-1.11920052016428,-0.523748471943704,-0.134845174421683,-0.0112155023007387,0.490445264147208,0.380767782277396,0.0831550017887147,0.0826398735164836,0.0709177938417322,0.194988150788904,0.190769949054387,0.122306865285713,0.180228807413873,0.0919077164683741,0.083388807530311,0.690659512588838,0.262256295097811,0.55682917653158
-1,-0.5,-0.2,0.25,0.7,0.3,-1.11569880678655,-0.588978576592134,-0.283640554503756,-0.255516567253483,0.723830280504979,0.589849221366717,0.102741122710733,0.10187071986512,0.0803438694738386,0.185302028694093,0.182971157113056,0.125180051363635,0.169044811024702,0.0995861218652113,0.0958747607718598,0.595279739543084,0.296765561895601,0.488582431013668
-1,-0.5,-0.2,0.25,0.7,0.3,-1.1966670022144,-0.435847204990546,-0.389428803022856,-0.944162704929268,0.371252566054608,1.08631746500755,0.0902269153800832,0.0908670690686801,0.079990824173225,0.13154942904257,0.130173540832829,0.140568221621768,0.110992825949774,0.094801314322035,0.0851448029795105,0.76536423427386,0.175284662042166,0.724409891984717
-1,-0.5,-0.2,0.25,0.7,0.3,-0.818189720569021,-0.562625089812909,-0.342485399368641,1.01908779450391,1.08711024521864,-0.22500882844758,0.0894742673265747,0.0870344815319577,0.0838167796541073,0.322351565810985,0.295171872477249,0.0782702628425502,0.32045986398258,0.10531753423604,0.0882876009906119,1.40555253675117,0.868837898295346,0.631944493735258
-1,-0.5,-0.2,0.25,0.7,0.3,-1.24806242139127,-0.448799726759913,-0.0918595900985605,0.0317071674936961,0.530849210883818,0.65251869824592,0.0736973957564607,0.0759691811517975,0.0734695676986214,0.196238288278449,0.194668733121327,0.112826124140998,0.124170970729247,0.08227189908412,0.0794713138575125,0.548852720294313,0.313573762042581,0.389088416189142
-1,-0.5,-0.2,0.25,0.7,0.3,-0.97794584276116,-0.454378182712014,-0.180364547321745,0.386609406219591,0.627552301831451,0.378764713163313,0.0713750046273939,0.0685302855321756,0.0636363011916163,0.226634302758573,0.229244647881483,0.106054965177028,0.13329633982289,0.0787715708690937,0.0673500237178017,0.55644278516562,0.35576690526746,0.339415913148294
-1,-0.5,-0.2,0.25,0.7,0.3,-0.626471729610703,-0.389838087915743,-0.128494129981376,0.533105092151842,0.315799338965036,-0.17349837108895,0.094892963716333,0.0893831316901256,0.093272733060534,0.239934942198749,0.234577546230264,0.113174950901133,0.255249147018408,0.101959064608461,0.0954385899131567,0.608367501089717,0.388050511248653,0.473597378197406
-1,-0.5,-0.2,0.25,0.7,0.3,-1.10651916784009,-0.40078268634862,-0.220171491129112,-0.393942861296603,0.495431860415584,0.599639106289068,0.0879846493828575,0.0880431347703291,0.0808788577416217,0.162917250675612,0.165817574461629,0.132838255291694,0.131331993777038,0.100382067218385,0.0923006967973685,0.540201618241056,0.210368469652045,0.477776516631752
-1,-0.5,-0.2,0.25,0.7,0.3,-1.0556465374548,-0.494447421588738,-0.187265848664986,-0.302932338949663,0.807756406982575,0.86429753618192,0.0889985266148379,0.0801514788104375,0.061734406590395,0.195166299778063,0.198076648670575,0.118090827027272,0.105551564607955,0.0845867769562105,0.0645388827998089,0.583802322626972,0.283726019529187,0.420301236546573
-1,-0.5,-0.2,0.25,0.7,0.3,-1.16359076187988,-0.413045424884521,-0.165763198469119,-0.591077025856413,0.131895748956904,1.01226446330728,0.0731622217106304,0.0744162084970351,0.0708881703579406,0.136407012781498,0.133166261946112,0.135741059567675,0.103072328953168,0.0721157097084594,0.0692807661902193,0.474614948827014,0.179007904334841,0.443552476574469
-1,-0.5,-0.2,0.25,0.7,0.3,-0.813818454435738,-0.398167117975672,-0.244631927006607,1.01971212641731,0.620853075727618,-0.256117823701644,0.0905804259723657,0.0936456699119401,0.0872695458191437,0.297263300525206,0.276670182692096,0.0926630154449213,0.279613783809367,0.115641000284933,0.0961218070170174,0.785804337512317,0.427153827359265,0.494324920584674
-1,-0.5,-0.2,0.25,0.7,0.3,-0.648880356597319,-0.535092527356104,-0.143251951414249,1.09237501413779,0.684199419324601,-0.344972685028917,0.0891935850192553,0.0905674623202874,0.0811880776994147,0.307336972523378,0.286583640487221,0.0874901901088266,0.310383327667628,0.104326259188306,0.0905144478392316,1.01312212582817,0.526620950847548,0.551538652743534
-1,-0.5,-0.2,0.25,0.7,0.3,-1.21832092509816,-0.417405776281873,-0.149995882564746,0.667048864938148,1.22336017989464,0.505981704155995,0.067018137855356,0.0638347804309761,0.0577382210870259,0.30150623450407,0.280346975195004,0.0723239069715021,0.109780765265377,0.0759676460878445,0.065046153790728,0.713499696539269,0.52034249500616,0.29383437837522
-1,-0.5,-0.2,0.25,0.7,0.3,-1.17745927272531,-0.556448058147383,-0.204421204764664,-0.905841739796733,0.412509743239277,1.18176399619525,0.0784964848318208,0.0853813502558976,0.0780083859354688,0.132046448619434,0.135398915032837,0.134212889633191,0.100996467627499,0.092611716542159,0.0799078690628094,0.636828009307442,0.21281369489911,0.581024630108093
-1,-0.5,-0.2,0.25,0.7,0.3,-0.764760202479086,-0.316228393400482,-0.203942848802494,0.724870067243077,0.475301236680735,-0.360748764143662,0.0921579670805376,0.0904829350902479,0.0877463469778849,0.245178395530574,0.238668363802349,0.104688786661484,0.35541219288485,0.105160345578002,0.0975905640351143,0.852982359737795,0.363631508603601,0.644382667162722
-1,-0.5,-0.2,0.25,0.7,0.3,-0.904805120569406,-0.391262254722973,-0.139571436424724,0.258898953802163,0.571500949522677,-0.00685185238473302,0.103629242071325,0.10445786413578,0.0901352506169912,0.210529657521378,0.187989342871056,0.119709919958272,0.263874412713782,0.12346879598659,0.101515168085498,0.659281892636923,0.240276206745279,0.585952626219031
-1,-0.5,-0.2,0.25,0.7,0.3,-0.715852879660419,-0.50750434549232,-0.275624395204175,0.642103119400451,0.584620661600717,-0.240315815016511,0.0942996296907806,0.0925479452642135,0.0821827814520781,0.246225395747919,0.243056990198474,0.107107678528116,0.289201713933137,0.106653912621997,0.0894766026337629,0.769676160294533,0.429568611975385,0.551363518741487
-1,-0.5,-0.2,0.25,0.7,0.3,-0.953400481452679,-0.666074792877049,-0.188115124058949,0.528426022140487,1.14820882330366,0.396613399888766,0.0834302212634007,0.0786581454092757,0.0745497459831403,0.290529143878568,0.279079043822748,0.0725734455320602,0.14193170406197,0.0969585338581672,0.0732929693243664,0.623618784845234,0.450103195967189,0.31795689801065
-1,-0.5,-0.2,0.25,0.7,0.3,-0.705437206106281,-0.426884849308309,-0.14023614157605,1.43410887001562,0.469473303530407,-0.315504580020635,0.079795743982546,0.0803529497583564,0.0879094498181654,0.381227624186287,0.387477818915386,0.0838269507586113,0.269180775556354,0.0954572139845825,0.0916172693408076,1.25370500971859,0.865000374852402,0.468534224892557
-1,-0.5,-0.2,0.25,0.7,0.3,-1.02108051098431,-0.521951359438389,-0.220420112870677,-0.30170784802314,0.416361333364935,0.577736224493922,0.0857344572363184,0.0890214571776953,0.0765034792806868,0.162133628843989,0.162255101121085,0.128745209610561,0.132451380608589,0.0903994502959336,0.0806933801158786,0.373291631420191,0.207968700583672,0.34397650474374
-1,-0.5,-0.2,0.25,0.7,0.3,-0.844090683483402,-0.696750065052428,-0.341052432470977,-0.260523207013268,1.09013755090844,0.792082529827263,0.122483184121223,0.125047454949368,0.0722942398693169,0.205994396830861,0.195051321660549,0.111349333135947,0.130656599524767,0.123806030372357,0.0734399640637885,0.478180557925149,0.29366387472189,0.335662288021517
-1,-0.5,-0.2,0.25,0.7,0.3,-0.717836107286091,-0.448806218313,-0.250252364874261,0.990993877976442,0.727767392850139,-0.291175347055671,0.0921323706198145,0.0928015512187048,0.0805082935065377,0.297005394706512,0.279178374426354,0.0904334909829509,0.261372545928491,0.113103510100802,0.0882998283307658,0.713891525598253,0.409152976381802,0.433019562505406
-1,-0.5,-0.2,0.25,0.7,0.3,-1.10274181334451,-0.534640573133291,-0.212052368775944,-0.312495625723868,0.494152484876889,0.628356451933193,0.0821148219237213,0.0853734609931303,0.0773360988560683,0.174984796094064,0.176731188402994,0.126102636637865,0.143810905927638,0.092910909749663,0.0944499535161523,0.654707757527249,0.332395580754067,0.509426522436804
-1,-0.5,-0.2,0.25,0.7,0.3,-1.00534154056767,-0.672078013022785,-0.179311379713412,0.289744791451006,0.864676991580049,0.406673894481557,0.0807004808970129,0.0878456375033239,0.0720363770342919,0.247997204533508,0.225138196389011,0.103531179575901,0.134352992691205,0.0919122982855235,0.071378995542479,0.499041536122811,0.359041401725976,0.292668792569211
-1,-0.5,-0.2,0.25,0.7,0.3,-0.781129123677748,-0.660660627295411,0.00850726718506563,0.796738905183003,1.25332770040761,-0.0954941840288509,0.0994212688629434,0.105186648901454,0.0840246728706018,0.299562602241148,0.23812510703497,0.0905053522027326,0.206474816190026,0.121854443606517,0.0890290390260075,0.628751359219544,0.396478215186292,0.35208164053236
-1,-0.5,-0.2,0.25,0.7,0.3,-0.880539460737621,-0.397162062633815,-0.320015368636174,0.415407553515203,0.647546934164547,0.131526694337365,0.0866915935300864,0.0880712452590199,0.0840556735683824,0.239768102920957,0.227174924794303,0.10431975614655,0.191382893752726,0.0906109590591904,0.0855358820882473,0.564789136421604,0.338446778965289,0.402676352867857
-1,-0.5,-0.2,0.25,0.7,0.3,-0.903086399152086,-0.548421436678603,-0.0490454499723935,0.53390798557832,0.901122293215542,0.0664954162047483,0.0984471327064429,0.101772050014506,0.086049597837754,0.260406437055755,0.239874743405226,0.0971817158440675,0.239119192115614,0.114903926280439,0.101148941733919,0.967693350878225,0.626153102917662,0.527511516455923
-1,-0.5,-0.2,0.25,0.7,0.3,-1.07739798283037,-0.569957454808798,-0.204752539217228,-0.505708117838993,0.702653414730114,0.915733543996992,0.092380260119158,0.0892812264654222,0.0698783472887346,0.162755203884633,0.167726771220327,0.126119617263964,0.148048135957856,0.0983421177884026,0.0711414047582271,0.811757699380143,0.393463113706135,0.620321003609978
-1,-0.5,-0.2,0.25,0.7,0.3,-0.900927862400101,-0.362942336853192,-0.187552161642378,-0.551152453907572,0.301552263231957,0.551697738496548,0.101576058342954,0.103309534130642,0.098505306729061,0.149879202710444,0.153116352028519,0.148096007518595,0.175793475674366,0.10559862491018,0.101877372711426,0.461811444759612,0.192912004530157,0.499051542233145
-1,-0.5,-0.2,0.25,0.7,0.3,-1.00644155713908,-0.47926302803977,-0.127303533221062,-0.321232612444534,0.14957313282309,0.65589547167101,0.0847790871433873,0.0812383094388258,0.081130040742789,0.159364318006424,0.156702695232276,0.138594646785954,0.135730253962782,0.0849825881134795,0.0850943332119036,0.476370526435359,0.196811131469781,0.439688685441997
-1,-0.5,-0.2,0.25,0.7,0.3,-0.760283660983392,-0.607705722343121,-0.185794331553363,1.38921285004313,1.03285632440141,-0.186523747394813,0.0840775489409161,0.0856647440202808,0.081381383877363,0.406647339491371,0.358018013983303,0.0742521322807428,0.239763960321661,0.0990112079539636,0.100462548795842,1.30368418148487,0.817960668119614,0.443763681718407
-1,-0.5,-0.2,0.25,0.7,0.3,-0.95731216523449,-0.482137318084857,-0.308781674780174,0.189066640864819,0.845640047584951,0.249443370100319,0.0953927485217418,0.0854265534185704,0.0879813161100816,0.242168083794641,0.237789030204869,0.108246910298708,0.192537604450533,0.102461479819859,0.0963512454200423,0.751664359476759,0.372889231692319,0.524616772578146
-1,-0.5,-0.2,0.25,0.7,0.3,-1.06652967573687,-0.394589822019362,-0.286458644228166,-0.116084413385118,0.15132393328227,0.501328526171034,0.0899433142249353,0.0925192111307338,0.0908073855722001,0.183215145864295,0.186913425896364,0.132308533653801,0.169699689747252,0.0979488677522727,0.0910052057903931,0.635585498643168,0.247056495769669,0.553596664844558
-1,-0.5,-0.2,0.25,0.7,0.3,-1.07441452909326,-0.684352962323009,-0.107362629567343,-0.0799934829077062,0.965159616077041,0.765476372469019,0.086058013036726,0.0837434218130686,0.0670997431907745,0.200044101647109,0.181555840403797,0.108488632900177,0.107661154285175,0.0903809663805652,0.0700062548926538,0.553878275568393,0.300946685749871,0.352687554905999
-1,-0.5,-0.2,0.25,0.7,0.3,-1.04927060325731,-0.343278869759195,-0.271408143042176,-0.776932786124161,0.401468543407091,0.970659598158379,0.0907724646962415,0.0900035729882631,0.0728688198783298,0.136613446715559,0.136875548348146,0.136501422140164,0.108533689965284,0.0909389487383388,0.0742903943770515,0.481042117459077,0.189482381939543,0.445344106314775
-1,-0.5,-0.2,0.25,0.7,0.3,-1.17278511314165,-0.504576738157294,-0.164376543459215,-0.7927004933412,0.810757258368655,1.1147710130789,0.0933719612060097,0.0909928262036548,0.0801858475960578,0.146433152686642,0.142937348426603,0.129980967595461,0.102015094738054,0.0913495723353473,0.074669817984329,0.404749750996666,0.193103503442136,0.362353618338789
-1,-0.5,-0.2,0.25,0.7,0.3,-1.13496372183148,-0.673424792309091,-0.151544270217862,-0.180995003611403,0.670189023408075,0.731334446049425,0.0887857523446826,0.0958836790860837,0.0664598599977552,0.188452831217695,0.176477948399944,0.118734997545718,0.116744450325294,0.101444856335638,0.0731629746806359,0.655942513356434,0.296797124447786,0.449920412833447
-1,-0.5,-0.2,0.25,0.7,0.3,-1.06653066689551,-0.477349837654338,-0.140823305155474,-0.746785249155275,0.428361082575526,1.20316160299238,0.0689247401124739,0.0614302102931882,0.0591559571038144,0.138086532290679,0.148109464250088,0.129092796801463,0.0875541705751262,0.0670127235445565,0.0592260459675317,0.481209481613712,0.1732223273133,0.422590025155013
-1,-0.5,-0.2,0.25,0.7,0.3,-0.859041318851697,-0.421484097495521,-0.163567260570814,1.46114910667659,1.27652531573852,-0.0987990585985323,0.080685640565503,0.0810522036592758,0.0606587361800833,0.41740031068407,0.334954887745326,0.059598419731623,0.226311835348702,0.111874081752553,0.0826807234696007,1.00737157618876,0.619567599260963,0.41375098169758
-1,-0.5,-0.2,0.25,0.7,0.3,-1.03801612268152,-0.563925546179324,-0.192379047648538,-0.304996789997337,0.566333912258261,0.624251657165654,0.0981795932215312,0.0967838363190793,0.0789866775993229,0.168711236998984,0.166404301073676,0.123106392886105,0.130802163620755,0.0921373896193722,0.0738583534161053,0.387204798812252,0.240688312331744,0.324978982380199
-1,-0.5,-0.2,0.25,0.7,0.3,-0.606206902483129,-0.40024591865163,-0.121529733821414,0.844065961982307,0.342147029764288,-0.38725344065828,0.0997888041784438,0.0951025839263876,0.0993573803035076,0.287788767189089,0.27097568136013,0.109866761125268,0.482798570148587,0.113928033927131,0.0996970449823415,1.49033464540022,0.557638045653113,0.95357725115967
-1,-0.5,-0.2,0.25,0.7,0.3,-0.652835500074061,-0.512163682573921,-0.278702794761959,1.13446530192784,0.593608083095705,-0.188818246349049,0.0876554457554493,0.0833239477088808,0.0947430860365118,0.342072045636626,0.338760942641257,0.0848260583691622,0.310493968374389,0.105491237660525,0.115761594710361,1.16968224760964,0.51576710013954,0.608631345630808
-1,-0.5,-0.2,0.25,0.7,0.3,-1.18245711007223,-0.527641824300821,-0.207123502644521,0.733043224514267,1.12256554353802,0.688553304653141,0.0687770366302859,0.0651027218539346,0.0559852292481073,0.337664349597699,0.305622801873927,0.0776695848560702,0.104635486834407,0.0749906699990275,0.0674378759410181,0.621753763975828,0.470811273651012,0.259118956386432
-1,-0.5,-0.2,0.25,0.7,0.3,-1.35884545185298,-0.508383966933704,-0.210640422601504,-0.271128702818452,0.716576699606866,0.809953576090676,0.0745249908934937,0.0702449533448356,0.0568537583251951,0.183525577799045,0.177895964309396,0.118578391774171,0.0982028773570415,0.0881526913472443,0.0606319509373756,0.573175166093744,0.230826871368336,0.429977210312184
-1,-0.5,-0.2,0.25,0.7,0.3,-1.05614474285465,-0.5099107846135,-0.155375228979817,-0.0177791015258172,0.910247169052054,0.586796628513894,0.0967889761351312,0.0914883137654376,0.0743063648894169,0.224478520223854,0.228487467074517,0.111673496349809,0.133499316072467,0.0903627764896634,0.0824929132644087,0.527501249007148,0.356342856864883,0.350222921225069
-1,-0.5,-0.2,0.25,0.7,0.3,-1.3313362865585,-0.343228060856134,-0.149083263873245,0.232260217248404,0.740590933553491,0.717653779969458,0.066946713374214,0.0694701420701002,0.0586835769078403,0.228959807059424,0.204059706068236,0.099117560068466,0.0970881273933703,0.0753226985328233,0.0584092990005095,0.513963856010879,0.297056460585273,0.302255249261151
-1,-0.5,-0.2,0.25,0.7,0.3,-1.04266610370348,-0.393812489395857,-0.222513359241242,-0.0360156754379402,0.59344947714589,0.501973132620106,0.0861411549224964,0.0865450499638013,0.0855110301868297,0.204682541422366,0.196315018840869,0.124016373801947,0.161925968972962,0.0905604508715202,0.0891472310669483,0.550808686267817,0.283609122460991,0.454279541789137
-1,-0.5,-0.2,0.25,0.7,0.3,-1.04651441601552,-0.432474609812592,-0.210114748999635,0.116305748029001,0.58049146810307,0.384588340769058,0.0832854025802335,0.0793012612122978,0.0808599148995231,0.212163424136151,0.221563962534204,0.116085604127314,0.158030099244102,0.0928449167735492,0.088414652635229,0.579015778096717,0.325897619374156,0.420856209066781
-1,-0.5,-0.2,0.25,0.7,0.3,-1.20506646101935,-0.447785543510274,-0.0273832026824343,-0.462572294913021,0.61074575948703,0.92838733228109,0.0763127761166137,0.0757868197029731,0.0745596867462976,0.166834170424847,0.164578786217006,0.125726005845046,0.101386823344429,0.0804326767208905,0.0797338752770207,0.52209680910336,0.231457822748033,0.410623300184333
-1,-0.5,-0.2,0.25,0.7,0.3,-0.712619830274952,-0.622926615568586,-0.153525241617768,0.493485698677125,0.871565030717767,-0.108025687399286,0.116950640558896,0.116784364343118,0.0857531805732203,0.24193760752743,0.220426386026604,0.106531781284192,0.38149008603259,0.133860854655906,0.103023614560739,1.23547073657349,0.716105929058966,0.776522564858988
-1,-0.5,-0.2,0.25,0.7,0.3,-0.961697805501677,-0.536795109038865,-0.0237019859535207,0.403588039804722,0.686190314994521,0.223016292109131,0.0862016630814009,0.0850979968263248,0.0745406271320071,0.23609248539634,0.217355712826147,0.108970320130877,0.159721677980878,0.0955588968463769,0.0762303750250687,0.683414555178693,0.346113279861271,0.402417846169044
-1,-0.5,-0.2,0.25,0.7,0.3,-0.815112764051371,-0.639881176206953,-0.210448309229622,0.351799799883657,0.954168968262576,0.286233783760785,0.103961016974771,0.10334741251552,0.0756397695108392,0.246480897596862,0.207464698667004,0.104902651997166,0.184179929198506,0.120360878466372,0.0816365179953584,0.671355267947865,0.320345118677124,0.444726769149723
-1,-0.5,-0.2,0.25,0.7,0.3,-0.904660203210087,-0.40815311549825,-0.247789213680341,0.883377312702933,0.993649345174502,0.0167520835222908,0.0864515523314247,0.081709651935039,0.0820492589934778,0.302442431440836,0.282761534061163,0.0869783090406119,0.215188484815188,0.106215498374351,0.0833757423502648,0.946856534391549,0.484998000535031,0.482200914215197
-1,-0.5,-0.2,0.25,0.7,0.3,-1.11730510166668,-0.739366277037565,-0.149940977220494,-0.365424640902074,0.566931054121789,1.01519910816661,0.0819374224167087,0.0771594079564662,0.0654236899217887,0.167676458041174,0.163507550406663,0.122538660590704,0.0970074071871713,0.0757458246307902,0.0615320331561955,0.460184223340498,0.219041020760528,0.35299913191141
-1,-0.5,-0.2,0.25,0.7,0.3,-1.28293030458589,-0.488711899442372,-0.185569746055868,-0.147841432357496,0.365160199504771,0.890278559957245,0.066019703141656,0.0631069063221275,0.0638732377175227,0.185251542038523,0.177481640597574,0.12222700907476,0.0885383051325273,0.0649852162049653,0.0774089363761732,0.538035721801763,0.287499236184555,0.356616425971402
-1,-0.5,-0.2,0.25,0.7,0.3,-1.02357754814574,-0.50781558168547,-0.141164610945032,0.0643371916006972,0.595831695431832,0.580544249977026,0.085362438729268,0.0887560058671878,0.071888480526345,0.204921318238936,0.192592677464919,0.115955251650668,0.13711647224412,0.0843877430102467,0.0746032501370532,0.639101406675417,0.343329378973374,0.410612550658717
-1,-0.5,-0.2,0.25,0.7,0.3,-1.17685603739396,-0.501475499446189,-0.204420828498767,0.753692835150378,1.18212245569353,0.669159813845064,0.0699235725404706,0.0712531598257258,0.05423639816827,0.318625414198085,0.266961253279468,0.0718778772345475,0.104603324193988,0.0793485984148146,0.0671790865918533,0.688215638024163,0.474470852216003,0.272459657792497
-1,-0.5,-0.2,0.25,0.7,0.3,-0.661197018979358,-0.655265740549799,-0.228711207076153,0.171645905973574,0.594929163422423,0.0939305112174798,0.110123414265553,0.102686224117971,0.101244181931977,0.204944100522086,0.199395592574758,0.120878643130227,0.211829950685439,0.11386768873447,0.102026255574538,0.510231943213809,0.295508418212473,0.442710109762957
-1,-0.5,-0.2,0.25,0.7,0.3,-0.178449167779859,-0.614032721032123,-0.114672364074206,2.1037027798911,1.4177175735811,-0.930432731078833,0.106093165939076,0.107888931374591,0.0935034632416834,0.624996081768507,0.521892126765678,0.0589799956734777,0.661571069266802,0.145971077165809,0.111827810838795,2.94158153380065,1.81052390627808,0.91715533546564
-1,-0.5,-0.2,0.25,0.7,0.3,-0.868503547011958,-0.375592524228998,-0.166642524599385,0.284802159607585,0.402328404724375,0.119528302042933,0.0981877078160516,0.102575125591062,0.0917239807858868,0.204250472954458,0.203517710092189,0.1113799777305,0.192467536700789,0.128206242834857,0.0937326306821384,0.488006650352293,0.330603611449235,0.404101662905142
-1,-0.5,-0.2,0.25,0.7,0.3,-1.18117495769296,-0.514146480988916,-0.163844560543705,0.252715920589755,0.332976916670565,0.242519705822934,0.0808483106660662,0.078239808034046,0.0777730940700712,0.203856333176579,0.198235723154586,0.113855258888494,0.170010601209802,0.0842731440728674,0.0849829285244725,0.550892365685218,0.27706044974813,0.420575307706682
-1,-0.5,-0.2,0.25,0.7,0.3,-1.12596612861209,-0.421695125398159,-0.168965626002214,0.679405990782198,0.494550990490833,0.304500777498296,0.0748553136168159,0.0739426779644696,0.0729457385986762,0.271653426890569,0.241351562572826,0.0969960717536748,0.151545640013838,0.0844324521343904,0.0824995007269658,0.72522626772593,0.330095187375254,0.394439616474004
-1,-0.5,-0.2,0.25,0.7,0.3,-1.05674025401369,-0.420593713408951,-0.340006409360413,-0.698883029205746,0.501649419109849,1.03417730794639,0.0804351331315626,0.0758101499979539,0.073025425383601,0.143407059032163,0.145777761580546,0.128262868402253,0.0934326362918692,0.0771994021759236,0.073619949337512,0.456074013132627,0.180511953803476,0.383423002248443
-1,-0.5,-0.2,0.25,0.7,0.3,-1.00736945949,-0.503965091867015,-0.259886728674161,-0.228851758690925,0.579995995649474,0.696899351991429,0.0866780547149191,0.0862800319134541,0.0860352098902423,0.177148289758133,0.173586085289669,0.124544056306979,0.134442154455331,0.0869947640786277,0.0835562920251836,0.465993323328421,0.252590319892883,0.382076161953214
-1,-0.5,-0.2,0.25,0.7,0.3,-0.9315160531468,-0.617101209750703,-0.234551924954761,-0.0618107137836578,0.602592413006622,0.523375389050044,0.0903328600659059,0.0808572816393353,0.0889998389625434,0.187038125241781,0.174433421223305,0.116812931752399,0.13841609291735,0.0799695005825673,0.0816149665152561,0.423889178902046,0.250034340476143,0.336651874939187
-1,-0.5,-0.2,0.25,0.7,0.3,-1.03808749133643,-0.606365727592906,-0.127328402893094,-0.30818241506735,0.729478975708245,0.650430981934931,0.102699211809063,0.09003372924279,0.0737629262801534,0.178760835458715,0.182897169298217,0.122978029936963,0.148354703876433,0.0897748805958766,0.0761181570014126,0.412661848120942,0.282548769022564,0.382763488981856
-1,-0.5,-0.2,0.25,0.7,0.3,-0.909233169429821,-0.358579874306531,-0.260183034646606,0.892359650194629,0.548468299421533,-0.167331219526973,0.081441230917948,0.0830135966698458,0.0803838791305958,0.288925551950018,0.285594240116951,0.0955251531652886,0.256079659709552,0.100480750601842,0.10041668503594,0.856203478104242,0.466093257757771,0.504838432241054
-1,-0.5,-0.2,0.25,0.7,0.3,-1.03404608569667,-0.596131657370179,-0.0759524649345211,-0.00829171201276834,0.983575970706485,0.539086386758863,0.0991342452476086,0.107674841924729,0.0776942328638158,0.21305739264579,0.193966768357406,0.107876612454641,0.145939850267628,0.109761074567175,0.08912661106052,0.571457838911999,0.333877272583375,0.369750506570638
-1,-0.5,-0.2,0.25,0.7,0.3,-1.01788929926911,-0.418374693032548,-0.286110838923893,0.847279721067612,0.782219396888352,0.0108384593417406,0.0840327878932929,0.0841348033777748,0.075554578556868,0.316452131190749,0.297194704225416,0.0896879022492225,0.196846107263259,0.0926428119523762,0.0736961549497394,0.819985849079366,0.581699557938594,0.387351263175981
-1,-0.5,-0.2,0.25,0.7,0.3,-1.15087944761814,-0.531298852283516,-0.150601363298523,-0.202070287356168,0.677666291504213,0.79188062961298,0.0831006551858142,0.0828315305959438,0.074309048930787,0.179726331395867,0.171958043467876,0.11421631514197,0.103814302441387,0.0861392983860604,0.0765448916377412,0.395557930655569,0.239815194073813,0.295208302963334
-1,-0.5,-0.2,0.25,0.7,0.3,-0.842577323135807,-0.560336175717042,-0.23625528726217,0.165307182457581,0.530426603038938,0.0591555223923931,0.103972664112929,0.0952840855338327,0.103264594373105,0.215364196952163,0.209937267786902,0.122161192393542,0.241095367172687,0.108324155568914,0.109686216990351,0.540125181333146,0.28039839761861,0.48526112357012
-1,-0.5,-0.2,0.25,0.7,0.3,-0.994533752773326,-0.412485008065312,-0.093843947725339,0.78392219371035,1.30769075273337,0.255839318829164,0.080687959722732,0.0866903170014416,0.0627437860572496,0.311177009999012,0.240362870416892,0.0877256717838891,0.151961720878111,0.0963231821060287,0.0649180731206664,0.586762895254482,0.353159534280636,0.295283256208892
-1,-0.5,-0.2,0.25,0.7,0.3,-1.01691841363907,-0.540767025763489,-0.275049786069607,0.782926856348171,0.369078137025879,0.204242146993121,0.069843765709004,0.0734492390256234,0.0702631514045351,0.265635600305531,0.252211778851306,0.0931391835802932,0.15747806913074,0.0816783143278534,0.0743469668679743,0.627662380228331,0.340877572273218,0.352959814210408
-1,-0.5,-0.2,0.25,0.7,0.3,-0.961184831317606,-0.453904896386414,-0.140088443026861,0.00756165172667979,0.595569515987781,0.425730002781699,0.0844237524695692,0.0773903208231389,0.0750103162799285,0.207887251736616,0.195378575658112,0.117618215750949,0.152669237416169,0.0844482821829576,0.0876763197996693,0.699184664351125,0.338769357609965,0.479152051326628
-1,-0.5,-0.2,0.25,0.7,0.3,-1.26901518605534,-0.541861835107748,-0.244462233144525,-0.840723924048466,0.427496960139084,1.50347499076242,0.0615380901807801,0.0644323196465518,0.0518683322164388,0.13354175056979,0.134316280741858,0.123936513236741,0.066200767491414,0.0633710293097091,0.0567201949075518,0.482423759876483,0.185286259777749,0.401109577728313
-1,-0.5,-0.2,0.25,0.7,0.3,-1.06009600758202,-0.572194201869211,-0.266775230532248,0.249473562403128,0.620935175647191,0.533048313162202,0.0774516509670836,0.0783058437037011,0.0719070372535868,0.226449658030804,0.216986126829583,0.106307779896675,0.128410711845291,0.0849529747152848,0.0768187409969935,0.518034114174331,0.311134501859865,0.341420461755751
-1,-0.5,-0.2,0.25,0.7,0.3,-0.97920609305323,-0.748857600072077,0.0120640231626485,-0.379885894313833,0.872242366839839,0.840488683509261,0.0986112731216763,0.0888560850805067,0.0717124197667294,0.179561818142346,0.169966231694455,0.12437162862441,0.119341470270216,0.101959609939113,0.084970900531354,0.551695633533855,0.26909326403561,0.41932906226473
-1,-0.5,-0.2,0.25,0.7,0.3,-0.851469122309651,-0.46391586825314,-0.0477469118300115,1.2206413020939,0.96609674856642,-0.239357122039978,0.0844576514685494,0.087536764370185,0.0749707221103996,0.338007651196384,0.312834020504952,0.0852182054781055,0.247672637332731,0.103720589586041,0.0924386408056745,0.946131913451733,0.572393481546653,0.438050248155091
-1,-0.5,-0.2,0.25,0.7,0.3,-0.625543916925815,-0.426459655913902,-0.203319195637077,1.2180506270945,1.57109283559431,-0.435922265616588,0.106384042578505,0.0955091085822162,0.0899665518017924,0.404651150555382,0.375712911916571,0.0715093161356769,0.318912746669643,0.1205884140517,0.109088518758889,0.85050331548048,0.63793139091926,0.481749925553416
-1,-0.5,-0.2,0.25,0.7,0.3,-1.10490942646266,-0.617717715484669,-0.201621003688888,0.080934101199866,0.810998345342902,0.307723267941365,0.0933806120634577,0.0901047647752551,0.0724925053648184,0.198872693493352,0.18829887666157,0.11101167239769,0.170744151778971,0.0951152518489509,0.0771291287372426,0.567879031339272,0.325335032737337,0.401379612877517
-1,-0.5,-0.2,0.25,0.7,0.3,-0.785296035265356,-0.439690478707011,-0.0155828301397059,1.09137860363138,0.909632330058127,-0.187170764239999,0.0883331081539844,0.0904221328247535,0.0891984173032838,0.328862535979671,0.288285933816111,0.0812882776976545,0.26170477234347,0.112587085338799,0.0973691661295104,0.907221226496038,0.510865986916294,0.479995941205885
-1,-0.5,-0.2,0.25,0.7,0.3,-1.0512607714379,-0.473823975738842,-0.00051324884714785,-0.697550720792981,0.127193500448387,1.0490473280135,0.0794232100604035,0.080696505469831,0.0701488316028051,0.136303817009974,0.139434651809483,0.138060514175986,0.0958340776635664,0.0979636620615769,0.0750129466990048,0.484098143306676,0.248302114343468,0.412670577264256
-1,-0.5,-0.2,0.25,0.7,0.3,-0.949947380532729,-0.575280237781455,-0.138385290388537,0.218331796085835,0.746075027166159,0.263734488971075,0.0883990927972076,0.0881853694117496,0.0758966466502019,0.20923266111098,0.210739913822676,0.111108121138677,0.162831483546527,0.102447420779351,0.0755669126873123,0.600146969610769,0.372787837876199,0.396071513359798
-1,-0.5,-0.2,0.25,0.7,0.3,-0.717830344324809,-0.672978374289328,-0.226979179776224,0.164061552754247,0.804077891549693,0.274014162739239,0.118243123996849,0.125530746146306,0.0760093650205835,0.215185209928168,0.193164271429044,0.114235758301222,0.214392500639874,0.132393467250401,0.0781718584078917,0.666417569550237,0.309224228204093,0.497095263591963
-1,-0.5,-0.2,0.25,0.7,0.3,-1.08276366875584,-0.474307425508242,-0.255803220264413,0.0664851444528097,0.572816837311118,0.447584176149277,0.0860859809474626,0.0851575713328362,0.0899005309842568,0.215535634116358,0.208009488054586,0.119126171911193,0.148762697201441,0.0919810320169136,0.0915875811154779,0.580068623882529,0.28170455431569,0.43448914937184
-1,-0.5,-0.2,0.25,0.7,0.3,-0.928539647686663,-0.584843967174912,-0.0775522474768206,0.242115242283872,0.831404201104138,0.475193503185406,0.0886860412455139,0.0869891091519063,0.0678944713984812,0.218608092129881,0.206917779851008,0.0974672440837828,0.150985289098786,0.0924306273785835,0.072603695451106,0.51319588113851,0.29192878775503,0.364382554704584
-1,-0.5,-0.2,0.25,0.7,0.3,-0.797771637224165,-0.650259330682628,-0.391633388251311,0.489642296149744,0.691770176989083,0.169573205202945,0.0998906662172951,0.101004497387315,0.0792845033743926,0.256149455158406,0.237832877945907,0.105465650684582,0.190258474992352,0.106487962467827,0.0846114391884713,0.542806588761609,0.388323833322977,0.350413080548668
-1,-0.5,-0.2,0.25,0.7,0.3,-0.972297079941784,-0.278966658299364,-0.317102915398004,0.417096089221006,0.875767035082517,0.187460483418097,0.085084164294937,0.0850537591686515,0.0795294291894956,0.23973229337706,0.225263325749502,0.0952111751265639,0.223158571660375,0.107439745420558,0.082389252940816,1.09781226744589,0.547693804521758,0.63198496046964
-1,-0.5,-0.2,0.25,0.7,0.3,-0.691746765212624,-0.549889082969786,-0.125394139673515,0.934468275023433,1.05193771586445,-0.222958348540826,0.107041175664621,0.11349871092687,0.0777221563350274,0.302278367048537,0.253239589230556,0.0924310067048505,0.29720601677695,0.135801167958509,0.0856788782316029,0.968123290681345,0.500198880090045,0.549374996930963
-1,-0.5,-0.2,0.25,0.7,0.3,-0.901346062130277,-0.469640796832912,-0.155708354326184,0.175175617533255,0.994035688517088,0.179332448457624,0.101279843903634,0.0976127935716401,0.0793782023686536,0.209551237113347,0.201654412348205,0.113537864016086,0.18011336575639,0.0975113857835554,0.0816309782847787,0.462412142845278,0.288382292570937,0.364991296809381
-1,-0.5,-0.2,0.25,0.7,0.3,-1.1813581908453,-0.484958289366808,-0.227324381622697,-0.068459326035428,0.646256677252631,0.462873517133057,0.0827952848338745,0.0819504485494456,0.0718988961081787,0.185562584906627,0.188957061344845,0.118325488436777,0.152857527022054,0.0972083248261972,0.0807890347831773,0.565252159517158,0.286444721461226,0.450414174549181
-1,-0.5,-0.2,0.25,0.7,0.3,-0.965268638953263,-0.521346316431084,-0.223620828136258,0.354866161205552,0.71112126366921,0.204731151770661,0.0912394736993629,0.0987590892415618,0.0753583339489621,0.232991449210253,0.207891665130889,0.106103037241741,0.242322348873124,0.132062154330308,0.0848566679795521,0.940520769594878,0.313136876781753,0.677921245974961
-1,-0.5,-0.2,0.25,0.7,0.3,-0.900846282603362,-0.50987443665856,-0.0667955653737113,0.285675188856655,0.726798865580877,0.255806716926726,0.094087240510759,0.0931640793110771,0.0912546778362973,0.232757435697836,0.208201599651809,0.107817196299792,0.175977836328781,0.104170987386838,0.0880962950557922,0.471763018491527,0.294229120909316,0.376374006957655
-1,-0.5,-0.2,0.25,0.7,0.3,-0.846659455662044,-0.396424934237327,-0.412238741868495,-0.045876239155478,0.143013740803057,0.321455401112813,0.108118314074536,0.107404474066549,0.127590350874124,0.202023441153717,0.200494591411513,0.139842622122154,0.237928948095202,0.10735212151025,0.121604705432423,0.636934200406084,0.283501575121623,0.612642227532697
-1,-0.5,-0.2,0.25,0.7,0.3,-1.17760814677287,-0.398125988171763,-0.183076812460183,-0.441821599869365,0.647914657397937,0.887823111352156,0.0882885460385945,0.0913791993841934,0.0803505212629283,0.169934919503816,0.167175114876197,0.129679150319665,0.111384120589323,0.0912671362617961,0.086461091330735,0.424874756067058,0.248899126633794,0.348177969608264
-1,-0.5,-0.2,0.25,0.7,0.3,-1.15621566212497,-0.618992229319354,-0.322371848118963,-0.500862858687056,0.521563965577711,1.07073489623194,0.0771866462115655,0.0748849787639652,0.0715576968477299,0.158278929275443,0.157548957642163,0.126616230233718,0.0904567501223624,0.0777042358410099,0.0741486700859002,0.508275946761591,0.197242280999988,0.408058742244644
-1,-0.5,-0.2,0.25,0.7,0.3,-1.04883482791853,-0.472923427304042,-0.275643170043012,0.304626932199908,0.916165143233529,0.118626479187777,0.0964824192811708,0.09869635146713,0.0994452894714242,0.236466626617677,0.224912621318158,0.109547177781252,0.190767266863034,0.106518000455068,0.100548810937203,0.660805884855986,0.432075950367671,0.417084285412002
-1,-0.5,-0.2,0.25,0.7,0.3,-1.15208471196094,-0.589741939753619,-0.0853651797390121,-0.32914758930523,0.917941841606191,0.84875108008767,0.0922058894663821,0.0824647179356675,0.0646461222727428,0.180778438812423,0.177681229597439,0.115803158601688,0.113077057806367,0.0832056143427976,0.0647660101673879,0.360027941376613,0.240972014472033,0.306353837494561
-1,-0.5,-0.2,0.25,0.7,0.3,-1.09185255337995,-0.571647021866664,-0.23378419497029,-0.143322825697195,0.67663905411445,0.321552260113957,0.101621523241952,0.0972847426958132,0.0795252241504283,0.189805547139473,0.174504873366006,0.124321730793564,0.163660458398431,0.096335013158561,0.0843475291547584,0.455761413204685,0.263325127570704,0.375053064691757
-1,-0.5,-0.2,0.25,0.7,0.3,-1.16617952067009,-0.404748414758531,-0.268985985050383,-0.36090128292978,0.430289472068843,1.03575529089625,0.0652017117702949,0.0613723401902158,0.0632851817406354,0.166522595567738,0.170789433765489,0.121997956451528,0.0820149570502628,0.0652058292974398,0.066021499697727,0.435089675915976,0.272872079742123,0.316372300514328
-1,-0.5,-0.2,0.25,0.7,0.3,-0.681387620623277,-0.518875830060835,-0.197307359638052,0.849698766318203,0.00378006272100314,-0.203433205850321,0.0871484410555625,0.0854851734637359,0.0841666617660689,0.277528654716003,0.27473885406335,0.102149874523071,0.307291412345372,0.0997536504953411,0.0913067835098068,0.963736200258143,0.419518147846325,0.611840347304695
-1,-0.5,-0.2,0.25,0.7,0.3,-1.13143585062633,-0.414717687191793,-0.282302805781528,0.320126418285029,0.888794791013358,0.255214038168292,0.091466732945151,0.0895197405968469,0.0689366627981097,0.243078146798778,0.223874029839217,0.112345500540759,0.144791112298626,0.093526355178874,0.0688451042970802,0.515019909683728,0.38153296549721,0.300125567200486
-1,-0.5,-0.2,0.25,0.7,0.3,-1.01818951261924,-0.506625081083457,-0.147705535123524,-0.183313574918508,0.507566456761094,0.720377501860629,0.0892164038692818,0.0892617230707222,0.0844980124728776,0.180581219099155,0.171815033497068,0.127535927428289,0.141651422661242,0.0908668838895081,0.0880231064077163,0.601803522260033,0.283371979227873,0.468281018519541
-1,-0.5,-0.2,0.25,0.7,0.3,-0.689151966166102,-0.601063320833346,-0.259733134899361,0.724852132979299,1.27304906148167,-0.227309185011481,0.112494805395656,0.0995455476024462,0.0880411123382574,0.33368358343946,0.323615076847799,0.0847636116547925,0.3066823366457,0.114509837636782,0.0959310220104355,0.858668327732429,0.585029881373086,0.520588432228417
-1,-0.5,-0.2,0.25,0.7,0.3,-0.970837433079501,-0.380721696878153,-0.128079210263248,0.901384392369372,0.936577782110146,0.0075607772343063,0.0861925988090635,0.0904231344948673,0.0799739862853981,0.320526339507425,0.275943009009955,0.084421867955615,0.196945534746091,0.100371041532454,0.0882822889031315,0.704027719529674,0.462472532488872,0.372474696603385
-1,-0.5,-0.2,0.25,0.7,0.3,-0.959481467225796,-0.425076155118877,-0.153224537409248,0.512409182727507,0.854361865781978,-0.0595592508338757,0.0946301849979988,0.0957475049457124,0.0912419576642111,0.260650177633378,0.242819635790862,0.102113437305369,0.254074194423436,0.123414404740923,0.102951162685697,0.88774638910092,0.407120135372277,0.594047807009778
-1,-0.5,-0.2,0.25,0.7,0.3,-1.0512891981276,-0.438075078576661,-0.196251063604031,0.00359439980874973,0.570760686452668,0.35640554225552,0.0915672472504156,0.0863247654007671,0.0859403685068778,0.189451288506573,0.189773057405088,0.127063501002744,0.167703188500941,0.0969977635419243,0.0983945774334057,0.48498938789005,0.243909430478499,0.414959045587445
-1,-0.5,-0.2,0.25,0.7,0.3,-1.03216531028763,-0.454850836536345,-0.160354272757713,0.520146986931481,0.573017483881139,0.268615070898583,0.0772394222417234,0.0762786269201379,0.0748256650123689,0.235293031825572,0.220353413224991,0.103753744699408,0.159443194041955,0.0847634442390619,0.0780350158870366,0.670408339615181,0.332377546552212,0.402561949934812
-1,-0.5,-0.2,0.25,0.7,0.3,-1.17841682136492,-0.415605809769789,-0.0957494307162042,-0.393102731893444,0.699819061436956,0.753296931618439,0.0860592265390428,0.0837742203844265,0.0690456931563056,0.176004357471021,0.178899605073206,0.125779174439418,0.110396359576097,0.0873823387324357,0.0737028089506085,0.414990608286537,0.216890994068202,0.332674565390424
-1,-0.5,-0.2,0.25,0.7,0.3,-0.852324193828097,-0.469849343518861,-0.12531252976909,0.328372468606114,0.103610227969815,0.025374878003429,0.102991523765561,0.0909080873997076,0.104162051676262,0.22122075063818,0.214745728544824,0.115971100547178,0.212274898845156,0.101102437641254,0.10089523113037,0.514884426693964,0.303391483873082,0.423443160210136
-1,-0.5,-0.2,0.25,0.7,0.3,-1.05450240311113,-0.478392348550154,-0.147915788488898,0.316755637098659,0.758658362776202,0.454632505558131,0.0815789210649154,0.0756684185475312,0.0673995810222022,0.236912570884755,0.222715631856211,0.114828583862878,0.141789460630392,0.084873927583428,0.0760108511129087,0.672618102637645,0.360722286892387,0.398777228243118
-1,-0.5,-0.2,0.25,0.7,0.3,-0.909182884038828,-0.446718304877176,-0.192375988973969,1.49353536734325,1.01518559278966,-0.16380179445659,0.0766470340154099,0.0780635394198438,0.0765690966601424,0.403128845731654,0.355419842686431,0.0699316037727775,0.235002902285481,0.102572051662303,0.0864341381517689,1.03428325376042,0.583919447845614,0.423362823649925
-1,-0.5,-0.2,0.25,0.7,0.3,-0.935519915827857,-0.456723773500742,-0.163414595474534,-0.0180220926400808,0.460467986931111,0.128138392802556,0.0977513173758125,0.0981026382851389,0.0872122606669374,0.192186633791563,0.173056467918959,0.125899295502027,0.254893676910458,0.109725143718363,0.0989956280540038,0.812543832697062,0.314497371759175,0.677511689226837
-1,-0.5,-0.2,0.25,0.7,0.3,-1.00146156923113,-0.550696553040386,-0.325770210830988,0.827173085902664,0.996150294423915,0.15117132175435,0.0839008705596573,0.0820686348425222,0.0852777140567651,0.349682469638932,0.291738554889752,0.0818169535949869,0.183562904819435,0.110727173748536,0.100758860763546,0.745605801644715,0.404352041541766,0.418638414101391
-1,-0.5,-0.2,0.25,0.7,0.3,-1.32866869662921,-0.488910925877604,-0.0657427422847767,-0.103060912350583,0.742219712171129,0.838271048597997,0.0724843111166923,0.07459825181376,0.0595487160489674,0.191437400237805,0.187448961056323,0.107326830099318,0.091788420473539,0.0791076537772142,0.0673998718563072,0.415364772592407,0.255174833073478,0.271883695096972
-1,-0.5,-0.2,0.25,0.7,0.3,-0.967381728231139,-0.326058582506297,-0.322718336849231,-1.01056195782867,0.134423260235351,1.16065752288069,0.0864760805877066,0.0962154791098728,0.0957533829381318,0.127376225304468,0.128370041584167,0.142048182913638,0.119635062526969,0.121964976090658,0.0990946547596654,1.04557612538902,0.220974043442577,1.01437984437746
-1,-0.5,-0.2,0.25,0.7,0.3,-0.738600481183023,-0.684098735036583,-0.241537154858937,0.321368839967393,0.982938686861814,-0.060336934510158,0.11527076021833,0.11870436710531,0.0925917677422297,0.231241363860329,0.197231042440415,0.11089187243521,0.266282352820404,0.121552153486518,0.0956412453556859,0.722719914980332,0.366828034261479,0.529254598483897
-1,-0.5,-0.2,0.25,0.7,0.3,-1.02572679925585,-0.471568015256217,-0.133759191962061,-0.161315253177994,1.06346790378897,0.869528543995807,0.0782825866577827,0.0828020136123462,0.0593806591304727,0.211387947627169,0.203781037569444,0.105427479176757,0.0953655638529899,0.0867543352945894,0.0633149447136259,0.501658191407071,0.301054659752091,0.304026236451146
-1,-0.5,-0.2,0.25,0.7,0.3,-1.06030164508948,-0.542011242473101,-0.147482195259711,0.200647095136246,0.88912790002212,0.451549321129192,0.0955607260206055,0.096387705497713,0.0713026021044099,0.254234163227442,0.218534137579148,0.101116572316832,0.157735712591616,0.0999148527456647,0.0856368498135936,0.854826431840191,0.460069949331704,0.45545826805743
-1,-0.5,-0.2,0.25,0.7,0.3,-1.27554269941066,-0.557348679702543,-0.210041757225053,0.092015661492997,1.02303354998208,0.70381198131541,0.0712847508658161,0.0732204319228895,0.068661425589612,0.235151854751762,0.205754259337976,0.103456729795636,0.0967579109186835,0.0797667265992824,0.0686906833917498,0.598717638326421,0.340339272901084,0.323152329955199
-1,-0.5,-0.2,0.25,0.7,0.3,-0.88419635600104,-0.582940548816646,-0.156337404915387,0.213711956881006,0.826571474517516,0.685351948614768,0.0816996612681492,0.0709878168527294,0.0607794791895985,0.221795753595083,0.212787493528847,0.104732094423539,0.131817113235681,0.0795228374163628,0.0704009623398168,0.629245141484714,0.390028260188325,0.383726520024709
-1,-0.5,-0.2,0.25,0.7,0.3,-1.23449678878877,-0.568505137535809,-0.304953056344113,0.229762358960027,0.95807326934667,0.565280073047295,0.0782659962123343,0.074951033827548,0.0636713520152093,0.223116269421865,0.208532784219756,0.107200868132498,0.118574266775985,0.0864023978944982,0.0659081736362668,0.495442552175242,0.326955310512734,0.307817317902074
-1,-0.5,-0.2,0.25,0.7,0.3,-0.792743908204651,-0.433781192291075,0.0493170388867535,1.09282038406893,0.841680269910535,-0.049795017840366,0.0789945100696765,0.0768880844412992,0.0834903327421167,0.34895926108661,0.334092473063801,0.0814232834074822,0.218468649759504,0.0885596652437835,0.0971692703033963,0.952898692606075,0.626368328194996,0.423373399150233
-1,-0.5,-0.2,0.25,0.7,0.3,-0.784714858932151,-0.450655141546463,-0.281784176390741,1.13336486126662,1.20716498366379,0.00443621972057823,0.0843961416437738,0.0900412012306458,0.0735384538606574,0.362941843015688,0.287656506347316,0.0722955614779837,0.195348215448619,0.101349585109646,0.0862557535035808,0.930139601412839,0.569282244853054,0.370623861463482
-1,-0.5,-0.2,0.25,0.7,0.3,-1.16214172336283,-0.366910935145067,-0.167187390612934,-0.0542445579019011,0.600994620954884,0.491774247437067,0.0847922922242309,0.0768981513185058,0.0806097311791426,0.202236753735597,0.217640747388228,0.121293903982901,0.168274384655413,0.0848359653416178,0.088952595978017,0.760895100738695,0.381207937637281,0.555528717808641
-1,-0.5,-0.2,0.25,0.7,0.3,-0.979665716063334,-0.333915942657009,-0.210920815884191,-0.379989614396063,-0.265800500646131,0.835047969718358,0.0772280177062425,0.0811444400380179,0.0790503105561487,0.163991047521546,0.163115925671804,0.134841652836493,0.113170435836272,0.0970150759743015,0.0961179235757836,0.682279138742657,0.217697362109892,0.563481477532809
-1,-0.5,-0.2,0.25,0.7,0.3,-0.964183641995367,-0.606235781434715,-0.195631476012224,-0.0322278771153533,0.705670604107161,0.460957632722431,0.0989143478654071,0.0850854508572563,0.082775394657995,0.209417134840262,0.218553673390087,0.116602418425769,0.146186634984813,0.0943519925119565,0.0862813929874876,0.571820489781537,0.300262051250592,0.422389693748914
-1,-0.5,-0.2,0.25,0.7,0.3,-1.01821975919937,-0.581459613118835,-0.211889570480238,-0.0161031026335419,0.197884567116927,0.570770717383126,0.0752070481075282,0.0783879054051633,0.0739773579737704,0.186998020311455,0.189191417896547,0.11986471362678,0.12105473672193,0.0853551849084525,0.0825724335760272,0.486348340424587,0.261982224448458,0.368192609051162
-1,-0.5,-0.2,0.25,0.7,0.3,-0.584649565289015,-0.51392970571624,-0.111106344691068,1.10000445747062,0.92871641990249,-0.323264580552323,0.102638408425625,0.100358126602398,0.0919814991007315,0.351355842839812,0.306122004620994,0.0859408143121243,0.317690906170354,0.121938522430009,0.0988344007472819,0.962865646601989,0.536015402314297,0.540262737385514
-1,-0.5,-0.2,0.25,0.7,0.3,-0.399473452411525,-0.38255389652438,-0.334262333355591,3.09757776201156,1.08253559289802,-0.95889115453451,0.0797270629359508,0.0804609003907535,0.0802002677876577,0.84621252218759,0.676397708843362,0.0544578852598809,0.445432936000883,0.112388279050585,0.0932898545437897,2.5925384616638,1.34434500873531,0.569059440127737
-1,-0.5,-0.2,0.25,0.7,0.3,-0.966024326553342,-0.484076158527142,-0.22929750409792,-0.186133123773302,0.518936015679425,0.559095392772285,0.0894130876031076,0.0940218260192617,0.0773808254685237,0.190568351930614,0.185028990684533,0.123007224773489,0.141281673636578,0.0982946667765834,0.085681725694652,0.58488567139843,0.268435107788877,0.45331351507776
-1,-0.5,-0.2,0.25,0.7,0.3,-0.588900541490772,-0.481602465440952,-0.20955537356877,0.927900257998164,0.690378262734267,-0.268047213918005,0.0878007758978361,0.0907768198816712,0.0827962652934796,0.280813991002497,0.250808165016133,0.0934615785943221,0.261827415489604,0.104493077402044,0.0951732828577938,0.659153540193729,0.395578057676495,0.432836051299342
-1,-0.5,-0.2,0.25,0.7,0.3,-0.760368504693969,-0.412041409022209,-0.0361116660838303,1.170162407458,-0.27652532325067,-0.191869258886112,0.0833286261902971,0.0922431781204575,0.0783034319163012,0.308415422871592,0.34493877837579,0.0912309985350978,0.257129430948589,0.122267400808556,0.0831192858447359,0.928280906301953,0.541779115725003,0.479637492369148
-1,-0.5,-0.2,0.25,0.7,0.3,-1.00546307162554,-0.532575704998858,-0.205874767175414,-0.478447140228989,0.520175339842593,0.889564231945315,0.0843196202073996,0.0867233424196533,0.0680153086933613,0.155781496830856,0.151017878313782,0.128752127353487,0.125808565392975,0.0906009591414285,0.074118047645678,0.686097410754996,0.22901840932873,0.569984593811543
-1,-0.5,-0.2,0.25,0.7,0.3,-1.07671554747838,-0.513410944684968,-0.331465952817676,0.284211988930704,0.819400711104054,0.342873213702173,0.0838143956873762,0.0814907125563725,0.0799223799195433,0.235483095906206,0.229667412133563,0.103708608708353,0.150068368174372,0.0907843190104641,0.0856597528817712,0.62851851687082,0.396645764079522,0.379032822567692
-1,-0.5,-0.2,0.25,0.7,0.3,-0.911364771757975,-0.397702309811981,-0.0864056334972913,-0.11397554968217,0.449234210398443,0.531626539997381,0.0892261091938235,0.0914540016118944,0.0845404608445652,0.183647512526465,0.184647351307574,0.122799240954064,0.145384862333814,0.091557791702798,0.0834505644167178,0.44496049081592,0.246916277063167,0.37562742726041
-1,-0.5,-0.2,0.25,0.7,0.3,-0.947129844092802,-0.684494388523308,-0.117314477048516,0.0284339067251475,0.714785826660357,0.447656828541379,0.0941580644757183,0.095840418179206,0.0841612262447878,0.208892652843198,0.193424512104353,0.120713826096905,0.144784814852544,0.101799386177992,0.0838106214800377,0.511351198111637,0.301191047773691,0.379917317340405
-1,-0.5,-0.2,0.25,0.7,0.3,-1.20024829774461,-0.264727454949927,-0.107566923579917,0.884068417539707,0.929973930561474,0.294040524244708,0.0698924791103885,0.0670629971845511,0.0593760710023758,0.325570428402093,0.319918725329899,0.0784491709884422,0.165906605725088,0.0827822395304329,0.071867993709803,0.848923033591369,0.562542389671537,0.391703074750496
-1,-0.5,-0.2,0.25,0.7,0.3,-1.01785870341438,-0.52592744732899,-0.236972280756082,0.40885119537001,1.09184539076813,0.336544550037799,0.0898104839771892,0.0943609656290234,0.0672386215944555,0.250446264021862,0.217608521548303,0.0951485769648759,0.142641034511479,0.11429828610638,0.07119391416072,0.5556333742579,0.316462834487442,0.336490188439403
-1,-0.5,-0.2,0.25,0.7,0.3,-0.855232932968073,-0.446086922827146,-0.128704084732774,0.737543093224638,0.668434908965667,0.0400385016221975,0.0854588287043702,0.0863410710804069,0.0842077614846709,0.290811115723483,0.276950329899546,0.0957601169777068,0.220443550671526,0.0945658522397563,0.0851954587736272,0.877225256299373,0.479179923762279,0.481284295519021
-1,-0.5,-0.2,0.25,0.7,0.3,-0.859597265633617,-0.437395842880936,-0.277450254985195,0.15610191477536,0.721922086296213,0.0654947026396839,0.106454718981969,0.096169752759546,0.0884446951957318,0.222076970471335,0.22426683784612,0.123045419314806,0.20691356748499,0.106589141090817,0.0873860160086126,0.630307623815503,0.392233510674486,0.464122988548233
-1,-0.5,-0.2,0.25,0.7,0.3,-1.2262919801325,-0.544318823351254,-0.128080298651605,-0.292574429259044,0.677076067368626,1.05472722199758,0.0662981339911609,0.067929711582213,0.0603671814475096,0.173397976334541,0.168696265317125,0.114331953825337,0.094787334638733,0.0750666500959987,0.0617423548424136,0.560831219763173,0.254443773212337,0.41429447180745
-1,-0.5,-0.2,0.25,0.7,0.3,-1.20525179398639,-0.567679208726208,-0.166967905152397,-0.634184595673623,0.487592974040942,1.18155551030332,0.0762600143118538,0.0807658720379339,0.0670793531726847,0.148616525173266,0.154548362631281,0.129440544141322,0.0923460060518795,0.0943445675285489,0.0784329393565985,0.559636644126316,0.225988657478617,0.44257137574642
-1,-0.5,-0.2,0.25,0.7,0.3,-0.842234542863583,-0.440157557571104,-0.253583098774206,0.581910262075607,0.713121456882242,-0.0813429486151576,0.08882953796892,0.0888776891151294,0.0765557151962534,0.257248449178193,0.237882753419125,0.107818339973932,0.201341012794023,0.0997591654678786,0.0823895366752118,0.543409092127112,0.339890742256538,0.377144376403837
-1,-0.5,-0.2,0.25,0.7,0.3,-1.02657420804244,-0.4696680732758,-0.344010463673337,-0.903812198340949,0.323684694808289,1.05907343569657,0.0879033586183083,0.0927726052161503,0.0748733241366449,0.130739599664184,0.126538218182711,0.140952245384283,0.108837182723962,0.0880982040626959,0.0842253501595438,0.529410628390274,0.176445274883424,0.513397436577008
-1,-0.5,-0.2,0.25,0.7,0.3,-1.0154856193765,-0.619873156082937,-0.228781896715923,0.0589886367150937,0.488798172066574,0.502152415355575,0.084013305715948,0.0832681723572098,0.0822305243570748,0.200637272497595,0.202557128352765,0.116162008265252,0.135784392274274,0.0842281769533385,0.0900657869958648,0.463800419852064,0.296258864600981,0.344905530377151
-1,-0.5,-0.2,0.25,0.7,0.3,-0.755974965718181,-0.598213748333746,-0.133296307044028,0.534939548611006,0.648853101170668,0.0137197245862097,0.0935790844685899,0.0889598612104025,0.0796588820598306,0.252116255318992,0.242906480716594,0.108574310356642,0.235380031734691,0.101599082909775,0.0899569387983115,0.797299365923035,0.412911125245672,0.517661229189047
-1,-0.5,-0.2,0.25,0.7,0.3,-0.578070891188267,-0.799994495484029,-0.279570024024201,1.34935736489668,0.965754955282296,-0.445687124891785,0.0993583302426732,0.101577580929529,0.0871225992822327,0.379098570703951,0.325571527678889,0.0864892514854339,0.32952375330952,0.126550855056059,0.0906745518010365,1.32877299867632,0.696528719586728,0.571012278699461
-1,-0.5,-0.2,0.25,0.7,0.3,-0.823461781698436,-0.429665756792369,-0.158798342677627,0.283744277420546,0.675252260831013,0.0742139962060098,0.0973343631834993,0.105465075732624,0.0857702709609495,0.21962340988788,0.206507398635513,0.114620157081663,0.252931266619711,0.127216908573567,0.0968580657250679,0.872612874601666,0.474254679387764,0.581807132998046
-1,-0.5,-0.2,0.25,0.7,0.3,-1.04849674446613,-0.519464573455728,-0.251937377139777,0.0315385626856806,0.712590321419626,0.278361852364639,0.0961314051537965,0.0862295317194818,0.0944352853416832,0.213098858972618,0.22566414106171,0.121791875582753,0.181104686263988,0.0971731677439871,0.0993390085416425,0.571700005450406,0.377887998071766,0.444593824176085
-1,-0.5,-0.2,0.25,0.7,0.3,-0.944012378086064,-0.40173609831444,-0.196011651009107,0.492047048195799,1.1227051960792,0.163831533001448,0.0892588268410314,0.0866387468807756,0.0800701882521347,0.266473683694265,0.236300931826147,0.0995995795518271,0.160852144220518,0.0987326663544636,0.0840778787877101,0.571092609901454,0.375250926905854,0.331509157726
-1,-0.5,-0.2,0.25,0.7,0.3,-1.0271421607529,-0.440045956877722,-0.230437213353068,0.0146168637321747,0.373407794011213,0.393214022112373,0.0848146760389275,0.0897429137424157,0.0814564294396848,0.188019075399546,0.185450464418419,0.120486840429825,0.16827650803087,0.0949323187077224,0.0864957527196098,0.574113411250391,0.256322049838972,0.469002158357223
-1,-0.5,-0.2,0.25,0.7,0.3,-0.778149352800013,-0.492775176211268,-0.171916645561019,0.805981855542565,0.997450965386355,0.0527618858915096,0.0862552119836171,0.0875521707463964,0.0715916226608235,0.30621767916062,0.263530822283336,0.0848167653636377,0.202447505292086,0.0969898840034648,0.0827964598231043,0.770160228040837,0.463273335815257,0.397679403610987
-1,-0.5,-0.2,0.25,0.7,0.3,-0.865868983888512,-0.600373379939368,-0.320382161662722,0.513141057113648,1.02614927683249,-0.169179484548554,0.1287372633233,0.128237963945726,0.0924533797858325,0.238313408496553,0.21854745019156,0.102470729159654,0.308308600601406,0.141359484456162,0.0895034627417003,0.74754170934186,0.448109983054797,0.562232356591969
-1,-0.5,-0.2,0.25,0.7,0.3,-1.02377916587443,-0.389984827098152,-0.0745463102356539,0.511097092912217,0.991842575463567,0.0763162550314343,0.0917568673645992,0.0860721582618755,0.0791166174400496,0.268323206535917,0.259021430276196,0.0968028701385355,0.187403168706211,0.094461076856869,0.0890249080115658,0.571257879545072,0.41190697907794,0.368258226030694
-1,-0.5,-0.2,0.25,0.7,0.3,-0.749357267851913,-0.497786492947388,-0.303888775427574,1.09565517233609,1.10404569801787,-0.0259852211961339,0.0902228525162411,0.0863223915396461,0.0742033016767711,0.367831422389123,0.319590190939645,0.0790281986836203,0.232173952202148,0.0959688368144909,0.0777096199973965,0.795699175778995,0.517845081139388,0.406613928542001
-1,-0.5,-0.2,0.25,0.7,0.3,-1.21084228001161,-0.492182342722104,-0.309604408974178,-0.175569633105217,1.00018127667587,1.08455067772131,0.0678360305405058,0.061508671053063,0.0648081972515809,0.214084941385869,0.211059887937181,0.102539332578947,0.0835512543811772,0.0659771653723014,0.0620636134991386,0.532928383073467,0.311718188795323,0.336546067396391
-1,-0.5,-0.2,0.25,0.7,0.3,-0.915617464892819,-0.519150466864201,-0.149930492623866,-0.329007955361623,0.35798619033314,0.550411094745473,0.0983634977947308,0.0943251355886613,0.0981205658209661,0.162918109834973,0.167636194585969,0.140363475363109,0.15543669255064,0.0995789802965223,0.0930440410042743,0.436587037416544,0.207374506946283,0.425622992326063
-1,-0.5,-0.2,0.25,0.7,0.3,-0.97878002300743,-0.578768521621648,-0.226406292406181,0.725806048425965,1.01328954304989,0.0207344185392481,0.0838003269123446,0.0755838564315343,0.0726929068084477,0.289290209235763,0.29059741709213,0.0875353171441034,0.22817730271927,0.105660888920575,0.0857594801570983,0.753683669317229,0.444805339054933,0.47865093221443
-1,-0.5,-0.2,0.25,0.7,0.3,-1.13996941732279,-0.497387487793289,-0.227379401208917,-0.0658788372737587,0.578786483950613,0.672638686829998,0.07445391150347,0.0694964550764456,0.0710913481703266,0.183233573085611,0.173766952269849,0.116066893003568,0.109855856352757,0.0791257118350174,0.076322676388062,0.442030075772453,0.291279367443213,0.321467633735545
-1,-0.5,-0.2,0.25,0.7,0.3,-0.565292786081551,-0.613508565070559,-0.347915521668546,0.909995843408307,0.993756129772406,-0.256282597949125,0.09436755215839,0.0950282739761184,0.0770315807404521,0.300060477680129,0.256324044766046,0.0862027246090368,0.315360838036791,0.119626584228627,0.0996698913886633,0.902587093687109,0.457629959258099,0.573345093801205
-1,-0.5,-0.2,0.25,0.7,0.3,-1.1797507796664,-0.58514771465028,-0.156189267734048,-0.747382479130936,0.704205797848889,1.31878387266816,0.0740273734799261,0.0665838729974238,0.0643869084324912,0.144848521242944,0.157392503444434,0.122529795417232,0.0862462228383157,0.0742354001302385,0.0669893839212393,0.635678925645068,0.223078439139837,0.544464122597246
-1,-0.5,-0.2,0.25,0.7,0.3,-0.996237882961293,-0.763667489025493,-0.0393486207279717,-1.23477201305465,0.76461181961498,1.57955261580055,0.103543813961101,0.0844076602212433,0.0692604389362684,0.126000721145207,0.125699842412449,0.126337356061779,0.0944657346248727,0.0845827905756005,0.0718881915185258,0.506043923591012,0.178042797365407,0.465049438272159
-1,-0.5,-0.2,0.25,0.7,0.3,-1.15510532284076,-0.366810977713922,-0.297213252844706,-0.334214013493922,0.837780582586069,0.659828200839416,0.100365085530207,0.102053492123382,0.0867510862639182,0.183556500090523,0.176516533773983,0.119860108274824,0.127643603482163,0.104893459807748,0.0917159565858432,0.39640102854101,0.218223688690597,0.320219649594441
-1,-0.5,-0.2,0.25,0.7,0.3,-1.14154368402301,-0.518401101555183,-0.0719235057194454,-0.250165602801831,0.760321841725927,0.740366619488507,0.083234210681452,0.0806251686915867,0.0698110206925212,0.1787803802175,0.175336975591745,0.121655520748802,0.123070846881328,0.094152250505224,0.0748946098105389,0.500866324389969,0.229969842568977,0.412489428276583
-1,-0.5,-0.2,0.25,0.7,0.3,-1.12546829602963,-0.512704198928231,-0.272857869960009,-0.620299899743413,0.59664890184455,1.00673159726096,0.0804198680758105,0.0926065328516405,0.0750094187924599,0.158965326472637,0.160068911671433,0.127992505741978,0.101404685055921,0.0900387472446075,0.0775210410171683,0.577694056275278,0.24948575747787,0.463007928656651
-1,-0.5,-0.2,0.25,0.7,0.3,-0.999603410844885,-0.637140619339506,-0.168722111076762,-0.257113866648825,0.869312610161411,0.591274422337577,0.125331385385655,0.116518634536966,0.0875329324573959,0.196686782155958,0.181274940680791,0.120274695892969,0.152740026133507,0.119321676364844,0.0882911175037424,0.393467495079963,0.245590382909158,0.352068008382585
-1,-0.5,-0.2,0.25,0.7,0.3,-0.695641072230264,-0.841054663143249,-0.141445897005119,0.137511603270791,0.866662802213395,0.242493246080627,0.116874186116506,0.118431551949485,0.0870522982681357,0.21760539139596,0.205271592177082,0.116538178443387,0.242870271209643,0.129379654614204,0.086577114736051,0.866430053433833,0.473349080755051,0.58491461286479
-1,-0.5,-0.2,0.25,0.7,0.3,-0.780790320922801,-0.525570397017176,-0.219456176797706,0.533356328114778,0.598233538375101,0.276099828685802,0.0810171893492419,0.0846101590552926,0.0738027172319932,0.259658924188153,0.254428915507648,0.0958633195052857,0.218170089427164,0.127582418133944,0.0820671468444908,0.969410987880154,0.422508598443439,0.624958229768841
-1,-0.5,-0.2,0.25,0.7,0.3,-1.13480913618481,-0.496857578260035,-0.132409382710046,-0.18868641200115,0.659830983628387,0.617968768401873,0.0844442880282933,0.0746765577831042,0.0759459110638507,0.184948767566851,0.184430151764608,0.121145479041192,0.128491654649372,0.0778936771448356,0.0778584088145919,0.506083187274382,0.289614776426726,0.386643789064209
-1,-0.5,-0.2,0.25,0.7,0.3,-1.07005077851437,-0.489867419759874,-0.167098931741627,0.243398246529528,0.805018932495492,0.384738341995908,0.0825594009717284,0.0791883255533547,0.0781784726964077,0.252670664300685,0.237566554116878,0.100432976587264,0.160068265675769,0.0920257333644826,0.0817603003120381,0.754963939155676,0.434859548207692,0.450958243848247
-1,-0.5,-0.2,0.25,0.7,0.3,-1.11043250886444,-0.444628258521159,-0.143890672127061,-0.626890862334524,0.238268759704921,0.770533711323552,0.0923115625495673,0.0982957628400718,0.0877049724219984,0.139000745326469,0.140059931563678,0.144007682072337,0.160088997336337,0.101500297580329,0.104739625634569,0.715680323820005,0.173606491661646,0.706606570703863
-1,-0.5,-0.2,0.25,0.7,0.3,-0.868820256829799,-0.520700403531099,-0.29178918628574,0.305742096531695,0.722103960796571,0.18655856422546,0.0901561401787641,0.0885701110762222,0.0758846192484033,0.233623026960848,0.210147042535718,0.113965032211432,0.192189415883349,0.101716337662796,0.0846064695518209,0.645172976174358,0.308527340741971,0.473424530491914
-1,-0.5,-0.2,0.25,0.7,0.3,-0.909992475080863,-0.498309354025269,-0.184836985156147,0.687910651165697,1.02739784957364,0.106236336061467,0.0928673502455484,0.0867437412519883,0.0705692808801743,0.290990052050192,0.267713249567781,0.0946522107041213,0.18499268469989,0.0999891656195858,0.0688311252606365,0.866019018414764,0.545885462665567,0.424393244832314
-1,-0.5,-0.2,0.25,0.7,0.3,-0.968625520632548,-0.301298757568999,-0.156621775220036,0.898529952743048,0.917627841330884,0.231379109947439,0.0740026323044904,0.0746755630200455,0.0576647444944978,0.306004909543975,0.275482325817688,0.0786383250512987,0.148526875755897,0.0910652708975903,0.0613609605652001,0.724900940712487,0.455110218490226,0.326621879414233
-1,-0.5,-0.2,0.25,0.7,0.3,-1.03343833704237,-0.362016554227983,-0.203800058058753,-0.190353811655318,0.4489106942433,0.569227427177211,0.0852772308602135,0.0837688175507284,0.094764329967842,0.178457566087214,0.180538131648437,0.130014971451567,0.165187110199205,0.0953852773001854,0.0960466545140986,0.679762623645319,0.26565019779844,0.58685365680813
-1,-0.5,-0.2,0.25,0.7,0.3,-1.09768132916426,-0.344483089227939,-0.187040799446627,-0.469083942594081,0.333975270787451,0.786158240423111,0.0824722502915143,0.0832075401088883,0.0788269260516357,0.15576896362493,0.159109994484237,0.135197240280494,0.115041823275572,0.0855711255509469,0.0868644799841978,0.466167582086216,0.205270903347084,0.41229814092869
-1,-0.5,-0.2,0.25,0.7,0.3,-1.06585304727095,-0.351440416460682,-0.369865339769915,0.161762829442258,0.295509323410693,0.215033904802806,0.0875538897629143,0.0845229959661904,0.0831621743984036,0.207719214051761,0.200394939880124,0.119217212511293,0.166515436532356,0.10047786044275,0.0872391311139221,0.494977706009616,0.251687509457873,0.400456843943409
-1,-0.5,-0.2,0.25,0.7,0.3,-1.28028598261961,-0.434226571473249,0.0234217379597059,-1.19676768812071,0.497502407856976,1.22218930176329,0.0906499167332887,0.0994799809017795,0.0744580123153704,0.122416367973406,0.124606157601161,0.136689074064359,0.106696534034022,0.0996807785595432,0.0793374838615971,0.504410993704619,0.149970907130797,0.507250791285316
-1,-0.5,-0.2,0.25,0.7,0.3,-1.06702123753038,-0.606679196276932,-0.220597539164469,0.374308293316285,1.07391063132738,0.730382481795147,0.0773773833926212,0.0724502079551982,0.0585556017153194,0.252846515769856,0.220728183289252,0.0886260259365371,0.105802499011756,0.0716216330243591,0.0696138444671432,0.731819224245113,0.455919147619069,0.315621833586024
-1,-0.5,-0.2,0.25,0.7,0.3,-0.405463584533067,-0.418067831347889,-0.129248966654193,0.957312355304865,0.360466434157038,-0.779790580184452,0.106095851430325,0.109735570536002,0.101617881930658,0.26814890261314,0.261364890989007,0.107166287892605,0.617387203020364,0.125301610829572,0.106334937378182,1.02270768409115,0.414343318370162,0.91463642839364
-1,-0.5,-0.2,0.25,0.7,0.3,-0.805061136766911,-0.450414537533803,-0.301456930156999,0.542843529504261,0.363909550750407,-0.0750844433976615,0.0946189211307588,0.0943912277470046,0.0941309917262872,0.22710200844933,0.223512827788929,0.105637081497894,0.314108289298511,0.130039002306317,0.100164280204918,0.908545639311311,0.314672704568612,0.697035788925258
-1,-0.5,-0.2,0.25,0.7,0.3,-0.597994579375482,-0.435170849145464,-0.230001723756837,1.86763702159833,1.24479025014106,-0.678996620508175,0.0873902922789334,0.0887228477026416,0.0850891491274494,0.45871066605601,0.431753702131467,0.0679432924999649,0.369098400046167,0.115086657055976,0.0968430512667038,1.51123596867365,0.924437842599395,0.543764859327705
-1,-0.5,-0.2,0.25,0.7,0.3,-0.431031248383548,-0.581350035109586,-0.297397376733171,2.19125522170785,1.06116734950784,-0.753343083686374,0.0944545833769938,0.0984660192789879,0.0902547730869089,0.606989948435732,0.477225606771208,0.0640395594844382,0.491155082854736,0.13487542646272,0.12022396722774,2.09919948788767,1.21429850881353,0.684867735808574
-1,-0.5,-0.2,0.25,0.7,0.3,-0.934623294665799,-0.368159006661881,-0.233848342102487,0.908856173738369,0.82459721551878,-0.0977662213244743,0.0829895459117982,0.0837616345008142,0.0748371029678734,0.277546574815755,0.246324720094314,0.0928061838552048,0.250009867888878,0.112961739693782,0.0823017530301356,0.917113842395081,0.401979776916815,0.52357078674515
-1,-0.5,-0.2,0.25,0.7,0.3,-0.649102863979251,-0.355248081595735,-0.15796403586591,0.898827986306833,0.748168912137853,-0.291365326031148,0.0928030349784682,0.0915390495457472,0.0860911005122205,0.345235887734638,0.302620928134178,0.0904030832998334,0.352380300631638,0.111606929673123,0.0894609615569393,1.27795549509836,0.66283912619509,0.683445120755937
-1,-0.5,-0.2,0.25,0.7,0.3,-1.00898016288425,-0.662667644685458,-0.139826452301878,-0.604324877060892,0.166928130132948,0.915328720998579,0.0850302144042845,0.0791858533607093,0.0731986586946449,0.144213197749455,0.145581103201744,0.141640221980185,0.11036064842886,0.0840252574365644,0.0986363587849382,0.691627262304347,0.205506195749765,0.597431438782825
-1,-0.5,-0.2,0.25,0.7,0.3,-1.28382490540181,-0.395665070687432,-0.128986906017512,0.707603937209637,1.26207749239497,0.509256703808929,0.0697469411228982,0.0672881091282805,0.0647729433456505,0.314958795403779,0.257908016444234,0.0851075350478494,0.111031250488034,0.0774686413882542,0.0786781594122468,0.609237584384726,0.421325716754523,0.257388585935919
-1,-0.5,-0.2,0.25,0.7,0.3,-1.1493757609171,-0.510631665188285,-0.190791567142967,-0.160477980475745,0.76131554854885,0.661523975637139,0.0848147587266964,0.0867230431967697,0.081058674709942,0.190511536582988,0.179197062050096,0.113435043757602,0.120812577664513,0.0978506615855503,0.0759219789903758,0.421806968858884,0.240132615860897,0.345482851916083
-1,-0.5,-0.2,0.25,0.7,0.3,-0.783831076476586,-0.618073252229506,-0.245482533827907,0.410482930933343,0.937737755224304,0.162786926565221,0.0918851601171528,0.102551202156194,0.0728180457183227,0.236736500760426,0.210934862649142,0.103086281850887,0.191802050907714,0.111933734161527,0.0870699533274053,0.712058550940646,0.374109005515995,0.449033667178623
-1,-0.5,-0.2,0.25,0.7,0.3,-0.910569304158587,-0.386853522894541,-0.210674466304752,0.349022391563777,0.54178053107875,-0.00779070574812916,0.0966968587384616,0.0955299319503056,0.0903621425392826,0.226970057420647,0.216918792968507,0.114138404797709,0.257662684091625,0.11625957301105,0.0969289043230044,0.648514202399552,0.340433831011987,0.54722146147502
-1,-0.5,-0.2,0.25,0.7,0.3,-0.471100852270658,-0.473689961560556,0.0396237274849382,0.519691994878451,0.467158940245048,-0.651383048170411,0.119501150696769,0.118655438426025,0.128396923491532,0.234664600025174,0.212457561951837,0.1235481738877,0.547163120731297,0.134138359643267,0.127775217016276,0.808713853904542,0.314161196194498,0.863295763625547
-1,-0.5,-0.2,0.25,0.7,0.3,-1.07306844945369,-0.642369515211945,-0.309435989066621,0.256705984745742,0.681789565649205,0.49023591958303,0.0817735761435308,0.0747733174691528,0.0781286915900933,0.227085993149316,0.220145193580508,0.108422507119547,0.124330241794844,0.0862151265977425,0.0807660366211084,0.626621947199295,0.327016971291612,0.380517767261404
-1,-0.5,-0.2,0.25,0.7,0.3,-1.03322224766752,-0.710806625924489,-0.251874447433022,-0.184424782778581,0.491898218949397,0.468580773145702,0.0919747659862707,0.0978506277988496,0.0791239312057886,0.179195271363495,0.175319876686264,0.125285427800576,0.147549720704606,0.105641260110372,0.0889980460369461,0.514288275490491,0.257133554959477,0.411717024179726
-1,-0.5,-0.2,0.25,0.7,0.3,-1.0916839651112,-0.551478662457972,-0.143257999461577,-0.217861216669247,1.14682110426421,0.679784875983128,0.102138529197044,0.09793220986128,0.0934783666264091,0.204546342299127,0.201150698452044,0.110547537486979,0.141154200408558,0.108064513254597,0.0926252646681963,0.520596634928072,0.276433592923343,0.414091627907069
-1,-0.5,-0.2,0.25,0.7,0.3,-1.16382404979845,-0.450000293425748,-0.239870398067947,0.48465212506228,1.07657167113869,0.465413312947933,0.0833309702491134,0.0792585506976734,0.0639198486370399,0.27741211908393,0.233446466426095,0.0878755718451458,0.127994751478403,0.0909904688198491,0.0724691336779934,0.647374694934629,0.385735623388851,0.336708116649258
-1,-0.5,-0.2,0.25,0.7,0.3,-0.972950135155189,-0.450484105382215,-0.256398285443509,0.836052319117399,0.561488152182006,-0.0458981987810088,0.0820303668884586,0.0798529606607985,0.0819059619774066,0.267799137011753,0.254648680748907,0.0971964116393101,0.227341602833337,0.102152760348803,0.0941281760068219,0.839933732946488,0.518965539781471,0.467838734922469
-1,-0.5,-0.2,0.25,0.7,0.3,-0.964930069946929,-0.435196632904952,-0.161728844571288,-0.14131985133482,0.65151680856016,0.269291573813983,0.101852436380044,0.101759658553178,0.0880676196784846,0.187423393499453,0.18275990988032,0.126680425463426,0.203019745276631,0.108169076233712,0.10536099639228,0.576803505577373,0.233526605459146,0.520553187608969
-1,-0.5,-0.2,0.25,0.7,0.3,-0.959695454434799,-0.387525707919574,-0.0285967400780965,0.0120951124104575,0.340537995321646,0.166518223516578,0.0935349986403545,0.0888185353817824,0.0979344516271314,0.18471038518367,0.186675585054506,0.129208150057609,0.254720107727144,0.107180936700697,0.0981433811606556,0.678476407377823,0.244949148041198,0.649834738643298
-1,-0.5,-0.2,0.25,0.7,0.3,-0.885926631128722,-0.570446033588865,-0.153830636254763,0.453992967949464,1.11372351109873,0.324127927261118,0.0846648061898972,0.0814971088857699,0.082151890153914,0.266906578755156,0.236467444861218,0.0955579998967677,0.151581203243796,0.0930516011972919,0.0835231376126219,0.558332148274922,0.338914632795243,0.336614781476348
-1,-0.5,-0.2,0.25,0.7,0.3,-1.24657004109812,-0.33264158991624,-0.18608546886575,-0.633757888057671,0.433838497130133,0.931619272758918,0.0752344484420472,0.0779804250364874,0.0752717594437754,0.151078128241525,0.149764782087032,0.130998332358495,0.0940409489622328,0.0844459630902499,0.080467676136514,0.517275180890061,0.197477907967708,0.429919578541373
-1,-0.5,-0.2,0.25,0.7,0.3,-0.540833819764831,-0.631266462507933,-0.114909680451557,0.0242607927998003,0.909392854909256,0.179530312549309,0.139914055302717,0.134516395214,0.0942133553541841,0.224191618579415,0.211556073632824,0.114727790709753,0.2313071673293,0.130609322334734,0.102575025512787,0.632047604874104,0.33846989200507,0.505966175903563
-1,-0.5,-0.2,0.25,0.7,0.3,-1.03106582927914,-0.534262643976519,-0.247309709725428,0.651268317465538,1.02551693428065,0.369360637446602,0.0795664434272109,0.083441292133554,0.0658655456438419,0.276451453404483,0.22989144296822,0.0883974138168791,0.137327056294988,0.094453371789195,0.068604179553375,0.717338475011391,0.39373455901156,0.350633922655457
-1,-0.5,-0.2,0.25,0.7,0.3,-1.18204121620417,-0.541619583323381,0.0148084542284685,-0.745002938056352,0.252444478763195,1.2787816121483,0.0781767054668134,0.0782422968181308,0.0703899257276589,0.138314237110841,0.144855195559664,0.131872689654815,0.0835581051250355,0.0748189974296133,0.0672698433017188,0.532024717414582,0.211878212277613,0.464544348300548
-1,-0.5,-0.2,0.25,0.7,0.3,-1.02572131085505,-0.597701176083525,-0.158257027589373,0.49349661378525,0.854460419742862,0.301853171090144,0.0845913808172852,0.0819032939578762,0.0801050476579445,0.254552700453863,0.234911861008308,0.0943590606558035,0.185365993264697,0.0880543598703994,0.0873365706004228,0.944495932827974,0.617715036075978,0.479460872630723
-1,-0.5,-0.2,0.25,0.7,0.3,-0.498493141627943,-0.603408357328261,-0.186249956070026,1.04938615284721,1.3240222307684,-0.401294112922536,0.116945169101083,0.112908685948793,0.103574322756294,0.35900794248272,0.325837908480536,0.0725510025970124,0.343944202992506,0.140474159713656,0.129368255688226,0.966216904885574,0.675810617312942,0.563975904780555
-1,-0.5,-0.2,0.25,0.7,0.3,-1.08556307875684,-0.424539223759624,-0.107991750422304,1.10508367428091,1.29885851593626,0.155503045172625,0.0742641961698053,0.0768186183513498,0.0606414082740083,0.361793082833017,0.329936520279506,0.0645171800967741,0.153258055080032,0.0889883776003416,0.0787741785873825,0.773688023042012,0.62400393705299,0.282845290135747
-1,-0.5,-0.2,0.25,0.7,0.3,-1.15938710297892,-0.580601846620374,-0.366774459071689,-0.710059177632525,0.543635921602586,1.21673330625491,0.0738447380849979,0.0743892933949721,0.0521541066579946,0.149923875117982,0.157762763998683,0.126887556076887,0.0813239559149839,0.075165463501518,0.0539781145226178,0.434990168684295,0.193887489764602,0.354594553040589
-1,-0.5,-0.2,0.25,0.7,0.3,-1.14945037944562,-0.493610938124618,-0.117087724548556,0.274044257707822,0.340820315881971,0.414625876253015,0.0758081210593738,0.0742083108986376,0.0679922900976517,0.218253077926203,0.220577173049306,0.112654342076673,0.159655574516542,0.0850963777083512,0.0700840437003668,0.799190686322966,0.314592279816241,0.518868871903468
-1,-0.5,-0.2,0.25,0.7,0.3,-0.59561882895397,-0.474202987146509,-0.225638920062507,1.88004020670875,0.397326937965656,-0.510833509361764,0.080083779256266,0.0766393024584958,0.0797278888210842,0.451080048496079,0.427976919761453,0.0683065026380703,0.39110053097638,0.0977860738811643,0.0885527762390977,1.54909266676169,0.79860851785095,0.600847011042396
-1,-0.5,-0.2,0.25,0.7,0.3,-1.08802496734765,-0.475208564463277,-0.124992000443077,-0.437003540426167,0.493174283758447,0.858681895112044,0.0797878982126378,0.0758217690357919,0.0795861913081691,0.161144026802331,0.160714780087614,0.132067507761326,0.126525025246103,0.0810021076222086,0.0841817381540751,0.605406794209595,0.240285490710549,0.538631594289735
-1,-0.5,-0.2,0.25,0.7,0.3,-1.21067050151539,-0.589580288707334,-0.292953623967882,-0.883285763720431,0.358939649416054,1.10484690224005,0.0802979889810873,0.084202079590749,0.0741110985106906,0.130068991512312,0.132418479244453,0.136263969846404,0.097786530874582,0.0860343867124038,0.0812460789927141,0.405326798683603,0.173664802339156,0.380683008169711
-1,-0.5,-0.2,0.25,0.7,0.3,-1.10247904508829,-0.490028272805673,-0.2236658124214,0.162204529142131,0.483010968915637,0.36436147804669,0.0859295656078773,0.0831175983167743,0.0732489106680031,0.199237884280154,0.189807247249412,0.115111209407636,0.146902426485167,0.0917080610732314,0.0766163668767915,0.443086076200743,0.310422539567551,0.346235338743086
-1,-0.5,-0.2,0.25,0.7,0.3,-1.06287376611295,-0.479659947309169,-0.109370765997479,0.362704653182388,0.306052876800615,0.495362721138188,0.071531199147842,0.0727448514425537,0.0650289051028227,0.222855423645451,0.225653273147988,0.105320091988009,0.127631555201356,0.0782100218172325,0.0691808769312436,0.448789651179507,0.272236832194962,0.314376355441012
-1,-0.5,-0.2,0.25,0.7,0.3,-0.946411219683838,-0.375557729155869,-0.184896950464675,0.460902590352532,0.630150042511306,0.309027411607657,0.0787865258914912,0.0771923549823679,0.0711113204211622,0.234095819886446,0.219319359432987,0.10084025525407,0.16031293252294,0.0956174568044868,0.0744533769220158,0.648524786541971,0.363684318039357,0.405024087887738
-1,-0.5,-0.2,0.25,0.7,0.3,-1.27392972686794,-0.274083711186147,-0.151919789082822,-0.801846562476741,0.454434064331669,1.04323627207389,0.0766218891817179,0.0797201999176418,0.071965569069038,0.139317954629397,0.141227544628109,0.130256719405618,0.0902740960305741,0.0829339249876874,0.0763381565522105,0.398236395837294,0.174312919858418,0.348032787263628
-1,-0.5,-0.2,0.25,0.7,0.3,-0.767225379248446,-0.355985346034591,-0.239532795887247,1.40332297926006,0.64694198621617,-0.337524636578445,0.0827305414852226,0.0871958075747873,0.0812568848634387,0.390945538567833,0.35121107701131,0.0729295497346587,0.291047544524057,0.105980988336511,0.0791269731803686,0.858098645762553,0.512210356132462,0.473526990840031
-1,-0.5,-0.2,0.25,0.7,0.3,-0.744603486876338,-0.390820132388848,-0.221678942477426,0.544110695952913,0.946597111958762,0.0270787898081167,0.109112233364447,0.105423120779242,0.08686364595151,0.286668486859617,0.244616230516158,0.0944631459036719,0.235752302326715,0.122760358460315,0.0807404696760939,0.621714226870524,0.370042848345045,0.443659900498017
-1,-0.5,-0.2,0.25,0.7,0.3,-1.14844401674998,-0.499200890343474,-0.194316411671414,0.90219373541642,1.1446916692239,0.254551517038917,0.0753818267258266,0.0743253870009727,0.0637236868189002,0.328707899815825,0.308104792276738,0.074528921866478,0.147373700415107,0.0815270879219354,0.0692898937140847,0.631941021388431,0.49842524503795,0.293387070777844
-1,-0.5,-0.2,0.25,0.7,0.3,-1.19476617222209,-0.533302546316973,-0.235433932576752,-0.233325716025881,0.628942385582343,0.54767153671685,0.0841948368812337,0.0853240356246487,0.0719684980655699,0.173959265553732,0.168807105393345,0.120919447330091,0.125961887426065,0.0858368246054498,0.0767113276577942,0.429557525353597,0.247783546591626,0.339180297920411
-1,-0.5,-0.2,0.25,0.7,0.3,-0.869946894502412,-0.372177543486919,-0.125375553958146,0.821689146989887,0.555452610930077,0.155023561938977,0.0753045384217113,0.0694799204234104,0.0772135696791566,0.297957661143177,0.275892559174914,0.093255510064534,0.190482588895218,0.0836886618212797,0.0791815766750048,0.767245299910332,0.457752461082277,0.421735434416224
-1,-0.5,-0.2,0.25,0.7,0.3,-1.36067266644754,-0.346620805340252,-0.20497226219115,-0.568806085874658,0.346633856340883,1.21023495432786,0.0637778614883211,0.0620778051415547,0.0600748707954237,0.151121134990553,0.15531128498461,0.127867620994334,0.0758221408153503,0.0625064918224628,0.0629570297815389,0.413272094503107,0.193407081072354,0.335335234072503
-1,-0.5,-0.2,0.25,0.7,0.3,-0.995856980482295,-0.57267270984136,-0.0280899433302788,-0.600947002068187,0.427740105109368,1.05894579341303,0.0798835185644965,0.0920017137917932,0.0680943567141114,0.151469413312327,0.149191115278575,0.135408859731578,0.100478535274712,0.0887725099210234,0.0737833857587925,0.484417341720382,0.217340439820796,0.419613602453975
-1,-0.5,-0.2,0.25,0.7,0.3,-1.05826376777366,-0.563554798225371,-0.228339272251606,0.54675920598042,1.13555603165972,0.452249055943744,0.0803749351989132,0.0828599028685925,0.067248717509687,0.284007477493545,0.255140738450268,0.0770511872195762,0.127921811161767,0.0929126818024646,0.0748333377847367,0.839594785965036,0.52026450585044,0.345495212825446
-1,-0.5,-0.2,0.25,0.7,0.3,-0.874526831602736,-0.704571459919147,-0.159828067252309,0.735696629395742,0.603624072642107,-0.0432128918539988,0.0852229819643937,0.0849203645931991,0.0821748640681197,0.262775037009689,0.24142277183805,0.10311598292648,0.200187141296272,0.0871314488985804,0.0811311358856738,0.758889452959809,0.468573435701596,0.403548445620096
-1,-0.5,-0.2,0.25,0.7,0.3,-1.103812580647,-0.608108023016939,-0.171093269018217,-0.281968957614305,0.604436141048006,0.813298081225269,0.0846334120668444,0.0904992296359444,0.075195215344634,0.185252548532815,0.182992689394357,0.125359442742583,0.126127378489252,0.116398537996742,0.089137184856406,0.678069153031228,0.238330569985177,0.554330267854644
-1,-0.5,-0.2,0.25,0.7,0.3,-1.14406370323582,-0.423884236842563,-0.276829603231445,0.314080550955781,0.336169299930725,0.428726189136478,0.0774288442101132,0.0756999204876041,0.0779184418955839,0.230910724610271,0.225484650319518,0.109029070525998,0.138440258820951,0.0801854566891446,0.0800210569330976,0.565096411429916,0.298536622834934,0.375054115859288
-1,-0.5,-0.2,0.25,0.7,0.3,-0.954648963705183,-0.42212589686031,-0.316927863052097,-0.12739543494,0.423164837887123,0.4070904739592,0.0951695684249774,0.0875332248302137,0.0921953716492777,0.181787296620753,0.184387524144926,0.133094277394442,0.162584368643058,0.0944802211954844,0.0968325898025637,0.441669364466068,0.242075519534082,0.394113501776613
-1,-0.5,-0.2,0.25,0.7,0.3,-0.996717539497233,-0.531740007535472,-0.0953943817251762,-0.310018683552972,0.247030364297117,0.732054781474223,0.0811687863081518,0.0818699805759995,0.0783428835769839,0.162613848902806,0.161868954069042,0.13238076444049,0.119656669097438,0.0852727739130887,0.0800726011544384,0.420142255983793,0.232377241765007,0.367176635347766
-1,-0.5,-0.2,0.25,0.7,0.3,-0.829648752677671,-0.550617719937992,-0.221702498802698,0.117858482822084,0.630777702986509,0.152504027200302,0.0964154831676629,0.0938604211142471,0.0875376277960708,0.203771113557461,0.190024611067779,0.115635929387783,0.21006447938401,0.105982623740563,0.0862152598890547,0.513060075509827,0.27140194741817,0.466632939706649
-1,-0.5,-0.2,0.25,0.7,0.3,-0.935242206776453,-0.572211748398687,-0.30120290149028,0.464069631062366,0.986691941844553,0.262360120341511,0.0882568973549326,0.0905003615206264,0.0733526596813166,0.258342666937527,0.23360524045587,0.0927934726570003,0.174108299492374,0.103170733571446,0.0881117277178604,0.561704490725651,0.38066310792194,0.361539870793594
-1,-0.5,-0.2,0.25,0.7,0.3,-1.20876443864776,-0.492594917081131,-0.230379301074333,-0.690966269685472,0.693388138797183,0.989881034415621,0.086249644554373,0.086747716374858,0.0757126258076166,0.159786496668325,0.158356884781393,0.137662923137748,0.103316828931616,0.0940727307199337,0.0738242154109508,0.511998824162725,0.19938856438196,0.444564421672081
-1,-0.5,-0.2,0.25,0.7,0.3,-1.11665784093942,-0.355499990783108,-0.054588358413398,0.609053826575657,0.684140108222598,0.117982983001911,0.0791199594611776,0.08173005854524,0.0737654888725615,0.258804451022434,0.234996543561915,0.0985213884310811,0.167339831668158,0.0892106235711125,0.0807407012762741,0.674549856909895,0.343030454904525,0.384953804563648
-1,-0.5,-0.2,0.25,0.7,0.3,-1.05387838729975,-0.461616322169779,-0.0447771267591899,-0.0182310694210121,0.551368814016896,0.538535626565311,0.0838984003476344,0.087483047355735,0.0769957398640931,0.197381713426282,0.20286846807885,0.116346598275713,0.158764397904939,0.0961699014128313,0.0867635848652413,0.64340292357123,0.351811724353314,0.48457196935439
-1,-0.5,-0.2,0.25,0.7,0.3,-0.935065753185615,-0.336670020580671,-0.143133237221846,0.824807454645512,0.743790269816046,-0.056991817313776,0.0841659953833973,0.0786060705953369,0.0838073756014041,0.285986087061382,0.246932172659004,0.0936803643350645,0.227250528215484,0.08875817870609,0.0823868559796812,0.857733027275138,0.431026207051629,0.472291462419841
-1,-0.5,-0.2,0.25,0.7,0.3,-1.14999410816102,-0.479987312375877,-0.317482210271423,-0.794878290886268,0.438924717065342,1.0441645217151,0.0886603816817461,0.0790211055554309,0.0836870961221509,0.142068582321645,0.143833205740756,0.139533382265901,0.103490416021874,0.0809808895468384,0.0920241355860735,0.607372800262111,0.215485598632179,0.532018192088977
-1,-0.5,-0.2,0.25,0.7,0.3,-0.519917976675822,-0.618931543310503,-0.214624379292235,0.760256816221544,0.79943337809306,-0.563616722174957,0.121025168251927,0.127405217729478,0.105225987762021,0.267210950622295,0.247937504984205,0.104974993735256,0.522931959676375,0.136771867798401,0.10369817199702,0.94454257158363,0.526902995225474,0.786562397387476
-1,-0.5,-0.2,0.25,0.7,0.3,-0.983622897410636,-0.384055960200767,-0.425484201979836,1.34727339025902,1.19180064120419,0.132124042392248,0.0719425188036628,0.0691349639906236,0.061795982718576,0.415158103797278,0.377169660150458,0.0559899985987964,0.164862607928751,0.0787541699861968,0.0688969965714626,0.893784641294362,0.736066346281373,0.298206076296586
-1,-0.5,-0.2,0.25,0.7,0.3,-1.14407934830432,-0.438282120364704,-0.133404068764562,-0.374249792702272,0.517039656873176,0.639720142004285,0.0946974808137817,0.0925910523435143,0.0915805305941868,0.169895913435223,0.168577403215203,0.134810035421411,0.170882191896722,0.0987727815246542,0.0994666766316515,0.943761216969885,0.297422912737121,0.780430663147397
-1,-0.5,-0.2,0.25,0.7,0.3,-1.08207571455247,-0.495183174752728,-0.274602437396606,-0.164114743535938,0.63573981257057,0.669730032146742,0.0755484936261026,0.0727052912683801,0.0685531598941784,0.180869173259131,0.168380181347159,0.12284973769774,0.118312908266239,0.0825045675772999,0.07261431995961,0.513708620265373,0.22443322614301,0.389507061292339
-1,-0.5,-0.2,0.25,0.7,0.3,-1.14383391123923,-0.485955477094822,-0.0728960377320347,-0.0723411411998873,0.655531462673045,0.503743333150895,0.0813262455610268,0.0778369982218812,0.0845185644461944,0.191975614390716,0.185683749383476,0.116797128860269,0.134684784972968,0.0819743310935738,0.0808522523273829,0.512950199744224,0.301266554144843,0.37650478525099
-1,-0.5,-0.2,0.25,0.7,0.3,-1.1054721025956,-0.616492254424921,-0.104564966673722,-0.54391459100996,0.784544213548688,0.80297177683881,0.0971651932902475,0.0919360236005295,0.0717647086179848,0.1582283268318,0.16033428408315,0.128424400604746,0.117735059978259,0.101404631916722,0.0785007657831516,0.475345674811839,0.233846361533877,0.398469806725678
-1,-0.5,-0.2,0.25,0.7,0.3,-1.17056304072634,-0.337699356836297,-0.272354950962509,0.548439929413714,0.570223866161407,0.543683526083451,0.0636404463010316,0.0645959498093167,0.0644093755455935,0.272200871241825,0.245115317228968,0.0937869973578436,0.114980413744293,0.0716032998726835,0.0696755739413728,0.60631891771829,0.413341293082214,0.310942971072965
-1,-0.5,-0.2,0.25,0.7,0.3,-1.17794214952088,-0.403235217871626,-0.236749912985792,-0.24179016129512,0.353547204868549,0.604377906407806,0.0904897300812397,0.0878823648647538,0.0859228025854609,0.175459693513177,0.179723472339523,0.132079565706144,0.125928035012554,0.0907141129681108,0.0892327303693904,0.489715041553415,0.263043381734769,0.391546643739127
-1,-0.5,-0.2,0.25,0.7,0.3,-1.00741601934697,-0.418599518865886,-0.237041417232636,-0.160431631398774,0.769824999345826,0.409079372131101,0.102540146116653,0.104453696068464,0.0758308939667059,0.184535089830057,0.173164214124771,0.122554578940354,0.171205792416512,0.122388288651581,0.0916983953553774,0.649016122156454,0.275220366976037,0.516804447659063
-1,-0.5,-0.2,0.25,0.7,0.3,-1.07435272459364,-0.524387754276957,-0.232282278221755,0.508791040775509,0.948460187224947,0.480012225110919,0.0757030329972863,0.0805478150298054,0.0710997299508401,0.270457326579244,0.227566988949517,0.0885229638214202,0.121052706994241,0.0877316580597966,0.0799031601589563,0.578437625278705,0.371949033015353,0.306454815615696
-1,-0.5,-0.2,0.25,0.7,0.3,-0.845739365008028,-0.43875238745429,-0.238338798787094,1.37501897719506,1.44730884174335,-0.0957609395361136,0.0858979041579638,0.0857249114289857,0.0686598820540436,0.441781858007096,0.36732889435652,0.0613354965865084,0.224800713091558,0.111104589716124,0.0831111779553756,0.817678925881171,0.539567971198611,0.392889554503471
-1,-0.5,-0.2,0.25,0.7,0.3,-0.78882750081028,-0.595799942397422,-0.05484779347775,0.642234014008981,0.682392591298579,5.97775236538794e-05,0.0915194249053846,0.0945749858400042,0.0878519320526705,0.253633726827663,0.222013304052776,0.102152847625527,0.223529677894657,0.103543528611952,0.0889178283230607,0.727296192498842,0.390936106056118,0.449472461370161
-1,-0.5,-0.2,0.25,0.7,0.3,-1.1025503229013,-0.623979589772073,-0.213587982213438,0.454329784557381,0.556108319794349,0.515636139315119,0.0744413326915759,0.0702884614291922,0.0646694345275577,0.238567327740291,0.225829158654462,0.105165464701899,0.114626996432843,0.0740862138831803,0.066307669287604,0.536668627185737,0.324358976117917,0.307449764210282
-1,-0.5,-0.2,0.25,0.7,0.3,-0.85519385524557,-0.537171916787053,-0.197595933951565,0.170901103357865,0.964277123510361,0.354347844226166,0.0945279993726072,0.0973273916306386,0.0757776792615804,0.226888342399499,0.190405504854061,0.110640647352819,0.152458797416597,0.0998061440377869,0.0793712611005557,0.606120418771233,0.326633497992771,0.376541508816032
-1,-0.5,-0.2,0.25,0.7,0.3,-0.637903579322415,-0.490975822390066,-0.214208633619065,1.04336136845397,1.0874549169833,-0.402283623116017,0.106422868207037,0.0955085613195867,0.0930206429834802,0.349886229798285,0.328051258043039,0.0907071078769098,0.334132063542886,0.114091966405082,0.0940287685359341,0.893522187850058,0.601157519867834,0.524567357145858
-1,-0.5,-0.2,0.25,0.7,0.3,-1.17345120404062,-0.571585476742912,-0.281474305513478,0.083654827239183,0.484598013992457,0.389220386663266,0.0847539928573309,0.0824976526582004,0.0749994627568639,0.204745417473918,0.203972433902041,0.113637150091955,0.170783368075194,0.0880168100219964,0.0934620438276703,0.869008738502755,0.419895271509514,0.572640110409242
-1,-0.5,-0.2,0.25,0.7,0.3,-0.760696068803829,-0.474067281357605,-0.201793028614047,0.986519586017132,1.11774397590845,-0.269505642560854,0.102724883485775,0.105780032370014,0.0826627603520637,0.319098695717976,0.266787225791152,0.0903159077780503,0.256803482812277,0.109646293193902,0.0788971650273849,0.917581188080071,0.668843451630136,0.397523041811135
-1,-0.5,-0.2,0.25,0.7,0.3,-0.768814881316508,-0.533217735226912,-0.211042253359544,0.246662619683909,0.900664718316685,0.0939805424924375,0.110575854638336,0.103838258725095,0.0940439242244103,0.242532491062656,0.220917938545178,0.104091807601509,0.23512222047842,0.122476139634264,0.111966699538482,0.815222651210107,0.378270345485665,0.580072139043571
-1,-0.5,-0.2,0.25,0.7,0.3,-0.665057306777127,-0.440713328897507,-0.149589635757375,0.665279145573719,0.899907693003107,-0.0795815669020069,0.0979879164045795,0.105772701302641,0.100109657680982,0.275796054506865,0.246509461469823,0.0956549499492928,0.307770390311571,0.120412684623963,0.102949699314351,1.12262750280955,0.560788843644544,0.66420496646036
-1,-0.5,-0.2,0.25,0.7,0.3,-1.20801928938764,-0.521238235899849,-0.0774512036546921,-0.207205161225753,0.297224339717844,0.857586706275146,0.0658141402192512,0.0598772767301461,0.0684564146584787,0.162065751120271,0.160200914529434,0.118326877433373,0.0926024378394532,0.061870149108523,0.0650529811526838,0.426493330219315,0.211718061939153,0.328400162315299
-1,-0.5,-0.2,0.25,0.7,0.3,-0.988081372628771,-0.475816473251014,-0.214770796756986,0.334374453156705,0.766283910433442,0.366864909454862,0.080947428302637,0.0784035380713337,0.0667738302362393,0.232608632491192,0.215428273324423,0.100752192626801,0.153657028495454,0.0845331171273982,0.0712425944132005,0.545948407989745,0.296225510905251,0.367693294009403
-1,-0.5,-0.2,0.25,0.7,0.3,-0.783929884209702,-0.572291577265699,-0.0629058004542435,0.620102355331858,0.477465870580568,-0.111763360086014,0.0898870990056138,0.0864704611164984,0.0916866299325767,0.249070360053368,0.247704016490854,0.104076205982471,0.281957508269611,0.0996917417390924,0.10879599711007,0.828176012937904,0.426612253992148,0.576244835745805
-1,-0.5,-0.2,0.25,0.7,0.3,-0.568747252058065,-0.44616699852412,-0.185674718129954,1.74035921567457,1.5648308887617,-0.540834561198388,0.0885774586062916,0.0946521546408595,0.0782622857946235,0.474546043931644,0.382677765355806,0.0567368931551675,0.296752035574373,0.116419486436945,0.0936883454905056,0.943901798033066,0.671595567116058,0.407415046212111
-1,-0.5,-0.2,0.25,0.7,0.3,-1.00968574998462,-0.43005694594284,-0.323559130782701,0.409430917013945,0.718720523813713,0.226008394751077,0.0841619399982056,0.0841884801680207,0.0973816594164992,0.243254551617774,0.236975440778162,0.0970343694553607,0.183819657079664,0.0978260761435289,0.104433213378226,0.638358846143996,0.314255405427865,0.45401711061243
-1,-0.5,-0.2,0.25,0.7,0.3,-1.25884112835829,-0.608040198842699,-0.201397234042817,-1.07719170687601,0.637015432366659,1.48525524707248,0.0816238773172318,0.0892156049806054,0.0746918284594458,0.132384942576597,0.146830801192983,0.126865302296358,0.0832662089541828,0.0898723342746382,0.0665193336210625,0.498543312199604,0.203930931498071,0.439726146827351
-1,-0.5,-0.2,0.25,0.7,0.3,-1.0702009085836,-0.52564778761201,-0.189722919535596,-0.546205247382454,0.526587342689044,0.97278895193116,0.0810019969715872,0.0758209386671992,0.0738945134305268,0.152127765319979,0.158435222875149,0.130310339867241,0.0977865782560688,0.0826179495250765,0.0726171358991321,0.4197272346092,0.197401013016671,0.360418049870607
-1,-0.5,-0.2,0.25,0.7,0.3,-0.948062832733054,-0.50762167168605,-0.353086402133618,-0.0505684267672711,0.662471544146886,0.601770361893117,0.0857929980626515,0.078068180547823,0.0866414065680727,0.190004302648371,0.185095625106996,0.117300019958158,0.139509369263921,0.0813967550417057,0.0862283774170233,0.586698817443702,0.326244064533539,0.413012396916322
-1,-0.5,-0.2,0.25,0.7,0.3,-1.14050366282978,-0.323013186727448,-0.182906048066334,-0.785130569172809,0.193121520492,1.00715945585092,0.0816551990554922,0.0738146149973703,0.0731161221844353,0.132259068813738,0.135113931970347,0.138811483188473,0.110706775112239,0.0788544177923623,0.0771356523673549,0.637481936405771,0.178827856769487,0.607406105237867
-1,-0.5,-0.2,0.25,0.7,0.3,-0.596048821001229,-0.392709859886601,-0.286363350438702,1.87643189549259,1.2000949421374,-0.654073006218585,0.08647314727415,0.0894582750429636,0.0762002324316013,0.474915253429921,0.368533754042317,0.0795296035892912,0.380105294671117,0.121266108653307,0.0810925632678886,1.06149636458802,0.597284152431627,0.528751402554477
-1,-0.5,-0.2,0.25,0.7,0.3,-1.13662206768678,-0.381990471305769,-0.264698220415577,0.715041605607036,0.994729398758252,0.159309359323918,0.0749255951364723,0.0761949105473707,0.0654013526512309,0.285918617386534,0.256388740957708,0.0832555054666189,0.16711755543764,0.0909974511245988,0.0771222450534659,0.750861176704758,0.48527821796239,0.363348190430125
-1,-0.5,-0.2,0.25,0.7,0.3,-1.21357986858982,-0.528225316819507,-0.199792718365716,0.442399645255349,1.00233973781031,0.668171819498762,0.0658968803359666,0.0614448995437248,0.056167301398251,0.245602015808919,0.236068819003126,0.0950466861001894,0.0980538001568354,0.0695895791181937,0.0606287483341948,0.489141208343462,0.401716217280427,0.241229063495152
-1,-0.5,-0.2,0.25,0.7,0.3,-1.14490585080286,-0.247302549933355,-0.306615394702829,0.59923890079434,0.915013273523622,0.0753578948411979,0.0822392499566352,0.0821119799042545,0.0786106298099965,0.271893893417983,0.268816062691025,0.08808972823836,0.196346869951553,0.104866151912296,0.0958889622846558,0.802108923834765,0.439117446099091,0.465198680791556
-1,-0.5,-0.2,0.25,0.7,0.3,-1.13403540799958,-0.460118188417853,-0.145569558356234,0.665792497188525,0.98130790610641,0.28823701638966,0.0773281535587101,0.0760003946340515,0.0701385207637649,0.288960028220809,0.264700980351629,0.0811214801698135,0.143991261418598,0.0961200880808806,0.0809066113053124,0.670887192235185,0.400948607383444,0.348858217724418
-1,-0.5,-0.2,0.25,0.7,0.3,-0.928112990717755,-0.571299728775074,-0.33415845439457,0.247149204289737,0.907448015661026,0.542456138295472,0.0938364553779024,0.0992174986813438,0.0763498597853738,0.245154956830431,0.226403039605613,0.0975973232236061,0.143572845135582,0.104262915247501,0.0850142644525783,0.540680326724065,0.332343998155813,0.360359426966328
-1,-0.5,-0.2,0.25,0.7,0.3,-0.736194150267644,-0.490345156611109,-0.255289163068156,1.52556250281304,1.11954281463981,-0.229498323569894,0.0829781150579131,0.0847970248911732,0.0671042412701727,0.422297635452661,0.361522045564847,0.0645310130296814,0.242442009520291,0.1047674845841,0.0717126757858634,0.954506231553966,0.613020662302198,0.400397072857887
-1,-0.5,-0.2,0.25,0.7,0.3,-0.707611307310723,-0.706771310164638,-0.174485613418826,1.44499738229246,2.02038384100704,-0.0335867152278865,0.10021788714719,0.101050900417386,0.0626050408790265,0.480006419364568,0.383862596242832,0.0493416763224748,0.188892449198776,0.10792865702815,0.0934242555718494,0.808638633324505,0.647003988132608,0.282142535841178
-1,-0.5,-0.2,0.25,0.7,0.3,-1.11885819382429,-0.468632061949892,-0.0439841305719239,-0.0692748092578782,0.200909195703782,0.622471180249516,0.0823290561545308,0.0792740441623758,0.0787324920813943,0.192860891447538,0.193753629935145,0.132589365740831,0.138732082185832,0.0847785457908421,0.0812764735933681,0.456134669450358,0.238411521429929,0.393870863494933
-1,-0.5,-0.2,0.25,0.7,0.3,-0.892053055256831,-0.567646920174729,-0.151425678119907,0.427246121950454,0.852307474328336,0.199229152978707,0.0835945371742478,0.0736134930328236,0.0701379852439747,0.243589976761005,0.248455955074136,0.105595037106751,0.168018752899204,0.084341445005259,0.0756227940936639,0.582673172343797,0.370926812955724,0.381963758138808
-1,-0.5,-0.2,0.25,0.7,0.3,-1.03035650390054,-0.603106617052984,-0.0010762566970273,-0.160192606789025,0.658673741329329,0.509299378367337,0.082099151222388,0.0864786954401223,0.0754919137850939,0.186725214070452,0.185231441959517,0.121376474689171,0.141782985902249,0.0977889721229064,0.0764705008819746,0.555181937425847,0.274833188678499,0.40930635418294
-1,-0.5,-0.2,0.25,0.7,0.3,-1.11494392543367,-0.293669281005465,-0.396638836080296,0.339117656410952,0.66525405959298,0.485270731977082,0.0705210178138996,0.0752427728208951,0.071114395258016,0.245885983653693,0.231872245655723,0.100796629355189,0.12865952880821,0.0874886153281434,0.0766586184951474,0.61468954829922,0.373488218159527,0.358375803136517
-1,-0.5,-0.2,0.25,0.7,0.3,-0.698752519553391,-0.339552936697105,-0.146049607051964,0.332289572832543,0.168100973580783,-0.124672482460129,0.0988989070604703,0.100395769718048,0.0962286700889185,0.212623828045461,0.221170957170952,0.120177890562619,0.324846537229132,0.125326402144807,0.101661118659199,0.703366703303809,0.331015046774748,0.644314243332028
-1,-0.5,-0.2,0.25,0.7,0.3,-1.19716017179471,-0.462987070664901,-0.08595549267765,-2.24914169987791,0.23681659465966,2.60034554380932,0.0560198231258895,0.051440840109937,0.0360749342247444,0.0956169601020444,0.0943379001369292,0.0939756303766667,0.0661959631973076,0.0625029994776124,0.0479177761493828,0.904120617469709,0.120720792772312,0.854341341675846
-1,-0.5,-0.2,0.25,0.7,0.3,-1.20093860258155,-0.469074117559806,-0.261251754941493,0.0016151405896368,0.612883344549309,0.621525838176021,0.0744585168180256,0.0762105596914292,0.0677782068021124,0.183341548202818,0.181524557076652,0.113271976478976,0.134892880475426,0.0876237526359099,0.0838063957553841,0.543071690515722,0.256707233531661,0.418043807887065
-1,-0.5,-0.2,0.25,0.7,0.3,-0.947242355357649,-0.370279768304245,-0.278532579373928,0.910280856769418,1.34834529706624,0.00314367519353132,0.0852315904312105,0.0821478114179817,0.0749753617842362,0.340916623017637,0.30971239998327,0.0716535404697857,0.213861312647535,0.0980943997124072,0.0868215852837971,0.738488353493451,0.482425497534268,0.410537473296761
-1,-0.5,-0.2,0.25,0.7,0.3,-0.990044757072882,-0.310068196943759,-0.324062580059654,-0.345517490835688,0.355328968556008,0.500670449264753,0.0930119329432913,0.114169841612942,0.0831354224758965,0.165300912142848,0.174288782769345,0.131922130613088,0.140977762632979,0.108598741198181,0.0894877112762253,0.365780469498081,0.202621559215117,0.344818086932257
-1,-0.5,-0.2,0.25,0.7,0.3,-1.1348932371405,-0.455063425029805,-0.265228346777966,-0.571587779399481,0.358145129630216,0.941751993026057,0.0728762069738315,0.0734112082249314,0.0773974712195557,0.144654236877855,0.143622619708897,0.134321931401511,0.119034104129613,0.0815358054319289,0.0814981606864215,0.644507487863923,0.193655297464074,0.575471739395187
-1,-0.5,-0.2,0.25,0.7,0.3,-0.22588534990846,-0.545287524978634,-0.30676511987933,1.71622365450768,1.36045594674819,-0.960228631908479,0.111841416536417,0.113393821044007,0.103185936312237,0.435901431208081,0.353937935135714,0.085421690692875,0.549737159392137,0.166286348721712,0.113891050660656,1.38388486858251,0.821464310039254,0.734928704490347
-1,-0.5,-0.2,0.25,0.7,0.3,-1.19014828334283,-0.4532956430532,-0.257702533868956,0.0330174328034987,0.267869754349152,0.540474671515207,0.0763810367198001,0.0777580724997787,0.0677988324835024,0.188744536663671,0.184155438932812,0.118045954221913,0.149584538522402,0.0917175473813798,0.0758236090351984,0.687705177305313,0.263897432604661,0.523458506010852
-1,-0.5,-0.2,0.25,0.7,0.3,-0.94851164353546,-0.624596787812087,-0.200465835454046,0.199910563782379,0.895750198620231,0.616255912529793,0.0913979069542306,0.0889692943176408,0.0710473155146724,0.251474633292529,0.230172889537318,0.103903899305417,0.134710430957367,0.0904666340186403,0.0702767729764793,0.559002802833997,0.339693772775857,0.352133864229478
-1,-0.5,-0.2,0.25,0.7,0.3,-1.05824780505229,-0.62671787508179,-0.245649470407264,-0.906912779746948,0.444185181643961,1.12968556060269,0.0800284370128956,0.0774300246577724,0.0688539290016681,0.135090374422717,0.141870999722073,0.134308204617533,0.092119406955677,0.080423731706795,0.0723667341765178,0.497970872773003,0.18395152246514,0.444514186457158
-1,-0.5,-0.2,0.25,0.7,0.3,-1.09744797062401,-0.640036641785163,-0.352512194635963,0.188213802151211,0.909403808891343,0.443866616390897,0.0857026538890249,0.086984155678986,0.0793041935106369,0.23309995769784,0.206891089327916,0.102557560780489,0.138099111605309,0.0984379778535274,0.083574479189314,0.498192114689158,0.291571082762626,0.336525595439488
-1,-0.5,-0.2,0.25,0.7,0.3,-1.13760836231354,-0.420825745493513,-0.191895733785371,0.181649917191521,0.77713837141197,0.258452620846184,0.0872512001757577,0.0797385588339448,0.0748910052528631,0.225063922165043,0.20773555372828,0.11255137671363,0.160513148304216,0.0898176078756451,0.0781109530878808,0.542139414135493,0.312522006990317,0.381482742354902
-1,-0.5,-0.2,0.25,0.7,0.3,-1.18626473833226,-0.531607921742353,-0.172182927309785,-0.225702640628333,0.519360373419425,0.800701118903981,0.0738091389394683,0.073610875170334,0.0678039495341164,0.184306467526814,0.187576070039607,0.120784420583094,0.102232098165894,0.0803150271533911,0.0763086268411289,0.426730016128069,0.218030613288922,0.331359416079661
-1,-0.5,-0.2,0.25,0.7,0.3,-0.846133063126484,-0.576408200092537,-0.301474843873539,0.31511356047586,0.683869133632639,0.226348903641165,0.0914933211405749,0.0936290048262283,0.0904117783010571,0.23161245684514,0.20407918948685,0.113127886906567,0.183822386835015,0.0990449187182322,0.0865359568747644,0.580553383543427,0.32975435019646,0.416729274259846
-1,-0.5,-0.2,0.25,0.7,0.3,-0.479522847152088,-0.454593539267267,-0.163879876780919,0.158834401910617,0.613147307097943,-0.262676904650231,0.135995813357465,0.135853894971926,0.120996939121769,0.210814653220022,0.20181107778771,0.126953237225824,0.442437870668746,0.163366043346205,0.124057266235015,0.604953927343514,0.289591981764505,0.756970449014452
-1,-0.5,-0.2,0.25,0.7,0.3,-0.994917083186465,-0.558713472975154,-0.294858373728341,-0.527772309351266,0.364200970174645,0.937037578726839,0.0766418581288104,0.0721734450303401,0.0749083241791526,0.150242100582382,0.1458581823412,0.132844535587955,0.114032566612361,0.0760791888266454,0.0741649321586715,0.665182123225991,0.198262287282244,0.577116451851177
-1,-0.5,-0.2,0.25,0.7,0.3,-1.22156483368283,-0.406921419316461,-0.258569968680155,-0.507498325391579,0.557444565146238,1.0447644067128,0.0884186428608638,0.0850125154637732,0.0988653632245274,0.170806005553342,0.175029202092018,0.135304071504626,0.113594655385703,0.0879865256505171,0.0957407202802588,0.517580833628755,0.226567790851658,0.456807407768048
-1,-0.5,-0.2,0.25,0.7,0.3,-1.16638360991613,-0.342254668052644,-0.233602233024401,0.46038721985806,0.597603409449793,0.414017864723649,0.0736167251698267,0.0702811153018034,0.0800625793259015,0.246553014975973,0.235334572170408,0.103547403967439,0.140431656068172,0.0794781527113116,0.0808659840171523,0.657483141268608,0.32322224945951,0.39491589617877
-1,-0.5,-0.2,0.25,0.7,0.3,-0.939792654935597,-0.410535435583146,-0.18353024959036,0.814722839277064,1.04275367975596,-0.0441075549464739,0.091864432637133,0.0893159713829066,0.0781447473806532,0.322051421278776,0.283573508116078,0.0830460938308417,0.218544230812623,0.10236325196573,0.0805386180941891,0.781224585332263,0.509274572124171,0.423164684325184
-1,-0.5,-0.2,0.25,0.7,0.3,-1.18691813299087,-0.35769915399491,-0.213260356395525,-0.366741431821583,0.212313343157048,0.689489594872409,0.0798991717657726,0.0831670237401531,0.0771256166466473,0.15218245384321,0.150275426938672,0.129853041419222,0.117363154136865,0.0887905306182858,0.082637982157735,0.461680573281827,0.188030601238656,0.402045866064409
-1,-0.5,-0.2,0.25,0.7,0.3,-1.16987162711395,-0.379023837225683,-0.209774328817703,-0.130125677591548,0.920489015149945,0.664388658049929,0.0832033817644258,0.0786345229193152,0.074414886617246,0.196232538410714,0.187465133789992,0.11296955084678,0.123250617893721,0.0814398758167072,0.073438116704592,0.387292899149245,0.262246638238927,0.296249805411529
-1,-0.5,-0.2,0.25,0.7,0.3,-1.08398970333383,-0.537244971448297,-0.233822220847946,0.153268013682327,0.915181825512842,0.684839411927916,0.0714889407077518,0.0693608215800304,0.0548894749387527,0.231211991811873,0.217520264383617,0.102373539574276,0.105976826595847,0.0730076274470179,0.0552641921454075,0.467323485231575,0.293025784007674,0.294945283583765
-1,-0.5,-0.2,0.25,0.7,0.3,-1.14645877768395,-0.305786923654663,-0.0492648957341765,-0.798796440878663,0.209901337669557,0.966009262000366,0.0847795554102388,0.0819902368516761,0.0788412111838929,0.133780774482158,0.132355569543205,0.143627315165366,0.112662230868828,0.086389585531825,0.0817745874906203,0.511103160328344,0.151991264319403,0.497867639051113
-1,-0.5,-0.2,0.25,0.7,0.3,-1.03174652908686,-0.419787004580998,-0.140955925887542,0.798487054130005,0.640552204134428,-0.0497648288079834,0.0899247756294868,0.0864649260266977,0.0820752229173248,0.2804233137096,0.26505402965049,0.0951940646613486,0.229554737250979,0.104209162842567,0.0802511970375797,0.84923166767542,0.411049776212279,0.498391733792071
-1,-0.5,-0.2,0.25,0.7,0.3,-1.01575559615095,-0.381710874758302,-0.185851135157717,1.10524676352744,0.916682150084955,-0.139144641518212,0.0815515843165492,0.0794901514462731,0.0736995080941601,0.322288617608156,0.305921889014185,0.0871291933091712,0.229097601905146,0.0937062843653469,0.085060755621386,1.18301488805948,0.805250884783755,0.454921543160246
-1,-0.5,-0.2,0.25,0.7,0.3,-1.07073483253773,-0.521794917925584,-0.139911205875696,0.220344745776564,1.07301934989262,0.582908710924456,0.0917199855028966,0.0853132059102763,0.0623297710026352,0.223683483043719,0.216628328044885,0.095566563813843,0.146385457525961,0.0915180849934343,0.0638159750748599,0.547532164905826,0.34338659175939,0.375442660234177
-1,-0.5,-0.2,0.25,0.7,0.3,-0.667819730062139,-0.364459990631184,-0.101000725011851,1.64302371889079,0.553512864959647,-0.527490074673847,0.084714621434144,0.0804339900302228,0.0813272321100764,0.406751911007639,0.393565905772779,0.0766257566511633,0.788105542276372,0.178270854670417,0.120681289822519,3.72737412242746,0.687708423072268,1.49180195588176
-1,-0.5,-0.2,0.25,0.7,0.3,-0.922966508912864,-0.571481012102771,-0.0535738150012344,0.776296735719276,0.906700729139692,0.0921131594074922,0.0849271502050223,0.0819785027773919,0.0706486732397054,0.306900195596396,0.259949434614738,0.0846208908550495,0.1860731894682,0.10268396963605,0.0713185584283161,0.608433593525319,0.39784650953678,0.377059973647518
-1,-0.5,-0.2,0.25,0.7,0.3,-1.14637430173557,-0.526918487326937,-0.0760093690166995,-0.32802929843659,0.0954617250376218,0.527972353496938,0.0954663676691586,0.0967715971074176,0.0910733707171703,0.160289401895266,0.16647195803967,0.138818154875541,0.141663146829719,0.101859455648276,0.0967384788934842,0.470851810772226,0.232858064229843,0.42563035319578
-1,-0.5,-0.2,0.25,0.7,0.3,-1.08758456645786,-0.561464747539832,-0.36931796980745,-0.609417700898921,0.660143900675315,1.17470149396222,0.0655422732364112,0.0664205459582616,0.0616936426783475,0.156632085449825,0.155987360454062,0.117689956521409,0.076713668791356,0.0709515187735121,0.0625941950536951,0.400123389967172,0.218384908094036,0.290840875295218
-1,-0.5,-0.2,0.25,0.7,0.3,-0.874644037268819,-0.376988288185555,-0.177009586990168,0.761415392278534,0.42144305010844,-0.075589782151833,0.0840941679202079,0.0820582338683195,0.0826113970461103,0.268375002711781,0.253468547934711,0.104331322824164,0.226461967480673,0.100204510134253,0.0880513833321983,0.786675870263985,0.359447356493075,0.48704785709347
-1,-0.5,-0.2,0.25,0.7,0.3,-0.99757421270899,-0.573740232702661,-0.210386361899525,0.606841251429601,0.730607750895503,0.124547116550941,0.0851701907910545,0.0832239980694133,0.077228379257223,0.241945448229858,0.225432089392445,0.102563771651472,0.198471632554277,0.1018532418701,0.0881137845690548,0.836464426288046,0.399204624014271,0.488665026718917
-1,-0.5,-0.2,0.25,0.7,0.3,-1.10663344539704,-0.529613931737323,-0.0866873285552207,-0.0775849353347482,0.674250702480805,0.724407868686191,0.0883466627749754,0.0940754314669357,0.080190587330401,0.212367152901009,0.193291999398053,0.118762277909733,0.131559470738872,0.098981609616346,0.0847670305804422,0.728633259882337,0.339426508649503,0.490794667155593
-1,-0.5,-0.2,0.25,0.7,0.3,-0.94132270150692,-0.568783213818476,-0.112893133064635,0.798363114493971,0.775360869466863,0.0154985909724608,0.0843420755562185,0.081066762535489,0.0786760582062947,0.282014286513757,0.255222608451691,0.0946436655591454,0.204151654691221,0.0968920953900818,0.0871307621813072,0.882549792076542,0.501434550655463,0.443269915377114
-1,-0.5,-0.2,0.25,0.7,0.3,-1.07068777671267,-0.308496065766359,-0.201665733003349,0.0627120169625554,0.860689305851533,0.335742273729086,0.0878151128499454,0.0884435363467866,0.0865238951079618,0.212195478583419,0.198432925315156,0.111024946438446,0.185117663618865,0.0998177488207986,0.0884612587311858,0.649111454923409,0.371645457185391,0.483677773187671
-1,-0.5,-0.2,0.25,0.7,0.3,-1.30765778487925,-0.365298624632429,-0.318924601362766,-0.926554689340326,0.56336117606844,1.11164903996585,0.0902934245327133,0.0887381951193776,0.0678355591298256,0.142347608320245,0.146067555114575,0.136744299090301,0.101126056668195,0.100549312976103,0.0758605439515844,0.97944585230791,0.189442149652452,0.882582628007337
-1,-0.5,-0.2,0.25,0.7,0.3,-0.93040955527417,-0.608321415203536,-0.142059271321452,0.272804077346776,1.07684693284495,0.664451717887756,0.0834320166542324,0.073859006393272,0.0762217110882687,0.246564054854181,0.228538276406501,0.0917765935615818,0.12889863293863,0.0885290617851734,0.091759802767977,0.78467908532524,0.440240162265513,0.402113180962548
-1,-0.5,-0.2,0.25,0.7,0.3,-0.789931071986916,-0.502857160447803,-0.22537114313597,0.262300011062998,0.65224451393788,-0.113336744695434,0.107658443219697,0.110400124786434,0.0946332775317365,0.21883974061146,0.210071994356449,0.116527629302295,0.313882778642809,0.117905044373738,0.102525382937479,0.703917093389151,0.352346861764058,0.616504371124003
-1,-0.5,-0.2,0.25,0.7,0.3,-0.889443982832326,-0.477346528472365,-0.124370195427105,0.52640173737106,0.523656739150995,0.106524432838349,0.0819960694944082,0.0803102463450799,0.0801937433560043,0.239502278490731,0.233798467555774,0.105304813599213,0.191459289492243,0.100804298846136,0.0772924430274881,0.587764278607099,0.356418629220517,0.420697141134706
-1,-0.5,-0.2,0.25,0.7,0.3,-0.815027871270403,-0.659116179327962,-0.20777255903457,0.264295902298744,1.01329928309569,0.27205898276125,0.114282205750971,0.1066143480984,0.101147567637021,0.236713507943133,0.218374545334038,0.110637668830248,0.170605816355424,0.116121880327913,0.0990000507067027,0.544578889372793,0.311454695630228,0.373406279218559
-1,-0.5,-0.2,0.25,0.7,0.3,-0.855615571181238,-0.472254951894857,-0.211178056066249,0.667544965874483,1.07597435511555,-0.100543684768754,0.0954324686048176,0.0955495641264027,0.0953528804397887,0.286469144681384,0.245184951555814,0.0959143761512446,0.318527091189224,0.112056238773295,0.114068178519571,1.36367498904036,0.688065425968841,0.726491892916014
-1,-0.5,-0.2,0.25,0.7,0.3,-0.613402182453198,-0.681415444847577,-0.197549623936422,0.764779985506277,0.285781695961409,-0.240167648232114,0.0904085695349894,0.0887943900507805,0.087984821369896,0.247905334003401,0.250618824243575,0.105803535011909,0.296828587308264,0.101281360491871,0.100487033827248,0.655195409559481,0.370901198262203,0.51913988604278
-1,-0.5,-0.2,0.25,0.7,0.3,-1.17465953893725,-0.516713413801323,-0.0989126455675433,0.0381553827060683,0.504153614677201,0.725384894079425,0.0700056197484034,0.0705038289000723,0.0651484979279819,0.194189712601505,0.176767236856162,0.11576127420776,0.110445958887555,0.0752307213098732,0.073260121958419,0.427313663730363,0.246549153340274,0.318590578062538
-1,-0.5,-0.2,0.25,0.7,0.3,-0.309383943959587,-0.511843051838651,-0.198899237374889,1.92074454892563,1.27247440752078,-0.884117739344469,0.0931316407857173,0.0974680152539781,0.0854389505675291,0.47681626368718,0.379841860751445,0.0747891583445585,0.526521839018587,0.125345274828386,0.0962237543921448,2.20892887602521,1.16841668492956,0.772479609758282
-1,-0.5,-0.2,0.25,0.7,0.3,-1.0746996375261,-0.446610952761824,-0.150119680529725,-0.00145583157258759,0.527493291750036,0.515121321557579,0.0827364297033391,0.0848592150697316,0.0733538101006093,0.207048688497926,0.204374213624168,0.1171893250881,0.130671197131769,0.0937882902922298,0.0765295522478448,0.489396989818306,0.295693041834785,0.361594601843088
-1,-0.5,-0.2,0.25,0.7,0.3,-0.712480391466812,-0.659946569812079,-0.301903028521142,1.10711673959234,1.02314659029022,-0.187342492611309,0.0900859839824695,0.09399261360716,0.0802896172777556,0.331729657129353,0.286819150711997,0.0921144988756772,0.248395210986613,0.101783954877441,0.0861898583953947,1.07024453321627,0.669133340085878,0.450153966500016
-1,-0.5,-0.2,0.25,0.7,0.3,-1.11746933808672,-0.705398886342178,-0.284253140788258,-1.13328124736223,0.638419502612827,1.23563037015126,0.137193437276521,0.122451400428248,0.0754098091884161,0.128593573368243,0.139380225172481,0.13839580488176,0.136078470300043,0.109923424968148,0.0795321756404809,0.807383355073046,0.232023605031063,0.805831773476356
-1,-0.5,-0.2,0.25,0.7,0.3,-0.775838072380146,-0.403298892559838,-0.199261038710067,0.657405328472312,1.18000099489282,0.295174670398123,0.0893289278580269,0.0911786083421989,0.0751020925254126,0.324713047664539,0.277617227218279,0.0790643972864794,0.165763979955283,0.112520814991253,0.0867143116408412,0.866755966657089,0.50766698876966,0.401272439489698
-1,-0.5,-0.2,0.25,0.7,0.3,-1.22999996692204,-0.54945245076542,-0.129066033825631,-1.18476779066293,0.480178567807589,1.7552268923585,0.060899207374165,0.0582452804455369,0.0528098242112495,0.120523199658053,0.122302339985262,0.120463161190838,0.0646268257550134,0.061353765022609,0.0530803264874899,0.56370506770683,0.166099035203601,0.509120607669696
-1,-0.5,-0.2,0.25,0.7,0.3,-0.948825361173769,-0.421767175009236,-0.165882883241019,0.164521418343301,0.623118627211141,0.0708386390908912,0.103842078260728,0.0939542562834026,0.0989274849827147,0.211659469469259,0.213661327712973,0.120108084846005,0.27495250402325,0.105866964409567,0.113769667798227,0.669830598705765,0.308467181755877,0.606001468831133
-1,-0.5,-0.2,0.25,0.7,0.3,-1.05159347048778,-0.308230793283193,0.0163340404205285,-0.298539779105786,0.139245336702297,0.628738881884545,0.077840725058784,0.0716989896300158,0.0736493905650356,0.162954564909409,0.155749780570343,0.131775594142092,0.116475198626379,0.0753882846667877,0.0890565081633973,0.441570928257058,0.22984432282784,0.370409757850619
-1,-0.5,-0.2,0.25,0.7,0.3,-0.463911076316552,-0.541359950318071,-0.171398259256695,1.79947611702579,1.49001001772176,-0.643057288764536,0.089545404829969,0.0878727278029122,0.0784785466019123,0.49577274816027,0.413236042487792,0.0804932818324013,0.367066750839441,0.107085979488625,0.0923969165714125,1.22372479213062,0.745679241972212,0.515131030752947
-1,-0.5,-0.2,0.25,0.7,0.3,-0.953304532694088,-0.403571780922375,-0.144481949952785,1.09155543193301,1.1485008919396,-0.106023468135163,0.0879125879109454,0.0850877805499876,0.078608189628392,0.358358742995415,0.30175267695743,0.0817486175484325,0.219674158268255,0.102956519222286,0.0824809152837222,0.842816888397223,0.492145528874006,0.414586979770597
-1,-0.5,-0.2,0.25,0.7,0.3,-0.985550354493917,-0.651609867549143,-0.194909508779575,-0.141769239226923,0.71626272668814,0.481579058123714,0.10614073621878,0.10011045876408,0.102406154961,0.200243692822954,0.197564621994054,0.126450567630228,0.166810766918634,0.0943633281138285,0.111278362923416,0.59499627470394,0.342531829030907,0.456070234367222
-1,-0.5,-0.2,0.25,0.7,0.3,-1.00847573761208,-0.527157940301117,-0.173916826007143,-0.107999701939102,0.883673455309492,0.697748623501485,0.0833027044653292,0.0797315402414724,0.071924586760044,0.198146228499703,0.18903662502704,0.113825234695215,0.123594249241913,0.0839305128025489,0.0715778043640932,0.536411273873955,0.301540897045096,0.377025970611886
-1,-0.5,-0.2,0.25,0.7,0.3,-0.990597993537738,-0.521066490731649,-0.183255593726572,0.186375326283204,0.626459996622199,0.386267292767618,0.0866131531898489,0.0809763134723995,0.0730026546676387,0.218211142137978,0.198930575336078,0.113171256892292,0.163603231610827,0.0898500863925283,0.0832507964323956,0.641397190005281,0.313616890971236,0.452239619811573
-1,-0.5,-0.2,0.25,0.7,0.3,-0.990118565772018,-0.493912592983151,-0.059895459057897,0.341811871528648,0.247252215991538,0.380580413637459,0.0787140379624541,0.0795419780077175,0.0836949149504952,0.220288043886889,0.245028884833454,0.110860282346179,0.158487667029198,0.0924578713643836,0.0882455211604392,0.520651916360352,0.319739708856142,0.380253472968179
-1,-0.5,-0.2,0.25,0.7,0.3,-0.960931905684437,-0.420973910611002,-0.252112324532239,1.26632399780879,1.46416179995912,0.104220936752912,0.0826627616225574,0.0845850111833631,0.0710360410810742,0.408566065003432,0.334241569257599,0.0590462333615987,0.169602131338399,0.0976769977284983,0.0838070760783684,0.841279133246089,0.626225979641059,0.306155207763957
-1,-0.5,-0.2,0.25,0.7,0.3,-1.11196985260197,-0.462217272241076,-0.156921160057279,-0.603188749766346,0.0946177782338539,0.884757686120254,0.0813386782958844,0.0895474140321962,0.086736287114117,0.138871887060697,0.137660229173162,0.142206911221891,0.115769531375206,0.0924788699153851,0.0897098495375594,0.514800059400794,0.199387265500499,0.480416124141318
-1,-0.5,-0.2,0.25,0.7,0.3,-0.914804327174037,-0.349661227856865,-0.35270668010331,0.833132024419748,0.992990742028681,-0.0905030524746547,0.08389383706223,0.0779778606674916,0.0755829927305455,0.29805085717185,0.277659683012642,0.0886901189483736,0.195614723272963,0.0924430916780945,0.0915949252063934,0.667825929148461,0.52042361731721,0.339041198748641
-1,-0.5,-0.2,0.25,0.7,0.3,-0.85401117975372,-0.681143317043448,-0.256964796013819,0.281747853097761,0.502138458900531,0.362740414784444,0.0840609935913822,0.0774635520126841,0.0837238222951177,0.220560354042589,0.205078582886256,0.115080521079501,0.17038283355606,0.0935029042544616,0.0840688751294599,0.717807728916467,0.312552505403647,0.502171098381543
-1,-0.5,-0.2,0.25,0.7,0.3,-0.831499384921062,-0.565853808797311,-0.27530349996613,0.260607793372358,0.665585353579345,0.238649928710241,0.085048292868164,0.0830231528888337,0.0832454200533821,0.20074220354264,0.19367558428087,0.10398439122115,0.183762135248362,0.0885153183150632,0.0839405682841821,0.602342659534288,0.35328226758863,0.421072755442889
-1,-0.5,-0.2,0.25,0.7,0.3,-0.362123749722081,-0.146312132972898,-0.357997509018909,2.1903633937624,1.28163097341475,-0.969947699513862,0.0884651264987992,0.0879825325747929,0.0848537793075091,0.605648548582408,0.532042125439599,0.0602751107532578,0.496517071036847,0.15138259543242,0.101227346795214,1.87742065554715,1.03520499079939,0.686622163081797
