"V1","V2","V3","V4","V5","V6","V7","V8","V9","V10","V11","V12","V13","V14","V15","V16","V17","V18","V19","V20","V21","V22","V23","V24"
1,0.5,0.2,0.5,0.4,-0.2,0.98047262306619,0.633750862481288,0.260855967700429,0.543286209227242,0.339749499070069,0.0485192478855437,NA,NA,NA,NA,NA,NA,0.186848741765484,0.144188368977338,0.126933240304514,0.505721043991669,0.257264661145659,3.86905777269277
1,0.5,0.2,0.5,0.4,-0.2,0.934943222207547,0.412069779060299,0.101829145683189,0.417552996047482,0.701956284926857,-0.161364594377073,NA,NA,NA,NA,NA,NA,0.153470130140122,0.132108512664136,0.0661785170994915,0.181062872624204,0.173909529515856,1.87931105575666
1,0.5,0.2,0.5,0.4,-0.2,0.917646429112839,0.462697943596418,0.190361464322082,0.496190472281975,0.369511936706788,-0.0703182613921805,NA,NA,NA,NA,NA,NA,0.120707333359758,0.111469361754266,0.0848825862833597,0.174815619981106,0.143126482948009,1.41579513937759
1,0.5,0.2,0.5,0.4,-0.2,0.847163173592179,0.518664527927964,0.145366272222744,0.531651142964484,0.545186411239404,-0.00553593001377515,NA,NA,NA,NA,NA,NA,0.1354811495813,0.134020437667634,0.0797089084660421,0.198803757154662,0.17531535123821,1.66639631472001
1,0.5,0.2,0.5,0.4,-0.2,1.11392845904535,0.475155132949865,0.172526614176942,0.617594659118343,0.51177475058897,-0.00444944240805094,NA,NA,NA,NA,NA,NA,0.114994212337231,0.10753172141599,0.0666664437099214,0.150316318978653,0.138893752949403,1.17330309336701
1,0.5,0.2,0.5,0.4,-0.2,1.10420056825633,0.455657174236111,0.234573969058689,0.7642232057299,0.535024062838201,0.634639209308948,NA,NA,NA,NA,NA,NA,0.102070956690792,0.0795343855557018,0.070188972028252,0.227762907341912,0.197005636321188,0.995230510397918
1,0.5,0.2,0.5,0.4,-0.2,1.09820800801291,0.548862262724508,0.153270074676083,0.698662232812952,0.134738381258139,0.161804212481552,NA,NA,NA,NA,NA,NA,0.1021924121916,0.104894869816172,0.102182115749827,0.212516261261234,0.219595462596213,1.08250353653547
1,0.5,0.2,0.5,0.4,-0.2,0.98030177995824,0.436180031637247,0.0806779804831039,0.584167266402639,0.301376279117863,0.00439665978435154,NA,NA,NA,NA,NA,NA,0.128776965544013,0.121878922026024,0.0805495371916183,0.315177924611334,0.188143108470099,3.30704164353656
1,0.5,0.2,0.5,0.4,-0.2,1.09598880964859,0.591453182449101,0.387355725799383,0.673228650705732,0.114453002984611,-0.00268966201726456,NA,NA,NA,NA,NA,NA,0.104019358928988,0.0966396914357577,0.0828563036218583,0.251946898179458,0.210366862014457,2.06087628980908
1,0.5,0.2,0.5,0.4,-0.2,1.0358633885034,0.600534649589084,0.126227923887736,0.595008089668912,0.274584265386663,-0.00809509424689668,NA,NA,NA,NA,NA,NA,0.102056852271662,0.0952285485223025,0.0909629732989886,0.155760319607382,0.153658861850157,0.92972670944454
1,0.5,0.2,0.5,0.4,-0.2,1.05283759134346,0.45117622298996,0.102531295961415,0.296386278494674,0.462054959453926,0.0529073823377996,NA,NA,NA,NA,NA,NA,0.141871828986425,0.13213788632073,0.127347955555139,NA,NA,NA
1,0.5,0.2,0.5,0.4,-0.2,1.07690012593548,0.384477937457197,0.122501758509071,0.960311178966429,0.0576512893191647,1.20846483111887,NA,NA,NA,NA,NA,NA,0.104284770649419,0.107520765773199,0.0916125580855975,0.237753105970654,0.194472697099046,0.393246064894817
1,0.5,0.2,0.5,0.4,-0.2,1.30825209890095,0.501417906962817,0.404574881557014,0.411303284633726,0.332086503625354,-0.009587272060367,NA,NA,NA,NA,NA,NA,0.126575002028483,0.128782071477492,0.10636426082312,0.173818579457909,0.182767252394043,1.43785166149394
1,0.5,0.2,0.5,0.4,-0.2,1.11741782482881,0.481451750913673,0.214149392920101,1.32340444459138,0.586147304283377,1.74784115071391,NA,NA,NA,NA,NA,NA,0.13823349135195,0.0987182812521633,0.0457333801694968,0.343521921213315,0.221217878188509,0.230574424833726
1,0.5,0.2,0.5,0.4,-0.2,1.14901657176051,0.446692155248991,0.400342228969744,1.06619863707542,0.18591432471392,1.21287523858584,NA,NA,NA,NA,NA,NA,0.112889729933942,0.10181022593749,0.0972073762990086,0.266658383431442,0.193028037483779,0.458585451140817
1,0.5,0.2,0.5,0.4,-0.2,1.20840187994042,0.279244957654627,0.16697454044752,0.848535989747527,0.380927349549473,-0.0110438532006714,NA,NA,NA,NA,NA,NA,0.0917523411195618,0.0917534101874111,0.0702205985924411,0.186046730547476,0.185669483413716,2.79784590716417
1,0.5,0.2,0.5,0.4,-0.2,0.834408490954229,0.772626862522391,0.200760671337942,0.235394147768899,0.173796484726377,-0.0082397119515158,NA,NA,NA,NA,NA,NA,0.162653858399038,0.151700770984502,0.210395676988141,0.262662313809416,0.192651512974724,1.75488946319988
1,0.5,0.2,0.5,0.4,-0.2,0.834907241065707,0.6113865975473,0.225216113578652,0.3147221058735,0.566425461793231,-1.04361343227986,NA,NA,NA,NA,NA,NA,0.151305174382284,0.16524160616279,0.111437438574773,0.166242965622733,0.154621431579216,2.31590910553992
1,0.5,0.2,0.5,0.4,-0.2,0.890611272720269,0.643383501236623,0.182433296663108,0.618361647329167,0.202851201802202,-0.143553488386147,NA,NA,NA,NA,NA,NA,0.099876942754308,0.105472441469862,0.100428802661736,0.158869504233881,0.148393762096453,1.02767300872541
1,0.5,0.2,0.5,0.4,-0.2,0.972907178127316,0.349652001429075,0.0951418117533533,0.615217263034757,0.612606257964841,0.00683080820052213,NA,NA,NA,NA,NA,NA,0.12144640815695,0.106672686806731,0.0539692006521911,0.29165672454591,0.234903203723101,3.12239780260815
1,0.5,0.2,0.5,0.4,-0.2,1.12499113126464,0.386189834499323,0.193745742354485,0.36409783185255,0.39607293682994,0.0411749262112433,NA,NA,NA,NA,NA,NA,0.15881292806424,0.120514104926838,0.0872705820041716,0.322683080125443,0.205303719554795,2.66888969883201
1,0.5,0.2,0.5,0.4,-0.2,1.01852540656672,0.469380009101175,0.372397733032946,0.660502060224501,0.19429646292371,-2.16691061427738,NA,NA,NA,NA,NA,NA,0.0804494103387683,0.0778543687073704,0.0881254835073514,0.126377778836907,0.133640140617381,3.48906576128611
1,0.5,0.2,0.5,0.4,-0.2,1.04645322363599,0.459154514509512,0.18766551579598,0.533466797470248,0.285715717341231,-0.109262063287809,NA,NA,NA,NA,NA,NA,0.11041260587344,0.11184614334845,0.0990566118726892,0.185218421780717,0.172579321100612,1.68063467984592
1,0.5,0.2,0.5,0.4,-0.2,1.0224457812861,0.610228941476896,0.11968144189499,0.548909957849357,0.507148614975175,-0.000662498818960127,NA,NA,NA,NA,NA,NA,0.123811333957543,0.129869738308892,0.0825791274547762,0.203307999142275,0.207190151728926,1.33841925469511
1,0.5,0.2,0.5,0.4,-0.2,0.998809429439915,0.48351020106737,0.316146347610497,0.724236157255625,0.663774834883262,0.91952290798157,NA,NA,NA,NA,NA,NA,0.139573930231695,0.117613405268801,0.0575312907542962,0.237629829998144,0.164062772506886,0.894977457351567
1,0.5,0.2,0.5,0.4,-0.2,0.936688199318262,0.499414456629503,0.311958951295005,0.872569269332604,0.384650748178243,1.55922694383396,NA,NA,NA,NA,NA,NA,0.151849130705236,0.106698648291339,0.0926478733127028,0.416965956842024,0.208002468725925,0.592571048092292
1,0.5,0.2,0.5,0.4,-0.2,1.01735161120832,0.398954799613857,0.149326311710413,0.677799338067567,0.205731144806622,-0.123005876482908,NA,NA,NA,NA,NA,NA,0.0888645780828771,0.101665483158449,0.0879011327049668,0.149407987658734,0.151386125397125,0.868431509664247
1,0.5,0.2,0.5,0.4,-0.2,0.982667604892337,0.533383382821583,0.201863339050807,0.599210434539424,0.587180038085568,-0.0842865264533908,NA,NA,NA,NA,NA,NA,0.119850693460283,0.0931592142376969,0.0649514265325085,0.153397298774712,0.127713365181783,1.16002468581912
1,0.5,0.2,0.5,0.4,-0.2,1.17830637624389,0.400730594454283,0.222063896506076,0.710661430762295,0.132104059789976,-0.277738598984778,NA,NA,NA,NA,NA,NA,0.0861278190840452,0.087561178381561,0.0857087400116119,0.157923023983691,0.140332275816356,1.31215665919186
1,0.5,0.2,0.5,0.4,-0.2,1.3192126545115,0.245128690633249,0.16127879604143,1.00171886580788,0.625492743962843,1.57533164275654,NA,NA,NA,NA,NA,NA,0.120929632286407,0.102838355098083,0.0627270552630938,0.2702359966072,0.194430592531732,0.38278408974307
1,0.5,0.2,0.5,0.4,-0.2,1.11835244805766,0.618786733090454,0.441039937247169,0.556599440283975,0.268896036081341,-0.115921147753521,NA,NA,NA,NA,NA,NA,0.109697116076067,0.110485452084611,0.10531451305312,0.16203180488904,0.152895535902521,1.17098603305697
1,0.5,0.2,0.5,0.4,-0.2,1.04237050554705,0.417367845601093,0.0669815300117684,0.605903718010505,0.191665642937771,0.00145114996428055,NA,NA,NA,NA,NA,NA,0.241719634109806,0.144857892104015,0.108221676420656,1.12576749599162,0.390687028902693,9.96441536170136
1,0.5,0.2,0.5,0.4,-0.2,1.06465177187441,0.437954309760502,0.295054862270041,0.458163548474384,0.480150291494375,-1.1665996067654,NA,NA,NA,NA,NA,NA,0.124831213097864,0.114796863334251,0.107836272974253,0.159253079888802,0.164379800820491,2.32851771028725
1,0.5,0.2,0.5,0.4,-0.2,0.909845476455116,0.50252771686396,0.0694043062190849,0.631916908617102,0.347250725914691,0.00118805184155139,NA,NA,NA,NA,NA,NA,0.111234560607679,0.111609557520201,0.0737103319730361,0.239462234637444,0.175595455581267,1.38699217896809
1,0.5,0.2,0.5,0.4,-0.2,1.02919072385188,0.457182506699969,0.235775272384383,0.47413848186718,0.376370000345463,-0.212102978466167,NA,NA,NA,NA,NA,NA,0.128199532495448,0.123131973509898,0.114033770595438,0.168271330024734,0.154797640508225,1.40053729468613
1,0.5,0.2,0.5,0.4,-0.2,1.0581522434506,0.438546026260595,-0.107608941919493,0.422298536900985,0.153397712039325,-0.0343512090977288,NA,NA,NA,NA,NA,NA,0.117616370385756,0.118899859542557,0.144417844191929,0.190760631546502,0.184141179606805,1.44728093889135
1,0.5,0.2,0.5,0.4,-0.2,0.782585776734909,0.578791467230135,0.182432394572382,0.573123996507112,0.404944758540242,-0.000664992722166467,NA,NA,NA,NA,NA,NA,0.126082065798986,0.108740389241692,0.0814709712687026,0.209260591308895,0.155371370561535,1.22539443097423
1,0.5,0.2,0.5,0.4,-0.2,1.23136121464882,0.269210740207265,0.0639798496854725,0.503518568201824,0.366691346344324,0.00428466441402517,NA,NA,NA,NA,NA,NA,0.124380805576403,0.127234371632946,0.0916034940823354,0.208586631557755,0.166443509341004,2.13817695070046
1,0.5,0.2,0.5,0.4,-0.2,1.20371749254061,0.640362929317792,0.235804289903866,0.776362373970765,0.259968484815661,1.02371909957551,NA,NA,NA,NA,NA,NA,0.124239813036951,0.102316101629047,0.0650955409660586,0.31096809720875,0.211409539957277,0.859288650693118
1,0.5,0.2,0.5,0.4,-0.2,0.989809027730536,0.446322810958451,0.196012672952551,0.545247645563505,0.502614526479564,-0.00310323592132253,NA,NA,NA,NA,NA,NA,0.136536335195771,0.111066912557985,0.0941026282897382,0.307666755868975,0.233457068515927,3.35445560874878
1,0.5,0.2,0.5,0.4,-0.2,1.12526994470116,0.708439293869964,0.206185981084929,0.426371270058632,0.209013157425766,-0.0034260164463505,NA,NA,NA,NA,NA,NA,0.137890544020176,0.142298347192669,0.142316850451722,0.22268632762588,0.187271268392655,1.7016341316058
1,0.5,0.2,0.5,0.4,-0.2,1.07511500303143,0.520446419911033,0.239287604507327,0.374753730020151,0.275288323064417,-0.149176494321538,NA,NA,NA,NA,NA,NA,0.133834208301658,0.119806513028898,0.110969738098642,0.197234092810026,0.181273684307168,1.71593705559406
1,0.5,0.2,0.5,0.4,-0.2,1.01746559439817,0.518277502772223,0.228100645162309,0.522579399345306,0.0879216937014134,-0.00101755996531634,NA,NA,NA,NA,NA,NA,0.113464496622461,0.118116243556564,0.117570299968273,0.261868551087677,0.194393631541728,1.85262451831955
1,0.5,0.2,0.5,0.4,-0.2,1.19307242041305,0.466334386402262,0.108359705041536,0.498838126485159,0.0838051687328552,0.0264287189254642,NA,NA,NA,NA,NA,NA,0.112545612249118,0.12069294947449,0.0964478510373427,0.247861397151513,0.186009483403677,2.04026331739413
1,0.5,0.2,0.5,0.4,-0.2,1.16715574875469,0.384283023025143,0.252319617330189,0.598595522351622,0.368363332836123,-0.894563753262365,NA,NA,NA,NA,NA,NA,0.0990116307203183,0.0872790974522029,0.088307615678929,0.190375948570055,0.191352405448296,3.62901562358289
1,0.5,0.2,0.5,0.4,-0.2,1.17661146531879,0.496587825367747,0.170486510188433,0.53066306205411,0.205092722864152,-0.0010569455120192,NA,NA,NA,NA,NA,NA,0.113660703335325,0.107850600257444,0.0947751912200167,0.235482836322623,0.242372993884321,1.76112479946862
1,0.5,0.2,0.5,0.4,-0.2,1.04765968539543,0.49543339764606,0.124465793596553,0.499321744880578,0.208588957743013,-2.04204304877237,NA,NA,NA,NA,NA,NA,0.0962157192513951,0.0927233747794298,0.0705337863036898,0.12940230518995,0.156965067463651,3.59084227456765
1,0.5,0.2,0.5,0.4,-0.2,1.18712676069054,0.344880010007225,0.266602685638461,0.498689666836697,0.433271617055607,-0.110165858555925,NA,NA,NA,NA,NA,NA,0.123451893289259,0.127841480673535,0.0925779291663882,0.151104759666322,0.134735738943928,1.33320996838056
1,0.5,0.2,0.5,0.4,-0.2,0.981794542609222,0.542638853032573,0.407714974568704,0.468489497691739,0.233837689242047,-0.21788298370952,NA,NA,NA,NA,NA,NA,0.1130629574456,0.111138044166383,0.110747129913728,0.158678440364217,0.141403543496772,0.862450329030265
1,0.5,0.2,0.5,0.4,-0.2,1.22321270818561,0.34297568657629,0.356381964025565,0.363625932900163,0.638039325442248,-0.361150222102747,NA,NA,NA,NA,NA,NA,0.153391582293827,0.145560117846005,0.0728558829102382,0.16570346522938,0.168099646466579,1.48969335470992
1,0.5,0.2,0.5,0.4,-0.2,1.09739190138061,0.514169666887755,-0.024276455532439,0.637344275259375,0.358531912610805,1.50545310877295,NA,NA,NA,NA,NA,NA,0.179142556926555,0.15246932911782,0.145458690877008,0.323797484779762,0.178451396942543,0.633899603102798
1,0.5,0.2,0.5,0.4,-0.2,1.00599630318139,0.449671903186809,0.302812997167446,0.88392458907161,-0.109130072631309,-0.12176105555949,NA,NA,NA,NA,NA,NA,0.0682762991705629,0.0947473755728902,0.115997693194473,0.145541448669576,0.206401896262676,0.997529445405039
1,0.5,0.2,0.5,0.4,-0.2,1.01175194281924,0.536230307157879,0.172834867440058,0.709355837771413,0.258502613423973,0.000127743539006198,NA,NA,NA,NA,NA,NA,0.0952596122201024,0.0942076356701752,0.0691271634586675,0.238143238218842,0.191410812003302,1.87654302771945
1,0.5,0.2,0.5,0.4,-0.2,1.08591816080841,0.380061928638822,0.264532953857575,0.45453411419634,0.329300246411074,-1.33863753539571,NA,NA,NA,NA,NA,NA,0.117287377723254,0.112360701998153,0.139469949311159,0.182520970414138,0.203874905838022,3.8328264918523
1,0.5,0.2,0.5,0.4,-0.2,1.1445616512263,0.552607394736913,0.313036034881954,0.967331196675455,0.00465126872482499,1.28239005255252,NA,NA,NA,NA,NA,NA,0.107660883085184,0.136748097912321,0.112128769468396,0.314809989015541,0.22681828946103,0.468645209028649
1,0.5,0.2,0.5,0.4,-0.2,0.981409798754227,0.602582058864699,0.227315801732966,0.502474434782194,0.17105183968473,0.00257476997862778,NA,NA,NA,NA,NA,NA,0.118076919707944,0.114647501695488,0.0891049625954797,0.193934153712508,0.201383107964349,1.16409604524526
1,0.5,0.2,0.5,0.4,-0.2,0.827207017546102,0.685268056235438,0.144130175774205,0.658429939392417,0.0556839970895659,-1.15197740183346,NA,NA,NA,NA,NA,NA,0.0821104989943676,0.0800622795823867,0.079447822756061,0.150557696355717,0.145094739246735,2.85028918833802
1,0.5,0.2,0.5,0.4,-0.2,1.20561093551992,0.430471573526134,0.371507761591104,0.536766849510029,0.341746559381045,-0.00672468544191517,NA,NA,NA,NA,NA,NA,0.120126384546164,0.102420341404228,0.0970101348451185,0.209535092009323,0.149037916709061,2.12164218776578
1,0.5,0.2,0.5,0.4,-0.2,1.35929301147275,0.242934496502169,0.250501220258587,0.499549079956956,0.496617565280447,0.000419118601779295,NA,NA,NA,NA,NA,NA,0.127934246219401,0.135408821413659,0.106026929308482,0.215814165928588,0.19294492296832,2.81657265369656
1,0.5,0.2,0.5,0.4,-0.2,0.887774623171435,0.664388928360702,0.153856448673345,0.607319565230368,0.325951426042355,-0.524852062713395,NA,NA,NA,NA,NA,NA,0.103818787773388,0.104626066965311,0.135817329142105,0.194561932613629,0.188819575452859,1.18025062247084
1,0.5,0.2,0.5,0.4,-0.2,1.08787659570837,0.428021446995384,0.208328382022927,0.611029648576238,0.434057254038456,0.447561458077286,NA,NA,NA,NA,NA,NA,0.128678358940249,0.111562397719065,0.0928064290750428,0.294872401161892,0.205951069629,1.48496409941475
1,0.5,0.2,0.5,0.4,-0.2,1.09639379654086,0.424697845843657,0.318203060697086,0.744288493501111,0.0855458974089768,1.10727370629499,NA,NA,NA,NA,NA,NA,0.125866886889035,0.10533917347595,0.104359861495255,0.239432633300057,0.159981418177015,0.615101491867745
1,0.5,0.2,0.5,0.4,-0.2,1.13671870301929,0.389463234465736,0.284428212556954,0.472202961301568,0.438571110413397,0.105173853210231,NA,NA,NA,NA,NA,NA,0.127234452699098,0.100369449582027,0.100342617478172,0.205517094447919,0.150795790685124,1.12951946372336
1,0.5,0.2,0.5,0.4,-0.2,1.08947272714346,0.426859653814677,0.124219797796824,0.476456109346824,0.464757819745525,0.878720878320474,NA,NA,NA,NA,NA,NA,0.179281502834963,0.146778143764641,0.0933434930122101,0.325732887091772,0.151314063459667,1.59555805497891
1,0.5,0.2,0.5,0.4,-0.2,1.17213807690959,0.389584902788259,0.287959328263406,0.558742752384873,0.415814969268788,-0.109243176146054,NA,NA,NA,NA,NA,NA,0.110021854528274,0.100604307765407,0.0690614317299761,0.156875869670013,0.142114208427373,1.09132468804701
1,0.5,0.2,0.5,0.4,-0.2,1.12333365416331,0.408102615180719,0.470256869576767,0.450195682504727,0.292833890538611,0.117387412124736,NA,NA,NA,NA,NA,NA,0.14832450135269,0.143263671662242,0.127275996745588,0.38891104033031,0.200851816471448,2.60605290916286
1,0.5,0.2,0.5,0.4,-0.2,1.16922188597917,0.294798393507619,0.0923690071810923,0.445199016751247,0.496253862698209,0.00133266131845378,NA,NA,NA,NA,NA,NA,0.141306532891985,0.130480197750201,0.100669520531,NA,0.190636028763677,NA
1,0.5,0.2,0.5,0.4,-0.2,1.04188798634995,0.485368635234588,0.101144722672668,0.523100326356963,0.0922605609082985,-0.0320142144131429,NA,NA,NA,NA,NA,NA,0.105070230906139,0.115685359505003,0.106380678043133,0.206502930934578,0.184675059707292,1.31618351145859
1,0.5,0.2,0.5,0.4,-0.2,0.827168831650611,0.644540840232435,0.246734778446057,0.241888261638408,0.464286125097941,-0.00256681990133817,NA,NA,NA,NA,NA,NA,0.175538484403263,0.159058457583137,0.112575120179701,0.251073223092389,0.228301502274696,1.58802936195562
1,0.5,0.2,0.5,0.4,-0.2,1.06911990538093,0.459181623474704,0.255396407510591,0.602977860218399,0.312267449239557,-0.131102771052235,NA,NA,NA,NA,NA,NA,0.101845452825951,0.104492411508373,0.0775616950291199,0.147864026050126,0.152446242838287,1.03285631047429
1,0.5,0.2,0.5,0.4,-0.2,0.936232237683041,0.477296741976853,0.131131851760103,0.848680793817585,0.462012443694167,0.810365989410246,NA,NA,NA,NA,NA,NA,0.116716763973218,0.112202516265137,0.0721188515351504,0.204985169364251,0.164147479017326,0.609403248625967
1,0.5,0.2,0.5,0.4,-0.2,0.893483454036803,0.643424682449169,0.162419351065622,0.765111356727859,0.312539716913515,0.504089981397685,NA,NA,NA,NA,NA,NA,0.113468593019957,0.115747017662012,0.0831863247454453,0.235578591011901,0.173814766439586,0.912730220328839
1,0.5,0.2,0.5,0.4,-0.2,0.999603912101916,0.531910189083661,0.223359453432446,0.418305785484766,0.470833923991876,-0.167298265831133,NA,NA,NA,NA,NA,NA,0.13342033194721,0.135227317806277,0.0854454659044424,0.183735768650415,0.15936026312257,1.43075798389636
1,0.5,0.2,0.5,0.4,-0.2,0.901644851838771,0.56374988615174,0.286033568963187,0.456663094490316,0.493343903511237,0.0381597660948121,NA,NA,NA,NA,NA,NA,0.144117592492788,0.104859550811642,0.0769999863413998,0.318072618805361,0.267098683070484,1.60382453501704
1,0.5,0.2,0.5,0.4,-0.2,0.923453651937229,0.579308151220814,0.210246678707689,0.498407981541862,0.285940988069371,-0.000971444218576683,NA,NA,NA,NA,NA,NA,0.117030050804763,0.0950275948642538,0.0865962854512908,0.247626108617194,0.215099275586916,1.55744019798136
1,0.5,0.2,0.5,0.4,-0.2,1.02766123118606,0.707572129711766,0.339207027476672,0.726257898466745,0.48491423489386,-1.11301096675568,NA,NA,NA,NA,NA,NA,0.0898134009447988,0.0850342301767068,0.068661510228961,0.129500276026483,0.140088626328802,1.40810845831953
1,0.5,0.2,0.5,0.4,-0.2,0.95171988799212,0.524617731654539,0.242026568414975,0.392594227655226,0.34780595968332,-2.36452789559223,NA,NA,NA,NA,NA,NA,0.111689455973901,0.104734931347067,0.0978357038954501,0.149365866353809,0.149322163430905,5.44457432678778
1,0.5,0.2,0.5,0.4,-0.2,1.05252722915507,0.362678678141464,0.317278170250973,1.27258987437639,1.19724667209834,1.59267264742924,NA,NA,NA,NA,NA,NA,0.109492766276206,0.0705080635711487,0.0449714042282613,0.201765611489361,0.207214583307346,0.111601786939996
1,0.5,0.2,0.5,0.4,-0.2,1.22350055787688,0.260405594578809,0.271291707248348,0.530202750634374,0.230276272591854,-0.00853325620932375,NA,NA,NA,NA,NA,NA,0.113906443710877,0.117737663765679,0.0975671669228914,0.192709413938481,0.201291319630416,1.64409696328526
1,0.5,0.2,0.5,0.4,-0.2,0.988610511156415,0.485169749096681,0.457212547624541,0.630369757075243,0.518931741393782,0.730384686049148,NA,NA,NA,NA,NA,NA,0.151486787613878,0.116956903134235,0.0869693073519398,0.283578859270094,0.208515408954011,1.15807227859863
1,0.5,0.2,0.5,0.4,-0.2,0.998838527169308,0.479888106847451,0.232961257372568,0.62266359364647,0.307124509931342,-0.124670122565599,NA,NA,NA,NA,NA,NA,0.106567888573473,0.126046883089921,0.0988268554710175,0.16753231561679,0.15143981409969,1.32881587921438
1,0.5,0.2,0.5,0.4,-0.2,1.28705370810057,0.24845942927324,0.137070011617941,0.770974426563142,0.361786488471647,-1.48926392420398,NA,NA,NA,NA,NA,NA,0.0823905804782979,0.0845188140027811,0.0464916989623917,0.144862897439558,0.153099903394985,2.17688210809728
1,0.5,0.2,0.5,0.4,-0.2,0.940683805865276,0.551079324254708,0.316962105322099,0.477810855019294,0.401570041454919,-0.176650325284862,NA,NA,NA,NA,NA,NA,0.122765514720918,0.100410896077767,0.105391949616894,0.196931351055225,0.164441841251264,1.3394424651363
1,0.5,0.2,0.5,0.4,-0.2,1.07564531031514,0.431915906762179,0.128772735931877,0.568232085371246,0.420386223975498,-0.0982601290832597,NA,NA,NA,NA,NA,NA,0.12198982120846,0.125354144728269,0.0899228094419725,0.204849244818402,0.220399617333186,1.54782205255775
1,0.5,0.2,0.5,0.4,-0.2,1.01381691454883,0.539768844652738,0.0431001988099872,0.415060040211916,0.479767214187377,-0.000221181448343176,NA,NA,NA,NA,NA,NA,0.149448828334242,0.14705162194578,0.110599579088024,0.0726591110958694,0.167181458634787,NA
1,0.5,0.2,0.5,0.4,-0.2,1.25980120669292,0.501292695039061,0.421522319842925,0.530157606578252,0.520435577128741,-0.00280775522233164,NA,NA,NA,NA,NA,NA,0.128820673331634,0.144736349593391,0.0771399459283154,0.176188317566994,0.169823631096434,1.49540288929897
1,0.5,0.2,0.5,0.4,-0.2,1.11377207991565,0.480204217180174,0.315839070895289,0.661889719569632,0.407280552172261,-0.335821224957083,NA,NA,NA,NA,NA,NA,0.098146812581329,0.0939355401710105,0.0794036429140119,0.163386400369744,0.148995421129878,1.23476703373772
1,0.5,0.2,0.5,0.4,-0.2,1.11617162469643,0.49229597583703,0.114214401411037,0.410627237567034,0.453181660055372,-0.515437213877417,NA,NA,NA,NA,NA,NA,0.125402030904232,0.125019970776314,0.114984087091774,0.154348074479779,0.162824476470606,1.5574363950029
1,0.5,0.2,0.5,0.4,-0.2,1.03078048073033,0.556315489613131,0.0347804670377497,0.990172118340348,0.33632819088126,0.524570780921024,NA,NA,NA,NA,NA,NA,0.0965207867226998,0.0973241913160677,0.0603981109386485,0.322789651968429,0.295069205141511,1.35938775065969
1,0.5,0.2,0.5,0.4,-0.2,0.966841918536185,0.579997926847442,0.144204289246532,0.363853981252527,0.35212462558098,-0.0132444929634706,NA,NA,NA,NA,NA,NA,0.155624086351312,0.127274357263091,0.0857362044115628,0.238465586993247,0.182818826718963,1.96267527667963
1,0.5,0.2,0.5,0.4,-0.2,0.83925761150811,0.584068425306743,0.472231874288597,0.627580932313666,0.360710456383653,-0.202955270173931,NA,NA,NA,NA,NA,NA,0.108754314768893,0.0999655424871552,0.122349250326627,0.208286824873035,0.15196319359364,1.50437544549729
1,0.5,0.2,0.5,0.4,-0.2,0.958144349515267,0.544666189826261,0.327249176158231,0.516655828262326,0.338455478415106,0.764351766617319,NA,NA,NA,NA,NA,NA,0.144151586942478,0.114709125753687,0.100259979243246,0.263341032673446,0.225139011301142,0.932690175108453
1,0.5,0.2,0.5,0.4,-0.2,1.11115322172289,0.506636300870987,0.272166123083761,0.349523529353044,0.418890241679446,-2.94979336221589,NA,NA,NA,NA,NA,NA,0.127594791044184,0.150117989390315,0.127004737991078,0.161333373890552,0.160585389414757,6.30090390899303
1,0.5,0.2,0.5,0.4,-0.2,0.965127078812631,0.569489695723392,0.261394883015947,0.419549057014914,0.298586083323042,0.677138653576834,NA,NA,NA,NA,NA,NA,0.363888214644611,0.210770297276944,0.229346125679312,1.0959281849615,0.260744331178057,4.42258059640322
1,0.5,0.2,0.5,0.4,-0.2,1.25482284147269,0.414192975042616,0.263151623300659,1.5650229167341,0.139497240654395,2.02567485434568,NA,NA,NA,NA,NA,NA,0.155105472835694,0.135043172054903,0.14040682798797,0.611906129560584,0.314356755620704,0.343880079086
1,0.5,0.2,0.5,0.4,-0.2,1.44442757727932,0.29746427291617,0.290927625070868,0.259480757316849,0.546054542601137,-0.59929333875905,NA,NA,NA,NA,NA,NA,0.180438835537124,0.163188543742048,0.148309297090581,0.164525444944754,0.150432710510346,2.15300056124298
1,0.5,0.2,0.5,0.4,-0.2,1.1685072804086,0.333661452878156,0.0935713773355651,0.465179162645824,0.58354192754533,-0.0386117786890828,NA,NA,NA,NA,NA,NA,0.152454924036509,0.145894471279893,0.0932747679240816,0.203659653170756,0.165172772943287,2.21343446891254
1,0.5,0.2,0.5,0.4,-0.2,1.15140237410695,0.296742631230342,0.264149854319993,0.582909623720491,0.332726166194422,0.365635928663231,NA,NA,NA,NA,NA,NA,0.135521804059819,0.116658036975396,0.090337781543428,0.267314273306076,0.195425607125392,1.787748455485
1,0.5,0.2,0.5,0.4,-0.2,0.817471468038501,0.708125971360695,0.0125867291920704,0.527729416315509,0.350251831569438,-2.36179917165593,NA,NA,NA,NA,NA,NA,0.103275810081346,0.128374331853048,0.101764774290525,0.149203896432056,0.164893282085756,6.05341002431377
1,0.5,0.2,0.5,0.4,-0.2,0.890644663605163,0.601037615801668,0.208247258234994,0.592090518471424,0.205392528002607,0.00618337908911493,NA,NA,NA,NA,NA,NA,0.117422926839298,0.116518223302295,0.0962377816450795,0.236629514056931,0.173297388461427,1.76569682093948
1,0.5,0.2,0.5,0.4,-0.2,0.950768267990396,0.706970584102925,0.310976092359265,0.58505809648593,0.518196292470755,0.318505677454569,NA,NA,NA,NA,NA,NA,0.147280387617595,0.132338267471642,0.0967409143972937,0.230044191489019,0.192921225106835,1.23001792058946
1,0.5,0.2,0.5,0.4,-0.2,1.05145689159889,0.444701528264923,0.139019148704603,0.704152833928411,0.0439621967227461,-0.00693699440517456,NA,NA,NA,NA,NA,NA,0.0868433967950915,0.0940003616112792,0.07532579015418,0.164365531736173,0.147720872043483,1.22126276192704
1,0.5,0.2,0.5,0.4,-0.2,1.36695267477799,0.229167069894398,0.297709483876936,0.644986529777217,0.28834200904422,0.263906448218906,NA,NA,NA,NA,NA,NA,0.101727031552127,0.106960393809959,0.108406476665864,0.238909376212777,0.195475852226241,2.03657187765008
1,0.5,0.2,0.5,0.4,-0.2,0.99194712369065,0.61459431144334,0.261679687441329,0.563177075542688,0.481819780078224,-0.301696097685614,NA,NA,NA,NA,NA,NA,0.117231463822972,0.118606444610795,0.0752273988146292,0.175735718664163,0.164864458758534,1.55720046891362
1,0.5,0.2,0.5,0.4,-0.2,0.964336881573176,0.432606098555482,0.2133114506044,0.645253789144485,0.468110384773527,-0.0495122707054753,NA,NA,NA,NA,NA,NA,0.110562872087155,0.106104263248248,0.0717133738213668,0.166435400589664,0.151788098196526,1.28674138185766
1,0.5,0.2,0.5,0.4,-0.2,1.15718097246444,0.305288915310262,0.108755666324923,0.551820146814762,0.281192817427887,-0.298239752740827,NA,NA,NA,NA,NA,NA,0.11148676701057,0.104215106190827,0.111651883767037,0.168330868202168,0.176482224868928,2.12875701578127
1,0.5,0.2,0.5,0.4,-0.2,1.27077045942877,0.261613888651887,0.274697065528174,0.519793297185595,0.554518290721131,-0.00719246566940155,NA,NA,NA,NA,NA,NA,0.128339724064163,0.111783386749936,0.105760519568048,0.183465175547029,0.212224466645388,1.48841174666881
1,0.5,0.2,0.5,0.4,-0.2,1.07801521794924,0.534784019840351,0.107521708323917,0.521655646754642,0.497957753104295,-4.07121233347405e-05,NA,NA,NA,NA,NA,NA,0.126543280516825,0.104014975953198,0.0928339200982193,NA,NA,NA
1,0.5,0.2,0.5,0.4,-0.2,0.793608043787115,0.607017601667826,0.206975515631197,0.657188712376444,0.38711998396831,0.00533995747778391,NA,NA,NA,NA,NA,NA,0.118342672937832,0.107037741715873,0.0980794514911172,0.225671349890479,0.180889072604653,1.28037807487656
1,0.5,0.2,0.5,0.4,-0.2,0.94721435834229,0.439747479855342,0.219536413649516,0.534287479062463,0.201631641349384,-0.059227010029329,NA,NA,NA,NA,NA,NA,0.116903679743138,0.123564605399049,0.120966490128263,0.199186243521306,0.183185612478731,1.49570319938104
1,0.5,0.2,0.5,0.4,-0.2,1.10909526170539,0.290627693227855,0.319800747999027,0.580194333920213,0.634208611771125,0.8230895754606,NA,NA,NA,NA,NA,NA,0.144157398862676,0.0993673085773714,0.0702097421863227,0.211046636462925,0.133936204166889,0.973625510340715
1,0.5,0.2,0.5,0.4,-0.2,1.06442817222257,0.469135780552285,0.221281036607567,0.427396129892596,0.393176822824126,0.00083863572064607,NA,NA,NA,NA,NA,NA,0.139392299405149,0.123817427853566,0.0749561038970653,0.191653542262278,0.192172900833827,1.39194238472328
1,0.5,0.2,0.5,0.4,-0.2,1.149333636299,0.455493150257817,0.241205675599415,0.401455121893451,0.509889378635182,-0.192211090172354,NA,NA,NA,NA,NA,NA,0.145556745499321,0.123996880817769,0.0777688669641037,0.20487053306019,0.184682433092524,1.86488758510484
1,0.5,0.2,0.5,0.4,-0.2,1.07925918248095,0.385567092723635,0.131565159205658,0.548941682693715,0.420584380951354,0.0230233220965257,NA,NA,NA,NA,NA,NA,0.128886813195011,0.118354093768403,0.0644711527061353,0.291630570432073,0.235733729516152,2.77878661450388
1,0.5,0.2,0.5,0.4,-0.2,1.00728431536537,0.476615603161015,0.236822144182667,0.554872662628842,0.704027509343174,-0.0285461022205418,NA,NA,NA,NA,NA,NA,0.124843576705833,0.0939231909329755,0.0524466810369185,0.170991412564234,0.17701385366346,1.21729198707144
1,0.5,0.2,0.5,0.4,-0.2,0.826062218456457,0.594579014587727,0.0851035817868979,0.423377315367367,0.479074740485007,-0.00221804984418113,NA,NA,NA,NA,NA,NA,0.146415460696247,0.150878918725317,0.127463106945387,0.18661382759454,0.147758478735866,1.14328917922644
1,0.5,0.2,0.5,0.4,-0.2,0.931946255367954,0.627968895735667,0.183150193525127,0.946187983679384,0.146938445160304,0.69761027229701,NA,NA,NA,NA,NA,NA,0.0894107825087622,0.0942209108368087,0.083380565849216,0.205601190019267,0.240084105052973,0.411435002417671
1,0.5,0.2,0.5,0.4,-0.2,0.927030371931544,0.531802788344295,0.218475050495507,0.771144669452662,0.664574879049701,-0.179019446306629,NA,NA,NA,NA,NA,NA,0.0908714882064092,0.0674877791457165,0.0720613165924944,0.130940825533416,0.141585737923418,0.759869535304863
1,0.5,0.2,0.5,0.4,-0.2,0.941324107178167,0.433031265304383,0.166294971981475,0.306225133619653,0.44623379643744,-1.01782179384909,NA,NA,NA,NA,NA,NA,0.154368648464959,0.146490890188184,0.0996367252991063,0.164973188293207,0.151840704074311,2.66953812954182
1,0.5,0.2,0.5,0.4,-0.2,1.11365122148304,0.473645624099806,0.426935938738036,0.593171921219219,0.377261720375313,-0.0420212998403451,NA,NA,NA,NA,NA,NA,0.109857888209245,0.099819416206376,0.0959821020277506,0.170619734998905,0.150841456366955,1.20539143990991
1,0.5,0.2,0.5,0.4,-0.2,0.977289919017153,0.422835081802344,0.268487028812226,0.796897679011075,0.438620563203618,-0.00575830848580988,NA,NA,NA,NA,NA,NA,0.0998109816680878,0.108181170664781,0.078821483169034,0.166204668167031,0.16545420437336,1.03762644570345
1,0.5,0.2,0.5,0.4,-0.2,1.08289257201043,0.617276280181221,0.176095551433217,0.45151935502804,0.346686053579151,-1.21374799358201,NA,NA,NA,NA,NA,NA,0.11742397598571,0.113779510185188,0.104308908510201,0.192117250925609,0.203491574319802,4.65951477041313
1,0.5,0.2,0.5,0.4,-0.2,1.06225570321675,0.491550750218028,0.125971892138268,0.429181262692814,0.428962828489763,0.0321225401619649,NA,NA,NA,NA,NA,NA,NA,0.0461922238710842,0.0752581831478192,NA,NA,NA
1,0.5,0.2,0.5,0.4,-0.2,0.956680763779059,0.459808295385162,0.168171412488645,0.811957162899521,0.48185683552264,0.899285445992977,NA,NA,NA,NA,NA,NA,0.125719934769589,0.117494963996887,0.0610314792517464,0.212310650584228,0.155140051972552,0.617289465822704
1,0.5,0.2,0.5,0.4,-0.2,1.0683357683201,0.446750048190344,0.207181652777922,0.498742211454187,0.465949485197969,-0.861824730486149,NA,NA,NA,NA,NA,NA,0.119218607723881,0.116028921048221,0.100619669115669,0.159664074635853,0.139358751071035,2.01168260808527
1,0.5,0.2,0.5,0.4,-0.2,1.0688419966228,0.619051688943484,0.0793354392103443,0.621671593812689,0.444895949290429,0.00469321507693027,NA,NA,NA,NA,NA,NA,0.122074118613556,0.107975577132461,0.102932741331774,0.238140038118643,0.192395469383993,1.75013761760124
1,0.5,0.2,0.5,0.4,-0.2,1.29008061911334,0.207498771837528,0.00900203160872227,1.25862790905762,-0.0140623600425819,1.66288734116085,NA,NA,NA,NA,NA,NA,0.104178962003116,0.108296694914355,0.0731966627208524,0.441331910989998,0.24587675743755,0.377354546316216
1,0.5,0.2,0.5,0.4,-0.2,0.94891093510039,0.529554041879988,0.159824149367406,0.538424514163074,0.231962484524484,0.0081176708382495,NA,NA,NA,NA,NA,NA,0.403219999865971,0.260288967164735,0.116059025670404,1.85683675735708,1.07056912769193,14.7630016635658
1,0.5,0.2,0.5,0.4,-0.2,1.14663904310477,0.289744176511972,0.291126607339088,0.299002014699932,0.424004428049901,-1.85564928026748,NA,NA,NA,NA,NA,NA,0.13610866186474,0.117625408354069,0.108593159330034,0.157762761222389,0.204445262468948,4.37866279968598
1,0.5,0.2,0.5,0.4,-0.2,0.735911814985127,0.658088956636374,0.208143230273023,0.712677750358278,0.762865384148707,-0.0693791291688886,NA,NA,NA,NA,NA,NA,0.109857617807454,0.0758705388512834,0.0450353298886726,0.106896149911157,0.123204822628856,NA
1,0.5,0.2,0.5,0.4,-0.2,1.15073025484707,0.528148112610151,0.252511200863811,0.64128223200969,0.666572377235427,-0.260429814210615,NA,NA,NA,NA,NA,NA,0.114895033518472,0.0954216005942987,0.0485841503866571,0.147347859847771,0.161664585920608,1.43241279555314
1,0.5,0.2,0.5,0.4,-0.2,0.851508798928024,0.685732994120644,0.170242152808684,0.986301829382592,0.476964361439925,1.0393179406839,NA,NA,NA,NA,NA,NA,0.15737823662021,0.147335769714071,0.0882043164753808,0.412106344878466,0.210649058539209,0.730694025750444
1,0.5,0.2,0.5,0.4,-0.2,0.967852032104443,0.500764305733612,0.180164465757861,0.406724686032477,0.362864604438755,-0.0584972370886968,NA,NA,NA,NA,NA,NA,0.134737902716242,0.109859700654536,0.109882178782351,0.195037811584102,0.154892506975139,1.46030229271653
1,0.5,0.2,0.5,0.4,-0.2,1.11644865816476,0.440519533614333,0.148742961213351,0.501030980168371,0.403158423204294,-0.0750880735573022,NA,NA,NA,NA,NA,NA,0.122168670578219,0.120244323597525,0.0870270736738634,0.203266812689442,0.178528293125254,1.88238655444697
1,0.5,0.2,0.5,0.4,-0.2,0.750027034137095,0.67122228878887,0.202928117346264,0.173002884004964,0.377766111795308,-2.99364398314154,NA,NA,NA,NA,NA,NA,0.1500617929748,0.179388116518496,0.106995910193304,0.138380580951867,0.162691720987602,5.66083676305135
1,0.5,0.2,0.5,0.4,-0.2,1.02173106975319,0.416227703365525,0.129640102100847,0.40124355650363,0.589400148781628,-0.99730793405361,NA,NA,NA,NA,NA,NA,0.133653549942254,0.103016084832991,0.0915320124097782,0.17679982168478,0.163825463946071,3.75673303077025
1,0.5,0.2,0.5,0.4,-0.2,1.18233262632723,0.322692952214729,0.0645726041824905,0.499066552212686,0.684913961605776,-0.141277067786835,NA,NA,NA,NA,NA,NA,0.137172368175319,0.102084069686375,0.0699195068469685,0.259657650913673,0.203623345040761,3.46794197756617
1,0.5,0.2,0.5,0.4,-0.2,0.976453795687246,0.540901948630584,0.248707564639442,0.523008683148021,0.225462837117551,0.510064438944947,NA,NA,NA,NA,NA,NA,0.137656837608458,0.110525055294875,0.1095564656166,0.26337425144128,0.171915922010997,1.10241176274847
1,0.5,0.2,0.5,0.4,-0.2,0.857687261025576,0.700385861590055,0.150196989121457,0.413913030991618,0.298805996311365,-0.0371267964040739,NA,NA,NA,NA,NA,NA,0.139382436028529,0.124211845308208,0.101753182267284,0.206532749210596,0.159847716756208,1.50154136245824
1,0.5,0.2,0.5,0.4,-0.2,0.956341032748307,0.681427478528084,0.183319824154296,0.878945663172943,-0.0960977549102186,1.12324781865488,NA,NA,NA,NA,NA,NA,0.120152254125624,0.117122172877343,0.0921090392189167,0.295030239884877,0.234786272017149,0.490813490501603
1,0.5,0.2,0.5,0.4,-0.2,0.993513049673882,0.652110567277412,0.283027929907176,0.369201357552023,0.335955398759832,0.121349061585725,NA,NA,NA,NA,NA,NA,0.185346784794744,0.176805795258454,0.129408713413809,0.431506509702495,0.30720406811237,2.3743069919096
1,0.5,0.2,0.5,0.4,-0.2,0.751864746591075,0.816856205877969,0.112691469421967,0.245705284478047,0.624745123898422,-1.63354270786183,NA,NA,NA,NA,NA,NA,0.179995169971671,0.212282759172158,0.114394201449348,0.167459735133538,0.175019844182586,3.06082533512205
1,0.5,0.2,0.5,0.4,-0.2,0.963941878741728,0.631448941031834,0.148887290767744,0.708708167951146,0.470490486099626,0.706882673953599,NA,NA,NA,NA,NA,NA,0.132503718364184,0.124285898552591,0.108211228998881,0.20240175579414,0.172761589295283,0.655671666305815
1,0.5,0.2,0.5,0.4,-0.2,0.994334261615645,0.471001378828115,0.227067339843408,0.689092015859155,0.372407815169008,-0.495508167733831,NA,NA,NA,NA,NA,NA,0.0924102439435469,0.0765117224104939,0.0883982342802141,0.150986159427664,0.139432800357086,1.380368884815
1,0.5,0.2,0.5,0.4,-0.2,0.978812870241863,0.586513848626004,0.258838511314131,0.705735224100285,0.358534535812347,0.00707012724952468,NA,NA,NA,NA,NA,NA,0.0992782064744445,0.104383516885843,0.0632476212794441,0.301073884327833,0.194762671375219,2.28802192213204
1,0.5,0.2,0.5,0.4,-0.2,1.05345122113509,0.55786952682549,0.119729434590483,0.416501771764446,0.507675502481337,-0.836810262085936,NA,NA,NA,NA,NA,NA,0.125529838157529,0.10949490322866,0.0897948876003611,0.192272496130473,0.195194745404297,2.10561222116977
1,0.5,0.2,0.5,0.4,-0.2,1.11615572117393,0.597770310126196,0.0770981373645106,0.852542907620265,0.190809645604236,-0.144727415221155,NA,NA,NA,NA,NA,NA,0.0766952451947431,0.0913017688792719,0.0742087728470291,0.175803026638312,0.156396003196156,1.47267336707325
1,0.5,0.2,0.5,0.4,-0.2,1.08948911493109,0.372175472975169,-0.103220071879476,0.47386551375194,0.197964216774944,-0.414509802995882,NA,NA,NA,NA,NA,NA,0.111190871766094,0.14070107788822,0.123011653814118,0.153806786606965,0.170053367014647,1.6563940844856
1,0.5,0.2,0.5,0.4,-0.2,0.985227040447132,0.511074054938416,0.187490987468301,0.844752122084294,0.441868358913773,0.505007946518938,NA,NA,NA,NA,NA,NA,0.0954521963256689,0.0709204052682825,0.0638576891661765,0.378556633901703,0.299767960990689,1.64308551105621
1,0.5,0.2,0.5,0.4,-0.2,1.08112224932638,0.356959889114198,0.228534259713446,0.626718130738191,0.305300835754097,-0.0656392201214037,NA,NA,NA,NA,NA,NA,0.109555157868434,0.107392084966764,0.0885586317059387,0.171651954429689,0.149855986595851,1.16823857092959
1,0.5,0.2,0.5,0.4,-0.2,1.03391711307929,0.617801601003046,0.307388279501404,0.548477852451706,0.314965146718659,-0.190275988450168,NA,NA,NA,NA,NA,NA,0.110524668570632,0.119007179381538,0.0946585372033843,0.205183089848476,0.199711569591084,2.18221814951301
1,0.5,0.2,0.5,0.4,-0.2,1.0808664311924,0.454845506997052,0.15237722376355,0.682176559469726,0.246873045214357,-0.012649086456571,NA,NA,NA,NA,NA,NA,0.0955967385481309,0.0919230775319651,0.081042323439393,0.190549336329486,0.172575184782887,1.17136156376502
1,0.5,0.2,0.5,0.4,-0.2,1.05527811196074,0.461611544293687,0.270961323295228,0.723557308839811,0.451024666684618,1.24876763479834,NA,NA,NA,NA,NA,NA,0.136019356006954,0.119535342358798,0.113430078745386,0.294935100975407,0.177818803743727,0.724493559752748
1,0.5,0.2,0.5,0.4,-0.2,1.09371444097481,0.402603741419256,0.245486392145497,0.66980773664223,0.289367165096817,-0.32381479508069,NA,NA,NA,NA,NA,NA,0.095052491820074,0.0998323403474572,0.0830158893021969,0.145643205288929,0.150955961737067,2.0213613600309
1,0.5,0.2,0.5,0.4,-0.2,0.947850791496901,0.530215446494242,0.189799330216655,0.474176769905538,0.483762706195738,-0.0122900718743756,NA,NA,NA,NA,NA,NA,NA,NA,0.102933977005419,NA,NA,NA
1,0.5,0.2,0.5,0.4,-0.2,0.930493623005979,0.419458688089014,0.26680281229058,0.750459382959827,0.340790425953979,-0.0314467885167655,NA,NA,NA,NA,NA,NA,0.0930901521006152,0.121321162219431,0.0820922383126431,0.234196931676086,0.175179892146292,1.65391113743429
1,0.5,0.2,0.5,0.4,-0.2,1.04138830092081,0.396256003119073,0.176227430078074,0.758805934616857,0.438077917215049,-0.861993347960865,NA,NA,NA,NA,NA,NA,0.0896520525978876,0.0759642609829459,0.0745121050879279,0.14061350688289,0.155637203367397,1.79793172756659
1,0.5,0.2,0.5,0.4,-0.2,0.982362480762811,0.571132627477217,0.255197941514314,0.564082845761936,0.383332203101669,-0.709512984722882,NA,NA,NA,NA,NA,NA,0.108121381697445,0.100358595432916,0.0774838290342623,0.16809755781983,0.166602311897055,1.65004339074926
1,0.5,0.2,0.5,0.4,-0.2,0.955010856181435,0.667519033903611,0.194945612240861,0.383234172092534,0.4996412323945,-0.00139879194574579,NA,NA,NA,NA,NA,NA,0.148247596928622,0.13065993126255,0.0779949785392228,0.228664969794598,0.185400721010146,1.68536818446393
1,0.5,0.2,0.5,0.4,-0.2,0.872020664613524,0.66302852385275,0.186032894284863,0.424155414731598,0.405085045130066,-1.70631681781038,NA,NA,NA,NA,NA,NA,0.118129326613647,0.125718178935352,0.0962946080437524,0.149507332200875,0.137171802924451,2.42120853541728
1,0.5,0.2,0.5,0.4,-0.2,1.0740467981051,0.525313175598085,0.2018687436392,0.549640686327437,0.371257783080879,-0.596391208685,NA,NA,NA,NA,NA,NA,0.110699434889502,0.114397398885194,0.0882340920800863,0.166248630815345,0.166147395773651,1.69439157513513
1,0.5,0.2,0.5,0.4,-0.2,1.0237168145064,0.568179632132863,0.294843361498845,0.726141336727316,0.544878905009053,-0.274777917256822,NA,NA,NA,NA,NA,NA,0.1003767360952,0.0735198126832384,0.0743560752355523,0.164505530426455,0.179775069388115,1.399224436513
1,0.5,0.2,0.5,0.4,-0.2,1.12489220524006,0.45314292443336,0.157068355638155,0.447268022691673,0.162549429953963,0.0170690999312656,NA,NA,NA,NA,NA,NA,NA,0.0846515691538872,0.118560841301953,NA,NA,NA
1,0.5,0.2,0.5,0.4,-0.2,0.869124303284976,0.592767679601268,0.256696276008321,0.695386776577044,0.274469815249404,0.00125599366281778,NA,NA,NA,NA,NA,NA,0.104107365614843,0.103855151540964,0.0661007923314886,0.18590542947325,0.165610000339949,1.27618052411232
1,0.5,0.2,0.5,0.4,-0.2,1.14962065738646,0.334472641559755,0.0197394793228021,0.461444210485005,0.252115116563185,-0.0226680659053404,NA,NA,NA,NA,NA,NA,0.117169434108428,0.107794673299272,0.105544753025681,0.217511507900037,0.172217950957138,1.75812205411753
1,0.5,0.2,0.5,0.4,-0.2,1.00674348580886,0.45881568680194,0.0462185414947164,0.698245896258331,0.241832849853741,-0.143834135106924,NA,NA,NA,NA,NA,NA,0.0867328040699762,0.0848999664229168,0.0954634896185687,0.153339428453384,0.152406561887001,0.926587218854557
1,0.5,0.2,0.5,0.4,-0.2,1.09941236753812,0.445659416220812,0.253276287794248,0.618238726525598,0.193971517829098,1.03939881995598,NA,NA,NA,NA,NA,NA,0.14279181335286,0.131529696986926,0.131323555596064,0.253233893109978,0.155836361941261,0.824860801091708
1,0.5,0.2,0.5,0.4,-0.2,1.04350431484385,0.461174028441292,0.298030111754906,0.346141658235748,0.495353386623248,-1.48896998241127,NA,NA,NA,NA,NA,NA,0.138203546981329,0.125992158274963,0.135797612221323,0.165321597375195,0.174137281839127,2.58805155369153
1,0.5,0.2,0.5,0.4,-0.2,0.982222199331092,0.443918443997928,0.135200359972436,0.537769338110381,0.318759495121874,0.00429941673177391,NA,NA,NA,NA,NA,NA,0.13556059090422,0.108121617356175,0.0990879879802702,0.349770974379489,0.266278977345217,3.32819348546954
1,0.5,0.2,0.5,0.4,-0.2,0.844185518324895,0.660894027131876,0.234263058163833,0.487197421851231,0.557367476379959,-0.144660945510154,NA,NA,NA,NA,NA,NA,0.142375548943839,0.134257131906488,0.0862437343921656,0.231359179179555,0.161536882047964,1.8383806416181
1,0.5,0.2,0.5,0.4,-0.2,0.974774111541594,0.501982004715754,0.26377411264517,0.546146717389605,0.559740820983352,0.186894872255037,NA,NA,NA,NA,NA,NA,0.136734221827122,0.104684382761365,0.0904608868906756,0.21530669778549,0.158954799344235,1.24677395384174
1,0.5,0.2,0.5,0.4,-0.2,0.965818304023263,0.410717190533926,0.0373013558134234,0.49798163684626,0.136933244224738,-0.31648208269422,NA,NA,NA,NA,NA,NA,0.106379540366666,0.130417468438673,0.128949268237789,0.17038799527149,0.159719177298007,1.39800956114684
1,0.5,0.2,0.5,0.4,-0.2,0.978097013486979,0.496912328060936,0.229470835856829,0.340442537975086,0.338276109160875,0.178838407154248,NA,NA,NA,NA,NA,NA,0.257991764789192,0.199856688362001,0.163458618361323,0.822376339228478,0.444521656548235,5.38120359456165
1,0.5,0.2,0.5,0.4,-0.2,1.32340031353867,0.374300680623754,0.172588844377479,0.468471346718127,0.296866144155661,-0.00178192553385846,NA,NA,NA,NA,NA,NA,0.127050657929183,0.118665010403572,0.109496228930482,0.239219744634279,0.200493639336424,2.45674240614116
1,0.5,0.2,0.5,0.4,-0.2,1.17307329910194,0.551751844385932,0.186102566170735,0.799237558406337,0.299693356220882,0.809088589859046,NA,NA,NA,NA,NA,NA,0.112802752359273,0.129036634171133,0.0933342811463841,0.539344111228375,0.179010249533238,1.6854638212287
1,0.5,0.2,0.5,0.4,-0.2,1.01413820641141,0.506915452234095,0.0830303880257602,0.37261870883175,0.209860155818834,-0.412726037661245,NA,NA,NA,NA,NA,NA,0.127472773624287,0.123974895291841,0.118506161759131,0.17405675598721,0.138652264744083,1.9545557331381
1,0.5,0.2,0.5,0.4,-0.2,1.03995750761941,0.721609205976678,0.243691369161248,0.705461453257678,0.164241372584536,-0.0551195778236813,NA,NA,NA,NA,NA,NA,0.0881591175540362,0.0959463995431172,0.094989584576608,0.197143251381659,0.177328614508008,1.10716435774191
1,0.5,0.2,0.5,0.4,-0.2,1.18932532576989,0.44400065103482,0.104489794182233,0.480192719751999,0.325597540453165,-0.0102245395857311,NA,NA,NA,NA,NA,NA,0.125876600848409,0.124933022553866,0.140528975064839,0.203813071690839,0.170295270390784,1.79206667340469
1,0.5,0.2,0.5,0.4,-0.2,1.17832307008075,0.333184108219512,0.0676439011690518,0.548807252130524,0.430425654022856,-1.47975862655236,NA,NA,NA,NA,NA,NA,0.111974097196681,0.0857504862451913,0.0818701254938871,0.142584285635504,0.125043363729376,NA
1,0.5,0.2,0.5,0.4,-0.2,1.07559044064506,0.542227610653066,0.30261201567964,0.547891624384549,0.47283802358589,-1.14038455236834,NA,NA,NA,NA,NA,NA,0.108027063668117,0.0845146720172033,0.0709286492419262,0.143038448734198,0.163134872378741,1.4224601597535
1,0.5,0.2,0.5,0.4,-0.2,1.08029541391416,0.365455612332271,0.084117675487546,0.294621868932555,0.502058762427402,-0.193082565128019,NA,NA,NA,NA,NA,NA,0.0776993029502471,0.107141765221746,0.130766212765868,NA,NA,NA
1,0.5,0.2,0.5,0.4,-0.2,0.952255513442154,0.486316418450767,0.407623787073001,0.796476117002669,0.157317175750847,0.025005136305233,NA,NA,NA,NA,NA,NA,0.0972821002079095,0.0828462241252815,0.0913089663315275,0.25270184888549,0.146689258373292,1.33024323743215
1,0.5,0.2,0.5,0.4,-0.2,1.0855524568172,0.529347544463255,0.0739183879281082,0.713835710497056,0.504791681956024,-0.0478231729337722,NA,NA,NA,NA,NA,NA,0.09699954738787,0.0728991530893692,0.0591068827498473,0.183610790077509,0.143889838287535,1.65822536766921
1,0.5,0.2,0.5,0.4,-0.2,0.87277143575211,0.596218165468155,0.174468456285929,0.396128083150801,0.293808321352625,0.0074827260753533,NA,NA,NA,NA,NA,NA,0.145992826189483,0.125122384091036,0.121024344400179,0.228434536665056,0.187630958320634,1.45855162159133
1,0.5,0.2,0.5,0.4,-0.2,1.19844805086586,0.454934932690012,0.156932913815961,0.331902422701529,0.410081525162951,-0.00380794566102176,NA,NA,NA,NA,NA,NA,0.150919961964156,0.153245846732711,0.108100902529607,0.200070564329138,0.17276277986838,1.65190802181672
1,0.5,0.2,0.5,0.4,-0.2,0.70997636220266,0.796581610210867,0.215550473599929,0.2901361495155,0.371679351610669,-0.536414381301598,NA,NA,NA,NA,NA,NA,0.147975510183467,0.136944984317805,0.109491985065991,0.150741595092141,0.137096272714599,1.29420410611965
1,0.5,0.2,0.5,0.4,-0.2,1.07177314804971,0.423054232265267,0.155184654236983,0.496866450396666,0.382316963689282,-0.945812389613962,NA,NA,NA,NA,NA,NA,0.112763360715827,0.106017677764298,0.0788656743252053,0.157467105907387,0.16031015883265,3.95400975785208
1,0.5,0.2,0.5,0.4,-0.2,0.937341381809654,0.449470581321085,0.120035610258546,0.457764324928652,0.549620562208651,0.193650229117387,NA,NA,NA,NA,NA,NA,0.179999193302469,0.159933200214018,0.115398099720522,0.359601339067338,0.267836769267164,2.44976691122503
1,0.5,0.2,0.5,0.4,-0.2,1.16536089783421,0.624591854995651,0.110241770490208,0.409848421091689,0.43628524933502,-0.000716505631872322,NA,NA,NA,NA,NA,NA,0.148001378396213,0.130064881735959,0.100911718681689,0.230488691878583,0.185774390397598,1.86851136711706
1,0.5,0.2,0.5,0.4,-0.2,0.989241411014967,0.482298012328966,-0.0257869717668807,0.504461278114251,0.193396276585994,0.0146528805401574,NA,NA,NA,NA,NA,NA,0.117584668787077,0.107154998536886,0.12245186754219,0.277338976796825,0.179151522579862,1.93030384803991
1,0.5,0.2,0.5,0.4,-0.2,0.894881136869375,0.495717297978545,0.0977529566224155,0.445664973552868,0.552163372203022,-0.000713092648054186,NA,NA,NA,NA,NA,NA,0.178022887380635,0.178204063584614,0.0830557101424382,0.361691233522119,0.197229238662484,3.71605477102514
1,0.5,0.2,0.5,0.4,-0.2,1.25448964144511,0.372372064834456,0.244092678352743,0.516819929182588,0.480057669003795,-0.0731626204247917,NA,NA,NA,NA,NA,NA,0.122981724640885,0.112236975332209,0.105104036879003,0.205215226136171,0.173622390481053,2.0389190085812
1,0.5,0.2,0.5,0.4,-0.2,1.13681504779901,0.37618754532885,0.072128706522326,0.658970110018058,0.385519080541176,-0.0748385433171823,NA,NA,NA,NA,NA,NA,0.100923672588296,0.0893915957511499,0.0818867672279979,0.155291053743517,0.133430253875137,1.28399493629101
1,0.5,0.2,0.5,0.4,-0.2,0.884574141383772,0.56271129307581,0.404292707782863,0.454083350295603,0.378857715944437,-1.35316885351115,NA,NA,NA,NA,NA,NA,0.135920749565818,0.135536915030783,0.109688093808141,0.198218912707604,0.185256849554641,3.20894637966321
1,0.5,0.2,0.5,0.4,-0.2,1.10907971036886,0.366720348193623,0.15215803859743,0.797501580477867,0.472982740307649,0.736310981826763,NA,NA,NA,NA,NA,NA,0.10527048502643,0.0925280855798418,0.0678724091010148,0.205567777308524,0.156094098253563,0.776730422047552
1,0.5,0.2,0.5,0.4,-0.2,1.0528925474337,0.505617544904509,0.203827682959607,0.451941370844534,0.316606131152841,-0.224073647127795,NA,NA,NA,NA,NA,NA,0.121040722090099,0.0903328909867056,0.111803106164698,0.190957972638312,0.174931735515414,1.52337791680834
1,0.5,0.2,0.5,0.4,-0.2,1.15315650713449,0.457421808702117,0.233081333704597,0.38025260865824,0.485372886546588,-0.675359761144422,NA,NA,NA,NA,NA,NA,0.137282433044659,0.123884731757365,0.0965818789078221,0.175979969731653,0.160679288448353,2.13654144789874
1,0.5,0.2,0.5,0.4,-0.2,0.956726062287406,0.643879067029803,0.178928528714556,0.550617919604557,0.440227770181343,-0.138333284101748,NA,NA,NA,NA,NA,NA,0.118027891181262,0.102679192339585,0.0720354299412533,0.165433766768263,0.158021382918998,1.68539752308658
1,0.5,0.2,0.5,0.4,-0.2,1.11943417002664,0.32174337369974,0.19657279860024,0.597346666296188,0.659527521999723,-0.113906934932454,NA,NA,NA,NA,NA,NA,0.133169539029497,0.0999008078414711,0.0746584142367479,0.408433425346329,0.284720462220248,6.13756651076437
1,0.5,0.2,0.5,0.4,-0.2,0.970353419907757,0.489851734372015,0.15816856419851,0.551962519298539,0.142080919907487,-0.00214389243825119,NA,NA,NA,NA,NA,NA,0.107021100180762,0.10100411863236,0.0829597391847398,0.198122398306751,0.17401857909318,1.29418484140862
1,0.5,0.2,0.5,0.4,-0.2,0.891201319777116,0.490121181420706,0.234806428486696,0.515306875335493,0.551890122596123,-0.0221452011269345,NA,NA,NA,NA,NA,NA,0.1304077407613,0.124781925889377,0.0942307515563762,0.181582888572146,0.166520297594169,1.42373541190658
1,0.5,0.2,0.5,0.4,-0.2,1.00531962498126,0.519891645955267,0.259402780658761,0.56958296184485,0.493401071551719,-0.0610970968143753,NA,NA,NA,NA,NA,NA,0.121672161688591,0.0904951152629656,0.0929308951983507,0.205586539618587,0.190960142898573,1.84874977696359
1,0.5,0.2,0.5,0.4,-0.2,1.02745194546896,0.423482499554502,0.275282622390617,0.771228565602996,0.283062232600593,-0.00408304852582773,NA,NA,NA,NA,NA,NA,0.101513237399339,0.088588775898715,0.0889484145464978,0.27022989471985,0.193232004639639,2.15180099682004
1,0.5,0.2,0.5,0.4,-0.2,1.00797962235448,0.460453054324671,0.162376517421026,0.554211198564826,0.580111109849124,0.108980597975942,NA,NA,NA,NA,NA,NA,0.152046689161504,0.127681635365844,0.0907364139949713,0.294763438406398,0.17022536750745,2.13636732609387
1,0.5,0.2,0.5,0.4,-0.2,0.945919988019595,0.494931686744159,0.188696695705496,0.526174443569588,0.41552972817136,-0.0106357509506432,NA,NA,NA,NA,NA,NA,0.127414031704182,0.129598582296682,0.100529629425968,0.17659921751006,0.163635032072558,1.29847280730218
1,0.5,0.2,0.5,0.4,-0.2,1.02468424164556,0.328098730446607,0.29286555652519,0.549406195564595,0.213066899964699,-0.195643497081814,NA,NA,NA,NA,NA,NA,0.106757050760964,0.123861270513977,0.103108489005287,0.156641764734514,0.167099814045525,1.52475087626377
1,0.5,0.2,0.5,0.4,-0.2,1.06119060610982,0.409310695117893,0.273122773536329,0.583155899962073,0.370945671128454,-0.00243845095967117,NA,NA,NA,NA,NA,NA,0.793232591923512,0.167579773304545,0.141709187132705,4.26734593542712,0.748680547716903,44.1999457283517
1,0.5,0.2,0.5,0.4,-0.2,1.2066204731929,0.423117233122451,0.109112764123216,0.521925232976487,0.157026735730393,-0.00136704771679301,NA,NA,NA,NA,NA,NA,0.125910973023856,0.10550981627199,0.107459091949795,0.323143771340329,0.192726291354872,3.66455341553367
1,0.5,0.2,0.5,0.4,-0.2,1.19937330164706,0.282699719764393,-0.0386630274644647,0.565117634843918,0.392430037933163,-0.0022307403906994,NA,NA,NA,NA,NA,NA,0.125712409254011,0.120010259916929,0.111999892802139,0.227577486220113,0.170050023160048,2.32141272101223
1,0.5,0.2,0.5,0.4,-0.2,1.0378774787701,0.529169656632036,0.272905003614156,0.597782903912376,0.388276664158639,-0.24202463355056,NA,NA,NA,NA,NA,NA,0.105408482220582,0.116326261693386,0.103837773134404,0.145750036634583,0.148911407839813,1.15218119561514
1,0.5,0.2,0.5,0.4,-0.2,0.875937842925521,0.633478820003135,0.125977380035518,0.283887411753431,0.485485083756841,-0.957868110651911,NA,NA,NA,NA,NA,NA,0.160505540907716,0.151580905660344,0.0797646369822235,0.161261833474215,0.145036371640587,2.51623703011128
1,0.5,0.2,0.5,0.4,-0.2,1.07023859410319,0.488181171020847,0.360118720858282,0.458776806337265,0.127241234964692,-1.47259056154068,NA,NA,NA,NA,NA,NA,0.10604667348456,0.116965850754844,0.108080122866474,0.133609636614698,0.130684187500994,1.85697917245201
1,0.5,0.2,0.5,0.4,-0.2,0.942449332318557,0.524585871547249,0.282223715375754,0.437673132353296,0.389549107404449,-0.989507971000181,NA,NA,NA,NA,NA,NA,0.120890700596973,0.121075045939462,0.09148332892076,0.176822829246895,0.174971806454856,3.03544765975044
1,0.5,0.2,0.5,0.4,-0.2,1.03115198203229,0.437143989906604,0.209175109656417,0.498764866575424,0.414678442803138,0.624912914182621,NA,NA,NA,NA,NA,NA,0.142008954748714,0.119285417167801,0.10076364319348,0.22442965221757,0.163777810460386,1.00595077958559
1,0.5,0.2,0.5,0.4,-0.2,1.29565637799448,0.193500537777841,0.328546266000195,0.442849395185093,0.551909214890216,0.0202354775096058,NA,NA,NA,NA,NA,NA,0.504920622811482,0.317342634770828,0.30431646177175,1.5149256575965,0.467911026644757,18.7711938623624
1,0.5,0.2,0.5,0.4,-0.2,0.96998860416125,0.595170267766976,0.305166113128361,0.562552629866228,0.635044620780594,-0.297772375990178,NA,NA,NA,NA,NA,NA,0.115981594873942,0.102862041759046,0.0780185412155985,0.14757859019185,0.157157381332876,1.58098756332162
1,0.5,0.2,0.5,0.4,-0.2,0.947640529140474,0.636804186331851,0.304404252988768,0.406974455812231,1.01729335215155,0.473535046203818,NA,NA,NA,NA,NA,NA,0.171693064316779,0.136778454048367,0.0492106201474753,0.0237281224579118,0.228202836578222,NA
1,0.5,0.2,0.5,0.4,-0.2,1.35912751916113,0.213010157252242,0.0904767900789825,0.414946035957188,0.167593244219937,0.000445295648392603,NA,NA,NA,NA,NA,NA,0.143770373724809,0.147000942321059,0.127011189938915,0.361905464352422,0.2165266779234,4.67387893444213
1,0.5,0.2,0.5,0.4,-0.2,1.2180072200847,0.324407754160043,0.167525135712881,0.973481888827411,0.257914147130803,1.52909902134692,NA,NA,NA,NA,NA,NA,0.129740756598851,0.105090585420416,0.0832905881387203,0.598027593784497,0.265111955554053,0.793580442287297
1,0.5,0.2,0.5,0.4,-0.2,1.07775691679255,0.320021646459021,0.421473778044866,0.730101071949791,0.511167273035007,0.155798822191151,NA,NA,NA,NA,NA,NA,0.111422389439253,0.0954221735041906,0.0868684841699737,0.212433470867856,0.17768164315275,1.05872075232165
1,0.5,0.2,0.5,0.4,-0.2,1.02034006076317,0.40864393388713,0.254841902774515,0.828967832032824,0.454725998835229,-0.0785159498919831,NA,NA,NA,NA,NA,NA,0.095146165179731,0.0959094470848423,0.070480449288672,0.157074619896925,0.139791664712407,1.2818596774112
1,0.5,0.2,0.5,0.4,-0.2,0.816439129921712,0.610753529529006,0.336881765744548,0.401441868386912,0.592789443967387,-0.910572968213165,NA,NA,NA,NA,NA,NA,0.154395412137148,0.166027523159785,0.0948061658553837,0.172416146532916,0.184015291960761,2.83141934731178
1,0.5,0.2,0.5,0.4,-0.2,0.893524391670497,0.565711045503075,0.301501997088477,0.474057918488505,0.317088422684474,-2.41875617964157,NA,NA,NA,NA,NA,NA,0.0941792463927273,0.116877508401619,0.0825790811024514,NA,NA,NA
1,0.5,0.2,0.5,0.4,-0.2,0.970486669907785,0.605944429487173,0.268604086891179,0.371353113480903,0.373651188343863,0.00211982575286504,NA,NA,NA,NA,NA,NA,0.16139736433722,0.153328453264579,0.0982672910893972,0.320789506840857,0.167827804372028,2.37113468777035
1,0.5,0.2,0.5,0.4,-0.2,0.923832257280887,0.540578095382863,0.228153337811173,0.686461858274109,0.0113917175420846,-0.537964387609398,NA,NA,NA,NA,NA,NA,0.0872949563312535,0.0862282755396889,0.12637654213266,0.148382373766273,0.184086016151283,1.75320266568138
1,0.5,0.2,0.5,0.4,-0.2,0.957528540040373,0.477796595059267,0.0193088183116466,0.570797873444069,0.379622368151783,-0.246115975118699,NA,NA,NA,NA,NA,NA,0.111195876320472,0.0963818362768327,0.095673842834241,0.178967607331964,0.18314432855666,1.7131174730657
1,0.5,0.2,0.5,0.4,-0.2,0.952288041111463,0.533455046266462,0.278521372376173,0.783071277555179,0.487540787019647,0.00124984666642086,NA,NA,NA,NA,NA,NA,0.0996082953235385,0.0830598941152639,0.0606767021213973,0.242312518388214,0.19304502761648,1.79495289657177
1,0.5,0.2,0.5,0.4,-0.2,0.956490581825194,0.538711853352748,0.101211171971595,0.634697982584275,0.59815815917833,-0.00890624376234518,NA,NA,NA,NA,NA,NA,0.116895655631697,0.093987500088004,0.078864021030125,0.189143731733016,0.185612110445083,1.33222387966707
1,0.5,0.2,0.5,0.4,-0.2,0.956810651848581,0.487766523704874,0.120546174699743,0.572188475711905,0.356395212213852,0.0160332120125015,NA,NA,NA,NA,NA,NA,0.0891628801014644,0.0920671036258232,0.0842265527335085,NA,0.122052317873641,NA
1,0.5,0.2,0.5,0.4,-0.2,0.982245440127602,0.462474700303308,0.178671419728687,0.453666756143928,0.457233244973935,-0.176767120889408,NA,NA,NA,NA,NA,NA,0.13379978376218,0.117706313728046,0.0800429993778219,0.189442384868973,0.153705952099414,1.90819680914297
1,0.5,0.2,0.5,0.4,-0.2,1.10716877690778,0.518531521805224,0.355138986335425,0.597998925445394,0.428750130380496,-0.00328757253643364,NA,NA,NA,NA,NA,NA,0.113942724831809,0.107518668297412,0.0928366368556145,0.190770703645535,0.15383009642109,1.37752848769489
1,0.5,0.2,0.5,0.4,-0.2,0.898475629082166,0.439745400813317,0.084765135383139,0.532424882240488,0.296141922422927,-0.0145539930033762,NA,NA,NA,NA,NA,NA,0.11755947557911,0.139541732912086,0.0885262768796834,0.203629856485824,0.177083947147376,1.29500427134518
1,0.5,0.2,0.5,0.4,-0.2,1.05891914022567,0.498962750369703,0.175992170515634,0.588292157432605,0.439046362458679,0.234087351762278,NA,NA,NA,NA,NA,NA,0.120247649374481,0.112705408170313,0.101525322707303,0.297296638848508,0.262645908404557,2.00186491480217
1,0.5,0.2,0.5,0.4,-0.2,1.09379546868152,0.555962173370935,0.122501418808714,0.409457742560922,0.652709764422202,-1.11177676472629,NA,NA,NA,NA,NA,NA,0.135464118024351,0.125815550039006,0.074201858432691,0.151576038316039,0.146554843052653,1.52937360418147
1,0.5,0.2,0.5,0.4,-0.2,1.00423905707817,0.435955497891308,0.221815841992714,0.472189636320476,0.346671853931258,-0.355443485985596,NA,NA,NA,NA,NA,NA,0.120414152188015,0.120999502728638,0.0978149871792876,0.158267700230953,0.150958247342417,1.36468946923443
1,0.5,0.2,0.5,0.4,-0.2,1.11465540208518,0.338071075913384,0.373531009676177,0.631223689314651,0.312573871041143,-0.0053916578340356,NA,NA,NA,NA,NA,NA,0.107924039350894,0.110290457462908,0.0864446207107305,0.177929660066547,0.168023770353962,1.30040483940562
1,0.5,0.2,0.5,0.4,-0.2,1.16265986642247,0.469601663937831,0.157945104327333,0.381143993899636,0.51379088181486,-0.0117646906516812,NA,NA,NA,NA,NA,NA,0.144398967033267,0.118850143463391,0.0799864971843001,0.178017002753147,0.171106885532129,1.42775590171856
1,0.5,0.2,0.5,0.4,-0.2,0.93972065871913,0.786019800121279,0.0492750084021439,0.560627708592566,0.316334939540126,0.0698491065062803,NA,NA,NA,NA,NA,NA,0.123379243186053,0.138207356647669,0.124378759189403,0.272670255605761,0.213192244846994,1.95795365385982
1,0.5,0.2,0.5,0.4,-0.2,1.0951015536861,0.376039532306011,0.100089181199709,0.618144718940935,0.438608668945649,0.324594467765374,NA,NA,NA,NA,NA,NA,0.118313332081446,0.106682906326482,0.0756383616799337,0.197148514933612,0.167407984005655,1.05660030663061
1,0.5,0.2,0.5,0.4,-0.2,1.14002044409505,0.43570289301946,0.150300772315337,0.402471195089244,0.409042236950405,-0.00479813646264625,NA,NA,NA,NA,NA,NA,0.143220434645775,0.134173692035733,0.099552635664418,0.264759429964919,0.191297633604169,2.62584700100896
1,0.5,0.2,0.5,0.4,-0.2,1.1625174850941,0.430130896793532,0.075564736474105,0.415397355192595,0.312565641417084,-0.00315911329627713,NA,NA,NA,NA,NA,NA,0.131546633169889,0.127381555480763,0.0871595375647406,0.200192970826007,0.155933934276283,1.7666841956717
1,0.5,0.2,0.5,0.4,-0.2,0.999068958057579,0.59360156220518,0.0829346702665798,0.70416296612689,0.345425867666882,-0.00178578492238226,NA,NA,NA,NA,NA,NA,0.106380210576947,0.103854896269224,0.0673541660446333,0.249774667106925,0.237033698079641,1.92507918756577
1,0.5,0.2,0.5,0.4,-0.2,1.20814215892297,0.443905815867273,0.163171216139471,0.541535108456233,0.569880249122917,0.00643616055927979,NA,NA,NA,NA,NA,NA,0.111479482002662,0.121632843788454,0.0976836058697909,NA,0.279265940745148,NA
1,0.5,0.2,0.5,0.4,-0.2,1.11695273436418,0.537455276505947,0.183480541123483,0.601232223455053,0.255812601450588,0.00562764914752616,NA,NA,NA,NA,NA,NA,0.105662930087083,0.10599431964291,0.0861012531702351,0.205989529128958,0.168169341958345,1.47856665978359
1,0.5,0.2,0.5,0.4,-0.2,1.02101145339883,0.524613160955622,0.212782289015554,0.352944177388618,0.238125590338934,-0.359085455729183,NA,NA,NA,NA,NA,NA,0.127512552867659,0.126224346717853,0.0895705605462081,0.163319671362363,0.156780859564263,1.24629225343149
1,0.5,0.2,0.5,0.4,-0.2,1.24794055337126,0.429811394799084,0.327159935750355,0.416196420013276,0.401848212173543,-0.00236809153832548,NA,NA,NA,NA,NA,NA,0.140050813549033,0.113248146693535,0.100201929284298,0.214412256823251,0.175850049152888,1.78519973895921
1,0.5,0.2,0.5,0.4,-0.2,0.871401862020864,0.65167143588134,0.257130102459957,0.508624274756648,0.379016575400346,-0.72160238066929,NA,NA,NA,NA,NA,NA,0.118733711331297,0.11073260493636,0.139433078648786,0.150818263661174,0.163172658625377,1.37633174734469
1,0.5,0.2,0.5,0.4,-0.2,0.773285974228964,0.667110804528245,0.263672931902572,0.508328241382375,0.606174828591603,-0.050745156937398,NA,NA,NA,NA,NA,NA,0.129144774287929,0.11009779079805,0.0674455445586565,0.149622936662421,0.140814104186426,0.973522436300147
1,0.5,0.2,0.5,0.4,-0.2,1.12892545896564,0.289998598549197,0.180099348624484,0.204439738832938,0.403822712077317,-0.681511211834662,NA,NA,NA,NA,NA,NA,0.158729516908266,0.17582381484869,0.100173268210441,0.176029589166697,0.154827675271595,1.83395437808662
1,0.5,0.2,0.5,0.4,-0.2,1.05617329194393,0.463431431324914,0.3321219216204,0.624923407373628,0.196544869668294,-0.810588085707615,NA,NA,NA,NA,NA,NA,0.0870343729451805,0.0840551818098611,0.102197266049479,0.139444544118104,0.145409134549629,1.80573824626196
1,0.5,0.2,0.5,0.4,-0.2,1.03840823465019,0.577720320232477,0.262119276035723,0.518432857783014,0.205004429249145,-0.00626687667068629,NA,NA,NA,NA,NA,NA,0.116376727639777,0.125146629973777,0.138131002316163,0.1750225591011,0.181500556558021,1.10470440649176
1,0.5,0.2,0.5,0.4,-0.2,1.13908426293082,0.499004775289904,0.15809575954575,0.45748402438786,0.157057294192721,-0.0264765762389165,NA,NA,NA,NA,NA,NA,0.121537639078513,0.131234494015006,0.110409678170357,0.201512611885725,0.161748352095521,1.76737286420353
1,0.5,0.2,0.5,0.4,-0.2,0.947795827346558,0.66651002150302,0.320259909668386,0.481423210731407,0.424131281236931,-0.226807769996339,NA,NA,NA,NA,NA,NA,0.134598967243224,0.138574784577952,0.0897389390811988,0.180910434614681,0.154982167411071,1.70403869437792
1,0.5,0.2,0.5,0.4,-0.2,1.02865977287053,0.567695766776869,0.250479148251855,0.604480262533043,0.152011952146091,-0.0482807645206336,NA,NA,NA,NA,NA,NA,0.0997157725860297,0.100157188703192,0.101789696053373,0.21077562553149,0.155815078017181,1.44961196144769
1,0.5,0.2,0.5,0.4,-0.2,0.843524494054863,0.57287436349542,0.115682614059236,0.592950793442652,0.474980640797175,-0.76347038753845,NA,NA,NA,NA,NA,NA,0.109445570981446,0.118587787319194,0.0942603128170853,0.155108118125206,0.171786491441153,2.66165154306976
1,0.5,0.2,0.5,0.4,-0.2,1.01797616971059,0.485666512920337,0.146870720531798,0.72673797157479,0.0636832514730755,-0.831459799608624,NA,NA,NA,NA,NA,NA,0.0773244306106904,0.0830220435978471,0.0680776675223604,0.1372559023135,0.165193996878333,2.05283621129806
1,0.5,0.2,0.5,0.4,-0.2,1.02625961235084,0.497297806665259,0.210337656959231,0.559149835279484,0.24989870083063,0.0823425759943249,NA,NA,NA,NA,NA,NA,NA,0.0553737611665337,0.0868580897032465,NA,NA,NA
1,0.5,0.2,0.5,0.4,-0.2,1.07082231840776,0.682137671889433,0.130001780770418,0.338203708907456,0.404758662533523,-2.61280721917754,NA,NA,NA,NA,NA,NA,0.140087737074883,0.150639277345855,0.0989370779203825,0.189153603436352,0.189083957837259,5.36602970626447
1,0.5,0.2,0.5,0.4,-0.2,1.15147387069014,0.506532119396422,0.201992839115637,0.393189844760763,0.193960275724063,-0.00664437430138165,NA,NA,NA,NA,NA,NA,0.130702282941344,0.124550854608193,0.168040541815385,0.222292778936878,0.147874628782417,1.59691563022844
1,0.5,0.2,0.5,0.4,-0.2,0.831929240997248,0.567046612825595,0.168930877779514,0.475409983022928,0.598416215393543,-0.00667498860617011,NA,NA,NA,NA,NA,NA,0.135891731222267,0.115099335337813,0.0795101611701193,0.185222831494112,0.174378527697055,1.93188610250708
1,0.5,0.2,0.5,0.4,-0.2,0.953266011835652,0.555633159084321,0.206474417275905,0.745980019939945,0.279781017733304,-0.488579008944194,NA,NA,NA,NA,NA,NA,0.0848687876202975,0.0921318635182109,0.0729605282561978,0.169106544238305,0.157429527769598,1.5037302545161
1,0.5,0.2,0.5,0.4,-0.2,1.05798320199021,0.522726230358556,0.312688262789843,0.578040223004759,0.279787011434499,-0.0183170870815184,NA,NA,NA,NA,NA,NA,0.112518809280294,0.108131320444468,0.102861002420113,0.181014238446597,0.172250225665747,1.34301659903685
1,0.5,0.2,0.5,0.4,-0.2,0.998253200467611,0.500977777374124,0.229590003584814,0.417743340734133,0.545948497298199,-1.37571327493333,NA,NA,NA,NA,NA,NA,0.154840998238558,0.159088537442428,0.0797427050371007,0.178256108101708,0.218264572227884,5.29365904392638
1,0.5,0.2,0.5,0.4,-0.2,1.29204681471091,0.220697642877173,0.0730567466500077,0.468252185553753,0.63534282741569,0.00121785519745702,NA,NA,NA,NA,NA,NA,0.177817164712778,0.143819514352707,0.110931210728455,0.597324987001488,0.393621590672759,6.832832966265
1,0.5,0.2,0.5,0.4,-0.2,0.998208843020823,0.530254403159939,0.0732445681316448,0.422105255176456,0.405225558184248,-0.337822201733648,NA,NA,NA,NA,NA,NA,0.132025528356867,0.135409539438104,0.087299888649095,0.154768602898537,0.141397046607776,1.27978411268265
1,0.5,0.2,0.5,0.4,-0.2,0.818337668924856,0.73519887698047,0.14981165981208,0.659629133822794,0.360353065103075,-0.0532135155776307,NA,NA,NA,NA,NA,NA,0.110514147081592,0.0854355330525491,0.097152666138921,0.224946031090197,0.176195030257127,1.52526598771411
1,0.5,0.2,0.5,0.4,-0.2,0.945585044782801,0.673118365141877,0.199533748969102,0.639762189927555,0.286087778365361,-0.0530346477089822,NA,NA,NA,NA,NA,NA,0.104995744907253,0.100122420850536,0.109400321313455,0.212793299741161,0.188652932402646,1.28544082692272
1,0.5,0.2,0.5,0.4,-0.2,0.942695965324513,0.604313042420669,0.236313032980626,0.37512198246934,0.448789237735759,-0.589112492248274,NA,NA,NA,NA,NA,NA,0.136619216606955,0.141819465644625,0.130301341762016,0.157602922532772,0.169249796542283,1.52201306609788
1,0.5,0.2,0.5,0.4,-0.2,0.964896252223539,0.542321976418362,0.124939183274775,0.349459797826839,0.802040830201502,-0.00185100278213793,NA,NA,NA,NA,NA,NA,0.208596388018378,0.173579973487002,0.054843561039298,0.304496481589567,0.216625641241076,3.08434670287409
1,0.5,0.2,0.5,0.4,-0.2,0.834216075613183,0.614494060062565,0.225595655724952,0.464839545001418,0.330741021773483,-0.00042698258634262,NA,NA,NA,NA,NA,NA,0.131891555155661,0.137282620859992,0.102114896219002,0.218043305034793,0.161509708374419,1.66128103045864
1,0.5,0.2,0.5,0.4,-0.2,0.986986497410303,0.552463297145651,0.137369184231993,0.583891179245871,0.304177473873099,-0.00213649027636563,NA,NA,NA,NA,NA,NA,0.128133688379604,0.105916386634136,0.0935598997827632,0.267647006059043,0.175453650855328,2.18844223909564
1,0.5,0.2,0.5,0.4,-0.2,1.30124992605069,0.208193701299081,0.267836706676714,0.423407787499265,0.312109346814598,-0.465803044571101,NA,NA,NA,NA,NA,NA,0.123867836362777,0.123528526901933,0.106070933779887,0.159833288802851,0.145989040725707,1.66735387810724
1,0.5,0.2,0.5,0.4,-0.2,1.04897108751037,0.528137911340232,0.328568440778525,0.457670693196393,0.3537176347313,-0.153958758618894,NA,NA,NA,NA,NA,NA,0.12087765427391,0.117303861063823,0.110315903720643,0.173630086961223,0.165208061456322,1.09446053694666
1,0.5,0.2,0.5,0.4,-0.2,0.991298566943471,0.466812339041127,0.373725210944836,0.333486919235416,0.383787148820256,-3.11324604991426,NA,NA,NA,NA,NA,NA,0.125149126210787,0.134886179987507,0.117554053085119,0.145492563965134,0.149696391131703,4.49222227233711
1,0.5,0.2,0.5,0.4,-0.2,0.934384258611586,0.423976330034586,0.251871045086168,0.852182309091574,0.36586810561613,-0.0898152284149299,NA,NA,NA,NA,NA,NA,0.0864392189253201,0.086110151494964,0.0693598109909331,0.159932377876205,0.149381391348829,1.2372732026438
1,0.5,0.2,0.5,0.4,-0.2,1.31548075010685,0.285705517637002,0.318767192510622,0.773260620750438,0.237750424828341,1.03436825143013,NA,NA,NA,NA,NA,NA,0.128477203288579,0.142160808223241,0.117414530923908,0.332505546676764,0.210524973092453,1.01477752420203
1,0.5,0.2,0.5,0.4,-0.2,1.0358904199694,0.590035128255159,0.179169366514608,0.336981532370206,0.579794498796733,-0.552497751079642,NA,NA,NA,NA,NA,NA,0.169241381690704,0.130204450194344,0.0802501811664564,0.206983589740454,0.186649102603831,3.22138773757762
1,0.5,0.2,0.5,0.4,-0.2,1.12427156503359,0.313786264181546,0.165890785925134,0.326392094075746,0.403600083097126,-1.60377793974965,NA,NA,NA,NA,NA,NA,0.129828087314905,0.117753023167869,0.108387233938359,0.176609199185095,0.151856362224755,5.26522860152949
1,0.5,0.2,0.5,0.4,-0.2,1.11268537907227,0.488550050013588,0.026620474209097,0.433246127155954,0.424812818249467,-1.3145050161489,NA,NA,NA,NA,NA,NA,0.123721455792965,0.118480095507659,0.0932926640065552,0.203711538314536,0.181945132737093,6.09907958463215
1,0.5,0.2,0.5,0.4,-0.2,1.01472982787378,0.36315275700644,0.179143671264791,0.562062597292357,0.434991921536672,-0.0187081162030238,NA,NA,NA,NA,NA,NA,0.118592584344138,0.109188054972039,0.0722870169165842,0.216293161723786,0.183448989115264,2.02810800098851
1,0.5,0.2,0.5,0.4,-0.2,1.17449178389382,0.436028638724726,0.257841132693827,0.494942080134412,0.186096512466663,-0.00262687387925632,NA,NA,NA,NA,NA,NA,0.114994187753942,0.108733266384925,0.0918959985480325,0.186780206195407,0.156376123651839,1.23604492538782
1,0.5,0.2,0.5,0.4,-0.2,0.87113699392769,0.653502771407431,0.153100037675479,0.588707958379653,0.432404819636934,-0.179864242491862,NA,NA,NA,NA,NA,NA,0.117441932366445,0.115774178328483,0.0818623161356187,0.177247235576513,0.165691899106919,1.23325277769688
1,0.5,0.2,0.5,0.4,-0.2,1.03363796612356,0.533529803980881,0.269280064118772,0.589573684624067,0.197870371597981,-0.000735321756874914,NA,NA,NA,NA,NA,NA,0.115020425102888,0.0996996094462432,0.146077120310606,0.304176317895564,0.181720098293181,2.83037787466279
1,0.5,0.2,0.5,0.4,-0.2,1.2052390194622,0.288604975934588,0.0546360099821018,0.268164929825518,0.252138373670661,-0.00368663407228506,NA,NA,NA,NA,NA,NA,0.172072309850571,0.145534771460337,0.140797024413141,0.313045929102975,0.170304790019136,3.28707113321355
1,0.5,0.2,0.5,0.4,-0.2,1.12026452466064,0.321657287994829,0.461516163222707,1.65635227714575,0.46335465192003,2.16282036740643,NA,NA,NA,NA,NA,NA,0.16758293091139,0.0798047602797991,0.182529439312121,0.486343035916925,0.310046329670742,0.158816844442569
1,0.5,0.2,0.5,0.4,-0.2,1.08209211886835,0.439867452469758,0.0858360729045528,0.577534453634326,0.245435983080486,-0.00396102610001697,NA,NA,NA,NA,NA,NA,0.109729057293351,0.108388494126108,0.117073671046983,0.205136341883154,0.163414717301195,1.33038008055931
1,0.5,0.2,0.5,0.4,-0.2,0.904987282799148,0.572348767040062,0.237798732893286,0.538465116722752,0.189742277851078,0.0022303185511695,NA,NA,NA,NA,NA,NA,0.111855979151015,0.104995155027015,0.105252508862481,0.258650653698101,0.220885570134768,1.719243353575
1,0.5,0.2,0.5,0.4,-0.2,1.07641997345464,0.695345283981979,0.356184114290907,0.822611905298472,0.358498016920725,-0.110347044190905,NA,NA,NA,NA,NA,NA,0.0941193906264333,0.0930394851048052,0.117799669481352,0.186143247323244,0.20279903894864,1.41304759825881
1,0.5,0.2,0.5,0.4,-0.2,1.15711466080662,0.439446573539782,0.25886727132778,0.606741674029307,0.229503264247251,-0.00801552771286168,NA,NA,NA,NA,NA,NA,0.103332717847869,0.0983624488350766,0.0955883252961614,0.183172259113169,0.156342038751094,1.24210878046306
1,0.5,0.2,0.5,0.4,-0.2,1.11874543515262,0.425633762187246,0.082302198807044,0.232743553430468,0.856049278703911,-0.00586415475044444,NA,NA,NA,NA,NA,NA,0.248413240019316,0.167011869556085,0.064925795661122,0.406903090705527,0.265369678153005,5.16047007135422
1,0.5,0.2,0.5,0.4,-0.2,0.821458385933635,0.617409792955074,0.161085891324426,0.686515043281,0.373095166743832,-0.981648721108495,NA,NA,NA,NA,NA,NA,0.0871059484377107,0.0699094961140288,0.0843705904441498,0.143477130553858,0.14634258188007,1.85955089321624
1,0.5,0.2,0.5,0.4,-0.2,1.14686865493178,0.331868359415992,0.289928507916512,0.642588213540541,0.502432496664044,0.19746292115631,NA,NA,NA,NA,NA,NA,0.111191664724929,0.101929586268282,0.0773345363993353,NA,0.100697050240641,NA
1,0.5,0.2,0.5,0.4,-0.2,0.961116876415293,0.784852650451314,0.122901819493112,0.595388961604654,0.377601225915377,0.0424223796707388,NA,NA,NA,NA,NA,NA,0.165289499079207,0.138335484279808,0.0985226910617737,0.365034190942311,0.262788736371988,2.64076761019249
1,0.5,0.2,0.5,0.4,-0.2,1.02336461030465,0.473430942441903,0.218106745814868,0.142581598894542,0.603993739297743,-2.00729303169923,NA,NA,NA,NA,NA,NA,0.171885306587216,0.149330598442435,0.0900872264349388,0.147087311514932,0.132155635327614,2.77148902817855
1,0.5,0.2,0.5,0.4,-0.2,1.05412132583518,0.367265056539638,0.186695912215566,0.624213369107242,0.498603009662454,-0.0111115057968459,NA,NA,NA,NA,NA,NA,0.113783134803144,0.108252194593028,0.0713595607582098,0.159142554203755,0.158433617093062,1.14453854252327
1,0.5,0.2,0.5,0.4,-0.2,1.02896516356253,0.492107710212908,0.242479992080382,0.485561634033568,0.481085438046483,-0.0363398728960379,NA,NA,NA,NA,NA,NA,0.121683567030432,0.117376920140738,0.108634844913928,0.174237126969867,0.169366471502812,1.30384858406467
1,0.5,0.2,0.5,0.4,-0.2,1.12641549364618,0.499461739216629,0.329702736536669,0.402358102691943,0.554536413159968,-0.00357279029572912,NA,NA,NA,NA,NA,NA,0.153483563092577,0.157938352524627,0.0905732281875188,0.176171151017745,0.150804681401101,1.47355873577696
1,0.5,0.2,0.5,0.4,-0.2,1.23134136160609,0.318081529923212,0.160222278811953,0.226617034449247,0.534255572439806,-0.12164350620783,NA,NA,NA,NA,NA,NA,0.190258811063166,0.194275896052815,0.11897406493188,0.186634213454072,0.169033155238134,1.72267348432761
1,0.5,0.2,0.5,0.4,-0.2,1.1307215494536,0.500014085825512,0.169728303916981,0.585224642318965,0.425452564610253,-0.0268835835189948,NA,NA,NA,NA,NA,NA,0.129267570637857,0.125849378665647,0.129384552866949,0.186864391377155,0.175740617938528,1.81457564457295
1,0.5,0.2,0.5,0.4,-0.2,1.08614430215715,0.498465876864783,0.105545702194388,0.724083306457971,0.135040362406012,0.00136889213173074,NA,NA,NA,NA,NA,NA,0.0923040776660919,0.0859208523489745,0.102247283664071,0.209461452593943,0.171184993835075,1.93649375809549
1,0.5,0.2,0.5,0.4,-0.2,0.947311756718609,0.475250368239405,0.0664417900847581,0.479928271584949,0.378092516647977,-0.104523765012084,NA,NA,NA,NA,NA,NA,0.122325094111084,0.10564313825712,0.100229828107239,0.204489664328525,0.196523252838563,1.41726822004307
1,0.5,0.2,0.5,0.4,-0.2,0.854091497161652,0.508897912026622,0.230836006210129,0.532881862952523,0.490435219737465,-1.99431584990877,NA,NA,NA,NA,NA,NA,0.108550387832893,0.0953291851057756,0.068248357765845,0.1296816435637,0.147205425037564,NA
1,0.5,0.2,0.5,0.4,-0.2,0.854253756669617,0.548482963103179,0.0244260831475288,0.61388497506349,0.189140522198246,0.00536901082652761,NA,NA,NA,NA,NA,NA,0.116734543592867,0.11151754263668,0.108624533582697,0.260526071954675,0.184651191887921,1.83345309475055
1,0.5,0.2,0.5,0.4,-0.2,1.0372071019376,0.506740254193413,0.330959795490706,0.531442184702756,0.481091705117542,0.399422769194225,NA,NA,NA,NA,NA,NA,0.136178456683486,0.112316674979472,0.0972748350618722,0.250635372160835,0.192244969946376,1.10272423818286
1,0.5,0.2,0.5,0.4,-0.2,0.905535644895482,0.566911694278961,0.0768848513253445,0.686644792601317,0.365264749949651,0.000185021037150163,NA,NA,NA,NA,NA,NA,0.110746698596416,0.100254370617382,0.0863611671091291,0.23594735836603,0.18163195446306,1.74752269444222
1,0.5,0.2,0.5,0.4,-0.2,1.12042338526192,0.349541385369313,0.0920505356268398,0.666205536565638,0.236156967769369,0.379706276549742,NA,NA,NA,NA,NA,NA,0.0997295589172536,0.0973504289096143,0.0851649804053022,0.213112362090615,0.190055536033112,1.03867829283668
1,0.5,0.2,0.5,0.4,-0.2,0.722303620445578,0.788649929522559,0.176239458426308,0.718462841942577,0.166214482687759,0.520085180104906,NA,NA,NA,NA,NA,NA,0.124344945884603,0.115681116900694,0.105662745051391,0.247594496359992,0.205286021779281,0.846795024328299
1,0.5,0.2,0.5,0.4,-0.2,0.918011365298294,0.592435350489585,0.127883917435452,0.41580314768531,0.31140276535158,-3.62689708757889,NA,NA,NA,NA,NA,NA,0.107302097760706,0.109527692182584,0.102706940548627,0.139274077651259,0.124000667977908,NA
1,0.5,0.2,0.5,0.4,-0.2,1.04192143734869,0.571777828518193,0.157073394070155,0.669093344797028,0.313411239811737,-0.0533230984990361,NA,NA,NA,NA,NA,NA,0.101462490006532,0.0876656505628945,0.0715161194586259,0.190333802121714,0.18774185193714,1.064947630353
1,0.5,0.2,0.5,0.4,-0.2,0.983519348713889,0.568889400100875,-0.0806813837300273,0.289976586161293,0.211969651701669,-0.54544183157596,NA,NA,NA,NA,NA,NA,0.133577524146095,0.128113847336392,0.142107725980445,0.186151871876516,0.175039878823418,2.19820973998418
1,0.5,0.2,0.5,0.4,-0.2,0.911708546961171,0.628935158078358,0.179237367800727,0.597462309966419,0.431937213700463,-0.0180040179933882,NA,NA,NA,NA,NA,NA,0.149072460907531,0.13031603175505,0.0861925396590241,0.310632794030447,0.206397245096953,3.29686682889848
1,0.5,0.2,0.5,0.4,-0.2,1.25166279547933,0.500692963639304,0.356730849158636,0.68635025306177,0.481697541122717,-0.0793852737109351,NA,NA,NA,NA,NA,NA,0.104124741874706,0.0965489944317579,0.0686295691536089,0.206414762700981,0.178945922609772,2.81536223145249
1,0.5,0.2,0.5,0.4,-0.2,1.06919879087447,0.382418379445932,0.0867402925331291,0.858033930378132,0.4694837882364,1.22168809978825,NA,NA,NA,NA,NA,NA,0.130127400861283,0.114998338339792,0.0557334098176819,0.286254176186218,0.168856027939448,0.586629656647458
1,0.5,0.2,0.5,0.4,-0.2,1.05712021714139,0.429108056916765,0.101433413831666,0.711085125910429,0.211498749970161,0.770826012860063,NA,NA,NA,NA,NA,NA,0.120196206027942,0.104975805238464,0.0975831188747414,0.284740524376773,0.221660760127806,0.85875864728087
1,0.5,0.2,0.5,0.4,-0.2,1.05477082826119,0.499622693802586,0.274093375053384,0.68092374667717,0.408819959257269,-0.0426517028007795,NA,NA,NA,NA,NA,NA,0.10491608907336,0.0973483289099409,0.105299720529944,0.175588614043388,0.199379462984788,1.59739292911297
1,0.5,0.2,0.5,0.4,-0.2,1.00397737006706,0.519468233185015,0.143412426651918,0.558762902119935,0.287023515082638,-0.00415449614654191,NA,NA,NA,NA,NA,NA,0.11089275497474,0.0982370421544074,0.0902880081557394,0.203021300345392,0.155096072145242,1.86627590116566
1,0.5,0.2,0.5,0.4,-0.2,0.936961295260974,0.614529855939703,0.184169070938604,0.478373393592209,0.390351642492724,-1.45338128916133,NA,NA,NA,NA,NA,NA,0.1110141442714,0.114419736756261,0.0887401842228662,0.159350708110991,0.141705373330879,2.42715871714502
1,0.5,0.2,0.5,0.4,-0.2,1.30764240365503,0.131672905201814,0.123258211414561,1.04925391749382,0.257730330908832,-0.00165778183331002,NA,NA,NA,NA,NA,NA,0.0686589881436914,0.100637752702465,0.0837279121524814,0.183819803189219,0.187766866932143,2.33182315331061
1,0.5,0.2,0.5,0.4,-0.2,1.04844057224723,0.5356181762558,0.178980174085103,0.794311386839646,0.445884215094268,1.09375214153594,NA,NA,NA,NA,NA,NA,0.145287948911503,0.119746392436839,0.11213910187989,0.330481329806464,0.154138338068157,0.901149991090467
1,0.5,0.2,0.5,0.4,-0.2,1.09897189063897,0.459979816375377,0.263882896139854,0.330890857481574,0.339512749756548,0.00113874846293865,NA,NA,NA,NA,NA,NA,0.0633956776135644,0.0972929102382105,0.125694382317846,NA,0.18307082682424,NA
1,0.5,0.2,0.5,0.4,-0.2,1.30092127628475,0.297602040818288,0.2860680970255,0.142768322444268,0.572311838103362,-0.15167422856837,NA,NA,NA,NA,NA,NA,0.198651752986812,0.186763029133696,0.139668997172253,0.20253883184532,0.169342559007264,1.87685926332775
1,0.5,0.2,0.5,0.4,-0.2,0.916528221643298,0.492860168363149,0.0858851482975427,0.650225936003642,0.55864411121053,0.540788673504428,NA,NA,NA,NA,NA,NA,0.120754786949891,0.110414465388593,0.0632345072899556,0.196314685513989,0.138380269640733,0.948917413382907
1,0.5,0.2,0.5,0.4,-0.2,0.978449650314801,0.57525483306763,0.223295345554497,0.462244950345211,0.443962337527501,-1.38171860331924,NA,NA,NA,NA,NA,NA,0.123112763445272,0.127687145887208,0.0795392269541065,0.156610027867887,0.149227570280387,3.24006990073811
1,0.5,0.2,0.5,0.4,-0.2,1.04856794814839,0.474548471865687,0.29479831826944,0.652804938588039,0.273230078021397,-0.0705321390710637,NA,NA,NA,NA,NA,NA,0.0965742646185746,0.0968226698874224,0.0823976593988692,0.164200530541168,0.153445575168595,1.13958705971003
1,0.5,0.2,0.5,0.4,-0.2,1.09200533858318,0.522705066264253,0.19998875853754,0.810046781143825,0.22892433422296,1.00161083696146,NA,NA,NA,NA,NA,NA,0.128188332940991,0.110719237015507,0.0939376488094537,0.266969522835663,0.148923233969951,0.777724416891526
1,0.5,0.2,0.5,0.4,-0.2,0.873451716960293,0.678258784469206,0.222560010653735,0.511732081873936,0.414057727501946,0.013780056783458,NA,NA,NA,NA,NA,NA,0.162802640336187,0.148569556102461,0.122582755772536,0.349186056423034,0.265039569073658,2.69547182780444
1,0.5,0.2,0.5,0.4,-0.2,0.992250730493102,0.514683003384908,0.283859247594123,0.480899355319605,0.53501158128368,-0.311532450744915,NA,NA,NA,NA,NA,NA,0.130429746044156,0.122264588029239,0.138587701471291,0.243584897758171,0.170052949438492,3.82802220125706
1,0.5,0.2,0.5,0.4,-0.2,0.876824695660262,0.531250021274447,0.110211530941312,0.84168039457338,0.139021765193759,0.5425559255368,NA,NA,NA,NA,NA,NA,0.0974857774115925,0.0837276830037858,0.08009780683343,0.200483707930847,0.158656046042263,0.597382212336715
1,0.5,0.2,0.5,0.4,-0.2,0.947142263293373,0.559037630580399,0.215828538493273,0.202736910643806,0.593524521389286,-1.05714171439904,NA,NA,NA,NA,NA,NA,0.170286857550254,0.172292671561293,0.107431329703935,0.171531609782732,0.149533910690604,2.40508822752974
1,0.5,0.2,0.5,0.4,-0.2,1.04520353125137,0.399039730593579,0.285912302917078,0.747043057304826,0.27276108624369,-0.309362871749896,NA,NA,NA,NA,NA,NA,0.0859494450064692,0.0815190482723575,0.0536840299411641,0.150871319367669,0.130334080580227,1.0822563836378
1,0.5,0.2,0.5,0.4,-0.2,1.05163884213362,0.647496698124435,0.206922614653772,0.402158940831516,0.456758643083631,-0.256626936747559,NA,NA,NA,NA,NA,NA,0.14891507237966,0.135832851022029,0.131171204738204,0.220563023815148,0.22249897560971,2.74825372834066
1,0.5,0.2,0.5,0.4,-0.2,0.897282185033984,0.628254154340085,0.232276841989563,0.497618186884933,0.444686539403634,-0.0147624232031071,NA,NA,NA,NA,NA,NA,0.136909265832651,0.148203540221825,0.0791505263294245,0.225150922894871,0.198656538633285,1.75947273489596
1,0.5,0.2,0.5,0.4,-0.2,1.03074010614046,0.522279301381948,0.210392173735298,0.655761370594117,0.360815868633643,-0.0256297102488167,NA,NA,NA,NA,NA,NA,0.102901544205711,0.105940294327435,0.073934100489512,0.167555008707816,0.142868347738178,1.23529104500581
1,0.5,0.2,0.5,0.4,-0.2,0.842826083418604,0.394714442865969,0.455657872722238,0.296829745974025,0.41971492098773,0.00315235354037086,NA,NA,NA,NA,NA,NA,0.174938755884287,0.179337480066609,0.181768029435245,0.229172028199255,0.182417844901008,1.57142757381808
1,0.5,0.2,0.5,0.4,-0.2,1.07335568434869,0.305157330285524,0.175015641166671,0.354165274981686,0.471000215668257,-0.00147103203592872,NA,NA,NA,NA,NA,NA,NA,NA,0.101499837580153,NA,NA,NA
1,0.5,0.2,0.5,0.4,-0.2,0.961377027234926,0.454492318024776,0.144699928746654,0.534245021769735,0.378007225148828,-0.152450047461395,NA,NA,NA,NA,NA,NA,0.115569809473454,0.109657565739155,0.104602408284918,0.181746522221727,0.150153446457798,1.32624484032901
1,0.5,0.2,0.5,0.4,-0.2,0.995969426268657,0.51275481263337,0.276647408014375,0.596227742538991,0.470763255632738,-0.192890953376171,NA,NA,NA,NA,NA,NA,0.112483372011982,0.0960574179849635,0.0606858772589489,0.216626579374083,0.182238610671782,1.71669615484534
1,0.5,0.2,0.5,0.4,-0.2,1.13349861668649,0.592846431564751,0.234072748205129,0.88069795854388,0.231568110672087,1.37664514990129,NA,NA,NA,NA,NA,NA,0.124453567517934,0.098878239675397,0.0789083711526509,0.268091242400841,0.179689671082895,0.478511081170607
1,0.5,0.2,0.5,0.4,-0.2,0.740016172301604,0.835148440025301,0.152463505863016,0.587132533228505,0.463468523749536,-0.0627764855752856,NA,NA,NA,NA,NA,NA,0.136911814285114,0.129293476314362,0.0845570251118558,0.246031824774868,0.14877564027232,1.889908786735
1,0.5,0.2,0.5,0.4,-0.2,0.887096823252638,0.579795804357561,0.113084550267667,0.64578232359121,0.477289858356145,0.0101321942458014,NA,NA,NA,NA,NA,NA,NA,NA,0.0608789865369351,NA,NA,NA
1,0.5,0.2,0.5,0.4,-0.2,1.02858897380386,0.446982932141631,0.0881213692280162,0.606476395678724,0.363311432978658,0.0577423609565589,NA,NA,NA,NA,NA,NA,0.121690600370098,0.133067133368847,0.0759911116446636,0.252540679406008,0.202493143777851,2.27072951999857
1,0.5,0.2,0.5,0.4,-0.2,1.18884971586956,0.371613010414091,0.393069326333833,0.742589573691711,0.177183345876033,0.699816805891744,NA,NA,NA,NA,NA,NA,NA,NA,NA,NA,NA,NA
1,0.5,0.2,0.5,0.4,-0.2,0.962865797880081,0.570835585508821,0.166370960703254,0.373526311338575,0.351648184462703,-0.0011882741623003,NA,NA,NA,NA,NA,NA,0.147841935067636,0.136765551633255,0.127704658180006,0.245905999432078,0.165138328071385,1.87938120840291
1,0.5,0.2,0.5,0.4,-0.2,1.03955566669225,0.404942339448519,0.170595083685688,0.431120595901473,0.528620732045125,-0.119680146893212,NA,NA,NA,NA,NA,NA,0.133931345905344,0.146744769571204,0.0877240541340276,0.166495924176372,0.16852326123922,1.09585603806874
1,0.5,0.2,0.5,0.4,-0.2,0.967761406659487,0.648789304784148,0.187994231212199,0.572798866408797,0.284727612334685,-0.120677997217649,NA,NA,NA,NA,NA,NA,0.121169970467972,0.110411718414415,0.159267734009442,0.222826827306632,0.186643674261795,1.64162877384818
1,0.5,0.2,0.5,0.4,-0.2,0.96829319885815,0.507394983983741,0.134770952015643,0.586947952930057,0.114300504510088,0.00526771120250338,NA,NA,NA,NA,NA,NA,0.105359791174144,0.103263728640595,0.099754444645486,0.225408581751082,0.218341973724897,1.59722284336398
1,0.5,0.2,0.5,0.4,-0.2,1.12543729279919,0.361007315216411,0.124401294852228,0.356593062885906,0.41275219171051,-0.36917459542934,NA,NA,NA,NA,NA,NA,0.141139962778965,0.114321748769958,0.102652097488194,0.181723475523032,0.139391508058867,1.69894842194841
1,0.5,0.2,0.5,0.4,-0.2,1.17830592291073,0.37985066839233,0.39889798026238,0.656634548107726,0.250219828457959,0.849484951172891,NA,NA,NA,NA,NA,NA,0.130235891012622,0.118401692156524,0.114593172318363,0.238320459897075,0.165648986540822,0.889140216496351
1,0.5,0.2,0.5,0.4,-0.2,1.44516441593581,0.377595206796348,-0.0420276469412092,0.378164493943953,0.201356482187203,-0.393863145629514,NA,NA,NA,NA,NA,NA,0.120339553307622,0.116960321142188,0.117190425425676,0.165284488722508,0.132259205561496,2.43006632721464
1,0.5,0.2,0.5,0.4,-0.2,0.881784939486024,0.71194329296933,0.136888194117641,0.609264109699711,0.150843208926249,-0.209040617105706,NA,NA,NA,NA,NA,NA,0.0983385042404609,0.0911006026490046,0.0869866108242466,0.167635291183218,0.173682795027668,1.03410621789306
1,0.5,0.2,0.5,0.4,-0.2,1.00770740216464,0.515656331749983,0.221567720959297,1.0406600192703,0.279101465779156,1.24045645270311,NA,NA,NA,NA,NA,NA,0.112271329471886,0.0767822711203191,0.0986951705828892,0.350906450872991,0.188637165619279,0.619808684266012
1,0.5,0.2,0.5,0.4,-0.2,1.06137592121885,0.322194522793503,0.365706205782927,0.625271494066399,0.260768066105251,0.0109825715133643,NA,NA,NA,NA,NA,NA,0.108385511082131,0.122959856881211,0.0949847422187165,0.555986062388577,0.220724956331248,5.62007572186332
1,0.5,0.2,0.5,0.4,-0.2,1.10892286403219,0.432377458775329,0.204657094924361,0.612557901972585,0.466217436875905,-0.0219509109283347,NA,NA,NA,NA,NA,NA,0.124714569981154,0.138870385386601,0.0794408751222657,0.165573109629458,0.156624676360256,1.30330044682647
1,0.5,0.2,0.5,0.4,-0.2,1.20825276335645,0.455242150455785,0.463307410942312,0.573510262598394,0.409537779516799,-0.0017449980709113,NA,NA,NA,NA,NA,NA,0.122246410880467,0.129088786914045,0.100067994728894,0.179970856483479,0.162307379609989,1.2593964778304
1,0.5,0.2,0.5,0.4,-0.2,1.08753848872295,0.335871141192739,0.191718110731967,0.657472968351647,0.485694402900562,-0.547351799032077,NA,NA,NA,NA,NA,NA,0.116187480588932,0.1118696430499,0.0654885640744921,0.159590965872947,0.13812570232311,1.93518069100475
1,0.5,0.2,0.5,0.4,-0.2,1.11164535211699,0.512055629070104,0.283142652974704,0.545866092475689,0.285713803761029,0.00487392156699722,NA,NA,NA,NA,NA,NA,0.0964576449850775,0.0877965641086821,0.111945526746879,NA,0.0945627562915879,NA
1,0.5,0.2,0.5,0.4,-0.2,0.909603150443871,0.49806659497702,0.30919638830903,0.547924992865772,0.368207064712305,0.00512737105326405,NA,NA,NA,NA,NA,NA,0.121955440654197,0.108968989591621,0.0934509726833953,0.231281823648869,0.181919562845381,1.20643725323133
1,0.5,0.2,0.5,0.4,-0.2,1.06628559122329,0.32232195281599,0.378475850754227,0.359016436296197,0.294496683419516,-0.0447634673592273,NA,NA,NA,NA,NA,NA,0.133646852269752,0.130332197198282,0.117104600223482,0.202821125113973,0.137983139177285,1.56284959384448
1,0.5,0.2,0.5,0.4,-0.2,1.16573742657216,0.347731220519298,0.186892606765901,0.47303802806702,0.164330255401644,-0.252300910416024,NA,NA,NA,NA,NA,NA,0.113645079775826,0.141863450287411,0.128406559954645,0.195771186800812,0.160630563615669,1.92896378797396
1,0.5,0.2,0.5,0.4,-0.2,1.12753176148572,0.457812934544774,0.174304902901306,0.793292451763098,0.506474284593398,1.49104425267992,NA,NA,NA,NA,NA,NA,0.154508548357162,0.116061254378179,0.116234186771771,0.297332872467213,0.178524307200574,0.591540657676924
1,0.5,0.2,0.5,0.4,-0.2,1.08909018165995,0.230948520700134,0.478890633600544,0.733387150572202,0.132974015761655,-0.207287742770033,NA,NA,NA,NA,NA,NA,0.0824247403621839,0.0818382070746436,0.0910917714324615,0.146294044881651,0.13370781515566,1.12363943230076
1,0.5,0.2,0.5,0.4,-0.2,0.97111539941236,0.502216332913055,0.13956126818523,0.569766888238658,0.700266199942964,-1.12828192297592,NA,NA,NA,NA,NA,NA,0.131851502752638,0.147753837070021,0.0669663246122692,0.140014783403187,0.144438590475547,0.390874863615513
1,0.5,0.2,0.5,0.4,-0.2,1.18462982537841,0.51280275041435,0.312765743718791,0.642332416749512,0.364488404997523,-0.0903089399182616,NA,NA,NA,NA,NA,NA,0.159988095444708,0.199156468131788,0.111635288217996,0.394189964072897,0.368614506861424,5.0465794718467
1,0.5,0.2,0.5,0.4,-0.2,1.06447758418137,0.47908904609334,0.246531452010827,0.574064370469387,0.297244959564176,-0.703078971357925,NA,NA,NA,NA,NA,NA,0.100220847169028,0.116157279024988,0.0787162517976094,0.141929234635824,0.153275112162254,1.68953518446709
1,0.5,0.2,0.5,0.4,-0.2,1.44517357821324,0.237041704159977,0.230815486787668,0.442669235877426,0.322956735983718,0.00672827475293456,NA,NA,NA,NA,NA,NA,0.122944015845475,0.107342869592773,0.0984319201758998,NA,0.0350998996289551,NA
1,0.5,0.2,0.5,0.4,-0.2,1.1194385197763,0.321137276258914,0.231140497397241,0.801760991591548,0.120383665507848,1.31113649212936,NA,NA,NA,NA,NA,NA,0.126708268015632,0.10670507417695,0.106083716336959,0.313360760566192,0.178144242943908,0.636427489040395
1,0.5,0.2,0.5,0.4,-0.2,1.01517890112399,0.395141944759816,0.336071159160358,0.531903026184785,0.480177576275489,-0.0390043895859388,NA,NA,NA,NA,NA,NA,0.122901715570017,0.117165845257506,0.0817303935812708,0.208159889069608,0.173789349395799,2.01519817667947
1,0.5,0.2,0.5,0.4,-0.2,1.01652661703605,0.612159779325076,0.235287607446247,0.916437558353706,0.455599011822083,-0.18721219265126,NA,NA,NA,NA,NA,NA,0.0782615252680592,0.0883307458600837,0.0403592784243249,0.151708512399696,0.16922381210598,0.997944246659162
1,0.5,0.2,0.5,0.4,-0.2,0.833194404978235,0.464766800934584,0.108670889443286,0.762989227462041,0.300932058687201,0.279511815036881,NA,NA,NA,NA,NA,NA,0.105805275313581,0.0962126253246308,0.0900738912863811,0.265680049666775,0.189271009221232,1.30927835309276
1,0.5,0.2,0.5,0.4,-0.2,1.03335567107543,0.468179431352984,0.241457888967542,0.813507773033546,0.76710892469837,0.000518673834617272,NA,NA,NA,NA,NA,NA,0.118697977372639,0.0928705959552356,0.0485484061315272,0.209685739780096,0.172779552869364,1.38685828790681
1,0.5,0.2,0.5,0.4,-0.2,1.20683151192608,0.484871320226606,0.190767590422231,0.3858377903594,0.437631221205584,0.0171153545769088,NA,NA,NA,NA,NA,NA,0.142240894782502,0.118527504651936,0.104995348750388,0.220856373871067,0.182279712223864,1.95582972471231
1,0.5,0.2,0.5,0.4,-0.2,1.11027672834838,0.278810080282948,0.0415308305899418,0.6669272825464,0.452631254006855,-0.975492875875853,NA,NA,NA,NA,NA,NA,0.0922550463589998,0.0867577971277763,0.0999062152910306,0.142870852512348,0.14729940395113,2.13472840326191
1,0.5,0.2,0.5,0.4,-0.2,1.19174454336284,0.438183740687215,0.234477103451991,0.438291844783041,0.251983193730232,-0.000245112290658113,NA,NA,NA,NA,NA,NA,0.121591960066266,0.117509745093813,0.120827779337801,0.20588511600685,0.162142792067946,1.55572736334253
1,0.5,0.2,0.5,0.4,-0.2,1.10209966280016,0.627128209580138,0.0958766773127406,0.750225820188198,0.0973261712556143,-0.691222014103415,NA,NA,NA,NA,NA,NA,0.0780695794775174,0.087903277258733,0.0800621691834001,0.142218017759136,0.170326707233663,1.09268673700298
1,0.5,0.2,0.5,0.4,-0.2,1.02796442780634,0.749996400540705,0.138294388654267,0.705012689189075,0.00437104940705619,-0.0415626929325936,NA,NA,NA,NA,NA,NA,0.0951914548418627,0.0998489046242764,0.0908093291508945,0.274757537293763,0.244385967423869,2.09161951831984
1,0.5,0.2,0.5,0.4,-0.2,1.13760323627446,0.348829587386877,0.0850318790037467,0.737988025848553,0.444586202768198,-0.0568480189525713,NA,NA,NA,NA,NA,NA,0.0988030137739052,0.0939752964004623,0.0743984026442152,0.165462967979203,0.160583993907371,1.46057431667128
1,0.5,0.2,0.5,0.4,-0.2,0.905326873391006,0.72557982291356,-0.0195175152829467,0.666757545931837,0.278729409819462,-0.376441025681388,NA,NA,NA,NA,NA,NA,0.0957733464512732,0.0789677900362697,0.0871953700343472,0.193897534524775,0.22136815252405,1.3347386598432
1,0.5,0.2,0.5,0.4,-0.2,1.00991636731418,0.405346367522299,-0.00157252631221737,0.673379500501467,0.262742252185095,-0.143675746319257,NA,NA,NA,NA,NA,NA,0.092197003458825,0.0999421938565708,0.103359799750965,0.156961906678359,0.15873911181119,1.53008208422626
1,0.5,0.2,0.5,0.4,-0.2,1.15617721789893,0.368039720596336,0.332062399908471,0.598794247580662,0.432581085195845,0.00133704898761178,NA,NA,NA,NA,NA,NA,0.101499647832364,0.0879428326224774,0.0902354914692504,NA,0.123872631424949,NA
1,0.5,0.2,0.5,0.4,-0.2,1.06009436174837,0.662585949055098,0.20206081921722,0.422149551038411,0.265139383815733,-0.405288458682096,NA,NA,NA,NA,NA,NA,0.119881440620713,0.126633529895707,0.108224480644366,0.165122591141591,0.170970563677302,1.40519172449445
1,0.5,0.2,0.5,0.4,-0.2,1.05919287666784,0.525128140566151,0.142180619421834,0.477948670419145,0.371422434325358,-0.156082352346839,NA,NA,NA,NA,NA,NA,0.131441733142554,0.12978588143291,0.114373464166836,0.204548241726053,0.194198925460762,2.6038166160751
1,0.5,0.2,0.5,0.4,-0.2,1.10140028925424,0.602997821421737,-0.0329334720673895,0.646444055344743,0.25854307029014,-0.442986685466965,NA,NA,NA,NA,NA,NA,0.0906223882279012,0.0878792560442814,0.076430356246418,0.14884142074314,0.140203991844339,1.48364272156889
1,0.5,0.2,0.5,0.4,-0.2,1.00615776716127,0.512678125649274,0.182201527741453,0.625297436080596,0.619714159618136,0.0660301982586779,NA,NA,NA,NA,NA,NA,0.125450488356063,0.107465942286092,0.0861913488244732,0.296681449872041,0.230255830324289,2.33219719335377
1,0.5,0.2,0.5,0.4,-0.2,0.968154374658496,0.612436087192083,0.553348788993346,0.560174427239764,0.455575601147136,0.000865856748556985,NA,NA,NA,NA,NA,NA,0.128781715972513,0.12198442451736,0.10146593096044,0.217330031641961,0.161357746068352,1.30155472710346
1,0.5,0.2,0.5,0.4,-0.2,1.10629023189783,0.44922863590878,0.251108131396425,0.803734406555221,0.421960171587184,0.430137864931638,NA,NA,NA,NA,NA,NA,0.130842501271551,0.167053815843206,0.140276546961999,0.211694781366326,0.196461729627072,1.00215693733745
1,0.5,0.2,0.5,0.4,-0.2,0.769432371915388,0.767798750900295,0.156544816243967,0.756228614999419,0.376090021885155,-2.09739767806745,NA,NA,NA,NA,NA,NA,0.0840615947033164,0.099001006272901,0.0798530007732383,0.121958850374345,0.0678792714815429,NA
1,0.5,0.2,0.5,0.4,-0.2,0.828967717797178,0.611487121328568,0.16069297409048,0.590831113295028,0.530772042818041,-0.00321628701152868,NA,NA,NA,NA,NA,NA,0.117393113744554,0.110033197325305,0.100847274378532,0.189434400277997,0.161810468266239,1.32495265927348
1,0.5,0.2,0.5,0.4,-0.2,1.0787952079789,0.366237392675695,0.231960014105113,0.757329289127195,0.37157070656027,-0.058117583606088,NA,NA,NA,NA,NA,NA,0.0925106301984943,0.0804889859950253,0.0652949997185889,0.154733831626407,0.138351336646801,0.93202234630041
1,0.5,0.2,0.5,0.4,-0.2,0.984173049193923,0.467774889659268,0.0113384515832918,0.513858193155088,0.0965085927900769,-0.00728010184861648,NA,NA,NA,NA,NA,NA,0.160584355316475,0.107387787467904,0.129376936674223,0.473419552343289,0.166573742533931,4.67216493418398
1,0.5,0.2,0.5,0.4,-0.2,1.05448477777541,0.504882561649357,0.133309950007919,0.764498543465107,0.64829589352022,0.0245900097856085,NA,NA,NA,NA,NA,NA,0.0641541798836513,0.0679719410113891,0.0745397562277816,NA,0.131920227182432,NA
1,0.5,0.2,0.5,0.4,-0.2,0.874094793979395,0.68188847333957,0.196433962996636,1.40830681416125,0.159851358544381,1.55946304017557,NA,NA,NA,NA,NA,NA,0.125402114746377,0.103376646547236,0.0718856909267184,0.329916664899981,0.216559447243206,0.249466690728487
1,0.5,0.2,0.5,0.4,-0.2,0.945394431809365,0.553401816652818,0.218573204863626,0.370392176596885,0.239715381158144,-0.0024409036388377,NA,NA,NA,NA,NA,NA,NA,0.0783409771535648,0.118369998526453,NA,NA,NA
1,0.5,0.2,0.5,0.4,-0.2,1.04795607755023,0.524675484808512,0.128626659325658,0.742911561071811,0.274796893061647,-0.0563704264293464,NA,NA,NA,NA,NA,NA,0.0958663044455899,0.0914414569106531,0.0793171747430942,0.213304058310768,0.179068387389503,1.9729428622551
1,0.5,0.2,0.5,0.4,-0.2,0.861714998458718,0.58272250473024,0.310914474458738,0.661028813084348,0.196886572707106,0.00362121386219296,NA,NA,NA,NA,NA,NA,0.106459733299181,0.100788980531177,0.116419997448043,0.262168588323505,0.265301818906778,1.51059028473867
1,0.5,0.2,0.5,0.4,-0.2,1.27190448514134,0.411830911478605,0.20532540850955,1.369232596754,-0.200339664628654,1.61828554507079,NA,NA,NA,NA,NA,NA,0.0940562680367512,0.0935483483082701,0.0910429949228251,0.286536286516701,0.220878302128395,0.203381678055483
1,0.5,0.2,0.5,0.4,-0.2,1.07943380399907,0.582696439322162,-0.0511095220081734,0.986525657413575,0.260511411676375,0.440073164056964,NA,NA,NA,NA,NA,NA,0.0822879464771466,0.0774427281070236,0.0647881928557572,0.257895683664967,0.181119287743249,1.02738767469301
1,0.5,0.2,0.5,0.4,-0.2,0.939099868952577,0.584217186479621,0.21905220981718,0.636618777637232,0.217534699708681,0.0213013079497229,NA,NA,NA,NA,NA,NA,0.101416968424985,0.100513568934969,0.0758022253271917,0.202303193596918,0.217929900534949,1.11033575115065
1,0.5,0.2,0.5,0.4,-0.2,1.02490851355476,0.626179648660394,0.125260238666409,0.532880057714261,0.36023477838931,-0.188238736394245,NA,NA,NA,NA,NA,NA,0.115196074122678,0.104983743476215,0.0872662687942745,0.156579692802802,0.140532977473151,1.01427779965622
1,0.5,0.2,0.5,0.4,-0.2,1.05771160276247,0.448436467827244,-0.0181283155765892,0.612024347915642,0.175279767795303,-0.00127618811212216,NA,NA,NA,NA,NA,NA,0.106712904126524,0.103237721251218,0.0985580446820873,0.216176740176763,0.166020339559725,1.85035208282456
1,0.5,0.2,0.5,0.4,-0.2,0.961650059063237,0.642583259994049,0.179201285689641,0.710440491592256,0.114498248735053,0.240820621080532,NA,NA,NA,NA,NA,NA,0.0972706412638911,0.0937439188126606,0.10881540339154,0.201676708866979,0.233938597142803,0.763203454450102
1,0.5,0.2,0.5,0.4,-0.2,0.816047408070688,0.724993304989643,0.0961546674106889,0.477032261823933,0.225495924343352,-0.0833574586602356,NA,NA,NA,NA,NA,NA,0.120655261200622,0.104339565616805,0.107839978611183,0.185869621805453,0.166614329886807,1.11033538011716
1,0.5,0.2,0.5,0.4,-0.2,1.13691760495986,0.353611133802168,0.034119595452015,0.883675251086766,0.382880564832397,0.931975175089391,NA,NA,NA,NA,NA,NA,0.123470078267271,0.094110672029777,0.0681815320315238,0.415168930636693,0.201731481989407,1.32546550855281
1,0.5,0.2,0.5,0.4,-0.2,1.11933200147365,0.521405970452061,0.311847740818348,0.618085155866709,0.344222132148914,0.396792283120027,NA,NA,NA,NA,NA,NA,0.111717501716429,0.114744676079251,0.0968271979705397,0.198171777752933,0.152298710425804,1.07103181303586
1,0.5,0.2,0.5,0.4,-0.2,1.09484000241044,0.494565544915642,0.0155851632354371,0.592607634795484,0.417836304076078,-0.269425793586015,NA,NA,NA,NA,NA,NA,0.107950015574387,0.102686872768938,0.0739152023323989,0.162145749757966,0.176299398783114,1.25581443979556
1,0.5,0.2,0.5,0.4,-0.2,0.995169131596194,0.564528380956602,0.129439777717793,0.259956397399178,0.62203822680297,-0.0873798915190919,NA,NA,NA,NA,NA,NA,0.181799337897735,0.156185980846505,0.084573040536708,0.1820468786285,0.15758569434529,2.06557739896851
1,0.5,0.2,0.5,0.4,-0.2,0.921427672602593,0.595928965526185,0.232508770267572,0.503575061362436,0.495308902222282,0.132603251770911,NA,NA,NA,NA,NA,NA,0.132959567964329,0.10866390904049,0.096646753557594,0.239180012380639,0.185941078119276,1.19928628909091
1,0.5,0.2,0.5,0.4,-0.2,1.04466608060535,0.515968917638383,0.228271436766935,0.510700465352968,0.248868679051609,-0.224391899347832,NA,NA,NA,NA,NA,NA,0.104410579823334,0.0993772923317053,0.127013440678679,0.176544045870307,0.189795466244648,1.41866068609856
1,0.5,0.2,0.5,0.4,-0.2,1.04181336683251,0.391760190130074,0.29894726825874,0.450880226137079,0.474087996958041,0.0101393537789911,NA,NA,NA,NA,NA,NA,0.135037818860958,0.12247542132896,0.104847554146087,0.234773272896199,0.159446955850269,1.39960202132591
1,0.5,0.2,0.5,0.4,-0.2,0.897565432057541,0.515758556389888,0.135648284172357,0.584707523577065,0.428984227944328,0.00859820734979324,NA,NA,NA,NA,NA,NA,0.131317817380168,0.103239405632653,0.0567232495020288,0.452743304054504,0.36512221556571,3.1231623269827
1,0.5,0.2,0.5,0.4,-0.2,0.995125949454979,0.699287191624218,0.238038307127086,0.45704765438534,0.224483566092601,-1.04014507711855,NA,NA,NA,NA,NA,NA,0.11177399346372,0.116109511104972,0.099602962964172,0.169165813285451,0.185883058732197,2.01595523155021
1,0.5,0.2,0.5,0.4,-0.2,1.15980211700514,0.250462103730173,0.275798223097063,0.399789966429292,0.422727263926214,-0.004321205439305,NA,NA,NA,NA,NA,NA,0.138619583899628,0.137140304327689,0.103423154559436,0.16719196990349,0.146064229197361,1.41015828429449
1,0.5,0.2,0.5,0.4,-0.2,0.967298943055757,0.576697061618809,0.200096894890846,0.6112018278976,0.178220072689553,-0.0107796600113474,NA,NA,NA,NA,NA,NA,0.107951139906347,0.10125223931447,0.0954312146686129,0.215133831983002,0.166170486049803,1.46774184311051
1,0.5,0.2,0.5,0.4,-0.2,1.23815421687354,0.289022305470648,0.13283022719711,0.394471415994622,0.604526399493438,-0.584540604912797,NA,NA,NA,NA,NA,NA,0.14761581384173,0.133897586567785,0.10811104123408,0.17397143916178,0.147248070343887,2.78413228759337
1,0.5,0.2,0.5,0.4,-0.2,0.946719792731961,0.601365373018212,0.353762854190404,0.542948998553046,0.511898463543881,-0.205284254673073,NA,NA,NA,NA,NA,NA,0.116715910445536,0.104558390790754,0.0754497688097713,0.153813518520625,0.149982619845751,1.00743198659734
1,0.5,0.2,0.5,0.4,-0.2,1.07458182959351,0.351156903349125,0.0448803113399438,0.521274828925375,0.473420184598603,-0.056843827658117,NA,NA,NA,NA,NA,NA,0.123725437093322,0.106228255391579,0.0860153118889169,0.159585121285903,0.147446733805004,1.10652110734308
1,0.5,0.2,0.5,0.4,-0.2,1.04651454151458,0.466506281592139,-0.00781247174031765,0.470211410732693,0.532807326142523,-0.000814901643092029,NA,NA,NA,NA,NA,NA,0.0571516315442599,0.0621337895686854,0.0909465781766284,NA,0.0673317783345267,NA
1,0.5,0.2,0.5,0.4,-0.2,0.985212644634546,0.523730355119444,0.264642927901996,0.581712349932969,0.184172616452726,-1.17512057458968,NA,NA,NA,NA,NA,NA,0.0938483005145439,0.0978271248422466,0.100994697737794,0.13746238276311,0.194573762625056,2.10148580241559
1,0.5,0.2,0.5,0.4,-0.2,1.10033354885511,0.491587992576678,0.352312230569055,0.712950191539912,0.264987323959956,-0.0186941695976837,NA,NA,NA,NA,NA,NA,0.0905669368181041,0.0984877700672658,0.0977098678940747,0.16447071818366,0.158988959103975,1.51282152594973
1,0.5,0.2,0.5,0.4,-0.2,1.0897556620044,0.430365141018183,0.09534195916992,0.603973854234199,0.279543620263378,-0.138026311525266,NA,NA,NA,NA,NA,NA,0.0987020775780715,0.079496986414751,0.0945976502627923,0.181845090805536,0.146086878881945,1.86917877617256
1,0.5,0.2,0.5,0.4,-0.2,1.08190452138924,0.46040470379182,0.376989562505804,0.565701749213113,0.441414696691692,-0.0085911811498851,NA,NA,NA,NA,NA,NA,0.0739405162173263,0.0528642880159075,0.102062021526391,NA,NA,NA
1,0.5,0.2,0.5,0.4,-0.2,0.767497196814527,0.843243638846107,0.133629277916738,0.388056369362587,0.365033529307329,-0.315133835369624,NA,NA,NA,NA,NA,NA,0.136406099768447,0.144465949075254,0.121235685765138,0.166493122084613,0.152513837103425,1.42389936349892
1,0.5,0.2,0.5,0.4,-0.2,0.95237307262851,0.439304126240277,0.263941868304121,0.92011770570118,0.298714034345901,0.802728462466037,NA,NA,NA,NA,NA,NA,0.102451481673688,0.091343204957036,0.075189641651848,0.261771576830659,0.159322624902998,0.690589733931849
1,0.5,0.2,0.5,0.4,-0.2,1.16592648529863,0.324751793049296,0.135168392331389,0.490828573492334,0.189066785074417,0.0226414184656718,NA,NA,NA,NA,NA,NA,0.0396277230897695,0.119796722445718,0.136619311699465,NA,0.132101445882222,NA
1,0.5,0.2,0.5,0.4,-0.2,0.830320454319961,0.609735195520951,0.229010004048232,0.601860180742747,0.131785865647194,0.0024805122470109,NA,NA,NA,NA,NA,NA,0.110314140663208,0.128296634614555,0.116565760037021,0.22404449861822,0.176572821289633,1.23126979470936
1,0.5,0.2,0.5,0.4,-0.2,1.03023450043823,0.434358880970079,0.295416562511522,0.290813697133187,0.368674019127846,-2.28524984871201,NA,NA,NA,NA,NA,NA,0.135466266301047,0.123131628687924,0.103069840017581,0.152715756631696,0.14614650531858,4.81992186763182
1,0.5,0.2,0.5,0.4,-0.2,1.18627240022331,0.386391390214795,0.279511178399983,0.418673404897914,0.445775519231829,-0.072735498140149,NA,NA,NA,NA,NA,NA,0.132995606285076,0.111432895647879,0.0948060789216624,0.193517989201118,0.169666286007739,2.09618010396337
1,0.5,0.2,0.5,0.4,-0.2,0.941289978221996,0.505890595188194,0.0960385085311753,1.04625499003894,0.156524054998758,0.943549549662412,NA,NA,NA,NA,NA,NA,0.106848676099058,0.089427914084133,0.0792617655127787,0.398458893589289,0.286736108124697,0.684855831379969
1,0.5,0.2,0.5,0.4,-0.2,0.973696237724356,0.502250967751029,0.156988440566622,0.487313116258152,0.373135611507226,-0.700246031584538,NA,NA,NA,NA,NA,NA,0.117688008800933,0.0940570325193149,0.101400997948675,0.182454593561792,0.144487325345221,2.30551052553054
1,0.5,0.2,0.5,0.4,-0.2,0.855970598830125,0.519286356433335,0.166504147176565,0.692313179660591,0.224630260605759,-0.000573521331221625,NA,NA,NA,NA,NA,NA,0.112413633582977,0.112159667957428,0.100251644270541,0.288526639942618,0.189724500944029,2.15988517752471
1,0.5,0.2,0.5,0.4,-0.2,0.949305409644237,0.392203161012394,0.357692791002576,0.529123333570551,0.447394352072102,-0.230964704344315,NA,NA,NA,NA,NA,NA,0.116107265528313,0.0983712049458931,0.0936969834746357,0.158759579340062,0.140557803378074,1.20616687759285
1,0.5,0.2,0.5,0.4,-0.2,1.05817912565502,0.478136769592466,0.121078563351758,0.780510135111966,0.203620429586342,-0.0972796929621414,NA,NA,NA,NA,NA,NA,0.0797291295936676,0.0814201787573627,0.0767525025545194,0.157344194971292,0.165940079395449,1.1375315629508
1,0.5,0.2,0.5,0.4,-0.2,1.26589829154457,0.378583574863598,0.243933969763612,0.541879187059369,0.235309412732652,0.00768524823944635,NA,NA,NA,NA,NA,NA,0.113115035243275,0.109771658609606,0.0829345493681807,0.302376591169145,0.240615154819492,2.92182787891537
1,0.5,0.2,0.5,0.4,-0.2,1.13491495281816,0.426633625035367,0.280022060337988,0.486166775098585,0.524409616869292,0.000229384848075679,NA,NA,NA,NA,NA,NA,0.145514020592971,0.140223863059845,0.0904807745413295,0.197615953517329,0.177364835060579,1.73582461978889
1,0.5,0.2,0.5,0.4,-0.2,1.24095035127426,0.428306731139329,0.254937041574528,0.50537201234299,0.561040718717271,-0.000472427782511995,NA,NA,NA,NA,NA,NA,0.157018115968114,0.112778023006164,0.0698121812402218,0.368475022854446,0.26094480374584,3.8378317216743
1,0.5,0.2,0.5,0.4,-0.2,1.20235382638174,0.318437986995059,0.22956872901039,0.682797790995783,0.531909785851924,0.488880202345048,NA,NA,NA,NA,NA,NA,0.162828786961918,0.157643880133799,0.0880897211518008,0.299444794990185,0.262601372264584,2.04937383840797
1,0.5,0.2,0.5,0.4,-0.2,1.04325930920946,0.548614642220947,0.0907341996899432,0.703409376486582,0.199872350908733,0.00202390419694516,NA,NA,NA,NA,NA,NA,0.0971698446187487,0.0963166732571654,0.0846180267680434,0.286542138428717,0.306523727163031,1.79502536256187
1,0.5,0.2,0.5,0.4,-0.2,1.33604895268261,0.41294859687394,0.04303660199487,0.46991178850314,0.439255208701639,-0.00605587317117023,NA,NA,NA,NA,NA,NA,0.128998924020265,0.126567799164632,0.0723826067991448,0.180020654489715,0.163908195423108,1.67381939833872
1,0.5,0.2,0.5,0.4,-0.2,1.06263439877287,0.465556489914748,0.281193894763114,0.566246626411137,0.409905620042682,-0.00201557266236218,NA,NA,NA,NA,NA,NA,0.116967951163782,0.0882974912598113,0.0623674712286151,0.22373159730683,0.176447136754122,1.82720062291179
1,0.5,0.2,0.5,0.4,-0.2,1.13421188647627,0.533583802124742,0.162372474021855,0.455321494034234,0.594591506421826,-0.0755465396540809,NA,NA,NA,NA,NA,NA,0.47762783904547,0.376152768142299,0.120066148382202,1.26741013101218,0.475181577279803,17.0596482475044
1,0.5,0.2,0.5,0.4,-0.2,0.850277829423028,0.673083858313747,0.184062037253556,0.52366253431593,0.385496067564928,-1.55471875755587,NA,NA,NA,NA,NA,NA,0.109088387516859,0.102175524835667,0.0848588668643975,0.141368321080047,0.135908250662605,2.42573593981764
1,0.5,0.2,0.5,0.4,-0.2,0.882601597705721,0.484674167850738,0.214608669871622,0.650503779553308,0.215061778667405,-0.033198982765746,NA,NA,NA,NA,NA,NA,NA,0.0548261981359767,0.0646892066779356,NA,0.115198956637502,NA
1,0.5,0.2,0.5,0.4,-0.2,0.977887483882642,0.638190678141576,0.344164037913194,0.581421238176065,0.511291636616498,-1.33570444057868,NA,NA,NA,NA,NA,NA,0.104742691916568,0.107485377955736,0.0979348568701711,0.153517495232948,0.163994542685401,3.06111518711173
1,0.5,0.2,0.5,0.4,-0.2,1.09047205131222,0.586684292815181,0.452617789138219,0.613229483238978,0.141230149407039,0.0124753188151269,NA,NA,NA,NA,NA,NA,0.103149757009915,0.0994231556252678,0.118828980179979,0.189857682668292,0.216918086237673,1.02257935552729
1,0.5,0.2,0.5,0.4,-0.2,1.17145522668434,0.61343408648316,0.218583608820008,0.452557827663848,0.414381016752779,-0.258054570396742,NA,NA,NA,NA,NA,NA,0.128192546384444,0.122638473821289,0.106396976971515,0.178552845466174,0.181041322073934,1.72386927601176
1,0.5,0.2,0.5,0.4,-0.2,1.04218064334521,0.381177260678749,0.226713286322943,0.552114918607751,0.501715985916352,-0.917619412544914,NA,NA,NA,NA,NA,NA,0.121808926517485,0.123786335236426,0.0580868330138951,0.160214540557465,0.151626793159595,3.43016732193923
1,0.5,0.2,0.5,0.4,-0.2,0.973404215084299,0.440182260202475,0.238087748065075,0.622169902113947,0.508710979096805,-0.0171678450557701,NA,NA,NA,NA,NA,NA,0.122389463943318,0.108213504498942,0.0770992213913828,0.172380498683347,0.161479292563543,1.31248321109747
1,0.5,0.2,0.5,0.4,-0.2,0.93994023826461,0.776800814322831,0.332031534074734,0.446029538514906,0.374313246263863,-0.878701294595574,NA,NA,NA,NA,NA,NA,0.117602957343868,0.104601982258883,0.128573290075114,0.171404222347899,0.152420963936752,1.71231834204437
1,0.5,0.2,0.5,0.4,-0.2,0.993646267500929,0.471632208441919,0.307783547382934,0.517945410127308,0.809294681477275,-0.011730089567853,NA,NA,NA,NA,NA,NA,0.149788588809258,0.124667916979936,0.0521448827496737,0.179341319776494,0.168179540785627,1.42316241741414
1,0.5,0.2,0.5,0.4,-0.2,1.02516326286444,0.498513608503027,0.207420931618046,0.59300672443012,0.461359030010752,-0.00275425023940593,NA,NA,NA,NA,NA,NA,0.0939437242029539,0.097977952221244,0.103156366380729,NA,0.121540601643275,NA
1,0.5,0.2,0.5,0.4,-0.2,1.23113532393516,0.508660326042904,0.308397952119908,0.39017470620766,0.32379495294666,-0.333088784092983,NA,NA,NA,NA,NA,NA,0.131615320886392,0.180853369864248,0.123359783222112,0.175275307281789,0.188451399574443,1.24072835765706
1,0.5,0.2,0.5,0.4,-0.2,1.025148963734,0.519248354219562,0.243488236013695,0.757114732804303,0.400428692524322,0.86293527317564,NA,NA,NA,NA,NA,NA,0.121987269858087,0.110653700868612,0.0659024264623889,0.224859665558878,0.176649993832749,0.619771415601298
1,0.5,0.2,0.5,0.4,-0.2,1.19617874178487,0.431331982226699,0.244453163845965,0.557969794542582,0.404040075726488,0.597642466815871,NA,NA,NA,NA,NA,NA,0.126477125240536,0.127692601342707,0.0786454938232411,0.217795457292179,0.177475380370989,1.1468842795331
1,0.5,0.2,0.5,0.4,-0.2,0.927764355386471,0.457987797905714,0.118639033997114,0.370339150589907,0.592943149067087,-0.00180646936157092,NA,NA,NA,NA,NA,NA,0.161541903654721,0.12748874809732,0.0907885272725748,0.208443692330814,0.160795281067849,1.74538767071252
1,0.5,0.2,0.5,0.4,-0.2,0.950458451260035,0.498083171090428,0.165257851730493,0.742124454509651,0.135502100174763,0.00480833101006359,NA,NA,NA,NA,NA,NA,0.0900783487196815,0.0960003404434333,0.0842048802065875,0.23663313104597,0.185106526105882,1.73322840414894
1,0.5,0.2,0.5,0.4,-0.2,1.00858630466047,0.344738845377324,0.266205488846124,0.630876818703106,0.340005337032441,-0.00391295333751979,NA,NA,NA,NA,NA,NA,0.113086402322057,0.12093750062801,0.0762624329025073,0.19027517815396,0.143415143898347,1.80270698027756
1,0.5,0.2,0.5,0.4,-0.2,1.23272970464724,0.25667188172065,0.0482140669064144,0.366039469124775,0.198292595774061,-0.00352548866200781,NA,NA,NA,NA,NA,NA,0.127170082518854,0.125566080902271,0.120553107741175,0.210575247476859,0.167714989840461,1.90855608661175
1,0.5,0.2,0.5,0.4,-0.2,1.1188767682885,0.550471147357104,0.339036753662016,0.684012823185456,0.297773669070928,0.31766321872427,NA,NA,NA,NA,NA,NA,0.114928545072163,0.108508923155973,0.0932495698087237,0.188813814671357,0.209874524623202,1.03650168491514
1,0.5,0.2,0.5,0.4,-0.2,1.15261482317422,0.417454895438056,0.676807795536298,0.502680101549766,0.400936620295142,0.307255032844133,NA,NA,NA,NA,NA,NA,0.131264943426038,0.136055477957266,0.162003669857999,0.24906036505807,0.166107930348027,1.41990492569741
1,0.5,0.2,0.5,0.4,-0.2,1.16363227467652,0.326514577029237,0.152237772799056,0.785693664796947,0.448528063215188,0.000950176145159443,NA,NA,NA,NA,NA,NA,0.200791367575574,0.111710161758666,0.0556767994715768,1.18279438652707,1.01345295017676,13.9717643944596
1,0.5,0.2,0.5,0.4,-0.2,0.8586038827791,0.664566663473894,0.264529628913372,0.571111618736631,0.135195413478398,-2.68368576062029,NA,NA,NA,NA,NA,NA,0.0873317108708261,0.0900917389879541,0.0935101381678163,0.133095906869408,0.140448238431538,6.15714372834734
1,0.5,0.2,0.5,0.4,-0.2,1.21580054476646,0.210511796591339,0.286953647396338,0.64217902700789,0.35333573009244,-0.734090874152727,NA,NA,NA,NA,NA,NA,0.0981777372367676,0.11132635358739,0.088493645228912,0.133802695906102,0.141951291339255,2.38869413768952
1,0.5,0.2,0.5,0.4,-0.2,1.12314432121497,0.333316697019053,0.297670634829578,0.667879948181265,0.566328739288267,-0.656473717107065,NA,NA,NA,NA,NA,NA,0.108471439830006,0.0918990819245042,0.0653122791022026,0.151011065158238,0.142078953906919,1.72296934837401
1,0.5,0.2,0.5,0.4,-0.2,1.06032348880525,0.349310394596563,0.228824329676732,0.559744586511878,0.406843898995774,-0.747492674337016,NA,NA,NA,NA,NA,NA,0.105111624930636,0.0956224576590884,0.0789217865143352,0.153708788139501,0.148103246243162,2.17390728016345
1,0.5,0.2,0.5,0.4,-0.2,1.11198537340644,0.385112384652875,-0.110730592286025,0.25122285906324,0.17495666493157,-0.0817289753379099,NA,NA,NA,NA,NA,NA,0.144549293313669,0.143531498198724,0.166247144379629,0.201534557993514,0.175651815587651,1.7280637007589
1,0.5,0.2,0.5,0.4,-0.2,1.0341524493258,0.501769564520298,-0.0030175350426665,0.648983432970742,0.563783691692201,-0.000796921022736751,NA,NA,NA,NA,NA,NA,0.120964433733478,0.0879343729801921,0.0773021727600054,0.311389003713227,0.180915195628399,2.98599625997276
1,0.5,0.2,0.5,0.4,-0.2,1.21444031661063,0.422545200193297,0.374458491243542,0.649226913074455,0.274270706718859,0.743452191131324,NA,NA,NA,NA,NA,NA,0.125822565488471,0.106777922275024,0.130183885256007,0.273773194476712,0.200853518305289,0.851771829516319
1,0.5,0.2,0.5,0.4,-0.2,0.83973383891841,0.579440471592237,0.212844837325739,0.529088519627802,0.376710366732298,-1.64243467179893,NA,NA,NA,NA,NA,NA,0.104746115575058,0.103596086532768,0.0815384032545054,0.143168157611967,0.16809960940221,1.65203076115886
1,0.5,0.2,0.5,0.4,-0.2,1.02382625406415,0.66465971706758,0.0928025961496935,0.706328764559048,0.438823164800362,0.378995907214681,NA,NA,NA,NA,NA,NA,0.132076307007437,0.11801075656946,0.105687636311867,0.551429309315234,0.318137221364319,3.96325972709202
1,0.5,0.2,0.5,0.4,-0.2,1.10495128293479,0.435324322713779,0.257042552642301,0.574012556303878,0.56687758003546,-0.406528448927791,NA,NA,NA,NA,NA,NA,0.117899698481683,0.100983524089475,0.0988726433032154,0.155658348457495,0.14057194669187,1.74784219433124
1,0.5,0.2,0.5,0.4,-0.2,1.13445780861708,0.441377704916716,0.136239290846327,0.706581017297931,0.447579504035894,1.41355581965547,NA,NA,NA,NA,NA,NA,0.160040639433172,0.104954793432955,0.11962550721601,0.426065075663679,0.179238843891308,1.00738112025148
1,0.5,0.2,0.5,0.4,-0.2,1.14695904634273,0.373393956236714,0.255588687165513,0.371942985903721,0.726074822805243,-0.418746288454207,NA,NA,NA,NA,NA,NA,0.159894325068906,0.141800740455674,0.0978492675259118,0.183142811248557,0.174445059708728,1.95740751369074
1,0.5,0.2,0.5,0.4,-0.2,0.950682204464566,0.634044960515078,0.174056303426278,0.608433362415386,0.421738506691915,-0.128315459538175,NA,NA,NA,NA,NA,NA,0.112442904590291,0.0928460304004899,0.0794538333403731,0.196314386874765,0.173039022339842,1.45280523319128
1,0.5,0.2,0.5,0.4,-0.2,1.08990308487079,0.346442991563468,0.251249999200787,0.593902510244997,0.337339681054619,-0.00238514629967468,NA,NA,NA,NA,NA,NA,0.122820038354489,0.109023446550674,0.107120612301926,0.334054496988466,0.219719460455254,3.70240878551041
1,0.5,0.2,0.5,0.4,-0.2,1.01574080339288,0.585050018527548,0.297155506922641,0.483929789808419,0.486864184104695,-1.02851572125206,NA,NA,NA,NA,NA,NA,0.118272127088591,0.110596626762877,0.103383759563653,0.170361972454464,0.165012148818257,2.72398358374646
1,0.5,0.2,0.5,0.4,-0.2,1.00064549582027,0.429151071804385,0.20963753350018,0.303852600926198,0.484346847172251,-2.5065980519584,NA,NA,NA,NA,NA,NA,0.141151411788221,0.122928889437471,0.122946230526465,0.131614069143722,0.144509645621758,NA
1,0.5,0.2,0.5,0.4,-0.2,0.777766390281781,0.745679607208275,0.168340227439219,0.573788338696806,0.407706350794683,0.000756246989928395,NA,NA,NA,NA,NA,NA,0.141547484647154,0.124935963420296,0.0627090512684639,0.277228742156157,0.206202100244055,2.13133803976117
1,0.5,0.2,0.5,0.4,-0.2,1.13576146165924,0.49039853509818,0.249480975570629,0.430562587100319,0.273632464063146,-0.00490675725313747,NA,NA,NA,NA,NA,NA,0.138347159587704,0.139736370150626,0.112955973931456,0.252902674139784,0.211895943439413,2.17249021912487
1,0.5,0.2,0.5,0.4,-0.2,1.04494953459847,0.442367244354365,0.166260884763493,0.466460199416007,0.355748292679946,-0.0082648170551767,NA,NA,NA,NA,NA,NA,0.125645020485651,0.142435200165989,0.104995683724043,0.184743030140973,0.157181144079638,1.44735848351232
1,0.5,0.2,0.5,0.4,-0.2,1.23829225031459,0.331677787231341,0.171818241988312,0.897145269596265,0.48120722314245,1.4387449221586,NA,NA,NA,NA,NA,NA,0.121075431997447,0.0993523423696285,0.0441238760997867,0.22489410196941,0.156058462662808,0.364899236268908
1,0.5,0.2,0.5,0.4,-0.2,0.899562754169776,0.541015575486669,0.344023842285046,0.797795691301754,0.348457634595221,1.03689922408537,NA,NA,NA,NA,NA,NA,0.127602723410521,0.107670996926407,0.106483367545372,0.365666798828468,0.158653375370929,0.714386127106863
1,0.5,0.2,0.5,0.4,-0.2,1.06441566390951,0.568690365920158,0.0234184456221913,0.471593088169949,0.409941662928321,-0.00443949217749886,NA,NA,NA,NA,NA,NA,0.131626674316699,0.108748846995971,0.10342968257925,0.226584296755623,0.182737874553246,2.44519511274241
1,0.5,0.2,0.5,0.4,-0.2,1.11920200136952,0.516844873061107,-0.0723907103613639,0.605367767632149,0.219502726689736,-0.000697438135248587,NA,NA,NA,NA,NA,NA,0.109471202320427,0.104898777941575,0.0857555483415576,0.228921927088734,0.190655959687544,2.09944963802724
1,0.5,0.2,0.5,0.4,-0.2,1.00660335805255,0.507138536816366,0.157334224201212,0.470697272198144,0.353947360502969,-0.302770885941213,NA,NA,NA,NA,NA,NA,0.11474839017006,0.093172604515194,0.0866906803658673,0.160105508429028,0.149523488563766,1.27520568674262
1,0.5,0.2,0.5,0.4,-0.2,1.04489071793156,0.348785705854464,0.234300958295315,0.565074225953604,0.493197197773124,-0.0312989437578447,NA,NA,NA,NA,NA,NA,0.127123760504638,0.120187319686805,0.0779249928152248,0.190183472908618,0.164625426542771,1.69081281877621
1,0.5,0.2,0.5,0.4,-0.2,1.05253643907562,0.42236525160521,0.293642792068502,1.16540438895631,0.154983195987854,1.16194076684621,NA,NA,NA,NA,NA,NA,0.0931559165341562,0.0898175445119761,0.0808404139782186,0.278416948750681,0.225040890938791,0.377526951434302
1,0.5,0.2,0.5,0.4,-0.2,0.929473608880414,0.484874606186433,0.188941511589717,0.596162885772243,0.383516469258077,0.00471008507581568,NA,NA,NA,NA,NA,NA,0.114284205489666,0.0998553547452153,0.0906152798796235,0.234989906669041,0.185192543397037,1.31379663360584
1,0.5,0.2,0.5,0.4,-0.2,1.22292774938353,0.274908345499353,0.158838622976401,0.901175204440392,0.630820499791658,0.000148919729279419,NA,NA,NA,NA,NA,NA,NA,NA,0.0575665751125956,NA,NA,NA
1,0.5,0.2,0.5,0.4,-0.2,1.07403549609809,0.436254724618605,0.16349619607529,0.434435831660853,0.369623267097302,-0.949420811465493,NA,NA,NA,NA,NA,NA,0.124595676144038,0.116240141531507,0.0976855543902244,0.159992326538278,0.154581108046626,2.99044253006541
1,0.5,0.2,0.5,0.4,-0.2,0.706351581169001,0.744434035312968,0.201992938779738,0.549065739957059,0.624085252088386,0.152415657268079,NA,NA,NA,NA,NA,NA,0.155236713704223,0.149623006933819,0.0623272714644333,0.172129751320255,0.157907950668679,0.774170898131142
1,0.5,0.2,0.5,0.4,-0.2,0.649623814214345,0.594698481410435,0.17908669236936,0.481983023481345,0.322158132674787,-0.158234582649345,NA,NA,NA,NA,NA,NA,0.137723764891491,0.136714537212286,0.123187938810591,0.231195548877406,0.179026317881091,1.74005589554198
1,0.5,0.2,0.5,0.4,-0.2,1.0499356466018,0.442726255607263,0.254650699119453,0.427964901208822,0.283919177960809,-0.477458795303655,NA,NA,NA,NA,NA,NA,0.168175739025035,0.133274327572533,0.156275412475628,0.32427103379485,0.207615086148947,4.86723388675347
1,0.5,0.2,0.5,0.4,-0.2,0.823530970571665,0.627439224068901,0.24376928001105,0.484573382686522,0.467259397719508,-1.35956395837247,NA,NA,NA,NA,NA,NA,0.130142769593419,0.10973979744809,0.0846152017850822,0.312655168911725,0.184923304657576,7.39546213355174
1,0.5,0.2,0.5,0.4,-0.2,0.968658763739915,0.577144154871793,0.2092999764084,0.723888187753955,0.652313001973392,0.94277899590015,NA,NA,NA,NA,NA,NA,0.12880108836748,0.0882406478042305,0.050939052986366,0.261236136844468,0.166725509984997,0.745060176118753
1,0.5,0.2,0.5,0.4,-0.2,1.20602857012749,0.502006816431579,0.531024002084352,0.668475910575296,0.417725673950305,0.578808219132723,NA,NA,NA,NA,NA,NA,0.112171750657741,0.114752774654067,0.116613744671077,0.210201753687541,0.149942891994412,0.977713714033521
1,0.5,0.2,0.5,0.4,-0.2,1.12087290346212,0.538660514709204,0.415223123317829,0.674094675743502,0.286576581826925,-0.0646325577215874,NA,NA,NA,NA,NA,NA,0.0989659763434355,0.0984022231515425,0.127335999162146,0.197634512360619,0.172587822965881,1.1846236485303
1,0.5,0.2,0.5,0.4,-0.2,1.15911525405233,0.425607071644334,0.0109334153081434,0.688071973816039,0.222692330694946,-0.000512790773094778,NA,NA,NA,NA,NA,NA,0.0986597126262752,0.101151623120382,0.116759853852005,0.231958755088776,0.168954124585578,2.34452183893578
1,0.5,0.2,0.5,0.4,-0.2,1.0524921207393,0.430093405623827,0.219981102661756,0.646280556422218,0.451411325237004,-1.02535540563926,NA,NA,NA,NA,NA,NA,0.116002596962681,0.110991157331524,0.069272822580879,0.154606845054142,0.1745955048569,3.02895163941767
1,0.5,0.2,0.5,0.4,-0.2,1.06883504832575,0.388418717428445,0.115786553977604,0.713390315377233,0.229989276816493,-0.00801590630637361,NA,NA,NA,NA,NA,NA,0.0875345395966158,0.101662984431999,0.0715923188977345,0.181230585687643,0.182338953649429,1.61032666286837
1,0.5,0.2,0.5,0.4,-0.2,1.00900000331431,0.684261079771467,0.238341644002951,0.228984771771251,0.520981050934065,-1.33497613837936,NA,NA,NA,NA,NA,NA,0.162814899461746,0.153740824662108,0.12206162547883,0.187037412873286,0.230182920804594,3.68064444645338
1,0.5,0.2,0.5,0.4,-0.2,1.10154612522357,0.433614263447512,0.0832517735822595,0.472935103413643,0.322731276394485,-0.0867821158504511,NA,NA,NA,NA,NA,NA,0.126025731744696,0.12183368183027,0.0848241529435492,0.179497409770221,0.138400363070406,1.25366271975633
1,0.5,0.2,0.5,0.4,-0.2,1.18219868349465,0.50242276777906,0.31857905451485,0.633444685398904,0.396510309378179,-0.000237991168441406,NA,NA,NA,NA,NA,NA,0.103893622688768,0.0867097788332457,0.0624194646143397,0.178843130395669,0.173519687088428,1.4293189553304
1,0.5,0.2,0.5,0.4,-0.2,1.094978300259,0.416239550577381,0.186512594970514,0.394354368886119,0.459354928061176,-0.00581134172202221,NA,NA,NA,NA,NA,NA,0.149787948053704,0.122551390867131,0.116294349407573,0.191088748761523,0.184195424605024,1.75994568180687
1,0.5,0.2,0.5,0.4,-0.2,1.00161780623303,0.540130021541283,0.262081395090699,0.560301769863001,0.479478532081216,-0.283684288482328,NA,NA,NA,NA,NA,NA,0.11008982586177,0.129527221212592,0.0877984383350073,0.174812269868413,0.152032171460036,1.24238023227786
1,0.5,0.2,0.5,0.4,-0.2,1.04865535930579,0.338761206280894,0.263692615413447,0.505743508598878,0.321858114128156,-0.486419325917341,NA,NA,NA,NA,NA,NA,0.1157250312272,0.129125174318115,0.0858344602584504,0.14972486452392,0.155228699694494,1.37615355441009
1,0.5,0.2,0.5,0.4,-0.2,1.18263346339634,0.219412133993274,0.229544963590153,0.54539201182799,0.473456068120336,0.12726128482383,NA,NA,NA,NA,NA,NA,0.130537004500085,0.135044712971501,0.0904863818624765,0.199452982224227,0.184465337293106,1.48857391870737
1,0.5,0.2,0.5,0.4,-0.2,0.979146909442872,0.539233266268579,0.230090125961025,0.371411037257459,0.434498147352385,-2.26856087096254,NA,NA,NA,NA,NA,NA,0.136140831087272,0.122347803659206,0.0934223957781942,0.160983910999786,0.177876759609785,3.6361267532836
1,0.5,0.2,0.5,0.4,-0.2,0.976083895702287,0.708810624855219,0.182412075017686,0.389165903181207,0.313507011638556,-1.28019171759386,NA,NA,NA,NA,NA,NA,0.120700049960479,0.125631161419198,0.095813767351215,0.173455632335097,0.195993096259437,4.38987037244254
1,0.5,0.2,0.5,0.4,-0.2,0.980040387679437,0.627703866446835,0.149805622073556,0.482000054113436,0.318325085227526,-0.0204686369084089,NA,NA,NA,NA,NA,NA,0.120665631287162,0.108581637661395,0.0990335677830951,0.194482481992439,0.172253786350739,1.19873590788275
1,0.5,0.2,0.5,0.4,-0.2,1.2543335140496,0.394488869781763,0.309555610999893,0.399418884838652,0.442956418945481,-0.0178194102308401,NA,NA,NA,NA,NA,NA,0.14448813946439,0.122412888819992,0.102206198669006,0.186101833020955,0.156595209023695,1.92266106329731
1,0.5,0.2,0.5,0.4,-0.2,1.07284855180342,0.582342989390312,0.137579839207473,0.375030766756438,0.35708642857248,0.194797941582577,NA,NA,NA,NA,NA,NA,0.109047146315723,0.108633652959911,0.0997126424937965,NA,0.125843381106868,NA
1,0.5,0.2,0.5,0.4,-0.2,1.08908998423937,0.454059523284187,0.271327059750012,0.93425531188296,0.443913121603065,1.13049978406929,NA,NA,NA,NA,NA,NA,0.108235751245718,0.0868081501108672,0.0752966582443831,0.204465450817106,0.135049889973482,0.466267338994827
1,0.5,0.2,0.5,0.4,-0.2,1.0160663239755,0.553216126801352,0.0149669897829179,0.345998845943713,0.517548899530851,-1.73641997347442,NA,NA,NA,NA,NA,NA,0.150454086813479,0.145090089350733,0.128667394718568,0.193045300547523,0.218946488690994,5.73439256389997
1,0.5,0.2,0.5,0.4,-0.2,0.957808193910479,0.698921350082528,0.13886048453498,0.568365647489506,0.474754592796344,-0.000915505340475743,NA,NA,NA,NA,NA,NA,0.136456103897017,0.140488553697771,0.0931546051546776,0.295810657675234,0.253473215569208,2.89865807877933
1,0.5,0.2,0.5,0.4,-0.2,1.03416685044444,0.466284143488304,0.0811391967760757,0.337281481731953,0.488828017061539,-0.0751115584043183,NA,NA,NA,NA,NA,NA,0.160192207800067,0.172828135273585,0.105243042821078,0.178223064346236,0.164413877825792,1.25575999124474
1,0.5,0.2,0.5,0.4,-0.2,1.06147083741814,0.466621553441166,0.209549368183845,0.396363595691491,0.446379837230169,-0.00355823584589755,NA,NA,NA,NA,NA,NA,0.161139749708968,0.11287893972999,0.11893036968867,0.262879262399843,0.215379900464549,2.34976894497258
1,0.5,0.2,0.5,0.4,-0.2,0.951666028232638,0.448495371848993,0.219653174488625,0.5815309353949,0.384976005643905,-0.00295905578448512,NA,NA,NA,NA,NA,NA,0.115252923903919,0.108896700526456,0.0777592124277459,0.203916293908358,0.147448248770904,1.41571440907852
1,0.5,0.2,0.5,0.4,-0.2,1.13425831438102,0.481434090261519,0.194395524988791,0.386795225161394,0.476602423696567,0.219073054479086,NA,NA,NA,NA,NA,NA,0.166170301101777,0.143239010171566,0.105544439144265,0.247292926719465,0.180827628336795,2.02556046830717
1,0.5,0.2,0.5,0.4,-0.2,1.20664457404792,0.365227310205479,0.142368533454791,0.563901136759495,0.380084036268613,0.562817181924997,NA,NA,NA,NA,NA,NA,0.123738215647655,0.119660647360285,0.079670743965792,0.228028647025051,0.14385111845024,1.24613222567632
1,0.5,0.2,0.5,0.4,-0.2,1.00424599399159,0.482185930352422,0.180163949961541,0.727104030020444,0.441775112840298,-0.0236074809596738,NA,NA,NA,NA,NA,NA,0.0969221760364944,0.0783292858845621,0.0599550898194508,0.165247240871368,0.144108538724096,1.20569643203209
1,0.5,0.2,0.5,0.4,-0.2,0.93996197020555,0.581860323392256,0.172526519896273,0.802340345520867,0.570703072532344,-0.22237093864493,NA,NA,NA,NA,NA,NA,0.098824506570064,0.0982157374366257,0.0454279112440405,0.170159075992597,0.162996697186043,1.40217035285736
1,0.5,0.2,0.5,0.4,-0.2,1.1489707047848,0.472313674141346,0.293245288410352,0.622500322504008,0.40630283596506,-0.0141545945995205,NA,NA,NA,NA,NA,NA,0.111153286887291,0.09372222872162,0.0845194479401877,0.238841780241786,0.177004141340493,3.01126719891288
1,0.5,0.2,0.5,0.4,-0.2,0.975737069616708,0.509421208526415,0.321436639527067,0.534505827914348,0.219627431244296,-6.87539309585849,NA,NA,NA,NA,NA,NA,0.0182711279637308,NA,NA,0.0328548642240298,NA,0.0158746599100812
1,0.5,0.2,0.5,0.4,-0.2,0.947918304105332,0.69686160488186,0.0155270810652241,0.779634308108632,0.431919752917816,-0.140917637840893,NA,NA,NA,NA,NA,NA,0.0915216665181199,0.0690350390536284,0.0668188321707894,0.158070902766773,0.149248695922015,0.95413071617361
1,0.5,0.2,0.5,0.4,-0.2,1.13152316974257,0.376958627678098,0.185603766722483,0.677016110075762,0.295147917694086,-0.00371073774972909,NA,NA,NA,NA,NA,NA,0.0963764493450482,0.100788625396631,0.0801305109494741,0.16792024987425,0.140840792649589,1.36545261620804
1,0.5,0.2,0.5,0.4,-0.2,0.944148236118782,0.775790058920237,0.0253143469564393,0.672213435689623,0.2071494135671,0.06643232519427,NA,NA,NA,NA,NA,NA,0.518074243068182,0.404977553231075,0.127361138824125,1.90640842046531,1.46709212737788,13.5832661749174
1,0.5,0.2,0.5,0.4,-0.2,1.08632892174712,0.229825150449673,0.354787186924907,0.494785116130324,0.185832763022893,-0.820967375262243,NA,NA,NA,NA,NA,NA,0.101398206104358,0.113628374491402,0.119448932922175,0.168594023914613,0.14090468839265,2.71755394626732
1,0.5,0.2,0.5,0.4,-0.2,1.15650541350402,0.394028954268838,0.266079614123303,0.459654927938632,0.365761008302114,-0.0027958521957638,NA,NA,NA,NA,NA,NA,0.126203749132982,0.110053129946058,0.0973367199378151,0.198625210490129,0.16856842623256,1.42710036958544
1,0.5,0.2,0.5,0.4,-0.2,1.12667104822556,0.463531970322792,0.22413917637946,0.553065152729907,0.422505325833298,-0.289679224648262,NA,NA,NA,NA,NA,NA,0.107921715147751,0.084965197345553,0.0870126217438623,0.210691583117943,0.218947806800216,1.85695997236498
1,0.5,0.2,0.5,0.4,-0.2,1.39493447024716,0.0822057589336768,0.332607048910462,0.746781028756784,0.146279007222089,0.0078992408304763,NA,NA,NA,NA,NA,NA,0.0830451110398308,0.122099819835694,0.0705488221079116,0.0867837133160271,0.192075410242911,NA
1,0.5,0.2,0.5,0.4,-0.2,1.17485114338764,0.38775597623737,0.228496608525436,0.824851517787939,0.643289867607741,1.47363640159387,NA,NA,NA,NA,NA,NA,0.142512194973806,0.10801069822638,0.0967282159659886,0.25915462423713,0.206612416391679,0.407236413934975
1,0.5,0.2,0.5,0.4,-0.2,0.976878849548418,0.447932885881027,0.19723655193332,0.509907408705386,0.236696368736107,0.0225672075120775,NA,NA,NA,NA,NA,NA,0.0901892998839382,0.10693263561087,0.10140622582654,NA,NA,NA
1,0.5,0.2,0.5,0.4,-0.2,0.972296809050687,0.61828762189096,0.0699538981613371,0.617026622375233,0.42191258750933,-0.00146904708258925,NA,NA,NA,NA,NA,NA,0.115931728584236,0.10755283521373,0.0807397949261958,0.19432456021024,0.199359699084045,1.34122276497254
1,0.5,0.2,0.5,0.4,-0.2,1.12563811721819,0.590048779911428,0.0877900326967597,0.496115377608755,0.152792843685871,-0.0130200120394824,NA,NA,NA,NA,NA,NA,0.111052561056495,0.124968369173435,0.125323154632308,0.185076320988964,0.16618072245355,1.12528359376614
1,0.5,0.2,0.5,0.4,-0.2,1.01463355267015,0.55694683977875,0.070296667517483,0.550698620033014,0.376872919363574,-0.92000883460749,NA,NA,NA,NA,NA,NA,0.103872665296431,0.111261744006508,0.0882062072365787,0.143549180114016,0.138963664562422,1.72291768447756
1,0.5,0.2,0.5,0.4,-0.2,1.23324732387979,0.409485014277199,0.138535733336425,0.704551511443118,0.11083642602934,1.41858428626087,NA,NA,NA,NA,NA,NA,0.174657039619036,0.150708374467378,0.111782877451145,0.486076995619305,0.196419610127396,1.20127811137662
1,0.5,0.2,0.5,0.4,-0.2,1.04175899158656,0.481449292785734,-0.0400848417386647,0.779279406907977,0.320163962438001,0.784311052493046,NA,NA,NA,NA,NA,NA,0.129722782963623,0.11366809685024,0.0693144015839997,0.289298512649031,0.175754563322301,0.959445451514503
1,0.5,0.2,0.5,0.4,-0.2,1.28693777302378,0.319595897512965,0.160544374011498,0.637266926908729,0.649889127462403,-0.00570013667154881,NA,NA,NA,NA,NA,NA,0.118181862921798,0.105040020937886,0.0527564288188811,0.166837557141821,0.157849619613238,2.02452159212486
1,0.5,0.2,0.5,0.4,-0.2,1.13859785039522,0.371654432227522,0.119902516913672,0.619084670580111,0.475242199877313,-0.0664858135883939,NA,NA,NA,NA,NA,NA,0.114026641356591,0.102293515892492,0.111369695879049,0.170614104218349,0.141936806660167,1.50601264021704
1,0.5,0.2,0.5,0.4,-0.2,1.20063312595461,0.296664410728107,0.227744857086116,0.470321281401401,0.459442774728319,0.000173464022941206,NA,NA,NA,NA,NA,NA,0.133355483870455,0.126140092711847,0.0956114698360232,0.215059943645396,0.169078845529682,2.04912535198797
1,0.5,0.2,0.5,0.4,-0.2,0.797067956433702,0.634299826554766,0.323240432344841,0.500242214085795,0.476931655268324,0.0525910133243754,NA,NA,NA,NA,NA,NA,0.133234981803912,0.127105487595984,0.0947784553977259,0.195893605702274,0.169607875444499,1.26593324659657
1,0.5,0.2,0.5,0.4,-0.2,1.27749917198406,0.26447539562465,0.208425005163097,0.555202905463926,0.557241175476963,-0.325501915187686,NA,NA,NA,NA,NA,NA,0.139576913711059,0.126224878020999,0.0899561580106307,0.181742638125879,0.178242594408654,2.64541202907814
1,0.5,0.2,0.5,0.4,-0.2,1.05983285346134,0.515707454070562,0.253983511840997,0.702472706702349,0.281515977748622,-0.0760838003576632,NA,NA,NA,NA,NA,NA,0.0914149891359811,0.108815638635239,0.0687601469488095,0.158289310717599,0.168023453601739,1.07386139800362
1,0.5,0.2,0.5,0.4,-0.2,1.09621666328917,0.346489308276297,0.207686464875419,0.444247752338324,0.283937420776613,0.35823659292482,NA,NA,NA,NA,NA,NA,0.346133827684079,0.249261511823714,0.118973280063624,0.967083838197529,0.465160757155367,6.66201726275476
1,0.5,0.2,0.5,0.4,-0.2,1.02235886965296,0.497804689410234,0.248394781720455,0.466820696710841,0.428020508752695,-0.344436167861508,NA,NA,NA,NA,NA,NA,0.127061168745247,0.125594185336564,0.107745545916971,0.155432465694156,0.160925089126085,1.48833606545661
1,0.5,0.2,0.5,0.4,-0.2,1.02055958753871,0.625519264868484,0.181134659387535,0.787425266049167,0.339400587687929,-0.0315741756242778,NA,NA,NA,NA,NA,NA,0.0882428067524329,0.0842783844889931,0.0604050528968741,0.185798196196297,0.174753417535213,1.19749294981081
1,0.5,0.2,0.5,0.4,-0.2,1.2419434055722,0.289427167187253,0.161004775774779,0.640986021114628,0.321111073576106,-0.467961155892584,NA,NA,NA,NA,NA,NA,0.10648489857579,0.117863144787439,0.0767180364171607,0.14668887207823,0.164417594638421,2.10576714525435
1,0.5,0.2,0.5,0.4,-0.2,0.855191846254438,0.59914883979258,0.233043213698598,0.66441449930172,0.485680371364748,0.151578599707608,NA,NA,NA,NA,NA,NA,0.133209314915309,0.11802620299735,0.0892914754938454,0.313675136703595,0.197464671364556,2.03538531745239
1,0.5,0.2,0.5,0.4,-0.2,1.12627501792294,0.579006796752109,0.0972657203978468,0.735429731194992,0.270900389286995,0.605065098081506,NA,NA,NA,NA,NA,NA,NA,NA,0.0324244182683917,NA,NA,NA
1,0.5,0.2,0.5,0.4,-0.2,0.972359923370594,0.465648455461987,0.258560357593433,0.986285221997039,0.187209555387631,1.09864237347273,NA,NA,NA,NA,NA,NA,0.0999821464571425,0.0867419878662537,0.0956979108177474,0.260222649372573,0.162870056212016,0.448119132858206
1,0.5,0.2,0.5,0.4,-0.2,1.04132132159073,0.700430478662015,0.120277792477515,0.738657156437413,0.110773957595094,1.11352748838724,NA,NA,NA,NA,NA,NA,0.136629097716978,0.129215004111685,0.156168857564144,0.349510711059793,0.243176630518765,0.823888736507278
1,0.5,0.2,0.5,0.4,-0.2,1.06801492496106,0.492990889956508,0.176389277333995,0.501408628635687,0.416689057909,-0.166432073581668,NA,NA,NA,NA,NA,NA,0.117655003664774,0.100585088467705,0.107535107338476,0.151798688005686,0.145890744399328,1.30167724572651
1,0.5,0.2,0.5,0.4,-0.2,1.20943113879711,0.319713522580395,0.139297426241024,0.38117474400901,0.271528907142766,0.0212487279095565,NA,NA,NA,NA,NA,NA,0.125257053728297,0.123574897981222,0.103064142522835,NA,0.102498715984496,NA
1,0.5,0.2,0.5,0.4,-0.2,0.938951535082208,0.444009887167119,0.207550951488674,0.593927187805174,0.391831256251696,-0.098805251698586,NA,NA,NA,NA,NA,NA,0.109099530542621,0.0804719254733949,0.0924466194287086,0.172517264401037,0.174295297971671,1.04075278077615
1,0.5,0.2,0.5,0.4,-0.2,1.01818393977008,0.448254583988285,0.178813699461424,0.517387585395761,0.289713757528653,-0.00385931634114969,NA,NA,NA,NA,NA,NA,0.116127084708893,0.101892059017506,0.126321476249006,0.191341600597705,0.165062060825677,1.25043844722234
1,0.5,0.2,0.5,0.4,-0.2,0.968912984284077,0.499049559825441,0.130329408659817,0.658147764513688,0.368529672157284,0.000416995874077747,NA,NA,NA,NA,NA,NA,0.113229158553626,0.0927035738548208,0.101111649302987,0.234041663193567,0.192087185238813,1.59338040137284
1,0.5,0.2,0.5,0.4,-0.2,0.936901536402786,0.50128733677176,0.353155351684176,0.498283417843709,0.329794798721286,-0.00559910496124241,NA,NA,NA,NA,NA,NA,0.143067219981615,0.186108127008427,0.125522984253025,0.219421931212385,0.192027787574372,1.58167857460458
1,0.5,0.2,0.5,0.4,-0.2,1.09143616748185,0.420439276137944,0.351311288622266,0.613278463173165,0.413288176793128,0.879784192276679,NA,NA,NA,NA,NA,NA,0.133772653789328,0.112727368066565,0.109769058321239,0.230835370183485,0.14878278446746,0.737582476888258
1,0.5,0.2,0.5,0.4,-0.2,0.871688560240789,0.637951900832598,0.225980595108013,0.487983735427328,0.328627555987556,-0.128912521917412,NA,NA,NA,NA,NA,NA,0.121372567378343,0.113982089630393,0.0956138190037684,0.172608572888233,0.133726502080842,1.22391918155475
1,0.5,0.2,0.5,0.4,-0.2,0.914505109905268,0.29539469958345,0.387300196176614,0.610354174275709,0.215871078064523,-0.174079369981261,NA,NA,NA,NA,NA,NA,0.0969582166486275,0.127582123638341,0.119091594435331,0.156430352183878,0.197691722898029,0.907708486384837
1,0.5,0.2,0.5,0.4,-0.2,1.1216623398885,0.431118117500062,0.234716998881044,0.586620177060705,0.512369211485124,-0.468810306959742,NA,NA,NA,NA,NA,NA,0.113247019510117,0.115148040807237,0.0885429330894024,0.15746347815548,0.163881511655501,2.00523081674888
1,0.5,0.2,0.5,0.4,-0.2,1.01573338820443,0.567942077242565,0.0458484547577041,0.519982336610436,0.27954324217456,-2.7873176511372,NA,NA,NA,NA,NA,NA,0.097964030467813,0.0886426581244101,0.0693052679757372,0.157693469201498,0.18062685372074,NA
1,0.5,0.2,0.5,0.4,-0.2,1.06406493172934,0.317905229553065,0.164546864399279,0.475436550312631,0.444637383918782,0.00283962878511073,NA,NA,NA,NA,NA,NA,NA,NA,NA,NA,0.123171201463495,NA
1,0.5,0.2,0.5,0.4,-0.2,0.995473493958793,0.501941084747176,0.264217662242894,0.537635249114658,0.338586581751298,-0.275588856306167,NA,NA,NA,NA,NA,NA,0.112648950979872,0.11333136334986,0.112076655399928,0.183199621489587,0.182259981683559,1.53910130107156
1,0.5,0.2,0.5,0.4,-0.2,1.04974363137838,0.528152213244639,0.236130958952669,0.539465368203068,0.272620386950725,-0.135259569713557,NA,NA,NA,NA,NA,NA,0.116308449444616,0.119913144963231,0.0973199308918334,0.194827012762691,0.188683134290612,1.72987632885917
1,0.5,0.2,0.5,0.4,-0.2,0.944536738164534,0.57517704369801,0.104250850456512,0.464438398075536,0.2842254556929,-0.0114423401537032,NA,NA,NA,NA,NA,NA,0.121782602740078,0.114788751305705,0.121309059569513,0.204444083622991,0.213722427087264,1.54943000643869
1,0.5,0.2,0.5,0.4,-0.2,0.908164059309451,0.559871591933029,0.133465674876916,0.569933603221307,0.194465791655302,-0.0135767724614457,NA,NA,NA,NA,NA,NA,0.106107318928157,0.100155301836181,0.0849832990136789,0.181207404996315,0.156074178356801,0.989002183174493
1,0.5,0.2,0.5,0.4,-0.2,1.18490583009577,0.508329318569146,0.15860493809225,0.310470283518936,0.23776622467929,-0.00104178754673199,NA,NA,NA,NA,NA,NA,0.193634072899574,0.181071134427605,0.149078623945476,0.569548608512966,0.172158936509588,5.39140242962271
1,0.5,0.2,0.5,0.4,-0.2,1.1317390150527,0.428933703214347,0.239598530312945,0.588166145545987,0.485711990202577,-0.0188657809783078,NA,NA,NA,NA,NA,NA,0.118323337232716,0.084533572842402,0.0596466120284499,0.205678164487419,0.177569469119038,1.84186308930571
1,0.5,0.2,0.5,0.4,-0.2,0.956378505902206,0.695137287929709,0.131437585852305,0.442638015010437,0.37335217808269,0.00912789950645699,NA,NA,NA,NA,NA,NA,NA,NA,0.0854695564101634,NA,NA,NA
1,0.5,0.2,0.5,0.4,-0.2,1.07522507712937,0.485696275482485,0.284407763539123,0.897995511073767,0.382672553289255,0.420128849866346,NA,NA,NA,NA,NA,NA,0.0977124394134061,0.113879853953722,0.0725740236723455,0.195361842715013,0.171910227923108,0.666590345606435
1,0.5,0.2,0.5,0.4,-0.2,1.14038312899256,0.510520879268794,0.118082640116239,0.47451551516371,0.52944365709366,-0.0562894149539914,NA,NA,NA,NA,NA,NA,0.113535382184448,0.105211033824443,0.083300901214629,NA,0.156263244785068,NA
1,0.5,0.2,0.5,0.4,-0.2,0.938739298988448,0.668993873018997,0.295864161800497,0.40907054885154,0.634987807632177,-0.0397219638267686,NA,NA,NA,NA,NA,NA,0.158345985951637,0.138305527802534,0.0823555913003697,0.179663677265138,0.17620331698159,1.62546501017855
1,0.5,0.2,0.5,0.4,-0.2,1.03063233577569,0.491374610957681,0.181819833751134,0.548412047775858,0.376072704938911,0.000499575475743333,NA,NA,NA,NA,NA,NA,0.134071502609139,0.128966565763323,0.0829223352751169,0.298680848574603,0.267038523574245,2.7570469764136
1,0.5,0.2,0.5,0.4,-0.2,0.975734251807926,0.55931598507888,-0.0421736862001673,0.471439155396708,0.0414710598825424,-0.0357097238679508,NA,NA,NA,NA,NA,NA,0.118786298193039,0.119827101745791,0.118067698308831,0.278279598783882,0.171571999798831,1.89374700643843
1,0.5,0.2,0.5,0.4,-0.2,0.748688747984241,0.634450027647713,0.168972606202544,0.688497436919327,0.305698891738419,-1.12077094097609,NA,NA,NA,NA,NA,NA,0.0870917996880191,0.0771045934953542,0.0816938116965814,0.132911324503089,0.130976900755952,1.68093662716171
1,0.5,0.2,0.5,0.4,-0.2,1.06078637536671,0.433158900817861,0.147863898754199,0.759703886611265,0.25876046786419,1.13084202847306,NA,NA,NA,NA,NA,NA,0.143626105878708,0.117987114745988,0.137980260538307,0.301153216054636,0.218678901352929,0.630598636539974
1,0.5,0.2,0.5,0.4,-0.2,1.29022335793991,0.358313671647789,0.229824699948281,0.471069670193024,0.270968273878556,-0.277706811444897,NA,NA,NA,NA,NA,NA,0.109054177858116,0.100251364692194,0.0992715552523859,0.181614557873082,0.160737185702205,1.67682114587219
1,0.5,0.2,0.5,0.4,-0.2,1.12084055107853,0.409388081156974,0.432748700852795,1.004150720177,-0.0605047675041198,1.31577966996446,NA,NA,NA,NA,NA,NA,0.110014514648156,0.103376930874018,0.118277724618479,0.295813974454103,0.191305927504622,0.465619421956105
1,0.5,0.2,0.5,0.4,-0.2,0.961261005215995,0.684497807827933,0.296658879458822,1.03183538479801,0.151760821857271,1.23508176919395,NA,NA,NA,NA,NA,NA,0.122117947662049,0.142844730453028,0.100064079068069,0.313211489524561,0.185395000430281,0.429316830681213
1,0.5,0.2,0.5,0.4,-0.2,1.12956498431397,0.0904393212467032,0.134910518338962,0.570069083802156,0.0659849919646104,0.00226747261954529,NA,NA,NA,NA,NA,NA,0.113600234529219,0.135766742786481,0.106179207168905,0.273878994779324,0.184809199772857,2.4352485585466
1,0.5,0.2,0.5,0.4,-0.2,0.966956870496534,0.751209199938384,0.44947078000174,0.508072277574804,0.150894389678774,-0.00540506206748545,NA,NA,NA,NA,NA,NA,0.12003324981984,0.126713042834121,0.116274613415586,0.210101915049776,0.193109850554258,1.2483833386699
1,0.5,0.2,0.5,0.4,-0.2,1.05430517936552,0.441240900961311,0.17531865064449,0.649518903838137,0.319040669885818,0.702185361310888,NA,NA,NA,NA,NA,NA,0.123051537286926,0.111236769260906,0.0910623339700429,0.313489591592978,0.169499141684233,1.30921377765994
1,0.5,0.2,0.5,0.4,-0.2,0.72388412827492,0.665204581273086,0.171092471463293,0.672738059882151,0.507144763680744,0.00275879810005141,NA,NA,NA,NA,NA,NA,0.119194164903457,0.0965876695845089,0.0803075150258978,0.210618450963376,0.158576730986015,0.921622557013618
1,0.5,0.2,0.5,0.4,-0.2,0.948330585117402,0.503958357157432,0.205027050637313,0.594142665512596,0.327941025448796,0.00212022177182417,NA,NA,NA,NA,NA,NA,0.111299273856104,0.136228871235029,0.0878494977555347,NA,0.128913634574608,NA
1,0.5,0.2,0.5,0.4,-0.2,1.07507199725479,0.451301899347703,0.195811370902757,0.503293488034829,0.380870372180463,-0.427762751833722,NA,NA,NA,NA,NA,NA,0.114426833887677,0.11285637360221,0.0842560773240479,0.14601865968207,0.172587229180939,1.38891147968154
1,0.5,0.2,0.5,0.4,-0.2,0.732881564132737,0.738267132070722,0.308718141113968,0.294993571229442,0.36716190885195,-0.267183918821852,NA,NA,NA,NA,NA,NA,0.154079950662622,0.142570353833238,0.113547961610927,0.179671555857773,0.139198700756401,1.22258463611873
1,0.5,0.2,0.5,0.4,-0.2,0.989424878272915,0.477796449737679,0.310303127152514,0.717106119783669,0.108427987207587,-0.146326146135714,NA,NA,NA,NA,NA,NA,0.0806366662571682,0.0880224965071916,0.0780678640932853,0.157520149922063,0.143933537589999,0.910380510549189
1,0.5,0.2,0.5,0.4,-0.2,1.03958620818607,0.439426413861061,0.260053900252593,0.596471413716264,0.347055884084548,-0.466517068826408,NA,NA,NA,NA,NA,NA,0.102179515748285,0.11525047931902,0.0781492301528421,0.158401831902784,0.15508026612121,1.43671669317979
1,0.5,0.2,0.5,0.4,-0.2,1.01990645857492,0.55592213932057,0.301545682859734,0.638261323027025,0.494236629396679,0.26416429856644,NA,NA,NA,NA,NA,NA,0.116911610191972,0.111093482178718,0.0888849871765258,0.210411012654996,0.19071419602456,0.987640921150025
1,0.5,0.2,0.5,0.4,-0.2,0.84764644755954,0.586244588206521,0.188470004396926,0.490001731855934,0.358660515632644,-0.876015699629914,NA,NA,NA,NA,NA,NA,0.113110208107433,0.107357482563261,0.0993662616060884,0.147967367038649,0.158092440499263,1.63033002868215
1,0.5,0.2,0.5,0.4,-0.2,1.09637350083228,0.438939873508697,0.176593753500308,0.441199254905214,0.395907165831649,0.00758145660972648,NA,NA,NA,NA,NA,NA,0.147465098728554,0.11852826715308,0.0730751174014881,0.290225843465602,0.21517935551112,2.57417686559243
1,0.5,0.2,0.5,0.4,-0.2,0.90307594082186,0.504597565677439,0.24884106625154,0.527604929666719,0.273394912731628,0.012442128798031,NA,NA,NA,NA,NA,NA,0.103503779143186,0.151470939165973,0.0836500395773752,NA,0.186653421901616,NA
1,0.5,0.2,0.5,0.4,-0.2,0.959003150371788,0.437235071687084,0.0882262192854358,0.61822258517032,0.36012618430274,-0.00434193555095442,NA,NA,NA,NA,NA,NA,0.106993725045456,0.107184823197776,0.096558629264349,0.17103906426512,0.161603446874903,1.12214375992565
1,0.5,0.2,0.5,0.4,-0.2,1.21102090345984,0.40787264273398,0.24308877124573,0.697777635247557,0.487908322814514,-0.11104445433834,NA,NA,NA,NA,NA,NA,0.100975036134806,0.085940613023955,0.0827464830347069,0.158155462256564,0.168061720753805,1.41453682740277
1,0.5,0.2,0.5,0.4,-0.2,0.977467193383666,0.452627835072533,0.254255823015743,0.634479171610402,0.250152971963027,-0.100057985216759,NA,NA,NA,NA,NA,NA,0.106307450859056,0.104902669536983,0.09714665299332,0.178940036692942,0.15451677023517,1.86021734125344
1,0.5,0.2,0.5,0.4,-0.2,1.17511331133457,0.326459577904047,0.415721137879219,0.378054747308848,0.307435420397386,0.0160866164939934,NA,NA,NA,NA,NA,NA,NA,0.163619456441711,NA,NA,0.166723922936966,NA
1,0.5,0.2,0.5,0.4,-0.2,1.11286564582059,0.451406740622574,0.253038538811274,0.87893876205823,0.172256813963369,1.00296282961519,NA,NA,NA,NA,NA,NA,0.0959752091741886,0.0738022885158477,0.109264553320187,0.256436732123116,0.180999157500898,0.58547448155181
1,0.5,0.2,0.5,0.4,-0.2,0.989613081905954,0.600631085242303,0.305776582022108,0.964159080470666,0.429212271263247,1.31416641304878,NA,NA,NA,NA,NA,NA,0.128470742678015,0.103279275230414,0.100517555151061,0.315158145303218,0.152751989460568,0.642322435072876
1,0.5,0.2,0.5,0.4,-0.2,1.03617319263065,0.498425744251467,0.104678960463554,0.642693929852489,0.230144001388614,-0.00368584803959331,NA,NA,NA,NA,NA,NA,0.0978781057405694,0.101792108300842,0.0854929445579291,0.199135619626915,0.193876493238449,1.20275393742857
1,0.5,0.2,0.5,0.4,-0.2,0.955917536422806,0.573813958733103,0.142471643798789,0.646269406302573,0.334559156566115,0.0894194325024209,NA,NA,NA,NA,NA,NA,0.122187750933587,0.141848803168835,0.0938240750750083,0.26574445631184,0.215485113929329,1.93751388937106
1,0.5,0.2,0.5,0.4,-0.2,1.17601541200423,0.375748141753409,0.189568578913654,0.401378631211509,0.601435311800227,-0.00118448869589691,NA,NA,NA,NA,NA,NA,0.159036999676851,0.110579164042062,0.0830382781740784,0.279723188643683,0.174909035416203,2.43653690215848
1,0.5,0.2,0.5,0.4,-0.2,0.929546471646116,0.566356151800023,0.325589677719132,0.49923130622819,0.292006774948322,-0.213094811787684,NA,NA,NA,NA,NA,NA,0.11567156763438,0.126520085200054,0.082648474783552,0.172573163524962,0.163894228409506,1.25646053795795
1,0.5,0.2,0.5,0.4,-0.2,1.15261233372545,0.548376549397166,0.0771252069302917,0.487996056897931,0.410139160961931,0.00399588943599206,NA,NA,NA,NA,NA,NA,0.15326971358303,0.180451717665972,0.0850618528571677,NA,0.217662417741388,NA
1,0.5,0.2,0.5,0.4,-0.2,0.963285601908872,0.612310236152507,0.165216101357801,0.511329360542428,0.56066247385752,0.00165957277020494,NA,NA,NA,NA,NA,NA,0.147232735046712,0.139153037030707,0.0802320581749079,0.279198669707359,0.198305347373979,2.10134599145452
1,0.5,0.2,0.5,0.4,-0.2,0.686887074850492,0.781133102251441,0.281755591001717,0.347405341777946,0.43484570375149,-0.00160175902654322,NA,NA,NA,NA,NA,NA,0.183597349568736,0.21227213995963,0.131067147421537,0.224070374370906,0.18074129793984,1.50348105689276
1,0.5,0.2,0.5,0.4,-0.2,1.0648871296376,0.461422903064962,0.130588666311674,0.268021169920923,0.16117530250298,-1.0586120206545,NA,NA,NA,NA,NA,NA,0.125936671122745,0.132164284306706,0.117955281074771,0.154458850937748,0.138404376318845,2.1330007685314
1,0.5,0.2,0.5,0.4,-0.2,1.06019573027459,0.457610154996579,0.10969266553302,0.765810232427949,0.232247956822133,0.916768225762424,NA,NA,NA,NA,NA,NA,0.131471129307019,0.101304093959612,0.0869646094308926,0.338851059808614,0.207964350768198,1.17452250154059
1,0.5,0.2,0.5,0.4,-0.2,0.860712671201591,0.638073993071865,0.341341870359151,0.804744597499769,0.207288006712055,-0.303250053189068,NA,NA,NA,NA,NA,NA,0.0884924178692433,0.0822772665436242,0.090882358180295,0.187817121497561,0.162248372605972,1.42209154475577
1,0.5,0.2,0.5,0.4,-0.2,0.896050073273802,0.591179077117084,0.257165801189993,0.352123245232875,0.475499767364355,-2.34841698839469,NA,NA,NA,NA,NA,NA,0.14085619168039,0.16244894091178,0.0940785814212135,0.133960224751155,0.146212657008701,NA
1,0.5,0.2,0.5,0.4,-0.2,1.06955529143333,0.461292333630862,0.325455567208706,0.73912175339597,0.397768825837707,0.0172630974170384,NA,NA,NA,NA,NA,NA,0.100507802845252,0.0881103552673752,0.0827689484071271,0.237011755134358,0.170831667504541,2.18379602199977
1,0.5,0.2,0.5,0.4,-0.2,0.920626511945506,0.672491985063681,0.222423986983383,0.3260302215939,0.444834231353221,-0.659287025303843,NA,NA,NA,NA,NA,NA,0.156073417577366,0.129711342561786,0.0705711926372268,0.203556000779731,0.219877183214239,1.86032015257891
1,0.5,0.2,0.5,0.4,-0.2,1.27093983977276,0.346329585842702,0.207231246916905,0.5083919299337,0.262394074527001,1.27777178490513,NA,NA,NA,NA,NA,NA,0.17351308585494,0.17566172424272,0.107570507803624,0.33631922127974,0.180995062882741,1.04221469593322
1,0.5,0.2,0.5,0.4,-0.2,0.733450005566906,0.75340412870121,0.12217339864985,0.365983304715925,0.29293050102413,-2.33795428208021,NA,NA,NA,NA,NA,NA,0.123595068633936,0.132908941884142,0.120640848661586,0.173197373637524,0.204140149077071,6.19580173726243
1,0.5,0.2,0.5,0.4,-0.2,1.06835770256234,0.492353428212208,0.271243806469935,0.639848147988774,0.381079472921019,-0.742385992759592,NA,NA,NA,NA,NA,NA,0.102020047679359,0.104406143798786,0.0916217309358828,0.178938777916571,0.166010094810393,2.2458638860929
1,0.5,0.2,0.5,0.4,-0.2,1.08710328095791,0.709418998467378,0.257096744512859,0.654732655663946,0.288637916695107,0.618150373700884,NA,NA,NA,NA,NA,NA,0.122511361649231,0.10426859339412,0.0903591031874911,0.287087007874735,0.223485419615214,1.36275760569378
1,0.5,0.2,0.5,0.4,-0.2,0.925608054165583,0.52932878672057,0.18674245538363,0.738799291319073,0.323334402499776,-0.0113603360799756,NA,NA,NA,NA,NA,NA,NA,0.0495240767572613,0.0868508326781923,NA,NA,NA
1,0.5,0.2,0.5,0.4,-0.2,1.02626634997948,0.654469688673776,0.186389587849276,0.584760528796746,0.493572310687856,-0.00306912230231871,NA,NA,NA,NA,NA,NA,0.12928786450841,0.137339897716402,0.0710840647181151,0.173482770879642,0.162894021613981,1.59583498551659
1,0.5,0.2,0.5,0.4,-0.2,1.03217192828747,0.363454346496348,0.102437276814407,0.613893431733268,0.512738847875104,-0.168400564710453,NA,NA,NA,NA,NA,NA,0.112495768555207,0.107140100018614,0.0791627615293115,0.163023611890841,0.139753697758878,1.33618936079223
1,0.5,0.2,0.5,0.4,-0.2,1.30930902312868,0.378622317334463,0.11617926251403,0.735090929714336,0.62335812885169,0.00427099029575513,NA,NA,NA,NA,NA,NA,0.065163385987836,0.0558485807385485,0.0575950628246819,NA,NA,NA
1,0.5,0.2,0.5,0.4,-0.2,0.776878036406409,0.605200670904031,0.388260150130051,0.648303392592927,0.309912725188863,-0.0668136625077784,NA,NA,NA,NA,NA,NA,0.111403289688026,0.0930242582970138,0.0922792542018201,0.191254864976771,0.150812940741095,0.926163352440476
1,0.5,0.2,0.5,0.4,-0.2,0.716762824917157,0.748359774134253,0.291216372470477,0.782851929345771,0.264546943929569,0.428781518016353,NA,NA,NA,NA,NA,NA,0.116530262580656,0.0991444863307279,0.0909974323894078,0.726639406696306,0.662192783531372,2.56884621372743
1,0.5,0.2,0.5,0.4,-0.2,0.916844658391056,0.680074279959438,0.0722744421088026,0.483704636857868,0.705460190143141,-0.00305042756088598,NA,NA,NA,NA,NA,NA,0.139766506375057,0.120406178424026,0.0650762393706919,0.208588297340722,0.167089322960265,1.81478132109098
1,0.5,0.2,0.5,0.4,-0.2,0.995393605302334,0.560470589277213,0.179513444927215,0.50975891706407,0.309959691811446,-0.00656720187119935,NA,NA,NA,NA,NA,NA,0.119387132327038,0.111664821755604,0.10236255645382,0.228848670725081,0.174420306294594,1.57593481888331
1,0.5,0.2,0.5,0.4,-0.2,1.19901909334612,0.346570591914401,0.128526259770388,0.595308505897115,0.469349370254784,-0.161135369879131,NA,NA,NA,NA,NA,NA,0.110696595779342,0.101736399832101,0.0747134806809094,0.160253895942696,0.153365796632892,1.68411489485442
1,0.5,0.2,0.5,0.4,-0.2,0.873076655374232,0.616480056951791,0.0593339257317886,0.487756256827447,0.51868068543554,-0.0358577072196164,NA,NA,NA,NA,NA,NA,0.150928272883163,0.159264605184837,0.0769982776513928,0.246263356677539,0.203420142146231,2.63850157935994
1,0.5,0.2,0.5,0.4,-0.2,1.12434937489378,0.377156387457174,0.215547736555485,1.03816997523734,0.0310268029622108,1.52199470343712,NA,NA,NA,NA,NA,NA,0.129168498025683,0.125565337061682,0.137169829241282,0.353016701709117,0.225493895335403,0.446199293593291
1,0.5,0.2,0.5,0.4,-0.2,1.07665700107332,0.420713397493365,0.250218735459516,0.455947826661332,0.334456143136281,-0.0101436402166198,NA,NA,NA,NA,NA,NA,0.124189636901584,0.10808356119503,0.119147237410979,0.183909796377659,0.157386406866356,1.4714819263503
1,0.5,0.2,0.5,0.4,-0.2,1.01093942959906,0.559212451520726,0.363025116175185,0.610487481932248,0.424317561369821,-0.0456026473671049,NA,NA,NA,NA,NA,NA,0.089011827565329,0.0956008539257159,0.05661606063171,NA,NA,NA
1,0.5,0.2,0.5,0.4,-0.2,0.889225601201277,0.518450034908927,0.178792720903096,0.386226195867728,0.40544026671804,-1.20897980690046,NA,NA,NA,NA,NA,NA,0.125459124580761,0.146025648654486,0.101676186092391,0.147108074819368,0.156332463759966,2.45542618675609
1,0.5,0.2,0.5,0.4,-0.2,0.925380197507321,0.602771832761571,0.208523326344375,0.629025551796104,0.299216224227283,0.935044843677929,NA,NA,NA,NA,NA,NA,0.152175067171754,0.128825039498119,0.10342738961889,0.281760544219066,0.147438424512544,0.917858681109219
1,0.5,0.2,0.5,0.4,-0.2,1.01083307368342,0.53740175708232,0.128106535831144,0.548880131225539,0.397121018473984,0.0108464382666372,NA,NA,NA,NA,NA,NA,0.100757672489997,0.0963647465707795,0.0758443806804691,NA,0.101119362098636,NA
1,0.5,0.2,0.5,0.4,-0.2,0.982306335137348,0.479507800175108,0.0301605198946784,0.520700664657813,0.262934554449776,-0.00651780387376004,NA,NA,NA,NA,NA,NA,0.118796040672226,0.127741867226963,0.12428899630422,0.214259287366009,0.170729951544653,1.74048928389289
1,0.5,0.2,0.5,0.4,-0.2,1.13182535388697,0.262967388618438,0.183479855720354,0.466165466350213,0.208133263519458,-0.094138363570266,NA,NA,NA,NA,NA,NA,0.112812192564702,0.119333578433461,0.112454183533449,0.171462842830699,0.142088105266522,1.63202126014725
1,0.5,0.2,0.5,0.4,-0.2,1.12721867335227,0.522114167998173,0.277018371225129,0.382388115785896,0.559144844501907,-1.42849458799828,NA,NA,NA,NA,NA,NA,0.146322658381898,0.145356818520588,0.0987260921317922,0.137693183851407,0.169067251264796,NA
1,0.5,0.2,0.5,0.4,-0.2,0.81931161164512,0.664404740620625,0.28135331674117,0.544235962655996,0.166383212868272,-0.111635463321894,NA,NA,NA,NA,NA,NA,0.113697642494748,0.108747673627413,0.105634619206671,0.208379318376207,0.146516666947056,1.62303856684244
1,0.5,0.2,0.5,0.4,-0.2,1.19221809188702,0.312975585696437,0.226901541495289,0.533500720274107,0.725047247205695,-0.508019805621522,NA,NA,NA,NA,NA,NA,0.127946770002912,0.0976712125659329,0.0636601856292244,0.147612006362769,0.143084731346137,1.47677639273284
1,0.5,0.2,0.5,0.4,-0.2,1.19948168703685,0.443535966101107,0.17352392849017,0.391538185115759,0.41056427555422,-0.163098412531038,NA,NA,NA,NA,NA,NA,0.130831408267254,0.140656702459785,0.111393282190289,0.181039664678678,0.178342874052875,1.37006777792286
1,0.5,0.2,0.5,0.4,-0.2,1.09427398164542,0.405930995957142,0.0669982082065538,0.63246422921755,0.39919234355702,-0.101857546588313,NA,NA,NA,NA,NA,NA,0.104034736701469,0.0889535636080999,0.0898311219576904,0.163079821442274,0.15294936615795,1.365024391848
1,0.5,0.2,0.5,0.4,-0.2,0.954716122718301,0.520773788239328,0.177311251508485,0.514422641133897,0.584532860892266,0.259537921917709,NA,NA,NA,NA,NA,NA,0.190009932744362,0.16553888631798,0.0810623122643177,0.355629120786433,0.210692287452454,2.61795340645332
1,0.5,0.2,0.5,0.4,-0.2,1.04006661492901,0.496104910027841,0.20026913184752,1.00606453728754,0.524438495916167,1.55638240045229,NA,NA,NA,NA,NA,NA,0.13147587424982,0.112322409873955,0.0690855381992447,0.213730258368437,0.163061474206332,0.265327096782616
1,0.5,0.2,0.5,0.4,-0.2,0.995135954818801,0.585180663746415,0.180808569719301,0.715627129736848,0.276331034988192,0.00720377342812898,NA,NA,NA,NA,NA,NA,0.102059216576342,0.10664123489134,0.072714767679881,0.205890795291549,0.185205500534582,1.36251838928045
1,0.5,0.2,0.5,0.4,-0.2,1.03118766509495,0.594874173552107,0.175701362270992,0.504590012359079,0.294253308355003,-0.182392227233341,NA,NA,NA,NA,NA,NA,0.114467485717702,0.117938590472393,0.100980902575762,0.158914863913798,0.159017296401852,1.24700772064225
1,0.5,0.2,0.5,0.4,-0.2,1.23323154556877,0.400977996740368,0.134201066441977,0.366679779295205,0.455240445752542,-0.0323644784122975,NA,NA,NA,NA,NA,NA,0.148966666671188,0.132312899449654,0.110227212507184,0.213443833498311,0.166476778545203,2.20321152583021
1,0.5,0.2,0.5,0.4,-0.2,0.988916349159582,0.543773540941017,0.212285704369783,0.475713538827323,0.237226001306327,-0.00230275438935291,NA,NA,NA,NA,NA,NA,0.130608269866748,0.139937608449092,0.0882625630127285,0.240518560879172,0.164521518130681,2.06867262613221
1,0.5,0.2,0.5,0.4,-0.2,0.958580698139388,0.495514011319695,0.182961950202065,0.775363100147096,0.519175176965639,0.689793278893569,NA,NA,NA,NA,NA,NA,0.126317131633939,0.112734698848094,0.053677690501615,0.247599556959197,0.176658337583326,1.00105278726363
1,0.5,0.2,0.5,0.4,-0.2,0.971673637628113,0.454600615117214,0.176157015049545,0.450021796388518,0.21477315018451,-0.3620745431922,NA,NA,NA,NA,NA,NA,0.114992068977653,0.110384863728059,0.122467399916751,0.166033302820407,0.17293011563393,1.48958203446106
1,0.5,0.2,0.5,0.4,-0.2,1.09456005220906,0.464852518772749,0.176782979181677,0.766664505927014,0.29129335836817,-0.00975976705231334,NA,NA,NA,NA,NA,NA,0.0881147116838701,0.0881916441516901,0.101191744924089,0.142702628727253,0.15262947018091,1.30302698413748
1,0.5,0.2,0.5,0.4,-0.2,1.00969662009348,0.56450341883074,0.117905196330554,0.617561789726402,0.200212144379984,0.896256020978417,NA,NA,NA,NA,NA,NA,0.157207795662246,0.119248154237706,0.104654324139489,0.447839214148664,0.191709212479383,1.50125135590106
1,0.5,0.2,0.5,0.4,-0.2,1.04337044518611,0.494690450330658,0.0825164956260223,0.516421892660671,0.291839283509178,-1.9600932898787,NA,NA,NA,NA,NA,NA,0.10004760612599,0.106503827827439,0.0855199263206837,0.134663951490539,0.156923817010552,3.5784853682975
1,0.5,0.2,0.5,0.4,-0.2,1.19062612865648,0.465375458977867,0.164734559172952,0.574905497309823,0.506761115438111,-0.377514375963512,NA,NA,NA,NA,NA,NA,0.108271386219645,0.0875193842404878,0.0739718971738228,0.205407312904222,0.159781338611751,2.95969569073281
1,0.5,0.2,0.5,0.4,-0.2,0.979627809283888,0.511920537438037,0.357121666913774,0.817476579123365,0.111725582552226,-0.0029152800303574,NA,NA,NA,NA,NA,NA,0.0788703591479858,0.111443093024331,0.0894043854137531,0.163384107861265,0.189069924989827,1.06300842033404
1,0.5,0.2,0.5,0.4,-0.2,0.942230822179361,0.554101698486865,0.137928339450929,0.387028326316167,0.429223935447231,-0.345942240531376,NA,NA,NA,NA,NA,NA,0.140329420285172,0.143035088677989,0.112079759145814,0.170905045218297,0.153409048068115,1.33055188537935
1,0.5,0.2,0.5,0.4,-0.2,1.19945459981488,0.527641347524969,0.11519612077146,0.428298115444311,0.0691150068531681,-0.0334518268728224,NA,NA,NA,NA,NA,NA,0.122725910274245,0.1153277920632,0.152930112485537,0.227256932894056,0.177789947302192,1.93359547144667
1,0.5,0.2,0.5,0.4,-0.2,0.936841632834959,0.497440394518152,0.152117248391051,0.723098005797703,0.351210509728156,0.127036203980179,NA,NA,NA,NA,NA,NA,0.110594046528517,0.0810316758443856,0.0600430403078056,0.27554356419593,0.217176858324911,1.84577263527059
1,0.5,0.2,0.5,0.4,-0.2,0.989390085190307,0.645190969577296,0.157013529283446,0.49830099156383,0.382680382383534,-2.5851102235415,NA,NA,NA,NA,NA,NA,0.103760076819142,0.0965550210600817,0.0927296876650301,0.128618850749688,0.154441775550935,NA
1,0.5,0.2,0.5,0.4,-0.2,1.01803477846507,0.462153116841676,0.0947886896365883,0.406817088969507,0.46592921716305,0.000160568724472287,NA,NA,NA,NA,NA,NA,0.152773522318407,0.11713549743635,0.0916901967082021,0.292737694853143,0.210407761032583,2.56090826368169
1,0.5,0.2,0.5,0.4,-0.2,0.979501507199646,0.301399159459465,0.341179274133652,0.6701408214795,0.0604005103390653,-0.00328373546889395,NA,NA,NA,NA,NA,NA,0.102525408345092,0.104955084472389,0.110215912504436,0.213146785927081,0.185836846488244,1.29621485214751
1,0.5,0.2,0.5,0.4,-0.2,1.27837448467941,0.281595430232066,0.245306261312175,0.71765449025589,0.261244312366195,0.981026946782106,NA,NA,NA,NA,NA,NA,0.116032745670964,0.0932805944211089,0.098502132104061,0.275026083918624,0.186151728030287,1.01147521763696
1,0.5,0.2,0.5,0.4,-0.2,1.09432207554934,0.52868449020204,0.131618031519614,0.56203077384677,0.331952183649661,8.82876131438904e-05,NA,NA,NA,NA,NA,NA,0.136032919192548,0.119478296450217,0.0878420987730133,0.36901730570371,0.267748380823666,3.17811094129314
1,0.5,0.2,0.5,0.4,-0.2,1.2209098507308,0.381503231001298,0.207719254103128,0.0182567622289128,0.470614670117938,-3.75937515958882,NA,NA,NA,NA,NA,NA,0.181079159092526,0.170130615179908,0.134242713896602,0.141210923296577,0.14561364219899,NA
1,0.5,0.2,0.5,0.4,-0.2,0.958522578623249,0.588657491833108,0.104309109410509,0.696709604648833,0.445565095441375,0.00221399693598969,NA,NA,NA,NA,NA,NA,0.0614993401254193,0.062130838568762,0.0647471301643757,NA,NA,NA
1,0.5,0.2,0.5,0.4,-0.2,1.10570364383943,0.417486170607347,0.312419923451377,0.46427148458126,0.552928989691783,0.00615760974403459,NA,NA,NA,NA,NA,NA,0.133677988699015,0.107777084039998,0.102934756451553,0.232335815497069,0.188866309754783,2.16681812528414
1,0.5,0.2,0.5,0.4,-0.2,0.955058228585452,0.5393206909302,0.0244390036536912,0.440368903322263,0.597335919891196,0.0177056389214084,NA,NA,NA,NA,NA,NA,0.14608388986769,0.128606662501058,0.0754144600115979,0.218199445028531,0.168243804757002,1.8171080634292
1,0.5,0.2,0.5,0.4,-0.2,0.812678471829815,0.654567540280221,0.133885137150262,0.705326257508105,0.506334829579258,0.552666945337791,NA,NA,NA,NA,NA,NA,0.129733581322606,0.109722396764757,0.0980691195046733,0.20850783403269,0.158671048540164,0.900737578154382
1,0.5,0.2,0.5,0.4,-0.2,0.873769069566782,0.477078569231978,0.312082476268568,0.833713792464885,0.250063193839752,0.081482125191636,NA,NA,NA,NA,NA,NA,0.0844424645355471,0.0839242296591683,0.0798208937346913,0.169127000230966,0.145165715231007,0.812526477991948
1,0.5,0.2,0.5,0.4,-0.2,1.1045278267756,0.598920451117249,0.0985065859744661,0.611170912630706,0.509115935135179,-0.000918043840577772,NA,NA,NA,NA,NA,NA,0.129225016291534,0.134097208877489,0.0704501972714039,0.245945438619654,0.229249892478685,2.68791178146904
1,0.5,0.2,0.5,0.4,-0.2,0.934364341750349,0.443208905887386,0.0551305087389419,0.557310778973734,0.346051254100031,-0.00435642238909073,NA,NA,NA,NA,NA,NA,0.125095653899392,0.132325727911077,0.107645999543701,0.200638360038709,0.190112271557339,1.54962374662707
1,0.5,0.2,0.5,0.4,-0.2,0.973632235204919,0.671923542775902,0.0126925598603483,0.595867045958197,0.44955422048914,-0.241210713604845,NA,NA,NA,NA,NA,NA,0.113997828256919,0.108061012595265,0.0988599335495721,0.160377193699398,0.170265116492311,1.59517792467122
1,0.5,0.2,0.5,0.4,-0.2,0.995538643442801,0.578552413412867,0.276384272709046,0.816861859288943,0.58175876642383,-0.802509809185115,NA,NA,NA,NA,NA,NA,0.0871820470335688,0.0759827086238027,0.0601722161139052,0.133697588624727,0.149609320598855,NA
1,0.5,0.2,0.5,0.4,-0.2,1.14971087682677,0.315911068323589,0.0255188393759539,0.887731336147522,-0.038326814217536,1.07206989784476,NA,NA,NA,NA,NA,NA,0.102065790139296,0.10089592467599,0.0937786058089042,0.354684506520846,0.213957685920427,0.796245674525251
1,0.5,0.2,0.5,0.4,-0.2,1.01951052834246,0.399907544541617,0.237956443075011,0.518100236561486,0.401147162691766,0.0261629052689714,NA,NA,NA,NA,NA,NA,0.104789244862049,0.120030078013892,0.0993754584574996,NA,0.150118027676591,NA
1,0.5,0.2,0.5,0.4,-0.2,1.37613181651493,0.39702222738352,0.404215010339322,0.406053094441299,0.360929389256866,-0.136487702072766,NA,NA,NA,NA,NA,NA,0.140434527315824,0.130655023126343,0.11749346817533,0.180722198168476,0.161867284614555,1.56613338494155
1,0.5,0.2,0.5,0.4,-0.2,0.964008225193953,0.401086187219906,0.311204503754933,0.754989975758311,0.449096626780767,0.348196124500676,NA,NA,NA,NA,NA,NA,0.112438154495036,0.100541311446729,0.0836345457663325,0.256140292037966,0.159873212519222,1.29877394487867
1,0.5,0.2,0.5,0.4,-0.2,1.06878994031035,0.530701884413909,0.163071578989987,0.368706779584639,0.298216461689219,-0.741838391974731,NA,NA,NA,NA,NA,NA,0.125361782623924,0.130108195324541,0.131992650396709,0.16269287543706,0.172018632355257,1.71774454766887
1,0.5,0.2,0.5,0.4,-0.2,1.25561765012895,0.284199617866596,0.184401848914738,0.75334117249779,0.467773831812019,0.134023893793144,NA,NA,NA,NA,NA,NA,0.0460538302220872,0.0547456779977665,0.04845819229325,NA,NA,NA
1,0.5,0.2,0.5,0.4,-0.2,0.89010985658506,0.544230718146809,0.316310420605736,0.501704523430795,0.473178944381071,-0.00479816739312132,NA,NA,NA,NA,NA,NA,0.133189224256923,0.120132236854447,0.0904788154041401,0.177513841810402,0.146896258940339,1.30404664907556
1,0.5,0.2,0.5,0.4,-0.2,1.18038371587649,0.561721252703164,0.20747017942837,1.05621682187732,0.196897515614758,1.86787087122657,NA,NA,NA,NA,NA,NA,0.183299361179972,0.163973457261379,0.121723879884789,0.764717332125875,0.356712816913579,0.777289187638449
1,0.5,0.2,0.5,0.4,-0.2,0.905119108798343,0.889974389779887,0.324343874587893,0.279866410640651,0.368305771771801,-0.712593651624126,NA,NA,NA,NA,NA,NA,0.152796685008974,0.22817709952645,0.112793366494893,0.177191641777121,0.216193462837855,1.68942482333497
1,0.5,0.2,0.5,0.4,-0.2,1.04188087743944,0.500979025315709,0.214610081261067,0.5696365810104,0.546197419222728,0.656994944813783,NA,NA,NA,NA,NA,NA,0.14206009358993,0.101185162507261,0.0681009364242805,0.270978242277718,0.174785858707957,1.548824459983
1,0.5,0.2,0.5,0.4,-0.2,1.0418261594773,0.347833142852317,0.248299295245987,0.424769900449092,0.375557136293235,0.237339223060505,NA,NA,NA,NA,NA,NA,0.173155484399053,0.149223704500726,0.133046714776047,0.45267097103645,0.207842550827033,3.56944846793063
1,0.5,0.2,0.5,0.4,-0.2,1.0293533603135,0.558978255747198,0.364798610480551,0.64541559689155,0.371350749743425,-0.000949483151113975,NA,NA,NA,NA,NA,NA,0.109062890751062,0.10007831616299,0.0948829211443674,0.323486230012387,0.215984381520682,2.99521663412261
1,0.5,0.2,0.5,0.4,-0.2,0.841665831598174,0.620038766606479,-0.00504679978104764,0.372833795307969,0.515328989342337,-0.212733059460338,NA,NA,NA,NA,NA,NA,0.797376056188169,0.368528851597892,0.133233539079884,3.52962890297801,1.08482006636446,56.6783620684174
1,0.5,0.2,0.5,0.4,-0.2,1.07909247883362,0.577143250230763,0.14987640776295,0.548602812198312,0.539275972585689,-0.65348335375386,NA,NA,NA,NA,NA,NA,0.116348326691542,0.0997567349695626,0.0783679145278748,0.163621297969524,0.166604239353298,3.33262249355128
1,0.5,0.2,0.5,0.4,-0.2,0.918554371192652,0.523542925497984,0.151850367194931,0.471821469993482,0.384961060572391,1.02269303985536,NA,NA,NA,NA,NA,NA,0.169714277760833,0.144723849918069,0.115087795145153,0.315617918395928,0.202091648645062,0.949864977917766
1,0.5,0.2,0.5,0.4,-0.2,1.08086437723025,0.491590911992163,0.168118797197051,0.534264342937832,0.280024932251384,-0.0743400757462674,NA,NA,NA,NA,NA,NA,0.110695941476419,0.146093937048054,0.126387372816116,0.212876271565454,0.240649558037587,1.16443601960964
1,0.5,0.2,0.5,0.4,-0.2,1.02216778235126,0.459845471514243,0.238551077495252,0.504442381006103,0.619118043694326,0.199304478417653,NA,NA,NA,NA,NA,NA,0.167508147287505,0.110527817375808,0.101254687312236,0.359176882873962,0.219696432502028,3.12074500097579
1,0.5,0.2,0.5,0.4,-0.2,0.978623311011738,0.561819752293384,0.220636904422381,0.810039548674945,0.312056580278955,-0.019645407002225,NA,NA,NA,NA,NA,NA,0.0891314308361541,0.0792980856133827,0.069784867191869,0.196452166153121,0.184206434428753,1.17931388374169
1,0.5,0.2,0.5,0.4,-0.2,1.04292297967209,0.460568501492776,0.320107575087802,0.45245467467588,0.275372027577849,0.0690144586111698,NA,NA,NA,NA,NA,NA,0.0834898111780178,0.0970937730188412,0.10176400899896,NA,NA,NA
1,0.5,0.2,0.5,0.4,-0.2,0.987702749768351,0.462265645610032,0.294400866101642,1.03939654415982,0.0655512476746361,0.722660783403663,NA,NA,NA,NA,NA,NA,0.0773585876357346,0.0750920651641722,0.0968952515508641,0.199804922649486,0.172405089991809,0.444512321804294
1,0.5,0.2,0.5,0.4,-0.2,0.948533236263627,0.679834342030969,0.331719304593541,0.497583399709692,0.316135602959748,-0.921879660179817,NA,NA,NA,NA,NA,NA,0.111269615821082,0.111789383322749,0.0900542192978509,0.17622069350633,0.179429958410971,2.52535380791086
1,0.5,0.2,0.5,0.4,-0.2,1.04015246704358,0.485515469322054,0.0792048726205669,0.734548159144381,0.23454432967797,-0.139698098882076,NA,NA,NA,NA,NA,NA,0.0883237065380272,0.0925972678669607,0.104384551404097,0.167353035540907,0.153704694651432,1.11680612925455
1,0.5,0.2,0.5,0.4,-0.2,1.21376317644018,0.393965809298157,0.383297677562709,0.483685954344918,0.341326701222785,-0.0414875400939466,NA,NA,NA,NA,NA,NA,0.126085598553828,0.12832476710935,0.0921218677437561,0.188154834397275,0.194206986833901,1.5521986650823
1,0.5,0.2,0.5,0.4,-0.2,0.966526971971674,0.449226581444428,0.156702682346003,0.377525639441574,0.474690685763024,0.00243747302355409,NA,NA,NA,NA,NA,NA,0.154892391116201,0.145779422837534,0.113875425622144,0.210839566700623,0.162049304958756,1.65653496182347
1,0.5,0.2,0.5,0.4,-0.2,0.951760795055151,0.449501551868283,0.183891466302292,0.473159203579172,0.385735759673976,-0.0455204071683189,NA,NA,NA,NA,NA,NA,0.130556830573334,0.123965254125738,0.0921286020643425,0.205483976414895,0.166638369557172,1.64584736001946
1,0.5,0.2,0.5,0.4,-0.2,1.05532308494321,0.506132746818003,0.20570219599278,0.740545589253399,0.361079722958962,-0.0183877265568644,NA,NA,NA,NA,NA,NA,0.0973063582266452,0.0998962218520773,0.088817956089407,0.168437065898874,0.169235654503462,1.32211609932702
1,0.5,0.2,0.5,0.4,-0.2,1.17067354215824,0.374385193489817,0.186829427834651,0.335102099182226,0.29311500287913,-0.241950425353821,NA,NA,NA,NA,NA,NA,0.146952542496288,0.138721044407935,0.115524342462692,0.213904264033514,0.15998434256765,2.50469510908392
1,0.5,0.2,0.5,0.4,-0.2,0.920596907672423,0.621191911696929,0.22422712888388,0.718099094104244,0.218679115596129,-0.0722312423684886,NA,NA,NA,NA,NA,NA,0.0882087511930758,0.0948727698705136,0.0690327789209557,0.162597767406628,0.158474419144079,1.16889872805768
1,0.5,0.2,0.5,0.4,-0.2,0.970310083725503,0.326682780827734,0.241263824738843,0.687303696590741,0.236819751212845,-0.00381715631764684,NA,NA,NA,NA,NA,NA,0.0874750170737193,0.102614516739329,0.0685649515859045,NA,0.154112087647948,NA
1,0.5,0.2,0.5,0.4,-0.2,1.09007604093047,0.431495594192046,0.132422756305982,0.536548058311436,0.307409909614993,-0.00945624165732511,NA,NA,NA,NA,NA,NA,0.120643982935786,0.136272057478787,0.125193122794063,0.185601490618689,0.174279232964911,1.30477519479161
1,0.5,0.2,0.5,0.4,-0.2,0.971784875258325,0.567836726804494,0.115186596033377,0.364500157410458,0.446797837561306,-2.21196051747647,NA,NA,NA,NA,NA,NA,0.1270453392567,0.119615010253883,0.0855679330607744,0.116817416901807,0.123416002289912,NA
1,0.5,0.2,0.5,0.4,-0.2,0.845077351647574,0.671679070961903,0.128604577976779,0.479799661729892,0.452845153566541,-0.0884105412462817,NA,NA,NA,NA,NA,NA,0.165649443042701,0.115160690354098,0.0999351446929028,0.407578631962008,0.166756562861201,4.800533074689
1,0.5,0.2,0.5,0.4,-0.2,0.957718020021258,0.415614785042382,0.147010600852822,0.348241222114451,0.384368936043019,0.434396068566661,NA,NA,NA,NA,NA,NA,0.181171605511501,0.198261749360671,0.130735534109652,0.23951815856928,0.184885494600163,1.09080306927565
1,0.5,0.2,0.5,0.4,-0.2,0.882542240746961,0.626310404519888,0.170488623859479,0.448447117675294,0.404049964107327,-0.414475924796656,NA,NA,NA,NA,NA,NA,0.128562060579269,0.122461810723163,0.105641703322154,0.174567192525014,0.137662492113898,1.72166269378222
1,0.5,0.2,0.5,0.4,-0.2,1.05631173452954,0.500892498939466,0.370118393126464,0.404980689906768,0.372928125872923,-0.242296682087438,NA,NA,NA,NA,NA,NA,0.1230408683814,0.177076414498536,0.0735096306139656,NA,0.163619522282011,NA
1,0.5,0.2,0.5,0.4,-0.2,1.00048154750904,0.510726812014274,0.260509688250916,0.450928895290663,0.523927762128598,-0.00391607094911506,NA,NA,NA,NA,NA,NA,0.133189007229654,0.118805234191419,0.0600022581411525,0.219272067897312,0.181059932439685,2.06969026649756
1,0.5,0.2,0.5,0.4,-0.2,0.937272754654803,0.501821344094136,0.174978526648053,0.696060590674207,0.288530104932327,-0.131817868971576,NA,NA,NA,NA,NA,NA,0.103513774088803,0.096597615259028,0.0958266003737034,0.202877211749721,0.169179224820489,1.58395221481364
1,0.5,0.2,0.5,0.4,-0.2,1.0369306158781,0.704059335551124,0.317030360432753,0.450756199233129,0.430705949242854,-0.0616030824031536,NA,NA,NA,NA,NA,NA,0.147388645297485,0.121462151782945,0.10250889818504,0.267188193794844,0.18589780246,2.70636337876931
1,0.5,0.2,0.5,0.4,-0.2,1.23587969820266,0.433267373280394,-0.0526463397200416,0.360056516900146,0.167818490237108,-0.211084502826929,NA,NA,NA,NA,NA,NA,0.130778235104286,0.134180567129004,0.135161062975177,0.167917027091822,0.141564846788201,1.56775787882467
1,0.5,0.2,0.5,0.4,-0.2,0.932433992619423,0.479562468419495,0.200319099360898,0.526940369515713,0.481867983557199,-0.00213548136069375,NA,NA,NA,NA,NA,NA,0.128927577921366,0.12528730357103,0.0835712039991593,0.233870294168402,0.242644592326892,1.87636589934811
1,0.5,0.2,0.5,0.4,-0.2,0.988985990870328,0.606595052336749,0.105034063651154,0.509908020308599,0.520334617299127,0.245744144067214,NA,NA,NA,NA,NA,NA,0.256891323396141,0.22117205283779,0.137828414956934,0.950550257031461,0.636873580616914,7.39846076377904
1,0.5,0.2,0.5,0.4,-0.2,1.14136476730909,0.447407584520915,0.155936310470748,0.795645288466397,0.787050985874116,1.65544153397679,NA,NA,NA,NA,NA,NA,0.147566815830848,0.0971935090457337,0.0676707154740661,0.25305816327829,0.199323475651446,0.339097117721518
1,0.5,0.2,0.5,0.4,-0.2,1.13250015830268,0.533753080232964,0.0865822550646379,0.797685340458596,0.204671520687675,1.31576064854291,NA,NA,NA,NA,NA,NA,0.135083728493746,0.126281046122204,0.102768098253155,0.326061997047366,0.195939776550827,0.70093364132187
1,0.5,0.2,0.5,0.4,-0.2,0.705081114500262,0.773963240625333,0.264546565709892,0.530876899883282,0.523919005231864,-1.08781979783057,NA,NA,NA,NA,NA,NA,0.113342400518652,0.0980926769218257,0.0818307539464261,0.170560082524129,0.168105938553071,1.98062121864443
1,0.5,0.2,0.5,0.4,-0.2,0.829708938562042,0.705060634538197,0.138132418005003,0.585636203748147,0.442826390657074,0.0446484659961281,NA,NA,NA,NA,NA,NA,0.145939909201978,0.15102396530675,0.0666598514426136,0.34055901472703,0.194107647700471,2.00084123847929
1,0.5,0.2,0.5,0.4,-0.2,0.988540379406352,0.422033428773446,0.213369048449376,0.451500209815864,0.423093075114258,-1.04946081682579,NA,NA,NA,NA,NA,NA,0.121864812873975,0.121078073031369,0.0808617385757757,0.149790923106727,0.136843583596715,2.26094935225796
1,0.5,0.2,0.5,0.4,-0.2,0.895110904884116,0.588770395821252,0.165885888686206,0.578601995098643,0.298122832289286,0.000305957245084574,NA,NA,NA,NA,NA,NA,0.17686290121893,0.144516005010032,0.112082171194112,0.463202759290484,0.25911228734819,3.62781182668532
1,0.5,0.2,0.5,0.4,-0.2,0.971893199009041,0.554550588882781,0.337167038896486,0.64657086575177,0.24874214255103,-0.00384661038639244,NA,NA,NA,NA,NA,NA,0.106720720468306,0.10566298634526,0.0998083901785305,0.215856760847938,0.16720867194005,1.86581738852088
1,0.5,0.2,0.5,0.4,-0.2,0.997185653944901,0.536389854793296,0.0346482544819032,0.372311119882065,0.631129001866581,-0.0798210822908132,NA,NA,NA,NA,NA,NA,0.150123203418746,0.133504698003779,0.0759841419120336,0.154993895301915,0.146294293609357,1.09333487501645
1,0.5,0.2,0.5,0.4,-0.2,1.11860886573754,0.588940014579777,0.276370113853871,0.560861502771261,0.267005641169006,-0.0740722987525976,NA,NA,NA,NA,NA,NA,0.105979120670488,0.0890836973861041,0.10503412578145,0.18229812389982,0.154090619512778,1.28971043874772
1,0.5,0.2,0.5,0.4,-0.2,0.982044172558763,0.564604319567874,0.177656545034919,0.719735877613102,0.257243084625391,-0.000691970148908529,NA,NA,NA,NA,NA,NA,0.101364302832496,0.0876875848476768,0.0829574276629491,0.249366308506445,0.226674859685594,1.85198819213281
1,0.5,0.2,0.5,0.4,-0.2,0.957534959997356,0.540799472600694,0.328418210166604,0.639623011013647,0.327717653016931,-0.00358321231880335,NA,NA,NA,NA,NA,NA,0.102779179174009,0.0947973986773995,0.078904198533278,0.179161534978919,0.152540672519482,1.10639328114276
1,0.5,0.2,0.5,0.4,-0.2,1.07461741325232,0.525216914391244,0.213429846618074,1.18956465378623,-0.129928704394258,1.72123500348421,NA,NA,NA,NA,NA,NA,0.137438854059899,0.129329853467356,0.153862681542045,0.399421993770347,0.2648490211981,0.328467612846677
1,0.5,0.2,0.5,0.4,-0.2,0.84791469615567,0.532954393700962,0.172738985005746,0.627059258466305,0.387902975848611,-0.0357256953056766,NA,NA,NA,NA,NA,NA,0.103766851771259,0.0995518358377088,0.0791001955942286,0.156353243131555,0.15856219514559,0.911610200518249
1,0.5,0.2,0.5,0.4,-0.2,1.03048183652691,0.47501493218721,0.141379840320575,0.61321548902346,0.242221390236456,0.0548058419268023,NA,NA,NA,NA,NA,NA,NA,NA,0.0704244372406376,NA,NA,NA
1,0.5,0.2,0.5,0.4,-0.2,0.920973846594383,0.695482636214564,0.149583966791133,0.490268118775139,0.35012973573395,-0.0889779271163703,NA,NA,NA,NA,NA,NA,0.128676295688486,0.116379901988027,0.0972773154373842,0.188693906188005,0.163046878215801,1.65799491109176
1,0.5,0.2,0.5,0.4,-0.2,1.13647147659622,0.372360871202674,0.210318380664467,0.496116347178225,0.476330202298517,-0.0844367499815681,NA,NA,NA,NA,NA,NA,0.129235040329935,0.10440469707946,0.0857688128676275,0.167466261172657,0.142980222865363,1.52197784016646
1,0.5,0.2,0.5,0.4,-0.2,0.875197898678279,0.703211184459724,0.169495770285338,0.583213640923617,0.364438547202919,-5.63955774368443e-05,NA,NA,NA,NA,NA,NA,0.128009663560935,0.108003682342862,0.0801751024331483,0.318922996806223,0.315825760079637,2.53732499304329
1,0.5,0.2,0.5,0.4,-0.2,1.17462732429921,0.528654371222057,0.259692365052041,0.390625680770346,0.306361302115852,0.00169699257189761,NA,NA,NA,NA,NA,NA,NA,0.0152272587971963,0.0770549402204791,NA,0.105245639605573,NA
1,0.5,0.2,0.5,0.4,-0.2,1.18425937405137,0.312655406009121,0.260228488744204,0.596370076634137,0.542192493136131,0.292486107702154,NA,NA,NA,NA,NA,NA,0.117726326305077,0.104217083209322,0.0839482474026764,0.200701600955262,0.173583717447435,1.41929367083696
1,0.5,0.2,0.5,0.4,-0.2,0.901559215890801,0.62047291304291,0.0481334787388518,0.909805421579803,0.258503355710479,0.0101252638644595,NA,NA,NA,NA,NA,NA,0.0786490236891163,0.0680682102531258,0.0828111665819054,0.178204396193006,0.199807370401991,0.780729160585868
1,0.5,0.2,0.5,0.4,-0.2,1.01476679746922,0.352440377630089,0.0964504183272871,0.527962266808183,0.413308750152679,-0.102047822150931,NA,NA,NA,NA,NA,NA,0.120069163738909,0.104781384180514,0.121353853434744,0.219802076252681,0.205660354319971,1.60252082585374
1,0.5,0.2,0.5,0.4,-0.2,0.816733857762068,0.515271776424236,0.100547701102214,0.580014959253496,0.227463343138449,0.709972117868637,NA,NA,NA,NA,NA,NA,0.153556090601182,0.124706646758493,0.0954789757038786,0.396299573592045,0.220299479169611,1.41341482003561
1,0.5,0.2,0.5,0.4,-0.2,1.09863196767969,0.491129306143211,0.119179687518738,0.451443887390825,0.754806514049499,-0.00821320568008533,NA,NA,NA,NA,NA,NA,NA,NA,0.0730506944084152,NA,NA,NA
1,0.5,0.2,0.5,0.4,-0.2,1.07560310784645,0.43608529634155,0.260122988594893,0.331496615158835,0.432135988688512,-0.88260855955511,NA,NA,NA,NA,NA,NA,0.140940997004796,0.110700421395336,0.104524600688576,0.194080948174132,0.225201659365323,3.49546633147545
1,0.5,0.2,0.5,0.4,-0.2,1.04483005649246,0.439372286528238,0.0996868255699442,0.756491412728261,0.357889387605027,-0.0533199864343761,NA,NA,NA,NA,NA,NA,0.0870575430680232,0.0851878927357854,0.0829760518050619,0.1481293999405,0.158767690512621,1.02109640857242
1,0.5,0.2,0.5,0.4,-0.2,1.12450680936728,0.437147969918462,0.0892538338203566,0.341045407547491,0.400294701455089,-0.166218431990073,NA,NA,NA,NA,NA,NA,0.147326112003139,0.142921046115947,0.13280571906955,0.215778666195219,0.16201651966765,2.49087809137636
1,0.5,0.2,0.5,0.4,-0.2,0.931499127594301,0.483341307963886,0.115821686794221,0.709880004932605,0.403271375613522,0.528307121212323,NA,NA,NA,NA,NA,NA,0.116912294980858,0.0965664885761289,0.0735740442408551,0.20671407892471,0.155597359699875,0.756998038466204
1,0.5,0.2,0.5,0.4,-0.2,1.11082790282792,0.554878652063668,0.279445651849557,0.590623932512431,0.204815487541735,-0.00476763613952648,NA,NA,NA,NA,NA,NA,0.109980903938245,0.11450762932108,0.0799314598835299,0.205487930535337,0.171146186606228,1.75114529081143
1,0.5,0.2,0.5,0.4,-0.2,0.958075278095981,0.519645094374895,0.293873758506451,0.367160779175412,0.28404016754373,0.0119088698632572,NA,NA,NA,NA,NA,NA,0.147153859585802,0.12819136247388,0.101742553938252,0.314985294086939,0.216769072956533,2.54652239259721
1,0.5,0.2,0.5,0.4,-0.2,0.947010007114566,0.681228351593607,0.0507736152232906,0.67216392216797,0.376555630164042,1.40258235383024,NA,NA,NA,NA,NA,NA,0.1821481770904,0.170180478282836,0.0967418715994736,0.289614694653932,0.172428529904465,0.612421949156822
1,0.5,0.2,0.5,0.4,-0.2,1.14068737683882,0.410134848796834,0.338191710884883,0.659334068353198,0.149441317510243,0.336824990576672,NA,NA,NA,NA,NA,NA,0.103876877133366,0.0962024861270893,0.103144717160134,0.238550698175185,0.142852471785629,1.28272983588648
1,0.5,0.2,0.5,0.4,-0.2,1.03802550962812,0.489761643857356,0.0920080355470352,0.609624020821568,0.420698879167916,-0.377528428039524,NA,NA,NA,NA,NA,NA,0.104828978658227,0.0923581011510957,0.0849339671218074,0.183525139090243,0.172786400614952,2.00341733278268
1,0.5,0.2,0.5,0.4,-0.2,1.03123286944108,0.492577713729839,0.281054191340124,0.45777742089316,0.389649767957432,-2.14629991911929,NA,NA,NA,NA,NA,NA,0.111655116758893,0.0989632812588655,0.0916003223099944,0.139157069423563,0.158328676717887,NA
1,0.5,0.2,0.5,0.4,-0.2,0.876519326579587,0.73255730838994,0.21248409311988,0.506784676695601,0.30705021500489,-0.150263837932276,NA,NA,NA,NA,NA,NA,0.127023079557278,0.114377794329149,0.0804643124591603,0.228070321699713,0.199165960540814,1.6783489333136
1,0.5,0.2,0.5,0.4,-0.2,1.05643637156709,0.372647543794101,0.303534776963991,0.594954098333979,0.146429929075224,-0.0319103284874263,NA,NA,NA,NA,NA,NA,0.104598979040002,0.0961614341870339,0.0886794546719094,0.191613242544197,0.154933213295632,1.44608997446004
1,0.5,0.2,0.5,0.4,-0.2,0.928473465808179,0.479267168716374,0.217398807630327,0.592173266798795,0.400903230701686,-0.00286981764746767,NA,NA,NA,NA,NA,NA,0.110508022796072,0.0884722074534322,0.0658070989548385,0.177852991528052,0.149819631197087,1.03385031723479
1,0.5,0.2,0.5,0.4,-0.2,0.877300850831041,0.484149124060853,0.200794003345444,0.587135709815565,0.399044763451704,-0.0526528667817307,NA,NA,NA,NA,NA,NA,0.109377056646633,0.105649833169091,0.0785388190503854,0.165948905118106,0.152772113059511,1.13292569931731
1,0.5,0.2,0.5,0.4,-0.2,1.02874691954665,0.562955710429207,0.135175806509306,0.511925992505007,0.389622054288466,0.113160141113454,NA,NA,NA,NA,NA,NA,0.122862808743564,0.109550870095076,0.0923454684569456,0.201946897754543,0.164972453489105,1.30079396234649
1,0.5,0.2,0.5,0.4,-0.2,1.10807743249997,0.388335061344494,0.194322411755861,0.597322651566117,0.437618254412077,-0.0031252346657471,NA,NA,NA,NA,NA,NA,0.112281739105298,0.0938026209571989,0.0591304787158847,0.170094405431938,0.151764094605462,1.40756795746222
1,0.5,0.2,0.5,0.4,-0.2,0.809447497230434,0.576400364363294,0.22677581855623,0.560288786160227,-0.0183013497560986,-0.0362084819250154,NA,NA,NA,NA,NA,NA,0.115540145417199,0.139461548812911,0.0961656544390325,0.200334116309958,0.19601328632462,1.18179773267116
1,0.5,0.2,0.5,0.4,-0.2,0.895951345013836,0.521164901278198,0.202908674517892,0.328914702790422,0.272747018435943,-0.298007107227624,NA,NA,NA,NA,NA,NA,0.149415641625014,0.12180839240689,0.124615279576261,0.25594187953033,0.19277260039603,2.62063412071758
1,0.5,0.2,0.5,0.4,-0.2,0.866421994332984,0.646014236827994,0.0327412182908392,0.594133209313595,0.213000297589738,-0.0840189774135542,NA,NA,NA,NA,NA,NA,0.11368070119763,0.0937559453641003,0.0889414053661714,0.198877424501214,0.18085171578866,1.4516935512641
1,0.5,0.2,0.5,0.4,-0.2,1.23259560273371,0.419238701950891,0.41149644574658,0.454433462762343,0.423700667145778,0.0101613572002284,NA,NA,NA,NA,NA,NA,0.137988133397069,0.13149986054867,0.129611682782983,NA,NA,NA
1,0.5,0.2,0.5,0.4,-0.2,1.07734217889486,0.41172922780667,0.0745010892755006,0.641898208268819,0.299637801641208,-0.158678901910897,NA,NA,NA,NA,NA,NA,0.0973472750545397,0.102471107419759,0.0914304423543097,0.163255179025874,0.148826773929367,1.19091292674267
1,0.5,0.2,0.5,0.4,-0.2,0.986289233329743,0.452846967129828,0.20917477861486,0.58265026662933,0.277435398879616,-0.451782349853299,NA,NA,NA,NA,NA,NA,0.103463429977244,0.108771217207985,0.0864273516442581,0.165216976479049,0.155383037112861,1.84872778237857
1,0.5,0.2,0.5,0.4,-0.2,0.92872228647881,0.598056271448041,0.377966727161422,0.555460034808117,0.304809434666165,0.00145006545390772,NA,NA,NA,NA,NA,NA,0.117664320552623,0.112287866227297,0.0992348320427028,0.208395744205146,0.143292384172279,1.14570055181867
1,0.5,0.2,0.5,0.4,-0.2,1.16791048422581,0.322731041842623,0.236710088327201,0.513310827243144,0.296698589821413,-0.18493724609363,NA,NA,NA,NA,NA,NA,0.114234027832602,0.12108611697872,0.0825364110111396,0.162828180979147,0.138343159010411,1.32493515108412
1,0.5,0.2,0.5,0.4,-0.2,1.07548086893242,0.637496743004434,0.1541873684649,0.671171944557321,0.547983451671738,-0.0477131956226079,NA,NA,NA,NA,NA,NA,0.116192360312026,0.0944815462127504,0.0773677910264166,0.113256633204827,0.129474767444175,NA
1,0.5,0.2,0.5,0.4,-0.2,1.15855445268596,0.372196752810367,0.0881096395323894,0.572819768077689,0.490322585312277,-0.209939638044321,NA,NA,NA,NA,NA,NA,0.117559222225836,0.11290529412997,0.0685786443770558,0.169134176461236,0.16664362841863,1.56170476610612
1,0.5,0.2,0.5,0.4,-0.2,0.993438485364373,0.57476841649774,0.174466783862352,0.237837707661123,0.502377642270915,-0.650671198629459,NA,NA,NA,NA,NA,NA,0.161688022101749,0.142508466848839,0.0940351829250987,0.166743972948815,0.148445191293492,1.97328705082457
1,0.5,0.2,0.5,0.4,-0.2,0.93729730595479,0.568330261453289,0.137755437424619,0.65418530049276,0.243306459842209,-0.063244772681995,NA,NA,NA,NA,NA,NA,0.0983850049270337,0.117251823145641,0.0824802651914598,0.165768742492914,0.174485824958879,1.27335039378968
1,0.5,0.2,0.5,0.4,-0.2,1.25469198705608,0.27432502395126,0.212622515539824,0.486381327890064,0.381130679992552,0.0252329326381397,NA,NA,NA,NA,NA,NA,0.147917330956971,0.156435431028351,0.126945370279574,0.514855411541072,0.358630385908641,5.68529046180394
1,0.5,0.2,0.5,0.4,-0.2,1.36281968519658,0.218449939467918,0.281136322350339,0.450960538300343,0.499847421669903,-0.0389826762819935,NA,NA,NA,NA,NA,NA,0.140481597892558,0.120524375425408,0.104364007540505,0.168655587457687,0.137406372418669,1.49289417765163
1,0.5,0.2,0.5,0.4,-0.2,1.09779214018349,0.474331849084166,0.0574770355905206,0.604466807428307,0.285396444785609,-0.00303983913630631,NA,NA,NA,NA,NA,NA,0.10073558088939,0.101953507251705,0.0801394602272851,0.198353201591459,0.190374461880543,1.1528109111799
1,0.5,0.2,0.5,0.4,-0.2,1.15498792933036,0.30983821629098,0.248602341443757,1.05042292768417,0.367282917931814,1.33233710698487,NA,NA,NA,NA,NA,NA,0.112652766294753,0.104578705120429,0.064903202576585,0.241841839845863,0.139789644159981,0.373907558768895
1,0.5,0.2,0.5,0.4,-0.2,0.797973264589018,0.690534295725143,0.243479769934813,0.517614135363623,0.46499253404438,-0.00437499826341946,NA,NA,NA,NA,NA,NA,0.141282917230262,0.170735887131691,0.083407745696191,0.196517815791764,0.156008056081487,1.31694279577052
1,0.5,0.2,0.5,0.4,-0.2,1.17352720429382,0.442843339317728,0.0895457793940735,0.347301365241911,0.189542887094459,-0.63377261282716,NA,NA,NA,NA,NA,NA,0.130877732448808,0.126336961713478,0.146025743833239,0.182117623663394,0.213951414614395,2.3616874909038
1,0.5,0.2,0.5,0.4,-0.2,1.0677403363794,0.430823230330322,0.131901750960928,0.32830533534107,0.377244902876882,-0.0297058386416354,NA,NA,NA,NA,NA,NA,0.144498368840714,0.13674130479225,0.117467824644638,0.199266895552713,0.178370871277425,1.61463801291458
1,0.5,0.2,0.5,0.4,-0.2,1.05183310929994,0.461724755073951,0.0342927195183827,0.267838776944073,0.501721380591596,-0.0936016780623217,NA,NA,NA,NA,NA,NA,0.158901707666564,0.152958581150005,0.107980324579999,0.165035500304416,0.147237922779646,1.42096478711902
1,0.5,0.2,0.5,0.4,-0.2,0.993125864396738,0.356677093012486,0.19176446572172,0.575660791273373,0.26889028777656,3.19294475253051e-05,NA,NA,NA,NA,NA,NA,0.0859850004182057,0.0939007139411671,0.0776813831901338,NA,0.114236905715727,NA
1,0.5,0.2,0.5,0.4,-0.2,0.997765258259309,0.417656876581281,0.131751574277552,0.538422394737663,0.070304982423077,-0.265955743661059,NA,NA,NA,NA,NA,NA,0.102371701432511,0.100935747925493,0.0896974620146813,0.227032927715369,0.176457881958644,2.07830034152812
1,0.5,0.2,0.5,0.4,-0.2,1.29679761980507,0.211171536331966,0.323208411367592,0.371233220808249,0.574875767482231,-0.0650330839997763,NA,NA,NA,NA,NA,NA,0.166586630564461,0.177282068283617,0.09545894417857,0.191456377698411,0.205349238107927,1.4786143506535
1,0.5,0.2,0.5,0.4,-0.2,1.25103541972465,0.477562055046199,0.307621096037804,2.38164634917103,0.567444612499492,2.41479280944942,NA,NA,NA,NA,NA,NA,0.232728097579358,0.155128018344221,0.0575482138503879,0.502752679365213,0.373495724289775,0.0665956439165651
1,0.5,0.2,0.5,0.4,-0.2,1.05581228659022,0.579753358491555,0.318829352353578,0.600040071254646,0.069263987767869,-0.613567038412479,NA,NA,NA,NA,NA,NA,0.0908215820232986,0.0992636417484674,0.097858264325021,0.13701198851671,0.150986184382082,1.22116069700889
1,0.5,0.2,0.5,0.4,-0.2,1.23619915816314,0.23544545431469,0.306575050586409,0.629033653521546,0.292823610686562,-1.79596624619475,NA,NA,NA,NA,NA,NA,0.0941255102398631,0.0934785329057675,0.0708754068308284,0.155026829313943,0.166490430362741,4.84171048048583
1,0.5,0.2,0.5,0.4,-0.2,1.0244135747342,0.469999587222048,0.103248063182463,0.610573110579246,0.250433696365764,-0.485025447347457,NA,NA,NA,NA,NA,NA,0.0970428527236757,0.0943419588619982,0.101045984341528,0.141410986567006,0.117836256401373,1.16914685612772
1,0.5,0.2,0.5,0.4,-0.2,1.09540682080724,0.484716890033589,0.245119407310872,0.483964505832106,0.404296119158849,-1.90770140781952,NA,NA,NA,NA,NA,NA,0.113359677569695,0.125085225966341,0.0761734005770837,0.147484486573465,0.144693249191574,3.98817087028478
1,0.5,0.2,0.5,0.4,-0.2,0.903047530891956,0.467402389929051,0.133905987132638,0.461046108212267,0.301522674807348,0.000801188229069403,NA,NA,NA,NA,NA,NA,0.154251085642788,0.131309409615559,0.102008221258771,0.394450815619338,0.155480296835076,3.48547806408858
1,0.5,0.2,0.5,0.4,-0.2,1.14538237553166,0.466493527549744,0.176907372694289,0.505439046954885,0.717338460575927,-0.357955895762831,NA,NA,NA,NA,NA,NA,0.141756227890559,0.112259335157634,0.0999883358975558,0.219454281171927,0.179729664813118,2.71397104726655
1,0.5,0.2,0.5,0.4,-0.2,1.06310131843994,0.488759946294787,0.201508372670112,0.385959695904457,0.624088245430791,-0.0209957195321705,NA,NA,NA,NA,NA,NA,0.157674406910715,0.158792940361447,0.0687795678851244,0.172202381046369,0.157295499093103,1.74894551679605
1,0.5,0.2,0.5,0.4,-0.2,0.950232193316915,0.505297211200207,0.180942432481711,0.447355942505582,0.511838630401228,0.000779869641466473,NA,NA,NA,NA,NA,NA,0.145697933849045,0.133018928122432,0.0791674443354255,0.264079424840743,0.202832550502131,2.05101095193039
1,0.5,0.2,0.5,0.4,-0.2,1.1825997449053,0.577474728967986,0.400822399389776,0.758072003770663,-0.0200955254380131,0.577107333961413,NA,NA,NA,NA,NA,NA,0.0959425737065109,0.0988695006224995,0.104541938111963,0.220306691617624,0.216302006492535,0.827895854387769
1,0.5,0.2,0.5,0.4,-0.2,1.0211212489312,0.387911965381375,0.198292810132075,0.76284280709281,0.38218221871164,0.868524247481367,NA,NA,NA,NA,NA,NA,0.113835291716854,0.100557823188587,0.0820493514504972,0.214137060775244,0.140667143191404,0.577665037269957
1,0.5,0.2,0.5,0.4,-0.2,1.046866168387,0.496140928049852,0.0943355300000016,0.660845186716766,0.455673090397622,0.225138314544383,NA,NA,NA,NA,NA,NA,0.120058574324637,0.0979255184130479,0.0893894235605317,0.310887020678216,0.268880779127495,2.22348118176745
1,0.5,0.2,0.5,0.4,-0.2,1.13616172513211,0.396163953298263,-0.0477428755107128,0.464131109798929,0.416020391985558,-0.0151304345064089,NA,NA,NA,NA,NA,NA,0.132668920498363,0.140408852924574,0.120516720633253,0.229714243508368,0.217666296238482,2.12880515404259
1,0.5,0.2,0.5,0.4,-0.2,0.892081603061041,0.585728727274514,0.177133091541161,0.693365588838679,0.574364092235507,-0.07670541412499,NA,NA,NA,NA,NA,NA,0.117453087324516,0.115665060913647,0.0522219777502722,0.171539120763217,0.168610351513851,1.61788384684919
1,0.5,0.2,0.5,0.4,-0.2,1.18431125158703,0.413789587234353,0.10315132441907,0.417656969635345,0.465924380812757,-0.0689203964831273,NA,NA,NA,NA,NA,NA,0.130058262086444,0.124347115101601,0.0965685977509794,0.161010004932226,0.15558275424993,1.19831897249971
1,0.5,0.2,0.5,0.4,-0.2,0.907756394877133,0.593090635341252,0.239841133707951,0.667436739637315,-0.0671825861218504,0.612516610518953,NA,NA,NA,NA,NA,NA,0.113717301649092,0.105303952143595,0.114147667023935,0.192954360103813,0.200960736930351,0.463243493511432
1,0.5,0.2,0.5,0.4,-0.2,1.14667118430221,0.353417226881583,0.128423065519222,0.40073773125375,0.330529416430048,-0.0601393480549327,NA,NA,NA,NA,NA,NA,0.126636566456881,0.122458080342611,0.0976763548174557,0.176719300461205,0.145419597000327,1.38629768111392
1,0.5,0.2,0.5,0.4,-0.2,0.83428752198048,0.679973146305974,0.129534829424299,0.697260856075354,0.224095060418605,0.0336249688266306,NA,NA,NA,NA,NA,NA,NA,0.0679578345719199,0.0879895889259415,NA,0.0869279307827506,NA
1,0.5,0.2,0.5,0.4,-0.2,1.08364915696856,0.551442082127145,0.114115341717005,0.549635092278963,0.331749218031009,-0.00996734773227706,NA,NA,NA,NA,NA,NA,0.119814053863911,0.116954504480266,0.0860267139413946,0.172333457165902,0.164651531144266,1.24909742251759
1,0.5,0.2,0.5,0.4,-0.2,0.953641237786015,0.483845346510202,0.219580388560189,0.534826076067997,0.149405924142362,-0.316163533969339,NA,NA,NA,NA,NA,NA,0.104381685102737,0.140717652312803,0.0949261345394112,0.161226963974896,0.160890196265792,1.22334229166621
1,0.5,0.2,0.5,0.4,-0.2,0.99973880097557,0.385993622469864,0.200752335317878,0.630891506556706,0.315381875523383,-0.0157741268016136,NA,NA,NA,NA,NA,NA,0.117648278086368,0.112080785647133,0.101302640076091,0.222057977221596,0.176824284475576,1.80972326151131
1,0.5,0.2,0.5,0.4,-0.2,1.15285230470924,0.323215289114507,0.136753212997448,0.343699736690273,0.312184008004301,-0.654016744844782,NA,NA,NA,NA,NA,NA,0.12831180611913,0.129902894396111,0.126633516022897,0.154742434221099,0.141852715781072,1.89011441638144
1,0.5,0.2,0.5,0.4,-0.2,0.973339743390437,0.541766832171658,0.24992430557884,0.501819236025983,0.336965107701977,0.295057807219679,NA,NA,NA,NA,NA,NA,0.129274696724888,0.122462356965836,0.0881235486088729,0.209423796098381,0.139199735725246,1.0297590178286
1,0.5,0.2,0.5,0.4,-0.2,0.977013818860092,0.380543433130635,0.196136850468206,0.636500425707623,0.168763182871836,0.363329572683936,NA,NA,NA,NA,NA,NA,0.121081522034814,0.136293216925482,0.110296723843085,0.270784625539479,0.186651244153028,1.16954559631586
1,0.5,0.2,0.5,0.4,-0.2,1.00751309195584,0.50526174752605,0.0530087274411259,0.603177354084783,0.183431523991233,-0.00262290562029503,NA,NA,NA,NA,NA,NA,0.108739905121195,0.0993069121796953,0.0802759865944006,0.248216426380539,0.213248087890613,2.1515333877217
1,0.5,0.2,0.5,0.4,-0.2,1.10932251549531,0.513490110612105,0.392621012334598,0.664598380841247,0.403376029161639,-0.752952727829065,NA,NA,NA,NA,NA,NA,0.0934361117952095,0.0703373867146999,0.0798537129527775,0.137911152132573,0.153381798099409,1.87689972109014
1,0.5,0.2,0.5,0.4,-0.2,1.17624122522827,0.493374317372566,0.177845923111736,0.23937546381261,0.346109776004155,-0.136051534385607,NA,NA,NA,NA,NA,NA,0.163501616924447,0.161104969710197,0.118257097534561,0.191659928409138,0.16905574170657,1.72188747107493
1,0.5,0.2,0.5,0.4,-0.2,0.972651011588192,0.625288323006912,0.135410955315215,0.545842558268257,0.44826937522673,0.0980584574987984,NA,NA,NA,NA,NA,NA,0.114725908480581,0.0991712754191337,0.0860209386743711,0.183341272856622,0.197410184061529,1.27400117944365
1,0.5,0.2,0.5,0.4,-0.2,1.04419274369581,0.434081133102315,0.0124260206943101,0.613420631017356,0.20475263878808,-0.0829886988430255,NA,NA,NA,NA,NA,NA,0.102224199724559,0.101550865540916,0.0992819925750088,0.221355114686155,0.160248028219176,1.94259020951722
1,0.5,0.2,0.5,0.4,-0.2,0.976857336988016,0.525250012086897,0.284389499689533,0.803028639110711,0.0130192327348749,0.640363959456896,NA,NA,NA,NA,NA,NA,0.100260512830924,0.10605627255639,0.0992388016183052,0.248471771067409,0.254929301011387,0.692710999781471
1,0.5,0.2,0.5,0.4,-0.2,0.833525795770961,0.714923061423897,0.201622571134005,0.543004578601044,0.454641628108133,-0.00123072063150189,NA,NA,NA,NA,NA,NA,0.191410517536177,0.180772357645607,0.072554864594116,0.333498172041123,0.225275235411631,3.13981070063343
1,0.5,0.2,0.5,0.4,-0.2,0.970049884766373,0.62038862424408,0.316147305189919,0.707330309482093,0.270266954870528,-1.21528664665934,NA,NA,NA,NA,NA,NA,0.0919694424024759,0.0797873876768755,0.081170565576442,0.159820895453363,0.186259977579769,3.10980400439345
1,0.5,0.2,0.5,0.4,-0.2,1.33581118232554,0.396410321580503,0.385550496171327,0.275630076766284,0.192697382455068,-0.0100112095720312,NA,NA,NA,NA,NA,NA,0.150500201183545,0.143127484090225,0.174543926503656,0.292467711943769,0.179538103805391,2.92168651811465
1,0.5,0.2,0.5,0.4,-0.2,1.08039068557441,0.414802702220064,0.254248218799221,0.436733449626762,0.320526897235171,-0.148925270736655,NA,NA,NA,NA,NA,NA,0.124750721041167,0.11833787962455,0.110938222555695,0.192483893689266,0.15230394518308,2.08911365844814
1,0.5,0.2,0.5,0.4,-0.2,1.07678259659531,0.434779107591629,0.0966690908794825,0.579120862179094,0.0969569261944414,-0.230914086295981,NA,NA,NA,NA,NA,NA,0.098742764671309,0.109276465438979,0.113560943965701,0.177992696417309,0.160142432718824,1.5526165000637
1,0.5,0.2,0.5,0.4,-0.2,0.976806242395808,0.557613798091306,0.248830753488545,0.486054399918871,0.255239985496888,-0.475078539411174,NA,NA,NA,NA,NA,NA,0.117107276277277,0.119114710358883,0.0972768772713562,0.154292394519361,0.170084450447474,1.51616114985842
1,0.5,0.2,0.5,0.4,-0.2,1.02690541818002,0.514581327478874,0.188265920459407,0.764464918793828,0.068184686124759,-0.0148187890201134,NA,NA,NA,NA,NA,NA,0.0811390058979468,0.0927984745699778,0.0848290897837577,0.185753471054187,0.160315127793704,1.2613538804974
1,0.5,0.2,0.5,0.4,-0.2,1.00249800602412,0.578828495136065,0.223222527120253,0.587447695277205,0.0634864491705737,-0.381696081032273,NA,NA,NA,NA,NA,NA,0.091729971206145,0.094975487164469,0.103835156345539,0.1435913933666,0.142319329798046,1.27876144196245
1,0.5,0.2,0.5,0.4,-0.2,1.02209794972829,0.585579618904833,0.227585062182441,0.599289394855342,0.513462215219537,0.486362048380059,NA,NA,NA,NA,NA,NA,0.130344641488465,0.124708832349852,0.0832201035743049,0.231037873297542,0.174307168797229,1.22926215015076
1,0.5,0.2,0.5,0.4,-0.2,1.14610621566155,0.602920394631588,0.0896740714447838,0.607613478661012,0.193097515012298,1.38098892806483,NA,NA,NA,NA,NA,NA,0.169042877536211,0.190364836094699,0.150729014179599,0.451128188067879,0.20720845543255,1.11543180034342
1,0.5,0.2,0.5,0.4,-0.2,0.960438291534109,0.737715077651637,0.376318612926462,0.341173189368449,0.325155576724119,-0.254523025655245,NA,NA,NA,NA,NA,NA,0.140822490004467,0.13096901835022,0.104840530792464,0.174682109646531,0.133841169038013,1.21081385389083
1,0.5,0.2,0.5,0.4,-0.2,1.03802023940799,0.520293648834043,0.219586447573479,0.338917126996364,0.40735403304756,-0.169653784267337,NA,NA,NA,NA,NA,NA,0.154281285413238,0.147792902769124,0.11189576439024,0.178315719774423,0.17314603091253,1.63368272037386
1,0.5,0.2,0.5,0.4,-0.2,1.06313715301568,0.324413221693527,0.166085715057919,0.573867460695929,0.283263416682935,-0.0438413789658415,NA,NA,NA,NA,NA,NA,0.107741425261582,0.121559958748363,0.0959276461562147,0.19033984674679,0.156314314722253,1.56016820813512
1,0.5,0.2,0.5,0.4,-0.2,1.06355393342769,0.482830158153377,0.113957345270992,0.512562941440695,0.502058285951366,-0.0105478664372398,NA,NA,NA,NA,NA,NA,0.133045323537311,0.124610660811821,0.0715620898492402,0.1799775830996,0.162520501214441,1.52981289825513
1,0.5,0.2,0.5,0.4,-0.2,0.938933428092136,0.531906843110367,0.318901387169003,0.554224724024925,0.165943804927733,0.0362333956766311,NA,NA,NA,NA,NA,NA,0.117655210665749,0.109504347518933,0.122347923166766,0.233678428328913,0.209010050983445,1.89344190119716
1,0.5,0.2,0.5,0.4,-0.2,0.943858507508685,0.47587852142596,0.190565489091603,0.684767521658898,0.338563416576886,-0.0109670203076935,NA,NA,NA,NA,NA,NA,0.10295270581512,0.0947674643491542,0.0880060217666737,0.178509458022705,0.149578643025608,1.40140171449104
1,0.5,0.2,0.5,0.4,-0.2,1.06364334985339,0.468717197603833,0.134317354800737,0.670591873843096,0.259228809714196,0.0762900482289976,NA,NA,NA,NA,NA,NA,0.0531280597731437,0.0779014516369826,0.0674069547886627,NA,NA,NA
1,0.5,0.2,0.5,0.4,-0.2,1.16241685282517,0.460432124081809,0.200367118231539,0.534546845328524,0.324918865912963,-0.55157204452354,NA,NA,NA,NA,NA,NA,0.113287763766266,0.127680403083241,0.102392488092543,0.149490342406471,0.159513775955506,2.18291831901329
1,0.5,0.2,0.5,0.4,-0.2,0.861006836162387,0.779205960885722,0.358905953590145,0.471895862759879,0.366150217838751,-0.49304374626693,NA,NA,NA,NA,NA,NA,0.155118738168192,0.144005184555672,0.0936283687626181,0.256791660114426,0.219380356188011,2.45313993079424
1,0.5,0.2,0.5,0.4,-0.2,1.20891846787948,0.304614236187081,0.143141966321293,0.258473006282276,0.411217422576551,-2.17459314046683,NA,NA,NA,NA,NA,NA,0.134638036968328,0.117749593878993,0.0927648867788831,0.0701060612162137,0.0608712723486739,NA
1,0.5,0.2,0.5,0.4,-0.2,0.92961976378835,0.593155786800276,0.0237662166300092,0.568649093961076,0.417081702489691,-0.00158055696556713,NA,NA,NA,NA,NA,NA,0.115765185692576,0.102142220962814,0.0980191045057631,0.215315510664209,0.20052205006176,1.49193328868896
1,0.5,0.2,0.5,0.4,-0.2,1.17543878048975,0.577933338626081,0.269812228348792,0.57770716925124,0.315960779201191,-0.114452168191869,NA,NA,NA,NA,NA,NA,0.105565614073735,0.110758529295068,0.0944606047265868,0.161387710653762,0.168380529655085,1.07064917485436
1,0.5,0.2,0.5,0.4,-0.2,0.826324434978494,0.620517076899701,0.148221832687392,0.728207020345067,0.51450401826984,-0.597073506052422,NA,NA,NA,NA,NA,NA,0.0923328360894764,0.0767036168234164,0.0784865387651318,0.138736264480021,0.146368531966219,1.15944015222691
1,0.5,0.2,0.5,0.4,-0.2,1.0047129727091,0.497435086357428,0.199711369118927,0.678882594230606,0.371378750436816,-0.02328729633591,NA,NA,NA,NA,NA,NA,0.0987999071459846,0.0895204316828745,0.079306358514304,0.168487010001679,0.156561660216328,0.995222054474507
1,0.5,0.2,0.5,0.4,-0.2,1.10550150626172,0.39691101387945,0.0590178246672079,0.64099453378291,0.530255250376307,-0.00686070611818,NA,NA,NA,NA,NA,NA,0.108582997209295,0.0947528744592714,0.0835800310692096,NA,0.0812690113367552,NA
1,0.5,0.2,0.5,0.4,-0.2,0.868453823250624,0.610685239577282,0.121940603834359,0.559512898109561,0.387984395514839,0.00164632014876358,NA,NA,NA,NA,NA,NA,0.146779447557739,0.109953867125986,0.104611611149233,0.358396235773989,0.235493542287356,2.71991123452289
1,0.5,0.2,0.5,0.4,-0.2,1.10776749195577,0.474197031465303,0.195048589136655,0.485847170193337,0.381730625021681,0.00141878174040369,NA,NA,NA,NA,NA,NA,0.137758890671705,0.127941379549298,0.099636011199864,0.352163119394484,0.260042077596357,3.55338343511154
1,0.5,0.2,0.5,0.4,-0.2,1.09997676905386,0.426066694206713,0.228383935718147,0.57762866099067,0.306224391541565,-0.0591361462218489,NA,NA,NA,NA,NA,NA,0.104336391684843,0.115578960053696,0.106593597016184,0.178773465886598,0.16029634028584,1.07886184062401
1,0.5,0.2,0.5,0.4,-0.2,1.04575565976359,0.536761431579327,0.431221528689937,0.546117818604479,0.305981076449223,-0.1226266492118,NA,NA,NA,NA,NA,NA,0.110448540388741,0.102834280677009,0.105940694311441,0.152598156194535,0.163170681508243,1.10581400206453
1,0.5,0.2,0.5,0.4,-0.2,1.04057888487922,0.412803389138109,0.158426576353283,1.29473710163752,0.245608130153997,1.36580206024967,NA,NA,NA,NA,NA,NA,0.0967385475345561,0.0663199051353934,0.0518826760037425,0.302254242036224,0.169700270635766,0.302842406214949
1,0.5,0.2,0.5,0.4,-0.2,0.918743424251168,0.5544490569415,0.192981249543248,0.70154848506787,0.493180914132177,-0.657666541141805,NA,NA,NA,NA,NA,NA,0.092525045597004,0.08943413547406,0.0678946850575618,0.156785479410652,0.132615770816308,1.88669393537055
1,0.5,0.2,0.5,0.4,-0.2,0.970225673753709,0.497746589712781,0.247718848967737,0.688886970345601,0.400376795752054,-0.113636482351388,NA,NA,NA,NA,NA,NA,0.105161663075767,0.0939941574291808,0.0611069788726902,0.271226207994655,0.197228191629524,2.92410203668062
1,0.5,0.2,0.5,0.4,-0.2,1.19491549296606,0.527134228272901,0.180145967643309,0.411193245676496,0.305910391037178,-0.0651633907842433,NA,NA,NA,NA,NA,NA,0.12840283987169,0.128673137562887,0.107865791749668,0.201774001099265,0.178425194212776,1.74064268594154
1,0.5,0.2,0.5,0.4,-0.2,1.10877948580632,0.509792468317262,0.0575777516574508,0.619851225334646,0.429245052251269,0.00153514597774435,NA,NA,NA,NA,NA,NA,0.107682314293844,0.0983336914297691,0.0945157039349619,0.188255913404485,0.19058764098971,1.38001932681118
1,0.5,0.2,0.5,0.4,-0.2,1.11319069943108,0.514956765923427,0.198745205894275,0.287544789708361,0.413887003512198,-2.0598156580948,NA,NA,NA,NA,NA,NA,0.13886895805661,0.133113321876189,0.0918383426596479,0.157811198491532,0.165571544229683,5.12133277927915
1,0.5,0.2,0.5,0.4,-0.2,0.90331306792738,0.585900838982798,0.340141473677438,0.532831086755494,0.425038721278482,0.0331460041239866,NA,NA,NA,NA,NA,NA,0.119877754258774,0.106841209821425,0.0991288403131212,0.246861973944007,0.209225771626213,1.81967875007114
1,0.5,0.2,0.5,0.4,-0.2,0.995639804090019,0.518058058155789,0.0800485817238499,0.737789428171618,0.323474644961192,0.670016738934948,NA,NA,NA,NA,NA,NA,0.115451485617726,0.107692168086527,0.0923875561433928,0.219319554630914,0.200895659960047,0.761197217616471
1,0.5,0.2,0.5,0.4,-0.2,1.247327293459,0.367011644405052,0.233069510132847,0.45069279666564,0.2539990845261,-0.350473873173712,NA,NA,NA,NA,NA,NA,0.115923579367139,0.111460721572126,0.0951430995826356,0.170707262354015,0.17629943810863,1.4064259593093
1,0.5,0.2,0.5,0.4,-0.2,1.20815179335529,0.40062790140685,0.172337830886468,0.383450026321565,0.247942940426521,-0.128828146717493,NA,NA,NA,NA,NA,NA,0.127409146811852,0.128247327323441,0.131162321636432,0.194283769814326,0.169946960310806,1.65366692967589
1,0.5,0.2,0.5,0.4,-0.2,1.06840503906584,0.479964829709791,0.136717795649976,0.68943317335459,0.441389048221364,0.00481550251960351,NA,NA,NA,NA,NA,NA,0.0846685698741942,0.0823668698758379,0.0820772325946396,NA,0.0585993728458366,NA
1,0.5,0.2,0.5,0.4,-0.2,0.975875624356571,0.580640815051654,0.222641928388539,0.684440184283826,0.408091045194476,-0.0170220692120799,NA,NA,NA,NA,NA,NA,0.114062416237509,0.103479260409935,0.0625369759560924,0.188426154403561,0.177957799823495,1.5567689606394
1,0.5,0.2,0.5,0.4,-0.2,1.06999378476449,0.413321068414901,0.116296759825118,0.509693332977357,0.524265727635218,-0.0528319617909854,NA,NA,NA,NA,NA,NA,0.124325433311832,0.113153490087049,0.0806478365673184,0.149405729075899,0.143622418764227,1.32897826978501
1,0.5,0.2,0.5,0.4,-0.2,1.06341795654121,0.507295342075212,0.133710209483517,0.232079675340321,0.414842527488263,0.0292854762030136,NA,NA,NA,NA,NA,NA,NA,0.160804866134532,0.111732735053144,NA,NA,NA
1,0.5,0.2,0.5,0.4,-0.2,0.944347409683235,0.536388966694383,0.339087480302627,0.733931030582846,0.400434994020685,-0.0835166308011551,NA,NA,NA,NA,NA,NA,0.0951433891757628,0.0901388856923047,0.0775029750139518,0.166397655839628,0.153218236084563,1.19021116741287
1,0.5,0.2,0.5,0.4,-0.2,1.03697001332979,0.624409383671975,0.197075100725014,0.6127961949027,0.174872266523528,-0.000206916555235036,NA,NA,NA,NA,NA,NA,0.102424237524943,0.112825598233069,0.0979019383499878,0.248224474554199,0.177922661898337,1.6654683289937
1,0.5,0.2,0.5,0.4,-0.2,0.911247289975592,0.495460376659265,-0.0313936381904396,0.528274359840977,0.391924320477011,0.0338751168791862,NA,NA,NA,NA,NA,NA,0.130949248631575,0.111289116886716,0.145323690072782,0.265104610520694,0.198210642207671,1.91407716487654
1,0.5,0.2,0.5,0.4,-0.2,1.14899651501506,0.508872768895645,0.175979369685937,0.697664003518725,0.369380074420793,0.0256824220078026,NA,NA,NA,NA,NA,NA,0.0927885129618894,0.0838000880619017,0.0946567530527091,NA,0.144727182958634,NA
1,0.5,0.2,0.5,0.4,-0.2,1.01187919796316,0.545670882494499,0.427288908074868,0.450865811329948,0.369927246125264,-0.00115556500978943,NA,NA,NA,NA,NA,NA,0.216097954645677,0.146969685482595,0.148326140413595,0.422943342081614,0.239656750004915,3.71076395518253
1,0.5,0.2,0.5,0.4,-0.2,1.14479814018556,0.216090640957557,0.176366079568233,0.657637186811352,0.236863163247273,-0.00288421049802379,NA,NA,NA,NA,NA,NA,0.104949985104142,0.124565265993882,0.0743696161732752,0.173657874657003,0.169349619100825,1.30751973816364
1,0.5,0.2,0.5,0.4,-0.2,1.10772858986724,0.286490534161228,0.188404805449782,0.573392953204697,0.263942164127626,-0.345081090668499,NA,NA,NA,NA,NA,NA,0.105967320413466,0.117999596187454,0.0846985995869722,0.164646432442955,0.156621228445492,1.7216184151929
1,0.5,0.2,0.5,0.4,-0.2,1.08017097108888,0.418026951476938,0.0670270032908143,0.570765314613289,0.295425680289808,0.0955572854432121,NA,NA,NA,NA,NA,NA,NA,NA,0.0761056954631934,NA,NA,NA
1,0.5,0.2,0.5,0.4,-0.2,0.911644611769656,0.495080257383701,0.319281749787479,0.5796013626039,0.436313863918948,0.372649254779145,NA,NA,NA,NA,NA,NA,0.147225112756864,0.136192493746125,0.093485600539869,0.240823311741001,0.143244777368322,1.38969740630701
1,0.5,0.2,0.5,0.4,-0.2,0.774025578045157,0.733576855532229,0.261654174530099,0.789098271417522,0.117282042066721,1.0624230707153,NA,NA,NA,NA,NA,NA,0.134850287862298,0.111410325067191,0.119182024227714,0.30364197174741,0.23424318247712,0.546287567059398
1,0.5,0.2,0.5,0.4,-0.2,0.997858979299575,0.469883083417548,0.0686183115997857,0.605063065756187,0.504241088733786,0.0195643352704893,NA,NA,NA,NA,NA,NA,0.128839112012384,0.0910476531703469,0.0821116954416619,0.257411572395893,0.199489229350084,1.67412766860984
1,0.5,0.2,0.5,0.4,-0.2,1.14973344410321,0.444842558106709,0.232166979863887,0.523186674618796,0.347231176036832,0.799334834880349,NA,NA,NA,NA,NA,NA,0.144926968019521,0.154085946147245,0.114775061649635,0.251824579905848,0.175061865152741,0.880073964740621
1,0.5,0.2,0.5,0.4,-0.2,1.10746507245115,0.397699870110833,0.245036157341597,0.591754598834095,0.344569040583383,-0.00489248746625503,NA,NA,NA,NA,NA,NA,0.11727234894494,0.110271557810341,0.0864246796174694,0.228385924449469,0.171134039619045,2.25839389748322
1,0.5,0.2,0.5,0.4,-0.2,1.05254673080429,0.4667570856162,0.181843040604683,0.604715381727711,0.164830739971042,-0.152327276518905,NA,NA,NA,NA,NA,NA,0.0991596323765257,0.0951113826537652,0.0859115622999357,0.173860109697332,0.198240669397466,1.34632018378435
1,0.5,0.2,0.5,0.4,-0.2,1.06449820084862,0.567253908278195,0.220551854884003,0.635069595789665,0.239135066375001,-0.0960862762835914,NA,NA,NA,NA,NA,NA,0.0948515811458697,0.103742752696693,0.100105768455762,0.164963568393967,0.161456577886616,1.09572315084548
1,0.5,0.2,0.5,0.4,-0.2,1.0507997087878,0.435017046387235,0.155645133905083,0.546234881693662,0.435869301020192,-0.352000441339758,NA,NA,NA,NA,NA,NA,0.108864969130306,0.0886932796187224,0.101775913210187,0.15753256513955,0.138052984134298,1.54766098453666
1,0.5,0.2,0.5,0.4,-0.2,1.18057824450009,0.382795919956237,0.509443660388526,0.529916138809149,-0.0781354561091972,-0.000649261395089237,NA,NA,NA,NA,NA,NA,0.10495165411595,0.113198776841511,0.119586216278442,0.212968922874673,0.17315999532895,1.68858895567206
1,0.5,0.2,0.5,0.4,-0.2,1.24325381491001,0.465682122254642,0.350073180134795,0.533474802551878,0.242104543706518,-0.216406253632633,NA,NA,NA,NA,NA,NA,0.10321780696289,0.123424536117387,0.100649637825431,0.167261987795572,0.155721219908771,1.07542251530404
1,0.5,0.2,0.5,0.4,-0.2,1.07457300164854,0.409489587286607,0.207477239152171,0.598165152011241,0.236187456627239,-0.413712193253051,NA,NA,NA,NA,NA,NA,0.0973147370131517,0.112242300202593,0.111617439047921,0.156503177768117,0.152344852297875,1.61908237371311
1,0.5,0.2,0.5,0.4,-0.2,1.11532206940481,0.557878811192598,0.209346563263336,0.495160856985848,0.34101090537938,0.00598010638642271,NA,NA,NA,NA,NA,NA,0.171318773033599,0.155749409673887,0.0875245816814796,0.588878341849589,0.409579570715885,4.39578949617416
1,0.5,0.2,0.5,0.4,-0.2,0.89388510603434,0.632741452134795,0.134003339677816,0.600780173097148,0.304024968297712,-1.01752339440518,NA,NA,NA,NA,NA,NA,0.093958609190823,0.0869182106400737,0.0853793135663914,0.154019703016668,0.1514953857519,2.53792574274474
1,0.5,0.2,0.5,0.4,-0.2,1.0397468866758,0.408253859137212,0.377467809183703,0.47607717410757,0.416982885816282,-2.15804678629829,NA,NA,NA,NA,NA,NA,0.121462055936442,0.116027493050429,0.0861867892024705,0.143239348528031,0.14898736178163,NA
1,0.5,0.2,0.5,0.4,-0.2,1.19089103345516,0.476262607418982,0.264568634321372,0.726342722262591,0.522678576628792,-0.0527461128752052,NA,NA,NA,NA,NA,NA,0.0955143910823419,0.0927575517519908,0.0711002727287007,0.184546145261795,0.211932482395356,1.94615821424572
1,0.5,0.2,0.5,0.4,-0.2,1.05027982499013,0.492526043955617,0.205089172931769,0.361306787784971,0.398716343039595,0.00353617165260825,NA,NA,NA,NA,NA,NA,0.138453113561052,0.125335321321087,0.0998172780991671,0.229870477847156,0.173696972605226,1.72893318454601
1,0.5,0.2,0.5,0.4,-0.2,0.893680555210607,0.57270601248619,0.294152087119687,0.6536930424294,0.309231171664622,0.000743301602293426,NA,NA,NA,NA,NA,NA,NA,NA,0.0679814360370786,NA,NA,NA
1,0.5,0.2,0.5,0.4,-0.2,0.85934010055266,0.592133201281166,0.288260259833299,0.804848687994959,0.190556365098814,0.611524923710817,NA,NA,NA,NA,NA,NA,0.114240823312238,0.121721532029322,0.0933628974432985,0.261595881008235,0.170735639991817,0.798217018080213
1,0.5,0.2,0.5,0.4,-0.2,1.37025466919778,0.244456295756846,0.284169553077164,0.193964510583221,0.367525115653027,-1.14570606344146,NA,NA,NA,NA,NA,NA,0.155144549309959,0.15397828372906,0.110102664839712,0.165892275222915,0.155181381839525,2.6966261036485
1,0.5,0.2,0.5,0.4,-0.2,0.912921472798479,0.769683465090363,0.320085573259451,0.401783448163454,0.279181193537273,-0.000558289062852142,NA,NA,NA,NA,NA,NA,0.140001474660546,0.139585566713921,0.163821440342028,0.208100870281424,0.196021397662371,1.41364226752784
1,0.5,0.2,0.5,0.4,-0.2,0.832573176270378,0.640458728320158,0.320709320041287,0.48750147706096,0.347829789653304,-1.28728125532676,NA,NA,NA,NA,NA,NA,0.114473880848699,0.100457232510794,0.0808305129345566,0.175972862359054,0.184479194187382,3.36747012787341
1,0.5,0.2,0.5,0.4,-0.2,0.912391889457751,0.561113209152099,0.180676344284234,0.620471830575912,0.40463330835144,-0.270401828425617,NA,NA,NA,NA,NA,NA,0.105073649335078,0.11047836397453,0.0682023285122444,0.14843210979919,0.140644216088073,1.21458038068652
1,0.5,0.2,0.5,0.4,-0.2,0.927060879594148,0.708561861190232,0.269972374768163,0.998525019901344,0.160249605043047,1.32983818870298,NA,NA,NA,NA,NA,NA,0.130285429362724,0.127728514389377,0.0998292102881964,0.40722241661141,0.207383517839085,0.579622449097151
1,0.5,0.2,0.5,0.4,-0.2,1.04525998842574,0.549213007051,0.163129722863585,0.631634227220239,0.0722501213149186,-0.0118456479442849,NA,NA,NA,NA,NA,NA,0.110748261329489,0.112979735267855,0.100334585600143,0.222400560507692,0.265704603224298,1.76533705981834
1,0.5,0.2,0.5,0.4,-0.2,1.10906445284592,0.608812900939908,0.110176236229254,0.758214501584751,0.246341831171611,0.0637499801183001,NA,NA,NA,NA,NA,NA,0.0974787719101154,0.0958245636837815,0.0575817548735614,0.291106703182874,0.336737831663066,2.34831515856818
1,0.5,0.2,0.5,0.4,-0.2,0.888290480874291,0.534426104972849,0.142920836899564,0.580747256453653,0.224144105472632,0.199161744085455,NA,NA,NA,NA,NA,NA,0.118057208009366,0.106053084149184,0.0997552045543001,0.315781633345596,0.279622231736638,1.41433203031069
1,0.5,0.2,0.5,0.4,-0.2,1.14288753956957,0.597347495870123,0.124005091677704,0.609459655481356,0.14122451965048,-0.00710325275665325,NA,NA,NA,NA,NA,NA,0.0956713513671471,0.102515254896624,0.102265722668835,0.174659942946337,0.191428921890897,1.08534315095877
1,0.5,0.2,0.5,0.4,-0.2,1.15973449759092,0.40244305810948,0.335006669801976,0.394966650143642,0.236461485584214,-0.0105048759114962,NA,NA,NA,NA,NA,NA,0.129693800189311,0.157867949407276,0.128019636073307,0.201637648015477,0.180741568687949,1.62743456133908
1,0.5,0.2,0.5,0.4,-0.2,0.953856820726771,0.576698583952429,0.103280440606209,0.598659783283266,0.0193300644828809,-0.0128815176934202,NA,NA,NA,NA,NA,NA,NA,0.0400803117506612,0.115592340011927,NA,NA,NA
1,0.5,0.2,0.5,0.4,-0.2,1.00475151868785,0.620376510649321,0.36792102218744,0.497154553501285,0.545060814793827,-0.723449552177999,NA,NA,NA,NA,NA,NA,0.121368353413863,0.107458133423351,0.106443851784387,0.120464111891127,0.138905382404257,NA
1,0.5,0.2,0.5,0.4,-0.2,0.887733728477042,0.502210781656492,0.150949024802534,0.72276667752637,0.40435689574884,-0.670598597674851,NA,NA,NA,NA,NA,NA,0.0927582594847547,0.0897859799529643,0.0583787223243498,0.146568705100141,0.119234286795322,1.34072225716602
1,0.5,0.2,0.5,0.4,-0.2,0.91665679478168,0.688338845436845,0.207470476904658,0.70161737398041,0.286120281753022,0.977460667199352,NA,NA,NA,NA,NA,NA,0.141478100612907,0.12645794819192,0.0885243811411264,0.308882875880218,0.207091391248319,0.764872893187789
1,0.5,0.2,0.5,0.4,-0.2,0.81137933459534,0.708889226786199,0.0721129361310679,0.420144303119475,0.432388535894359,-1.90325381769943,NA,NA,NA,NA,NA,NA,0.121236696569447,0.11407522232507,0.0958651266085688,0.157548506518703,0.172444813963836,3.36220682307689
1,0.5,0.2,0.5,0.4,-0.2,0.917818222164114,0.543095115695372,0.121222430133232,0.483793971061755,0.523468940771465,0.218133836670287,NA,NA,NA,NA,NA,NA,0.138825629969136,0.10855701570389,0.0756240967498643,0.219532529815174,0.164408528505831,1.3862875692688
1,0.5,0.2,0.5,0.4,-0.2,1.00096443940126,0.50706432386509,0.147647115677691,0.648540750574904,0.38849691048169,0.000273627464039204,NA,NA,NA,NA,NA,NA,0.127302265467961,0.117271647215396,0.0845044128482828,0.286637423752818,0.266420409903443,2.79734470383443
1,0.5,0.2,0.5,0.4,-0.2,0.761157328923749,0.64076871199087,0.186512852269305,0.534947566874947,0.312310246647456,0.0138473288651938,NA,NA,NA,NA,NA,NA,0.125934836656066,0.114526401378327,0.0943461969688626,0.315937729387484,0.302577760060056,2.20874296146444
1,0.5,0.2,0.5,0.4,-0.2,1.23723855760223,0.350475324452404,0.180766189865004,0.412853210605979,0.32968386048035,-0.378612381377662,NA,NA,NA,NA,NA,NA,0.126484732484378,0.114542649967509,0.119458617650325,0.153264437746022,0.152420256079622,1.36151498403938
1,0.5,0.2,0.5,0.4,-0.2,0.91886079574136,0.560199820688644,0.217115550077956,0.499601004107189,0.372441240279606,-1.38093783956856,NA,NA,NA,NA,NA,NA,0.109053420824426,0.0979906135010059,0.0998719227074142,0.166722921126617,0.196125263454903,3.10466308123843
1,0.5,0.2,0.5,0.4,-0.2,0.988821233787554,0.479089558634304,0.0884440411484103,0.517838174197408,0.358231920842892,0.0375653373703577,NA,NA,NA,NA,NA,NA,0.181860075149253,0.156180121640013,0.10778621919409,0.485800555769246,0.239577319579927,4.41966082926617
1,0.5,0.2,0.5,0.4,-0.2,1.00751637952278,0.512969333101773,0.239035708232588,1.12678351911834,0.136665544699909,1.10301337445395,NA,NA,NA,NA,NA,NA,0.0877857741735717,0.086812404103165,0.0747429764859371,0.225766802561096,0.168419422821985,0.34715455985858
1,0.5,0.2,0.5,0.4,-0.2,1.43701317505308,0.174480644501366,0.0752852706303952,1.4730039312813,1.34223700834024,2.20492943913098,NA,NA,NA,NA,NA,NA,0.164341641878357,0.158565974571083,0.141046416704888,0.315541510100647,0.48192180667583,0.047140288340218
1,0.5,0.2,0.5,0.4,-0.2,1.0214212402566,0.331594340443977,0.263780675263957,0.563635925800335,0.281717991292119,-0.192124849984323,NA,NA,NA,NA,NA,NA,0.109158065384277,0.115497092140111,0.115785328744223,0.165271523960507,0.153096321364058,1.40642111371084
1,0.5,0.2,0.5,0.4,-0.2,1.05726155816705,0.302681325177487,0.291768330789468,0.448796539452075,0.615505538282709,0.00755591436865957,NA,NA,NA,NA,NA,NA,0.134280685326554,0.140641321401182,0.107308713604226,0.077440819871956,0.177477002717407,NA
1,0.5,0.2,0.5,0.4,-0.2,0.883891343954748,0.438951747762635,0.136394607027156,0.406989259319628,0.325265273672803,-0.0144668907368985,NA,NA,NA,NA,NA,NA,0.139060026318343,0.136115963949239,0.0944394441531006,0.203270946177492,0.148752396250402,1.68138585489422
1,0.5,0.2,0.5,0.4,-0.2,0.988549778997183,0.583337926649056,0.181502062167386,0.816383062773409,0.448185846203604,1.55421736428644,NA,NA,NA,NA,NA,NA,0.178411995965242,0.178205517204332,0.103476410451565,0.491638038173056,0.228459990766327,0.743258806672868
1,0.5,0.2,0.5,0.4,-0.2,1.16412774786978,0.406069769876272,0.0936022337231993,0.327189235914109,0.467592888777829,-0.283137671552148,NA,NA,NA,NA,NA,NA,0.150575887877218,0.154415664301861,0.102104488235093,0.16815744623071,0.16857484109301,1.55182278370999
1,0.5,0.2,0.5,0.4,-0.2,1.19104492202611,0.418635136435983,0.191575865987405,0.633634672727654,0.292780167665004,-0.00832307284516081,NA,NA,NA,NA,NA,NA,0.10787191266242,0.100427728456706,0.0968585033867434,0.221608367497716,0.170098689353331,2.16176806355431
1,0.5,0.2,0.5,0.4,-0.2,0.987330283150127,0.450654093456305,0.267703919595627,0.234296148282479,0.0491197640591365,-0.00460554270315494,NA,NA,NA,NA,NA,NA,0.158202633616741,0.151108269829998,0.134508422253466,0.285815009060583,0.203158834145377,2.01726166131468
1,0.5,0.2,0.5,0.4,-0.2,0.986238554078343,0.39662031878013,0.0125307836902034,0.601176175449888,0.315114475040259,-0.0197626512643214,NA,NA,NA,NA,NA,NA,0.110010386280836,0.110081804625427,0.123360510144673,0.202008275403851,0.182677773462056,1.58126074358312
1,0.5,0.2,0.5,0.4,-0.2,0.952406346490091,0.418552673431651,0.0916606264873766,0.603718539650288,0.193186643809073,-0.122560179237821,NA,NA,NA,NA,NA,NA,0.0947334818778314,0.127166504247957,0.10236359716655,0.16146129429315,0.163850296487289,1.35717233145106
1,0.5,0.2,0.5,0.4,-0.2,1.08208373936696,0.35197011293679,0.309321299240376,0.551806575017834,0.341462425872898,-0.676011753622378,NA,NA,NA,NA,NA,NA,0.107168784766335,0.111161508530122,0.0780098237340935,0.147034607194788,0.142561233438412,2.22390789218596
1,0.5,0.2,0.5,0.4,-0.2,1.06533942897866,0.383126597538734,0.171169464426641,0.567210324874623,0.200566312137341,-0.174296120224306,NA,NA,NA,NA,NA,NA,0.104911977484456,0.10912156687157,0.0941008525939024,0.165270499704797,0.15684054338553,1.20059377014958
1,0.5,0.2,0.5,0.4,-0.2,1.20332942603137,0.407954507463893,0.36698518956968,0.432980977652131,0.556947079582157,-0.0952110296789253,NA,NA,NA,NA,NA,NA,0.14119481832813,0.13625000960472,0.102633762701028,0.18211417713298,0.158974187874694,1.43725383931006
1,0.5,0.2,0.5,0.4,-0.2,1.03801641688368,0.380151721760218,0.189842648762668,0.592052732605049,0.206467474433118,-0.000649713079237466,NA,NA,NA,NA,NA,NA,0.136160770822871,0.123634172276993,0.104959269421454,0.345087707966614,0.218033430737436,3.25382149440133
1,0.5,0.2,0.5,0.4,-0.2,1.06197846390329,0.544537477290224,0.194651044237081,0.644287474391331,0.268757623146911,0.708293117574089,NA,NA,NA,NA,NA,NA,0.116699539494962,0.0982406344024416,0.0721488052019277,0.224700431876678,0.157419407764724,0.954242070667355
1,0.5,0.2,0.5,0.4,-0.2,0.759023340594076,0.621520024173416,0.184474012860972,0.556236979685774,0.403877142634778,-0.00907572992414263,NA,NA,NA,NA,NA,NA,0.138780290620207,0.119485946553334,0.0862820717960226,0.268358429555445,0.170968361138089,2.19756662618831
1,0.5,0.2,0.5,0.4,-0.2,1.06562300942722,0.548978813235848,0.264977738727002,0.513316025069433,0.26327573680132,-0.0922164866465034,NA,NA,NA,NA,NA,NA,0.118717617150398,0.111932088962104,0.127097992990789,0.190881833043565,0.149607558411368,1.37609996554508
1,0.5,0.2,0.5,0.4,-0.2,1.19429600332659,0.338789147133575,0.00295479261141838,0.531238692156022,0.443619944771519,-1.88863943785207,NA,NA,NA,NA,NA,NA,0.105472122426014,0.0940351808867568,0.0754240921910385,0.13556160839273,0.149853842947732,NA
1,0.5,0.2,0.5,0.4,-0.2,1.17167831899974,0.352257384175314,0.222163921104778,0.285479725448979,0.348314637012241,-0.0743003475758794,NA,NA,NA,NA,NA,NA,0.145424770066669,0.142515188110849,0.117437802244736,0.1686882409243,0.13530651979765,1.14612304371199
1,0.5,0.2,0.5,0.4,-0.2,1.27239174999532,0.301677644028504,0.0378042373668473,0.373916723306409,0.400581345163855,0.0301044240036602,NA,NA,NA,NA,NA,NA,0.332446315702473,0.248688415930602,0.148317259817892,1.18590935769176,0.424612726592486,12.4692089067373
1,0.5,0.2,0.5,0.4,-0.2,0.920847313297033,0.551003735722509,0.114540707297237,0.422188696191801,0.376597788668835,0.012568259065256,NA,NA,NA,NA,NA,NA,0.144378557447055,0.126992686387229,0.0787526799316851,0.295307291114542,0.223149002314255,2.4024804161179
1,0.5,0.2,0.5,0.4,-0.2,0.999780867868539,0.474881742173214,0.0632024823291157,0.507287807130835,0.251140607136219,-0.0861846209856997,NA,NA,NA,NA,NA,NA,0.119539627939927,0.131664423342732,0.0977266604811291,0.183951926685202,0.170771543679047,1.44137702757857
1,0.5,0.2,0.5,0.4,-0.2,1.21215139499873,0.40857825278924,0.0803846398729326,0.867069252896663,-0.0548658660883947,1.12078346199559,NA,NA,NA,NA,NA,NA,0.100110893480552,0.0969766339279743,0.129056082195219,0.26476675052431,0.162288170108897,0.651563209618653
1,0.5,0.2,0.5,0.4,-0.2,0.813056619624904,0.657637515200151,0.352006821967553,0.54530720845706,0.430246459598248,-0.00461613127753351,NA,NA,NA,NA,NA,NA,0.125984171027928,0.133417610842629,0.0931981401035748,0.172735165625449,0.158816174052918,1.11978611833043
1,0.5,0.2,0.5,0.4,-0.2,0.946335730333749,0.501499902721909,0.312163060161058,0.813166497662963,0.332579389843182,-0.000805386285967732,NA,NA,NA,NA,NA,NA,0.100713824046358,0.0984778999994256,0.0711435602469056,0.218104534512261,0.205188118451594,1.75922859658398
1,0.5,0.2,0.5,0.4,-0.2,0.989758152862437,0.73360967067889,0.191615638612789,0.540904917497301,0.258895817109034,-0.112816976178909,NA,NA,NA,NA,NA,NA,0.112757727267411,0.146826546901232,0.116107270159772,0.18065611474022,0.204697272560423,0.871445469451417
1,0.5,0.2,0.5,0.4,-0.2,0.980456882874172,0.471003076113287,0.205840917216172,0.594395841933678,0.413313285287929,0.231935300058722,NA,NA,NA,NA,NA,NA,0.175330250668868,0.113932373224242,0.0829115481666616,0.42579933736788,0.235927493626122,2.91403449159615
1,0.5,0.2,0.5,0.4,-0.2,1.06944494473188,0.424171219275072,0.237303618012287,0.353203455698475,0.393996279530886,-0.0161656526966327,NA,NA,NA,NA,NA,NA,0.161872126777069,0.129122356193314,0.106246807736035,0.301677913125637,0.156622241357826,3.55019128893959
1,0.5,0.2,0.5,0.4,-0.2,1.02454216950498,0.577046074952501,0.218707360649999,0.504574675257409,0.384774223500652,-0.00402284852922294,NA,NA,NA,NA,NA,NA,0.124312886469981,0.13525593352986,0.098044381885108,0.203725611628638,0.164719513110418,1.40855143087924
1,0.5,0.2,0.5,0.4,-0.2,1.20336757091799,0.514624606205642,0.29343255306227,0.15945068104638,0.43431188602777,-1.43064911488654,NA,NA,NA,NA,NA,NA,0.164145920592439,0.155377846499613,0.148314657771754,0.175276028569986,0.165712096102628,2.47824534262258
1,0.5,0.2,0.5,0.4,-0.2,1.06902968728415,0.288246059689424,0.551915701735244,1.18595352991804,-0.276904228853768,1.3865585126001,NA,NA,NA,NA,NA,NA,0.109409099771595,0.117756706758305,0.124847229672909,0.245122790801237,0.251407813893649,0.291923633142188
1,0.5,0.2,0.5,0.4,-0.2,1.17569794122478,0.384158281143505,0.192693957722352,0.583035877866839,0.45497315676667,0.00366889725096417,NA,NA,NA,NA,NA,NA,0.117435829406997,0.11371375802461,0.0738289456418026,0.207192467030867,0.180050629585454,1.95374540304765
1,0.5,0.2,0.5,0.4,-0.2,1.19765649507999,0.335595143225079,0.0235223535873067,0.622925803766223,0.379318068946343,-0.0122535794453868,NA,NA,NA,NA,NA,NA,0.555746707979357,0.353128274352988,0.160915769197214,2.68887704062709,1.49941133777863,41.1068202633241
1,0.5,0.2,0.5,0.4,-0.2,1.25724754028695,0.431194415069957,0.126350044490957,0.455661206530285,0.532655200175063,0.000312477936149145,NA,NA,NA,NA,NA,NA,0.14151587022878,0.106824785833125,0.0806556357191588,0.31176932264617,0.215346017249135,3.63394377557656
1,0.5,0.2,0.5,0.4,-0.2,1.22690218023091,0.42491089905067,0.281704838019515,0.513600164839738,0.423656972198835,0.00602678887365227,NA,NA,NA,NA,NA,NA,0.0318492239150169,0.0697564406305901,0.0743672319768874,NA,NA,NA
1,0.5,0.2,0.5,0.4,-0.2,1.04910242676583,0.604148471781301,0.0768523723037197,0.396232454793082,0.342643994869901,-2.27823365382067,NA,NA,NA,NA,NA,NA,0.115771128693286,0.126251864011971,0.116264985595182,0.174261889064589,0.163994965269919,7.28102951254369
1,0.5,0.2,0.5,0.4,-0.2,1.23331185104846,0.459530432143938,0.208389265237664,0.370436729157223,0.213950045169483,0.00384407695687389,NA,NA,NA,NA,NA,NA,0.133946906202715,0.133676972192296,0.124487286676869,0.245137615363781,0.165891452762985,1.79262079601728
1,0.5,0.2,0.5,0.4,-0.2,1.0419197718599,0.45615330381278,0.199460421763936,0.307565627959612,0.294436642728532,-0.539205605801751,NA,NA,NA,NA,NA,NA,0.131814512172577,0.122819910283489,0.119437063416195,0.172057950180497,0.173674709698955,1.32466439763328
1,0.5,0.2,0.5,0.4,-0.2,0.987769395477349,0.514702359315252,-0.0101345250200667,0.617575052583181,0.589490645856663,-0.00556184070280146,NA,NA,NA,NA,NA,NA,0.120456800149654,0.119826752466266,0.10282643801735,0.173118872445071,0.169104894090916,1.37514153754208
1,0.5,0.2,0.5,0.4,-0.2,1.30316178474337,0.399978129679575,0.181176517918057,0.681813729388875,0.286082577174254,-0.00119072062466709,NA,NA,NA,NA,NA,NA,0.114375517857049,0.106175160345264,0.093586011313407,0.257350497396833,0.178369762726736,3.48407861701723
1,0.5,0.2,0.5,0.4,-0.2,1.17120776539921,0.356712021969065,0.139775077714512,0.478466981003545,0.616353174363933,0.000123024340195106,NA,NA,NA,NA,NA,NA,0.125022787946854,0.113392777042053,0.0676659008788141,NA,0.125895039253446,NA
1,0.5,0.2,0.5,0.4,-0.2,0.924770646760939,0.624369469143934,0.109647790379349,0.28533192367627,0.427101318386857,-1.42021952030746,NA,NA,NA,NA,NA,NA,0.145287884604779,0.118160097965231,0.111009960809841,0.167993950595687,0.167891522032812,3.17074416544106
1,0.5,0.2,0.5,0.4,-0.2,1.00987432963714,0.572971848279488,0.120939434723518,0.746396097004929,0.341634545536432,1.07442168380788,NA,NA,NA,NA,NA,NA,0.132293008130579,0.116361703632093,0.0676057920643988,0.253173920057287,0.148671591152963,0.7294659654162
1,0.5,0.2,0.5,0.4,-0.2,1.03641322818726,0.660542052343419,0.177365267931111,0.503508409756106,0.395555362426147,-0.900480942078742,NA,NA,NA,NA,NA,NA,0.118734164080119,0.124995571934314,0.0867673439888488,0.160507631160527,0.177165477404158,2.17799119120908
1,0.5,0.2,0.5,0.4,-0.2,1.00024966258213,0.484913905336309,0.412808308440734,0.715457247449243,-0.069659598339467,1.13617739499757,NA,NA,NA,NA,NA,NA,0.133832655270684,0.12945055105649,0.150579080478595,0.340505130555252,0.273298010120174,0.725793269291126
1,0.5,0.2,0.5,0.4,-0.2,0.972988102076965,0.590448213328105,0.240637276582276,0.726086399122581,0.362307115561268,0.603080606064917,NA,NA,NA,NA,NA,NA,0.181754699762023,0.142768765828025,0.0860156524183081,0.664056555847298,0.346566066240691,3.27390036082411
1,0.5,0.2,0.5,0.4,-0.2,1.22097066067061,0.357093720915811,0.0750920063854191,0.518179233677292,0.529101545100554,-0.000893156324774389,NA,NA,NA,NA,NA,NA,0.128573161164273,0.105581466455936,0.0881924699630242,0.250927634655215,0.214269198960702,2.62486639155823
1,0.5,0.2,0.5,0.4,-0.2,1.2299976883532,0.396481126972583,0.098445217429131,0.189171669053558,0.662027950301435,-0.08633100368955,NA,NA,NA,NA,NA,NA,0.193440662565065,0.13095420840618,0.119738185402265,0.233363956223231,0.247742743988598,2.51606785653113
1,0.5,0.2,0.5,0.4,-0.2,1.07004521340121,0.380697465260216,0.207800110666354,0.835137099899773,0.449680957116731,0.947188973489829,NA,NA,NA,NA,NA,NA,0.120250401684917,0.111850620672664,0.0870688625784981,0.258962123500378,0.169217409933798,0.720008034121418
1,0.5,0.2,0.5,0.4,-0.2,1.18815949697402,0.234966489395735,0.0283890874457806,0.717719168131417,0.0824897373736041,-0.00570642096252512,NA,NA,NA,NA,NA,NA,0.0958027507004993,0.12775877594222,0.0997358785704618,0.186480176039975,0.197101563755533,1.7270551812013
1,0.5,0.2,0.5,0.4,-0.2,1.27144233430266,0.466420319617913,0.176050127921483,0.561856791077226,0.338469414872906,-0.000170941510495508,NA,NA,NA,NA,NA,NA,0.0988101649131811,0.105290691795749,0.0968334356741648,NA,0.116421015241433,NA
1,0.5,0.2,0.5,0.4,-0.2,1.08878876636789,0.427522229635516,0.222832797424995,0.807045400266885,0.591651609795686,1.16356009466049,NA,NA,NA,NA,NA,NA,0.126359628872165,0.096710449741213,0.0488953729212528,0.215821969134994,0.161885955294096,0.458793811246837
1,0.5,0.2,0.5,0.4,-0.2,1.17226131265888,0.414755149192107,-0.0167620637259527,0.376034229737318,0.396714024641403,0.236449395046629,NA,NA,NA,NA,NA,NA,0.163912639815395,0.156441663698391,0.129619390272946,0.260940579116967,0.177101730999317,1.97702666383361
1,0.5,0.2,0.5,0.4,-0.2,1.09013947746224,0.538794675480695,0.0782426588218851,1.14825838346784,0.349915963854445,1.78039078223902,NA,NA,NA,NA,NA,NA,0.141424177297905,0.09365923339373,0.0643237808254059,0.399960347094614,0.196485339690964,0.349207315647457
1,0.5,0.2,0.5,0.4,-0.2,0.988902786650674,0.540824507165493,0.198213793232881,0.63636351835158,0.333245754240054,-0.00656831452005657,NA,NA,NA,NA,NA,NA,0.0990319740023694,0.108154550006084,0.0983120124581752,0.0286418538142906,0.158502081980459,NA
1,0.5,0.2,0.5,0.4,-0.2,1.21102700019364,0.251997948911433,0.181626137801248,0.392105995516976,0.506655836811632,0.142337134647615,NA,NA,NA,NA,NA,NA,NA,NA,NA,NA,0.142472180352566,NA
1,0.5,0.2,0.5,0.4,-0.2,1.19993237682689,0.470553974567463,0.0898600886584181,0.571637477298467,0.543351678639523,-0.11265016866299,NA,NA,NA,NA,NA,NA,0.117177636867974,0.0978488808000237,0.0689819731227006,0.203852655021921,0.175579622443778,2.2090929046483
1,0.5,0.2,0.5,0.4,-0.2,1.11121526486721,0.3719580796213,0.134463461004172,0.837500716335554,0.333406535316654,-0.0581272399411673,NA,NA,NA,NA,NA,NA,0.0829169450835921,0.073800727075493,0.0532967422721761,0.16226732350085,0.165285449045762,1.12851090179609
1,0.5,0.2,0.5,0.4,-0.2,0.831368170670633,0.69905834319483,0.296642461435937,0.544112245172907,0.282590970623306,-1.32237485563741,NA,NA,NA,NA,NA,NA,0.106217091986904,0.10471468964758,0.0901901242412735,0.162177531381423,0.158337679291569,2.2734988152688
1,0.5,0.2,0.5,0.4,-0.2,0.695824467377856,0.743480084654408,0.205956949090551,0.81529303746122,0.468360389837615,-0.195902309935101,NA,NA,NA,NA,NA,NA,0.0912427430874241,0.0767150400050405,0.0451847118983171,0.145785892752614,0.142025216172591,0.784648200085834
1,0.5,0.2,0.5,0.4,-0.2,0.881018246949517,0.559724552290477,0.0909762363046666,0.276321929271912,0.4312994251451,-0.857942100708505,NA,NA,NA,NA,NA,NA,0.146755615845437,0.127146728608249,0.0908084672799227,0.153904472944429,0.143962050265422,1.83311174430913
1,0.5,0.2,0.5,0.4,-0.2,1.10412211814923,0.452568772473009,0.236667397321096,0.434529643788098,0.27356208535327,-0.00622653847895488,NA,NA,NA,NA,NA,NA,0.129054679077495,0.117634755198406,0.0888417401350063,0.21076817766178,0.148156185295298,2.26755289439701
1,0.5,0.2,0.5,0.4,-0.2,0.994777437072118,0.473683788946595,0.0993958068262527,0.644921025433578,0.488459782492178,0.724279298431373,NA,NA,NA,NA,NA,NA,0.128058647100488,0.111292279286536,0.0788636555914209,0.249808053060837,0.148375491570072,1.1007544072029
1,0.5,0.2,0.5,0.4,-0.2,0.976417820731711,0.3358684423101,0.334871350265425,0.536798728808862,0.533876109461742,-0.800628975907905,NA,NA,NA,NA,NA,NA,0.113207617504201,0.123611181075913,0.117468318142324,0.194255241585701,0.178008336870458,3.26021829728992
1,0.5,0.2,0.5,0.4,-0.2,1.10248616748625,0.393222227862802,0.0542535584176755,0.359245620090055,0.382614006226871,0.0208353558516372,NA,NA,NA,NA,NA,NA,0.214133586870078,0.181582510453592,0.109927085146383,0.531056726684392,0.240095015321538,5.95242280793437
1,0.5,0.2,0.5,0.4,-0.2,0.976056247838343,0.500524552839673,0.207216656061746,0.70465653580926,0.609433734013195,-0.0280418670210141,NA,NA,NA,NA,NA,NA,0.106581476504077,0.0847564726230518,0.0623883688160482,0.175837353715584,0.187659116280465,1.16509784844611
1,0.5,0.2,0.5,0.4,-0.2,0.921549570905604,0.53413387133767,0.2234620504341,0.56978573129066,0.607040500162301,-0.162322024788341,NA,NA,NA,NA,NA,NA,0.148426527326016,0.204106719328299,0.123229119493225,0.180303290204722,0.212879482533254,1.57426732160027
1,0.5,0.2,0.5,0.4,-0.2,1.12309869727398,0.496267960751088,0.372321570801791,0.707874323328436,0.068191685176746,-0.453544060337581,NA,NA,NA,NA,NA,NA,0.0900333694992375,0.0852733221485558,0.103200778230665,0.159348748076164,0.1650713127604,1.49783597572649
1,0.5,0.2,0.5,0.4,-0.2,0.83797399751084,0.609373514916083,0.0644006680948448,0.574147980017644,0.464969302919514,0.031789824576084,NA,NA,NA,NA,NA,NA,0.114470065607557,0.13040139606337,0.0849914858432012,NA,0.170417723261658,NA
1,0.5,0.2,0.5,0.4,-0.2,0.901028476545159,0.410657256451132,0.14433273667039,0.662018091126701,0.328209477701193,0.154622941864775,NA,NA,NA,NA,NA,NA,0.125747914014701,0.127966994771772,0.108232548344334,0.32576796869574,0.212520315512363,1.59342678252656
1,0.5,0.2,0.5,0.4,-0.2,1.18933783614604,0.44226912190745,0.107312498700402,1.958027513199,1.01596901792327,2.23608183637845,NA,NA,NA,NA,NA,NA,0.17391835582733,0.132369267097712,0.255512147698027,0.393431448510635,0.440182767863285,0.0625236062551971
1,0.5,0.2,0.5,0.4,-0.2,1.00563028710591,0.499343897850149,0.24082341174429,0.571723425836014,0.192406407074169,-0.00444799571972476,NA,NA,NA,NA,NA,NA,0.106054677915054,0.0969301050810957,0.0987045013488596,0.191087814348537,0.164077422590752,1.414519780642
1,0.5,0.2,0.5,0.4,-0.2,1.10658807629421,0.440889211726276,0.383111328850752,0.636852983402176,0.232278521409173,0.00281379534712959,NA,NA,NA,NA,NA,NA,0.102583093455319,0.0854929936058339,0.0785356871152103,0.208254673625109,0.181543745948668,1.17416367624735
1,0.5,0.2,0.5,0.4,-0.2,0.960223211926602,0.590900003184962,0.203725084759421,0.571951031177988,0.276315139006475,-0.00416088458975997,NA,NA,NA,NA,NA,NA,0.108729019116983,0.101462453279079,0.0897125754189546,0.204239994348591,0.176399088505169,1.5718790904123
1,0.5,0.2,0.5,0.4,-0.2,1.06344174069592,0.523745332940162,0.097418735983674,0.49362590447772,0.38287223587519,-0.00461956238056727,NA,NA,NA,NA,NA,NA,0.128674471661322,0.119456880835152,0.0990237671499491,0.208741400429949,0.180446334473034,2.00604905791
1,0.5,0.2,0.5,0.4,-0.2,1.23968661605199,0.536613917964369,0.129057836759824,0.896570361334316,0.388358585707542,1.07112498000078,NA,NA,NA,NA,NA,NA,0.125928457811704,0.133252381335095,0.0657379865817088,0.295535257322544,0.227354698815444,0.701259389986188
1,0.5,0.2,0.5,0.4,-0.2,0.845598158063186,0.69633984337327,0.0400523844566545,0.562773132145774,0.387319337642227,-0.117378534776069,NA,NA,NA,NA,NA,NA,0.121338653447289,0.120901501061421,0.0757208948697703,0.185234582351181,0.169469391492092,1.59729970475255
1,0.5,0.2,0.5,0.4,-0.2,1.16495317389497,0.337163539564457,0.188217851155479,0.451420540004883,0.531370766473719,-0.00132723829067222,NA,NA,NA,NA,NA,NA,NA,NA,0.0801489640577836,NA,0.111831383718895,NA
1,0.5,0.2,0.5,0.4,-0.2,1.03358148673556,0.378362443144393,0.246463638773633,0.549821707838525,0.548419806789453,-0.00416012418095287,NA,NA,NA,NA,NA,NA,0.131434950944359,0.114103966054077,0.0795012483139084,0.191227157002975,0.179046150200751,1.4743229438891
1,0.5,0.2,0.5,0.4,-0.2,1.03349484015583,0.363669721788948,0.10162295197337,0.477756232027716,0.512918956781237,0.00924244974300014,NA,NA,NA,NA,NA,NA,0.14177477781835,0.132663905595557,0.0779659762135208,0.28393725879776,0.221964293366027,2.31432410126162
1,0.5,0.2,0.5,0.4,-0.2,1.21883963745169,0.714316889144252,0.306607471563431,0.620967134315456,0.0977916286521626,0.96848037146494,NA,NA,NA,NA,NA,NA,NA,0.0395782306141104,0.103851620761949,NA,NA,NA
1,0.5,0.2,0.5,0.4,-0.2,1.04161168728802,0.50579344281569,0.209779431168555,0.52171330606266,0.355531710526587,-0.22028102075744,NA,NA,NA,NA,NA,NA,0.127955392281555,0.127915265606167,0.101587291216404,0.191149525992922,0.184328685347971,1.74971989179672
1,0.5,0.2,0.5,0.4,-0.2,1.1128378652916,0.487185341777282,-0.00583593365663319,0.437298851402102,0.290705804319702,0.0143496044886343,NA,NA,NA,NA,NA,NA,0.197395776192052,0.164164838715264,0.121376634187591,0.439799981890576,0.27037925427139,5.23419527145615
1,0.5,0.2,0.5,0.4,-0.2,0.917459987316731,0.607610039948594,0.181861817471751,0.40488398961316,0.358309464330945,-0.240381679413668,NA,NA,NA,NA,NA,NA,0.131387106674126,0.119940836424052,0.123988252721488,0.18186040622247,0.175826678426162,1.31646430557974
1,0.5,0.2,0.5,0.4,-0.2,1.13853850566379,0.370536985335661,0.142608376775448,0.780157593466092,0.386616369154591,0.00229209425011117,NA,NA,NA,NA,NA,NA,0.0997179102859602,0.0886773887078708,0.136627006394303,0.423388597050777,0.247057802889846,5.10525091072946
1,0.5,0.2,0.5,0.4,-0.2,1.01109600218653,0.610165647135836,0.315985782000169,0.879053134962522,0.416335771818288,1.30514020265348,NA,NA,NA,NA,NA,NA,0.119463362044829,0.0978917673110679,0.0864480282884768,0.245098316435168,0.221828576936788,0.41024394196227
1,0.5,0.2,0.5,0.4,-0.2,0.963058153906266,0.381061706505722,0.19254872219824,0.570888024021372,0.459632400039891,-0.0798090724540121,NA,NA,NA,NA,NA,NA,0.113280677717713,0.106432548817816,0.0714888221451018,0.164450879884515,0.152445457845035,1.09585278477684
1,0.5,0.2,0.5,0.4,-0.2,1.47769872349321,0.140741223625351,0.353803061192235,0.459354994452086,0.27146186259266,-0.0103476949993468,NA,NA,NA,NA,NA,NA,0.147231355663305,0.186672271687636,0.128942434055861,0.21862197566958,0.216382744561763,2.18710710807513
1,0.5,0.2,0.5,0.4,-0.2,0.923846834653137,0.497910006462226,0.162976151489935,0.453548558801127,0.285460097619889,-0.468377191289014,NA,NA,NA,NA,NA,NA,0.117871210290901,0.117282558931979,0.0937948008695303,0.161788039050184,0.151498807931099,1.55317107034685
1,0.5,0.2,0.5,0.4,-0.2,1.11615596262751,0.404927059851204,0.0876289676889123,0.466041263053715,0.255212008153231,0.928478964941131,NA,NA,NA,NA,NA,NA,0.169040433204533,0.181303106490119,0.112035272670305,0.552617005528362,0.211605093557529,2.24444001805519
1,0.5,0.2,0.5,0.4,-0.2,0.956607696659187,0.42978898743983,0.202336871442117,0.43372200075241,0.25982586172039,0.00203086755601968,NA,NA,NA,NA,NA,NA,0.147023602957214,0.160614397847532,0.102953076105597,0.285625684917329,0.197821981340976,2.52139474017155
1,0.5,0.2,0.5,0.4,-0.2,1.19148200170244,0.398356642140948,0.315939581191659,0.757255752190216,0.252166367538882,1.12364306930882,NA,NA,NA,NA,NA,NA,0.119839801997542,0.090522251254102,0.130484805196827,0.245479958142932,0.18084774555225,0.591585537152834
1,0.5,0.2,0.5,0.4,-0.2,1.11794759390327,0.448798464248412,0.197555000694932,0.567226520504856,0.304879346505532,-0.0311682742941831,NA,NA,NA,NA,NA,NA,0.112768586180348,0.0999676611388958,0.114953598301455,0.169283607948706,0.157104504921547,1.46140924403938
1,0.5,0.2,0.5,0.4,-0.2,1.06475840655979,0.422763786957061,0.291185698563693,0.558317614888987,0.36734521890171,-0.154353724960248,NA,NA,NA,NA,NA,NA,0.107103329322972,0.0899560606292378,0.108631966118637,0.154665784634984,0.132081658336736,1.23293354550404
1,0.5,0.2,0.5,0.4,-0.2,0.921074898701073,0.648341055574577,0.0257199903341931,0.641081313270697,0.624723237938216,0.0652966487158294,NA,NA,NA,NA,NA,NA,0.0961836987274117,0.098474885413895,0.0756058156808064,NA,0.14519666356543,NA
1,0.5,0.2,0.5,0.4,-0.2,0.86266547436313,0.557352916857753,0.377922158895765,0.427656388803273,0.422112920312418,-2.2684321129162,NA,NA,NA,NA,NA,NA,0.115825722662865,0.120288541290989,0.137180320679921,0.167855727668002,0.186188786842922,5.01064802735149
1,0.5,0.2,0.5,0.4,-0.2,0.921938104016215,0.630680964575451,0.238128928040243,0.831572082512683,0.394792106199584,-0.0055494401823199,NA,NA,NA,NA,NA,NA,0.0904331364013515,0.0849915964362316,0.0598872508282076,0.185466944679454,0.179146125534316,1.22425261744326
1,0.5,0.2,0.5,0.4,-0.2,1.11759586503908,0.388690119979853,0.125401868288572,0.678366415495047,0.501463676166343,1.04963192198348,NA,NA,NA,NA,NA,NA,0.166701927296465,0.138353887718445,0.065548900689962,0.397133567961391,0.181288923652478,1.23583837291082
1,0.5,0.2,0.5,0.4,-0.2,0.803975080792028,0.684773841354199,0.150278317387713,0.409919642723106,0.307803115298705,-1.70138383644014,NA,NA,NA,NA,NA,NA,0.115174341203412,0.123023514057484,0.105995517011121,0.155233562126494,0.137771431613854,2.36912881035615
1,0.5,0.2,0.5,0.4,-0.2,0.916140983964159,0.676832369225464,0.252234756444323,0.598141188032266,0.534631045422981,-0.0780138596740006,NA,NA,NA,NA,NA,NA,0.114524404815959,0.092174951224306,0.0908195990116273,NA,0.182229346768111,NA
1,0.5,0.2,0.5,0.4,-0.2,1.04675022696767,0.578125569672856,0.110571373590516,0.706493667987636,0.317387353866393,-0.158260649421162,NA,NA,NA,NA,NA,NA,0.091920348468941,0.0979689777038893,0.0603559797119196,0.153785751134646,0.149571215575434,1.08315844544601
1,0.5,0.2,0.5,0.4,-0.2,0.989033340354212,0.433274007104604,0.217861313410489,0.779469346905185,0.714185868095023,-0.0730755723363042,NA,NA,NA,NA,NA,NA,0.104530100678899,0.104648523522104,0.0723684410846726,0.163256105272312,0.16439028307911,0.928909831189521
1,0.5,0.2,0.5,0.4,-0.2,0.953935242154356,0.545080787343315,0.282424321144833,0.556032363082247,0.292939520375802,-0.00116967767579272,NA,NA,NA,NA,NA,NA,0.131251069946099,0.110335273142309,0.0817282737250115,0.249613338049064,0.173668483423633,1.77041517940621
1,0.5,0.2,0.5,0.4,-0.2,1.33102497687598,0.350816102549955,0.246990990930448,0.360895209422149,0.35819391413288,-0.00240116951603834,NA,NA,NA,NA,NA,NA,0.140128904437738,0.121951419728106,0.107120594895059,0.222342770950245,0.188884457668926,1.82666098411748
1,0.5,0.2,0.5,0.4,-0.2,1.07976058266749,0.40519113872984,0.230647320850959,0.653143927307989,0.311466886705561,-0.00523316223211193,NA,NA,NA,NA,NA,NA,0.11540285006405,0.103833044980244,0.0963692479852423,0.245054955962021,0.195494852958286,2.35460142534475
1,0.5,0.2,0.5,0.4,-0.2,1.05229801097173,0.456453447017178,0.0151717219686609,0.503833130311752,0.0671194166075546,-0.012594813917179,NA,NA,NA,NA,NA,NA,0.109281986575131,0.109077663478637,0.108195458882512,0.209370841400221,0.15803183064523,1.63697753586313
1,0.5,0.2,0.5,0.4,-0.2,1.13196762198946,0.415460234976447,0.107480979914951,0.341089087871841,0.344102410626261,-0.0177330783950284,NA,NA,NA,NA,NA,NA,0.145933066868277,0.144584558992383,0.104835767345655,0.211390377316675,0.168277888566177,1.78016727244297
